Row,POS_Diff_ADJ,POS_Diff_ADP,POS_Diff_ADV,POS_Diff_AUX,POS_Diff_CCONJ,POS_Diff_DET,POS_Diff_INTJ,POS_Diff_NOUN,POS_Diff_NUM,POS_Diff_PART,POS_Diff_PRON,POS_Diff_PROPN,POS_Diff_PUNCT,POS_Diff_SCONJ,POS_Diff_SPACE,POS_Diff_SYM,POS_Diff_VERB
1,-0.0652,0.1565,-0.1087,-0.0217,-0.0217,0.113,0.0,0.1826,0.0,-0.0435,-0.0652,-0.0217,-0.0174,0.0,0.0,0.0,-0.087
2,-0.0023,-0.0253,0.0522,0.0207,-0.0012,0.0211,0.0,0.0188,0.0,-0.0119,-0.005,0.0107,-0.0605,0.0099,0.0,-0.0115,-0.0157
3,0.1428,0.0476,-0.119,-0.0317,0.0239,-0.0238,0.0,0.1746,0.0,0.0,-0.0238,0.0,-0.119,-0.0159,0.0,0.0,-0.0555
4,0.1306,0.0306,-0.025,-0.0417,-0.0556,-0.0278,0.0,-0.0389,0.0,0.0583,-0.0111,-0.0139,0.1333,-0.0139,0.0,0.0,-0.125
5,-0.0725,-0.058,-0.087,-0.058,-0.0435,0.2608,0.0,0.1594,0.0,-0.0145,-0.1014,-0.0145,0.1594,-0.029,0.0,0.0,-0.1014
6,-0.1127,0.1718,-0.1268,0.0104,-0.0423,0.0385,0.0,0.0873,0.0,0.0526,0.1118,0.0,-0.0601,-0.0704,0.0,0.0,-0.0601
7,-0.0536,0.1131,0.0596,-0.0714,-0.0357,-0.0357,-0.0179,0.2083,-0.0179,-0.0179,-0.1607,0.0,0.0596,-0.0536,0.0,0.0,0.0238
8,-0.0857,0.1571,-0.1714,-0.0714,-0.0286,-0.0571,-0.0143,0.0714,0.0,-0.0286,0.0857,-0.0143,0.2714,-0.0143,0.0,-0.0143,-0.0857
9,-0.0135,-0.0248,-0.0529,0.0282,-0.0259,0.0698,0.0,0.0056,0.0833,-0.0135,0.0292,-0.0113,0.0034,0.0282,0.0,-0.0541,-0.0518
10,0.0383,0.0471,-0.0762,0.0279,-0.0121,0.0592,0.0,0.0246,0.0,-0.0208,0.1183,-0.0346,-0.1058,-0.0104,0.0,-0.0417,-0.0138
11,-0.0235,0.0084,0.078,0.0697,-0.0585,-0.0025,0.0,-0.0526,0.0241,-0.0426,-0.0075,0.0588,0.0141,-0.0213,0.0,-0.0053,-0.0395
12,-0.0145,-0.0397,0.0654,0.0454,0.0152,0.0452,0.0,-0.0291,-0.005,-0.0198,-0.0695,-0.005,-0.0243,0.0201,0.0,-0.0149,0.0304
13,0.0077,0.0001,0.0089,-0.0519,0.0423,0.0075,0.0,0.0276,-0.005,-0.0186,-0.0109,-0.005,-0.0468,0.0026,0.0,-0.005,0.0462
14,0.0129,-0.0329,-0.0529,-0.0563,-0.0329,0.1198,0.0,0.0071,-0.0094,0.0551,-0.1268,0.0833,0.1092,-0.0469,0.0,-0.0047,-0.0247
15,-0.0158,0.0295,0.1106,0.0524,-0.0166,-0.0261,0.0,-0.0719,-0.0179,0.0102,-0.0286,0.0,0.0001,-0.0261,0.0,-0.0045,0.0046
16,-0.0769,0.0788,-0.0769,-0.033,-0.044,0.1008,0.0,0.1355,-0.033,-0.022,-0.033,0.0,0.1575,-0.044,0.0,-0.011,-0.0989
17,0.0309,-0.0097,0.0618,0.0,0.0309,-0.0541,0.0,0.0927,-0.027,0.0714,-0.0502,-0.0541,-0.0193,-0.027,0.0,-0.027,-0.0193
18,-0.0455,-0.0455,0.1645,-0.053,-0.0455,-0.0379,0.0,0.2922,-0.0076,0.1277,-0.1061,0.1277,-0.2197,-0.0303,0.0,0.0,-0.1212
19,-0.0573,-0.0637,0.0219,0.0013,0.0396,-0.0318,0.0,0.1519,-0.0064,-0.0064,0.0346,-0.0318,-0.08,0.0396,0.0,0.0,-0.0114
20,0.0026,0.0502,0.1035,0.0783,-0.0337,0.0139,-0.0056,-0.0089,-0.0112,-0.0056,-0.0367,-0.0112,-0.0538,-0.0562,0.0,0.0,-0.0255
21,0.0179,0.0603,-0.1017,-0.0593,-0.0424,-0.0339,0.0,0.0612,-0.0085,-0.0085,0.1459,-0.0254,0.0103,-0.0424,0.0,0.0,0.0264
22,0.0229,0.0047,-0.1212,0.0047,-0.0303,-0.0364,0.0,-0.0086,0.0,-0.0182,0.1113,0.1247,-0.171,-0.0303,0.0,0.0,0.1476
23,0.0563,-0.0534,-0.0458,0.0945,-0.0076,0.125,0.0,0.166,0.0,0.0,-0.0305,0.0,-0.2586,-0.0076,0.0,0.0,-0.0382
24,0.0021,0.0395,-0.0374,0.0395,-0.0093,-0.0093,0.0,0.0603,0.0,0.0769,0.1071,0.0,-0.2717,-0.028,0.0,0.0,0.0302
25,0.021,-0.0314,-0.0046,-0.0058,-0.0058,0.0,0.0,-0.0186,0.0,-0.0128,0.0268,0.0455,0.0174,-0.0128,0.0,0.0,-0.0186
26,0.0229,0.0523,0.0376,-0.0441,-0.0735,0.0,0.0,-0.0065,0.0,0.0,-0.0441,0.2222,-0.0932,-0.0147,0.0,0.0,-0.0588
27,0.3833,-0.1,-0.0833,-0.0167,-0.0167,-0.0167,0.0,-0.1833,0.0,0.0,-0.0333,0.0,0.1833,-0.0333,0.0,0.0,-0.0833
28,0.0342,-0.0462,0.1453,0.0803,-0.0615,0.0649,-0.0154,0.2256,-0.0154,0.0,-0.0154,-0.1692,-0.1197,-0.0308,0.0,-0.0154,-0.0615
29,0.0291,-0.082,0.0318,0.1059,-0.037,-0.0185,-0.0185,-0.045,0.0,-0.0185,-0.0265,0.0979,0.09,-0.0265,0.0,0.0,-0.082
30,0.0625,0.0355,-0.1182,0.0084,-0.027,-0.027,0.0,-0.0811,0.0,0.0084,0.1689,0.125,-0.0642,-0.0811,0.0,0.0,-0.0101
31,-0.0513,-0.0309,0.0495,0.0705,0.0606,0.0198,-0.0204,0.0086,0.0,-0.0309,0.0192,0.0,-0.0823,0.0093,0.0,0.0,-0.0217
32,-0.0714,0.0179,-0.0581,0.0224,-0.0536,-0.0224,-0.0179,0.0268,0.0,-0.0045,0.1474,0.0,-0.0446,0.0581,0.0,0.0,0.0
33,-0.0078,0.0091,-0.0078,0.0261,-0.0339,0.1199,-0.0169,0.0783,0.0,-0.0169,-0.0417,-0.0169,0.0352,-0.0508,0.0,-0.0339,-0.0417
34,-0.0877,-0.0428,0.1349,0.0274,-0.0175,-0.0077,0.0,-0.1129,0.0,0.0899,0.0197,0.0,0.0022,-0.0526,0.0,0.0,0.0471
35,0.0009,-0.0188,0.0346,0.0741,0.0075,-0.0066,0.0,-0.0575,-0.0066,-0.0197,-0.0724,0.107,-0.0049,-0.0461,0.0,-0.0197,0.028
36,-0.0517,0.0683,-0.0367,0.005,-0.0017,-0.0167,0.0,-0.025,0.0,0.0233,0.0867,-0.01,-0.0933,0.015,0.0,-0.0333,0.07
37,0.113,0.0192,-0.0629,0.0266,0.049,-0.0075,0.0,-0.0735,0.0,-0.0075,0.0042,0.0266,-0.0586,0.0415,0.0,-0.0448,-0.0256
38,-0.0229,-0.0408,0.1096,0.1062,-0.0049,-0.0359,0.0,-0.0615,-0.006,-0.0299,0.0202,-0.024,0.0714,-0.018,0.0,-0.012,-0.0516
39,-0.0172,-0.0081,0.0522,0.0299,-0.0086,0.0023,0.0,-0.0469,0.005,0.015,0.0331,-0.0077,-0.0365,0.0091,0.0,-0.0235,0.002
40,-0.082,0.0068,-0.0205,-0.0656,-0.0601,-0.0273,0.0,0.0861,-0.0055,-0.0164,-0.0656,0.1284,0.1967,-0.0273,0.0,-0.0273,-0.0205
41,-0.0446,0.0175,-0.0549,-0.0117,0.0161,-0.0395,0.0,0.0314,-0.0066,-0.0066,-0.0314,0.057,-0.0351,-0.0329,0.0,0.1761,-0.0351
42,0.0076,0.0556,0.0261,0.0471,0.0345,-0.0202,0.0,-0.0421,0.0,-0.0009,0.0101,-0.0076,-0.1094,-0.0016,0.0,-0.037,0.0379
43,-0.0912,0.1211,0.0199,-0.0326,-0.0261,-0.0293,0.0,-0.0388,-0.0163,0.0883,0.1048,-0.0098,-0.0974,-0.0261,0.0,-0.0261,0.0592
44,-0.0119,0.045,0.0095,0.0279,-0.0153,0.0042,0.0,0.0013,0.0108,0.0266,0.0421,-0.0103,-0.088,-0.0153,0.0,-0.029,0.0024
45,0.0175,0.021,0.0183,0.0261,-0.0144,0.0163,0.0,-0.0104,0.0093,-0.0083,0.0435,0.0002,-0.1151,0.0134,0.0,-0.0242,0.0066
46,-0.0646,0.0993,-0.0343,0.0191,-0.0421,0.0275,0.0,0.0868,-0.0253,-0.0281,-0.0146,-0.0084,-0.0131,-0.0225,0.0,-0.0309,0.0515
47,-0.0886,0.0543,-0.0759,-0.0633,-0.038,-0.0633,0.0,-0.0343,-0.0127,0.1176,0.1844,0.0,0.029,-0.038,0.0,0.0,0.029
48,-0.0014,0.0915,-0.0762,0.0552,-0.0377,0.0552,0.0,0.2557,0.0,0.0,-0.0189,0.0,-0.2474,-0.0189,0.0,-0.0189,-0.0385
49,-0.0203,0.0642,-0.0485,0.0227,-0.0299,0.0546,-0.0112,-0.0369,0.0132,-0.0299,0.0568,0.0395,-0.0485,-0.0205,0.0,0.0,-0.0052
50,-0.0773,0.0742,-0.0552,-0.0194,-0.003,0.027,-0.0087,0.0645,0.0,-0.0078,0.0028,0.0,0.0086,-0.0194,0.0,0.0,0.0134
51,0.0642,-0.0251,0.0085,-0.0604,-0.0016,0.1364,-0.0118,0.0626,-0.0235,-0.0235,-0.1176,0.0,0.0642,-0.0118,0.0,0.0,-0.0604
52,-0.0066,0.0161,-0.0268,-0.1042,-0.0429,0.0976,-0.0143,-0.068,-0.0143,0.0303,0.0547,0.0,-0.0066,-0.0185,0.0,0.0244,0.0791
53,0.1208,0.0421,-0.1341,-0.0311,-0.0366,0.0665,-0.0122,-0.0432,0.0,-0.0488,-0.0067,0.0909,0.072,-0.0488,0.0,0.0,-0.0311
54,-0.0021,0.0482,-0.0663,0.0305,0.0003,0.0324,-0.0072,-0.03,0.0158,0.0022,0.0348,0.0086,-0.0472,-0.0077,0.0,0.0,-0.0123
55,-0.0034,0.0448,-0.031,0.0379,-0.0483,-0.0345,-0.0069,0.3621,0.0,-0.0276,-0.1034,-0.0069,-0.0172,-0.0552,0.0,-0.0069,-0.1034
56,-0.0038,0.0272,-0.0535,-0.0373,-0.0435,-0.0186,-0.0062,0.2938,0.0,-0.0186,0.0296,-0.0062,-0.0597,-0.0559,0.0,0.0,-0.0473
57,-0.0467,-0.0654,-0.0852,-0.0467,-0.0467,-0.0374,0.0,0.4248,0.0,-0.028,-0.1121,0.0,0.0176,0.027,0.0,0.0,-0.001
58,0.0241,0.0019,-0.1098,0.0121,-0.0406,0.1124,-0.0051,0.1588,0.0,0.0647,-0.0641,-0.0102,-0.0996,-0.0133,0.0,0.0,-0.0317
59,-0.0706,0.0868,-0.0503,-0.0168,-0.0344,0.0009,0.0,0.0583,0.0,0.0068,-0.0385,0.0,0.1003,-0.0588,0.0,0.0,0.0162
60,-0.0316,-0.0734,-0.0036,0.0097,-0.0086,0.0744,-0.0046,0.1035,0.0,0.0373,0.0194,-0.0046,-0.0265,-0.0367,0.0,-0.0046,-0.0499
61,0.0117,0.0088,-0.1315,-0.0468,0.0088,0.0322,0.0,0.1988,0.0,-0.0234,0.0292,0.0,-0.0906,-0.0409,0.0,0.0,0.0439
62,-0.0598,-0.0684,-0.0544,-0.0342,0.1562,-0.0427,0.0,0.2268,0.0,-0.0427,-0.0544,-0.0085,-0.0117,-0.0256,0.0,0.0,0.0194
63,0.0054,-0.0123,-0.0781,-0.0063,-0.0479,-0.018,-0.006,0.2255,0.0,0.0772,-0.1081,-0.006,-0.0662,0.0413,0.0,0.0,-0.0008
64,-0.0679,-0.0864,0.0741,-0.037,-0.0432,-0.0617,0.0,-0.0247,0.0,-0.0062,0.0432,-0.0123,0.0186,-0.0185,0.0,-0.0123,0.2345
65,-0.0574,0.0094,-0.1299,-0.0395,-0.0452,0.0772,0.0,0.1027,0.0556,0.05,-0.0404,0.0,0.1149,-0.0508,0.0,-0.0056,-0.0404
66,0.0356,0.0978,-0.0888,0.0364,-0.0259,-0.0133,0.0,-0.028,0.0,-0.0314,-0.0147,0.0244,-0.0021,0.0244,0.0,-0.0063,-0.0084
67,-0.0476,0.0223,-0.0543,-0.0392,-0.028,-0.0214,0.0,-0.0709,0.0227,0.0339,0.066,0.0633,-0.0316,-0.0214,0.0,-0.0098,0.1163
68,0.0479,-0.0338,0.0569,-0.0216,-0.0155,-0.0183,0.0,-0.1313,0.0272,0.0089,0.0418,0.0,0.0082,0.0057,0.0,-0.0061,0.0296
69,0.0159,0.0318,-0.0591,0.0045,-0.0091,0.025,0.0,0.1227,0.025,0.0,0.0545,-0.1455,-0.0568,0.0273,0.0,-0.0455,0.0091
70,-0.0241,0.0159,0.1563,0.0053,-0.0361,-0.012,0.0,-0.0805,0.0,0.0,0.0453,-0.0376,0.0652,-0.0241,0.0,-0.012,-0.0617
71,-0.0769,-0.0513,-0.1795,-0.0385,-0.0513,-0.0128,0.0,0.1218,0.0,-0.0128,-0.0385,0.1603,0.2692,0.0,0.0,-0.0128,-0.0769
72,-0.019,-0.0286,-0.0089,0.0642,-0.0292,0.0149,0.0,-0.0625,0.0,0.0149,0.0499,0.0126,-0.0194,0.0053,0.0,-0.0325,0.0384
73,-0.0531,-0.027,0.0694,0.0261,0.0522,-0.0177,0.0,-0.0274,0.0526,-0.0177,0.0257,0.0429,0.0075,-0.0442,-0.0088,-0.0354,-0.0447
74,-0.0099,-0.0186,-0.0045,-0.0153,0.0218,0.0185,-0.0011,0.026,0.0131,0.0174,-0.0394,0.013,-0.0241,-0.0273,0.0,0.0131,0.0173
75,0.0958,0.0065,-0.063,-0.0121,0.0533,0.024,0.0,-0.007,0.0,-0.0214,-0.0083,-0.0081,-0.0753,-0.0121,0.0,-0.0053,0.033
76,0.0553,0.0587,-0.0814,0.0104,-0.0126,0.0195,0.0,0.022,0.0,0.015,0.0083,0.1404,-0.1936,-0.0321,0.0,-0.0046,-0.0055
77,-0.1193,0.0658,-0.0818,-0.0183,-0.0367,0.1484,0.0,0.0658,0.0,-0.0183,-0.0826,0.0841,0.0658,-0.0459,0.0,0.0,-0.0268
78,0.078,0.0407,-0.0356,-0.0169,0.0661,0.0415,0.0,-0.0102,0.0,-0.0169,-0.1059,0.0492,-0.1042,-0.0339,0.0,-0.0042,0.0525
79,-0.0705,-0.0793,-0.1013,0.1226,-0.0485,0.1359,0.0,-0.0403,-0.0044,0.1447,0.1094,-0.0044,0.0037,-0.0396,0.0,-0.0132,-0.1145
80,0.0,-0.0055,0.0377,0.0605,0.0179,0.0158,-0.0048,-0.0048,0.0,0.0124,0.0117,-0.0144,-0.0749,-0.0028,0.0,-0.0048,-0.044
81,-0.0084,-0.0586,-0.0929,0.0303,-0.0142,0.0154,0.0149,0.0973,0.0,-0.0147,-0.0931,0.0847,-0.0473,-0.0343,0.0,0.1842,-0.063
82,0.0125,0.0559,0.0007,0.036,-0.0314,0.0239,0.0,0.0766,0.0,-0.0157,-0.0467,-0.0039,0.0292,-0.0353,0.0,-0.0314,-0.0702
83,-0.0389,0.0074,0.0704,0.0137,-0.0414,0.0225,-0.0044,-0.1086,0.0,0.0268,0.1147,-0.0044,-0.1374,0.0025,0.0,-0.0175,0.0947
84,-0.0497,-0.0081,0.0448,-0.0012,-0.0046,0.0175,0.0053,-0.0225,0.0,0.0297,0.0182,0.0384,-0.0899,0.0003,0.0,-0.0034,0.0253
85,-0.0443,0.0498,0.0114,-0.0078,-0.0261,0.0059,-0.0046,-0.0022,0.0,0.0621,-0.0246,0.0196,-0.0356,0.0059,0.0,-0.0046,-0.005
86,0.0013,-0.0328,-0.1967,-0.0492,0.0505,0.0013,0.0,-0.1639,-0.0164,0.0,0.1516,0.1503,0.1025,0.0,0.0,0.0,0.0013
87,-0.1364,0.1545,-0.1136,-0.0455,-0.0682,0.1091,0.0,0.1727,-0.0227,-0.0227,-0.0227,-0.0227,0.0864,0.0,0.0,0.0,-0.0682
88,0.2411,-0.0804,-0.1429,-0.0179,0.0893,-0.0625,0.0,0.2054,0.0,-0.0179,-0.0714,0.0,0.009,-0.0446,-0.0089,0.0,-0.0982
89,0.248,-0.066,0.0203,0.0769,-0.0377,0.124,0.0,0.0391,0.0,-0.0377,-0.1509,0.0,-0.0741,-0.0377,0.0,0.0,-0.1038
90,-0.0682,0.1818,-0.1136,-0.0606,-0.0379,-0.0682,-0.0076,0.1212,0.0,-0.0227,-0.1136,0.0,0.053,-0.0303,0.0,0.0,0.1667
91,-0.0385,-0.0865,-0.1154,-0.0288,-0.0481,-0.0288,0.0,0.5417,0.0,-0.0385,-0.1538,0.0,0.1795,-0.0385,0.0,0.0,-0.1442
92,0.085,-0.0769,-0.0059,0.0571,-0.028,0.073,0.0,-0.0199,0.0,0.045,0.0031,-0.0559,-0.0618,0.012,0.0,-0.028,0.0011
93,-0.0124,0.0113,0.0917,0.0057,0.0003,0.011,0.0,0.0108,-0.0015,-0.0069,0.0446,-0.0246,-0.1277,0.0057,0.0,-0.0188,0.0109
94,0.0069,-0.0015,0.1205,0.0371,-0.0445,0.0262,0.0,-0.0989,0.0,-0.0084,0.0356,-0.0168,-0.0494,0.0119,0.0,-0.0084,-0.0099
95,-0.0405,-0.0384,0.0366,0.0474,-0.0317,0.0118,0.013,-0.0703,0.0,0.0206,-0.0015,0.0336,-0.0168,-0.0196,0.0,-0.0109,0.0668
96,0.0571,-0.0464,-0.075,0.0036,-0.0321,0.0536,0.0,0.0821,0.0,-0.0286,-0.0357,-0.0143,0.0679,0.0071,0.0,-0.0071,-0.0321
97,0.0254,0.0254,-0.0769,0.1276,-0.0022,-0.0075,0.0,-0.0896,0.0,-0.0373,-0.0493,0.2328,-0.0545,-0.0022,0.0,0.0,-0.0918
98,0.0844,0.0426,-0.0557,-0.041,0.0344,0.0254,-0.0082,0.0016,0.0,-0.0246,-0.0984,0.0426,0.027,-0.0492,0.0,-0.0082,0.027
99,0.0118,0.0026,-0.067,-0.0225,0.0446,0.0057,-0.0082,-0.0024,0.0128,0.018,0.0175,0.0215,-0.0198,-0.0236,0.0,-0.0082,0.017
100,0.0927,-0.0452,-0.0542,0.011,-0.0162,0.0889,0.0,-0.0233,0.0345,0.02,-0.087,-0.0145,-0.0198,0.0328,0.0,-0.0217,0.002
101,0.0037,-0.0483,0.0693,-0.0047,-0.0436,0.0166,0.0213,-0.0736,0.0278,-0.0195,0.0184,0.0083,-0.004,-0.013,0.0,0.0148,0.0267
102,-0.0235,0.0818,-0.0306,-0.0326,0.0091,0.0309,-0.0054,-0.0015,-0.0054,0.02,-0.0435,0.0254,-0.0632,-0.0109,-0.0054,-0.0109,0.0655
103,-0.0101,0.0971,-0.068,0.0061,-0.0087,0.0418,-0.0074,-0.0214,0.064,0.0061,0.0478,0.0209,-0.1347,-0.0222,0.0,-0.0222,0.0108
104,-0.0464,0.0196,-0.031,-0.0449,0.0686,0.0266,-0.0056,0.0208,-0.0112,0.0379,0.0364,-0.0393,-0.0872,-0.0225,0.0,-0.0056,0.084
105,-0.0324,0.0632,-0.0888,-0.056,-0.04,0.0236,0.0,0.0545,0.0476,-0.048,0.0389,0.0,-0.0964,0.0552,0.0,0.0,0.0785
106,-0.0796,-0.0619,-0.0035,-0.0265,-0.0442,-0.0354,0.0,0.0053,0.0,-0.0177,0.1292,0.0,0.0407,-0.0088,0.0,0.0,0.1027
107,-0.0988,-0.037,-0.179,0.0935,-0.0432,-0.0185,0.0,-0.179,0.0,0.1182,0.3484,0.0,-0.0176,-0.037,0.0,-0.0062,0.0565
108,-0.0745,-0.0683,-0.0062,-0.0311,-0.0373,-0.0124,0.0,-0.1739,0.0,-0.0435,0.3354,0.0,-0.0372,-0.0435,0.0,0.0,0.1925
109,-0.0045,0.0371,-0.0299,0.0006,-0.0255,0.0003,0.0,0.0277,0.0,-0.0103,0.0793,0.0,-0.0818,0.0264,0.0,-0.0052,-0.0142
110,-0.0126,-0.0714,0.0105,0.0231,0.0,-0.0357,0.0,-0.0021,0.0,0.0,0.0924,0.0231,-0.0841,0.0462,0.0,0.0,0.0105
111,-0.04,-0.0031,0.0738,-0.04,0.0,0.1138,0.0,0.0308,-0.04,0.0,-0.0031,-0.04,-0.0462,-0.08,0.0,0.0,0.0738
112,-0.0909,0.0,0.0788,-0.0606,0.0364,-0.0303,0.0,-0.0121,-0.0303,0.0667,0.0424,0.0364,-0.0182,-0.0606,0.0,0.0,0.0424
113,-0.1255,0.0141,0.0284,-0.0243,0.0526,0.0668,0.0,0.0425,0.0,0.0,0.0284,-0.0385,-0.087,-0.0769,0.0,0.0,0.1194
114,-0.1429,-0.0357,0.0714,-0.0357,0.0,-0.0357,0.0,0.2143,0.0,0.0,0.1071,-0.0357,0.0357,-0.0714,0.0,0.0,-0.0714
115,0.0045,-0.0308,0.0808,-0.0133,-0.0175,-0.04,0.0,-0.0217,-0.0133,0.0179,0.0275,-0.0133,-0.0129,0.0179,0.0,0.0,0.0142
116,0.0285,0.0571,0.0,0.0143,-0.0142,-0.0285,0.0,0.0286,0.0,-0.0143,0.0286,0.0,-0.0143,0.0,0.0,0.0,-0.0857
117,0.0225,-0.0739,-0.0014,0.0172,-0.0602,-0.012,-0.012,0.0106,0.0,-0.012,-0.0394,0.1034,0.0468,-0.0016,0.0,0.1552,-0.1427
118,0.1002,0.0055,0.0109,-0.0179,0.0412,-0.0714,0.0,-0.1195,0.0,-0.0179,-0.0302,0.0,-0.0302,0.059,0.0,0.0,0.0701
119,0.0168,0.0168,0.052,0.0168,-0.0308,0.0014,0.0,-0.0879,0.0,0.049,-0.0125,0.0,-0.0125,0.0322,0.0,0.0,-0.0417
120,0.1334,0.0292,0.0181,0.0487,-0.0513,-0.0055,0.0,-0.1006,-0.0076,0.0,0.0563,-0.0111,-0.0048,-0.0229,0.0,-0.0153,-0.0666
121,0.038,-0.002,-0.0565,0.0464,0.0128,-0.0336,0.0,0.0171,0.0,-0.0168,0.0044,0.1096,-0.0545,-0.0336,0.0,-0.0168,-0.0145
122,0.0052,-0.0174,-0.0235,-0.0287,-0.0343,0.0055,0.0,-0.0178,-0.0114,0.0,0.0843,-0.006,0.022,-0.0002,0.0,-0.0114,0.0333
123,0.0492,0.0093,-0.028,0.0161,0.0593,0.0432,-0.0034,0.061,0.0,0.0,0.0492,-0.0814,-0.2797,0.0263,0.0,-0.0102,0.089
124,0.012,-0.0071,-0.0363,0.0602,0.0646,-0.0088,-0.0044,0.059,0.0455,-0.0044,0.0032,0.0224,-0.1563,-0.0351,0.0,-0.0132,-0.0012
125,0.0034,-0.0544,-0.1122,0.0153,0.0187,0.0255,-0.0102,0.0136,0.0,0.0357,0.0851,0.0885,-0.153,0.0187,0.0,-0.017,0.0425
126,-0.0082,0.0747,-0.0045,0.014,0.0076,0.0472,-0.0033,0.1174,-0.0033,0.0034,0.038,0.012,-0.3109,-0.0096,0.0,0.007,0.0182
127,0.0182,0.0407,0.03,0.0427,0.0442,0.0191,0.0044,-0.0195,0.0089,0.0162,0.0168,0.0169,-0.239,0.0043,0.0,-0.021,0.0169
128,-0.039,0.0332,0.2424,0.0332,-0.0519,-0.013,0.0,-0.0318,0.0,0.0,-0.1299,0.1111,-0.0447,-0.039,0.0,-0.013,-0.0577
129,0.0603,-0.0876,-0.0063,0.126,-0.0657,-0.0146,0.0,-0.1669,-0.0146,0.0,0.1416,0.0594,0.054,0.0375,0.0,-0.0657,-0.0574
130,-0.0366,0.0453,0.0212,0.0207,0.0434,-0.0172,0.0,-0.0149,0.0014,0.0303,0.0075,-0.0084,0.0155,-0.011,0.0,-0.1118,0.015
131,0.0336,0.0138,0.0972,-0.0099,-0.0331,-0.0166,0.0,0.0982,-0.0099,-0.0033,-0.053,-0.0099,0.0618,-0.0132,0.0,-0.0861,-0.0695
132,0.2166,-0.0488,0.2085,0.1185,-0.0366,-0.0122,0.0,-0.0807,-0.0041,-0.0163,-0.0488,-0.0081,-0.1335,-0.0122,0.0,-0.065,-0.0772
133,-0.0455,0.0031,0.3091,0.0394,-0.0151,-0.0182,0.0,-0.1394,-0.0273,-0.0091,-0.0636,0.0,0.0151,-0.0182,0.0,-0.0545,0.0242
134,-0.0491,-0.0338,0.1027,0.0509,-0.0318,0.0269,-0.0029,-0.1071,-0.026,-0.0029,0.1085,-0.0116,-0.1254,0.0596,0.0,-0.026,0.068
135,0.0285,0.029,-0.0301,0.0093,0.0203,0.0256,0.0,0.0254,-0.0182,0.0035,0.0047,-0.0085,-0.0906,0.0137,0.0,-0.0323,0.0196
136,0.0278,-0.0436,0.0039,-0.0039,0.0595,-0.0119,0.0278,-0.0476,0.0,-0.0079,0.0952,0.0,-0.0516,-0.0357,0.0,-0.0357,0.0238
137,-0.0372,-0.0744,0.032,0.0392,-0.0372,0.0,0.0625,-0.198,0.0392,-0.0093,0.2035,-0.014,-0.0032,0.0346,0.0,-0.0651,0.0273
138,-0.0524,-0.0186,-0.0699,0.0163,0.0338,-0.0175,0.0,0.0975,-0.0218,-0.0262,-0.0055,0.0469,-0.1278,-0.0262,0.0,0.1742,-0.0024
139,-0.0126,0.03,-0.037,0.03,-0.0557,-0.0167,0.0,0.032,-0.0139,0.0509,0.0669,-0.0174,-0.0572,0.0223,0.0,-0.0035,-0.0181
140,-0.0355,0.0359,-0.0496,0.0461,-0.0355,0.0202,0.0083,0.0808,-0.0047,0.01,-0.0616,0.0657,-0.0442,0.0109,0.0,-0.0047,-0.0423
141,0.0236,0.047,-0.0413,-0.0367,0.0364,0.0348,0.0,0.093,-0.0242,-0.0194,-0.041,0.0228,-0.0332,-0.0383,0.0,-0.0104,-0.0129
142,0.0626,-0.005,-0.0068,0.0169,-0.0012,0.0107,-0.005,-0.0943,-0.035,0.0075,0.0907,-0.01,-0.0493,0.025,0.0,-0.02,0.0132
143,0.0392,0.0024,-0.0815,-0.0558,-0.0472,0.0282,-0.0129,-0.0123,-0.0043,0.0821,-0.0362,-0.0172,0.0502,0.0282,0.0,-0.0086,0.0459
144,-0.0059,0.0007,0.005,0.0041,-0.0435,0.0041,0.0,0.1225,0.0,0.0064,-0.0524,-0.013,-0.0558,-0.0153,0.0,0.0552,-0.0124
145,-0.0598,-0.0747,0.0702,-0.0231,-0.0273,0.0635,0.0,0.1064,0.029,-0.0137,-0.0171,0.0008,-0.0683,-0.0278,0.0,0.0873,-0.0453
146,0.0109,0.028,-0.1143,0.0395,-0.0174,0.085,0.0398,0.0844,0.0,-0.0343,-0.0857,0.0226,0.0504,-0.0514,0.0,0.0,-0.0574
147,-0.092,0.0138,0.031,0.0483,-0.0517,-0.0345,0.0,-0.1667,0.0,0.0655,0.0138,-0.0172,-0.0322,0.054,0.0,-0.0057,0.1736
148,0.0062,-0.0018,-0.0351,0.1294,-0.015,0.0253,0.0,0.0499,0.0,0.0546,-0.0968,0.0173,-0.026,0.0052,0.0,-0.0121,-0.1008
149,0.1433,0.0275,-0.0737,0.0348,-0.0421,0.0558,-0.0105,0.0834,0.0,-0.0632,-0.0705,-0.0105,-0.0494,0.0453,0.0,0.0,-0.0705
150,0.0028,-0.0008,-0.0045,0.0094,-0.044,0.0028,-0.0091,0.0009,0.0065,-0.0037,-0.0017,0.0105,-0.0006,0.0381,0.0,-0.0091,0.0024
151,0.0088,0.0164,-0.0122,0.0175,-0.0198,-0.0495,-0.0099,0.1504,0.0,-0.0594,-0.0529,0.0385,-0.0133,0.0187,0.0,0.0,-0.0331
152,0.0154,0.0398,0.0077,-0.0578,-0.0304,-0.0304,-0.0137,0.0825,0.0,0.0428,-0.0578,0.0244,-0.0531,-0.003,0.0,0.0,0.0337
153,0.0689,-0.0416,-0.0748,0.0294,0.0185,0.0176,0.0056,0.0129,0.0,-0.0051,-0.0031,0.0284,-0.0003,-0.0487,0.0,0.0,-0.0078
154,0.076,-0.0144,-0.0985,0.0136,-0.0142,0.0555,0.0,0.0268,0.0,0.0555,-0.0285,-0.0141,-0.0566,-0.0004,0.0,-0.007,0.0062
155,0.0112,0.0225,-0.0909,-0.0727,-0.0364,0.0294,0.0,0.0926,0.0,0.0294,-0.0503,-0.0364,-0.0139,0.0294,0.0,0.0588,0.0269
156,0.0054,0.0428,0.0085,-0.0206,0.0074,0.0646,0.0,-0.0078,-0.0031,-0.0093,0.0596,-0.0062,-0.1199,-0.0343,0.0,-0.0312,0.044
157,0.0603,-0.0567,-0.0993,-0.0638,-0.0567,-0.039,0.1667,-0.2021,0.0,-0.0106,0.1171,-0.0035,0.1347,-0.0142,0.0,-0.0248,0.0922
158,-0.0404,-0.0236,0.1044,-0.0101,-0.0404,0.0303,0.0,-0.0943,-0.0034,0.0505,0.1414,-0.0067,-0.1313,0.0067,0.0,-0.037,0.0539
159,-0.0315,0.0177,-0.0151,-0.0328,-0.082,0.0669,0.0,-0.0464,0.0,0.0833,0.0341,-0.0492,-0.0806,0.0669,0.0,0.0,0.0683
160,-0.0408,0.0764,0.0389,-0.0204,-0.0816,0.0441,0.0,-0.0276,0.0,0.0323,0.0474,-0.0408,-0.0461,-0.0204,0.0,0.0,0.0389
161,0.1078,-0.114,-0.1228,-0.0439,-0.0789,-0.0263,0.0,0.0927,-0.0175,-0.0088,-0.0439,0.1166,0.2882,-0.0088,0.0,-0.0175,-0.1228
162,0.0545,-0.0182,-0.1455,-0.0364,-0.0455,0.0909,-0.0091,0.1455,-0.0182,-0.0182,-0.0455,0.0455,-0.0273,-0.0091,0.0,-0.0273,0.0636
163,0.0583,0.0361,-0.1259,-0.0741,-0.0042,0.1176,0.0,0.1824,-0.0074,-0.0074,0.0032,-0.037,-0.0856,-0.0148,0.0,-0.0148,-0.0264
164,0.0014,0.0531,-0.0768,0.0437,-0.0516,-0.0141,0.0,0.0122,0.0,0.0906,-0.0892,0.0859,-0.0237,-0.0188,0.0,-0.0235,0.0108
165,-0.0493,0.0096,-0.0032,0.0321,-0.0493,0.05,0.0,-0.0801,-0.0045,-0.0224,0.1008,-0.0045,0.0327,-0.0359,0.0,-0.009,0.0327
166,0.0336,-0.0097,0.0289,0.015,-0.0057,0.003,0.0,-0.027,0.0,0.0079,0.0436,-0.0098,-0.0272,-0.0127,0.0,-0.0196,-0.0203
167,-0.0193,0.0078,-0.0021,-0.0059,-0.0099,-0.0046,0.0,0.0286,0.0088,0.0041,0.0065,0.0174,-0.0108,0.0127,0.0,0.0306,-0.064
168,-0.0254,0.0279,-0.0272,-0.0156,-0.0234,0.0278,0.0,-0.0625,0.0138,0.0317,0.0339,0.0238,-0.0192,0.0416,0.0,-0.0197,-0.0075
169,-0.0114,0.0214,-0.0635,-0.0114,0.0111,0.031,0.0,-0.0015,-0.0061,0.0431,0.036,0.005,-0.0332,-0.0139,0.0,-0.0321,0.0257
170,0.432,-0.0884,-0.1361,-0.0476,-0.0612,-0.0136,0.0,0.3367,-0.0068,-0.0068,-0.0816,-0.0544,-0.1224,-0.0272,0.0,-0.0272,-0.0952
171,-0.0453,0.0292,-0.0101,-0.0662,-0.0326,0.0276,0.0,0.0049,-0.0066,0.0204,0.0154,0.0286,0.0441,-0.0127,0.0,-0.0265,0.0297
172,-0.0909,0.0165,0.0578,0.0496,0.033,-0.0248,0.0,-0.1736,0.0744,0.0909,0.1074,0.033,-0.1074,-0.0413,0.0,-0.0165,-0.0083
173,-0.061,-0.0732,-0.1098,-0.0488,-0.061,-0.0244,0.0,-0.04,0.0,-0.0122,-0.0976,0.3676,0.3066,0.0,0.0,-0.0366,-0.1098
174,-0.0141,-0.0635,-0.0882,-0.0494,0.0229,-0.0123,-0.0123,-0.0423,0.0,-0.0123,0.0565,0.0812,0.1869,0.0,0.0,-0.0494,-0.0036
175,0.0077,-0.0406,-0.0013,-0.0161,0.0239,-0.0323,0.0239,-0.1452,0.0,-0.0323,0.1194,-0.0406,0.071,0.0077,0.0,-0.0484,0.1032
176,-0.1148,-0.0492,0.0962,0.1727,-0.0492,-0.0273,-0.0055,0.0743,0.0,0.0,-0.0437,-0.0492,-0.1115,-0.0273,0.0,-0.0055,0.1399
177,0.0569,0.0938,-0.1021,0.0719,0.0066,-0.0087,0.0,0.0548,0.0,-0.0043,0.0698,-0.0086,-0.2716,-0.0065,0.0,0.0,0.048
178,-0.0385,-0.0372,-0.0997,-0.0208,0.018,-0.0208,0.0,0.1415,0.0896,0.0097,-0.0365,-0.0073,0.0308,-0.0156,0.0,-0.0059,-0.0073
179,-0.0134,0.0625,-0.0581,-0.0272,0.017,0.0101,-0.0047,0.1334,0.0067,-0.0014,0.007,0.0323,-0.1299,-0.0246,0.0,-0.014,0.0038
180,-0.0498,-0.0391,0.0163,0.0348,-0.0285,0.0526,0.0,-0.0066,-0.0142,-0.0071,0.1927,-0.0391,-0.247,0.0455,0.0,-0.0534,0.1429
181,-0.0476,0.0436,0.0643,0.0261,0.0209,0.0034,0.0,-0.1338,0.0,0.0174,0.0978,-0.0071,-0.1196,0.0139,0.0,-0.0316,0.0522
182,0.023,0.011,0.0128,0.041,-0.0163,0.0256,0.0,-0.1157,-0.018,0.0513,0.041,-0.0163,-0.101,0.0136,-0.006,-0.0599,0.1136
183,0.1933,-0.0169,-0.0231,-0.0187,0.0394,-0.0063,0.0,-0.0755,-0.0063,0.0,-0.025,-0.0312,0.062,-0.0375,0.0,-0.0563,0.0019
184,0.0144,0.0385,0.0158,0.0322,-0.0084,0.013,0.0,-0.0098,-0.0049,0.0259,0.063,-0.049,-0.0956,0.021,0.0,-0.049,-0.007
185,0.0,0.0711,-0.0489,-0.04,0.0,0.0,0.1111,-0.0489,0.0,0.1111,-0.0889,0.0,0.0311,-0.08,0.0,0.0,-0.0178
186,0.0,0.1524,-0.1429,-0.119,-0.0714,0.0,0.0,0.081,0.0,0.0,0.0333,-0.0476,0.1048,-0.0714,0.0,0.0,0.081
187,-0.04,0.0,-0.12,-0.04,0.0,-0.04,0.0,-0.0733,0.0,0.0,0.0067,0.0,0.2133,-0.08,0.0,0.0,0.1733
188,-0.0312,0.1355,0.1458,-0.0312,0.1667,0.0,0.0,-0.1562,0.0,0.0,-0.1875,0.0,0.0729,-0.0625,0.0,0.0,-0.0521
189,0.0,-0.0312,0.1562,0.0625,-0.0312,0.0,0.0,-0.0938,0.0,0.0,-0.0625,0.0,0.0312,0.0625,0.0,0.0,-0.0938
190,0.0061,0.0128,-0.0207,0.0363,0.0531,0.0632,-0.0034,0.0822,0.0,-0.0101,-0.1007,0.0565,-0.0979,-0.0302,0.0,-0.0268,-0.0207
191,-0.0065,0.1146,-0.0962,0.0073,-0.0412,0.1004,0.0,0.112,-0.0034,0.0416,-0.0305,0.0416,-0.1023,-0.0172,0.0,-0.0206,-0.0997
192,-0.0153,-0.0902,0.0221,0.0421,-0.02,0.0087,0.0,-0.1008,0.0,-0.0164,0.1052,0.0128,0.0402,-0.0036,0.0,-0.0164,0.0315
193,0.0425,0.0182,-0.0193,-0.0124,0.0334,0.0362,0.0072,0.0021,0.0101,0.0131,-0.015,0.0032,-0.0745,-0.0155,0.0,-0.0342,0.0051
194,0.0297,0.045,-0.0759,0.0133,-0.0352,0.0169,-0.0036,-0.0402,-0.0036,0.0046,0.0593,-0.0031,-0.0182,0.0158,0.0,-0.0143,0.0093
195,0.05,0.0389,-0.0944,-0.0138,-0.0036,0.0221,-0.0051,0.0333,0.0,0.0323,-0.0454,0.0228,-0.0218,-0.0095,0.0,-0.0043,-0.0013
196,0.0576,0.0212,0.0863,0.0548,0.0133,0.0055,-0.0052,0.0299,0.013,-0.0155,0.016,-0.0127,-0.1902,0.0055,0.0,-0.0206,-0.0589
197,0.0524,-0.0075,0.0096,0.0503,0.0053,-0.0214,0.0,-0.0118,-0.0107,0.0128,0.031,-0.0256,-0.0022,-0.031,0.0,0.0011,-0.0524
198,0.0351,-0.0788,0.0351,-0.0741,0.0,0.0796,-0.0123,0.0406,0.0,-0.0617,0.0302,0.0645,-0.0466,-0.037,0.0,0.0323,-0.0068
199,-0.1028,-0.0561,-0.0935,-0.0374,-0.0654,-0.0467,-0.0093,0.8318,-0.0187,-0.0374,-0.1028,0.0,-0.0935,-0.0467,0.0,0.0,-0.1215
200,-0.045,0.1332,0.1956,0.0173,0.0354,-0.0631,0.0624,0.0431,0.0,-0.009,-0.1622,0.0624,-0.1171,-0.018,0.0,0.0,-0.1351
201,-0.1111,-0.0769,0.0916,-0.0342,-0.0342,-0.094,-0.0085,0.1062,-0.0171,-0.0427,-0.0141,0.0714,0.166,0.0543,0.0,-0.0085,-0.0483
202,-0.0575,-0.1149,-0.046,-0.046,-0.0345,-0.0805,-0.0115,-0.1839,0.0,-0.046,0.3506,0.0,-0.0805,0.0,0.0,0.0,0.3506
203,0.0574,0.0538,0.0277,0.0042,-0.0013,-0.0037,-0.0091,-0.0099,0.0,-0.0104,-0.0541,0.0169,-0.0244,-0.0206,0.0169,0.0,-0.0438
204,0.001,0.0551,-0.021,-0.0318,0.0112,0.0766,-0.0108,0.0234,0.087,-0.0645,-0.064,0.0,-0.0098,-0.0215,0.0435,-0.0108,-0.0635
205,0.1529,0.0588,-0.0118,-0.0118,-0.0235,-0.0118,-0.0118,-0.0117,0.047,-0.0353,-0.0706,0.0,0.0235,-0.0118,0.0,0.0,-0.0824
206,-0.082,0.1016,-0.0984,-0.082,-0.0328,-0.0492,0.0,0.0361,-0.0492,-0.0328,0.1016,0.0,0.118,-0.0164,0.0,0.0,0.0852
207,-0.0833,-0.063,0.0111,-0.0463,0.0037,0.0241,0.0,0.0426,0.0074,-0.0333,0.0241,0.0,0.0278,-0.0167,0.0,0.0,0.1019
208,-0.0714,-0.0357,0.1151,0.1151,0.0,-0.0357,0.0,-0.0675,-0.0714,-0.0357,0.1151,0.0,0.004,-0.0357,0.0,0.0,0.004
209,-0.1569,-0.0392,0.0883,-0.054,-0.0196,0.0637,0.0833,0.0294,-0.0392,-0.0588,0.0049,0.0,0.0883,0.0245,0.0,0.0,-0.0147
210,-0.0889,0.0468,-0.0077,-0.0766,0.0468,-0.0099,0.0,0.0513,-0.0444,-0.0222,0.0268,0.0,0.0145,0.0023,0.0,0.0,0.0613
211,0.0513,-0.0135,-0.0993,-0.06,-0.0208,0.0698,0.0,-0.0455,-0.0368,0.0025,0.0795,0.0,0.0121,0.0257,0.0,0.0,0.0353
212,0.0273,-0.0227,-0.1136,0.0273,0.0091,-0.0364,0.0,0.0955,0.0682,-0.0182,-0.0272,0.0227,0.0682,-0.0364,0.0,0.0227,-0.0864
213,-0.034,-0.0078,0.0586,0.0022,0.01,0.0741,0.0,-0.0133,-0.0626,-0.0171,0.0478,0.0,-0.0525,-0.0177,0.0,0.0,0.0123
214,-0.026,-0.0599,0.0079,-0.026,-0.0143,0.0027,0.0,0.0328,0.0053,-0.0117,0.0392,0.0,0.0248,0.0169,0.0,0.0,0.0079
215,-0.0548,-0.0682,-0.0776,0.0721,-0.0227,0.0588,0.0,-0.1685,-0.0909,0.0,0.1898,0.0,-0.0321,0.131,0.0,0.0,0.0629
216,0.002,0.0512,0.0928,0.002,-0.0517,-0.0076,0.0147,-0.0132,-0.1034,-0.0051,0.0243,0.0,0.0045,-0.0223,0.0,0.0147,-0.0031
217,-0.0566,-0.0229,-0.0041,0.0486,-0.0189,0.0148,0.0,-0.0646,0.0148,-0.0189,0.0486,0.0,0.0486,-0.0566,0.0,0.0,0.0674
218,-0.0717,0.1111,-0.0129,-0.0282,-0.0217,-0.0282,0.0,-0.0041,-0.0435,-0.0065,0.0982,0.0,0.0982,-0.087,0.0,0.0,-0.0041
219,-0.0251,-0.0251,-0.0547,0.0044,0.0141,-0.0244,0.0,0.0837,0.0377,-0.0296,-0.0444,0.0288,0.037,-0.0148,0.1346,0.0,-0.1226
220,0.0071,0.0071,0.1423,0.0144,-0.0455,-0.0682,0.0,-0.0239,-0.0682,-0.0227,0.0897,0.0,-0.0909,-0.0682,0.0526,0.0,0.0741
221,0.005,-0.0067,0.0101,0.005,-0.0185,-0.0253,0.0,-0.064,-0.037,0.0421,0.1313,0.0,-0.0017,-0.0438,0.0303,0.0,-0.0269
222,-0.0547,-0.0203,0.0083,0.044,-0.0012,-0.019,0.0,-0.0119,-0.0214,0.0321,0.0107,0.0,0.0262,-0.0036,0.0167,0.0,-0.006
223,0.0149,-0.0385,0.0342,0.0534,-0.0192,-0.0962,0.0,0.1602,0.0726,-0.0192,-0.0769,0.0,0.0149,-0.0769,0.1111,0.0,-0.1346
224,0.0583,-0.0458,-0.0625,-0.0417,-0.0625,-0.0417,0.0,-0.0292,-0.0417,-0.0208,0.0167,0.0,0.0958,0.0792,0.0,0.0,0.0958
225,0.0304,-0.1111,-0.0363,-0.0444,0.1053,0.0082,0.0,0.2047,0.0,0.0,-0.0725,-0.0667,0.0854,-0.0444,0.0,0.0,-0.0585
226,0.0633,-0.0393,0.0598,0.0855,-0.0034,-0.0069,0.0222,-0.0684,-0.0256,0.0222,0.0307,-0.0547,-0.0684,-0.0034,0.0222,-0.0256,-0.0102
227,0.0263,-0.0199,-0.0048,0.0188,-0.0195,0.0612,0.0,0.018,0.0,-0.0233,-0.0278,-0.0233,0.0263,-0.0236,0.0,0.0,-0.0086
228,-0.0857,0.0298,-0.1333,-0.0667,-0.019,-0.0571,0.0,0.2417,-0.0095,-0.019,0.0107,-0.019,0.2798,-0.0476,0.0,0.0,-0.1048
229,-0.0864,-0.0617,-0.0617,-0.0494,-0.0494,-0.0494,0.0,0.7901,-0.0123,-0.0494,-0.0988,-0.0123,-0.0864,-0.0494,0.0,0.0,-0.1235
230,-0.1102,0.0909,-0.1017,0.057,-0.0508,-0.0254,0.0,0.1311,-0.0169,0.0582,0.057,-0.035,-0.0689,-0.0254,0.0,0.0,0.0401
231,-0.0076,0.0283,-0.0184,-0.0226,0.0142,0.015,0.0,0.0342,0.0,-0.0543,-0.0411,0.0476,0.0191,-0.0058,0.0,0.0,-0.0085
232,-0.1358,-0.0741,0.0139,0.0386,-0.0494,0.1127,0.0,0.0262,0.0,-0.0741,0.0139,0.0,0.0262,-0.037,0.125,0.0,0.0139
233,-0.0438,0.0113,-0.1116,0.0369,-0.0219,0.046,0.0588,-0.086,0.0,0.0166,0.0098,0.0,0.1199,-0.0385,0.0294,0.0,-0.0272
234,-0.0228,-0.0687,-0.0855,0.0607,0.0667,-0.0276,0.0,0.0137,0.0267,-0.0519,0.0804,0.0,0.0222,-0.0035,0.0,0.0,-0.0104
235,-0.0928,0.0278,-0.0134,0.0485,-0.0412,0.0588,0.0,0.1557,0.0,-0.0619,-0.0237,0.0,-0.0031,-0.0206,0.0,0.0,-0.034
236,-0.0435,0.1275,-0.1594,-0.0435,0.0,-0.0725,0.2,0.0551,0.0,-0.0725,-0.1014,0.0,0.2841,-0.058,0.0,0.0,-0.1159
237,-0.0941,0.0188,-0.0941,0.0438,0.0791,-0.0588,0.0,0.2006,0.0,-0.0706,0.0524,0.0,-0.0032,-0.0118,0.0,0.0,-0.062
238,0.0102,-0.0464,-0.0467,0.1146,-0.0283,0.0291,-0.0094,0.0014,0.0,-0.066,0.0676,0.0,0.02,0.0003,0.0,0.0,-0.0464
239,-0.0455,-0.0909,-0.125,-0.0341,-0.0227,-0.0455,0.0,-0.125,0.0,-0.0682,-0.1477,0.0,0.2197,-0.0341,0.3333,0.0,0.1856
240,-0.046,-0.0095,-0.0834,0.0219,-0.0387,-0.0058,0.0,0.0124,0.0,-0.0073,0.0651,0.0,0.0512,0.0066,0.0,0.0,0.0336
241,-0.0478,-0.0841,-0.0321,0.0344,-0.0384,0.0083,-0.0093,-0.0321,0.0,-0.0478,0.0864,0.0,0.1404,0.0083,0.0,0.0,0.0136
242,-0.0472,0.0051,-0.0175,-0.0205,-0.0103,-0.0205,0.0,-0.0483,0.0,-0.0339,0.0931,0.0,0.087,-0.0103,0.0,0.0164,0.007
243,-0.0811,-0.066,0.1141,0.0151,-0.0541,0.0151,0.0,0.0871,0.0,0.0151,-0.024,0.0,0.0165,-0.0135,0.0,0.0,-0.024
244,-0.0492,-0.0038,-0.0913,0.0034,0.0034,-0.0526,0.0,-0.0703,0.0,-0.0526,0.2024,0.0,0.0417,0.0139,0.0,0.0,0.0555
245,-0.0845,-0.0077,-0.1549,0.0486,-0.0141,0.0486,0.0,-0.0359,0.0,-0.0704,0.16,0.0,0.0832,0.0,0.0,0.0,0.0269
246,-0.1058,-0.0673,-0.2019,0.1423,-0.0481,0.1712,0.0,0.0942,0.0,-0.0577,0.1038,0.0,0.0942,-0.0096,0.0,0.0,-0.1154
247,-0.0842,-0.0038,-0.0947,0.1048,-0.0282,-0.0211,0.0,-0.1579,0.0,-0.0421,0.2162,0.0,0.0067,-0.0316,0.0,0.0,0.1359
248,-0.0075,-0.0207,-0.0207,0.0188,-0.0658,0.0319,0.0,-0.047,0.0,0.0188,0.1278,0.0,0.064,-0.0263,0.0,0.0,-0.0733
249,-0.0278,-0.0722,0.0278,-0.0333,-0.0278,-0.0056,0.0,-0.0389,0.0,-0.0333,0.1611,0.0,-0.0222,-0.0333,0.0556,0.0,0.05
250,-0.0224,-0.0329,-0.0859,0.0546,0.0147,-0.0039,0.0,-0.0367,0.0,-0.0463,0.0958,0.0,0.0015,0.0079,0.0,0.0172,0.036
251,-0.0943,-0.1132,0.2008,-0.0377,-0.0472,-0.0472,0.0,-0.1132,0.0,0.0769,0.0014,0.0,0.2008,-0.0283,0.0,0.0,0.0014
252,-0.0065,0.0165,0.0101,0.056,-0.0575,0.005,0.0,-0.1494,0.0,0.0165,-0.0014,0.0,0.1236,-0.0115,0.0,0.0625,-0.0639
253,-0.0624,-0.0562,0.0478,0.0888,0.0388,0.0051,0.0,0.0376,-0.0112,0.0163,-0.0624,0.0,0.0213,-0.0674,0.0,0.0,0.0039
254,-0.122,-0.0576,-0.0054,0.0746,0.0556,0.0156,0.04,-0.002,0.0,-0.021,0.0659,0.0,0.059,0.0034,0.0,0.0,-0.1063
255,-0.0934,-0.0129,-0.0124,-0.0008,-0.0581,0.0345,0.0,-0.0129,0.0,0.0109,0.0674,0.0,0.0336,0.0685,0.0,0.0,-0.0245
256,-0.0432,-0.0228,-0.0432,0.0282,-0.0204,-0.0165,0.0,0.0985,0.0,-0.0024,-0.0432,0.069,-0.0024,-0.0204,0.0,0.0345,-0.0152
257,0.0376,0.0297,-0.0424,-0.0078,-0.0267,-0.0533,0.0,-0.0824,0.0,0.0322,0.0351,0.0,0.0109,0.0376,0.0,0.0,0.0297
258,-0.0015,0.0069,-0.0175,0.0355,-0.0059,-0.0143,0.0,-0.0047,0.0,-0.0429,0.0894,0.0,-0.0158,0.0212,0.0,0.0,-0.0503
259,-0.0633,-0.0442,0.0352,0.0509,-0.0284,-0.0031,-0.0127,0.0354,0.0222,-0.038,0.0512,0.0,-0.0092,0.0256,0.0,0.0,-0.0216
260,0.0091,0.0284,-0.0055,0.043,0.0023,0.0216,-0.0169,-0.088,0.0,-0.0316,0.0352,0.0,0.0499,-0.0632,0.0,0.0,0.016
261,0.0381,-0.0333,-0.0206,-0.0091,-0.0103,0.0369,0.0,0.0419,0.0,-0.046,-0.0206,0.0,0.0165,-0.0103,0.0,0.0,0.0165
262,-0.0268,-0.0471,0.1602,0.0405,0.0321,-0.0353,0.0,-0.0856,0.0556,-0.0353,-0.0183,0.0,0.0843,-0.015,0.0,0.0,-0.1091
263,-0.0432,0.0069,0.0023,0.0087,0.023,-0.0565,0.0,-0.0818,0.0179,-0.0046,0.0657,0.0,0.0023,0.0213,0.0179,0.0,0.0202
264,-0.0553,0.0408,0.007,0.0009,0.0122,0.0061,0.0,0.0652,0.0,-0.0674,-0.0205,0.0,0.007,-0.0103,0.0286,0.0,-0.0144
265,0.0427,-0.0263,0.0427,-0.004,-0.0136,-0.0223,0.0,-0.0932,0.0,-0.004,0.0623,-0.007,0.057,-0.0167,0.0127,0.0,-0.0303
266,-0.0965,-0.0702,-0.0965,-0.0789,-0.0526,-0.0351,0.0,0.8333,0.0,-0.0614,-0.0789,0.0,-0.1316,-0.0263,0.0,0.0,-0.1053
267,-0.0648,0.023,0.1483,-0.0354,0.0083,0.0077,-0.0072,-0.0936,0.0,0.0151,0.0089,-0.0072,-0.042,-0.0213,0.0441,0.0,0.0159
268,-0.0425,0.0178,0.1181,-0.0875,-0.0312,-0.05,0.0,-0.0398,0.0,-0.0174,0.0266,-0.0063,0.0967,0.0026,0.0,0.0,0.0129
269,-0.1032,0.0214,0.1144,-0.0528,-0.0476,-0.0079,0.0,-0.0766,0.0,-0.0397,0.1569,-0.0079,-0.0236,-0.0131,0.069,0.0,0.0109
270,0.0167,0.0049,-0.0338,-0.001,-0.0323,-0.0318,0.025,-0.0092,0.0,0.0059,0.0295,-0.0064,0.0285,-0.0005,0.0,0.0,0.0045
271,-0.0354,0.0007,-0.0124,-0.0264,-0.0256,0.0257,0.0,-0.0117,0.0,-0.018,0.0084,0.0278,-0.0117,0.0257,0.0069,0.0,0.0459
272,0.0061,0.0115,-0.0718,-0.0185,-0.0288,0.0638,0.0,0.0622,0.0,-0.0355,-0.0374,0.0146,-0.0227,0.0247,0.0168,0.0,0.0152
273,0.0264,-0.0174,0.0289,0.0238,0.0171,0.0318,0.0,-0.0816,0.0,0.0093,-0.0562,0.0,-0.0762,-0.0333,0.1489,0.0,-0.0216
274,0.0147,-0.008,0.0389,0.0242,-0.044,0.0132,0.0,-0.052,0.0227,-0.0021,0.0088,-0.0095,0.0485,0.0037,0.0,0.0,-0.0593
275,-0.0603,0.0459,-0.087,-0.0386,-0.058,0.0194,0.0,0.2029,0.0,0.0121,-0.0121,0.0,-0.0121,-0.0362,0.0,0.0,0.0241
276,-0.0194,-0.0143,0.1033,-0.0092,-0.0389,0.0482,0.0,0.0079,0.0,-0.0199,-0.0356,-0.0069,-0.0129,0.0134,0.0,0.0,-0.0157
277,-0.0141,-0.006,0.0243,0.0221,-0.0089,-0.0156,0.0,-0.0755,0.0,0.0259,-0.0038,0.0022,-0.0304,-0.0192,0.1057,0.0,-0.0067
278,-0.0591,0.0504,0.1414,0.0119,-0.0732,0.0444,0.0,-0.0472,0.0,-0.0407,0.0016,0.0,0.0541,-0.0244,0.0,0.0,-0.0591
279,-0.0597,0.0222,0.1546,-0.0328,-0.0984,0.0468,0.0,-0.0128,0.0714,-0.0328,-0.0352,0.0,0.0199,-0.0246,0.0,0.0,-0.0188
280,-0.079,-0.0084,0.0148,-0.0475,0.0151,0.0155,0.0,0.046,0.0,0.031,0.0223,-0.0079,-0.0164,-0.0394,0.0,0.0,0.0538
281,-0.0352,0.0765,-0.0526,0.0166,-0.0347,-0.0003,0.0,-0.0181,0.0,0.0082,0.0161,0.0,0.0334,-0.0261,0.0,0.0,0.0161
282,-0.0373,0.0582,-0.0214,-0.0636,-0.0462,0.0986,0.0,0.0555,0.0,-0.0289,-0.0098,0.0275,-0.0156,0.0378,0.0,0.0,-0.0547
283,0.012,-0.0136,0.0366,-0.0199,0.0442,0.0126,0.0,-0.002,0.0,-0.0071,-0.0273,0.0,-0.066,-0.013,0.0,0.0,0.0434
284,-0.1008,0.0714,0.0598,-0.018,-0.0277,0.0146,0.0,0.0907,0.0,-0.0098,-0.0392,0.0,-0.0018,-0.0325,0.0,0.0,-0.0067
285,-0.0204,0.0478,-0.0426,-0.0429,0.0106,0.0061,0.0,0.0749,0.0,0.0389,-0.0635,0.0045,0.0349,-0.0177,0.0,0.0,-0.0307
286,-0.0592,0.0329,0.1381,-0.0592,-0.0132,-0.0329,0.0,-0.0066,0.0,-0.0461,-0.0131,-0.0066,-0.0131,0.0329,0.1053,0.0,-0.0592
287,-0.1197,-0.034,0.1259,-0.0058,-0.0563,0.0153,0.0,-0.0961,0.0,0.0153,0.0612,-0.007,0.1047,0.0083,0.0,0.0,-0.0116
288,0.0251,-0.0286,-0.0696,-0.0204,-0.0122,0.0495,0.0288,0.0829,0.0,-0.041,-0.0614,0.0659,-0.0076,-0.041,0.0,0.0,0.0291
289,-0.0474,-0.014,0.2778,-0.0296,-0.0505,-0.0102,0.0,-0.0281,0.0186,-0.0148,-0.1081,0.0124,0.041,-0.014,0.0186,0.0062,-0.0584
290,-0.0623,0.0136,0.0655,-0.018,-0.0185,0.0261,0.0,0.027,0.0,-0.0314,0.0525,-0.0063,-0.0309,-0.0188,0.0,0.0,0.0015
291,-0.0352,0.0818,0.0012,-0.0087,0.0005,-0.0089,0.0,0.0553,0.0,-0.0446,0.0731,-0.0089,-0.0528,-0.0357,0.0,0.0,-0.0169
292,-0.0899,0.0187,0.0287,0.0026,0.0114,-0.0076,0.0,-0.08,0.0088,-0.0076,0.0654,0.0,0.0301,0.0116,0.0,0.0,0.008
293,0.011,0.0684,0.0127,-0.0112,-0.014,-0.0195,0.0,-0.0355,0.0,0.0184,0.0072,0.0222,-0.0318,0.0184,0.0,0.0,-0.0465
294,-0.1086,0.0704,0.0971,-0.0629,-0.0457,0.0324,0.0,0.0571,0.0,0.0153,-0.0647,0.0,0.1143,-0.0457,0.0,0.0,-0.059
295,-0.0253,-0.035,-0.0661,0.0347,0.0624,0.0408,-0.0096,-0.0507,0.0,-0.0169,0.0803,0.0,-0.0146,0.0012,0.0,-0.0096,0.0083
296,0.0554,0.0641,-0.0177,-0.0094,-0.0413,0.024,0.0,-0.0107,0.0488,-0.0496,-0.0264,-0.0165,0.015,0.0563,0.0,0.0,-0.0917
297,0.0868,0.0,-0.0139,-0.0069,-0.0521,-0.0104,0.0,-0.0104,0.0,0.0139,0.0243,-0.0104,0.0104,-0.0034,0.0,0.0,-0.0278
298,-0.0109,-0.0025,0.1393,-0.0522,-0.0412,0.0703,0.0,-0.0541,0.0,-0.0206,-0.0031,0.0,0.0084,-0.0309,0.0,0.0,-0.0025
299,-0.0111,0.0345,0.0319,-0.0705,-0.0218,0.0026,0.0,-0.0468,0.0,-0.0325,0.0261,-0.0163,0.0049,0.0159,0.0,0.0,0.083
300,-0.0098,-0.0032,0.0,-0.0309,0.0552,0.0048,-0.0179,-0.0309,0.0114,-0.0195,-0.0325,0.073,0.0861,-0.0243,0.0,0.0,-0.0616
301,-0.0431,-0.0282,0.0158,0.0478,-0.0055,0.004,-0.0227,0.0276,0.0,0.004,0.0158,-0.0455,-0.0258,-0.0094,0.0133,0.0,0.0518
302,-0.0989,0.0364,0.0886,-0.0052,0.0364,-0.0781,-0.0156,0.1198,0.0,0.0261,-0.0625,0.1198,-0.0417,-0.0156,0.0,0.0,-0.1094
303,-0.0896,-0.0081,-0.0251,0.0591,0.0091,-0.0172,0.0118,-0.0396,0.0,0.0236,0.0328,-0.029,0.0302,-0.0172,0.0263,0.0,0.0328
304,-0.016,0.0224,-0.0182,0.0075,0.0374,-0.015,-0.0139,0.0288,0.0,0.0043,-0.0417,0.0107,0.031,-0.0022,0.0128,0.0,-0.0481
305,0.0038,-0.017,-0.0099,0.0174,-0.0102,0.0104,-0.0137,0.0313,0.0206,-0.0308,-0.0033,0.0483,0.0107,-0.0308,0.0103,0.0,-0.0374
306,-0.0389,-0.0056,0.0028,-0.0194,0.0444,-0.0556,0.0361,-0.0389,0.0,-0.0139,0.0167,0.0083,0.0889,-0.0278,0.0,0.0,0.0028
307,-0.1233,-0.0292,0.1315,0.0393,-0.0548,0.0256,-0.0137,-0.1388,0.0,-0.0274,0.1041,0.0,0.0237,0.0393,0.0,0.0,0.0237
308,-0.0758,-0.0348,0.0189,0.0915,0.0061,-0.0073,-0.0159,-0.0361,0.0,0.0336,0.003,0.0134,-0.0482,0.0019,0.0134,0.0,0.0366
309,0.0329,-0.0271,0.041,0.0481,-0.0395,-0.0476,-0.0119,0.0414,0.0,-0.0119,-0.1029,0.0,0.0167,0.0562,0.0,0.0,0.0048
310,0.0552,0.0255,0.0064,0.115,-0.0172,-0.0317,-0.0154,-0.1284,0.0,-0.0027,0.0517,0.0,-0.0343,-0.0027,0.0,0.0,-0.0217
311,0.015,0.0021,-0.0438,0.0074,0.0011,-0.0471,-0.0118,0.0845,0.0545,0.0,-0.0631,0.0,0.0332,-0.0471,0.0,0.0,0.015
312,-0.0034,0.0114,-0.106,0.0156,0.0147,0.0311,0.0164,0.0382,0.0,0.0328,-0.0206,0.0,0.0104,-0.0353,0.0164,0.0,-0.0214
313,-0.057,0.0178,-0.0514,0.0464,-0.04,-0.0402,0.0,0.0418,0.0347,0.029,0.0234,0.0,0.0064,0.0058,0.0058,0.0,-0.0226
314,-0.0778,0.0209,0.0183,0.0658,-0.0448,0.0354,-0.0145,-0.0318,0.0,-0.0027,0.0196,0.0,0.0039,-0.0199,0.0,0.0,0.0275
315,-0.0005,0.0338,-0.032,-0.0048,-0.0379,0.0016,0.004,-0.0125,0.0159,0.0199,0.0155,0.008,-0.0097,-0.026,0.0,0.0,0.0247
316,0.0662,-0.0465,0.0491,0.0123,-0.0024,-0.0024,-0.0147,-0.0686,0.0,0.0833,0.0221,0.0,-0.0612,-0.0171,0.0,0.0,-0.0196
317,-0.0249,-0.0281,-0.0747,-0.0249,-0.0021,0.0336,-0.0119,0.0465,0.0,0.0455,0.0747,-0.0119,-0.0151,-0.0476,0.0,0.0227,0.0184
318,-0.0447,-0.0584,-0.0071,0.039,-0.0288,0.0505,0.0,-0.0107,0.013,0.0,-0.031,0.0,0.034,0.0108,0.0,0.0,0.0333
319,0.0192,-0.0141,-0.0792,0.0589,0.0319,-0.0111,-0.0111,-0.0982,0.0,0.0541,0.0033,0.027,0.0081,-0.0286,0.0,0.0,0.04
320,-0.0015,-0.0252,-0.0689,0.0722,-0.0363,0.0048,-0.01,-0.0319,0.0,0.0111,0.0433,0.0,0.047,-0.0015,0.0,0.0,-0.003
321,-0.0302,-0.06,-0.0303,0.0372,-0.0638,0.0223,0.0,-0.0344,0.0,0.0223,0.0892,0.0597,-0.019,-0.0263,0.0,0.0,0.0332
322,0.0486,-0.0684,0.0328,0.0494,-0.0511,-0.0006,-0.0169,-0.104,0.0,0.0331,-0.0019,0.0333,-0.0017,0.0328,0.0,0.0,0.0147
323,-0.0215,-0.0215,0.076,-0.0072,-0.0072,-0.0493,-0.0105,-0.1024,0.0,0.0139,0.0654,0.0488,-0.0215,-0.0072,0.0,0.0,0.0444
324,0.0408,0.0289,0.0408,-0.0516,-0.006,0.0069,0.0,0.1227,-0.0258,0.0332,-0.071,0.0198,-0.0958,-0.0387,0.0,0.0,-0.0044
325,-0.0342,0.0413,0.1009,-0.0552,-0.0035,-0.0262,0.0,-0.0437,-0.0078,-0.0123,0.0404,0.0772,-0.0735,-0.0158,0.0,0.0167,-0.0043
326,-0.0347,0.0328,0.044,-0.0232,0.0133,-0.0301,0.0,-0.0748,0.0253,0.0127,-0.0353,0.031,0.0472,-0.0295,0.0123,0.0123,-0.0034
327,-0.0367,0.0105,0.007,0.0104,0.0139,-0.0119,0.0056,-0.0002,-0.0156,0.001,0.0365,-0.0009,-0.017,0.0048,0.0111,0.0,-0.0188
328,-0.0705,0.06,0.0524,-0.0122,-0.0385,0.0588,0.0,-0.0618,0.0199,0.0717,0.0524,-0.0064,-0.0694,-0.0449,0.0,-0.0064,-0.0053
329,0.0024,0.0731,0.0024,-0.0427,-0.0435,0.0265,0.0,-0.0581,0.0008,0.0583,0.0281,-0.0062,-0.0713,-0.0435,0.0,0.0,0.0739
330,-0.0157,0.0507,0.0098,-0.0053,-0.0001,-0.0361,-0.0052,0.0093,-0.0258,0.0666,-0.0108,-0.0052,-0.0623,-0.0258,0.0308,0.0,0.0251
331,-0.0922,-0.0129,0.0595,0.0277,-0.0111,-0.0246,0.0159,-0.0866,0.0185,0.0774,0.0891,-0.0068,-0.0848,-0.0178,0.0,0.0,0.0486
332,-0.0195,-0.0226,0.0489,0.011,0.0037,-0.0165,-0.0067,-0.0958,-0.0268,0.058,0.0452,0.0,-0.0897,0.014,0.0,0.0238,0.0727
333,-0.0929,-0.0047,0.0462,-0.0206,-0.0357,0.0008,0.0,-0.1324,-0.0286,-0.0143,0.1924,0.0223,-0.1055,0.1185,0.0,-0.0071,0.0614
334,-0.017,-0.0139,0.0736,-0.0113,0.0285,0.0136,0.0081,0.0044,-0.0199,0.0024,0.001,0.0111,-0.0848,0.0024,0.0,0.0,0.0016
335,0.0238,0.0417,0.0178,0.1191,-0.0238,-0.0476,-0.006,-0.1548,-0.0238,-0.0119,0.2143,-0.006,-0.1131,-0.0298,0.0,0.0833,-0.0833
336,-0.0935,-0.0212,-0.0131,-0.0841,0.0442,0.0362,-0.0093,0.0056,-0.0093,-0.0187,-0.0386,0.1351,-0.0573,0.0268,0.0,0.0,0.0977
337,-0.0129,0.0345,0.0944,-0.0012,-0.0126,-0.0123,-0.012,-0.0258,0.0,0.0235,0.0827,-0.0482,-0.0132,-0.0361,0.0,0.0,-0.0605
338,0.1059,-0.1235,-0.0176,-0.0494,-0.0741,0.1429,-0.0123,0.1746,0.0,0.0,-0.1235,-0.0494,0.1746,-0.0494,0.0,0.0,-0.0988
339,0.0333,0.0103,0.0192,0.0102,-0.032,0.0218,-0.0128,0.0577,0.0,0.0269,-0.0218,-0.0385,-0.0551,0.018,0.0038,0.0,-0.041
340,-0.075,0.0788,0.1183,-0.0356,-0.075,-0.0375,-0.0125,-0.125,0.0,-0.0125,0.0788,0.0269,0.0413,0.0394,0.0,0.0,-0.0106
341,0.0731,-0.0581,-0.0548,0.0499,-0.0698,-0.0233,-0.0116,-0.0814,0.0,0.0,0.0499,0.0964,0.0266,0.0964,0.0,0.0,-0.093
342,-0.0172,0.0239,-0.0637,0.0386,0.0324,0.003,-0.0116,0.0795,0.0,0.0147,-0.0404,0.0472,-0.0374,-0.0581,0.0,0.0,-0.011
343,0.1927,-0.0814,-0.0814,0.0499,-0.0814,-0.0465,-0.0116,-0.0083,0.0,0.0,-0.0698,0.2159,0.0382,-0.0465,0.0,0.0,-0.0698
344,-0.0706,-0.1059,0.2691,0.0544,-0.0824,-0.0118,-0.0118,-0.1412,0.0,0.125,-0.1059,0.2029,0.0074,-0.0353,0.0,0.0,-0.0941
345,-0.0312,-0.0897,-0.0312,-0.0897,-0.0641,-0.0128,-0.0128,0.2161,0.0,0.0714,-0.0897,0.0329,0.1575,-0.0385,0.0,0.0,-0.0183
346,-0.0405,-0.0204,0.058,-0.0402,-0.0198,-0.0297,0.0,-0.0014,0.0,0.0192,0.0871,-0.0099,-0.0204,-0.0201,0.0,0.0,0.0382
347,0.0295,-0.0722,-0.0555,-0.134,0.027,0.0167,0.0,0.0565,0.0,-0.0412,0.0295,-0.0103,0.1929,-0.0515,0.0,0.0,0.0127
348,0.0123,0.0687,-0.0435,-0.0294,-0.0146,-0.0423,0.0,-0.0299,0.0,-0.0423,0.0129,0.1526,0.0123,-0.0141,0.0,0.0,-0.0428
349,0.157,0.0024,0.0471,-0.1087,-0.0435,-0.0217,0.0,-0.0193,0.0,0.0121,-0.0978,-0.0109,0.1352,-0.0543,0.0,0.0,0.0024
350,-0.0008,0.1244,-0.0092,-0.0756,-0.042,-0.0252,0.0,-0.0092,0.0,-0.042,0.1403,0.0,0.0244,-0.0588,0.0,0.0,-0.0261
351,-0.13,-0.05,0.09,0.02,0.07,-0.01,0.0,-0.06,0.0,0.03,0.02,0.0,0.08,-0.05,0.0,0.0,-0.01
352,-0.0416,-0.0314,0.0486,-0.0118,0.0094,-0.0008,0.0,-0.0016,0.0,0.0196,0.0257,0.0,-0.0118,0.029,0.0,0.0,-0.0331
353,-0.0833,-0.0833,-0.1146,0.1875,-0.0208,-0.0417,0.0,-0.0938,0.0,-0.0521,0.0938,0.0,0.1458,-0.0417,0.0,0.0,0.1042
354,-0.0053,0.0074,0.02,0.0225,-0.0253,-0.0253,0.0278,0.0148,0.0,-0.0253,0.0045,0.0,0.0074,-0.0077,0.0,0.0,-0.0155
355,0.0153,-0.0747,0.0598,0.0417,-0.0364,-0.0364,0.0,-0.0402,0.0,-0.0282,0.0469,0.0,0.0852,0.0162,0.0,0.0,-0.0492
356,-0.0027,-0.011,0.0985,0.0092,-0.0331,0.0551,0.0,0.0571,0.0294,-0.0661,-0.0275,0.0,0.0221,-0.0331,0.0,0.0294,-0.1276
357,-0.0758,-0.0606,0.9091,-0.0758,-0.0455,-0.0455,0.0,-0.1515,0.0,-0.0303,-0.1515,0.0,-0.0909,-0.0152,0.0,0.0,-0.1667
358,-0.0638,0.0093,0.1011,-0.0013,0.0306,0.0,0.0,-0.1077,0.0,-0.0106,-0.0346,0.0,0.1024,-0.0426,0.0,0.0,0.0173
359,0.0461,0.0773,-0.1045,-0.0597,-0.0299,0.0,0.0,0.0936,0.0,-0.0299,-0.0733,0.0,0.0013,0.061,0.0,0.0,0.0176
360,-0.0058,-0.0315,0.0146,0.0093,0.0047,0.0303,0.0,0.0383,0.0303,0.0099,-0.0921,0.0152,0.0041,0.0152,0.0,0.0,-0.0421
361,-0.0386,0.013,0.0599,0.0191,-0.0312,0.0612,0.0,-0.0038,0.0408,0.0096,-0.0998,0.0,0.0239,0.0204,0.0,0.0,-0.0746
362,-0.0744,0.0007,0.0427,0.0337,0.0337,-0.0165,-0.0083,0.0847,0.0833,-0.0248,-0.0407,0.0,-0.0241,-0.0413,0.0833,0.0,-0.1322
363,0.0302,-0.0412,0.0675,0.0287,-0.0062,-0.0334,-0.0085,-0.0645,-0.0085,0.0272,-0.0211,0.0,0.0131,0.0109,0.0,0.0,0.0061
364,0.005,-0.0303,0.0591,0.1165,-0.0492,0.0624,0.0,-0.0523,-0.0164,0.0025,-0.0278,0.0,0.0402,-0.041,0.0,0.0,-0.0687
365,-0.0538,0.0609,0.0038,-0.0059,-0.0347,-0.0112,-0.0078,0.0541,0.0,0.0009,0.035,0.0,-0.0338,-0.0069,0.0,0.0,-0.0006
366,-0.0532,0.0331,0.0377,0.0167,-0.0492,-0.0122,-0.0082,0.0704,-0.0082,-0.0246,-0.0119,0.0,-0.0325,0.0042,0.0,0.0,0.0377
367,0.0194,0.0009,0.0417,-0.0583,0.013,-0.0278,0.025,-0.1259,-0.0278,0.0037,0.0139,0.05,0.0324,-0.037,0.05,0.025,0.0019
368,0.0073,0.0109,-0.0018,-0.0236,-0.0545,-0.0182,0.0,-0.0927,-0.0182,-0.0455,0.0509,0.0309,0.0782,0.0127,0.0,0.0,0.0636
369,-0.0133,0.0551,-0.1017,-0.0495,0.0187,-0.0021,0.0,0.0172,-0.0112,-0.0192,0.0077,0.0406,-0.0068,0.0156,0.0069,0.0,0.0418
370,0.0343,-0.0132,0.034,0.0213,0.0085,-0.013,0.0172,-0.0652,0.0,-0.0347,-0.0222,0.056,0.0298,-0.0219,0.0172,0.0172,-0.0654
371,-0.0199,-0.0062,0.1492,-0.0244,-0.0286,-0.0004,0.0,0.0175,0.0046,-0.0099,-0.0306,-0.019,0.0034,-0.024,0.0,0.0,-0.0116
372,-0.0125,0.0196,0.0196,0.0875,-0.0214,-0.0089,0.0,0.0571,-0.0357,-0.0536,-0.0339,0.1,-0.0482,-0.0446,0.0,0.0,-0.025
373,-0.0104,0.0312,0.0313,-0.0312,-0.0104,0.0,0.0,0.125,-0.0208,0.0,-0.0625,0.0,0.0208,-0.0209,0.0,0.0,-0.0521
374,0.0379,-0.0725,0.0871,-0.0077,0.0641,0.0045,0.0,0.0013,-0.0096,-0.0052,-0.0398,-0.0192,-0.0198,-0.041,0.0,0.0,0.0198
375,-0.0115,-0.0222,0.1075,-0.0311,-0.0107,-0.0006,0.0099,-0.0323,-0.0101,-0.0406,0.0471,-0.0303,0.0182,-0.0204,0.0198,0.0,0.0073
376,-0.0272,-0.0444,0.0211,-0.0072,-0.04,-0.0072,0.0164,-0.0025,0.0,0.0228,-0.0225,-0.01,0.0348,0.032,0.0164,0.0,0.0175
377,-0.0682,0.0682,0.0834,-0.0758,0.1212,-0.0227,0.0,0.0152,-0.0227,-0.0227,-0.1364,0.1591,0.0682,-0.0303,0.0,0.0,-0.1364
378,-0.0588,-0.0706,0.3706,-0.0706,-0.0353,-0.0235,0.0,-0.1647,0.0,-0.0353,-0.1176,-0.0235,0.3824,-0.0235,0.0,0.0,-0.1294
379,0.0247,0.0834,0.0568,-0.0201,-0.0117,0.0107,0.0,-0.0211,-0.0043,-0.0522,0.0013,0.0107,0.0056,-0.0522,0.0,0.0,-0.0317
380,-0.0106,0.0965,-0.1146,-0.0346,-0.0106,-0.016,0.0,-0.0558,-0.024,-0.0106,0.0245,0.0508,-0.0212,0.0856,0.0,0.0,0.0405
381,0.0069,-0.0046,0.0738,0.0369,-0.04,0.0085,-0.01,0.0038,0.0,0.0369,-0.1015,0.0385,-0.0131,0.0085,0.0,0.0,-0.0446
382,-0.0263,0.0011,0.0517,-0.0022,0.0319,-0.0187,0.0,-0.0429,-0.011,-0.0297,0.0505,-0.011,-0.0352,0.0055,0.0,0.0,0.0362
383,-0.0435,0.0203,-0.0449,0.042,0.0065,-0.0217,-0.0072,-0.0449,-0.0145,-0.029,0.0623,-0.0145,0.0486,-0.0435,0.0,0.0,0.0841
384,0.0308,0.0135,-0.0154,-0.0519,0.0173,-0.0288,0.0,0.1058,-0.0135,-0.0288,-0.0346,-0.0096,0.0077,0.0019,0.0,0.0,0.0058
385,-0.0155,0.0029,-0.0368,0.0058,0.0242,0.0909,0.0,-0.0368,0.0,0.0029,-0.0097,0.0,0.0058,0.0,0.0,0.0,-0.0338
386,0.1246,-0.1,0.0579,-0.0141,-0.0333,0.0526,0.0,0.0579,0.0,0.0,-0.128,0.0,0.1438,-0.1,0.0,0.0,-0.0614
387,0.062,0.0032,-0.0785,-0.0539,0.031,0.0016,0.0,0.1226,0.0,0.0016,-0.0473,0.0,-0.0229,-0.0262,0.0,0.0,0.0065
388,-0.0403,0.0723,-0.1208,-0.0806,0.025,0.0459,0.0,0.1153,0.0,0.0,-0.0334,0.0,-0.0389,0.0027,0.0,0.0,0.0528
389,-0.0235,-0.001,-0.024,-0.046,0.0449,0.0225,0.0,0.1455,0.0,0.0225,-0.1379,0.0,-0.0353,0.0337,0.0112,0.0,-0.0128
390,-0.0745,-0.0187,0.0122,-0.0043,0.006,-0.06,0.0,-0.056,0.0,0.0288,0.0844,0.0103,-0.0414,0.0082,0.0103,0.0,0.0947
391,-0.0238,-0.0158,-0.0635,0.0238,0.0238,0.0159,0.0,0.127,0.0,0.0,-0.0794,0.0,0.0397,-0.0476,0.0,0.0,0.0
392,-0.0769,-0.0769,-0.1795,-0.0256,-0.0256,-0.0513,0.0,0.3974,0.0,0.0,0.0962,0.0,-0.0769,-0.1026,0.0,0.0,0.1218
393,-0.0277,-0.0277,0.1944,-0.0833,-0.0556,0.0,0.0,0.1111,0.0,-0.0278,-0.1111,0.0,0.0834,-0.0556,0.0,0.0,0.0
394,-0.0821,-0.0509,0.0116,-0.0255,0.0058,0.0058,0.0,-0.0394,0.0,0.0741,0.0602,0.0,-0.0509,0.0058,0.0,0.0,0.0856
395,-0.0484,0.0,0.0484,-0.0484,-0.0162,0.0161,0.0161,0.0161,0.0,-0.0322,0.0322,0.0,0.0161,0.0161,0.0161,0.0,-0.0323
396,-0.0381,0.0775,-0.0119,-0.125,0.0288,-0.0156,0.0,0.1331,0.0,-0.0469,0.0081,0.0,-0.0138,-0.0069,0.0,0.0,0.0106
397,-0.0249,-0.0204,0.0563,-0.0882,0.0045,-0.0294,-0.0294,0.1152,0.0,0.0214,-0.0748,0.0,0.0349,0.0,0.0169,0.0,0.018
398,-0.0333,0.0381,-0.0143,-0.0381,-0.0286,-0.0048,0.0,0.1286,0.0,-0.0048,-0.0619,0.0238,0.0047,-0.0333,0.0,0.0238,0.0
399,-0.1599,-0.0124,0.0856,-0.0394,0.0563,0.0833,0.0,0.1566,0.0,-0.027,-0.1351,0.0,-0.0518,0.0,0.0,0.0,0.0439
400,-0.0162,-0.0336,0.0264,0.0038,-0.0587,0.0,0.0,0.0115,0.0,0.0226,-0.0123,0.0,0.0477,0.0213,0.0,0.0,-0.0123
401,-0.0273,-0.1091,0.0909,0.1818,-0.0545,0.0,0.0,-0.0182,-0.0182,-0.0182,-0.0727,0.0818,0.0909,0.0,0.0,0.0,-0.1273
402,-0.0561,0.0446,0.0383,0.0246,-0.0389,0.0154,0.0,-0.1121,0.0,-0.0017,0.0183,0.0263,0.0028,0.0,0.0263,0.0,0.012
403,-0.1549,-0.0563,0.0669,-0.0563,-0.0282,0.1109,0.0,-0.0018,0.0,-0.0282,-0.0986,0.125,0.0123,-0.0141,0.125,0.0,-0.0018
404,-0.0812,0.0882,-0.0412,-0.0212,-0.0306,0.0588,0.0,-0.0235,0.0,0.0094,-0.0424,-0.02,0.0671,0.0,0.0,0.0,0.0365
405,-0.1013,0.0478,-0.1519,-0.038,-0.038,-0.0253,0.0,0.1561,0.0,-0.0127,-0.0155,-0.0127,-0.0155,0.1111,0.0,0.0,0.0956
406,0.0266,0.0124,0.0446,-0.0412,0.0285,0.0698,0.0,0.0623,0.0465,-0.0412,-0.0735,-0.0161,-0.0592,-0.0161,0.0,0.0,-0.0431
407,0.0291,0.0428,-0.0959,0.0291,-0.0274,-0.0274,0.0,-0.0394,0.0,-0.0274,0.1267,0.0,0.0017,-0.0137,0.0,0.0,0.0017
408,-0.0442,-0.0806,0.0815,0.1256,0.0203,-0.0161,0.0,-0.0356,0.0,-0.0161,-0.0926,0.0,0.1299,0.0526,0.0,0.0,-0.1248
409,-0.0213,0.0248,0.059,0.0496,-0.0059,0.0248,0.0,-0.0025,0.0,-0.0154,-0.0982,0.0248,0.0188,-0.0154,0.0,0.0556,-0.0982
410,0.0201,-0.0007,0.0356,-0.0331,-0.0208,0.0324,0.0,-0.0709,-0.0123,0.0429,-0.0215,-0.0351,0.0279,-0.0247,0.0143,0.0,0.046
411,-0.0792,-0.0495,0.8515,-0.0396,-0.0495,-0.0495,0.0,-0.1584,0.0,-0.0099,-0.1287,-0.0297,-0.0891,-0.0297,0.0,0.0,-0.1386
412,-0.0529,0.0067,0.0694,-0.0449,0.0292,0.0,0.0,0.0167,0.0,0.0,-0.1024,0.0145,0.0357,0.0258,0.0,0.0,0.002
413,-0.1038,-0.0472,-0.1415,-0.0566,-0.0566,-0.0189,0.0,-0.1226,0.0,-0.0283,-0.1321,0.9623,-0.0943,-0.0189,0.0,0.0,-0.1415
414,-0.0263,-0.0132,0.0088,-0.0658,-0.0088,0.0219,0.0175,-0.0526,0.0175,0.0219,-0.0438,0.0043,0.0483,0.0394,0.0,0.0,0.0307
415,0.0019,-0.0128,0.0442,-0.0128,-0.0485,-0.0112,-0.0097,0.0216,0.026,-0.0388,0.0085,0.0342,0.0749,-0.0388,0.0,0.0,-0.0385
416,0.0042,0.0968,-0.038,-0.0279,0.0121,-0.0079,-0.0137,0.0267,-0.0068,0.0126,-0.0728,0.0126,0.0088,-0.0205,0.0,0.0,0.0141
417,-0.0589,0.0038,0.1197,-0.0405,-0.0319,0.0222,-0.0135,-0.0193,0.0,0.0087,-0.0502,-0.0048,0.0705,-0.0135,0.0,0.0,0.0078
418,0.0496,0.0523,-0.0489,-0.0423,-0.0032,0.008,0.0,-0.0045,0.0139,0.0219,-0.0767,0.0219,-0.0039,0.0166,0.0,0.0,-0.0045
419,0.0038,-0.0152,-0.1174,-0.0265,-0.0455,-0.0265,0.0,0.0644,0.0,0.0795,0.0379,0.0076,-0.0152,0.0076,0.0,0.0303,0.0151
420,-0.0156,-0.0156,-0.0047,0.032,-0.0421,0.0054,0.0,-0.0733,-0.0316,0.1111,-0.0889,0.0159,0.0639,0.0159,0.0,0.0,0.0273
421,-0.0115,-0.0264,0.0642,0.0034,0.0154,0.0361,0.012,-0.0317,0.0,0.0,-0.0374,-0.0299,-0.0471,0.0062,0.0,0.0,0.0464
422,0.1547,0.0443,-0.1087,-0.0101,-0.0435,0.1321,0.0,0.0016,0.0,-0.0217,-0.0861,-0.0435,-0.0209,0.0,0.0,0.0,0.0016
423,-0.0619,-0.0144,0.0539,-0.041,-0.0394,0.0324,0.0,-0.0179,0.0208,-0.0093,-0.0578,0.0133,0.0556,0.0475,0.0,0.0,0.018
424,-0.015,-0.0811,0.0723,-0.033,0.0316,0.0106,0.0,-0.0208,-0.009,-0.0074,-0.0012,-0.009,-0.0044,0.0121,0.0,0.0,0.0543
425,-0.0904,0.0998,0.0219,-0.0645,-0.069,-0.0042,0.0,0.0742,0.0,-0.0128,-0.0298,-0.0086,0.0133,0.0261,0.0,0.0,0.0439
426,0.0981,0.1606,-0.0351,-0.0894,-0.0407,0.1631,0.0,-0.0132,0.0,-0.0325,-0.0757,-0.0081,-0.0351,-0.0325,0.0,0.0,-0.0595
427,-0.0085,0.0957,-0.0399,0.0221,-0.0714,0.0213,0.0,-0.0064,0.0,-0.0204,0.1059,-0.0204,-0.0395,-0.0093,0.0,0.0,-0.0289
428,-0.0493,-0.0403,-0.0117,-0.036,-0.0525,0.0122,0.0,-0.0068,-0.009,0.0016,0.0414,-0.018,0.0365,0.0318,0.0,0.0,0.1002
429,-0.1,0.0,-0.0084,-0.0417,-0.075,0.05,0.0,-0.075,-0.0083,-0.0417,0.1417,-0.0083,0.0834,0.0583,0.0,0.0,0.025
430,-0.0031,0.0133,0.0823,-0.0376,-0.0631,-0.027,0.0,-0.0588,0.0345,0.0075,0.0898,-0.018,-0.0121,-0.036,0.0,0.0,0.0283
431,-0.0125,-0.1121,-0.0776,-0.0039,-0.0603,-0.0172,0.0,0.0094,0.0823,-0.0431,-0.0125,0.0823,0.1042,-0.0172,0.1818,0.0,-0.1034
432,-0.0053,0.022,-0.0422,-0.0224,-0.0026,-0.0208,0.0,-0.0271,0.0182,0.0081,0.0119,-0.0101,-0.0229,0.0631,0.0091,0.0,0.021
433,0.0095,0.0252,0.0402,-0.0295,-0.0538,-0.0059,0.0,0.1016,0.0,0.0006,-0.0912,0.0006,0.0587,-0.0138,0.0,0.0,-0.0426
434,0.0183,-0.02,0.0911,-0.02,-0.0181,0.0667,0.0,0.0083,-0.0081,-0.0403,-0.0078,-0.0081,0.0709,-0.0484,0.0,0.0,-0.0846
435,-0.0093,0.1111,-0.0741,-0.0371,0.0278,-0.0185,0.0278,0.0463,0.0278,-0.037,-0.0185,0.0,0.0,-0.0648,0.0278,0.0,-0.0092
436,0.0331,-0.0269,0.0072,-0.028,-0.001,-0.0083,0.0,0.0125,0.0,-0.0197,-0.0239,0.0,0.0145,-0.0145,0.0238,0.0,0.0311
437,-0.0103,-0.0433,0.0768,-0.0122,0.0704,-0.0496,0.0,-0.0701,0.0,-0.002,-0.0929,0.0,0.0437,0.0228,0.0,0.0,0.0665
438,-0.1402,0.1247,-0.0368,-0.0835,-0.0181,0.0104,0.0,0.0598,0.0,0.0006,0.0022,0.0,0.0302,0.0296,0.0,0.0,0.0214
439,-0.0035,-0.0253,0.0013,-0.0117,0.0092,-0.0208,0.013,-0.0239,0.013,-0.0037,0.0102,0.0,0.0833,0.0177,0.0,0.0,-0.0589
440,-0.0338,-0.0149,-0.0205,-0.011,0.004,-0.0338,0.0,0.0574,-0.0094,-0.0377,0.0818,0.0,0.0401,-0.0566,0.0,0.0,0.0346
441,-0.0156,0.0062,0.0342,-0.0513,-0.0078,0.0854,0.0,0.1491,0.0,-0.0217,-0.1103,0.0,0.0201,-0.0078,0.0,0.0,-0.0808
442,-0.0431,-0.02,-0.0431,0.0138,-0.02,-0.04,0.0,-0.0031,0.0,-0.02,0.0708,0.0,0.0538,0.0169,0.0,0.0,0.0338
443,-0.019,-0.0625,0.0697,0.0662,-0.0208,0.0227,0.0,-0.0172,0.0,0.0,-0.0553,0.0,-0.0172,0.0471,0.0,0.0,-0.0136
444,-0.013,-0.06,0.0104,0.007,0.0652,-0.04,0.0,-0.0548,0.0,0.0452,0.0557,0.0,-0.0313,0.0435,0.0,0.0,-0.0278
445,0.0533,0.0732,0.0057,-0.0442,0.0743,-0.0221,0.0,0.0057,0.0,0.0011,-0.0165,0.0244,-0.0198,-0.0698,0.0,0.0,-0.0652
446,-0.0727,-0.0545,-0.0545,0.1273,0.0636,0.0,-0.0182,0.0909,-0.0182,0.0,0.0818,0.0,0.0909,-0.0545,0.0,0.0,-0.1818
447,0.0071,-0.0233,0.0295,-0.0545,-0.0233,-0.0465,0.0,0.0304,0.0,-0.0698,0.1064,0.0,-0.0009,-0.0465,0.0,0.0,0.0913
448,-0.0036,0.0882,-0.0036,0.0019,0.0225,-0.0067,0.0,0.0828,-0.0067,-0.028,-0.0182,0.0,-0.0467,0.0146,0.0,0.0,-0.0966
449,0.0013,-0.0096,-0.0804,-0.0082,0.0734,0.0312,0.0312,0.0013,-0.0204,-0.0408,0.0555,0.0,0.0651,-0.0504,0.0,0.0,-0.0491
450,-0.0639,0.0014,0.0694,-0.0653,0.0246,-0.0421,0.0101,0.0404,0.0,-0.0087,0.0128,0.0,0.0172,0.0101,0.0,0.0,-0.006
451,0.0102,-0.08,-0.0564,0.0369,-0.0533,-0.0267,0.0,-0.0431,-0.0133,-0.0133,0.0841,0.0636,-0.1467,0.0369,0.1538,0.0,0.0471
452,-0.0625,-0.0014,-0.0966,-0.125,-0.0014,0.0753,0.0,0.0895,0.0,0.0455,-0.0213,-0.0156,0.0114,0.0299,0.0,0.0,0.0724
453,-0.0505,-0.0707,-0.1818,-0.0707,-0.0303,-0.0303,0.1429,-0.0808,0.0,0.1328,0.114,-0.0202,0.1948,-0.0808,0.0,0.0,0.0318
454,-0.0781,-0.1094,-0.0781,0.1198,-0.0312,-0.0781,-0.0156,-0.0052,-0.0156,-0.0156,0.0886,-0.0156,0.3906,-0.0469,0.0,0.0,-0.1094
455,-0.0315,0.0796,-0.067,-0.0315,0.0837,-0.0274,-0.0137,-0.0396,-0.0137,0.0,-0.0492,0.0233,-0.0122,0.0096,0.037,0.0,0.0522
456,0.0378,-0.0833,0.0209,-0.0696,0.0252,-0.0148,-0.0137,0.0472,0.0,0.0,-0.018,0.0389,0.0483,-0.0422,0.0,0.0,0.0231
457,0.0605,-0.039,0.1048,-0.0595,-0.0357,-0.0357,-0.0119,-0.0467,0.0,-0.0119,0.069,-0.0238,0.0129,0.0043,0.0,0.0,0.0129
458,-0.0513,0.0241,-0.1135,-0.0265,0.0477,0.0042,-0.0109,0.1443,0.0,-0.0187,-0.0254,0.0585,0.0024,-0.0326,0.0278,0.0,-0.0302
459,-0.0213,0.0904,-0.1176,-0.0435,0.0118,0.0007,-0.0109,0.0908,0.0333,0.0113,-0.0413,-0.0106,-0.0415,-0.0213,0.0444,0.0111,0.014
460,0.0054,0.0125,-0.0054,-0.0714,0.0304,-0.025,0.0,0.0571,-0.0125,0.0018,0.0482,0.0179,-0.0286,-0.0482,0.0,0.0,0.0179
461,-0.0568,-0.025,-0.0477,-0.0227,-0.0682,-0.0341,-0.0114,-0.1591,-0.0114,0.1,0.175,-0.0114,0.1977,-0.0114,0.0,0.0,-0.0136
462,-0.0163,-0.0163,0.1141,0.0166,-0.0238,0.0129,0.0,-0.0365,0.0,0.0129,-0.0476,0.0755,0.0204,-0.0367,0.0,0.0,-0.0751
463,-0.0952,0.0291,-0.0755,0.0146,-0.0214,0.0587,0.0,-0.061,0.0,0.1029,0.0209,-0.0214,-0.0069,0.0032,0.0,0.0,0.0519
464,-0.0468,-0.0277,0.0362,-0.0305,-0.0022,0.0029,0.0,-0.134,0.0262,0.0312,0.0411,-0.0071,-0.0305,0.0525,0.0,0.0,0.0887
465,-0.0632,0.0229,-0.0512,0.0153,-0.0588,0.0349,0.0,-0.0752,0.0,0.037,-0.0512,0.0817,0.1068,-0.0392,0.037,0.0,0.0033
466,-0.0257,-0.0078,0.0096,-0.0172,-0.0172,0.0005,0.0,-0.0426,0.0265,0.0443,0.0096,0.0091,0.0006,-0.0174,0.0177,0.0,0.0096
467,-0.0213,-0.01,0.0008,-0.0108,0.0289,-0.0332,0.0114,-0.0317,0.0,0.0115,-0.0217,0.0115,0.0293,-0.0167,-0.0056,0.0114,0.0465
468,-0.0303,-0.0404,0.0404,-0.0101,-0.0101,-0.0303,0.0,-0.0606,0.0,0.0606,-0.0101,-0.0101,0.0101,0.0202,-0.0101,0.0,0.0808
469,-0.0968,0.1371,-0.0161,-0.0403,-0.0484,-0.0565,0.0,0.1452,0.0968,-0.0323,-0.0725,0.0403,-0.0322,-0.0242,0.0323,0.0,-0.0322
470,0.0393,-0.0099,0.0392,0.0196,-0.0588,0.0294,0.0,0.0294,0.0,0.0,-0.0098,-0.049,-0.0196,-0.0196,0.0,0.0,0.0098
471,-0.029,-0.0368,-0.0303,0.0406,-0.0119,0.017,-0.0079,0.0247,0.0092,0.0288,-0.0276,0.038,0.0025,-0.0119,0.0092,0.0,-0.0146
472,-0.0159,0.043,-0.0774,0.0053,-0.0254,-0.0295,0.0,0.0971,0.0154,0.0098,-0.0843,0.0908,0.0347,-0.0393,0.0,0.0,-0.0242
473,0.053,0.0833,-0.1061,0.1212,-0.0455,0.0379,0.0,-0.0076,0.0,-0.0379,-0.0758,0.0757,0.0227,-0.0152,0.0,0.0,-0.1061
474,-0.0206,-0.0181,0.0483,-0.005,0.0029,-0.0422,0.0,0.0461,0.0213,-0.0025,-0.0473,0.0267,0.0191,-0.0104,0.0,0.0,-0.0181
475,-0.043,-0.0014,0.0155,0.0742,-0.0508,-0.0169,0.0,-0.043,0.0,0.0664,0.0883,-0.0169,-0.0523,0.0078,0.0417,0.0,-0.0692
476,-0.0577,-0.0769,-0.1154,0.0865,-0.0192,-0.0385,0.0,-0.0481,0.0,0.1058,-0.0673,0.25,0.1154,0.0,0.0,0.0,-0.1346
477,-0.0416,-0.0103,0.0066,0.0196,-0.013,0.0039,0.0,-0.035,0.0,0.0508,0.0431,-0.0312,-0.0545,0.0183,0.0,0.0,0.0431
478,-0.0277,0.0168,-0.0032,-0.04,0.0768,-0.0077,0.0,0.0335,0.0,-0.02,-0.1277,0.0768,0.0858,-0.04,0.0,0.0,-0.0232
479,0.1275,0.0753,-0.0637,-0.0435,-0.0435,-0.0145,0.0,0.0116,0.0667,-0.029,-0.1739,0.0667,-0.0347,0.0667,0.0,0.0,-0.0116
480,-0.0046,-0.0395,0.0342,-0.0349,0.0171,0.0086,0.0,-0.1397,0.0,-0.0435,0.1251,0.0,0.0342,0.0303,0.0,0.0,0.0125
481,-0.0281,-0.0718,0.0014,0.0835,0.0296,-0.0281,0.0,-0.0562,0.0,0.0103,0.0605,0.0,-0.0281,0.0347,0.0,0.0,-0.0075
482,0.0064,-0.0193,0.0257,-0.0064,0.0128,0.0513,0.0,0.0,0.0,-0.0385,0.0385,0.0256,-0.0385,-0.0129,0.0,0.0,-0.0449
483,-0.0016,-0.0538,-0.0125,0.0424,-0.0304,0.0288,0.0,-0.0486,0.0,-0.0317,0.0712,0.0,-0.029,0.0192,0.0179,0.0,0.0285
484,0.0314,-0.0625,-0.0307,0.0148,-0.0038,0.0021,-0.0072,-0.0397,0.0,0.0121,0.0283,0.0079,0.0479,0.0186,0.0,0.0,-0.0193
485,-0.0785,-0.0067,0.1094,0.0027,-0.0103,0.0343,0.0,-0.0908,0.0141,-0.0174,0.0291,0.0,-0.0198,0.0202,0.0,0.0,0.014
486,-0.0516,0.0224,0.0256,-0.0403,-0.0765,0.0482,0.0,0.0183,0.0,0.0071,-0.0066,0.0482,-0.013,0.0007,0.0,0.0,0.0175
487,-0.017,-0.0307,0.0817,-0.0121,0.0008,-0.0266,0.0,-0.028,0.0,-0.0037,-0.0263,0.0205,0.0003,0.025,0.0,0.0068,0.0091
488,-0.0299,-0.0092,0.0231,-0.0181,-0.0373,0.0309,-0.0076,-0.028,0.0048,0.0006,-0.0018,0.024,0.008,0.0357,0.0,0.0,0.0045
489,-0.122,-0.0976,0.254,-0.0915,-0.0366,-0.0305,0.0,-0.0101,0.0,-0.0427,-0.0793,0.0,0.2235,-0.0427,0.0,0.0,0.0752
490,-0.0484,-0.0101,0.0119,-0.0341,-0.0038,-0.0143,0.0,-0.0087,0.0,-0.0232,0.073,0.0088,0.0013,-0.0063,0.0088,0.0,0.0447
491,0.0067,-0.0709,-0.0094,0.0121,-0.022,-0.0255,0.0,-0.093,0.0,0.0378,0.0968,0.0,0.0031,-0.0002,0.009,0.0,0.0554
492,0.0325,0.0235,-0.0114,-0.0285,-0.0406,0.0122,0.0,0.0333,0.0,0.034,-0.043,0.0,-0.0203,0.0122,0.0,0.0,-0.004
493,-0.0431,0.02,-0.0487,-0.0102,-0.0195,-0.0329,0.0,0.0462,0.0,0.0036,0.0179,0.0,0.0641,-0.0118,0.0,0.0133,0.001
494,0.0241,-0.0085,0.0413,-0.0117,-0.0366,-0.0122,0.0,-0.0542,0.0217,0.0018,0.0241,0.0032,-0.0099,0.0095,0.0,0.0,0.0073
495,-0.014,0.0297,-0.0191,-0.0191,0.0152,0.0316,0.0,0.0435,0.0,-0.0396,-0.031,0.0108,0.0024,-0.0063,0.0,0.0215,-0.0254
496,-0.0579,-0.0249,-0.0039,0.0361,-0.0559,-0.021,0.0,0.0112,0.04,-0.009,0.0481,0.0,0.0031,0.019,0.0,0.0,0.0151
497,-0.0192,-0.0343,-0.0258,-0.01,-0.0251,-0.0337,0.0,-0.0079,0.0417,0.0324,-0.0159,0.0,0.0264,0.0311,0.0,0.0,0.0403
498,-0.0443,0.0141,-0.0312,-0.0235,-0.0284,-0.0003,0.0,0.0006,0.0051,-0.008,0.0217,0.0102,0.0348,0.02,0.0,0.0,0.0295
499,-0.0516,0.051,0.0624,-0.043,-0.0571,0.0084,0.0,-0.0119,0.0,0.0654,0.0082,0.0,-0.0002,-0.0343,0.0,0.0,0.0025
500,-0.0276,-0.0241,0.0517,0.0207,-0.0207,0.0379,0.0,0.0517,0.0448,0.0034,-0.0827,0.0,-0.0276,-0.0276,0.0172,0.0,-0.0172
501,-0.0369,-0.0479,-0.0025,0.0034,0.0219,0.011,0.0,-0.0092,0.0,0.0051,0.0371,0.0,0.0152,0.0455,0.0,0.0,-0.0428
502,-0.0084,-0.0097,0.0922,0.0068,-0.0295,-0.0151,0.0,-0.0364,0.0085,0.0119,0.0009,0.0,-0.0182,-0.0052,0.0085,0.0,-0.0063
503,-0.0246,-0.09,0.0555,-0.0025,0.0481,0.0139,0.0,0.0586,0.0,-0.0441,0.0048,0.0,0.0334,-0.0147,0.0,0.0,-0.0385
504,-0.0229,-0.0062,-0.0005,-0.0421,-0.0282,0.0277,0.0,0.0575,0.0,-0.0197,-0.02,0.0083,0.0218,0.0082,0.0083,0.0,0.0077
505,-0.1034,0.0466,-0.0276,-0.0948,-0.0345,-0.0259,-0.0086,0.0776,0.05,0.0,-0.0207,0.0414,-0.0207,0.0069,0.0,0.0,0.1138
506,0.0044,-0.0326,0.048,-0.0215,-0.0252,-0.006,0.0,-0.0423,0.0,0.02,-0.0016,0.0081,-0.0133,0.02,0.0081,0.0,0.0339
507,-0.0359,0.0623,0.0166,-0.0551,-0.0151,0.0446,-0.0068,0.0529,0.013,-0.0405,-0.0775,0.039,-0.0037,-0.0275,0.0779,0.0,-0.0442
508,-0.0101,-0.0035,-0.0298,0.0228,-0.005,0.0213,0.0238,-0.0455,0.0238,0.0147,0.0245,0.0,-0.0313,0.0106,0.0,0.0,-0.0166
509,-0.0797,0.0217,0.0724,-0.0072,-0.0435,0.0073,0.0,0.0362,0.0,0.029,-0.029,0.0,0.0,-0.0072,0.0,0.0,0.0
510,-0.0739,0.018,-0.0379,-0.0623,-0.0334,0.0315,-0.0058,0.0403,0.0,-0.0173,-0.0052,0.0244,0.018,0.0141,0.0488,0.0,0.0411
511,0.003,0.0165,-0.0878,-0.0811,-0.012,0.0353,-0.0068,0.1156,0.0,-0.0473,0.0165,0.0,0.0233,0.0286,0.0,0.0,-0.0038
512,-0.1088,-0.0489,0.1851,-0.068,-0.0217,-0.034,0.0,-0.1565,0.0,-0.034,0.1048,0.1197,0.0585,-0.0204,0.0,0.0,0.0245
513,-0.0013,-0.0343,0.0236,-0.0368,0.0012,0.052,0.0,0.0685,0.0,-0.026,-0.0582,0.0,0.0354,-0.0225,0.0,0.0,-0.0014
514,0.0135,-0.049,0.2006,-0.1189,-0.042,-0.028,0.0,0.0341,-0.007,-0.028,-0.0013,0.0,0.0411,0.0066,0.0,0.0,-0.0219
515,-0.0682,-0.0455,0.1187,0.0429,0.0253,-0.0227,-0.0076,0.0429,0.0,0.0404,-0.0454,0.0,-0.0429,-0.053,0.0,0.0,0.0152
516,-0.0352,-0.042,0.0369,-0.0305,0.0371,0.025,0.0128,0.01,0.0,0.0236,-0.061,0.0,0.0019,0.0161,0.0128,0.0,-0.0076
517,-0.0744,-0.0634,0.0531,0.004,0.0503,-0.0048,0.0,-0.0561,0.0,0.0063,0.0448,0.0,-0.0254,-0.0035,0.0098,0.0,0.0593
518,-0.0253,0.001,-0.0357,-0.0166,-0.0002,-0.006,0.0,0.0244,0.0058,-0.0017,-0.0289,0.0,0.0288,0.0245,0.0234,0.0,0.0065
519,-0.036,0.0426,0.0903,-0.0041,-0.0137,0.0416,0.0,0.0203,0.0,-0.0137,-0.0081,-0.0086,-0.0299,-0.0284,0.0147,0.0,-0.067
520,0.0033,0.0153,0.0403,-0.0882,0.0153,0.0447,0.0,-0.0164,0.0,0.0076,-0.0882,0.0425,-0.0534,0.0545,0.0,0.0,0.0229
521,-0.0629,-0.0085,0.0817,-0.0136,0.0034,-0.0476,0.0,0.0187,0.0,0.0034,0.0034,-0.0391,-0.0034,0.0051,0.0119,0.0119,0.0357
522,0.0687,0.0294,-0.0196,-0.0637,-0.0294,-0.0049,0.0,-0.0638,0.0147,-0.0049,-0.0294,0.0784,0.0148,0.0098,0.0,0.0,0.0
523,0.0392,0.0232,0.025,0.0055,-0.0105,-0.0016,0.0,-0.0015,0.0,-0.0177,-0.037,-0.037,0.0127,-0.0354,0.0,0.0,0.0356
524,0.047,0.033,-0.1043,-0.0383,0.0591,0.0278,0.0,-0.1026,0.0,-0.0087,-0.0609,0.0591,-0.0017,-0.0174,0.12,0.0,-0.0122
525,-0.064,0.0394,0.0629,-0.0364,-0.0466,-0.0062,0.0,-0.0323,0.0,0.0051,0.0122,0.0235,-0.0016,-0.0031,0.0215,0.0,0.0255
526,0.0293,0.0979,-0.0054,-0.0331,-0.0301,-0.0602,0.009,0.009,0.027,-0.0012,-0.0613,0.0162,0.0119,0.0349,0.0,0.0,-0.0439
527,-0.0518,0.0164,0.0732,-0.0189,-0.0227,0.0328,0.0,-0.0189,0.0,0.0038,0.0303,-0.0227,-0.0593,0.0455,0.0,0.0,-0.0076
528,0.0188,-0.0215,0.0277,-0.043,-0.0278,-0.0013,0.0,0.0605,0.0,-0.0265,-0.0178,-0.0531,0.0125,0.0391,0.0,0.0,0.0327
529,-0.0334,0.0381,0.0667,-0.0191,-0.0381,0.019,0.0048,0.0,0.0048,0.0047,-0.0476,-0.0048,0.0047,0.0143,0.0,0.0,-0.0143
530,0.0371,0.0066,-0.0238,0.0037,-0.048,0.0136,0.0,-0.0293,0.0,0.0547,-0.0025,-0.0389,-0.0344,0.0319,0.0106,0.0,0.0188
531,-0.0149,0.0392,-0.1216,-0.0543,-0.0045,0.0057,0.0102,-0.0238,0.0,0.0335,0.0698,-0.0031,-0.0106,-0.0059,0.0102,0.0,0.0698
532,-0.0376,0.0426,0.0378,-0.0181,-0.0473,0.0338,0.0,0.0142,0.0,0.0208,0.0249,-0.0399,-0.0367,0.0092,0.0042,0.0,-0.008
533,0.0225,0.0843,0.0748,-0.0369,-0.0369,-0.0453,0.0,-0.033,0.0,0.0166,-0.0459,-0.0101,0.0136,0.0083,0.0345,0.0,-0.0465
534,-0.0303,-0.0006,0.2149,-0.0006,-0.0693,-0.0201,0.0,-0.0507,0.0294,0.039,-0.099,-0.0105,0.0283,0.0096,0.0,0.0,-0.0402
535,-0.0426,0.0409,0.0288,-0.0183,-0.0232,-0.0072,0.0066,-0.0339,0.0104,0.001,0.0163,0.007,0.0101,0.001,0.0066,0.0,-0.0035
536,-0.0125,-0.0555,0.0237,-0.0283,-0.004,-0.0155,0.0,0.0169,0.0172,-0.0113,0.042,-0.0055,0.0322,-0.0228,0.0172,0.0,0.0062
537,-0.0224,0.0458,0.0197,-0.0116,0.0056,-0.0453,0.0,-0.0233,0.0108,0.0337,-0.0448,-0.0224,-0.0046,0.0056,0.0108,0.0,0.0426
538,-0.0769,-0.0879,0.1121,-0.0769,-0.044,-0.033,-0.011,0.0681,0.0,-0.033,0.0571,0.0,0.0901,-0.033,0.0,0.0,0.0681
539,-0.0381,-0.0816,0.059,0.0156,0.0231,-0.0075,0.0333,-0.0431,0.0,-0.0177,0.008,0.0,0.0923,-0.0204,0.0,0.0,-0.0227
540,-0.0382,-0.048,0.0716,-0.0284,0.0206,-0.0098,-0.0098,0.0431,0.0,-0.0392,-0.0275,0.0,0.0618,0.0108,0.0,0.0,-0.0069
541,-0.0833,0.0476,-0.0595,-0.0238,-0.0119,0.0357,-0.0119,0.0714,0.0,-0.0357,0.0476,0.0,-0.0119,0.0,0.0357,0.0,0.0
542,0.0331,-0.0036,0.0274,-0.0036,0.0114,0.0217,-0.0103,0.0089,0.0,-0.0046,-0.039,0.0263,-0.0036,-0.0515,0.0263,0.0,-0.039
543,0.0234,-0.0221,-0.003,0.012,-0.0054,0.04,0.0,0.0466,0.0,0.0305,-0.0765,-0.0132,-0.003,0.0227,0.0,0.0,-0.0521
544,-0.0317,-0.043,0.1253,0.0234,0.0009,0.0229,0.0115,-0.0852,0.0,-0.0437,0.0027,0.0112,0.0135,0.0,0.0449,0.0,-0.053
545,-0.0093,0.0423,-0.0719,0.001,-0.0203,0.0106,-0.0103,0.0016,0.0,-0.0515,0.0844,0.0209,-0.0093,0.0106,0.0312,0.0,-0.0299
546,-0.0009,0.0256,-0.0434,-0.0282,-0.0352,0.0543,-0.0069,0.0309,0.0,0.0065,-0.0577,0.0,0.0048,-0.0356,0.0408,0.0,0.0448
547,-0.051,-0.0147,-0.005,0.0326,-0.0024,-0.0121,0.0,-0.0159,0.0,0.0339,0.0168,0.0,-0.0062,0.0157,0.0,0.0,0.0083
548,0.0037,-0.0627,0.057,-0.0365,0.0011,-0.0039,0.0,-0.0174,0.0,0.0013,-0.0289,0.0,0.0244,0.0167,0.0091,0.0,0.0361
549,-0.0181,-0.0009,0.0269,0.0479,-0.0459,0.0135,0.0,0.0854,0.0278,-0.0143,-0.0746,0.0,0.0096,-0.0211,0.0,0.0,-0.0363
550,0.0096,-0.0213,0.0395,-0.0267,-0.0374,-0.001,0.0,-0.0535,0.0,0.0214,-0.0545,0.0,-0.0107,0.0855,0.0139,-0.0085,0.0438
551,0.0389,-0.0427,0.008,-0.0295,0.0029,0.0228,0.0059,-0.0722,0.0125,-0.0081,0.0367,0.0,0.0448,-0.0272,0.0125,0.0,-0.0052
552,0.038,0.0294,0.0344,-0.0034,-0.0207,0.019,0.0,0.0069,0.0,-0.0086,-0.0673,0.0,-0.012,0.0069,0.0069,0.0,-0.0294
553,0.0052,0.0398,-0.0094,0.0234,-0.022,0.0054,0.0,-0.0134,0.0,-0.0165,-0.0224,0.0,-0.0113,0.0163,0.0182,0.0,-0.0134
554,-0.049,0.0458,0.0285,-0.0059,-0.0059,0.0157,0.0172,-0.016,0.0,-0.0116,-0.0232,0.0,-0.0001,0.0057,0.0172,0.0,-0.0189
555,-0.0191,0.0049,0.0883,-0.0175,-0.04,-0.024,0.0,-0.0991,0.0,-0.048,0.0338,0.0,0.0194,0.0529,0.0,0.0,0.0483
556,0.0011,0.0011,-0.0143,-0.0329,-0.0022,0.0472,0.0,0.0044,0.0,0.0033,-0.0758,0.0,-0.0198,0.0263,0.0,0.0,0.0615
557,-0.0072,-0.0166,0.1654,0.0021,-0.0561,0.0302,0.0,-0.0144,0.0,0.0489,-0.0726,0.0,0.079,-0.028,0.0,0.0,-0.1308
558,0.0065,0.0152,0.018,-0.0051,-0.0195,-0.0072,0.0065,-0.0563,0.0,-0.0361,0.0397,0.0065,-0.0159,0.0462,0.0,0.0,0.0015
559,-0.0153,-0.0032,0.0146,0.0127,-0.021,0.007,0.0,-0.0228,0.0,0.007,0.0212,0.0,0.0141,0.0136,0.0,0.0,-0.0279
560,0.004,-0.0187,0.0177,0.022,-0.0167,-0.0111,0.0,-0.1,0.0,-0.0199,0.0712,0.006,0.0201,-0.002,0.012,0.006,0.0093
561,0.0127,0.0179,0.0092,-0.0057,0.0339,0.0346,0.0,-0.015,0.0,0.0023,-0.062,0.011,0.0025,-0.0109,0.0,0.0,-0.0305
562,0.0412,-0.0082,-0.0176,0.0685,-0.0315,-0.0262,-0.0074,-0.0397,0.0,0.0053,0.0203,0.0,-0.0409,0.0706,0.0,0.0,-0.0344
563,0.1254,0.0104,0.1455,-0.0396,-0.0522,-0.0224,0.0,-0.0194,0.0,0.0201,-0.1067,0.0,0.0104,-0.0022,0.0,0.0,-0.0694
564,-0.0217,-0.0434,0.0762,0.009,-0.0227,0.0172,-0.0082,-0.0599,0.0071,-0.0492,0.0475,0.0071,-0.0106,0.0407,0.0,0.0,0.0107
565,-0.0516,-0.0112,-0.0443,0.0043,-0.002,0.0228,0.0,-0.0205,0.0,-0.0661,0.1059,0.0,0.0043,0.0311,0.0,0.0,0.0272
566,0.0246,-0.0063,-0.0149,0.0065,-0.0341,0.0263,-0.0091,-0.0032,0.0074,-0.0106,0.0055,0.0258,-0.0168,0.0133,0.0037,0.0,-0.0183
567,-0.0125,-0.0143,0.0412,-0.0101,-0.0178,0.0484,-0.0077,-0.0415,0.0142,0.0059,-0.0114,0.0071,0.0437,-0.0202,0.0,0.0,-0.025
568,0.0207,0.0372,-0.0441,0.0165,-0.0626,0.0226,-0.0072,-0.0184,0.0093,0.0154,0.0156,0.0093,-0.0174,-0.0062,0.0093,0.0,0.0001
569,-0.0364,-0.0256,0.031,-0.0205,-0.0069,0.0006,0.0029,-0.0965,0.0,-0.0023,0.045,0.0,0.0281,0.0221,0.0,0.0,0.0586
570,-0.0443,0.051,0.0921,-0.0004,-0.0014,0.0052,-0.0077,0.0079,0.0,-0.01,-0.0152,0.0,-0.0432,-0.0255,0.0087,0.0044,-0.0216
571,-0.011,-0.0039,0.0777,-0.0246,0.0076,-0.0124,0.0,0.0043,0.0,-0.0059,-0.0017,0.0,-0.0104,-0.0052,0.0201,0.0,-0.0348
572,0.0235,-0.025,0.0552,-0.0325,0.0317,-0.0003,-0.0001,-0.017,0.0,-0.0163,-0.0413,0.0,0.0474,-0.0162,0.0,0.008,-0.0171
573,-0.0158,-0.0073,0.0287,-0.0328,0.0011,0.0277,0.0,0.0118,0.0,-0.0339,-0.0221,0.0435,0.0023,-0.0678,0.0,0.0,0.0649
574,-0.0437,0.0392,-0.0393,-0.0429,-0.0193,-0.0167,-0.0032,0.0425,0.0,0.0081,-0.0757,0.0464,0.1074,-0.0366,0.025,0.0,0.0092
575,-0.0169,-0.013,0.0368,0.0156,0.0002,0.0344,0.0,-0.0201,0.0095,-0.0416,-0.0313,0.0,-0.0223,0.0364,0.019,0.0,-0.0067
576,-0.0042,0.0727,-0.013,-0.0217,-0.0167,0.0125,0.0,0.0556,0.0063,0.001,-0.0074,0.0,-0.0202,-0.0282,0.0118,0.0,-0.0485
577,-0.0558,0.0413,-0.0504,0.0259,0.0054,0.0156,0.0,-0.0047,0.0308,-0.0204,-0.0095,0.0154,-0.0251,0.0309,0.0,0.0154,-0.0146
578,-0.0276,0.0496,-0.0034,-0.0141,-0.0013,0.0634,0.0,0.0749,0.0253,-0.0135,-0.0553,-0.0132,-0.0284,-0.0135,0.0,0.0,-0.0429
579,-0.0645,0.0807,0.0099,0.0188,-0.0323,0.0063,-0.0108,0.0314,0.0341,-0.0215,-0.0224,0.0,0.0036,-0.0323,0.0278,0.0,-0.0287
580,0.0297,0.0074,0.0074,-0.0074,-0.0297,0.037,0.0,0.0814,0.0148,-0.0444,-0.0556,-0.0111,0.0111,0.0519,0.0,0.0,-0.0926
581,0.0168,-0.0702,0.0771,0.0057,0.0111,-0.0053,-0.0109,0.0007,0.0219,-0.0326,0.0333,-0.0109,-0.0322,-0.0162,0.0,0.0,0.0117
582,0.0364,0.0437,-0.0647,0.0292,-0.0079,0.0516,0.0,0.0212,-0.0225,-0.0112,-0.0092,-0.0112,-0.027,0.0179,0.0,0.0,-0.0462
583,0.0296,-0.0319,-0.1023,0.0718,0.0192,0.0051,0.0,0.0206,0.0333,-0.0423,0.0014,-0.0282,-0.0127,0.0051,0.0333,0.0,-0.0023
584,0.0144,-0.0269,-0.0083,0.0485,-0.0227,-0.0341,-0.0114,0.0556,0.0826,-0.0227,0.0329,-0.0114,-0.125,0.0185,0.0,0.0526,-0.0424
585,-0.0682,-0.0795,0.1363,-0.0682,-0.0227,-0.0227,0.0,0.0909,0.25,-0.0227,-0.1477,-0.0114,-0.1023,-0.0568,0.0,0.0795,0.0454
586,-0.0787,0.0771,-0.1243,-0.0562,0.0555,0.0555,0.0,0.0659,0.1221,-0.0337,-0.1243,-0.0112,-0.0457,-0.0337,0.0,0.0,0.1319
587,-0.0652,0.0038,0.2163,-0.0198,0.0019,-0.0543,-0.0109,0.0183,0.0345,0.0,-0.0488,0.0,-0.0288,-0.009,0.0,0.0,-0.0379
588,-0.0147,0.0366,-0.0194,-0.0249,0.023,0.0034,0.0,0.0689,0.0162,0.023,-0.0605,0.0128,0.0433,-0.0438,0.0,0.0,-0.0638
589,-0.029,-0.0086,0.2255,-0.029,-0.0306,-0.0408,0.0,-0.051,0.0951,0.0016,-0.058,-0.0102,-0.029,0.022,0.0,0.0,-0.058
590,0.1239,-0.0652,-0.1848,-0.0652,-0.0435,0.0,0.0,0.0913,0.1891,-0.0217,-0.163,0.0,0.3022,-0.0217,0.0,0.0,-0.1413
591,-0.0833,0.0715,0.0238,-0.0238,-0.0238,0.1072,0.0,0.0834,0.1548,-0.0238,-0.1429,0.0,0.0834,-0.0476,0.0,0.0,-0.1786
592,-0.0145,-0.0145,-0.0309,-0.0389,0.0108,-0.0253,-0.0127,0.0334,0.0117,-0.038,0.0432,0.0,-0.0037,0.0361,0.0,0.0244,0.0188
593,-0.0293,-0.0169,0.031,0.0227,0.0227,-0.0071,0.0026,0.0355,0.0325,-0.0468,0.0057,0.0026,0.0232,-0.0221,0.0,0.0,-0.056
594,-0.0708,-0.015,0.128,0.0508,-0.005,-0.0263,0.0,-0.0576,0.0082,-0.0181,-0.0839,0.0213,0.0885,-0.0263,0.0,0.0,0.0063
595,-0.0206,0.0881,-0.0961,-0.0346,0.0153,0.0652,-0.0141,0.1112,0.0652,0.0,-0.1537,0.0652,-0.0538,-0.0346,0.0,0.0,-0.0027
596,-0.0485,0.1273,-0.0212,-0.0303,-0.0364,0.0151,0.0,0.0515,0.0576,-0.0273,-0.0636,-0.0091,0.0,0.0212,0.0,0.0,-0.0364
597,-0.0468,0.0672,0.0475,0.0065,-0.046,0.0106,0.0,0.0172,0.0262,-0.046,0.0434,-0.0115,-0.0354,0.0032,0.0189,0.0,-0.0551
598,0.001,0.1036,0.0399,-0.0124,-0.0633,-0.0124,-0.0127,0.0013,0.0386,-0.038,0.0146,-0.0127,-0.05,0.0642,0.0,0.0,-0.062
599,-0.0374,0.0049,0.1317,0.0186,-0.0685,0.0174,0.0,0.0211,0.0162,-0.0112,-0.0176,-0.0137,-0.0063,-0.0262,0.0,0.0,-0.0288
600,0.0615,-0.0557,0.1443,-0.0344,0.0282,-0.0344,0.0,0.022,-0.0081,-0.0132,-0.0407,-0.0132,0.0271,-0.0213,0.0182,0.0,-0.0802
601,-0.0714,-0.0595,0.1785,-0.0357,-0.0476,0.0,0.0,-0.0714,0.3095,-0.0357,-0.1548,-0.0119,-0.119,-0.0119,0.0,0.0,0.1309
602,-0.0508,-0.0087,-0.0519,0.0129,0.042,0.0151,0.0,0.1561,0.042,-0.0216,-0.0563,-0.0097,0.0214,-0.0194,0.0,0.0,-0.0714
603,-0.0293,0.0659,-0.0165,0.0073,0.0293,0.0275,0.0,-0.0073,0.0275,-0.0421,0.0019,-0.011,-0.0092,-0.0074,0.0,0.0,-0.0366
604,-0.0282,0.0348,0.115,-0.0341,-0.0055,-0.0169,-0.0114,0.0348,-0.0114,-0.0055,-0.0961,0.0,0.0234,0.0457,0.0,0.0,-0.0445
605,-0.0562,-0.0787,0.305,0.0755,-0.0337,-0.0225,-0.0112,-0.1011,-0.0112,-0.0449,-0.0032,-0.0112,0.0193,-0.0225,0.0,0.0,-0.0032
606,-0.0141,0.0386,-0.028,0.072,0.0,0.072,0.0,0.1246,0.0,0.0,-0.0754,-0.0333,-0.1333,-0.0667,0.0526,0.0,-0.0088
607,-0.0415,0.0701,0.0266,-0.0208,0.0247,0.0455,0.0,0.0948,0.0682,0.0,-0.083,-0.0435,-0.083,0.002,0.0,0.0,-0.0603
608,-0.0741,0.0028,0.0028,0.1168,-0.037,0.0769,0.0,0.1567,0.0,-0.037,-0.0314,0.0028,-0.0712,-0.037,0.0,0.0,-0.0712
609,-0.025,-0.1,-0.075,-0.075,-0.025,-0.025,0.0,-0.15,0.0,0.0,-0.175,0.0,0.875,-0.075,0.0,0.0,-0.15
610,0.0245,0.0435,0.0612,0.0679,-0.0312,-0.0312,0.0,-0.038,0.087,-0.0312,-0.0815,-0.0312,0.0489,-0.0312,0.0435,0.0,-0.1005
611,-0.0556,-0.1111,0.2889,-0.0278,-0.0278,-0.0556,0.0,0.0333,0.0,0.0,-0.0833,0.1167,-0.1389,0.0,0.0,0.0,0.0611
612,-0.0526,-0.0101,0.064,0.0163,0.0213,-0.0263,0.0,-0.1579,0.0,0.0476,-0.0364,0.0426,0.0589,-0.0263,0.0,0.0,0.0589
613,-0.0769,0.1831,0.1575,-0.0256,-0.0256,-0.0513,0.0,-0.1538,0.0,0.0,-0.1026,0.066,0.0147,0.0,0.0,0.0,0.0147
614,-0.0252,-0.0125,0.0173,-0.0465,-0.038,-0.0126,0.0,0.0264,0.0553,-0.0041,-0.042,-0.0085,0.043,0.0427,0.0,0.0,0.0048
615,-0.0568,0.0705,0.0159,-0.0409,-0.0023,-0.0364,0.0,-0.0068,0.0159,0.0136,-0.0023,-0.0091,0.0341,-0.0114,0.0,0.0,0.0159
616,-0.0147,-0.0261,0.1363,0.0208,0.0165,-0.0391,0.0,-0.0173,-0.0078,-0.0391,0.0139,-0.0078,-0.0225,0.0165,0.0,0.0,-0.0295
617,-0.0306,0.0275,-0.0735,0.0789,-0.0515,0.0135,-0.0074,-0.0461,0.0,-0.0221,0.0783,-0.0074,0.0275,0.0214,0.0,0.0,-0.0086
618,-0.0094,0.0497,0.0446,-0.0192,-0.0145,0.0125,0.0,0.0132,0.0592,0.0051,-0.0561,-0.0196,-0.0365,0.0223,0.0345,0.0,-0.0856
619,-0.0236,-0.0522,0.0122,-0.0213,0.024,0.0503,0.0,0.0178,0.0168,0.0145,-0.009,-0.0095,-0.0163,0.0599,0.0,0.0,-0.064
620,0.0901,-0.0833,0.2469,-0.0667,-0.025,-0.0417,0.0,-0.0841,-0.0083,0.0492,-0.0833,-0.0083,0.0735,-0.0333,0.0,0.0,-0.0258
621,-0.0386,-0.0298,0.1257,0.0854,-0.0439,0.0363,0.0,-0.038,-0.0088,-0.0351,-0.0251,-0.0175,0.0012,0.0047,0.0222,0.0,-0.0386
622,-0.038,-0.0319,0.0452,0.0012,-0.0025,-0.0025,0.0,-0.0003,0.0,0.0734,0.0379,-0.0098,-0.0282,-0.0098,0.0,0.0,-0.0345
623,-0.0148,-0.0204,0.056,0.016,0.0071,0.0397,0.0,-0.0587,0.0144,0.0344,-0.0348,-0.0091,-0.0583,-0.0038,0.0109,0.0,0.0213
624,-0.0069,-0.0249,0.0748,0.0385,-0.045,-0.0196,0.0,-0.0932,0.0236,-0.0015,0.0602,-0.009,-0.0268,0.0165,0.0109,0.0,0.0025
625,-0.0469,0.009,-0.0218,-0.0392,-0.0208,-0.0108,0.0,0.0028,0.1555,-0.0596,0.0218,-0.0027,-0.0188,0.0151,0.0306,0.0,-0.0145
626,-0.0505,-0.0029,-0.022,0.0199,-0.0535,0.0157,0.0,-0.0233,0.0301,-0.0132,0.037,-0.0161,0.0277,0.0237,0.0,0.0,0.0272
627,0.024,-0.0155,0.0534,-0.0155,-0.0174,0.0089,0.0,-0.0717,-0.0081,0.007,0.0208,0.0051,-0.0399,0.0314,0.0,0.0,0.0178
628,-0.0139,-0.0139,0.042,-0.0402,0.0105,-0.0375,0.0,-0.0555,0.0454,0.0441,-0.037,-0.0072,-0.0166,-0.0158,0.0395,0.0,0.0565
629,-0.0133,-0.0061,-0.0076,-0.0181,-0.0109,-0.0012,0.0,-0.0399,0.0454,0.0298,-0.0218,-0.0072,-0.0014,-0.0012,0.0395,0.0,0.014
630,-0.0358,0.0177,-0.0568,-0.0052,-0.0246,0.0539,0.0115,-0.0105,-0.0095,0.0079,0.0292,-0.0095,-0.0492,0.0079,0.0115,0.0,0.0617
631,-0.098,-0.0392,-0.1176,-0.1373,0.1054,-0.0392,0.0,0.402,0.0,0.0,-0.1569,0.0,0.1324,-0.0196,0.125,0.0,-0.1569
632,-0.0485,0.07,-0.0681,0.0158,0.0149,0.0252,0.0,0.0811,0.0,0.0103,0.0035,0.0149,-0.043,0.0103,0.0,0.0,-0.086
633,0.0409,0.0424,0.0106,0.0242,-0.0136,-0.0031,0.0,0.0015,0.0,-0.006,-0.0227,0.0,-0.0273,0.0015,0.0,0.0,-0.0485
634,-0.0344,-0.0156,0.0576,-0.0823,0.0166,-0.0267,0.0,0.0442,0.0,0.0088,0.0098,0.0189,-0.0178,-0.0267,0.0,0.0189,0.0287
635,0.1096,0.01,-0.0028,-0.067,0.0163,0.0082,0.0,0.0136,0.0145,0.0435,-0.1585,0.0,-0.0236,-0.0272,0.0,0.029,0.0344
636,-0.0825,0.1023,0.0301,-0.0722,-0.0309,0.0563,-0.0103,0.0659,0.0,-0.0412,-0.0674,-0.0103,0.0507,-0.0309,0.0,0.0,0.0404
637,-0.0198,-0.0477,0.0851,-0.0183,-0.0239,0.0251,0.0,-0.0047,0.0503,0.0139,-0.0438,0.007,0.011,-0.0015,0.0,0.0,-0.0325
638,-0.005,-0.0522,0.197,-0.005,-0.0135,-0.0404,0.0,0.0253,0.037,-0.0404,-0.0404,-0.0202,-0.0387,-0.0017,0.0185,0.0,-0.0202
639,-0.0195,0.0163,0.0822,-0.014,-0.0111,-0.0055,0.0,-0.0305,0.0,-0.0028,-0.0198,0.0247,-0.0003,0.0136,0.011,0.0,-0.0444
640,-0.0263,-0.0332,0.0404,-0.016,0.0203,0.0513,-0.0086,-0.008,0.0068,-0.0122,-0.0078,0.0051,-0.0195,0.0015,0.0,0.0,0.0062
641,0.035,-0.0428,-0.0515,0.035,0.0434,-0.0042,-0.0086,-0.0426,0.0,0.0044,0.0308,-0.0086,-0.0125,-0.0128,0.0,0.0303,0.0047
642,-0.0081,0.0247,-0.0168,-0.0428,-0.0025,0.0458,-0.0235,0.0804,0.0031,-0.0489,-0.0069,0.005,0.0265,-0.0019,0.0,0.0,-0.0341
643,-0.0047,0.0232,0.0922,-0.0243,-0.0367,0.0301,-0.0088,-0.0591,-0.0105,-0.0298,0.0374,0.0123,-0.0664,0.0123,0.0247,0.0,0.0077
644,0.1107,-0.0714,0.075,0.0643,-0.0357,0.0821,-0.0179,-0.0607,-0.0357,-0.0179,-0.125,0.0,-0.0429,0.0,0.0,0.0,0.075
645,0.0125,-0.0042,-0.1333,-0.0333,-0.05,0.0917,0.0,0.0208,-0.0333,-0.0333,0.0083,0.125,0.0083,0.0458,0.0,0.0,-0.025
646,-0.0043,-0.0426,0.1262,-0.0029,-0.018,0.0138,0.0,0.0174,0.0,0.0065,-0.0461,0.0,-0.0735,0.0447,0.0,0.0,-0.0209
647,-0.0514,-0.0243,0.1222,-0.0429,0.0026,0.0098,0.0,0.0043,0.0004,-0.0344,-0.0322,0.0,0.0216,-0.0442,0.0367,0.0,0.0321
648,-0.0253,-0.0097,0.0587,-0.0556,-0.0322,0.1056,0.0,0.094,0.0303,0.0147,-0.0956,0.0,0.0353,-0.0322,0.0,0.0,-0.0878
649,-0.0361,-0.0137,0.1471,-0.042,-0.024,0.0059,0.0,0.0354,0.0,-0.024,-0.06,0.0,-0.0003,-0.0016,0.0,0.0,0.0131
650,-0.0268,0.0531,0.022,-0.0219,-0.0243,0.0068,0.0,0.0561,0.0167,0.0439,-0.0988,0.0,0.0054,-0.0015,0.0167,0.0,-0.0473
651,-0.0363,0.0315,0.0101,-0.019,0.01,0.0018,0.0,0.0455,0.0098,-0.0127,-0.0659,0.0039,0.0107,-0.0029,0.0,0.002,0.0118
652,-0.0327,0.0552,0.0622,0.0088,-0.036,-0.0156,0.0,0.0144,0.0133,0.0048,-0.0216,0.0,-0.0108,-0.0093,0.0,0.0,-0.0327
653,-0.122,-0.015,0.2012,0.0512,0.0093,-0.0407,0.0,-0.0207,0.0,-0.0325,0.028,0.0,0.0524,-0.0813,0.0,0.0,-0.0301
654,-0.0343,-0.0281,0.111,0.0022,-0.0511,-0.0292,0.023,-0.0029,0.0303,0.0544,-0.0394,0.0,-0.0186,-0.0292,0.0,0.0,0.0117
655,-0.0473,0.0383,-0.0809,-0.0636,0.022,0.0961,0.0,0.1286,0.0,0.0336,-0.0542,0.0,-0.03,-0.0347,0.0,0.0,-0.0079
656,0.0156,-0.0157,0.0469,-0.0469,0.0156,0.0312,0.0,0.0468,0.0156,-0.0313,-0.0781,0.0,0.0079,-0.0391,0.0,0.0,0.0312
657,-0.0349,0.0401,0.0351,-0.0299,-0.0159,0.043,0.0,0.0081,0.01,-0.039,0.0122,0.0,-0.0139,-0.039,0.0,0.0,0.0241
658,0.022,-0.0322,0.022,0.0048,-0.0293,0.0868,0.0,0.0205,0.0,-0.0107,-0.0878,0.0,-0.0493,0.0248,0.0,0.0,0.0283
659,-0.1154,-0.0198,-0.0583,0.025,-0.0538,-0.0045,0.0,0.059,0.0833,-0.0045,-0.1045,0.0833,0.0064,-0.0308,0.0833,0.0833,-0.0321
660,-0.0417,0.0287,0.0037,-0.0241,-0.0519,0.0102,0.025,-0.0583,0.0,-0.012,-0.0056,0.025,0.0935,-0.0167,0.025,0.0,-0.0009
661,-0.0466,-0.0437,-0.0153,0.0202,0.0101,-0.0213,0.0,-0.0052,0.0698,-0.0355,-0.0093,0.0,0.0131,0.0202,0.0,0.0385,0.0049
662,-0.0031,0.0283,0.0283,-0.0301,-0.0165,-0.001,0.0,0.0152,0.0275,0.0115,-0.0438,0.0,0.022,-0.0383,0.0,0.0,-0.0002
663,-0.0765,-0.0041,0.0786,-0.0439,-0.0265,0.0092,0.0,-0.0153,-0.0071,-0.0051,-0.0387,0.0102,0.0613,-0.0061,0.0102,0.0,0.0541
664,-0.0761,-0.0214,-0.03,0.0145,-0.0316,0.0102,0.0,0.0335,0.039,0.0102,-0.0486,0.013,0.0248,0.0087,0.013,0.0,0.0407
665,-0.0173,0.0618,-0.0443,-0.0232,-0.031,-0.0029,0.0,0.0369,0.0087,-0.0046,0.0246,0.0157,0.0021,-0.0414,0.0079,0.0,0.0071
666,-0.0213,-0.0071,0.0142,-0.0354,0.0355,0.0425,0.0,0.0071,0.0213,0.0,-0.0567,0.0,0.0213,-0.0354,0.0213,0.0,-0.0071
667,0.0127,0.054,-0.0425,-0.0169,-0.0183,0.0073,0.0,0.0342,0.0157,0.0044,-0.0205,0.0157,-0.0031,-0.0434,0.0079,0.0,-0.0071
668,-0.0435,-0.0145,0.0904,0.0,-0.0023,0.0123,0.0,-0.0413,0.0089,-0.0133,0.0224,0.0,0.0123,-0.0179,0.0268,0.0,-0.0401
669,-0.0448,-0.0088,0.0533,-0.0274,-0.0162,-0.0112,0.0,0.0098,0.0,0.0124,-0.0139,0.0,0.0061,0.0099,0.0087,0.0,0.0222
670,-0.0146,0.0111,0.0307,-0.0074,0.0017,0.0204,0.0,0.0141,0.0374,0.0197,-0.0411,0.0,-0.043,-0.0718,0.0467,0.0,-0.0039
671,-0.0037,0.0026,0.0735,-0.0288,0.0147,0.0022,0.0167,0.0901,0.0,-0.0102,-0.0321,0.0,-0.0537,-0.0559,0.0,0.0,-0.0158
672,0.0203,0.0171,0.042,-0.0112,-0.0039,-0.0112,0.0,0.0058,0.0,-0.0362,-0.0409,0.0,0.0203,-0.0184,0.0323,0.0,-0.0159
673,-0.0915,0.019,0.0391,-0.0602,-0.0268,0.0636,0.0,0.1284,0.0357,-0.0268,-0.0748,0.0,0.0413,-0.0212,0.0,0.0,-0.0257
674,-0.0566,-0.031,0.0484,-0.0115,0.03,-0.0293,0.0,-0.0546,0.0179,-0.0136,0.0468,0.0,-0.043,0.0084,0.0,0.0,0.0883
675,-0.0297,0.0088,0.0359,-0.008,-0.0106,0.0128,0.0084,-0.0571,0.0,0.011,0.0168,0.0084,-0.0164,-0.019,0.0,0.0,0.0385
676,-0.1071,-0.0595,0.1887,0.0055,-0.0476,-0.0476,0.0,-0.0486,0.0,-0.0238,0.0705,0.0,0.0228,-0.0238,0.0,0.0,0.0705
677,-0.0308,0.0011,-0.0741,0.033,-0.092,0.0293,0.0,-0.0385,0.0,-0.0052,0.1236,0.0816,-0.0155,-0.0141,0.0,0.0,0.0011
678,0.0095,0.0063,-0.0916,0.0207,-0.0482,-0.0064,0.0,-0.1093,0.0,0.016,0.0944,0.0,0.0255,0.016,0.0,0.0,0.0672
679,-0.0602,-0.0482,-0.1566,-0.0482,-0.0723,-0.0361,0.5,-0.2048,0.0,-0.0723,-0.0602,0.0,0.4036,-0.0361,0.0,0.0,-0.1084
680,-0.0842,-0.0737,0.228,-0.0211,0.072,-0.0421,0.0,-0.2105,0.0,-0.0316,-0.0632,0.1456,0.2175,-0.0421,0.0,0.0,-0.0947
681,-0.0391,0.0338,-0.078,-0.0009,0.0193,-0.0154,0.0,-0.0101,0.0,-0.0022,0.1057,0.0263,-0.0079,-0.0451,0.0,0.0132,0.0004
682,0.0158,0.0148,-0.0412,-0.0059,-0.062,-0.0335,0.0,-0.0063,0.0039,-0.0197,0.0271,0.0079,0.0242,0.0301,0.0079,0.0,0.037
683,-0.0624,0.0894,-0.0912,0.009,0.0139,0.009,0.0,0.0557,0.0377,0.0189,0.0131,-0.0238,-0.0486,-0.0525,0.0,0.0189,0.0131
684,-0.0635,-0.0476,0.0548,-0.0476,-0.0476,0.0592,0.0,0.1024,0.0909,0.0,-0.052,0.0,-0.0043,0.0115,0.0,0.0,-0.0563
685,0.0278,-0.0222,-0.0222,0.0444,-0.0167,-0.0167,0.0,-0.0759,0.0,0.0408,-0.0056,-0.0167,-0.1,0.0408,0.037,0.0,0.0852
686,-0.0115,-0.0159,0.0017,-0.0825,-0.0101,0.0232,0.0044,0.1017,0.0,0.0,-0.0361,0.0087,0.0728,-0.058,0.0189,0.0,-0.0172
687,-0.0712,0.0612,0.0028,-0.0157,-0.037,0.0399,0.0584,0.1012,0.0,-0.0185,-0.0342,0.0769,-0.1111,0.0399,0.0,0.0,-0.0926
688,-0.0229,-0.0443,0.06,0.0238,-0.0164,-0.0115,0.0025,0.0198,0.0,0.0025,-0.0229,0.0238,0.0953,-0.0164,0.0,0.0,-0.0934
689,0.0222,-0.0127,0.108,-0.0635,0.035,-0.0317,0.0,0.0381,0.0,0.0,-0.0603,0.035,-0.0444,-0.0317,0.0667,0.0,-0.0603
690,-0.0333,0.0,0.0056,-0.0611,0.0667,-0.0445,-0.0167,-0.0556,0.0,-0.0167,0.0833,-0.0167,0.0056,0.0055,0.0222,0.0,0.0556
691,-0.0355,0.0316,-0.0899,-0.0083,0.0294,-0.0566,0.0,0.0633,0.0294,-0.0083,-0.0145,0.0294,0.0528,-0.0272,0.0294,0.0,-0.025
692,-0.0353,0.0089,-0.0087,0.0102,0.0745,-0.0176,-0.0164,0.0392,0.0,0.0606,0.0343,-0.0492,-0.0705,-0.0189,0.0152,0.0,-0.0263
693,-0.0877,0.046,-0.0308,-0.0066,0.0541,-0.0256,-0.0175,-0.0147,0.0,-0.0175,0.0569,-0.0175,-0.0768,0.0541,0.027,0.0,0.0569
694,-0.0545,-0.0195,-0.0741,-0.0013,0.0714,0.0532,0.0532,0.087,0.0,-0.0182,-0.0559,0.0532,-0.0922,0.0,0.0,0.0,-0.0026
695,-0.0775,0.0514,0.0067,-0.0618,-0.044,0.0455,0.0,0.0239,0.0,-0.0355,0.0304,0.0,-0.0111,0.0145,0.0,0.0072,0.0502
696,-0.0013,0.0609,-0.0085,-0.073,-0.0203,0.0215,0.0108,0.0093,0.0,0.0119,-0.0085,0.0,0.0237,-0.0155,0.0108,0.0,-0.0216
697,-0.0356,0.0318,0.0424,-0.0349,-0.0576,-0.0341,0.0,0.0174,0.0,0.0326,-0.0015,0.0,-0.0242,-0.0455,0.0,0.0,0.1091
698,0.0047,-0.0312,-0.0468,0.0047,0.0614,0.0307,0.0,-0.0114,0.0,-0.0156,0.0304,0.0,-0.0621,0.0307,0.0,0.0,0.0045
699,-0.075,0.0917,-0.0167,-0.0167,-0.05,0.0833,0.0833,-0.1292,0.0,-0.05,-0.0292,0.0,0.0667,-0.0125,0.0,0.0,0.0542
700,-0.0183,0.041,-0.0375,-0.0123,-0.0178,0.0588,0.0,-0.0256,0.0084,0.0054,-0.0158,0.0,0.0015,-0.0257,0.042,0.0,-0.0044
701,0.0065,0.013,-0.0487,0.0163,-0.0163,0.0746,0.0,-0.1169,0.0,0.0292,0.0422,0.0,0.0227,-0.0064,0.0,0.0,-0.0163
702,-0.0144,-0.0552,0.0522,0.0021,-0.0492,0.0244,0.0152,-0.0952,0.0152,-0.0374,0.0989,0.0,0.0219,0.0198,0.0,0.0,0.0021
703,-0.0169,-0.0272,-0.0375,-0.0066,0.0262,0.0389,0.0,0.0585,0.0,-0.0394,0.0486,0.0,-0.0642,-0.0042,0.0164,0.0,0.0074
704,0.0037,-0.0053,0.0515,0.0313,-0.0458,-0.0238,0.0,-0.0161,0.0,-0.0018,-0.0017,0.0183,0.0057,-0.0073,0.0275,0.0,-0.0365
705,-0.0309,-0.0029,0.0479,0.0892,-0.0105,-0.0385,0.0,-0.1159,0.0,0.0099,0.094,0.0,-0.0081,-0.0309,0.0,0.0,-0.0034
706,0.0053,-0.0632,0.1158,0.0053,-0.0526,-0.0316,-0.0105,-0.1474,0.0,-0.0211,-0.0579,0.1,0.1053,0.0684,0.0,0.0,-0.0158
707,0.013,-0.0435,0.0406,-0.0435,-0.0435,-0.029,-0.0145,0.0551,0.0,-0.0145,-0.0449,0.0,0.1551,-0.029,0.0,0.0,-0.0014
708,-0.013,-0.0674,0.096,-0.0402,-0.0289,-0.0225,0.0,-0.0372,0.0,0.0657,0.0143,0.0,0.0527,-0.0337,0.0,0.0,0.0143
709,-0.0714,-0.0439,-0.032,-0.0577,-0.0339,-0.0101,0.0,-0.0879,0.0,0.0256,0.0998,0.0256,0.0586,0.0174,0.0513,0.0,0.0586
710,-0.0794,0.0,0.1587,-0.0794,0.0159,0.0159,0.0,0.0159,0.0476,-0.0159,-0.1111,-0.0159,0.0159,-0.0317,0.0,0.0,0.0635
711,-0.0251,-0.0964,0.098,-0.0324,-0.0361,0.0037,-0.012,0.0257,0.0,0.0158,0.0462,0.0158,0.0027,-0.0324,0.0,0.0,0.0268
712,-0.0558,-0.0055,0.0578,-0.0381,-0.0116,-0.0027,-0.0088,0.0163,0.0,0.0299,0.0102,0.0,-0.0436,0.0095,0.0238,0.0,0.019
713,-0.0741,0.0883,0.0889,-0.037,-0.037,-0.0123,-0.0123,-0.0364,0.0,0.013,0.0395,-0.0123,-0.0111,-0.0241,0.05,0.0,-0.0228
714,-0.018,-0.0298,0.1399,0.0347,0.0055,-0.0235,-0.0118,-0.0476,0.0,0.0055,-0.0068,0.0,-0.0298,-0.0588,0.0,0.0,0.0403
715,-0.0447,-0.0686,0.1151,0.0282,0.038,0.101,-0.0098,-0.0306,0.0,-0.0392,-0.0895,0.0,-0.0208,-0.049,0.0435,0.0,0.0268
716,0.0194,0.0363,-0.0293,-0.0617,-0.037,0.0077,0.0163,0.1051,0.0,-0.0123,-0.0378,-0.0123,-0.0052,-0.0208,0.0,0.0,0.0318
717,-0.0243,-0.0476,0.0222,-0.0126,0.058,0.0115,-0.0118,-0.0605,0.0233,0.0347,-0.0482,0.0,-0.0129,-0.0471,0.0698,0.0,0.0454
718,-0.0022,0.0388,-0.0543,-0.0019,0.0092,0.0088,0.0,0.0161,0.0,-0.0215,0.0158,0.0202,-0.0543,-0.0325,0.0,0.0101,0.0476
719,0.1098,-0.0443,-0.0249,0.0237,-0.0388,-0.0388,-0.0097,-0.0206,0.0,0.0237,0.0419,0.0,0.0182,-0.0388,0.0,0.0,-0.0012
720,-0.0297,-0.0106,-0.0667,0.0243,-0.0032,0.0508,-0.0095,-0.015,0.0233,-0.036,0.0179,0.0116,-0.0213,0.0179,0.0349,0.0,0.0115
721,-0.1034,-0.069,-0.1121,-0.069,-0.0259,-0.0259,0.0,0.3448,0.0,-0.0086,-0.1207,0.0,0.3707,-0.0517,0.0,0.0,-0.1293
722,-0.0529,-0.019,0.104,-0.0023,0.0069,-0.035,-0.0172,-0.0288,0.0,0.0074,-0.0638,0.0,0.0299,-0.0005,0.0667,0.0,0.0046
723,-0.0769,0.0787,-0.0271,-0.0314,-0.0385,-0.0192,0.0,0.1023,0.0,-0.0288,0.0376,-0.0192,-0.0507,-0.0122,0.0,0.0,0.0856
724,-0.0165,-0.003,0.0004,-0.0428,-0.0156,0.018,-0.0021,-0.056,0.0189,-0.0021,0.0442,-0.0115,-0.0686,0.0451,0.0189,0.0,0.0725
725,0.0102,0.0304,-0.0111,0.0394,-0.0292,-0.0067,-0.0101,-0.0144,0.0,0.0225,-0.0178,0.0,0.0249,-0.0179,0.0,0.0,-0.0201
726,0.0035,-0.0548,-0.0376,-0.0251,0.0023,0.0732,-0.0137,-0.0376,0.0,0.0297,-0.0078,0.0149,0.0184,0.0012,0.0,0.0,0.0333
727,0.1598,-0.0806,-0.1129,-0.0968,-0.0484,-0.0161,-0.0161,0.0103,0.0,-0.0161,0.1275,-0.0161,-0.022,0.0586,0.0,0.0,0.0689
728,0.0326,0.0094,0.0557,-0.003,-0.003,0.0355,0.0,-0.0505,0.0169,-0.0154,-0.0596,0.0,0.0218,-0.0414,0.0,0.0,0.0003
729,-0.0132,-0.0153,-0.0082,-0.0226,-0.0076,0.0071,0.0,-0.0896,0.0074,0.0392,0.0409,0.0,-0.0206,0.0121,0.0074,0.0,0.063
730,-0.028,0.0035,0.0842,-0.0193,-0.0316,-0.0632,-0.0105,-0.0895,0.0,0.0017,-0.0053,0.0,-0.0368,0.0351,0.0333,0.0,0.1263
731,-0.0301,0.0157,0.0634,-0.0079,-0.0209,0.0131,-0.0111,-0.0027,0.0,0.0131,0.0196,0.0118,-0.0745,-0.0314,0.0118,0.0,0.0301
732,-0.0847,-0.0847,-0.035,-0.0593,0.0413,-0.0678,0.0582,-0.1525,0.0,-0.0254,0.1396,0.0667,0.1481,0.0243,0.0,0.0,0.0316
733,0.0194,-0.0086,0.0846,-0.0642,-0.0183,0.0097,0.0,0.0107,0.0,0.0281,-0.0912,0.0,0.1213,-0.0459,0.0,0.0,-0.0453
734,0.1719,-0.0938,-0.0938,-0.0312,-0.0469,0.1094,-0.0156,0.0781,0.0,-0.0156,-0.0938,-0.0312,-0.0469,-0.0156,0.125,0.0,0.0
735,-0.0893,0.125,-0.0714,-0.0714,-0.0357,-0.0536,-0.0179,0.3036,0.0,0.0,-0.0714,-0.0179,0.0536,0.0,0.0,0.0,-0.0536
736,-0.0497,-0.0152,0.0137,0.011,0.0345,-0.0408,-0.0145,-0.0042,0.0,0.0345,0.0482,-0.058,-0.0822,-0.0118,0.0862,0.0,0.0482
737,0.1036,0.0036,0.0157,-0.0149,-0.0028,-0.0149,-0.012,0.1313,0.0,-0.012,-0.0056,-0.0602,-0.0899,0.0092,0.0,0.0,-0.051
738,0.0518,0.0408,0.0983,-0.0161,-0.0484,0.0072,-0.0161,-0.0218,0.0,0.0465,0.0053,-0.0341,-0.1005,-0.0323,0.0,0.0,0.0195
739,-0.0806,-0.0139,-0.0301,-0.0484,0.1333,0.0183,0.0,-0.0441,0.0,0.0,-0.0462,0.0344,-0.1268,0.1333,0.0,0.0,0.071
740,-0.0674,0.0011,0.0362,0.0905,-0.0066,-0.034,0.0,0.0088,0.0208,0.0625,0.0357,0.0077,-0.1501,0.0,0.0,0.0,-0.0054
741,-0.0153,0.0065,0.0065,0.0806,-0.0123,-0.037,-0.0123,0.053,0.0,-0.0123,-0.0276,0.1024,-0.1387,0.0465,0.0,0.0,-0.04
742,-0.0133,0.0189,-0.0322,0.0227,0.0265,-0.0095,-0.0152,-0.0057,0.0,0.0208,0.0492,-0.0247,-0.0568,0.0056,0.0,0.0,0.0133
743,-0.0016,0.0092,-0.0838,0.0108,0.0286,0.0108,0.0054,0.1005,0.0465,-0.0179,-0.0016,-0.0536,-0.0391,-0.0179,0.0,0.0233,-0.0195
744,-0.0012,0.0231,0.0508,0.0069,-0.0022,-0.0022,-0.0139,0.0369,0.0091,0.0122,0.0127,-0.0698,-0.0712,-0.0235,0.003,0.0122,0.017
745,-0.0407,-0.0015,0.095,-0.0588,-0.0588,-0.0392,0.0,0.0543,0.0,0.0,-0.0784,-0.098,-0.0996,0.1538,0.0,0.0,0.172
746,-0.0012,-0.025,0.0226,0.0232,-0.0843,-0.0244,0.0,-0.0614,0.0,0.0353,0.0345,0.0238,-0.025,0.0476,0.0,0.0,0.0342
747,-0.0631,-0.0909,0.1313,-0.0228,-0.0303,-0.0152,0.0278,-0.0656,0.0,-0.0328,0.0455,0.0,0.0758,-0.0303,0.0,0.0,0.0707
748,-0.1154,-0.0962,-0.1154,0.1044,-0.0385,-0.0192,0.0,-0.0109,0.0,-0.0577,0.0467,0.2857,0.1895,-0.0192,0.0,0.0,-0.1538
749,-0.0361,-0.0334,0.0508,0.1124,-0.018,0.0127,0.0,0.1097,0.0,-0.0488,-0.0488,0.0,-0.0334,-0.0154,0.0,0.0435,-0.095
750,-0.0064,-0.0218,0.0009,0.0068,0.0081,-0.0182,0.0095,0.0245,0.0095,-0.0277,0.0267,0.0023,-0.0087,0.0381,0.0,0.0,-0.0436
751,-0.0367,-0.0184,0.0977,-0.1034,-0.0023,0.0161,0.0,-0.0897,0.0,-0.0357,0.0471,0.0333,-0.0034,0.0667,0.0,0.0,0.0288
752,0.0074,-0.0551,0.0974,-0.0404,-0.0276,-0.0441,0.0,-0.0662,0.0,-0.0588,0.0846,0.0,0.0827,0.0312,0.0,0.0,-0.011
753,-0.0477,-0.0032,0.2426,-0.0177,-0.04,-0.08,0.0,0.0113,0.0,-0.0177,-0.0255,0.0123,-0.0132,-0.03,0.0,0.0,0.009
754,-0.0882,-0.1029,-0.0065,0.0229,-0.0441,0.0523,0.0,-0.0654,0.0,-0.0294,0.1487,-0.0147,0.1487,-0.0147,0.0,0.0,-0.0065
755,0.1557,-0.0755,-0.1132,-0.1038,-0.0472,0.0873,0.0,-0.0259,0.0,-0.0377,-0.0071,0.0,0.0401,0.1061,0.0,0.0,0.0212
756,-0.0478,0.0132,0.0524,-0.0173,-0.0151,-0.0239,0.0,-0.0149,0.0,0.0045,-0.0107,0.0763,0.0002,-0.0021,0.0,0.0,-0.0149
757,-0.1304,-0.087,-0.0543,-0.0543,-0.0652,-0.0435,0.0,0.3478,0.0,-0.0435,-0.1413,-0.0217,0.413,-0.0217,0.0,0.0,-0.0978
758,-0.0833,-0.0155,-0.0018,-0.0015,-0.0281,0.0126,0.0,-0.0318,0.0133,-0.0018,0.0771,0.04,0.0111,-0.0004,0.0,0.0,0.01
759,-0.0726,-0.0064,-0.0032,-0.0203,-0.0171,0.0491,0.0385,-0.0374,0.0,-0.0694,-0.0481,0.1538,0.0844,-0.0032,0.0,0.0,-0.0481
760,0.0258,-0.0417,-0.0566,0.1013,-0.0377,-0.0377,0.0,-0.1698,0.0,0.0298,0.1539,0.0,0.0636,-0.0189,0.0,0.0,-0.0119
761,0.0149,-0.0551,0.0456,-0.0161,0.0153,-0.0002,0.0078,-0.0634,0.0,-0.0315,0.0225,0.0233,0.0382,-0.0157,0.0078,0.0,0.0068
762,-0.0264,0.0376,0.0458,0.0273,-0.0515,0.0561,0.0,0.0525,0.0,-0.0515,0.0376,-0.0206,-0.0264,-0.0206,0.0,0.0,-0.0596
763,-0.0028,-0.0028,-0.0158,-0.0034,-0.0575,-0.0022,0.0135,-0.0609,0.0,-0.0022,0.0359,0.027,0.0506,0.0664,0.0,0.0,-0.0457
764,-0.1289,-0.0172,0.0818,0.0185,-0.0402,0.0081,0.0,-0.0217,0.0,-0.0506,0.0438,0.0104,0.0185,-0.0127,0.0357,0.0,0.0543
765,0.3701,-0.0909,-0.0649,-0.0649,-0.026,-0.026,0.0,-0.1688,0.0,-0.0519,-0.0909,-0.026,0.3831,-0.039,0.0,0.0,-0.1039
766,-0.0135,0.0135,0.0541,-0.0135,-0.027,0.0541,0.027,-0.0135,0.0,-0.0946,0.0,0.0541,0.0135,0.0271,0.0,0.0,-0.0811
767,-0.0195,0.0053,-0.0365,-0.0534,0.0205,-0.0098,0.0,0.0313,0.0,-0.025,-0.0044,0.0169,0.0616,0.0169,0.0,0.0,-0.0044
768,-0.0989,0.0064,-0.0549,0.0174,0.1227,0.0284,0.0,0.1904,0.0,-0.0659,-0.1209,0.0613,-0.0046,-0.033,0.0,0.0,-0.0486
769,-0.0366,-0.0254,-0.0014,0.0293,-0.0352,-0.0449,0.0,0.0826,0.0435,-0.0562,0.063,-0.0225,0.063,0.0323,0.0435,0.0,-0.1348
770,0.0185,0.0417,0.0229,-0.0339,-0.0192,0.0629,0.0,-0.0175,0.0,-0.0886,-0.0298,0.0147,-0.0131,0.0147,0.0294,0.0,-0.0028
771,0.0389,0.0208,0.0264,-0.0167,-0.0347,0.0181,0.0,-0.0292,0.0,-0.0375,0.0389,0.0028,0.0389,0.0028,0.0,0.0,-0.0694
772,-0.037,-0.0926,-0.1481,-0.0556,-0.0556,0.1482,-0.0185,0.1666,-0.0185,0.1667,-0.1296,0.0,0.0556,-0.0185,0.0,0.0,0.0371
773,0.061,0.0191,0.0106,0.0307,-0.0144,0.0217,-0.0059,0.0314,0.009,-0.0144,-0.1052,0.0,0.0224,-0.0265,0.018,0.0,-0.0576
774,-0.0795,0.1099,0.1099,0.0872,-0.0341,-0.0114,0.0,0.0872,0.1667,-0.0455,-0.1818,0.144,-0.1705,-0.0227,0.0,0.0,-0.1591
775,-0.0314,-0.0034,0.0588,-0.0748,0.034,-0.0467,-0.0187,0.0308,0.0,-0.0374,0.0214,0.0,0.0121,-0.0467,0.0714,0.0,0.0308
776,0.0856,-0.0321,-0.0594,-0.0139,-0.0273,-0.0139,-0.0091,-0.0503,0.0,-0.0273,0.0085,0.0497,0.1171,-0.0273,0.0,0.0,-0.0006
777,-0.0874,-0.0154,0.0568,0.0373,-0.0485,-0.0583,-0.0097,0.0317,-0.0097,0.0332,0.0026,0.0526,0.0843,0.0138,0.0,0.0,-0.0833
778,-0.0446,0.0096,0.1386,0.0419,-0.0007,-0.0007,-0.011,-0.0996,-0.011,0.0103,0.0184,0.0213,-0.0461,0.0205,0.0,0.0,-0.0468
779,-0.0171,-0.0531,0.0006,-0.0796,0.036,0.0003,-0.0088,-0.0171,0.0,-0.0085,-0.0341,0.0357,0.0102,0.0272,0.0,0.0,0.1084
780,-0.0529,0.0261,-0.0563,-0.0199,0.0229,0.0229,-0.0099,0.0457,0.0,0.0031,0.016,0.0132,-0.0103,0.0229,0.0,0.0,-0.0236
781,-0.0538,0.0065,0.0875,0.002,0.0188,0.0326,-0.0123,0.0253,-0.0123,0.0079,-0.0113,-0.0247,-0.0735,-0.0277,0.0217,0.0,0.0134
782,-0.0219,-0.0476,0.0518,0.0027,-0.0305,-0.001,-0.0085,-0.024,-0.0085,-0.0427,0.0668,0.0,-0.0364,0.07,0.0,0.0,0.0299
783,-0.0599,0.0176,0.0676,-0.0407,-0.0538,-0.0407,-0.0108,-0.0315,0.0,0.0153,0.083,0.0,-0.0576,0.0261,0.0,0.0,0.0853
784,-0.0433,0.0783,0.0644,-0.0017,0.0122,-0.0017,-0.0139,-0.045,-0.0139,0.0261,0.0611,-0.0139,-0.0867,0.0522,0.0,0.0,-0.0744
785,0.0576,-0.0345,0.0983,-0.0096,0.0079,0.0159,-0.0085,0.082,0.0,-0.0006,-0.0447,0.0,0.0231,-0.0593,0.0,0.0,-0.1277
786,0.057,-0.0321,0.057,0.0469,-0.0505,-0.0303,-0.0101,-0.0036,0.0,-0.0202,0.0048,-0.0202,0.0553,0.0386,0.0,0.0,-0.0927
787,-0.031,0.0034,0.0363,0.0034,0.0066,0.0116,-0.0115,0.033,0.0066,-0.0378,0.0019,0.0066,-0.054,0.0132,0.0066,0.0,0.0052
788,0.0063,-0.0571,-0.0857,0.054,-0.0381,-0.0476,-0.0095,0.0159,0.0,0.073,-0.0222,0.1016,-0.0318,0.0825,0.0,0.0,-0.0413
789,-0.0968,-0.043,0.1247,-0.043,-0.043,-0.0538,-0.0215,0.1032,0.0,-0.0108,0.0495,0.0,0.0387,-0.0753,0.0,0.0,0.071
790,-0.0352,0.0257,0.0412,-0.0434,-0.0248,-0.03,0.0,0.0691,0.0,-0.0104,-0.0342,0.0,-0.0125,-0.0042,0.0,0.0,0.0587
791,-0.0656,0.0512,-0.0441,-0.0902,0.0922,0.0133,0.0,0.0564,0.0,-0.0328,0.0184,-0.0082,-0.0523,0.0051,0.0,0.0,0.0564
792,-0.0234,0.0307,0.0241,-0.0299,0.0205,-0.0299,0.0,0.0127,0.027,-0.0336,-0.018,0.0,0.0241,-0.0234,0.027,0.0,-0.0078
793,0.0053,0.0079,-0.0211,0.0027,0.0053,-0.0397,0.0,-0.0608,0.0,0.0053,0.0714,-0.0079,0.0027,0.0185,0.0,0.0,0.0106
794,0.0205,0.0302,0.016,-0.0184,0.0151,-0.0485,0.0,-0.0422,0.0,-0.014,0.0214,0.0345,0.0656,0.001,0.0,0.0,-0.0811
795,-0.0632,-0.0172,-0.0196,-0.0535,0.0484,-0.0316,0.0169,-0.027,0.0,0.0023,0.0457,0.0169,0.0046,0.0023,0.0,0.0,0.0747
796,-0.0375,0.0318,-0.1188,-0.0891,-0.0099,-0.0297,0.0,-0.1287,0.0,0.0516,0.157,-0.0099,0.034,0.0835,0.0,0.0,0.0658
797,-0.009,-0.0244,-0.0769,-0.0769,-0.0077,0.0141,0.0,-0.0629,0.0,-0.0615,0.15,0.0833,0.0975,-0.0462,0.0,0.0,0.0205
798,-0.0835,0.0629,-0.0094,-0.0223,-0.0602,-0.0112,0.0,0.1147,0.0741,0.0009,0.0139,0.0,-0.0343,0.0009,0.0,0.0,-0.0464
799,-0.0102,-0.0225,-0.036,-0.0314,0.0255,-0.0247,0.0,0.0029,0.029,-0.018,0.0163,0.0011,0.052,-0.0392,0.0,0.0,0.0552
800,-0.0476,0.1524,-0.0952,-0.0952,-0.0357,-0.0476,0.0,0.269,0.2,-0.0476,-0.1429,0.0,-0.0833,-0.0595,0.0,0.0,0.0333
801,-0.0659,-0.044,0.0232,0.0232,-0.033,-0.0549,0.0,0.0012,0.0,-0.033,-0.0318,0.1001,0.2454,-0.0879,0.0,0.0,-0.0427
802,-0.0262,0.0379,-0.0262,-0.0084,0.0226,-0.0191,-0.006,0.0427,0.0,0.0273,0.0069,0.0,0.0141,-0.0024,0.0,0.0,-0.0633
803,-0.0631,0.0493,-0.0571,-0.0047,-0.027,0.06,-0.009,-0.0227,0.0345,-0.009,0.0298,0.06,-0.0661,-0.0286,0.0,0.0345,0.0192
804,-0.0962,0.0468,-0.0391,-0.0102,-0.0192,0.009,0.0,0.0846,0.0667,0.0379,0.0083,0.0,-0.0198,-0.0673,0.0,0.0,-0.0013
805,-0.0551,0.0528,-0.026,0.0213,-0.0394,-0.0394,0.0921,-0.0181,0.0,-0.0315,0.0661,0.0,0.0898,-0.063,0.0,0.0,-0.0496
806,-0.0171,0.0662,-0.0539,-0.0465,-0.0515,0.0735,0.0,0.1373,0.0,0.0612,-0.0196,0.0,0.0221,-0.0662,0.0,0.0,-0.1054
807,-0.0761,-0.0471,-0.0761,-0.0978,-0.0217,-0.0543,0.0,0.192,0.0,-0.0326,-0.1304,0.1558,0.0072,-0.0326,0.3333,0.0,-0.1196
808,-0.0464,0.0171,-0.0293,-0.053,-0.053,-0.0265,0.0,0.021,0.0,-0.0265,0.1308,-0.0066,0.0541,0.0303,0.0,0.0,-0.0121
809,-0.0707,-0.0108,-0.0217,-0.0489,0.0109,-0.0163,0.0,0.0652,-0.0163,-0.0489,0.0706,-0.0054,0.0489,-0.0761,0.0,0.0,0.1196
810,-0.0899,0.0326,0.1326,-0.0674,-0.0337,0.0663,-0.0112,0.0539,0.0,0.0438,-0.1236,0.1,-0.1011,-0.0562,0.0,0.0,0.0539
811,0.0118,0.0352,0.0129,-0.0306,0.0223,-0.0041,0.0,-0.0717,-0.0053,-0.037,0.0904,-0.0053,-0.0188,-0.02,0.0,0.0,0.0205
812,0.0307,0.0453,0.1022,0.0064,-0.0163,-0.0569,-0.0081,-0.0831,0.0,-0.0569,-0.0506,0.0633,0.0616,-0.0099,0.0,0.0,-0.0278
813,0.0018,0.0105,-0.0979,-0.0156,0.054,-0.0197,0.0,-0.0072,0.0238,0.0215,-0.0156,0.0238,-0.0091,-0.0307,0.0,0.0,0.0601
814,-0.0629,-0.0699,0.1759,-0.0383,-0.028,0.0106,0.0,0.06,0.0,-0.042,0.025,-0.007,0.0144,-0.0629,0.0,0.0,0.025
815,-0.0314,0.028,0.021,-0.0524,0.0315,0.0035,-0.007,-0.0035,0.0,0.0035,-0.0734,0.0455,0.0455,-0.0699,0.0455,0.0,0.014
816,-0.0826,-0.0275,-0.0467,0.0267,-0.0459,0.045,0.0817,0.1901,0.0,-0.0367,-0.0467,0.0,0.0625,-0.055,-0.0092,0.0,-0.0559
817,0.0977,0.0488,-0.0431,-0.0364,0.0048,0.0096,0.0,0.0958,0.0278,-0.0345,-0.0708,-0.0115,0.0469,-0.069,0.0278,0.0,-0.0938
818,-0.0199,-0.0336,0.0016,-0.0357,0.0273,-0.0336,0.0,0.0054,0.0294,-0.0394,0.1172,0.0294,0.0231,-0.063,0.0,0.0,-0.0084
819,0.0473,-0.0306,0.0009,-0.0378,-0.0144,0.0069,0.0,0.0418,-0.0089,-0.0217,-0.0007,0.0,0.0047,-0.0412,0.0426,0.0,0.0113
820,-0.0433,-0.0152,-0.051,-0.1071,0.0162,-0.0238,0.0,0.0129,0.12,-0.0119,-0.0271,-0.0552,0.0129,0.0562,0.0,0.0,0.1167
821,-0.0187,0.0419,0.039,-0.0108,-0.0548,0.0332,0.0166,0.034,0.0303,-0.0411,0.0195,-0.0685,-0.0187,0.0,0.0,0.0,-0.0021
822,-0.0185,0.0135,-0.0185,-0.0269,-0.0218,-0.0252,-0.0084,0.0622,0.0571,-0.0168,-0.1092,0.079,0.0908,0.0118,0.0,0.0,-0.069
823,-0.0274,0.0119,0.0024,-0.0762,-0.0232,-0.019,-0.0095,0.1986,0.0,0.0393,-0.056,-0.0423,0.0903,-0.0571,0.0244,0.0,-0.056
824,-0.0541,0.0328,0.0885,-0.0854,-0.0122,-0.0244,0.0,0.0414,0.0,-0.0244,0.0138,0.0435,0.0763,-0.061,0.0,0.0,-0.035
825,-0.0562,0.0405,-0.0239,0.0405,-0.0225,0.0645,0.0435,0.0054,0.0,0.0098,0.0278,-0.0112,-0.0141,-0.0562,0.0,0.0,-0.0478
826,0.0146,-0.0854,0.078,0.0024,-0.0244,0.0,0.0,-0.1585,0.0,-0.0488,0.0146,0.0878,0.1268,-0.061,0.1,0.0,-0.0463
827,-0.0714,0.0486,0.0914,-0.0557,0.0229,0.0271,0.0,-0.0429,0.0286,-0.0257,0.0343,0.0043,-0.0329,-0.0414,0.0143,0.0,-0.0014
828,-0.0337,0.088,-0.1236,-0.0899,0.0,-0.0112,0.0,0.1423,0.0,0.133,-0.1461,0.0,0.088,-0.0787,0.0,0.0,0.0319
829,-0.0667,0.12,-0.0933,-0.08,-0.04,0.0,-0.0133,-0.2133,0.0,-0.0267,0.28,0.0,0.12,-0.0667,0.0,0.0,0.08
830,-0.0459,-0.0734,-0.1196,-0.0279,0.0542,0.0088,0.0,0.0709,0.1272,-0.0367,0.0083,0.0,0.1356,-0.0183,0.0,0.0,-0.0829
831,0.0089,0.0089,-0.1406,0.0089,-0.0391,0.1273,-0.0078,-0.0524,0.0714,-0.0391,-0.0224,0.0636,0.1284,-0.0391,0.0,0.0,-0.077
832,-0.011,0.0151,0.0535,0.0195,-0.0022,0.0311,0.0,-0.1075,0.0333,-0.021,0.0484,0.05,0.0151,-0.0588,0.0,0.0,-0.0654
833,-0.0073,-0.0012,0.0078,-0.0218,0.0176,0.0061,0.0,-0.0401,-0.0085,0.0206,-0.0122,0.003,0.0247,0.0121,0.0,0.0,-0.0007
834,-0.0275,-0.0073,0.044,-0.0165,0.0256,-0.0202,0.0,-0.1484,0.0,0.0384,0.0898,0.0,0.0293,-0.0183,0.0238,0.0,-0.0129
835,-0.0658,-0.0789,-0.1053,-0.0921,-0.0132,-0.0263,-0.0132,0.4693,0.0,-0.0132,-0.1053,0.0,0.2412,-0.0789,0.0,0.0,-0.1184
836,-0.0769,0.0019,0.025,-0.0673,0.1212,0.0212,0.0,0.0865,-0.0096,-0.0288,-0.0462,0.0,-0.0365,-0.0173,0.0,0.0,0.0269
837,0.0349,-0.0219,-0.0329,-0.0217,0.023,0.057,-0.0112,0.0133,0.0,-0.011,0.0012,0.0227,-0.0215,-0.0219,0.0,0.0227,-0.0327
838,-0.0047,-0.0611,0.004,-0.0285,0.0206,0.0103,0.0222,-0.1119,-0.0119,0.0429,0.0707,0.0,0.0056,0.0072,0.0,0.0,0.0349
839,0.0342,0.0868,0.0158,-0.0447,-0.0211,0.0184,-0.0211,-0.0395,0.0,0.0079,-0.0447,0.05,0.0053,-0.0632,0.0,0.0,0.0158
840,-0.025,-0.0167,0.0,-0.0389,-0.0333,0.0167,-0.0222,-0.0778,0.025,0.0528,0.0,0.025,0.075,-0.0444,0.025,0.0,0.0389
841,-0.0495,0.0521,0.0475,-0.0612,0.0101,-0.0016,0.0,-0.0556,0.0,-0.0016,0.091,0.0,-0.0278,-0.0597,0.0217,0.0,0.0344
842,-0.0388,0.079,-0.0661,-0.0201,-0.023,-0.023,0.0,0.0474,0.0302,0.0072,0.033,0.0,0.033,-0.0273,0.0,0.0,-0.0316
843,-0.0645,-0.0516,0.3968,-0.0581,-0.071,-0.0194,0.0,-0.1419,0.0,-0.0452,-0.1806,0.0,0.429,-0.0323,0.0,0.0,-0.1613
844,-0.087,0.213,0.0696,-0.0435,-0.058,0.0,-0.0145,-0.0449,0.0,0.1,-0.1159,-0.0435,-0.0304,0.0,0.0,0.0,0.0551
845,0.0143,-0.0605,0.0582,0.0014,-0.0192,0.1084,-0.0103,-0.0243,0.0,-0.0412,-0.0283,-0.0206,0.0685,0.0117,0.0,0.0,-0.0578
846,-0.0875,-0.1125,-0.05,-0.0375,-0.05,-0.0125,-0.0125,0.85,0.0,-0.0375,-0.125,-0.025,-0.125,-0.0125,0.0,0.0,-0.1625
847,-0.0822,0.0224,-0.0461,0.0361,-0.0822,0.0635,-0.0137,0.1631,0.0,-0.0137,-0.0685,-0.0411,0.0448,0.0,0.0909,0.0,-0.0735
848,-0.0833,0.0375,0.0062,0.0479,-0.0521,-0.0208,-0.0104,-0.0354,0.0,0.0,0.0333,-0.0312,-0.0146,-0.0417,0.2,0.0,-0.0354
849,-0.0508,-0.0508,0.1653,0.0742,-0.0508,-0.0169,-0.0169,-0.0106,0.0,0.0,-0.0445,-0.0508,0.1653,-0.0508,0.0,0.0,-0.0614
850,-0.0403,0.037,-0.0796,-0.0011,-0.0203,0.0577,0.0,-0.0227,0.0769,0.0192,0.0366,-0.02,-0.0604,0.0,0.0,0.0385,-0.0214
851,-0.012,-0.0525,0.0015,-0.0255,0.0015,-0.0135,-0.0135,0.0736,0.0,-0.0135,0.0451,-0.0405,0.0736,-0.0135,0.0,0.0,-0.0105
852,-0.008,-0.0794,0.0635,0.0079,0.0079,-0.0159,-0.0159,-0.0158,0.0,-0.0159,0.0794,-0.0317,0.0397,0.0,0.0,0.0,-0.0158
853,-0.0909,-0.0909,-0.0758,-0.0758,-0.0455,-0.0303,-0.0152,-0.1818,0.0,-0.0303,0.9091,-0.0152,-0.1212,-0.0152,0.0,0.0,-0.1212
854,0.0475,0.0034,0.0543,0.0328,-0.0294,0.0769,-0.0147,0.1426,0.0,-0.0147,-0.026,-0.0735,-0.1618,-0.0147,0.0769,0.0,-0.0996
855,-0.0372,-0.0249,0.008,0.0122,0.0082,0.0617,-0.0103,-0.025,0.0,-0.0042,0.0512,-0.0103,-0.0681,0.0061,0.0,0.0,0.0327
856,-0.0299,0.0627,-0.011,-0.0013,-0.0202,-0.0234,-0.0085,0.0804,0.0137,-0.0371,-0.0417,0.0,0.0216,0.0072,0.0137,0.0,-0.026
857,-0.02,-0.02,0.0188,-0.005,0.0102,0.0068,0.016,0.0257,0.0,-0.021,-0.0225,0.0,0.0281,-0.0142,0.0,0.0127,-0.0157
858,-0.0474,-0.0349,0.0303,-0.0437,0.0553,-0.0875,0.0,0.0293,0.0,-0.0187,0.0329,0.0,0.0053,0.0214,0.0,0.0,0.0579
859,0.0087,-0.072,0.017,0.0252,0.0062,-0.0138,0.0072,-0.0161,0.0,0.0207,0.0059,0.0072,0.0187,0.0035,0.029,0.0,-0.0475
860,0.0069,-0.0444,0.0812,0.0411,0.0069,-0.0427,0.0,-0.0641,0.0,0.0411,-0.0188,-0.0085,-0.0273,-0.018,0.0,0.0,0.047
861,-0.0303,-0.0809,0.0907,0.002,-0.0488,0.0205,0.0,-0.0751,0.0,0.0075,0.0354,0.012,0.0123,0.0426,0.0,0.0,0.0123
862,-0.0362,0.0133,-0.0307,0.0155,-0.0648,0.011,0.0,-0.0526,0.0,0.0319,0.0562,0.0,0.01,-0.0033,0.0,0.0,0.0496
863,-0.0299,0.0083,-0.014,-0.0299,-0.007,0.0007,0.027,-0.0481,0.0,0.0117,-0.0334,0.0,0.0935,0.0007,0.0541,0.0,-0.0334
864,0.03,-0.0767,0.0767,0.1033,-0.0267,0.0267,0.0,-0.1733,0.0333,-0.01,0.0333,0.0,-0.0133,-0.0067,0.0,0.0,0.0033
865,0.001,0.0172,-0.0744,0.1002,-0.0244,-0.0579,0.0,-0.0399,0.0,0.0169,0.1174,0.0,-0.0162,-0.0327,0.0,0.0,-0.0072
866,-0.0476,-0.0251,0.0185,0.0145,0.0056,-0.0347,0.0,-0.0074,0.0,0.0008,0.0346,0.0,-0.0581,0.0636,0.0137,0.0,0.0217
867,-0.0519,-0.0435,0.0655,-0.0339,-0.0593,-0.0847,0.0,0.0718,0.0,0.0413,0.057,0.0,-0.018,0.0413,0.0,0.0,0.0147
868,0.0131,-0.0491,-0.0316,-0.0384,-0.0039,-0.0211,0.0,0.0678,0.0,-0.0036,-0.0077,0.0,0.0546,-0.0141,0.0,0.0,0.0337
869,-0.0499,-0.08,0.047,-0.0133,-0.0288,-0.0133,0.0,0.035,0.0076,-0.0365,0.0644,0.0076,0.01,0.0014,0.0076,0.0,0.0415
870,0.0077,-0.0237,0.0077,0.021,-0.0193,0.006,0.0,-0.0564,0.0,0.0641,-0.0102,0.0,-0.0505,0.006,0.0164,0.0,0.0314
871,0.0307,-0.0702,0.0024,0.0061,0.0168,-0.0099,0.0,-0.0403,0.0,-0.0305,0.0284,0.0,0.0666,-0.0045,0.0,0.0,0.0047
872,0.0517,-0.0603,-0.0603,0.0173,0.0689,0.0087,0.0,0.0431,-0.0086,-0.0431,0.0086,0.0,0.0517,-0.0603,0.0,0.0,-0.0173
873,0.0144,0.0043,-0.0231,-0.0029,-0.0173,-0.0794,0.0,0.0361,0.0,0.0058,-0.0476,0.0,0.0188,0.0231,0.0,0.0635,0.0043
874,0.089,-0.0873,-0.0689,0.0129,-0.0556,-0.0873,0.0,0.028,0.0,0.0025,-0.0163,0.0,0.0969,0.0656,0.0263,0.0,-0.0058
875,0.0091,-0.0727,0.1,-0.0364,-0.0318,-0.0545,0.0,-0.05,0.0,0.0318,-0.0682,0.0,0.1091,0.0227,0.0,0.0,0.0409
876,-0.0503,0.0787,-0.0181,0.0397,-0.0496,-0.009,0.0,-0.0536,0.0,-0.0248,0.1184,0.0,-0.0189,-0.0496,0.0,0.0,0.0373
877,0.0514,-0.0333,-0.0945,0.0297,-0.0394,-0.0018,0.0,0.1345,0.0,0.0,-0.0412,0.0,0.1284,-0.0315,0.0,0.0,-0.1024
878,-0.0396,-0.0204,0.0092,0.0031,-0.0354,0.0046,0.0192,-0.0424,0.0,-0.0162,0.0373,0.0104,0.0166,-0.0234,0.0192,0.0192,0.0388
879,-0.0041,-0.0187,-0.0051,0.0001,-0.0187,0.0074,0.0073,-0.0384,0.0,-0.0021,0.0377,0.0365,0.0022,0.0105,0.0073,0.0,-0.0218
880,0.0048,-0.0434,-0.0012,-0.0361,-0.0361,0.041,0.0,0.0514,0.0,-0.012,-0.0789,-0.006,0.0646,0.0651,0.0,0.0,-0.0132
881,-0.0369,0.0388,0.0011,0.0003,0.0005,0.0194,0.0,0.0116,0.0,-0.0094,-0.0372,0.0,0.02,0.0003,0.0,0.0286,-0.0369
882,0.019,-0.0215,0.0131,0.0214,-0.0417,0.0202,0.0,0.0548,0.0,-0.0095,0.0107,0.0,-0.0119,-0.0107,0.0,0.0,-0.0441
883,-0.0248,-0.0334,0.1004,0.0133,-0.0098,-0.0663,0.0,-0.071,-0.0056,0.0087,0.0039,-0.0113,0.0676,-0.0123,0.0,0.0128,0.028
884,-0.0193,-0.0507,-0.001,-0.0047,-0.0138,-0.0321,0.0,0.1186,0.0942,-0.0138,-0.0959,0.0359,0.0794,-0.0501,0.009,0.009,-0.0645
885,0.0359,-0.0036,-0.017,0.0331,0.0059,0.0028,0.0,-0.0669,0.0,0.0035,0.0395,0.0102,-0.006,-0.0311,0.0,0.0,-0.0068
886,-0.0187,-0.0175,-0.1069,-0.0458,-0.0317,-0.0088,0.0588,0.1044,0.0,-0.0229,-0.0481,0.0,0.2766,-0.0611,0.0,0.0,-0.0786
887,0.0953,-0.0565,0.0863,0.006,-0.0357,-0.0208,0.0,-0.0387,0.0,0.0565,-0.1518,0.0,0.0596,-0.0268,0.0,0.0,0.0268
888,-0.0552,-0.0828,-0.0966,-0.0483,-0.0414,-0.0483,0.0,0.3069,-0.0276,-0.0207,-0.1034,-0.0345,-0.1172,-0.0276,0.0,0.0,0.3966
889,0.0787,-0.0523,-0.0229,0.0417,-0.0342,0.0332,0.0,-0.042,-0.0342,0.0209,0.0075,-0.0427,0.0397,-0.0256,0.0294,0.0,0.0027
890,0.0247,-0.0099,0.0279,-0.0081,-0.0061,0.0045,0.0021,0.0442,-0.0545,-0.0303,0.0374,-0.0156,-0.0285,0.0201,0.0042,0.0021,-0.014
891,-0.025,0.072,-0.0109,-0.0471,-0.0043,-0.0266,0.0,0.0791,-0.0407,-0.0325,-0.0131,0.0438,0.0552,-0.0244,0.0141,0.0,-0.0396
892,0.0802,-0.068,0.1855,-0.0445,0.0138,-0.0057,0.0,-0.0792,0.0,-0.0291,-0.0015,0.0332,-0.0542,-0.0291,0.0,0.0,-0.0015
893,0.0169,-0.0566,0.0022,-0.0029,-0.0044,0.0022,0.0,-0.0088,-0.0221,0.0074,0.036,-0.0154,0.0375,-0.0294,0.0375,0.0,0.0
894,0.045,0.0033,0.0627,0.0177,-0.032,0.0353,0.0417,-0.1167,-0.032,0.0,-0.0383,0.069,-0.0607,0.0257,0.0,0.0,-0.0207
895,0.0114,-0.0035,0.0136,0.0404,0.0088,-0.0017,-0.0167,-0.0776,-0.0333,0.0149,0.0701,0.0088,-0.0596,0.0338,0.0105,0.0,-0.0197
896,0.0311,0.0032,0.0134,-0.0335,0.0282,-0.0114,0.0,-0.005,-0.0826,0.0121,0.0782,-0.0439,-0.0421,0.0228,0.0253,0.0,0.0045
897,0.0422,-0.0015,0.0062,-0.0811,0.0346,0.0256,0.0,0.0393,-0.0811,-0.009,-0.0375,0.0693,-0.0043,-0.027,0.0,0.0526,-0.0285
898,-0.0833,-0.0277,-0.0583,-0.0111,0.0389,0.0306,0.0,-0.0889,-0.05,-0.0167,0.05,0.0611,0.1139,0.0389,0.0,0.0,0.0028
899,0.1046,0.0601,0.0268,-0.031,0.0123,-0.0222,0.0,-0.0866,-0.0433,-0.0111,0.0145,0.0023,-0.0522,0.0,0.0,0.0,0.0256
900,0.0012,0.0363,-0.026,0.0006,-0.0062,0.0074,0.0,0.0443,-0.0748,-0.0136,0.0783,0.0148,-0.1814,0.0765,0.0,0.0,0.0431
901,0.2376,-0.087,-0.0957,-0.0522,-0.0174,-0.0609,0.0,0.1681,-0.0348,-0.0087,-0.0957,-0.0522,0.2116,-0.0087,0.0,0.0,-0.1043
902,0.0578,-0.0182,0.0578,-0.0088,-0.0094,-0.0377,0.0,-0.0176,-0.0472,-0.0094,-0.0465,0.0578,0.0107,-0.0189,0.0,0.0,0.0295
903,-0.0278,0.0185,0.0556,-0.0278,0.0186,0.0463,0.0,0.1111,-0.0741,0.0,-0.0555,-0.0185,0.0,0.0,0.0,0.0,-0.0463
904,0.1615,0.0985,0.01,-0.0708,-0.0177,-0.0531,0.0,0.1527,-0.0708,-0.0265,0.0365,-0.0442,-0.1593,-0.0088,0.0,0.0,-0.0077
905,0.079,-0.0351,0.0526,-0.0176,-0.0351,0.0263,0.0,-0.0438,-0.0439,-0.0263,-0.0088,0.0263,-0.0351,0.0526,0.0,0.0,0.0088
906,0.0281,0.0002,-0.0829,-0.0787,0.0295,0.0348,0.0,0.1393,-0.0846,-0.0262,-0.0145,0.0449,0.013,-0.0132,0.019,0.0095,-0.0182
907,0.118,0.0762,0.0736,-0.0593,-0.0222,0.0492,-0.0074,0.0662,-0.0296,-0.0074,-0.0027,-0.0444,-0.1926,-0.0074,0.0,0.0,-0.0101
908,-0.0682,0.0201,0.0125,0.0773,-0.0303,-0.0227,0.0,0.0823,-0.0303,-0.0227,0.0588,-0.0034,-0.0446,-0.0379,0.0,0.0345,-0.0254
909,0.0271,-0.0671,-0.0057,0.0086,-0.0214,0.0043,0.0,-0.0514,-0.0786,-0.0143,0.0957,0.0443,-0.0557,0.0,0.08,0.0,0.0343
910,-0.0203,-0.0112,0.0337,0.0261,-0.055,0.0077,0.0,-0.0324,-0.0367,-0.0183,0.0072,0.0618,0.0492,0.0087,0.0179,0.0,-0.0381
911,-0.0125,-0.055,-0.055,-0.0275,-0.0031,-0.0325,0.0,0.1171,-0.0569,0.005,-0.0012,0.2278,-0.045,-0.0194,0.0,0.0,-0.0419
912,0.0963,-0.0054,-0.0421,-0.0546,-0.0105,-0.0221,-0.0074,0.0038,-0.0294,0.0115,-0.0274,0.0314,0.0563,0.0156,0.0189,0.0,-0.0348
913,0.1183,0.0033,-0.0367,-0.08,0.0017,0.0017,0.0,0.12,-0.06,-0.02,-0.0283,-0.0183,0.0267,0.0,0.0,0.0,-0.0283
914,-0.0504,0.0187,-0.015,-0.0756,0.0859,-0.0336,0.0,0.2072,-0.0588,-0.0252,-0.084,0.0691,0.0625,-0.0084,0.0,0.0,-0.0924
915,0.1184,-0.0816,-0.1122,0.1184,-0.0102,-0.0306,0.0,0.0571,-0.0612,-0.0102,-0.0816,0.149,0.0571,-0.0102,0.0,0.0,-0.102
916,-0.0889,0.2056,-0.1333,-0.0556,-0.0333,-0.0333,0.0,0.5833,-0.0667,-0.0111,-0.0444,-0.0556,-0.1667,0.0,0.0,0.0,-0.1
917,0.012,-0.0056,-0.1404,-0.0702,-0.0351,0.0646,0.0,0.232,-0.0263,-0.0439,-0.0965,0.0646,0.0678,-0.0263,0.0,0.0,0.0032
918,-0.075,-0.075,0.0722,-0.025,-0.05,0.0,-0.025,-0.0389,0.0,-0.025,-0.0139,0.0,-0.0389,0.1111,0.0,0.0,0.1833
919,0.0152,0.0752,-0.18,-0.0124,-0.08,0.0552,0.0,0.0505,0.0,0.0952,-0.0524,0.0,0.0229,0.0,0.0476,0.0,-0.0371
920,-0.0877,0.045,0.0822,0.0724,0.0099,-0.0175,0.0,-0.1404,0.0,-0.0077,0.1272,0.0,-0.0428,-0.0351,0.0,0.0,-0.0055
921,-0.0563,-0.0171,0.0085,0.0441,-0.0392,0.0846,0.0,-0.0331,0.0,0.0245,0.0062,-0.0196,-0.054,0.0221,0.0,0.0,0.0294
922,-0.0471,0.0398,-0.058,-0.0037,0.0253,-0.058,0.0,0.0218,0.0,0.0543,0.0508,0.0,-0.0326,-0.029,0.0,0.0,0.0363
923,-0.0632,0.002,0.0079,0.0712,0.002,0.002,-0.0217,0.0039,0.0,0.0692,-0.0849,0.0,0.006,-0.0435,0.0,0.0,0.0494
924,-0.0528,0.0248,-0.0158,0.0004,-0.0448,0.0984,0.0,-0.0076,0.0,-0.0204,-0.0281,0.0,-0.0404,0.0492,0.0164,0.0164,0.0046
925,-0.0073,0.0193,-0.0467,-0.0529,-0.0526,-0.0134,0.0,0.0387,0.0392,0.0129,0.0385,-0.0132,-0.0336,0.026,0.0,0.0,0.0449
926,-0.0769,0.0308,-0.0846,0.0231,-0.0385,-0.0192,0.0,-0.0038,0.0,0.0115,0.0538,-0.0192,0.0846,-0.0385,0.05,0.0,0.0269
927,-0.0471,0.0084,0.0015,-0.0822,0.0077,0.0837,0.0,0.0929,0.0,-0.0205,0.0289,0.0,-0.0334,-0.0342,0.0,0.0,-0.0053
928,-0.0783,-0.0957,0.0559,-0.0609,-0.0261,-0.0261,0.0,0.1205,0.0,-0.0174,-0.0223,0.0,0.0559,0.082,0.0,0.0,0.0125
929,-0.0242,-0.0909,0.1212,0.0485,-0.0424,-0.0182,-0.0061,-0.0848,0.0,0.0485,-0.0243,0.0667,-0.0303,0.0061,0.0,0.0,0.0303
930,-0.071,-0.1065,-0.0651,0.1731,-0.0651,-0.0355,0.0,0.2988,0.0,-0.0473,0.1553,-0.0059,-0.0888,-0.0296,0.0,0.0,-0.1124
931,0.002,-0.0176,-0.0032,0.0329,-0.0041,0.0011,-0.0053,-0.0036,-0.002,0.0142,0.0104,0.0065,0.0281,-0.0187,0.0,0.0,-0.0408
932,-0.0516,-0.0223,0.0344,-0.0195,0.0133,0.0333,0.0,0.0082,0.0,0.0186,-0.0437,0.02,-0.0256,-0.0121,0.0,0.0,0.047
933,-0.0413,-0.0176,-0.0642,-0.0511,-0.0108,0.0473,-0.0057,0.0311,0.0098,0.0243,0.0149,0.0196,-0.0038,0.0013,0.0,0.0,0.046
934,-0.0261,-0.0139,0.0044,-0.0202,-0.0192,0.0302,0.0,-0.058,0.0,0.0301,-0.0023,0.0307,0.0229,-0.0011,0.0184,0.0,0.0041
935,-0.0406,0.0333,0.0039,-0.0206,-0.0006,0.0539,-0.01,-0.0217,-0.02,0.0367,0.0356,0.0,-0.0333,-0.025,0.0,0.0,0.0083
936,-0.024,-0.0393,-0.0061,0.0032,-0.0067,0.0192,0.0106,0.0511,0.016,0.0086,-0.0433,0.0213,0.0119,-0.0193,0.0,0.0053,-0.0087
937,-0.0312,-0.0193,0.0788,-0.0165,-0.0092,0.0522,0.0,0.0055,0.0,-0.0211,-0.0266,0.0119,0.0055,-0.0394,0.0119,0.0,-0.0028
938,-0.0347,0.0021,-0.0058,0.0259,-0.0213,0.0736,-0.0079,0.0017,0.0,-0.0159,-0.0163,0.0263,0.0101,-0.0054,0.0263,0.0,-0.0585
939,0.2042,-0.0963,0.1894,0.0392,-0.0519,-0.0074,0.0,-0.0201,0.0,-0.0519,-0.1333,0.0,0.0688,-0.037,0.0,0.0,-0.1037
940,0.0136,-0.006,-0.048,-0.0308,0.0215,0.0341,-0.0075,-0.0045,-0.0075,0.0191,0.003,0.0317,-0.0041,-0.035,0.0196,0.0,0.0006
941,-0.0255,-0.0488,0.0407,-0.0255,-0.004,-0.0218,0.0065,-0.0085,0.0185,-0.028,0.026,0.0,0.0475,0.0149,0.0185,0.0,-0.0106
942,-0.0122,-0.041,0.0785,-0.0292,-0.0292,-0.0004,-0.0057,-0.0867,-0.0057,-0.0174,0.027,0.0169,0.0838,-0.0117,0.0,0.0,0.0327
943,-0.0567,-0.0093,0.0105,-0.0418,0.0021,0.024,0.005,0.0307,0.0099,-0.0106,0.0197,0.0,0.0402,0.0004,0.0,0.0,-0.0238
944,-0.0185,-0.0386,0.0807,-0.007,-0.0126,0.015,0.0095,-0.1048,0.0,-0.004,0.0291,0.0286,0.0682,-0.0221,0.0095,0.0,-0.0331
945,-0.0629,-0.0407,0.0134,-0.0241,-0.0548,-0.0162,0.0,0.0111,0.0,0.0225,0.0204,-0.0078,0.0664,0.0222,0.0227,0.0,0.0276
946,0.0025,-0.0136,0.033,-0.0283,0.006,-0.0087,0.0,0.0051,0.0,0.0041,-0.0078,0.0199,-0.0136,0.0131,0.009,0.0,-0.0205
947,-0.0285,-0.0157,-0.028,-0.0232,-0.0176,0.02,-0.0062,0.0765,0.0194,-0.0176,0.0299,0.0128,0.0095,-0.0304,0.0,0.0,-0.001
948,0.0069,-0.006,-0.0398,-0.0213,-0.0139,0.04,0.01,0.0218,0.0,-0.0039,0.004,0.0082,-0.0452,-0.0075,0.0,0.0,0.0467
949,-0.0482,0.0471,-0.0006,-0.0422,-0.0061,-0.0002,-0.006,0.0467,0.0,-0.036,0.0112,0.006,-0.0006,0.0058,0.006,0.0,0.0172
950,-0.0859,0.0268,-0.0166,-0.0234,-0.0552,0.0943,-0.0061,0.0157,0.0,-0.0123,0.0335,0.0,0.0202,-0.0056,0.0,0.0,0.0146
951,-0.0481,0.0048,0.0201,0.0056,-0.0164,0.0232,0.0,0.0093,0.0,-0.0043,-0.0193,-0.0088,0.0696,-0.0142,0.0,0.0099,-0.0315
952,0.0141,0.0176,-0.07,0.0021,0.0541,-0.0036,0.0,0.081,0.0128,-0.0237,-0.0408,0.0064,0.0094,-0.0182,0.0064,0.0,-0.0481
953,0.1765,-0.1029,-0.0882,-0.0588,-0.0515,-0.0294,0.0,0.0662,0.0,-0.0368,-0.1324,0.25,0.1765,-0.0294,0.0,0.0,-0.1397
954,0.0991,-0.0412,0.0336,-0.0412,0.0122,0.0188,0.0,-0.0169,0.0,0.0188,-0.0785,-0.0067,0.0658,-0.0145,0.0227,0.0,-0.0718
955,0.0292,0.0022,-0.1622,0.0292,-0.027,-0.027,-0.027,-0.1059,0.0,-0.027,0.0856,0.1667,0.1149,0.0,0.0,0.0,-0.0518
956,-0.0714,-0.119,-0.0952,0.0953,-0.0238,-0.0238,0.0,0.0952,0.0,0.0,-0.0714,0.1667,0.1428,-0.0238,0.0,0.0,-0.0714
957,-0.0335,-0.0032,-0.0548,0.0271,-0.0123,0.0393,0.0,0.0174,0.0,-0.0213,0.0148,0.009,-0.0277,0.009,0.0,0.0,0.0361
958,-0.052,0.0346,0.052,0.0346,0.0173,-0.0152,-0.0152,-0.0412,0.0,0.0259,0.039,0.0,-0.0736,0.0324,0.0,0.0,-0.0389
959,0.1964,-0.0714,-0.0714,-0.0714,0.1072,-0.0179,-0.0179,0.2857,0.0,-0.0714,-0.1429,0.0,0.0536,-0.0179,0.0,0.0,-0.1607
960,-0.1129,0.0242,0.0564,0.0161,-0.0161,0.0322,0.0,-0.0726,-0.0081,0.0322,0.0081,0.0,0.0162,0.0,0.0,0.0,0.0242
961,-0.0391,0.0155,0.0319,0.0236,-0.0135,-0.0121,-0.0058,-0.0088,0.0071,-0.0206,0.062,-0.0058,-0.0301,0.0035,0.0143,0.0,-0.0221
962,0.0255,-0.0118,0.0582,-0.006,-0.031,0.0062,0.0,-0.0036,0.0056,0.0192,-0.0361,0.0056,0.0125,-0.035,0.0,0.0,-0.0096
963,-0.0285,-0.0013,0.0394,0.0033,-0.0239,-0.0261,0.0,-0.014,0.0147,0.0033,0.0428,-0.0136,-0.0375,0.0022,0.0,0.0,0.0394
964,-0.0019,-0.044,0.0702,0.0223,-0.024,-0.0136,0.0,-0.0317,0.0,0.0009,0.0307,0.0,-0.0022,-0.003,0.0071,0.0,-0.0109
965,-0.0028,-0.0208,0.004,-0.0012,-0.0062,-0.0158,0.0,-0.0118,0.0029,0.0123,0.0328,0.0147,0.0148,-0.0041,0.0,0.0,-0.0189
966,-0.0187,-0.0186,-0.0634,0.0004,-0.019,0.154,0.0,0.065,0.0,-0.0318,-0.0247,0.0,0.0774,-0.0509,0.0,0.0,-0.0696
967,-0.022,0.0402,0.0309,0.0204,-0.026,0.02,0.0,-0.0214,0.0034,0.0002,-0.0185,0.0,-0.019,-0.0127,0.0,0.0,0.0045
968,-0.0471,-0.0086,0.0104,0.0064,-0.0025,0.0126,0.0,0.0115,0.0094,0.0313,-0.023,0.0,-0.0107,-0.0232,0.0,0.0047,0.0286
969,0.0805,0.0805,-0.1293,-0.0345,-0.0431,-0.0172,0.0,0.3017,0.0,-0.0431,-0.0948,0.0,0.0977,-0.0517,0.0,0.0,-0.1466
970,-0.0488,0.0501,-0.0854,-0.1098,-0.0244,-0.0366,0.0,0.1992,0.0,0.0989,-0.084,0.0,0.0135,-0.0488,0.0,0.0,0.0759
971,-0.05,-0.06,0.1453,-0.0312,0.0288,-0.02,0.0,0.0065,0.0,0.0088,-0.0124,0.0,0.0765,-0.06,0.0,0.0,-0.0324
972,0.0104,0.0047,-0.0045,0.0082,0.0104,0.0104,0.0,-0.0447,0.0,-0.0057,0.0382,0.0161,-0.008,0.007,0.0,0.0,-0.0424
973,0.0501,0.0068,-0.0162,-0.061,-0.0122,0.0989,-0.0122,-0.023,0.0,0.0312,-0.004,0.0,-0.0542,-0.0366,0.0,0.0,0.0326
974,-0.0261,0.0157,0.1043,-0.0122,0.0539,-0.0261,-0.0087,0.0835,0.0,0.0139,-0.0104,0.0,-0.0678,-0.0435,0.0,0.0,-0.0765
975,0.0087,-0.017,0.0562,0.0324,0.0475,-0.0258,-0.0108,0.0326,0.0,-0.0323,-0.0083,0.0172,-0.0686,-0.0043,0.0345,0.0,-0.0621
976,-0.033,-0.1209,-0.0769,-0.0659,-0.022,-0.022,-0.011,0.0462,0.0,-0.011,0.0462,0.0,0.0571,0.167,0.0,0.0,0.0462
977,0.022,0.0543,-0.0301,-0.0151,0.0162,-0.0417,-0.0104,0.029,0.0,0.0162,-0.0347,0.037,0.0231,-0.0312,0.0,0.0,-0.0347
978,-0.0095,-0.1143,-0.0952,-0.0381,-0.0476,-0.0095,-0.0095,0.2476,0.0,-0.0381,-0.1333,0.4,0.0571,-0.0381,0.0,0.0,-0.1714
979,0.0948,0.0307,-0.1026,-0.1026,-0.0128,-0.0385,0.0539,0.1923,0.0,-0.0128,-0.1538,0.0,0.2179,-0.0385,0.0,0.0,-0.1282
980,-0.0549,-0.1099,-0.0879,-0.0549,-0.044,-0.033,-0.011,0.4505,0.0,-0.033,-0.1429,0.0,0.1538,-0.033,0.0,0.1429,-0.1429
981,-0.0508,-0.0763,0.0735,0.082,-0.0254,-0.0085,0.0,0.0057,0.1667,-0.0508,0.0396,-0.0085,-0.1017,-0.0678,0.0,0.0,0.0226
982,-0.0582,-0.0084,0.0644,-0.004,-0.0223,-0.0177,0.0045,0.0101,0.0045,-0.0086,0.0148,0.0,0.0145,0.0049,0.0091,0.0,-0.0077
983,-0.0193,-0.0089,-0.0724,0.0397,0.0058,0.0029,0.0,0.0117,0.0,-0.0339,0.0307,-0.0088,-0.0237,0.0397,0.0,0.0,0.0366
984,0.0032,0.0,-0.0381,0.0127,-0.0048,-0.0254,0.0111,0.0127,0.0,-0.0254,0.027,0.0111,0.0285,0.0063,0.0,0.0,-0.0191
985,-0.0576,0.03,-0.0629,-0.032,-0.0149,-0.0074,0.0,-0.0684,0.0,0.0203,0.1103,0.0,0.0054,0.0032,0.0,0.0,0.074
986,-0.0189,-0.0096,-0.0189,-0.0798,-0.0181,0.0434,0.0,0.0162,0.0,-0.0358,0.0316,0.0087,0.0508,0.0075,0.0,0.0,0.0233
987,-0.0735,0.0542,0.012,-0.0468,-0.0031,-0.007,0.0,0.0669,0.0,-0.0312,0.0271,0.0,0.0009,-0.0493,0.0,0.0,0.0497
988,-0.0453,0.0133,0.0263,0.0222,-0.0203,-0.004,0.0,0.0009,0.0044,-0.0623,-0.0021,0.0,0.0475,0.005,0.0,0.0,0.0146
989,-0.0541,0.0292,-0.093,0.0225,-0.0473,0.0143,0.0,-0.0458,0.0,0.0083,0.0676,0.0278,0.0578,-0.006,0.0,0.0,0.0187
990,0.0276,0.1232,-0.0957,-0.0696,-0.0522,-0.0174,0.0,0.2116,0.0,-0.0261,-0.1478,0.0,0.229,-0.0435,0.0,0.0,-0.1391
991,-0.0992,0.0528,0.0279,-0.002,-0.0305,0.0104,0.0,0.0493,0.05,0.0056,-0.0103,0.0,0.0251,0.0209,0.0,0.0,-0.0999
992,-0.0481,0.0068,-0.0623,0.0254,-0.0153,0.0518,0.0,0.0201,0.0,0.0277,0.0599,0.0,0.0113,-0.013,0.0,0.0,-0.0643
993,-0.0731,-0.0098,0.0596,0.0407,-0.0517,0.0261,0.0,-0.063,0.0,-0.03,0.0771,0.0,-0.0039,0.0059,0.0101,0.0,0.0121
994,-0.087,0.003,-0.0342,0.0175,-0.0652,0.0774,0.0,0.0422,0.0,0.0247,0.0451,-0.0145,0.0422,-0.028,0.0,0.0,-0.023
995,-0.0576,0.0545,-0.0576,-0.0479,-0.0566,-0.0377,0.0,0.0258,0.0185,-0.0007,0.1086,0.0,0.0353,-0.0472,0.0185,0.0,0.0441
996,-0.0322,0.0164,-0.0183,0.0196,-0.0246,0.0421,0.016,0.0116,0.0,0.0074,-0.0664,0.04,-0.0092,0.0095,0.0,0.0,-0.0119
997,0.0071,-0.0011,-0.0969,-0.0374,-0.0011,0.0131,0.0,0.0031,0.0,0.0303,0.1031,0.0,0.0071,0.0031,0.0,0.0,-0.0303
998,0.0033,0.0401,-0.004,-0.0076,-0.0002,0.0219,0.0,0.051,0.0073,-0.0442,-0.0079,0.0,0.04,-0.0294,0.0,0.0,-0.0702
999,-0.0664,0.0593,0.1424,-0.0363,0.0034,0.0305,0.0,0.0434,0.0,-0.0222,-0.0693,0.0,-0.0409,-0.0222,0.0,0.0,-0.0217
1000,0.0291,0.0545,-0.0494,0.0064,-0.0412,0.0151,0.0,0.022,0.0075,-0.025,-0.0197,0.0,-0.0024,-0.0012,0.0238,0.0,-0.0197
1001,-0.0354,0.0639,0.0604,-0.0045,-0.0121,-0.0045,0.0,0.015,0.0085,-0.0216,0.0276,0.0,-0.0345,-0.0206,0.0085,0.0,-0.051
1002,-0.0252,0.013,-0.0263,-0.0557,-0.0382,0.0141,0.0,0.0348,0.0,0.0206,-0.022,0.0588,0.0925,-0.0458,0.0294,0.0,-0.0503
1003,-0.0172,0.0108,-0.0136,0.0108,-0.0226,-0.021,0.0,0.0494,0.0,-0.049,0.0252,0.0,-0.0172,-0.0087,0.0,0.0,0.0531
1004,-0.004,0.0589,-0.0269,-0.0563,-0.0258,0.0295,0.0,-0.044,0.0,-0.0134,0.0215,0.0,-0.0192,0.0247,0.0,0.0,0.055
1005,-0.0443,0.047,0.0202,0.0093,-0.0404,0.0703,0.0,0.0527,0.0,-0.0381,-0.0071,0.0,-0.0467,-0.0051,0.0194,0.0,-0.0373
1006,-0.0102,0.012,0.0515,-0.0403,-0.036,-0.0222,0.0,0.0447,0.0,-0.0567,0.0335,0.0,-0.0225,0.0109,0.0123,0.0,0.0226
1007,-0.0398,0.1445,0.0453,-0.0324,0.0314,-0.0148,0.0,0.024,0.0,-0.0296,-0.0676,0.0417,-0.013,-0.0593,0.0,0.0,-0.0306
1008,-0.082,0.1128,-0.087,0.0964,-0.0574,0.0605,0.0,0.0718,0.0,-0.0492,-0.0019,0.0,-0.0215,-0.041,0.0,0.0,-0.0019
1009,-0.1135,-0.0709,0.0603,0.0124,-0.0567,-0.0284,0.0,0.0958,0.0,-0.0638,0.0727,0.0,0.1507,-0.0284,0.0,0.0,-0.0302
1010,-0.0365,0.0221,0.0655,0.0212,-0.0249,0.0053,0.0124,-0.033,0.0,-0.0152,-0.0021,0.0,-0.0028,-0.0089,0.0062,0.0,-0.0091
1011,-0.0978,-0.0708,0.1087,-0.0018,-0.0014,-0.0177,0.0,-0.0106,0.0,-0.0014,0.0648,0.0,0.0149,0.0257,0.0172,0.0,-0.0297
1012,0.0266,-0.0233,-0.093,-0.093,-0.0465,0.2392,0.0,0.2658,0.0,-0.0698,-0.093,-0.0233,-0.1163,0.1429,0.0,0.0,-0.1163
1013,0.1306,-0.0417,-0.2083,0.0583,0.0722,0.0722,0.0,0.1028,0.0,-0.0556,-0.1111,-0.0139,0.1028,-0.0417,0.0,0.0,-0.0667
1014,0.071,0.1194,-0.0968,-0.0484,-0.0484,0.1677,0.0,0.2226,0.0,-0.0323,-0.0806,-0.0161,-0.129,-0.0161,0.0,0.0,-0.1129
1015,0.1233,0.0449,0.0645,-0.098,-0.0588,0.0841,-0.0392,0.2325,0.0,-0.0196,-0.0784,-0.0196,-0.1569,-0.0196,0.0,0.0,-0.0588
1016,-0.0588,0.0662,-0.1373,0.3554,-0.0196,-0.0392,0.0,0.0931,0.0,-0.0588,0.027,-0.0196,0.0074,-0.0196,0.0,0.0,-0.1961
1017,-0.0268,-0.0744,0.022,-0.0012,-0.0012,0.0708,0.0,-0.0034,0.0,-0.0976,0.0708,-0.0244,0.0685,0.0,0.0,0.0,-0.0034
1018,-0.08,0.065,-0.015,-0.06,-0.02,0.0025,0.0,0.13,0.0,0.0025,-0.0375,-0.02,-0.015,0.0,0.0,0.0,0.0475
1019,0.0408,0.0421,-0.0376,0.0006,0.016,0.039,0.0,0.0287,0.0,-0.0185,0.0236,-0.0128,-0.1162,0.0102,0.0057,0.0057,-0.0274
1020,-0.087,-0.087,-0.03,-0.1014,0.0569,-0.0435,0.0,0.1553,0.0,-0.0725,0.0559,-0.0145,0.2412,-0.029,0.0,0.0,-0.0445
1021,-0.0943,-0.0377,0.0686,0.1441,0.0532,-0.0377,0.0,-0.0412,0.0909,-0.0566,-0.0034,-0.0189,0.0309,-0.0566,0.0,0.0,-0.0412
1022,0.025,0.175,-0.15,-0.05,-0.025,0.175,0.0,0.175,0.0,-0.025,-0.075,-0.025,-0.05,0.0,0.0,0.0,-0.15
1023,-0.0772,0.0456,0.0518,-0.0292,0.0333,-0.0147,0.0,0.0495,0.0,-0.0625,0.0248,-0.0208,-0.0501,0.0333,0.0,0.0,0.0164
1024,-0.0049,0.0447,-0.0062,-0.0401,-0.0206,0.0157,0.0,0.0059,0.0339,-0.0195,-0.0413,-0.0182,0.0083,0.0326,0.0,0.0,0.0095
1025,-0.0893,-0.0536,-0.0714,-0.0893,-0.0179,0.9643,0.0,-0.1429,0.0,-0.0536,-0.1071,-0.0179,-0.125,-0.0357,0.0,0.0,-0.1607
1026,-0.0694,-0.0694,-0.1806,-0.0694,-0.0694,-0.0278,0.0,0.8472,0.0,-0.0139,-0.0972,-0.0139,-0.1111,0.0,0.0,0.0,-0.125
1027,-0.0714,0.0143,-0.0429,0.0286,0.0285,-0.0286,0.0,0.0,0.0286,-0.0143,0.1857,0.0143,-0.1429,0.0,0.0,0.0,0.0
1028,-0.029,0.0225,-0.0472,-0.029,0.0255,0.023,0.0,0.0194,0.0103,-0.0339,0.051,-0.0182,-0.094,0.0333,0.0103,0.0,0.0558
1029,-0.0319,0.0129,-0.0574,0.0216,-0.0063,0.0577,0.0,0.0344,0.0,-0.0063,-0.0147,-0.0149,-0.0766,0.0385,0.0,0.0,0.043
1030,-0.0909,0.0523,-0.0674,0.0106,0.0053,0.0651,0.0,-0.0622,0.0,0.0053,0.0576,-0.0182,0.0576,-0.0545,0.0,0.0,0.0394
1031,-0.0769,0.0038,0.0846,-0.0192,0.0615,0.0615,0.0,-0.0538,0.0,-0.0577,0.0231,-0.0192,-0.1346,-0.0192,0.0,0.0,0.1462
1032,-0.0084,-0.0159,0.109,-0.0421,-0.048,0.0042,-0.0167,-0.0094,0.0449,-0.0367,0.0086,0.002,-0.0322,0.0225,0.0037,0.0187,-0.0043
1033,0.0613,0.1021,0.0613,-0.102,-0.0816,0.1225,0.0,0.0,0.0,-0.0612,0.0613,-0.0204,0.0,0.0,0.0,0.0,-0.1429
1034,0.0552,0.1254,-0.1228,-0.0351,-0.0351,-0.0526,0.0,0.1453,0.1429,-0.0702,-0.0702,0.1254,-0.015,-0.0351,0.0,0.0,-0.1579
1035,-0.0794,-0.0476,-0.1746,-0.0635,-0.0476,-0.0159,0.0,0.3889,0.0,-0.0476,-0.0952,-0.0159,0.3889,-0.0159,0.0,0.0,-0.1746
1036,0.3475,-0.0339,-0.1186,-0.0508,-0.0678,-0.0678,0.0,0.4153,0.0,-0.0508,-0.0847,-0.0169,-0.1017,-0.0169,0.0,0.0,-0.1525
1037,0.0372,0.0248,-0.0318,-0.1132,0.125,0.0123,-0.0189,0.1804,0.0,-0.0566,-0.082,-0.0189,-0.0637,-0.0377,0.0625,0.0,-0.0194
1038,0.1074,-0.0741,-0.1481,-0.0926,-0.0556,-0.0185,0.0,0.2704,0.0,-0.0556,-0.0556,-0.0185,0.0704,0.0,0.0,0.0,0.0704
1039,-0.0656,0.2677,-0.1967,-0.0656,-0.0492,-0.0164,0.0,0.2513,0.0,-0.0492,-0.1311,0.3169,-0.1311,0.0,0.0,0.0,-0.1311
1040,0.1912,-0.0784,0.0466,-0.1176,-0.0392,-0.0588,0.0,0.1127,0.0,-0.0588,-0.0784,0.0,-0.098,0.125,0.0,0.125,-0.0711
1041,0.0406,-0.0377,0.0783,-0.1321,-0.0189,0.0392,-0.0189,0.0029,0.0,0.0203,0.0014,0.058,0.0987,0.0,0.0,0.0,-0.1321
1042,-0.076,-0.0102,0.1326,-0.0017,-0.031,-0.0562,-0.0112,0.0331,0.0545,-0.0085,0.0219,-0.0112,-0.0284,0.0364,0.0,0.0,-0.0439
1043,0.0384,0.0413,0.0835,0.0347,0.0103,-0.0075,-0.0179,-0.0123,0.0,-0.0291,-0.0725,0.0282,-0.0085,-0.0432,0.0,0.0,-0.0453
1044,-0.0645,0.1532,-0.0296,-0.0645,-0.0645,-0.0161,0.0,0.1048,0.0,-0.0484,0.0377,0.0,-0.0806,0.051,0.0,0.0,0.0215
1045,-0.0105,-0.041,0.0787,-0.0603,0.0009,-0.0149,0.0,0.1206,0.0192,-0.0183,-0.021,0.0,-0.0332,-0.0376,0.0,0.0192,-0.0018
1046,-0.0811,0.0088,0.0988,-0.0078,-0.0434,-0.05,0.0189,-0.0346,0.0189,-0.05,0.0342,0.0,0.0488,-0.0144,0.0,0.0,0.0531
1047,0.0,0.04,0.04,-0.04,-0.06,-0.04,0.0,-0.16,0.0,0.06,0.16,-0.02,-0.02,-0.02,0.0,0.0,0.06
1048,0.0236,-0.1143,0.101,-0.0857,-0.0084,0.0547,0.0,-0.0109,0.0,0.0261,-0.0192,0.0,0.0379,-0.0286,0.0,0.0,0.0236
1049,0.0121,-0.0348,0.0762,0.0165,-0.0021,0.0366,-0.0156,-0.0189,0.0112,-0.0408,0.0124,0.0,-0.0154,0.0105,0.0,0.0,-0.048
1050,0.0268,-0.0092,0.0746,0.0265,-0.0101,-0.0048,0.0,0.0017,0.0105,-0.052,-0.0143,0.0,-0.0041,-0.0153,0.0,0.0,-0.0303
1051,-0.0961,-0.0198,0.211,-0.0896,0.0101,-0.0066,0.0,0.1281,0.0465,-0.0448,-0.1177,0.0233,-0.0115,-0.0149,0.0,0.0465,-0.0645
1052,-0.0531,-0.0678,0.1484,-0.0025,-0.0152,-0.001,-0.0132,-0.0303,0.038,-0.0268,0.0082,0.0121,-0.004,0.0248,0.0,0.0,-0.0177
1053,-0.0988,-0.0676,0.0519,0.0208,0.0085,0.0208,0.0,0.0006,0.0,0.0415,-0.0222,0.0,0.05,0.0085,0.0,0.0,-0.0137
1054,-0.0479,0.0127,0.0386,-0.0243,-0.0071,0.0173,-0.0125,0.0661,0.0377,-0.0165,-0.0612,0.0236,0.0504,-0.0385,0.0024,0.0,-0.0408
1055,0.0298,0.0079,-0.0669,-0.0686,-0.0658,-0.0232,-0.0132,0.0829,0.0176,-0.0291,0.0594,0.0118,-0.0039,0.0443,0.0,0.0059,0.011
1056,-0.023,-0.0575,-0.046,-0.1149,-0.0575,0.0115,0.0,0.2069,0.1379,-0.069,-0.1379,0.1034,0.1839,-0.023,0.0,0.0,-0.1149
1057,-0.0223,0.048,0.0914,0.0045,-0.0232,-0.051,0.0,-0.0021,0.0556,-0.013,-0.0353,0.0,-0.0215,0.0018,0.0,0.0,-0.0327
1058,-0.0295,-0.0095,0.0756,0.0332,0.0436,-0.0102,-0.0104,-0.0601,0.0319,0.0115,-0.0181,0.0,0.0231,-0.0519,0.0,0.0,-0.0293
1059,-0.0637,-0.0378,0.0256,-0.019,-0.0002,0.0099,0.0115,-0.0381,0.0,-0.0045,0.034,-0.0101,0.0355,0.0129,0.0,0.0057,0.0383
1060,0.0238,-0.0424,0.0036,0.0027,-0.022,0.0256,0.0123,-0.0996,0.0044,-0.0467,0.0767,-0.0079,0.0194,0.03,0.0,0.0,0.0203
1061,-0.0491,-0.0491,0.0268,-0.003,-0.0952,-0.0056,0.0541,-0.0823,0.1081,0.0215,-0.0602,0.0,0.1671,0.0053,0.0,0.0,-0.0385
1062,-0.1021,0.0171,0.0282,0.0393,-0.0232,-0.0054,0.0089,-0.0014,-0.0011,-0.0132,0.005,0.0179,0.0261,0.0157,0.0,0.0,-0.0118
1063,-0.0173,-0.0065,-0.0518,0.0382,-0.0422,0.0262,0.0,-0.045,0.0115,-0.0198,0.0497,0.0,0.0273,0.0121,0.0115,0.0,0.0062
1064,-0.0967,0.0413,-0.0006,-0.064,-0.0113,0.0103,0.0,0.0085,0.0,0.0313,0.0306,-0.0001,0.0096,-0.0108,0.0,0.0,0.0517
1065,-0.0017,0.0178,0.027,0.0261,-0.0576,0.0135,0.0,-0.0622,0.0072,-0.0205,-0.0056,0.0165,0.0076,0.0105,0.0083,0.0,0.0129
1066,-0.1444,0.0667,-0.0889,-0.0778,0.2666,-0.0222,0.0,-0.2111,-0.0111,0.0,0.1,0.1667,0.0667,-0.0333,0.0,0.0,-0.0778
1067,-0.0624,-0.0027,0.0824,0.0368,-0.0518,0.0193,0.0,-0.1123,0.0123,0.0535,-0.0089,0.0061,0.0315,0.0052,0.0123,0.0,-0.0212
1068,-0.0919,-0.0681,0.0855,-0.0021,-0.0952,0.0098,0.0,-0.066,0.0152,0.0974,0.066,0.0033,-0.0346,-0.0086,0.0,0.0,0.0899
1069,0.048,-0.0196,0.0893,0.0151,-0.044,0.0076,-0.0103,-0.0381,0.0282,-0.0299,0.0199,0.0,0.0058,0.0292,0.0141,0.0,-0.1152
1070,-0.0362,0.095,0.0416,-0.0042,-0.0271,0.0028,-0.0049,0.0283,-0.0049,0.0111,-0.0459,0.0153,0.0117,-0.0549,0.0,0.0,-0.0279
1071,-0.0612,-0.0042,0.0355,0.0073,-0.0573,-0.0021,0.0,0.0178,0.0152,-0.0078,-0.0024,0.0152,0.0033,0.0397,0.0,0.0,0.0012
1072,-0.0509,0.0809,0.0391,-0.0542,-0.0769,0.0035,0.0,-0.0345,0.0,0.0131,0.0493,0.0323,0.0103,0.0068,0.0,0.0,-0.0186
1073,-0.0397,-0.0245,0.0873,-0.0245,-0.0464,-0.0047,0.0,-0.0205,0.0323,0.002,0.0087,-0.0104,0.0457,-0.0151,0.0,0.0,0.0098
1074,-0.0565,0.0238,-0.0204,-0.0113,-0.011,-0.0104,0.0,0.055,0.0,0.0071,0.0407,-0.0091,-0.0211,-0.001,0.0,0.0088,0.0053
1075,-0.05,0.0393,0.0175,-0.0042,-0.0276,-0.0147,-0.0095,-0.0194,0.0139,0.0227,-0.0274,0.0139,0.0046,0.0157,0.0,0.0,0.0254
1076,-0.0968,0.1099,-0.0318,-0.043,-0.0323,0.0112,0.0,0.143,0.0327,-0.0538,0.0449,0.0,-0.0425,-0.043,0.0,0.0,0.0014
1077,-0.098,0.0206,-0.0084,0.0331,-0.0625,0.002,-0.0125,0.0287,0.0,-0.0084,-0.0064,0.0,0.0206,0.0811,0.0,0.0,0.0101
1078,-0.0173,0.0163,0.0479,0.0586,0.003,-0.0096,0.0,-0.0548,0.0227,-0.0405,-0.0286,-0.0108,0.0163,0.0341,0.0,0.0,-0.0375
1079,0.0554,-0.0404,-0.0063,-0.0063,-0.0194,0.0505,0.0,-0.0216,0.0122,-0.008,-0.0307,0.0,0.0546,0.0122,0.0,0.0,-0.0518
1080,-0.0754,-0.0701,0.042,0.0569,-0.0351,-0.0101,0.0,-0.0806,0.0149,0.0121,0.0444,0.0,-0.0004,0.0323,0.0,0.0,0.069
1081,0.0169,-0.024,0.0697,0.024,-0.0673,0.0433,0.0,0.0048,0.0,-0.0481,0.0192,-0.0096,-0.0024,-0.0385,0.0,0.0,0.012
1082,0.1691,-0.069,0.0032,0.1445,-0.1034,0.0246,0.0476,-0.1823,0.0952,-0.046,-0.0329,0.0,0.0624,-0.046,0.0,0.0,-0.0673
1083,-0.0608,0.0174,0.079,-0.0764,-0.0575,-0.0263,0.0,0.0119,0.0469,-0.0419,0.033,0.0312,-0.0139,0.0041,0.0156,0.0,0.0372
1084,-0.0519,0.0139,0.019,0.0078,-0.0095,0.0338,0.0,0.0952,0.0043,-0.0554,-0.0104,0.0043,0.0277,-0.0156,0.0,0.0,-0.0632
1085,0.025,0.18,-0.11,-0.07,0.065,-0.01,-0.01,-0.17,0.0,-0.04,0.005,0.125,-0.09,0.105,0.0,0.0,-0.005
1086,-0.1047,0.0239,0.0239,-0.0172,-0.0814,-0.0233,0.0,0.0012,0.0,-0.0465,0.0942,0.0,0.1291,-0.0116,0.0,0.0,0.0123
1087,-0.0442,-0.0013,0.0169,0.0028,-0.003,0.0395,0.0,0.0027,0.0096,-0.0316,0.0369,0.0048,0.0172,-0.0271,0.0096,0.0,-0.0331
1088,-0.0351,0.0351,-0.0702,-0.0702,-0.0526,0.0351,-0.0175,0.1579,-0.0175,-0.0175,-0.0351,0.0526,0.0,0.0175,0.0,0.1053,-0.0877
1089,0.0889,0.0222,-0.0333,0.0112,-0.0222,0.0,0.0,-0.0111,0.0,0.0,0.0222,0.0,-0.1,0.0112,0.0,0.0,0.0111
1090,0.0334,-0.0667,-0.0445,-0.0667,-0.0222,-0.0444,0.0,-0.0555,0.0,0.0334,0.0334,0.0556,0.0556,-0.0111,0.1111,0.0,-0.0111
1091,0.2898,-0.0435,-0.1304,0.2463,0.0,0.0,-0.0217,-0.0652,0.0,-0.0217,0.1376,0.0,-0.1522,-0.0435,0.0,0.0,-0.1957
1092,-0.0784,-0.0588,-0.1373,-0.0784,-0.0196,-0.0196,0.0,-0.1373,0.25,-0.0392,0.1127,0.0,0.1324,0.0,0.0,0.0,0.0735
1093,-0.0048,0.0442,0.0369,-0.0071,-0.0023,-0.0023,0.0,-0.0817,0.0,-0.0023,-0.04,0.0465,-0.0352,0.0465,0.0233,0.0,-0.0215
1094,-0.0635,-0.0635,-0.1746,-0.0794,-0.0317,-0.0317,0.0,0.3206,0.0,-0.0317,-0.1905,0.0,0.1048,0.0,0.0,0.0,0.2413
1095,0.0265,0.0767,-0.1164,-0.0344,0.037,-0.0476,0.0,0.0291,0.0,-0.0476,0.127,0.0,0.0291,0.0132,0.0,0.0,-0.0926
1096,0.0478,-0.0349,0.0998,-0.0588,0.0,-0.0153,0.0,0.0324,0.0,0.0435,-0.1091,0.0,0.017,-0.0392,0.0,0.0,0.017
1097,0.0114,0.0293,0.0071,-0.0286,0.0136,0.0136,0.0,-0.015,0.0,-0.0221,-0.035,0.0179,-0.0486,0.0357,0.0,0.0,0.0207
1098,-0.0133,0.0321,0.0384,-0.0525,0.0,0.0259,-0.0196,-0.0267,0.0455,-0.0196,-0.0205,0.0909,-0.0009,-0.0392,0.0455,0.0,-0.0856
1099,-0.029,-0.0088,0.0315,-0.0248,-0.0206,0.0038,0.0,-0.0134,0.0244,-0.0084,-0.0255,0.0488,-0.0008,-0.0042,0.0,0.0,0.027
1100,-0.1016,0.0169,0.0242,0.007,-0.0521,-0.0323,-0.0099,0.0386,0.0517,-0.0323,0.113,0.0,-0.099,0.0121,0.0,0.0,0.0635
1101,0.0323,-0.0374,0.096,0.0727,-0.0404,-0.0707,-0.0101,-0.0586,0.0232,0.0465,-0.0677,0.0,0.0323,-0.0172,0.0,0.0,-0.001
1102,-0.0219,-0.0219,0.0446,-0.0583,-0.0132,-0.0067,0.0128,-0.0268,-0.0087,-0.0174,0.0335,0.0128,-0.0199,0.0426,0.0,0.0,0.0484
1103,-0.0652,0.035,0.0241,0.1461,-0.0326,-0.0435,-0.0109,0.0374,-0.0217,-0.0435,0.0133,0.0,0.0133,-0.0543,0.0,0.0,0.0024
1104,-0.0783,-0.0116,-0.0116,-0.1043,-0.0189,0.0652,0.0,-0.0072,-0.0174,-0.0015,0.0624,0.0,0.0043,0.0232,0.0,0.0,0.0957
1105,-0.0219,-0.0357,0.0276,0.0177,-0.0297,-0.0594,0.0,-0.0379,-0.0198,0.0138,0.0215,0.0,-0.0021,0.0276,0.0,0.0,0.0986
1106,-0.0532,-0.0532,0.042,-0.0097,-0.0354,0.0511,-0.0088,0.0315,0.0084,-0.0006,0.0412,0.0,-0.0191,-0.0267,0.0172,0.0,0.0151
1107,0.0364,-0.0756,0.054,0.0013,-0.021,0.0446,-0.0128,-0.0951,-0.0256,0.0621,0.0156,0.0,-0.0405,0.0446,0.0,0.0,0.0122
1108,-0.041,-0.014,0.097,0.0359,-0.0149,-0.007,-0.0114,0.0297,0.0192,0.0158,-0.0367,0.0,-0.0446,0.0122,0.0,0.0,-0.0402
1109,-0.0541,-0.059,0.0351,0.0635,-0.001,-0.0209,0.0,-0.0733,-0.0086,0.0398,0.0958,0.0,-0.0305,0.02,0.0,0.0,-0.0068
1110,-0.058,0.0115,0.0405,-0.0282,-0.0244,-0.003,-0.0084,-0.0077,0.0046,0.0397,-0.0176,0.013,-0.0099,0.0054,0.0,0.0,0.0427
1111,-0.0545,0.0159,-0.1,-0.0727,-0.0273,0.0886,0.0,-0.1023,0.0,-0.0182,-0.0114,-0.0091,0.1682,-0.0182,0.0,0.0,0.1409
1112,-0.0685,-0.0208,0.0838,0.0257,-0.0543,-0.062,0.0,-0.0236,0.0,0.0245,0.0373,-0.0155,-0.0208,0.0412,0.0,0.0,0.0528
1113,0.1047,-0.0762,0.0952,0.0191,-0.0571,-0.019,0.0,-0.1523,0.0,-0.0095,0.0571,-0.0095,-0.0381,0.0762,0.0,0.0,0.0095
1114,0.0528,-0.0512,-0.0045,0.0168,0.0079,-0.0009,0.0,-0.1113,0.0,0.0273,0.0017,0.0088,-0.0512,0.0168,0.0185,0.0,0.0687
1115,-0.044,-0.071,0.0073,0.0682,-0.0508,0.0545,0.0,-0.052,0.0,0.0153,0.0243,-0.0169,0.0258,-0.0101,0.0238,0.0,0.0258
1116,0.0214,-0.0882,-0.0051,0.0253,-0.0342,0.0351,0.0,-0.1147,0.0,0.0039,0.0063,0.0176,-0.0334,0.1189,0.0,0.0,0.0474
1117,0.0819,0.0,0.0655,0.0574,0.0082,-0.0082,0.0,-0.1066,0.0,0.0246,-0.0246,-0.0082,-0.0656,-0.0164,0.0,0.0,-0.0082
1118,-0.041,-0.0288,-0.0068,0.009,-0.0097,0.0281,0.025,-0.0325,0.0125,0.0311,-0.0196,-0.0094,0.0182,-0.0002,0.0125,0.0,0.0118
1119,0.0083,-0.0583,0.0167,0.0,-0.0167,0.025,0.0,-0.1167,0.025,0.0083,-0.0333,0.0667,0.0583,0.0,0.0,0.0,0.0167
1120,0.0049,-0.0294,0.0073,0.0465,-0.0196,-0.0294,0.0392,-0.0465,0.0,0.0171,0.0,0.0049,0.0294,0.0294,0.0,0.0,-0.054
1121,-0.064,-0.0619,0.0311,0.005,-0.011,0.1241,0.0,-0.0308,0.0,-0.016,-0.0619,-0.024,-0.0009,0.029,0.0,0.0,0.0812
1122,-0.0522,-0.0308,0.212,-0.0522,-0.0373,-0.0299,0.0588,-0.1427,-0.0075,-0.0224,0.0272,-0.0075,0.0795,0.0289,0.0,0.0,-0.0242
1123,0.0061,-0.0885,0.1158,0.1184,-0.0708,0.0504,0.0,0.045,0.0,-0.0088,-0.0647,0.0681,-0.0116,-0.0354,0.0,0.0,-0.1239
1124,-0.01,-0.0877,-0.0202,0.0199,-0.0439,0.0024,0.0,0.0147,0.0,0.0213,-0.034,0.0251,0.0737,0.0163,0.0213,0.0,0.0011
1125,0.1647,-0.0941,0.0353,-0.0353,0.1765,-0.0471,-0.0118,0.0588,-0.0118,-0.0588,-0.1059,-0.0235,0.0941,-0.0353,0.0,0.0,-0.1059
1126,0.0058,-0.0009,-0.0037,-0.0087,0.0281,-0.0512,0.0,-0.0037,0.0068,-0.0077,-0.0019,0.0136,-0.024,-0.0077,0.0,0.0,0.0552
1127,-0.0064,0.0493,0.0002,-0.0146,-0.0294,-0.049,-0.0098,-0.0488,0.0328,0.0442,-0.0112,0.0115,0.0199,0.0034,0.0,0.0,0.0084
1128,0.181,0.0445,0.0101,-0.046,-0.023,-0.0345,0.0,0.0661,-0.0115,-0.023,-0.1264,-0.023,0.1236,-0.0345,0.0,0.0,-0.1034
1129,-0.0261,-0.0543,-0.0304,-0.0043,0.0174,0.0065,0.0,0.087,0.0,-0.0217,-0.0804,0.0283,0.1196,-0.0435,0.0,0.05,-0.0478
1130,-0.0147,0.0547,0.0233,-0.0481,0.0141,-0.0218,0.0,-0.0846,-0.0096,-0.0122,0.0784,-0.0192,-0.0173,0.0238,0.0,0.0,0.0329
1131,-0.002,-0.0128,-0.045,-0.0128,0.0195,-0.002,-0.0108,0.0155,-0.0108,0.041,-0.045,-0.0323,0.0175,0.0302,0.0,0.0,0.0497
1132,0.0246,-0.0503,0.0936,-0.0515,0.0011,0.0035,-0.0105,0.0188,-0.0105,-0.0082,-0.0479,0.0233,-0.0386,0.0351,0.0,0.0,0.0175
1133,-0.019,0.0014,-0.0469,-0.0247,-0.0156,0.0024,0.0,-0.0094,0.0114,0.0204,0.03,0.0204,0.012,-0.0303,-0.009,0.0,0.057
1134,0.0102,0.0204,0.0204,0.0,0.0,0.0204,0.0,0.051,0.0,-0.0102,-0.0409,0.0408,-0.0919,-0.0204,0.0,0.0,0.0
1135,-0.0595,-0.0071,0.0715,-0.0143,-0.0238,0.0524,-0.0238,0.0238,-0.0119,0.0548,-0.0857,-0.0024,-0.0071,0.0191,0.0,0.0,0.0143
1136,0.0125,-0.0057,-0.0111,0.0671,0.0062,-0.0238,0.0062,-0.0839,0.0062,-0.0361,0.0613,-0.0179,-0.0478,0.0244,0.0,0.0,0.043
1137,-0.0144,0.0267,-0.0156,-0.0141,0.013,-0.0144,0.0,0.0518,-0.0137,0.0133,-0.0285,-0.0411,0.0659,-0.0274,0.027,0.0,-0.0285
1138,-0.05,-0.0445,-0.0191,-0.0045,0.0255,-0.0245,0.0,-0.0436,0.0809,-0.02,0.0418,-0.02,-0.0291,0.0355,0.0455,0.0,0.0264
1139,-0.0053,0.0345,0.0515,-0.0427,-0.0316,-0.0205,0.0088,0.0135,0.0263,0.0217,-0.0416,0.024,0.0076,-0.0158,0.0,0.0,-0.0304
1140,-0.0381,0.0499,-0.0621,-0.064,0.0119,-0.014,0.013,0.1038,0.003,-0.07,-0.0191,0.0419,0.0079,-0.007,0.013,0.0,0.0299
1141,0.125,-0.1023,-0.0796,-0.0455,-0.0114,-0.0455,-0.0114,0.0,-0.0114,0.0682,0.0,-0.0227,-0.0341,-0.0114,0.0,0.0,0.1818
1142,-0.0232,-0.0106,0.0111,0.0327,-0.0122,-0.0155,-0.0102,0.0294,0.0,-0.0081,0.0025,0.0082,-0.0265,0.0053,0.0257,0.0,-0.0081
1143,0.0433,-0.0378,0.0531,-0.0357,-0.014,-0.0357,-0.0119,0.0487,0.0,0.0336,-0.0303,-0.0119,-0.0281,-0.0357,0.0,0.0,0.0628
1144,-0.0032,0.0474,-0.0958,-0.0432,0.0284,0.0074,0.0095,0.0737,-0.0105,0.0084,-0.0779,0.0189,-0.0674,0.0389,0.0,0.0,0.0653
1145,-0.0171,0.0127,0.0491,-0.0385,-0.0075,0.0064,0.0,-0.0376,0.0,0.0182,-0.0322,0.0,-0.0343,0.0085,0.0417,0.0,0.0309
1146,0.0384,0.0256,0.0962,0.0577,-0.0193,-0.0064,-0.0128,-0.0769,0.0,0.0064,0.0065,-0.0064,-0.0769,-0.0128,0.0,0.0,-0.0192
1147,-0.0531,-0.044,0.0387,0.0344,-0.0077,-0.0636,-0.0182,0.0191,0.0,0.021,0.022,0.0119,-0.0307,0.0028,0.0,0.0,0.0674
1148,0.0557,0.0207,0.0473,-0.035,-0.0076,0.0115,0.0,0.103,-0.0099,-0.0495,-0.0829,0.0046,-0.0136,-0.0373,0.0122,0.0,-0.0189
1149,0.0116,-0.0233,-0.092,-0.0221,-0.0153,0.041,0.0,0.0262,-0.0196,0.0086,-0.0331,0.0184,0.0484,-0.011,0.0,0.0,0.0624
AVERAGE,-0.0154,-0.001,0.0075,-0.0074,-0.0133,0.0056,0.0004,0.0143,0.0051,-0.0046,-0.0015,0.0108,0.006,-0.0071,0.0072,0.0003,-0.007
