Row,POS_Diff_ADJ,POS_Diff_ADP,POS_Diff_ADV,POS_Diff_AUX,POS_Diff_CCONJ,POS_Diff_DET,POS_Diff_INTJ,POS_Diff_NOUN,POS_Diff_NUM,POS_Diff_PART,POS_Diff_PRON,POS_Diff_PROPN,POS_Diff_PUNCT,POS_Diff_SCONJ,POS_Diff_SPACE,POS_Diff_SYM,POS_Diff_VERB
1,-0.1111,0.1524,-0.1905,-0.0476,-0.0317,0.1206,0.0,0.2254,0.0,0.0,-0.0476,-0.0159,0.0095,-0.0317,0.0,0.0,-0.0317
2,0.0191,-0.0127,-0.019,0.035,-0.0302,0.0397,0.0,-0.0524,0.0,-0.0048,0.0333,0.0063,-0.0063,0.0285,0.0,-0.0317,-0.0048
3,0.1336,0.0352,-0.1343,-0.038,-0.0077,0.0303,0.0,0.1941,0.0,-0.0253,-0.0583,0.0,-0.033,-0.0127,0.0,-0.0127,-0.071
4,0.0925,0.0247,-0.0505,-0.0753,-0.0323,-0.043,0.0,-0.0398,0.0,0.0785,0.0462,0.0,0.1817,-0.0323,0.0,-0.0215,-0.129
5,-0.1127,-0.0704,-0.1972,-0.0423,-0.0423,0.3051,0.0,0.2065,0.0,-0.0563,-0.0704,0.0,0.2065,0.0,0.0,0.0,-0.1268
6,-0.0759,0.1367,-0.1392,0.0161,-0.0506,0.0414,-0.0127,0.1114,0.0,0.0287,0.1275,0.0,-0.0852,-0.0759,0.0,0.0,-0.0219
7,-0.1158,0.093,0.0404,-0.0737,-0.0316,-0.0526,-0.0105,0.2175,-0.0105,-0.0105,-0.1158,0.0,0.0825,-0.0632,0.0,-0.0211,0.072
8,-0.0556,0.0889,-0.1111,-0.0694,-0.0694,-0.0417,0.0,0.075,-0.0139,-0.0278,0.0611,0.0,0.3306,-0.0417,0.0,0.0,-0.125
9,-0.0319,0.0088,-0.1392,0.0204,-0.0115,0.0833,0.0,0.0594,0.0833,-0.0213,0.0088,-0.0231,0.0293,0.0204,0.0,-0.0638,-0.0231
10,0.0308,0.0544,-0.1003,0.0308,0.0236,0.08,0.0,-0.0203,0.0,0.0,0.0944,-0.002,-0.1075,-0.0164,0.0,-0.0492,-0.0184
11,0.0006,0.0145,0.0365,0.0577,-0.0276,0.0064,-0.0046,-0.0621,0.0202,-0.0369,-0.0132,0.0588,-0.0096,-0.0276,0.0,-0.0046,-0.0086
12,-0.0012,-0.039,0.0367,0.0573,0.0083,0.0394,0.0,-0.0061,-0.0037,-0.0021,-0.0744,0.0,-0.0165,-0.0006,0.0,-0.0037,0.0056
13,0.018,0.0063,-0.007,-0.0362,0.0591,0.0049,-0.0034,0.0072,-0.0068,-0.0216,0.017,-0.0034,-0.0573,-0.0088,0.0,-0.0068,0.039
14,0.018,-0.055,-0.061,-0.0619,-0.0515,0.1255,0.0,0.0018,-0.0103,0.0627,-0.1203,0.0799,0.116,-0.0275,0.0,-0.0069,-0.0095
15,-0.0477,0.0131,0.1095,0.0175,-0.0193,-0.0331,0.0,-0.0626,-0.0094,0.0041,-0.0104,0.0,0.0357,-0.0097,0.0,-0.0188,0.031
16,-0.1013,0.0654,-0.1772,-0.0127,-0.038,0.1287,0.0,0.1814,-0.0253,-0.0127,-0.0633,-0.0253,0.232,-0.038,0.0,-0.0253,-0.0886
17,-0.0027,-0.0027,0.0133,-0.0093,0.0344,-0.037,0.0,0.0847,-0.0093,0.0529,-0.0305,-0.0185,0.0133,-0.0463,0.0,-0.0185,-0.0238
18,-0.0498,-0.0945,0.2011,-0.0199,-0.0249,-0.0299,0.0,0.2644,0.0,0.118,-0.0846,0.123,-0.2786,-0.0149,0.0,-0.005,-0.1045
19,-0.0457,-0.0629,-0.0057,0.02,0.0314,-0.0229,0.0,0.1428,-0.0057,-0.0114,0.0286,-0.0171,-0.0742,0.0428,0.0,0.0,-0.02
20,-0.0037,0.0629,0.0906,0.0707,-0.0391,0.0041,0.0,0.0046,0.0,-0.0234,-0.0271,-0.0078,-0.0501,-0.0391,0.0,0.0,-0.0428
21,0.0525,0.0345,-0.0856,-0.0631,-0.0631,-0.027,0.0,0.0736,-0.0045,-0.0135,0.1096,-0.0225,0.0015,-0.027,0.0,0.0,0.0345
22,0.0306,0.017,-0.1156,-0.0034,-0.0544,-0.0136,0.0,0.0,0.0,-0.0068,0.0987,0.1293,-0.1395,-0.0544,0.0,0.0,0.1123
23,-0.0032,-0.1111,-0.0684,0.0994,-0.0256,0.1079,0.0,0.1047,0.0,0.0,-0.0598,0.0,0.0929,-0.0684,0.0,-0.0085,-0.0598
24,-0.0215,0.0441,-0.0656,0.0359,-0.0328,0.0,0.0,0.0636,0.0,0.0769,0.0964,0.0,-0.2005,-0.0328,0.0,-0.0082,0.0441
25,0.0641,-0.0388,0.04,0.0094,0.0214,0.0,0.0,-0.1232,0.0,0.0,0.0548,0.0455,-0.046,-0.012,0.0,0.0,-0.0147
26,-0.0013,0.0549,-0.035,-0.0674,-0.0337,-0.0112,0.0,0.0324,0.0,-0.0112,-0.0562,0.2222,-0.0263,-0.0112,0.0,-0.0112,-0.0449
27,0.4391,-0.0435,-0.0783,-0.0348,-0.0087,0.0,0.0,-0.0696,0.0,0.0,-0.0522,0.0,-0.0739,-0.0261,0.0,0.0,-0.0522
28,0.0125,-0.0704,0.0954,0.097,-0.0563,0.097,-0.0282,0.1925,0.0,-0.0141,-0.0563,-0.0845,-0.1143,-0.0141,0.0,0.0,-0.0563
29,0.0046,0.0046,-0.0076,0.0999,-0.0645,-0.0323,-0.0108,-0.0707,0.0,0.0,-0.0277,0.083,0.0553,0.0153,0.0,0.0,-0.0492
30,0.0133,-0.0195,-0.0061,-0.0195,-0.0492,-0.0492,0.0,-0.1475,0.0,0.0297,0.1025,0.125,-0.0061,-0.0164,0.0,0.0,0.043
31,-0.0205,-0.0544,0.0837,0.057,0.0267,-0.0072,-0.0339,-0.0519,0.0,-0.0036,-0.0144,0.0,-0.058,0.074,0.0,0.0,0.0026
32,-0.0667,0.0417,-0.0855,0.0438,-0.0333,-0.0188,0.0,0.0208,0.0,-0.0188,0.1355,-0.0167,-0.0542,0.0605,0.0,0.0,-0.0083
33,-0.0031,0.0169,-0.0231,0.0569,-0.02,0.0738,0.0,0.0508,0.0,-0.02,-0.0431,-0.02,0.0338,-0.02,0.0,-0.02,-0.0631
34,-0.0833,0.0125,0.0208,0.0458,-0.0333,-0.0208,-0.0167,-0.0375,0.0,0.0917,0.0083,0.0,0.0083,-0.0333,0.0,0.0,0.0375
35,-0.0209,-0.007,0.0089,0.0918,0.0206,-0.0138,0.0,-0.0556,0.0,-0.0092,-0.0783,0.1057,-0.0049,-0.0369,-0.0046,-0.0184,0.0227
36,-0.0336,0.0987,-0.0611,0.0309,-0.0213,-0.0123,0.0,0.0221,0.0,0.0155,0.0648,-0.0152,-0.095,0.0216,0.0,-0.0368,0.0218
37,0.0774,0.0205,-0.045,0.0169,0.035,-0.0145,0.0,-0.0389,0.0,-0.0036,0.0059,0.0314,-0.0971,0.0459,0.0,-0.0218,-0.0122
38,-0.0267,-0.012,0.122,0.0893,-0.0218,-0.0343,0.0,-0.0039,-0.0049,-0.0343,0.0006,-0.0294,0.0774,-0.0343,0.0,-0.0245,-0.0632
39,-0.0055,0.022,0.0108,0.0298,-0.0129,0.0182,0.0,-0.0405,0.0109,0.0225,0.0271,-0.0036,-0.0595,0.0023,0.0,-0.0253,0.0034
40,-0.0566,0.0125,-0.0299,-0.0519,-0.0472,-0.0377,0.0,0.0943,-0.0047,-0.0142,-0.0755,0.1101,0.2059,-0.0425,0.0,-0.0236,-0.0393
41,-0.0298,0.038,-0.0484,-0.0216,0.0021,-0.037,-0.0041,0.0535,-0.0165,-0.0082,-0.0586,0.0668,-0.0525,-0.0412,0.0,0.2057,-0.0484
42,-0.016,0.0691,0.0126,0.0505,0.0211,-0.0269,0.0,-0.0353,-0.0034,0.0059,0.0067,0.0092,-0.1229,0.0186,0.0,-0.0269,0.0379
43,-0.0697,0.1118,0.028,-0.0597,-0.0448,-0.0274,0.0,-0.0615,-0.0199,0.1002,0.0894,-0.0149,-0.054,-0.0249,0.0,-0.0274,0.0745
44,-0.0135,0.0488,0.0376,0.0095,-0.0236,-0.0068,0.0,-0.0113,0.0013,0.01,0.0394,0.015,-0.0619,-0.0236,0.0,-0.0186,-0.0022
45,0.0349,0.0236,0.0253,0.017,-0.01,0.019,0.0,-0.027,0.0066,-0.002,0.0542,-0.0068,-0.1301,0.0275,0.0,-0.0323,0.0001
46,-0.0629,0.081,-0.0215,0.007,-0.0229,0.027,0.0,0.0978,-0.0143,-0.02,-0.0415,-0.0229,0.001,-0.0343,0.0,-0.0314,0.0581
47,-0.0728,0.0436,-0.0993,-0.053,-0.0596,-0.0397,0.0,-0.069,-0.0066,0.1098,0.1996,-0.0066,0.0634,-0.0331,0.0,0.0,0.0237
48,0.0324,0.1064,-0.0672,0.0533,-0.0417,0.0533,0.0,0.2986,0.0,0.0,-0.0208,0.0,-0.3681,0.0,0.0,-0.0208,-0.0255
49,0.0228,0.0623,-0.086,0.0096,-0.0232,0.046,-0.0099,-0.007,0.0132,-0.0034,0.0391,0.0296,-0.0761,-0.0165,0.0,0.0,-0.0004
50,-0.073,0.0806,-0.0868,-0.0051,-0.014,0.0088,-0.0091,0.0752,-0.0091,-0.0094,-0.028,0.0,-0.0057,0.0585,0.0,0.0,0.0169
51,0.1175,0.0026,-0.0091,-0.0545,-0.0045,0.1007,0.0,0.0773,0.0,-0.0429,-0.15,0.0,0.0889,-0.0429,0.0,0.0,-0.0831
52,0.0443,0.0247,-0.0821,-0.063,-0.068,0.0879,0.0,-0.009,-0.0097,0.0538,-0.0189,0.0,0.0346,-0.0241,0.0,0.0244,0.0055
53,0.1133,0.0315,-0.1233,0.0133,-0.0365,0.0635,0.0,-0.0735,-0.0183,-0.0274,0.0178,0.0909,0.0494,-0.0548,0.0,-0.0046,-0.0415
54,0.0029,0.022,-0.0851,0.0259,-0.0043,0.0397,-0.0048,-0.0081,0.0158,0.0382,-0.0081,0.011,-0.0349,-0.0363,0.0,0.0,0.0263
55,0.032,0.0272,-0.0359,0.0612,-0.0583,-0.0291,-0.0049,0.3641,0.0,-0.0485,-0.1117,-0.0049,-0.0214,-0.0437,0.0,0.0,-0.1262
56,-0.0128,0.0096,-0.0487,-0.0493,-0.0359,-0.0448,0.0,0.3404,0.0,-0.0179,-0.0076,-0.009,-0.0442,-0.0493,0.0,0.0,-0.0307
57,-0.0914,-0.0457,-0.0318,-0.0514,-0.0457,-0.04,-0.0057,0.4127,0.0,-0.0171,-0.12,0.0,0.0082,0.0482,0.0,0.0,-0.0203
58,0.06,-0.0328,-0.1132,-0.0027,-0.0402,0.1077,-0.005,0.155,0.0,0.055,-0.073,-0.0101,-0.0479,-0.0027,0.0,0.0,-0.0505
59,-0.1105,0.0831,-0.0723,-0.0013,-0.0381,-0.0223,-0.0053,0.045,-0.0053,0.025,0.0277,-0.0158,0.0753,-0.0474,0.0,0.0,0.062
60,-0.0514,-0.0419,-0.0238,-0.0095,-0.0142,0.0832,-0.0047,0.1569,0.0,0.0323,-0.0098,-0.0047,-0.0052,-0.0465,0.0,0.0,-0.0607
61,0.0589,-0.0314,-0.0748,-0.0522,0.0078,0.0121,-0.0043,0.1768,-0.0043,-0.0391,0.0285,-0.0087,-0.0531,-0.0478,0.0,-0.0087,0.0406
62,-0.0824,-0.0706,-0.0444,-0.0471,0.1406,-0.0294,0.0,0.2577,0.0,-0.0353,-0.0444,-0.0059,-0.0326,-0.0588,0.0,0.0,0.0524
63,0.0106,-0.037,-0.0917,-0.0022,-0.0498,-0.0199,0.0,0.1741,-0.005,0.0653,-0.0619,-0.005,-0.0469,0.0405,0.0,0.0,0.0285
64,-0.0828,-0.071,0.0543,-0.0473,-0.0473,-0.0533,-0.0059,0.001,0.0,-0.0237,0.0306,-0.0059,0.072,-0.0355,0.0,-0.0059,0.2209
65,-0.0301,0.0082,-0.12,-0.0343,-0.0514,0.0654,0.0,0.1235,0.0556,0.0385,-0.0473,-0.0114,0.0965,-0.04,0.0,-0.0057,-0.0473
66,-0.0046,0.0648,-0.0741,0.0324,-0.0093,0.0046,0.0,-0.0139,0.0,-0.0139,0.0046,0.0277,-0.0232,-0.0047,0.0,-0.0093,0.0185
67,-0.0734,0.0206,-0.0507,-0.0486,-0.0031,-0.0259,0.0,-0.0659,0.0227,0.0466,0.0456,0.0682,-0.0064,-0.0043,0.0,-0.0054,0.0802
68,0.0772,-0.0274,0.0405,-0.0134,0.0099,-0.0374,0.0,-0.1489,0.024,0.0099,0.0212,0.0,0.0359,0.0106,0.0,0.0,-0.0022
69,0.037,0.0351,-0.0429,0.037,-0.014,0.025,0.0,0.0821,0.025,0.0,-0.0299,-0.0659,-0.0568,-0.0149,0.0,0.0,-0.0169
70,-0.0493,0.0291,0.1662,-0.0051,-0.064,-0.0296,0.0,-0.0744,0.0,-0.0099,0.0043,-0.0102,0.1562,-0.0493,0.0,-0.0049,-0.0594
71,-0.0443,-0.069,-0.1675,-0.0148,-0.0591,-0.0099,-0.0049,0.1318,0.0,-0.0099,-0.1084,0.1712,0.3621,-0.0394,0.0,-0.0197,-0.1182
72,0.009,0.0097,-0.0602,0.0361,-0.0478,0.0082,0.0,-0.0339,0.0,0.0082,0.026,0.0153,0.0432,-0.0059,0.0,-0.0222,0.0145
73,-0.0357,-0.0188,0.024,0.0258,0.0607,-0.0089,0.0,-0.0376,0.0526,-0.0179,0.0249,0.0329,0.015,-0.0536,0.0,-0.0268,-0.0367
74,-0.0284,-0.0044,-0.0161,0.0109,0.0116,0.0203,0.0007,0.0413,0.0131,0.0153,-0.0473,-0.0052,-0.0241,-0.0088,0.0,0.0131,0.0079
75,0.089,-0.0174,-0.1142,-0.0187,0.0413,0.0142,0.0,-0.0161,0.0,-0.0258,0.0103,-0.0116,0.0374,-0.0123,0.0,0.0,0.0239
76,0.0712,0.031,-0.1322,-0.0012,-0.0012,-0.0012,0.0,-0.0034,0.0,0.0195,-0.0379,0.1517,0.0034,-0.0621,0.0,0.0,-0.0379
77,-0.0925,0.1031,-0.0901,-0.0462,-0.0173,0.1494,0.0,0.0916,0.0,-0.0116,-0.1734,0.1089,0.0395,-0.0347,0.0,0.0,-0.0265
78,0.0793,0.0239,-0.0522,-0.0652,0.0728,0.0283,0.0,0.0022,0.0,-0.0217,-0.1087,0.0239,0.025,-0.0489,0.0,0.0,0.0413
79,-0.0612,-0.0827,-0.0971,0.1235,-0.0432,0.1307,0.0,-0.0491,-0.0072,0.1451,0.0948,-0.0036,-0.0096,-0.0396,0.0,-0.0216,-0.0791
80,-0.0184,0.0033,0.0403,0.068,0.0293,0.0233,0.0,-0.0423,0.0,0.0183,0.0259,-0.0043,-0.0933,-0.0111,0.0,-0.017,-0.0222
81,0.0171,-0.0624,-0.0817,0.0307,-0.0087,0.0062,0.0149,0.0855,0.0,-0.0193,-0.0773,0.0751,-0.0449,-0.0676,0.0,0.1795,-0.047
82,0.0089,0.0523,-0.0263,0.0401,-0.043,0.0123,0.0,0.0421,-0.0039,-0.0117,-0.0463,0.0,0.0729,-0.0234,0.0,-0.0234,-0.0503
83,-0.0525,0.0066,0.0697,-0.0063,-0.0334,0.0151,0.0,-0.13,0.0,0.0258,0.1595,-0.0036,-0.1251,-0.0191,0.0,-0.0142,0.1075
84,-0.065,-0.0337,0.0534,-0.0005,-0.01,0.0075,0.0109,-0.0286,-0.0047,0.0137,0.0322,0.0388,-0.0186,-0.0067,0.0,-0.0047,0.016
85,-0.0312,0.0113,0.0457,-0.0111,-0.0151,0.0051,0.0,-0.047,0.0,0.0506,-0.022,0.0131,-0.0199,0.0051,0.0,-0.0081,0.0234
86,-0.0212,-0.0299,-0.1642,-0.0149,0.0385,-0.0063,0.0,-0.1194,0.0,-0.0149,0.1455,0.1518,0.1007,-0.0448,0.0,0.0,-0.0212
87,-0.0606,0.1091,-0.1364,-0.0455,-0.0152,0.1394,0.0,0.1424,-0.0152,-0.0152,-0.0606,-0.0152,0.0939,-0.0455,0.0,0.0,-0.0758
88,0.2344,-0.0855,-0.1282,-0.1026,0.0831,-0.0256,0.0,0.2064,0.0,-0.0085,-0.0769,-0.0085,-0.0024,-0.0256,0.0,-0.0085,-0.0513
89,0.2165,-0.0692,-0.0186,0.1044,-0.0231,0.1044,-0.0077,0.0275,-0.0077,-0.0385,-0.1077,0.0,-0.0263,-0.0308,0.0,0.0,-0.1231
90,-0.0769,0.1645,-0.094,-0.0427,-0.0342,-0.0427,-0.0085,0.0876,0.0,-0.0256,-0.1111,0.0,0.0705,-0.0427,0.0,0.0,0.156
91,-0.0411,-0.0616,-0.1027,-0.0616,-0.0548,-0.0274,-0.0068,0.5503,-0.0068,-0.0274,-0.1644,0.0,0.1758,-0.0411,0.0,0.0,-0.1301
92,0.0571,-0.1259,-0.0129,0.0641,-0.049,0.038,0.0,-0.0548,0.0,0.045,0.052,-0.042,0.0011,0.026,0.0,-0.014,0.0151
93,-0.0183,0.0344,0.0443,0.023,0.0058,0.0058,-0.0029,0.0081,0.0035,-0.028,0.0207,-0.0046,-0.0641,0.0029,0.0,-0.0086,-0.0217
94,-0.0222,-0.0162,0.1152,-0.0081,-0.0309,0.0206,0.0,-0.066,0.0,-0.0119,0.0412,-0.006,-0.0508,0.0276,0.0,-0.006,0.0135
95,-0.0431,-0.0189,-0.0208,0.0574,-0.028,-0.0001,0.0074,-0.0323,0.0,0.0204,-0.0041,0.0334,0.0014,-0.0038,0.0,-0.0168,0.0479
96,0.0288,-0.028,-0.0992,0.0371,-0.0356,0.0674,0.0,0.0614,0.0,-0.0152,-0.0258,-0.003,0.0614,-0.0106,0.0,-0.0152,-0.0235
97,0.0364,0.0306,-0.1176,0.1153,0.0095,-0.0058,0.0,-0.1098,0.0,-0.0289,-0.0272,0.2595,-0.0829,-0.0078,0.0,0.0,-0.0714
98,0.0978,0.0104,-0.0343,-0.0597,0.0403,0.0351,0.0,-0.0119,0.0,-0.0299,-0.1567,0.0627,0.0679,-0.0299,0.0,0.0,0.0082
99,0.0326,0.0212,-0.0788,-0.0106,0.0183,0.0004,0.0,0.0029,0.0128,0.0242,-0.0004,0.0208,0.0059,-0.0268,0.0,-0.0048,-0.0179
100,0.0873,-0.0346,-0.0587,0.0371,-0.0081,0.0715,-0.0053,-0.0244,0.0345,0.0132,-0.0745,-0.0213,-0.0455,0.0371,0.0,-0.0106,0.0023
101,-0.0127,-0.0127,0.0399,0.0034,-0.0259,0.0263,0.0229,-0.0479,0.0229,-0.0244,0.0101,-0.0063,-0.0026,-0.0195,0.0,0.0083,0.0184
102,-0.0112,0.0728,-0.0053,-0.0298,0.0186,0.0143,-0.0043,0.002,-0.0085,0.0313,-0.0851,0.0313,-0.0224,-0.0298,0.0,-0.0128,0.0388
103,0.0155,0.1227,-0.1072,-0.0202,-0.0078,0.0403,-0.0062,-0.0139,0.0714,0.0046,0.0264,0.0295,-0.1196,-0.0311,0.0,0.0,-0.0047
104,-0.0259,0.0061,-0.0286,-0.0289,0.0784,0.0204,-0.0058,0.0093,0.0,0.0088,0.0176,-0.0231,-0.0691,-0.0289,0.0,-0.0116,0.0814
105,-0.0259,0.0609,-0.0911,-0.049,-0.0441,0.028,0.0,0.014,0.0476,-0.0196,0.0449,0.0,-0.1044,0.0609,0.0,-0.0049,0.0827
106,-0.0769,-0.0154,0.0231,-0.0692,-0.0308,-0.0231,0.0,0.0462,0.0,-0.0154,0.1077,0.0,0.0154,-0.0538,0.0,0.0,0.0923
107,-0.0511,-0.0657,-0.1971,0.0991,-0.0292,-0.0219,0.0,-0.1606,0.0,0.121,0.3264,0.0,-0.025,-0.0365,0.0,-0.0073,0.048
108,-0.0758,-0.0455,0.0217,-0.0455,-0.053,-0.0227,-0.0076,-0.1818,0.0,-0.0379,0.3453,0.0,-0.0162,-0.0379,0.0,-0.0076,0.1645
109,-0.0073,0.0163,-0.0535,0.0082,-0.0192,0.0118,0.0,0.0441,0.0,-0.0078,0.0518,-0.0078,-0.0615,0.0315,0.0,0.0,-0.0068
110,-0.0893,-0.0741,-0.1046,0.0218,0.0,-0.037,0.0,0.0284,0.0,0.0,0.1983,0.0218,-0.1634,0.0806,0.0,0.0,0.1176
111,-0.2069,0.0424,0.0504,-0.0345,-0.069,0.1193,0.0,0.1274,0.0,0.0,0.0079,-0.0345,-0.0531,-0.069,0.0,0.0,0.1193
112,-0.1538,0.0,0.0462,-0.0385,-0.0102,0.0,0.0,0.0846,0.0,0.0667,0.0564,0.0282,-0.0975,-0.0769,0.0,0.0,0.0948
113,-0.0101,0.0141,-0.0101,0.0141,0.0526,0.0668,0.0,0.0041,0.0,0.0,0.0284,-0.0385,-0.1255,-0.1154,0.0,0.0,0.1194
114,-0.1333,-0.0222,0.0722,-0.0444,-0.0222,-0.0444,0.0,0.1833,0.0,-0.0222,0.1389,-0.0222,0.0722,-0.0444,0.0,0.0,-0.1111
115,0.0165,-0.0551,-0.0331,0.0,0.0184,-0.0294,0.0,-0.0956,-0.0147,0.0018,0.0699,0.0,0.0497,0.0312,0.0,0.0,0.0404
116,0.0234,0.0927,-0.0655,0.0031,-0.002,-0.0051,0.0,0.0488,-0.0112,-0.0082,0.0019,0.0,0.0213,-0.0276,0.0,0.0,-0.0716
117,-0.0311,-0.0639,-0.0251,0.0008,-0.0492,-0.0492,0.0,-0.0087,0.0,-0.0164,0.0198,0.1034,0.0568,-0.0147,0.0,0.1552,-0.0777
118,0.1069,-0.0012,-0.0493,-0.0312,0.03,-0.0156,0.0,-0.0325,0.0,-0.0312,-0.0481,0.0,-0.0325,0.0613,0.0,0.0,0.0433
119,-0.0073,-0.0403,0.0147,0.0366,-0.0549,0.0256,0.0,-0.0329,0.0,0.0842,-0.0257,0.0,0.0293,0.0036,0.0,0.0,-0.0329
120,0.1536,0.0107,0.0036,0.0679,-0.0393,0.0036,0.0,-0.0607,0.0,-0.0143,0.025,0.0143,0.0107,-0.0143,-0.0071,-0.0286,-0.125
121,0.0112,-0.0023,-0.0229,0.0112,0.0218,-0.0317,0.0,0.0119,0.0,-0.0159,-0.0047,0.0965,-0.047,-0.0159,0.0,-0.0317,0.0195
122,0.0231,-0.0177,0.0055,0.0234,-0.0346,0.0032,-0.0068,-0.0732,-0.0068,0.0,0.0566,-0.0108,0.0192,-0.0072,0.0,-0.0205,0.0466
123,0.0497,-0.0003,-0.0478,0.0081,0.0693,0.0332,0.0,0.0687,-0.0028,-0.0084,0.033,-0.0503,-0.2827,0.036,0.0,-0.0084,0.1025
124,0.0274,-0.018,0.002,0.0655,0.0782,-0.0159,-0.0032,0.0612,0.0455,0.0,0.0401,0.0602,-0.3545,-0.0222,0.0,-0.0127,0.0465
125,0.0219,-0.0495,-0.1016,0.0175,0.0123,0.0279,0.0,-0.0107,-0.0026,0.0331,0.083,0.0934,-0.1763,0.0253,0.0,-0.0182,0.0446
126,-0.0131,0.0503,-0.0542,0.0132,-0.0046,0.0496,-0.0041,0.0743,-0.0041,0.0067,0.0315,-0.0148,-0.1334,-0.0055,0.0,-0.0003,0.0085
127,0.0287,0.0393,0.0311,0.039,0.0376,0.0311,0.0013,0.0171,0.0089,0.0191,0.0427,-0.0246,-0.2756,-0.0052,0.0,-0.0215,0.0308
128,-0.0759,0.0478,0.1814,0.0858,-0.0633,-0.0506,0.0,-0.0408,0.0,0.0,-0.0633,0.0984,-0.0535,-0.0127,0.0,-0.0253,-0.0281
129,0.0774,-0.0782,-0.0171,0.1165,-0.0391,0.0,0.0,-0.1791,-0.0056,-0.0168,0.1441,0.0444,0.0212,0.0499,0.0,-0.0838,-0.0339
130,-0.0072,0.0572,0.0156,0.0342,0.0268,-0.0262,0.0,-0.0396,0.0001,0.0153,0.0269,0.0001,-0.0136,-0.0074,0.0,-0.0827,0.0006
131,0.0127,0.0313,0.1035,-0.0112,-0.052,-0.0223,-0.0037,0.14,-0.0112,-0.0112,-0.0335,-0.0186,0.0545,-0.0074,0.0,-0.0743,-0.0967
132,0.234,-0.0517,0.2167,0.117,-0.0259,-0.0086,0.0,-0.0812,0.0,-0.0086,-0.0733,-0.0129,-0.1416,-0.0302,0.0,-0.056,-0.0776
133,-0.0941,-0.0076,0.301,0.0271,0.0419,-0.0198,-0.005,-0.0598,-0.005,-0.005,-0.0545,-0.0198,-0.0548,-0.0099,0.0,-0.0842,0.0491
134,-0.0415,-0.0416,0.1003,0.0532,-0.0356,0.0266,-0.003,-0.0715,-0.0326,-0.0089,0.1241,-0.0178,-0.1457,0.0532,0.0,-0.0415,0.0825
135,0.0215,0.0209,-0.0183,0.0002,0.0096,0.0321,0.0,0.0474,-0.0252,-0.0002,0.0036,-0.009,-0.1051,0.0287,0.0,-0.0296,0.0233
136,0.0099,-0.0528,-0.0215,-0.0071,0.0708,-0.0323,0.0278,-0.0295,-0.0161,-0.0108,0.1164,0.0036,-0.0663,-0.0161,0.0,-0.0349,0.0592
137,-0.0296,-0.0691,0.0238,0.0255,-0.0247,-0.0222,0.06,-0.1375,0.0378,-0.0099,0.1784,-0.0123,-0.052,0.0427,0.0,-0.0346,0.0238
138,-0.0519,-0.0197,-0.0831,0.027,0.0296,-0.0156,0.0,0.1359,-0.0182,-0.0078,-0.0327,0.0296,-0.121,-0.0442,0.0,0.191,-0.0188
139,-0.0236,0.0367,-0.0668,0.0338,-0.0461,-0.0089,-0.0029,0.0417,-0.0231,0.0569,0.0849,-0.0144,-0.0959,0.034,0.0,-0.0086,0.0019
140,-0.0338,0.0513,-0.073,0.0208,-0.0228,0.0446,0.0046,0.0816,-0.0074,0.0186,-0.075,0.0603,-0.0287,0.0152,0.0,-0.0074,-0.0491
141,0.0062,0.0437,-0.0603,-0.0428,0.0244,0.0266,0.0,0.1104,-0.0217,0.0043,-0.0596,0.0396,0.006,-0.0406,0.0,-0.0109,-0.025
142,0.0085,0.0133,-0.0188,-0.0121,0.0086,0.0033,-0.0029,-0.0466,-0.0172,-0.0049,0.0845,-0.0172,-0.0322,0.019,0.0,-0.0086,0.0233
143,0.0707,-0.0063,-0.0942,-0.0725,-0.0507,0.0226,0.0,-0.0453,-0.0036,0.0815,-0.0389,-0.0181,0.0571,0.0444,0.0,-0.0145,0.0679
144,0.0343,-0.0235,-0.0235,0.0233,-0.0534,-0.0058,0.0,0.125,0.0,-0.0053,-0.0349,-0.0146,-0.0186,-0.0199,0.0,0.0498,-0.0332
145,-0.0219,-0.0696,0.0893,-0.0322,-0.0177,0.0543,-0.0047,0.0838,0.029,-0.0135,-0.0214,0.001,-0.1004,-0.0462,0.0,0.0921,-0.0214
146,0.0024,0.022,-0.1049,0.0516,-0.0037,0.1167,0.0455,0.0699,0.0,-0.0098,-0.1115,0.0193,0.0474,-0.0656,0.0,-0.0098,-0.0693
147,-0.0879,-0.0044,0.0396,0.0286,-0.033,-0.044,-0.0055,-0.1703,0.0,0.0725,0.0176,-0.022,-0.0209,0.0451,0.0,-0.011,0.1956
148,0.0221,0.0261,-0.08,0.1292,-0.0193,0.0131,0.0,0.0573,0.0,0.0707,-0.0891,0.0253,-0.0265,-0.0152,0.0,-0.0121,-0.1012
149,0.1111,0.0854,-0.1709,0.0427,-0.0342,0.0427,0.0,0.0855,0.0,-0.0342,-0.0684,0.0,-0.0428,0.0427,0.0,0.0,-0.0599
150,-0.014,0.0081,0.0301,-0.018,-0.023,-0.0034,-0.0106,-0.001,0.0065,-0.0099,-0.0051,0.0196,0.0006,-0.0091,0.0,0.0,0.0292
151,-0.0097,0.0431,-0.0376,0.0227,-0.0422,-0.0301,0.0,0.1126,0.0,-0.0301,-0.0051,0.0325,-0.0412,-0.0157,0.0,-0.006,0.007
152,0.0747,0.0609,-0.0886,-0.0443,0.0015,0.0091,-0.0076,0.0516,0.0,0.0442,-0.0825,0.0091,-0.0551,-0.0138,0.0,0.0,0.0409
153,0.0565,-0.022,-0.1115,0.0171,0.0227,0.0225,0.0,0.0459,0.0,-0.0167,0.0004,0.0281,0.0344,-0.0503,0.0,0.0,-0.0274
154,0.0757,-0.0065,-0.0719,0.0039,-0.0158,0.0395,-0.0057,0.0505,-0.0057,0.0568,-0.0673,0.0024,-0.0259,-0.0204,0.0,-0.0057,-0.0038
155,-0.0041,-0.0255,-0.1379,-0.0345,-0.0517,0.0304,0.0,-0.0033,-0.0172,0.0476,0.0435,-0.0172,-0.0255,0.0304,0.0,0.0952,0.0698
156,-0.0064,0.0384,0.0192,-0.0128,-0.0096,0.0577,-0.0064,-0.016,-0.0032,-0.0064,0.0513,-0.0064,-0.0897,-0.0288,0.0,-0.0224,0.0417
157,0.0993,-0.0596,-0.0751,-0.0622,-0.0363,-0.0337,0.1641,-0.1762,-0.0026,-0.0155,0.0786,-0.0052,0.1157,-0.0363,0.0,-0.0207,0.0657
158,-0.0536,0.0219,0.1141,-0.0374,-0.0484,0.0283,-0.0032,-0.0885,-0.0032,0.0509,0.1282,0.0,-0.1394,-0.0116,0.0,-0.0194,0.0612
159,0.02,0.02,-0.0559,-0.0506,-0.038,0.0706,0.0,-0.0105,-0.0127,0.058,-0.0306,-0.0253,-0.0686,0.0706,0.0,-0.0127,0.0654
160,-0.0317,0.0016,0.0026,-0.0159,-0.0317,0.0645,0.0,0.02,-0.0159,0.0164,0.0496,-0.0317,-0.0778,0.0,0.0,-0.0159,0.0661
161,0.0852,-0.0513,-0.1538,-0.0577,-0.0577,-0.0256,0.0,0.1639,-0.0064,-0.0064,-0.0897,0.1044,0.2876,-0.0385,0.0,-0.0128,-0.141
162,0.0528,0.0134,-0.126,-0.0315,-0.063,0.0921,0.0,0.1425,-0.0079,-0.0394,-0.0551,0.0685,-0.0102,-0.0236,0.0,-0.0079,-0.0047
163,0.0889,0.0648,-0.1084,-0.0482,0.0203,0.0949,0.0,0.2485,-0.012,-0.0181,0.0023,-0.0482,-0.2206,-0.012,0.0,-0.0181,-0.0339
164,0.0167,0.0318,-0.0598,0.028,-0.0492,-0.0189,0.0,-0.0159,-0.0076,0.0924,-0.0985,0.0962,0.0212,-0.0152,0.0,-0.0265,0.0053
165,-0.1077,0.0,0.0461,-0.0039,-0.0423,0.0692,0.0,-0.1116,-0.0077,-0.0154,0.1385,-0.0154,0.0076,-0.0269,0.0,-0.0192,0.0884
166,0.0179,-0.0136,0.0044,0.0271,-0.0047,0.0141,0.0,-0.0248,-0.0036,0.0033,0.0405,-0.0072,-0.0366,0.0012,0.0,-0.0181,-0.0002
167,-0.0033,-0.0071,-0.0002,0.0058,-0.0068,-0.0095,-0.0046,-0.0335,0.0042,0.0038,0.0445,0.0172,-0.0226,0.0028,0.0,0.0214,-0.0124
168,-0.0235,0.0051,-0.0017,-0.035,-0.0179,0.0128,0.0,-0.0334,0.0217,0.0367,0.0063,0.0264,0.0109,0.0208,0.0,-0.0102,-0.0188
169,-0.0103,0.0046,-0.0847,-0.0103,0.0001,0.0313,0.0,0.0613,-0.006,0.0492,0.0374,-0.0058,-0.0787,0.0045,0.0,-0.0134,0.021
170,0.3957,-0.087,-0.1043,-0.0261,-0.0435,-0.0174,0.0,0.3261,-0.0174,-0.0087,-0.087,-0.0348,-0.1391,-0.0174,0.0,-0.0174,-0.1217
171,-0.0352,0.0143,-0.0004,-0.0409,-0.0498,0.0233,0.0,0.02,0.0,0.0204,0.0056,-0.0003,0.0522,0.0029,0.0,-0.0468,0.0347
172,-0.0813,0.0221,0.0381,0.0346,0.0409,-0.0187,0.0,-0.1812,0.0846,0.0846,0.1193,0.0409,-0.125,-0.0312,0.0,-0.0375,0.0096
173,-0.0222,-0.0556,-0.1444,-0.0222,-0.0556,-0.0222,-0.0111,0.0096,0.0,-0.0111,-0.1333,0.3619,0.3064,-0.0333,0.0,-0.0333,-0.1333
174,0.0226,-0.0524,-0.0274,-0.0375,-0.0024,-0.0125,-0.0125,0.0429,0.0,-0.025,0.0179,0.0179,0.1857,-0.0375,0.0,-0.05,-0.0298
175,0.0178,-0.0267,0.0378,-0.0444,0.0067,-0.0222,0.04,-0.1222,0.0,-0.0333,0.1,-0.06,0.0889,-0.0044,0.0,-0.0667,0.0889
176,-0.085,-0.0458,0.0627,0.1216,-0.0654,-0.0131,0.0,0.0431,0.0,-0.0131,-0.0784,-0.0392,0.0758,-0.0327,0.0,-0.0131,0.0824
177,0.0626,0.0807,-0.07,0.0791,-0.0025,-0.0189,-0.0047,0.0303,-0.0047,-0.0142,0.0704,-0.0033,-0.2289,-0.004,0.0,-0.0047,0.0327
178,-0.097,-0.0277,-0.1128,-0.0567,-0.0041,-0.0071,0.0,0.1432,0.0896,0.0007,-0.0567,0.0022,0.1873,-0.0355,0.0,-0.0064,-0.019
179,-0.0583,0.0567,-0.0984,-0.0406,0.0129,0.0207,0.0,0.132,0.0067,-0.0094,0.0029,0.0096,0.0082,-0.0157,0.0,0.0,-0.0277
180,-0.05,-0.0773,0.0144,0.0253,-0.0273,0.0435,0.0,-0.0622,-0.0045,-0.0136,0.1696,-0.0545,-0.0765,0.0435,0.0,-0.0636,0.1332
181,0.0065,0.0416,0.0514,0.0304,0.0236,0.0055,0.0,-0.0975,-0.0102,0.0317,0.0936,-0.0183,-0.1666,0.009,0.0,-0.0478,0.0471
182,0.0348,0.0219,0.0573,0.0607,-0.01,0.0127,0.0,-0.0857,-0.0065,0.0481,0.0348,-0.0165,-0.2307,0.0062,0.0,-0.0421,0.1148
183,0.2088,0.0297,0.014,-0.0157,0.036,-0.0063,0.0,-0.0239,-0.0063,-0.0031,-0.0472,-0.044,-0.0805,-0.0126,0.0,-0.0566,0.0077
184,0.0072,0.0607,-0.0293,0.0147,-0.0004,-0.0027,0.0,0.0129,0.0,0.0254,0.0452,-0.0412,-0.0709,0.0151,0.0,-0.0412,0.0044
185,-0.0667,0.1111,-0.0222,-0.0333,-0.0333,-0.0333,0.1111,-0.0222,0.0,0.1111,-0.0889,0.0,0.0111,-0.0667,0.0,0.0,0.0222
186,0.0,0.16,-0.16,-0.04,0.0,0.0,0.0,0.04,0.0,0.0,0.0,0.0,0.12,-0.08,0.0,0.0,-0.04
187,0.0,-0.0294,-0.2353,-0.0294,-0.0588,-0.0294,0.0,0.0491,0.0,0.0,0.0196,-0.0294,0.2157,-0.0294,0.0,0.0,0.1568
188,0.0,0.1282,0.141,-0.0385,0.1667,0.0,0.0,-0.1154,0.0,0.0,-0.2308,0.0,0.0513,-0.0769,0.0,0.0,-0.0256
189,-0.0286,-0.1143,0.2321,0.0679,-0.0571,0.0,0.0,-0.1143,0.0,0.0,-0.075,-0.0286,0.0393,0.0679,0.0,0.0,0.0107
190,0.0131,-0.0009,0.0061,0.0377,0.0447,0.0622,0.0,0.05,-0.0035,-0.014,-0.0912,0.0693,-0.0886,-0.0351,0.0,-0.0211,-0.029
191,-0.0448,0.1008,-0.0956,0.0229,-0.0478,0.0977,0.0,0.1108,0.0,0.0429,-0.0169,0.0349,-0.0497,-0.0239,0.0,-0.0279,-0.1036
192,-0.0035,-0.0836,-0.0003,0.0399,-0.0035,0.0132,-0.0033,-0.0773,-0.0067,-0.0201,0.0797,0.0199,0.0495,-0.0035,0.0,-0.0301,0.0296
193,0.0487,0.0415,-0.0508,0.0152,0.0264,0.0261,0.0072,0.02,0.0039,0.0076,-0.0228,0.0008,-0.0706,-0.0101,0.0,-0.014,-0.0291
194,0.0157,0.0417,-0.047,0.0135,-0.0173,0.0313,-0.0036,-0.004,-0.0036,0.0011,0.0133,-0.0066,-0.0176,0.0017,0.0,-0.0142,-0.0045
195,0.0217,0.0215,-0.0335,-0.0167,-0.004,0.0172,0.0,0.0391,0.0,0.0257,-0.0634,0.0469,-0.0292,-0.0126,0.0,0.0044,-0.0165
196,0.0433,0.0135,0.0583,0.0383,0.0282,-0.036,-0.0066,0.0224,0.0182,-0.0132,0.0135,-0.041,-0.0523,0.0101,0.0,-0.0395,-0.0573
197,0.0524,-0.0449,0.0417,0.045,0.0321,-0.0321,0.0,-0.0225,0.0,0.0075,0.0471,-0.0256,-0.0182,-0.0256,0.0,-0.0149,-0.0417
198,0.0311,-0.0358,-0.0151,-0.0438,-0.0414,0.1047,-0.0024,0.0506,-0.0268,-0.0195,0.0706,0.0475,-0.1569,-0.017,0.0,0.008,0.0463
199,-0.0719,-0.0523,-0.1209,-0.0359,-0.0359,-0.0261,0.0,0.8366,-0.0327,-0.0065,-0.0458,-0.0065,-0.2516,-0.0261,0.0,-0.0196,-0.1046
200,-0.0784,0.1398,0.1837,0.0479,0.0243,-0.0157,0.0714,0.0496,-0.0314,-0.0118,-0.051,0.0479,-0.2549,-0.0157,0.0,-0.0235,-0.0824
201,-0.066,-0.0723,0.0611,-0.0503,-0.0346,-0.0314,0.0,0.1096,-0.0252,-0.0094,0.0148,0.0431,0.0593,0.0462,0.0,-0.0409,-0.0041
202,-0.069,-0.0546,-0.1207,-0.0345,-0.0402,-0.0345,0.0,-0.1667,-0.0259,-0.0086,0.4511,-0.023,-0.2529,-0.0115,0.0,-0.0287,0.4195
203,-0.0019,0.0884,-0.0192,0.0324,-0.0264,0.0232,-0.0039,-0.0258,-0.0118,0.0051,0.0674,-0.0028,-0.1122,0.0063,0.0169,-0.0354,-0.0007
204,0.0058,0.072,-0.0474,0.0078,0.0013,0.1012,0.0,-0.0047,0.0513,-0.0162,-0.0214,-0.0195,-0.1273,-0.0195,0.0435,-0.0357,0.0091
205,0.1337,0.0619,-0.0691,0.0162,-0.0393,0.0391,0.0,0.006,0.0391,-0.0164,0.0129,-0.0164,-0.0824,-0.0197,0.0,-0.0361,-0.0297
206,-0.0411,0.1452,-0.1781,-0.0274,-0.0274,-0.0274,0.0,-0.0055,-0.0685,-0.0411,0.1452,0.0,0.063,-0.0137,0.0,0.0,0.0767
207,-0.0317,-0.0106,-0.0476,-0.0106,0.0053,0.0265,0.0,0.0371,-0.0053,0.0,-0.0211,0.0,-0.0159,-0.0159,0.0,0.0,0.09
208,-0.0317,-0.0476,-0.0159,0.1746,-0.0317,-0.0317,0.0,-0.0952,-0.0635,-0.0159,0.1428,0.0,0.0159,-0.0159,0.0,-0.0159,0.0317
209,-0.049,-0.049,0.0,0.0343,-0.0196,0.0539,0.0833,-0.0392,-0.0784,-0.0294,0.0245,0.0,0.0392,0.0637,0.0,-0.0098,-0.0245
210,-0.0794,0.0214,-0.0871,-0.0131,0.0531,0.0186,0.0,0.0006,-0.0635,-0.0476,0.0744,0.0,0.0399,0.0531,0.0,0.0,0.0295
211,0.0545,0.0057,-0.133,-0.0152,-0.0256,0.057,0.0,-0.068,-0.0048,-0.0152,0.1115,0.0,0.0009,0.0209,0.0,-0.0128,0.0241
212,-0.019,0.0198,-0.1576,-0.0029,0.0132,-0.0161,0.0,0.0858,0.0946,-0.0161,-0.0351,0.0227,0.0623,0.0,0.0,0.0227,-0.0741
213,0.0318,-0.01,-0.0587,0.0551,0.0088,0.0318,0.0,-0.0213,-0.0378,0.0088,0.0315,0.0,-0.0289,-0.0048,0.0,0.0,-0.0064
214,-0.0231,-0.031,-0.0801,0.0418,0.0039,0.0079,0.0,0.0255,0.0159,0.0118,0.0498,0.0,0.0147,-0.0091,0.0,0.0,-0.0282
215,0.008,-0.1017,-0.1107,0.0837,-0.0339,0.0419,0.0,-0.1446,-0.0678,0.0,0.1506,0.0,-0.0768,0.1596,0.0,0.0,0.0918
216,0.0294,0.0147,0.0294,0.0588,-0.0441,0.0294,0.0147,-0.0588,-0.0588,0.0147,-0.0147,0.0,-0.0294,0.0147,0.0,0.0,0.0
217,-0.0333,0.0047,-0.1286,0.1262,-0.0167,0.0547,0.0,-0.0571,0.0047,-0.0167,0.0762,0.0,-0.0071,-0.0167,0.0,-0.0167,0.0262
218,-0.0015,0.0598,-0.0797,-0.0271,-0.0513,-0.0015,0.0,-0.0827,-0.0641,-0.0015,0.1339,0.0,0.0955,-0.0128,0.0,0.0,0.0327
219,-0.006,-0.0465,-0.1219,0.0018,0.0115,-0.0405,0.0,0.1031,0.0189,-0.0213,-0.0117,0.0288,0.0265,-0.0039,0.1346,0.0,-0.0735
220,-0.0307,-0.003,0.0577,0.0636,-0.0278,-0.0417,0.0,-0.0782,-0.0694,-0.0278,0.1301,0.0,-0.0694,-0.0278,0.0526,-0.0278,0.0994
221,0.0183,-0.026,-0.1182,0.0183,-0.0141,0.0021,0.0,-0.0478,-0.0563,0.0183,0.172,0.0,-0.0077,0.0162,0.0303,-0.0141,0.0085
222,-0.0327,-0.0284,-0.0642,0.1086,-0.008,-0.0203,0.0,-0.0432,-0.0117,0.013,0.0383,0.0,0.0345,0.0377,0.0167,0.0,-0.0402
223,0.054,-0.0857,-0.046,0.0825,-0.0429,-0.0429,0.0,0.1476,0.0397,-0.0429,-0.0571,0.0,0.0111,-0.0143,0.1111,0.0,-0.1143
224,0.0474,0.0123,-0.1579,-0.0351,-0.0351,-0.0526,0.0,0.0596,-0.0351,-0.0351,0.0123,0.0,0.0947,0.0825,0.0,0.0,0.0421
225,-0.0243,-0.1231,-0.0243,-0.0154,0.0745,0.0372,0.0,0.085,0.0,0.0,-0.0024,-0.0769,0.1094,-0.0154,0.0,-0.0308,0.0064
226,0.0108,-0.0205,0.0017,0.0799,0.0066,-0.0025,0.0222,-0.0451,0.0,0.0222,-0.0073,-0.0403,-0.0451,-0.009,0.0222,0.0,0.0042
227,0.0266,-0.0088,-0.0012,0.012,-0.0278,0.0482,0.0,0.0178,-0.0054,-0.0108,-0.0312,-0.0054,-0.0328,0.0138,0.0,-0.0054,0.0104
228,-0.105,0.07,-0.115,-0.085,-0.045,-0.025,0.0,0.24,-0.01,-0.015,0.01,-0.005,0.21,-0.035,0.0,0.0,-0.09
229,-0.0676,-0.058,-0.1353,-0.058,-0.0435,-0.0435,0.0,0.8213,-0.0193,-0.0145,-0.0918,-0.0097,-0.1546,-0.029,0.0,-0.0048,-0.0918
230,-0.0949,0.1056,-0.0988,0.0542,-0.0593,-0.0079,0.0,0.073,-0.0158,0.039,0.0701,0.0311,-0.0875,-0.0356,0.0,-0.0277,0.0542
231,0.0041,0.0781,-0.012,0.0048,0.0149,0.0046,0.0,-0.013,0.0,-0.0376,0.0036,0.0476,-0.05,-0.0271,0.0,-0.0108,-0.0072
232,-0.0542,-0.0708,0.025,0.075,-0.0458,0.0917,0.0,-0.025,-0.0083,-0.025,-0.0125,-0.0042,-0.0083,-0.0417,0.125,-0.0167,-0.0042
233,-0.0222,0.0234,-0.0597,0.0437,-0.0232,0.0264,0.0588,-0.1325,0.0,0.0092,0.0429,-0.004,0.0815,-0.0324,0.0294,-0.0202,-0.0211
234,-0.03,-0.048,-0.0259,0.0424,0.0204,-0.0011,0.0,-0.0241,0.0267,-0.0237,0.0981,0.0,-0.0328,-0.0063,0.0,-0.0139,0.0181
235,-0.0789,0.0211,0.0247,0.0319,-0.0502,0.0713,0.0,0.1423,0.0,-0.0251,-0.0183,-0.0072,-0.0649,-0.043,0.0,-0.0143,0.0104
236,-0.0672,0.1291,-0.1045,-0.0485,-0.0485,-0.0299,0.2,0.0545,0.0,-0.0261,-0.1306,-0.0037,0.247,-0.0448,0.0,-0.0149,-0.1119
237,-0.058,0.0516,-0.0714,0.0507,0.0418,-0.0402,-0.0045,0.1753,-0.0045,-0.0357,0.0523,0.0,-0.0743,-0.0357,0.0,-0.0134,-0.0341
238,0.0,0.0095,-0.0477,0.0858,-0.0524,0.0476,0.0,0.0096,0.0,-0.0238,0.0428,0.0,-0.0095,-0.0238,0.0,-0.019,-0.0191
239,-0.081,-0.1,-0.0762,-0.0381,-0.0619,-0.0429,0.0,-0.1714,-0.0048,-0.0238,-0.1,-0.0048,0.1857,-0.0286,0.3333,-0.0143,0.2285
240,-0.0409,0.0074,-0.0159,0.042,-0.0316,0.0101,0.0,0.0123,0.0,-0.0053,0.0495,-0.0041,-0.0347,0.0004,0.0,-0.0083,0.0191
241,-0.048,-0.07,0.0231,0.0261,-0.008,-0.013,0.0,-0.0419,-0.01,-0.023,0.0742,0.0,0.0832,0.002,0.0,-0.02,0.0251
242,-0.0348,0.0501,-0.0474,-0.0397,-0.0319,-0.0155,0.0,-0.0272,-0.0048,0.0135,0.0778,-0.0097,0.0112,-0.0271,0.0,0.0164,0.0692
243,-0.095,0.0019,0.123,0.0101,-0.0496,0.0225,0.0,0.0486,0.0,0.0267,0.0037,0.0,-0.0418,-0.0455,0.0,-0.0165,0.0119
244,-0.0325,0.0175,-0.0646,-0.0004,0.0042,-0.0413,0.0,-0.1151,0.0,-0.0367,0.2081,0.0,0.0125,-0.0004,0.0,-0.0229,0.0717
245,-0.0561,0.0208,-0.1121,0.0442,-0.0561,0.0675,0.0,-0.0913,-0.0047,-0.028,0.1699,0.0,0.0229,-0.0467,0.0,-0.0093,0.079
246,-0.0558,-0.0386,-0.0815,0.1528,-0.0558,0.1742,-0.0043,0.0326,0.0,-0.03,0.0798,-0.0086,-0.0103,-0.0343,0.0,-0.0172,-0.103
247,-0.0424,0.0062,-0.0763,0.094,-0.0138,-0.0212,-0.0042,-0.1568,-0.0042,-0.0212,0.2238,0.0,-0.0744,-0.0508,0.0,-0.0085,0.1498
248,-0.0047,0.0054,-0.0606,0.0206,-0.0558,0.0359,0.0,-0.0403,0.0,0.0409,0.1436,0.0,0.0211,-0.0406,0.0,-0.0102,-0.0555
249,0.006,-0.0385,0.0505,-0.0052,-0.033,0.0502,0.0,-0.0548,0.0,-0.0608,0.1174,0.0,-0.0991,-0.0221,0.0556,-0.0055,0.0395
250,-0.0177,0.003,-0.0662,0.0754,-0.0039,0.0239,0.0,-0.0217,-0.0069,-0.0208,0.0715,0.0,-0.039,-0.0175,0.0,-0.0106,0.0303
251,-0.0859,-0.079,0.2067,-0.0481,-0.0584,-0.0412,0.0,-0.1306,0.0,0.1085,0.0158,-0.0034,0.1242,-0.0275,0.0,-0.0137,0.0329
252,0.0042,-0.0125,0.0375,0.0708,-0.0417,0.0167,0.0,-0.1583,-0.0042,0.025,0.0167,-0.0042,0.0792,-0.0208,0.0,0.0375,-0.0458
253,-0.0313,-0.0718,0.1782,0.0378,-0.017,0.0213,0.0,-0.0222,0.0,0.0213,-0.0457,0.0,-0.077,-0.0478,0.0,-0.0144,0.0687
254,-0.084,-0.023,-0.0124,0.1012,0.0422,0.019,0.04,0.0276,0.0,0.0022,0.0445,-0.0084,-0.0145,-0.0146,0.0,-0.021,-0.0987
255,-0.0466,0.0331,-0.0013,-0.0013,-0.0703,-0.0033,0.0,-0.0588,0.0,0.0312,0.0988,0.0,-0.0317,0.0764,0.0,-0.0324,0.0061
256,0.003,0.0124,-0.0206,0.0265,-0.0377,0.0062,0.0,0.0952,0.0,0.0265,-0.0631,0.0643,-0.0914,-0.0425,0.0,0.0298,-0.0083
257,0.0235,0.0431,-0.0438,0.0196,-0.0311,-0.0155,-0.0052,-0.0645,-0.0052,0.0144,0.0626,0.0,-0.0438,0.0546,0.0,-0.0207,0.012
258,-0.0346,-0.0202,0.0284,0.04,-0.0006,-0.015,0.0,-0.0288,0.0,-0.0226,0.0984,0.0,-0.0722,0.0475,0.0,-0.0226,0.0024
259,-0.1014,-0.0353,-0.0121,0.0237,-0.014,0.0222,-0.0072,0.0043,0.0222,-0.029,0.0908,0.0,-0.0492,0.0527,0.0,-0.029,0.0614
260,-0.0171,0.0022,0.009,0.0299,-0.0144,0.0318,0.0,-0.0591,0.0,0.0058,0.0196,0.0,0.0138,-0.0286,0.0,-0.0134,0.0205
261,0.038,-0.0261,-0.0377,0.035,-0.0007,0.0569,-0.0036,0.0579,-0.0073,-0.0473,-0.0013,-0.0036,-0.0316,-0.0043,0.0,-0.0182,-0.0062
262,-0.0301,-0.0531,0.1349,0.054,0.0066,-0.0122,0.0,-0.0668,0.0474,-0.049,0.0376,-0.0204,0.0157,0.0189,0.0,-0.0204,-0.0628
263,-0.0108,0.0169,0.0031,0.0348,0.0219,-0.0248,-0.005,-0.0821,0.003,0.006,0.1093,-0.0149,-0.0414,0.014,0.0179,-0.0198,-0.0285
264,0.005,0.043,-0.0186,0.0097,0.0192,0.0239,-0.0047,0.0768,-0.0142,-0.0379,-0.0231,-0.0047,-0.0802,0.0097,0.0286,-0.0142,-0.0182
265,0.0603,-0.0036,0.0081,-0.0042,0.0372,-0.0054,0.0,-0.0078,-0.004,0.0219,0.0569,-0.002,-0.1535,-0.0149,0.0127,-0.004,0.0023
266,-0.0815,-0.0432,-0.1415,-0.0624,-0.048,-0.024,-0.0024,0.8873,0.0,-0.0288,-0.0863,-0.0024,-0.2278,-0.036,0.0,-0.0048,-0.0983
267,-0.0199,0.0366,0.0921,0.0189,0.0266,0.0153,-0.0023,-0.0592,0.0,0.0065,0.0401,-0.0094,-0.1882,0.0036,0.0441,-0.0164,0.0114
268,-0.0515,0.0534,0.1189,-0.0425,-0.0495,-0.0189,-0.0024,-0.0296,0.0,-0.0067,0.1013,-0.0024,-0.1153,0.0196,0.0,-0.0142,0.0396
269,-0.0721,0.0172,0.1243,-0.0083,-0.045,-0.027,0.0,-0.1119,0.0,-0.0225,0.2038,0.0,-0.1714,-0.0015,0.069,-0.009,0.0546
270,0.0333,0.0206,-0.0232,0.0099,-0.0323,-0.0287,0.0221,0.0354,0.0,-0.0037,0.0476,-0.0029,-0.0428,-0.018,0.0,-0.0143,-0.0032
271,-0.0306,0.0219,-0.0228,-0.0233,-0.025,0.0354,-0.0026,-0.0138,0.0,0.0014,0.0878,0.0278,-0.1299,0.0064,0.0069,-0.0079,0.0684
272,0.0467,0.0213,-0.0771,0.0021,-0.0383,0.0566,-0.0025,0.0717,0.0,-0.0111,-0.0456,0.0155,-0.0832,0.0051,0.0168,-0.0099,0.032
273,0.0426,-0.0067,0.0272,0.0232,0.0174,0.0532,-0.0029,-0.0453,0.0,0.0107,-0.0348,0.0,-0.1536,-0.0406,0.1489,-0.0116,-0.0279
274,-0.0054,0.0114,0.0435,0.0341,-0.0292,-0.0069,-0.0049,-0.0202,0.0227,0.0208,0.0445,0.0,-0.0281,-0.0143,0.0,-0.0123,-0.0557
275,-0.0182,0.0706,-0.1214,0.0056,-0.0548,0.0366,-0.0024,0.2143,0.0,0.0223,0.0278,0.0,-0.1294,-0.05,0.0,-0.0143,0.0135
276,0.0021,-0.0079,0.1194,-0.015,-0.0337,0.0236,0.0,-0.0144,-0.0029,-0.0179,0.0242,-0.0029,-0.0803,0.015,0.0,-0.0143,0.005
277,0.0064,0.0123,0.0248,0.0373,-0.0202,-0.0117,0.0,-0.0699,0.0,0.0336,0.0679,0.0037,-0.1822,-0.0189,0.1057,-0.0088,0.02
278,-0.0165,0.0649,0.068,0.0402,-0.039,0.0494,-0.0023,0.0007,-0.0023,-0.0298,0.0214,-0.0023,-0.0279,-0.0459,0.0,-0.0069,-0.0716
279,-0.0119,0.0259,0.1594,-0.0556,-0.048,0.0461,0.0,0.0141,0.0714,-0.0177,0.0057,0.0,-0.1172,-0.0328,0.0,-0.0126,-0.0271
280,-0.0478,0.0086,0.0132,-0.0343,0.0379,0.01,-0.0019,0.0348,0.0,0.0375,0.0753,-0.0019,-0.1355,-0.0462,0.0,-0.0058,0.056
281,-0.0066,0.0776,-0.0341,0.0288,-0.025,0.0104,-0.0051,-0.029,-0.0051,0.0159,0.0548,-0.0025,-0.0996,-0.0048,0.0,-0.0152,0.0396
282,-0.004,0.0844,-0.044,-0.0516,-0.0652,0.1143,0.0,0.0886,0.0,-0.0272,0.0266,0.0279,-0.1418,0.0259,0.0,-0.0027,-0.0311
283,0.004,-0.006,0.0727,-0.0291,0.0453,-0.0004,0.0,0.0288,-0.0026,0.007,0.0193,-0.0052,-0.1419,-0.0286,0.0,-0.0104,0.047
284,-0.004,0.09,0.0332,-0.033,-0.004,0.0072,-0.0062,0.0899,0.0,0.001,-0.0144,-0.0031,-0.0679,-0.0495,0.0,-0.0124,-0.0267
285,0.0002,0.0492,-0.0502,-0.0467,-0.0003,0.0105,-0.0025,0.0552,-0.0025,0.0506,-0.028,0.0119,-0.0286,-0.0158,0.0,-0.0076,0.0045
286,-0.0301,0.0415,0.0757,-0.0496,0.01,-0.0236,0.0,0.0042,0.0,-0.0307,0.0249,-0.0024,-0.0909,0.0219,0.1053,-0.0071,-0.0491
287,-0.0707,-0.0037,0.1035,0.0003,-0.0472,0.0278,0.0,-0.0368,0.0,0.014,0.1012,-0.0059,-0.0675,-0.0037,0.0,-0.0098,-0.0014
288,0.0811,-0.0023,-0.1108,-0.0277,-0.0046,0.0579,0.037,0.109,0.0,-0.0277,-0.0531,0.0672,-0.0828,-0.037,0.0,-0.0139,0.0072
289,-0.0138,-0.0071,0.2891,-0.0277,-0.0535,0.0047,-0.0029,-0.0171,0.0186,-0.0225,-0.0526,0.0124,-0.0439,-0.0573,0.0186,0.0005,-0.0458
290,-0.0084,0.0113,0.0462,0.0288,-0.0096,0.0336,-0.0044,0.0186,0.0,-0.0092,0.0728,-0.0022,-0.1764,-0.0246,0.0,-0.0066,0.0301
291,-0.0212,0.1081,0.0104,-0.0295,0.007,-0.0188,-0.0047,0.0645,0.0,-0.0306,0.1257,-0.0024,-0.1777,-0.0376,0.0,-0.0094,0.0163
292,-0.0258,0.0028,0.0099,0.0288,0.0289,0.0135,0.0,-0.01,0.0088,0.0178,0.0533,0.0,-0.1574,-0.0041,0.0,-0.0065,0.0404
293,0.0214,0.0917,0.0205,0.0018,-0.0075,-0.0078,-0.0026,0.0268,0.0,0.0106,0.015,0.0196,-0.1175,0.0002,0.0,-0.0104,-0.0621
294,-0.0902,0.0749,0.0515,-0.0557,-0.0477,0.0402,-0.0027,0.0833,0.0,0.0349,-0.0102,-0.0027,-0.0069,-0.0451,0.0,-0.008,-0.0155
295,-0.0003,0.015,-0.0847,0.0635,0.038,0.0331,0.0,-0.0725,-0.0026,0.0229,0.1424,-0.0179,-0.0825,-0.0206,0.0,-0.0538,0.0198
296,0.0655,0.0579,-0.0243,0.0453,-0.0501,0.0404,-0.0028,-0.0626,0.0488,-0.0111,0.0391,-0.0195,-0.0835,0.0614,0.0,-0.0418,-0.0626
297,0.0631,0.04,0.0332,0.0123,-0.0325,-0.0152,-0.0043,-0.0259,-0.0043,0.0426,0.061,-0.0108,-0.1548,-0.0068,0.0,-0.0368,0.0393
298,-0.028,0.0629,0.1453,-0.0134,-0.0437,0.0715,-0.0024,-0.0875,-0.0024,-0.0146,0.0787,-0.0073,-0.0936,-0.0291,0.0,-0.0461,0.0095
299,-0.0394,0.0736,0.0121,-0.0157,-0.0263,0.0003,-0.0027,-0.0567,-0.008,-0.0106,0.1116,-0.0239,-0.0733,0.0194,0.0,-0.0399,0.0797
300,-0.0445,0.0269,0.001,-0.0352,0.033,0.0062,0.0,-0.0506,0.0114,0.0341,-0.0011,0.0496,0.0527,-0.0134,0.0,-0.0413,-0.0289
301,-0.0059,-0.0134,-0.046,0.0399,-0.0134,0.0191,0.0,-0.0118,0.0,0.0191,0.0685,-0.0382,-0.0194,-0.0172,0.0133,-0.0305,0.036
302,-0.0583,0.0106,0.0667,0.0144,0.0106,-0.0091,0.0,0.0917,0.0,0.0144,-0.0455,0.1212,-0.0531,-0.0364,0.0,-0.0182,-0.1091
303,-0.0765,0.0415,-0.0349,0.1036,-0.0222,0.0076,0.0263,-0.091,0.0,0.0526,0.0866,-0.0748,-0.046,-0.0017,0.0263,-0.0374,0.0399
304,0.0488,0.0159,-0.022,0.0528,-0.021,0.0128,0.0,-0.039,0.0,0.0321,0.0472,-0.0458,-0.0405,0.0015,0.0128,-0.0602,0.0046
305,0.048,-0.0046,-0.0174,0.0255,-0.0439,0.0422,0.0,-0.0604,0.0206,-0.0084,0.0141,0.0564,0.0032,-0.0084,0.0103,-0.028,-0.0493
306,0.025,-0.025,-0.0375,0.0125,0.025,-0.0125,0.05,-0.125,0.0,-0.0125,0.0875,0.0,0.05,-0.025,0.0,-0.025,0.0125
307,-0.0857,0.0096,0.0286,0.0,-0.0857,0.0477,0.0,-0.1428,0.0,-0.0095,0.181,-0.0381,-0.0096,0.0477,0.0,-0.019,0.0762
308,-0.0342,0.0098,0.0255,0.0504,0.0031,0.015,0.0,-0.0798,0.0,0.0146,0.0571,0.0134,-0.1429,-0.0044,0.0134,0.0,0.0591
309,0.0341,0.0035,0.0129,0.0071,-0.0153,-0.0176,-0.0059,0.0141,0.0,-0.0059,-0.0482,0.0,-0.0882,0.0682,0.0,-0.0059,0.0471
310,-0.0103,-0.0194,0.0332,0.0719,-0.0189,-0.0015,0.0,-0.1417,0.0,0.0275,0.1009,-0.0053,-0.0963,0.0116,0.0,0.0,0.0482
311,0.0159,-0.0205,-0.0213,0.0048,-0.0133,-0.0248,-0.0062,0.0615,0.0545,-0.0062,-0.0262,0.0,-0.0342,-0.0186,0.0,0.0,0.0346
312,-0.0335,0.0488,-0.0782,-0.0002,-0.0027,0.0279,0.0117,0.0689,0.0,0.0186,-0.0287,0.0,-0.034,-0.0166,0.0164,0.0,0.0018
313,-0.0099,0.0312,-0.0943,0.0443,0.0154,0.0051,-0.0061,0.0522,0.0347,0.0405,0.0077,0.0,-0.0487,-0.0254,0.0058,0.0,-0.0526
314,-0.0453,0.0119,-0.0081,0.0349,-0.0332,0.048,-0.0052,-0.0505,0.0,0.0211,0.0148,-0.0052,-0.0339,0.0062,0.0,-0.0052,0.0497
315,0.0288,0.0368,-0.0176,0.006,-0.0265,-0.0139,-0.0002,0.002,0.0159,0.0073,0.0072,0.008,-0.0718,0.0147,0.0,-0.0084,0.0115
316,0.0587,-0.0552,0.0187,0.006,0.0009,0.0213,0.0,-0.0578,0.0,0.0731,0.0536,0.0,-0.1216,0.006,0.0,0.0,-0.0034
317,-0.0547,0.0006,-0.0673,-0.0225,0.0003,0.0132,-0.0065,0.0598,0.0,0.0326,0.1173,-0.0129,-0.106,-0.0194,0.0,0.0227,0.0426
318,-0.0582,0.0111,-0.0239,-0.0148,-0.0202,0.0625,-0.0077,-0.0052,0.013,-0.0154,0.0034,0.0,-0.0547,0.0365,0.0,0.0,0.0737
319,0.0139,0.0211,-0.0691,0.0449,0.0034,-0.0072,-0.0145,-0.0461,0.0,0.0469,-0.0203,0.0198,-0.0586,-0.002,0.0,0.0,0.068
320,-0.0461,-0.0344,-0.0927,0.0312,-0.0245,0.023,0.0,-0.0194,0.0,0.0284,0.0469,-0.0064,-0.0031,0.0367,0.0,-0.0064,0.0669
321,-0.0293,-0.0696,-0.0054,0.0073,-0.0375,0.0343,-0.0105,-0.0303,0.0,0.0186,0.111,0.0492,-0.0764,-0.012,0.0,-0.0052,0.0558
322,0.0381,-0.0249,-0.0709,0.0463,-0.0203,-0.0143,0.0,-0.0942,0.0,0.0447,0.0532,0.0333,-0.0693,0.0244,0.0,0.0,0.0539
323,-0.0076,-0.0026,0.0141,-0.0261,-0.016,-0.0009,-0.0051,-0.1196,0.0,0.0244,0.0899,0.0488,-0.0884,-0.0059,0.0,-0.0101,0.105
324,0.0002,0.1217,0.0473,-0.0435,-0.0063,0.0082,0.0,0.1537,-0.0181,0.0345,-0.0326,-0.0208,-0.23,-0.029,0.0,-0.0326,0.0473
325,-0.0804,0.0764,0.0884,-0.0379,0.0001,0.0072,0.0,-0.0631,-0.007,-0.0047,0.0643,0.0501,-0.144,0.0191,0.0,-0.0354,0.0668
326,-0.0256,0.05,-0.0001,-0.011,0.0188,-0.0175,0.0,-0.0702,0.0232,0.016,0.0108,-0.0067,-0.0215,0.0072,0.0123,-0.0357,0.05
327,-0.0269,0.047,0.0583,0.0301,-0.0032,0.026,0.0056,-0.036,-0.0088,0.0297,0.0932,-0.0199,-0.2813,0.0427,0.0111,-0.0219,0.0547
328,-0.0637,0.123,-0.0022,0.0112,-0.0343,0.0713,0.0,-0.0584,0.021,0.0811,0.0566,-0.0294,-0.1248,-0.0147,0.0,-0.049,0.0125
329,-0.0068,0.1006,0.0123,-0.02,-0.019,0.0361,0.0,-0.0771,-0.001,0.0655,0.0494,-0.0418,-0.1674,-0.019,0.0,-0.0266,0.1149
330,-0.0129,0.0829,0.0136,0.0068,-0.0086,-0.0197,0.0,-0.0008,-0.0276,0.0651,0.0529,-0.0394,-0.179,-0.0003,0.0308,-0.0354,0.0716
331,-0.0686,-0.0135,0.0559,0.0201,-0.011,0.0227,0.0227,-0.0751,0.0215,0.0813,0.0835,-0.0481,-0.1447,0.0035,0.0,-0.0481,0.0979
332,-0.0376,0.0086,0.0712,0.031,-0.0076,0.0059,0.0,-0.1007,-0.0269,0.0624,0.0652,-0.0359,-0.1663,0.0386,0.0,-0.021,0.1129
333,-0.1135,0.0314,0.0172,-0.0012,-0.0437,0.0119,0.0,-0.0789,-0.0262,-0.0131,0.2004,-0.0012,-0.177,0.134,0.0,-0.0306,0.0903
334,-0.0013,0.0207,0.0652,0.0202,0.0132,0.0273,0.0081,0.028,-0.0176,0.0217,0.0243,-0.0543,-0.1996,0.0217,0.0,-0.0282,0.0506
335,-0.016,0.1079,0.0134,0.1336,-0.0368,-0.011,0.0,-0.1189,-0.0221,-0.0037,0.2022,-0.0515,-0.1593,-0.0257,0.0,0.0502,-0.0625
336,-0.0772,0.0383,0.0346,-0.0667,0.0383,0.028,0.0,-0.018,-0.0105,-0.0105,-0.0212,0.1572,-0.1826,0.0139,0.0,-0.0246,0.1011
337,0.0058,0.058,0.074,0.0103,-0.0296,0.0045,-0.0039,-0.0115,-0.0077,0.0399,0.0773,-0.0386,-0.0785,-0.0309,0.0,-0.0116,-0.0573
338,0.0582,-0.0726,0.03,-0.0484,-0.0645,0.1106,0.0,0.1002,-0.0081,-0.004,-0.0766,-0.0242,0.1042,-0.0282,0.0,-0.0081,-0.0685
339,0.002,0.0358,0.0153,-0.0165,-0.0065,0.0163,0.0,0.008,-0.0046,0.0223,0.0504,-0.0321,-0.1058,0.0125,0.0038,-0.0138,0.0128
340,-0.0827,0.0962,0.1193,0.0086,-0.0396,-0.0144,0.0,-0.1547,-0.0036,-0.0072,0.0855,0.0445,-0.0728,0.0553,0.0,-0.0108,-0.0238
341,0.0391,-0.0601,0.0172,0.0828,-0.0601,-0.0219,0.0,-0.1639,-0.0055,0.0,0.0937,0.1046,-0.0702,0.121,0.0,-0.0164,-0.0601
342,-0.058,0.038,-0.0436,0.0595,0.0212,0.0119,0.0,0.0111,-0.0048,0.0119,-0.0147,0.0716,-0.099,-0.0192,0.0,-0.0144,0.0284
343,0.1848,-0.0614,-0.1096,0.0727,-0.0789,-0.0175,0.0,0.0025,-0.0088,0.0,-0.0746,0.2418,-0.0194,-0.0307,0.0,-0.0088,-0.0921
344,-0.0875,-0.0646,0.2609,0.0413,-0.057,-0.0152,0.0,-0.1597,-0.0114,0.1136,-0.0646,0.212,-0.0461,-0.0266,0.0,-0.0114,-0.0837
345,-0.0036,-0.0583,-0.0369,-0.0583,-0.0667,-0.0167,0.0,0.1779,-0.0083,0.0672,-0.0417,0.0214,0.0774,-0.0292,0.0,-0.0167,-0.0078
346,0.0263,-0.0031,0.0079,-0.0134,-0.067,-0.0052,-0.0052,0.0028,0.0,0.0382,0.0977,-0.0103,-0.0649,-0.0015,0.0,-0.0206,0.0182
347,0.0752,-0.0797,-0.0759,-0.0598,-0.0161,0.0356,-0.004,0.0272,-0.004,-0.0319,0.0433,-0.008,0.1662,-0.0359,0.0,-0.0159,-0.0164
348,0.0547,0.0664,-0.0612,0.0208,-0.0286,-0.0195,-0.0039,-0.043,0.0,-0.0234,-0.0065,0.155,-0.0195,-0.0234,0.0,-0.0156,-0.0521
349,0.1526,0.0589,0.0015,-0.0609,-0.0522,-0.0217,0.0,-0.0411,-0.0043,0.0339,-0.0913,-0.0087,0.0874,-0.0261,0.0,-0.0261,-0.0019
350,0.0474,0.1035,0.0035,-0.0526,-0.0351,-0.0219,0.0,-0.0535,0.0,-0.0175,0.164,-0.0088,-0.0491,-0.0351,0.0,-0.0175,-0.0272
351,-0.0481,-0.0352,0.0926,0.0296,0.063,-0.0222,0.0,-0.087,-0.0074,0.0241,0.0481,-0.0037,0.0241,-0.0333,0.0,-0.0074,-0.037
352,0.0086,-0.0273,-0.0056,0.0217,-0.0048,0.0041,0.0,-0.0635,0.0,0.0041,0.1189,0.0,-0.059,0.0396,0.0,-0.009,-0.028
353,-0.0455,-0.0657,-0.0808,0.2146,-0.0404,-0.0202,-0.0051,-0.1616,-0.0051,-0.0253,0.0934,-0.0051,0.0985,-0.0354,0.0,-0.0202,0.1035
354,0.0315,0.0076,-0.0322,0.0513,-0.0239,-0.0279,0.0278,0.0512,-0.004,-0.0239,0.035,-0.004,-0.0641,0.0237,0.0,-0.012,-0.0363
355,0.0246,-0.0153,0.0058,0.0465,-0.0407,-0.0181,0.0,-0.044,-0.0045,-0.0144,0.0657,0.0,0.0086,0.0164,0.0,-0.0045,-0.0259
356,0.0507,0.0174,0.1017,0.013,-0.0583,0.084,-0.0042,0.0684,0.0294,-0.0333,-0.0451,-0.0042,-0.0576,-0.0375,0.0,-0.0039,-0.1206
357,-0.0351,-0.0482,0.9167,-0.0307,-0.0219,-0.0219,0.0,-0.193,0.0,-0.0132,-0.0833,-0.0132,-0.2588,-0.0263,0.0,-0.0395,-0.1316
358,-0.0545,0.013,0.1559,0.0328,0.0377,-0.0248,0.0,-0.1157,-0.0099,-0.0149,0.0557,-0.0198,-0.0798,-0.0347,0.0,-0.0347,0.0934
359,0.0287,0.1403,-0.0984,-0.0518,-0.0518,-0.0363,0.0,0.0758,0.0,-0.0155,-0.0127,-0.0052,-0.0283,0.0598,0.0,-0.0311,0.0264
360,-0.0024,0.035,-0.0359,0.0686,0.0008,-0.0032,0.0,0.0301,0.0303,0.0191,-0.0423,0.0152,-0.0615,-0.0351,0.0,-0.0168,-0.0017
361,0.0482,0.0641,0.0058,0.0233,-0.0493,0.0388,0.0,-0.0002,0.0229,0.0273,-0.0399,-0.0045,-0.0684,0.0069,0.0,-0.0359,-0.0395
362,-0.0946,0.0234,0.0311,0.0297,0.0234,-0.0284,-0.0032,0.067,0.0738,-0.0221,0.0171,0.0,-0.0618,-0.0284,0.0833,-0.0095,-0.1009
363,0.0105,-0.0546,0.0602,0.0309,0.01,-0.0226,-0.0031,-0.1007,-0.0093,0.0139,0.0479,0.0,-0.0487,0.038,0.0,-0.0187,0.0463
364,-0.0262,-0.0018,0.0305,0.1135,-0.0491,0.0681,-0.0038,-0.0564,-0.0038,0.0246,-0.0224,0.0,0.0021,-0.034,0.0,-0.0189,-0.0224
365,-0.0716,0.0522,0.0086,0.0362,-0.0278,-0.0079,-0.004,-0.0074,0.0,0.028,0.0763,0.0,-0.0954,0.0041,0.0,-0.0239,0.0324
366,-0.0675,0.0105,0.0625,0.0105,-0.0455,0.0143,0.0,0.0307,0.0,-0.0227,0.0293,-0.0045,-0.0714,-0.0039,0.0,-0.0136,0.0716
367,0.0373,0.0042,0.0448,-0.0363,0.0028,-0.0142,0.0203,-0.1481,-0.0189,0.017,0.0307,0.0311,-0.0495,-0.0283,0.05,0.0108,0.0462
368,0.007,0.0251,-0.0039,-0.0257,-0.0584,-0.0219,-0.0036,-0.0915,-0.0219,-0.0328,0.0688,0.0291,0.0286,0.0145,0.0,-0.0146,0.1015
369,-0.0129,0.0238,-0.0129,-0.0248,-0.0209,-0.002,0.0,-0.0536,0.001,-0.003,0.0486,0.0407,-0.0298,0.0119,0.0069,-0.0119,0.0387
370,0.0526,-0.0281,0.0455,0.019,0.0009,-0.0126,0.0172,-0.1248,-0.021,-0.0164,0.0073,0.0564,-0.0348,0.0186,0.0172,-0.0038,0.0068
371,0.0047,0.0051,0.1544,-0.0448,-0.0548,0.0121,-0.0032,-0.0357,-0.0053,-0.0041,0.0247,-0.0161,-0.0337,-0.0278,0.0,-0.0129,0.0376
372,0.012,-0.0103,0.024,0.0892,0.0006,-0.0152,-0.0038,0.0365,-0.0228,-0.0418,-0.0179,0.0886,-0.0603,-0.0266,0.0,-0.0228,-0.0293
373,-0.0033,0.0,0.0822,-0.0329,-0.057,0.0076,0.0,0.0921,-0.0307,0.0033,0.0077,-0.0088,-0.0066,-0.0099,0.0,-0.0175,-0.0263
374,0.0064,-0.0443,0.1014,-0.0319,0.023,0.0161,-0.0043,-0.06,-0.0216,0.0031,0.0471,-0.0129,-0.0755,-0.0135,0.0,-0.0043,0.0712
375,0.0002,-0.0024,0.0814,-0.0203,-0.0164,0.0251,0.0099,-0.0623,-0.023,-0.0131,0.0715,-0.0092,-0.0623,-0.0131,0.0198,-0.0092,0.0234
376,-0.0004,-0.0008,0.0079,-0.0572,-0.0664,0.0186,0.0164,0.029,-0.019,-0.0004,0.0195,-0.0142,-0.0321,0.063,0.0164,-0.0095,0.029
377,-0.0595,0.0802,0.0478,-0.0649,0.1072,-0.0162,0.0,-0.0063,-0.0162,-0.0162,-0.0919,0.1559,0.037,-0.0216,0.0,-0.0216,-0.1135
378,-0.0665,-0.0759,0.4019,-0.0823,-0.0601,-0.0127,0.0,-0.1551,-0.0158,-0.0253,-0.1044,-0.0095,0.3639,-0.0475,0.0,-0.0063,-0.1044
379,0.0124,0.0368,0.0624,0.007,-0.0443,0.0202,0.0,-0.0385,0.0041,-0.0215,0.026,0.0148,-0.0049,-0.0376,0.0,-0.0215,-0.0157
380,-0.0036,0.0886,-0.0695,-0.0439,-0.0036,-0.011,0.0,-0.0876,-0.022,0.0074,0.052,0.0441,-0.095,0.0883,0.0,-0.0183,0.0739
381,0.0243,0.0452,0.0442,-0.0152,-0.0526,0.0166,0.0,-0.0041,-0.0219,0.0374,-0.0492,0.0122,-0.0547,0.0078,0.0,-0.0088,0.0189
382,-0.0035,0.0091,0.0537,-0.0159,-0.0159,-0.0124,0.0,-0.0658,-0.0267,-0.0071,0.0484,-0.0214,-0.0426,0.0607,0.0,-0.0214,0.0608
383,-0.0476,0.0471,0.0048,0.0206,-0.0135,0.0,0.0,-0.0852,-0.037,-0.0212,0.0942,-0.0106,0.0124,-0.0212,0.0,-0.0265,0.0836
384,-0.0015,0.0007,0.0081,-0.0522,0.0382,-0.011,0.0,0.0846,0.0066,-0.0368,-0.0066,-0.0184,-0.061,0.0169,0.0,-0.0147,0.0471
385,0.0576,-0.0212,-0.0313,0.0465,-0.0101,0.0576,0.0,-0.0313,0.0,0.0011,0.0485,0.0,-0.0424,-0.0333,0.0,-0.0333,-0.008
386,0.1053,-0.0132,-0.0263,0.0,-0.0132,0.0131,0.0,0.0395,0.0,-0.0132,-0.0394,0.0,0.0,0.0,0.0,-0.0263,-0.0263
387,0.1046,0.0069,-0.0417,-0.0096,0.0069,0.0034,0.0,0.0501,0.0,0.0294,0.0302,0.0,-0.1066,0.0164,0.0,-0.039,-0.0512
388,-0.0233,0.1329,-0.0924,-0.0011,0.044,0.044,0.0,0.0869,0.0,-0.0455,-0.0712,0.0,-0.092,-0.0011,0.0,0.0,0.0187
389,0.0198,0.0304,-0.0305,-0.0146,0.0211,-0.0013,0.0,0.06,0.0,0.0106,-0.0081,0.0,-0.0656,-0.0139,0.0112,-0.0357,0.0165
390,0.0325,0.0281,-0.0145,-0.0029,0.0221,-0.0279,0.0,-0.0145,-0.0147,0.0515,-0.0012,0.0103,-0.0749,0.0162,0.0103,-0.0294,0.0091
391,0.0194,0.0371,0.0143,0.0248,0.0053,-0.0264,0.0,0.0338,0.0,-0.0423,0.0038,0.0,-0.0016,-0.0423,0.0,-0.0423,0.0161
392,-0.0132,-0.0263,-0.1842,-0.0263,-0.0395,-0.0658,0.0,0.3947,0.0,-0.0395,0.1053,0.0,-0.1184,-0.0395,0.0,-0.0263,0.0789
393,0.0171,0.0043,0.0812,-0.0513,-0.0513,0.03,0.0,0.0555,0.0,-0.0256,0.0085,0.0,0.0,-0.0385,0.0,-0.0385,0.0085
394,0.0455,0.0455,-0.0545,-0.0201,-0.0344,0.0084,0.0,0.0052,0.0,0.0598,0.0281,-0.0143,-0.0545,0.0084,0.0,-0.0286,0.0052
395,0.0312,0.0128,0.0095,0.0289,-0.0184,0.0139,0.0161,-0.0078,0.0,0.0151,0.0038,0.0,-0.0423,-0.0184,0.0161,-0.0345,-0.0262
396,0.0083,0.0924,0.0013,-0.0635,0.0441,0.0,0.0,0.0848,0.0,-0.0159,-0.0105,0.0,-0.0946,0.0083,0.0,-0.0317,-0.0229
397,-0.0031,0.0493,0.0553,-0.0556,0.0339,0.0,0.0,0.0923,0.0,-0.0048,-0.0835,0.0,0.0044,-0.0556,0.0169,-0.0185,-0.0311
398,-0.0056,0.0658,-0.0757,-0.0112,-0.0588,0.0238,0.0,0.0819,0.0,-0.0203,0.0049,0.0238,-0.0428,0.0091,0.0,-0.0056,0.0105
399,0.0252,-0.0281,0.0272,-0.0281,0.0717,0.0717,0.0,0.2336,0.0,-0.0349,-0.186,0.0,-0.0679,-0.0465,0.0,-0.0233,-0.0145
400,-0.0096,0.033,0.033,0.0179,-0.0246,-0.0183,-0.0092,0.008,-0.0092,0.0059,0.036,-0.0092,-0.0007,-0.0429,0.0,-0.0183,0.0084
401,0.008,-0.023,0.0851,0.108,-0.046,-0.023,-0.0115,0.0621,-0.0115,-0.0345,-0.1149,0.1,0.0391,-0.023,0.0,-0.023,-0.092
402,-0.0447,0.0608,0.0429,0.0524,-0.0268,0.0263,0.0,-0.0805,0.0,0.0261,0.0168,0.0263,-0.0627,-0.0265,0.0263,-0.0177,-0.0188
403,-0.0658,-0.0658,0.1711,-0.0526,-0.0921,0.125,-0.0132,-0.0066,0.0,-0.0526,-0.1184,0.125,-0.0329,-0.0132,0.125,-0.0132,-0.0197
404,-0.0144,0.015,-0.051,0.0222,-0.0316,0.0588,-0.0122,0.0424,-0.0122,0.005,0.02,0.0,0.0008,-0.0488,0.0,-0.0366,0.0424
405,-0.0982,0.0682,-0.1043,-0.0307,-0.0429,-0.0061,-0.0061,0.1554,-0.0061,-0.0123,0.0129,-0.0184,-0.0484,0.0804,0.0,-0.0429,0.0995
406,0.0342,0.0178,0.0103,-0.0444,0.0479,0.0623,-0.0075,0.1129,0.039,-0.0068,-0.0669,0.0,-0.1031,-0.0301,0.0,-0.0301,-0.0355
407,0.0455,0.0682,-0.125,0.0568,-0.0682,0.0,0.0,-0.0568,-0.0114,-0.0227,0.1477,0.0,-0.0114,-0.0227,0.0,-0.0227,0.0227
408,-0.0445,-0.0583,0.1134,0.1094,0.0041,0.0,-0.0097,-0.046,-0.0097,-0.0194,-0.0542,0.0,0.0649,0.0235,0.0,-0.0194,-0.0542
409,-0.0548,0.0101,0.0498,0.0721,-0.0093,0.0491,0.0,-0.0086,-0.0065,-0.013,-0.0158,0.0231,-0.0253,-0.0325,0.0,0.0231,-0.0613
410,-0.0147,0.0498,0.0124,-0.0073,-0.0176,0.0212,0.0,-0.0601,-0.0051,0.0121,0.0425,-0.0113,-0.0139,-0.0462,0.0143,-0.0205,0.0443
411,-0.1282,-0.0385,0.8654,-0.0385,-0.0577,-0.0064,0.0,-0.1474,-0.0064,-0.0064,-0.0897,-0.0385,-0.1154,-0.0321,0.0,-0.0385,-0.1218
412,-0.0455,0.0174,0.0141,-0.0412,0.0174,-0.0412,0.0,0.0151,0.0,-0.0206,0.0286,0.0215,0.0089,0.0009,0.0,-0.0103,0.0347
413,-0.0704,-0.0423,-0.2042,-0.0423,-0.0563,-0.0141,0.0,-0.1479,0.0,-0.0282,-0.0845,0.9718,-0.1408,-0.0141,0.0,-0.007,-0.1197
414,-0.0285,0.0121,0.0053,-0.0586,-0.0275,0.0081,0.0175,-0.0929,0.013,0.0171,0.0683,-0.014,0.0098,0.0256,0.0,-0.0405,0.0853
415,0.0039,-0.0192,0.0022,-0.0131,-0.0549,-0.0004,0.0,0.0318,0.0357,-0.0244,0.0274,0.0231,0.0453,-0.0183,0.0,-0.0305,-0.0088
416,-0.0315,0.0961,-0.0538,-0.0246,-0.02,0.0155,0.0,0.0112,-0.0054,0.0101,0.0296,-0.0115,-0.0113,-0.0216,0.0,-0.0216,0.039
417,-0.0425,0.0379,-0.0092,-0.0335,-0.009,0.0189,0.0,-0.0135,-0.0056,0.0245,-0.0292,0.0078,0.0445,-0.0168,0.0,-0.0223,0.0479
418,0.0222,0.0819,-0.0936,-0.0319,-0.0346,0.0341,0.0,-0.0228,0.0139,0.0251,-0.0069,0.0098,-0.0478,0.0125,0.0,-0.0305,0.0688
419,0.0039,-0.0109,-0.1656,-0.0058,-0.0619,0.0097,0.0,0.0575,-0.0052,0.0754,0.0639,0.0045,-0.0025,-0.0006,0.0,-0.0006,0.0381
420,-0.0451,0.0071,-0.0829,0.0293,-0.0448,0.0295,0.0,-0.0901,-0.0075,0.0812,0.0589,-0.0078,0.0063,0.0295,0.0,-0.0373,0.0733
421,-0.055,0.0159,0.0203,0.0159,0.015,0.0167,0.012,-0.0417,0.0,-0.0065,0.0792,-0.0323,-0.0954,0.0103,0.0,-0.0194,0.0646
422,0.1399,0.0224,-0.1394,0.0345,-0.0545,0.1356,0.0,0.0205,-0.0121,-0.0061,-0.0079,-0.0424,-0.0564,-0.0242,0.0,-0.0303,0.0205
423,-0.0723,0.0109,0.046,-0.01,-0.0206,0.0487,0.0,-0.0509,0.0174,-0.0102,-0.0168,0.0174,-0.0025,0.0246,0.0,-0.0207,0.0389
424,-0.0171,-0.0682,0.0349,0.0067,0.0353,0.0049,0.0,-0.037,-0.0059,0.0019,0.0509,-0.003,-0.0478,0.0096,0.0,-0.0148,0.0497
425,-0.0378,0.0958,-0.0484,-0.0347,-0.0526,0.0117,0.0,0.0418,-0.0062,0.0086,0.0073,-0.0031,-0.036,-0.0013,0.0,-0.0186,0.0734
426,0.1213,0.1871,-0.0501,-0.0397,-0.0497,0.1709,0.0,-0.0439,-0.0066,-0.0232,-0.0468,-0.0033,-0.07,-0.0596,0.0,-0.0199,-0.0666
427,-0.0102,0.0976,-0.0662,0.0365,-0.036,0.0237,0.0,0.04,-0.0108,-0.0288,0.0976,-0.0036,-0.0742,-0.0123,0.0,-0.0072,-0.0462
428,-0.0305,-0.0065,-0.0522,-0.0619,-0.0216,0.0186,0.0,-0.0414,-0.0069,0.0024,0.0803,-0.0069,-0.013,0.0347,0.0,-0.0309,0.1356
429,-0.084,0.0264,-0.0387,-0.0515,-0.0515,0.0616,0.0,-0.0847,0.0,-0.019,0.1606,-0.0054,0.0366,0.0318,0.0,-0.0217,0.0393
430,-0.0072,0.0272,0.0518,-0.0163,-0.0444,-0.0222,0.0,-0.0712,0.0282,0.0186,0.1275,-0.0063,-0.077,-0.054,0.0,-0.0159,0.0613
431,0.0334,-0.0543,-0.1502,0.0366,-0.0607,-0.0224,-0.0032,0.0604,0.0845,-0.0224,-0.0305,0.0845,0.0476,-0.0415,0.1818,-0.016,-0.1278
432,-0.0173,0.0461,-0.0544,-0.0111,-0.0004,-0.0088,0.0,-0.0341,0.0149,0.0109,0.0584,0.0058,-0.0807,0.0432,0.0091,-0.0164,0.0348
433,0.0471,0.0504,-0.0143,-0.014,-0.0291,0.0157,0.0,0.1124,-0.0066,-0.0113,-0.0464,0.0052,0.0166,-0.0239,0.0,-0.0297,-0.0722
434,-0.0003,-0.0096,0.0928,0.0115,-0.0118,0.0663,0.0,-0.0297,-0.0035,-0.0246,0.03,-0.007,0.0111,-0.0456,0.0,-0.014,-0.0657
435,0.0174,0.0631,-0.062,0.0554,0.0137,-0.0021,0.0258,-0.0427,0.0258,-0.012,0.079,-0.008,-0.1323,-0.0399,0.0278,-0.022,0.0132
436,0.0213,-0.021,-0.0076,0.045,-0.0158,0.0133,0.0,-0.0418,-0.0106,0.008,0.0478,-0.0158,-0.0473,-0.0052,0.0238,-0.0185,0.0242
437,-0.0075,-0.0133,0.0328,0.0546,0.0604,-0.0145,-0.0029,-0.0671,-0.0058,0.0331,-0.0249,-0.0087,-0.1035,0.0128,0.0,-0.0348,0.0891
438,-0.0619,0.1076,-0.072,-0.0023,-0.0178,0.0416,0.0,0.0356,-0.0193,0.0015,0.0389,-0.0116,-0.0733,0.0296,0.0,-0.0193,0.023
439,0.0187,-0.0407,-0.014,0.0473,0.0057,0.0108,0.013,-0.0445,0.0104,0.0108,0.0504,-0.0128,-0.003,0.0109,0.0,-0.0205,-0.0426
440,-0.0265,-0.0101,-0.0132,0.0504,0.0064,0.0158,-0.0024,0.0389,0.0,-0.0188,0.0985,-0.0094,-0.0938,-0.0494,0.0,-0.0282,0.042
441,0.0,0.0089,-0.0089,-0.0268,0.0,0.0714,-0.0089,0.0804,0.0,-0.0089,-0.0268,0.0,-0.0268,0.0178,0.0,-0.0179,-0.0536
442,0.0102,-0.0833,-0.0814,0.1121,-0.05,-0.0583,0.0,-0.0481,0.0,-0.0083,0.1141,0.0,0.0038,0.0602,0.0,0.0,0.0288
443,-0.0376,-0.0631,0.0478,0.0329,-0.027,0.0075,-0.009,-0.0481,0.0,-0.045,0.0388,0.0,-0.0391,0.0944,0.0,-0.018,0.0658
444,0.0264,-0.0505,-0.0413,0.0365,0.0147,-0.0101,-0.0101,-0.0358,0.0,0.0551,0.024,0.0,-0.0024,-0.0171,0.0,-0.0101,0.0209
445,0.116,0.0202,-0.0295,-0.027,0.037,-0.0059,-0.0076,-0.0068,-0.0076,0.0168,0.0099,0.0244,-0.0556,-0.0227,0.0,-0.0227,-0.0388
446,-0.07,-0.06,-0.15,0.13,0.04,-0.03,-0.01,0.06,0.0,-0.01,0.18,0.0,0.09,-0.05,0.0,-0.01,-0.11
447,0.0032,-0.0842,0.0449,-0.0141,-0.0526,-0.0632,-0.0105,-0.081,0.0,-0.0105,0.1534,0.0,0.0417,-0.0421,0.0,-0.0105,0.1255
448,0.0541,0.0495,-0.0359,0.0257,-0.0162,-0.0254,-0.01,0.0979,0.0146,-0.0054,-0.0605,0.0,0.0022,-0.0154,0.0,-0.02,-0.0551
449,0.0357,-0.0402,-0.1071,0.0492,0.0402,-0.0224,0.0312,-0.0625,-0.0179,-0.0089,0.0581,0.0,0.0893,0.0223,0.0,-0.0268,-0.0401
450,0.0086,-0.0106,-0.0414,-0.0298,-0.0153,-0.0345,0.029,0.0179,0.0,-0.0004,0.0273,0.0,0.0422,-0.0004,0.0,0.0,0.0076
451,0.0273,-0.0579,-0.0801,0.0604,-0.0496,-0.0248,-0.0083,-0.0553,-0.0083,-0.0413,0.0903,0.0686,-0.1405,0.0521,0.1538,-0.0083,0.0216
452,-0.0581,-0.0301,-0.0835,-0.0349,-0.0126,0.0444,-0.0058,0.0143,0.0,0.0106,0.0771,-0.0174,0.0201,0.0048,0.0,-0.0174,0.0888
453,-0.0674,-0.073,-0.1461,-0.0674,-0.0393,-0.0281,0.1373,-0.1685,-0.0112,0.1317,0.1453,-0.0056,0.207,-0.0449,0.0,-0.0112,0.0418
454,-0.0645,-0.0516,-0.1355,0.1215,-0.0581,-0.0387,0.0,0.0054,0.0,-0.0387,0.0764,0.0,0.3839,-0.0645,0.0,-0.0065,-0.129
455,-0.015,0.0903,-0.0797,-0.0092,0.0533,-0.0231,-0.0058,-0.0392,-0.0116,-0.0289,-0.0126,0.037,-0.0045,-0.0092,0.037,-0.0116,0.0325
456,0.0349,-0.0671,0.0205,-0.0122,-0.0133,-0.0012,-0.0055,0.0358,-0.0055,-0.0165,-0.0211,0.0416,0.0425,-0.0286,0.0,0.0,-0.0046
457,0.0655,-0.02,0.0636,-0.0545,-0.0545,-0.0091,0.0,-0.0527,-0.0091,-0.0273,0.1,0.0,0.0109,-0.0055,0.0,-0.0182,0.0109
458,-0.027,0.0292,-0.1301,-0.0131,0.0109,0.0402,-0.0058,0.1177,-0.0117,-0.0095,-0.0278,0.0577,-0.0059,-0.0409,0.0278,-0.0117,0.0
459,-0.0315,0.0751,-0.0588,-0.047,-0.0227,0.0132,-0.0067,0.0301,0.0266,-0.0114,-0.0141,0.0044,-0.0118,-0.0181,0.0444,0.0044,0.0236
460,-0.0001,0.0355,-0.0042,-0.0198,-0.0216,-0.0269,-0.0054,0.0119,-0.0108,-0.0233,0.1051,0.0268,-0.0469,-0.0341,0.0,-0.0161,0.03
461,-0.0488,0.0366,-0.0512,-0.0488,-0.0488,-0.0439,-0.0049,-0.1463,-0.0146,0.0707,0.2024,-0.0049,0.1683,-0.0341,0.0,-0.0098,-0.022
462,-0.0034,0.0285,0.1019,0.0204,-0.0065,0.0065,0.0,-0.0267,-0.0044,0.0196,0.0001,0.0372,-0.1007,-0.0247,-0.0015,-0.029,-0.0173
463,-0.0585,0.0472,-0.0386,0.0221,-0.0201,0.0641,-0.0016,-0.0662,-0.0128,0.0999,0.0712,-0.0601,-0.1196,0.007,-0.0048,-0.0208,0.0916
464,-0.0345,0.0333,-0.016,0.0012,-0.0136,0.0321,0.0,-0.0975,0.0333,0.0568,0.079,-0.0395,-0.1124,0.0395,-0.0025,-0.0173,0.0581
465,-0.0165,0.0586,-0.0626,0.0451,-0.0399,0.0451,0.0,-0.0664,-0.0199,0.0207,-0.0137,0.0622,-0.0286,-0.0217,0.037,-0.038,0.0386
466,-0.0192,0.0588,-0.0267,0.0093,-0.0111,0.0318,0.0,-0.0376,0.0168,0.0376,0.0527,-0.012,-0.0959,-0.0133,0.0177,-0.0213,0.012
467,0.0213,0.0553,-0.0339,0.0033,0.0406,0.0147,0.0114,-0.024,-0.0162,0.0114,0.0131,-0.0308,-0.0792,-0.0129,-0.0032,-0.0243,0.0537
468,-0.0003,-0.0271,-0.0189,0.0033,-0.0018,0.0033,0.0,-0.046,-0.0034,0.0825,0.0756,-0.0693,-0.1523,0.0336,0.0,-0.022,0.1428
469,-0.093,0.1638,-0.004,-0.031,-0.0349,-0.022,0.0,0.1417,0.0813,-0.0103,-0.0168,0.0012,-0.1718,-0.0181,0.0297,-0.0388,0.0232
470,0.0417,0.0488,-0.0114,0.0201,-0.0495,0.0265,0.0,0.0418,-0.0258,-0.0172,0.0136,-0.0344,-0.0745,0.0122,-0.0043,-0.0258,0.038
471,-0.0117,0.0161,-0.0365,0.0364,-0.0107,0.0382,0.0,0.0384,-0.0116,0.0245,0.0375,-0.0027,-0.1523,0.0101,0.0075,-0.0226,0.0394
472,0.0086,0.0823,-0.0647,0.0201,-0.0062,-0.0157,0.0,0.0787,0.0065,0.0036,-0.0533,0.0737,-0.0609,-0.0237,-0.0015,-0.0325,-0.0148
473,0.0707,0.1294,-0.1195,0.1545,-0.0377,0.0595,0.0,-0.0341,-0.0084,-0.0105,-0.0503,0.0469,-0.0621,-0.0147,-0.0042,-0.0356,-0.0839
474,0.0187,0.0246,0.0339,0.0033,0.0108,0.0016,0.0,0.0252,0.0168,0.0168,0.0169,-0.0104,-0.1326,0.0016,-0.0015,-0.0378,0.0125
475,-0.0333,0.0083,0.0333,0.0875,-0.0625,-0.0375,0.0,-0.1958,-0.0125,0.0708,0.2042,-0.025,-0.0917,0.0167,0.0417,0.0,-0.0042
476,-0.1075,-0.043,-0.1075,0.0605,-0.0538,-0.0323,0.0,-0.004,0.0,0.1142,-0.0148,0.2177,0.1425,-0.0645,0.0,-0.0323,-0.0753
477,0.0042,0.0223,-0.0062,-0.0128,-0.0297,0.0144,0.0,-0.0111,0.0,0.0326,0.0252,-0.0364,-0.0074,-0.0025,0.0,-0.0455,0.0525
478,-0.0551,0.0774,-0.0197,-0.0485,0.058,0.0032,0.0,0.0187,0.0,-0.0097,-0.0842,0.0677,0.0705,-0.0388,0.0,-0.0583,0.0191
479,0.1333,0.1,-0.0555,-0.0778,-0.0556,-0.0444,0.0,0.0333,0.0667,-0.0111,-0.1444,0.0556,-0.0555,0.0556,0.0,-0.0333,0.0333
480,0.0,0.0202,0.0202,0.0,0.0,0.0101,0.0,-0.1111,0.0,-0.0202,0.1111,0.0,-0.0101,0.0101,0.0,-0.0404,0.0101
481,0.0277,-0.0598,0.0239,0.0904,-0.0144,0.0277,0.0,-0.1129,0.0,0.0488,0.0372,0.0,-0.067,0.0311,0.0,-0.0421,0.0095
482,-0.0393,0.025,0.0117,-0.0526,-0.0136,0.0253,0.0,-0.054,0.0,-0.013,0.1529,0.0256,-0.04,0.0126,0.0,-0.026,-0.0147
483,-0.007,0.0044,-0.0427,0.0738,-0.0032,0.0331,-0.0041,-0.0717,0.0,0.0056,0.1171,-0.0061,-0.1964,0.007,0.0179,-0.0205,0.0931
484,0.0038,-0.0366,-0.0316,0.0312,0.0104,0.0043,-0.0024,-0.0462,0.0,0.0361,0.105,0.003,-0.1431,0.0256,0.0,-0.0195,0.0599
485,-0.0503,0.0488,0.0749,0.0123,0.0091,0.0389,-0.0041,-0.0629,0.012,0.0207,0.0729,-0.0124,-0.1972,0.0124,0.0,-0.027,0.0521
486,-0.0419,0.0326,0.0145,0.0029,-0.0203,0.031,-0.0022,-0.0231,-0.0043,0.043,0.0653,0.0353,-0.1851,0.0102,0.0,-0.0259,0.0678
487,0.0054,0.0242,0.0303,0.0244,0.0063,-0.0072,-0.0046,-0.0235,-0.0023,-0.0004,0.0447,0.0159,-0.1593,0.0179,0.0,-0.0187,0.0466
488,-0.0068,0.0233,0.0025,0.0086,0.0105,0.0198,-0.0023,-0.0378,0.0001,0.0221,0.0832,0.017,-0.1377,-0.0011,0.0,-0.0304,0.0288
489,-0.1061,-0.0657,0.25,-0.0707,-0.0404,-0.0278,-0.0051,-0.0303,-0.0051,-0.0177,-0.0631,-0.0076,0.1515,-0.0227,0.0,-0.0227,0.0834
490,-0.0252,0.0139,0.0125,0.0095,0.0093,0.0133,-0.0044,-0.0132,-0.0022,-0.013,0.129,0.0022,-0.1734,-0.0085,0.0088,-0.0218,0.0628
491,0.002,0.0066,-0.0227,0.0359,-0.0001,-0.0046,-0.0023,-0.0748,-0.0113,0.036,0.1508,-0.009,-0.1853,0.0067,0.009,-0.0203,0.0832
492,-0.0061,0.0514,-0.0096,-0.0031,-0.0245,0.0215,-0.005,0.0433,0.0,0.0369,0.0309,-0.0075,-0.1896,0.019,0.0,-0.02,0.0624
493,-0.0485,0.0595,-0.0341,0.0138,-0.0262,-0.0144,-0.005,0.001,-0.005,0.0116,0.088,-0.0076,-0.0581,0.0065,0.0,-0.022,0.0404
494,-0.0008,0.038,0.0437,0.0104,-0.0055,0.0014,-0.0071,-0.0553,0.0217,0.0183,0.0539,0.0085,-0.1808,0.0088,0.0,-0.0286,0.0733
495,-0.0359,0.0446,-0.0123,0.0105,-0.0008,0.0367,-0.0038,0.0221,-0.0019,-0.0014,0.0511,0.0032,-0.1622,0.0005,0.0,-0.0014,0.0511
496,-0.085,0.0115,-0.0182,0.0575,-0.0446,-0.0208,-0.006,-0.0173,0.04,0.0311,0.1154,-0.006,-0.1135,0.0221,0.0,-0.0238,0.0575
497,0.0149,-0.0028,-0.0323,0.0261,-0.009,-0.0013,-0.0043,-0.0151,0.0395,0.0521,0.044,-0.0087,-0.1508,0.0222,0.0,-0.0216,0.0471
498,-0.0266,0.0517,-0.0541,-0.0095,-0.0192,0.0093,-0.0042,0.0146,-0.0013,0.0199,0.0819,0.0038,-0.1303,0.0296,0.0,-0.0234,0.0581
499,-0.0425,0.0937,0.0393,-0.0355,-0.0363,0.0215,0.0,-0.0747,-0.0026,0.093,0.0567,-0.0052,-0.1072,-0.0207,0.0,-0.0311,0.0515
500,-0.0106,0.0414,0.0187,0.0068,-0.0078,0.0368,-0.005,0.04,0.0492,0.0318,-0.0227,-0.0025,-0.1897,-0.0323,0.0172,-0.0224,0.051
501,-0.0353,-0.0293,0.0193,0.0396,0.0255,0.0055,-0.0029,-0.0621,0.0,0.0171,0.0912,-0.0087,-0.0589,0.0458,0.0,-0.0232,-0.0238
502,-0.0077,0.025,0.0778,0.0271,-0.0134,-0.0045,-0.0065,-0.0407,0.0042,0.0318,0.0656,-0.0108,-0.2087,0.0126,0.0085,-0.0238,0.0634
503,-0.0141,0.0204,0.0084,0.0327,0.0654,0.0103,-0.002,0.0697,-0.0041,-0.0163,0.0429,-0.0102,-0.1545,-0.0204,0.0,-0.0183,-0.0101
504,-0.008,0.0567,-0.0107,-0.0223,0.0033,0.032,-0.004,0.0443,-0.002,0.011,0.0357,-0.0017,-0.164,0.001,0.0083,-0.026,0.0463
505,-0.1028,0.1079,-0.0575,-0.0537,-0.028,-0.028,-0.0047,0.0631,0.05,-0.014,0.0556,0.043,-0.164,0.029,0.0,-0.035,0.1393
506,-0.0044,0.0422,0.0128,-0.0112,-0.0056,0.0158,-0.0048,0.0241,0.0,0.0298,0.0495,-0.0014,-0.2101,0.0202,0.0081,-0.0167,0.0515
507,-0.0566,0.0743,-0.0096,-0.0375,-0.006,0.0411,-0.0053,0.0123,0.013,-0.0185,0.0144,0.0364,-0.1022,-0.0214,0.0779,-0.0265,0.0142
508,-0.0338,0.0365,0.0014,0.0219,0.0124,0.0271,0.0179,-0.0658,0.0209,0.0271,0.0667,-0.0059,-0.1313,-0.0026,0.0,-0.0176,0.0248
509,-0.0621,0.0344,0.0739,0.0223,-0.0241,-0.004,-0.0069,0.0129,-0.0046,0.0343,0.0437,-0.0023,-0.1608,0.0227,0.0,-0.0231,0.0437
510,-0.0656,0.0695,-0.0437,-0.0331,-0.0131,0.0413,-0.005,0.042,-0.0075,-0.0175,0.0595,0.0194,-0.1605,0.0313,0.0488,-0.03,0.0645
511,-0.0023,0.0648,-0.0856,-0.0648,0.0093,0.0325,-0.0046,0.1158,0.0,-0.0139,0.0417,0.0,-0.1551,0.0278,0.0,-0.0162,0.0509
512,-0.1084,0.0225,0.1804,-0.0663,0.0326,-0.0281,-0.004,-0.1767,0.0,-0.0161,0.1578,0.1253,-0.1298,-0.0281,0.0,-0.0221,0.061
513,-0.006,-0.0117,-0.0021,0.0134,0.0116,0.0173,-0.0039,0.0037,-0.0078,0.0058,-0.0178,-0.0039,0.0017,-0.0272,0.0,-0.0116,0.0384
514,0.0061,-0.0526,0.1997,-0.0602,-0.0526,-0.0414,-0.0038,-0.0254,0.0,-0.0226,0.0559,0.0,-0.0103,0.0174,0.0,-0.0075,-0.0028
515,-0.0664,-0.0554,0.1745,0.0373,0.0261,-0.0258,-0.0037,-0.0402,-0.0074,0.0335,0.0154,0.0,-0.1031,-0.0332,0.0,-0.0074,0.056
516,-0.0304,-0.049,0.0654,-0.0031,0.0193,0.0049,0.0128,-0.0889,-0.0037,0.0529,-0.0136,0.0,-0.026,0.0284,0.0128,-0.0112,0.0291
517,-0.0293,-0.0364,0.036,0.0624,0.001,0.0027,-0.0044,-0.1173,-0.0044,0.0223,0.0779,0.0,-0.0425,-0.0141,0.0098,-0.0044,0.0405
518,-0.0113,0.0016,-0.0466,0.0161,-0.015,-0.0087,0.0,-0.0272,0.0058,0.015,0.0331,0.0,-0.0035,0.0117,0.0234,-0.004,0.0097
519,0.0132,0.0362,0.0502,0.0139,-0.0162,0.0307,-0.0035,0.0026,0.0,0.0083,0.0103,-0.0035,-0.0774,-0.0239,0.0147,-0.007,-0.0486
520,0.0287,0.0286,0.0487,-0.0455,0.0144,0.0627,-0.0057,-0.048,0.0,0.0171,-0.0568,0.0458,-0.1617,0.0599,0.0,-0.0312,0.0429
521,-0.0207,0.0407,0.0351,-0.0075,-0.0364,0.0012,-0.005,0.042,-0.0025,0.0088,0.0401,-0.0357,-0.1091,0.0131,0.0119,-0.0232,0.0469
522,0.093,0.0489,0.0022,-0.005,-0.0148,0.0024,-0.0049,-0.047,0.0122,0.0,-0.0223,0.0513,-0.1182,0.0122,0.0,-0.0295,0.0194
523,0.021,0.0504,0.0582,0.0344,-0.0214,0.0319,-0.0027,-0.0004,0.0,-0.0187,-0.0054,-0.0107,-0.123,-0.024,0.0,-0.04,0.0504
524,0.0698,0.0651,-0.1255,-0.0149,0.0651,0.0604,-0.0039,-0.0808,0.0,-0.0235,-0.051,0.0769,-0.0486,-0.0235,0.12,-0.0471,-0.0384
525,-0.008,0.0511,0.0511,0.0135,-0.0457,0.0242,0.0,0.0081,-0.0054,0.0,0.0349,0.0054,-0.1586,0.0054,0.0215,-0.0349,0.0376
526,0.0562,0.0608,-0.0316,0.0124,-0.0327,0.0275,0.009,-0.013,0.0185,-0.0017,0.0147,0.0056,-0.1285,0.04,0.0,-0.0479,0.0107
527,-0.0275,0.0448,0.108,-0.0028,-0.0298,0.0624,0.0,0.0193,-0.0026,0.0008,0.0745,-0.0429,-0.241,0.0425,0.0,-0.0366,0.0309
528,0.0311,-0.0387,0.0311,-0.0231,-0.0237,0.0269,-0.0036,0.038,-0.0036,-0.0108,0.0398,-0.0686,-0.091,0.0387,0.0,-0.0361,0.0935
529,-0.0315,0.0505,0.0113,-0.0264,-0.0133,0.0412,0.0048,0.0395,0.0048,0.0076,0.0215,-0.0374,-0.1093,0.0108,0.0,-0.045,0.0709
530,0.0218,0.0455,-0.0278,-0.0032,-0.0351,0.0407,0.0,0.0172,0.0,0.0526,0.0437,-0.0678,-0.1543,0.0162,0.0106,-0.0345,0.0744
531,-0.009,0.0538,0.0041,-0.0309,-0.0337,0.0291,0.0044,-0.0121,-0.0117,0.0305,0.0698,-0.0148,-0.1363,-0.0001,0.0102,-0.0322,0.0785
532,-0.0217,0.0083,0.0658,0.0128,-0.0285,0.0385,0.0,0.0151,-0.0122,0.0111,0.0822,-0.0428,-0.1743,0.0065,0.0042,-0.0219,0.0565
533,0.0378,0.095,0.0609,-0.0226,-0.0284,0.0086,0.0,0.0153,0.0,0.0174,-0.0226,-0.0312,-0.105,0.0001,0.0345,-0.0343,-0.0254
534,-0.0451,-0.0061,0.2006,0.0094,-0.0597,0.0034,0.0,-0.0382,0.0268,0.0432,-0.0571,0.0094,-0.0737,0.0086,0.0,-0.0286,0.0069
535,0.006,0.0696,0.0383,0.0279,-0.0225,0.0308,0.0066,-0.0353,0.0168,-0.0065,0.0199,0.0258,-0.1337,0.008,0.0066,-0.0437,-0.0145
536,-0.0239,-0.012,0.0681,0.0081,-0.0092,0.0171,-0.0058,0.0703,0.0172,0.0025,0.0368,-0.0498,-0.1091,-0.0031,0.0172,-0.0465,0.0222
537,-0.0482,0.0402,0.038,-0.0131,-0.0269,0.0108,-0.003,-0.0293,0.0047,0.0278,0.0282,-0.0178,-0.1357,0.0278,0.0108,-0.0395,0.125
538,-0.061,-0.0746,0.078,-0.061,-0.0407,-0.0136,-0.0034,0.0508,0.0,-0.0102,0.0847,-0.0068,0.0644,-0.0441,0.0,-0.0237,0.061
539,-0.0093,-0.0679,-0.0054,0.0342,-0.0357,0.0246,0.0435,-0.0394,-0.0038,0.0322,0.0247,-0.0075,0.0645,-0.0415,0.0,-0.0113,-0.0017
540,-0.0132,-0.0272,0.0412,-0.0167,-0.0132,-0.0211,-0.0035,0.0351,-0.0035,-0.0175,0.0018,-0.0035,0.0307,0.0044,0.0,-0.0175,0.0237
541,-0.094,0.0601,-0.075,-0.0247,-0.0247,0.0446,0.0,0.0822,-0.0034,-0.0168,0.0746,0.0,-0.0729,0.0089,0.0357,-0.0168,0.0221
542,0.0542,0.0205,-0.0452,0.0132,0.0052,0.038,0.0,0.0273,-0.0219,0.0081,0.0031,0.0227,-0.0598,-0.0511,0.0263,-0.0255,-0.0151
543,0.0217,-0.0045,0.0055,0.0232,-0.0111,0.0537,-0.0032,0.04,-0.0032,0.031,-0.0318,-0.0032,-0.03,-0.0128,0.0,-0.0226,-0.0528
544,-0.0109,-0.0126,0.084,0.0099,-0.003,0.0161,0.0225,-0.0489,-0.0192,-0.0112,0.0309,0.0048,-0.009,-0.0447,0.0449,-0.0288,-0.0251
545,0.0231,0.0302,-0.0783,0.0231,-0.0289,0.0065,-0.0035,-0.0381,-0.0035,-0.0141,0.0956,0.0277,-0.0228,-0.0112,0.0312,-0.0247,-0.0122
546,-0.0152,0.014,-0.0304,-0.0196,-0.0316,0.0532,0.0,-0.0003,-0.008,-0.0036,0.026,-0.004,-0.03,-0.0152,0.0408,-0.048,0.0717
547,-0.0323,-0.0098,-0.0373,0.0634,-0.0117,0.0158,0.0,-0.0912,-0.0103,0.0555,0.1131,-0.0034,-0.0569,-0.0039,0.0,-0.0344,0.0433
548,-0.003,-0.0162,0.0107,-0.0242,0.0106,0.0132,0.0,-0.0328,-0.0035,-0.0121,0.0637,-0.0035,-0.0196,0.0177,0.0091,-0.0424,0.0324
549,-0.0179,0.0017,-0.0236,0.0825,-0.0171,0.0393,0.0,0.0875,0.0196,-0.013,0.0057,-0.0041,-0.0555,-0.0367,0.0,-0.0408,-0.0277
550,-0.0146,-0.0131,0.0143,0.0035,-0.0281,0.0341,0.0,-0.0923,-0.0076,0.0251,0.0372,-0.0038,-0.0579,0.0577,0.0139,-0.0344,0.0661
551,0.042,-0.0292,-0.0408,0.016,0.0097,0.0512,0.0087,-0.0887,0.005,-0.0014,0.1059,0.0,-0.0021,-0.0215,0.0125,-0.0453,-0.0219
552,0.0051,0.0162,-0.0216,0.0497,0.0005,0.0166,0.0,-0.0243,-0.0074,0.0198,0.0501,-0.0037,-0.0238,-0.0248,0.0069,-0.0331,-0.0262
553,-0.0023,0.0056,-0.0372,0.0314,-0.0179,0.0118,0.0,-0.0199,0.0,0.004,0.0719,-0.0039,-0.037,0.0106,0.0182,-0.0426,0.0072
554,-0.0322,0.037,0.0605,0.0202,0.0027,0.0377,0.0172,-0.0681,-0.0105,-0.0038,0.0578,0.0,-0.0537,-0.0214,0.0172,-0.049,-0.012
555,0.0013,-0.0021,0.0892,0.0007,-0.0515,-0.0069,0.0,-0.119,-0.0103,-0.0206,0.0885,0.0,-0.0392,0.0357,0.0,-0.0412,0.0755
556,0.0026,0.0159,-0.0206,-0.0146,-0.0279,0.0658,0.0,-0.0465,-0.0033,0.0438,0.006,0.0,-0.0791,0.0073,0.0,-0.0465,0.097
557,-0.0062,0.0194,0.0934,0.0354,-0.0447,0.0577,0.0,-0.0155,-0.0032,0.0545,0.0002,-0.0032,0.0132,-0.0415,0.0,-0.0447,-0.115
558,-0.0116,0.017,-0.0154,0.0389,0.0169,0.0169,0.0065,-0.0842,-0.0039,-0.0155,0.0884,0.0065,-0.057,0.0312,0.0,-0.0506,0.0158
559,-0.0259,0.0021,0.0167,0.0489,-0.0321,0.035,0.0,-0.0637,-0.0039,0.035,0.0582,-0.0039,-0.0432,-0.0056,0.0,-0.0352,0.0175
560,-0.0308,0.0076,0.0109,0.0434,-0.009,0.0043,0.0,-0.0639,-0.0084,0.0071,0.0806,0.0032,-0.0242,-0.0087,0.012,-0.0361,0.0121
561,0.0173,0.0327,0.0048,0.0165,0.0204,0.0447,0.0,-0.0005,-0.0035,-0.0098,0.0148,0.004,-0.0486,-0.0164,0.0,-0.0317,-0.0448
562,0.0215,-0.0019,-0.0092,0.0859,-0.021,0.0298,0.0,-0.0741,-0.0034,0.0063,0.0644,-0.0034,-0.0795,0.0488,0.0,-0.0478,-0.0165
563,0.1134,0.0291,0.1555,0.0028,-0.0551,-0.0079,0.0,-0.0614,-0.0079,0.0303,-0.0524,0.0,-0.0378,0.0028,0.0,-0.0354,-0.076
564,-0.0679,-0.003,0.0464,0.0112,-0.0121,0.0371,0.0,-0.0332,0.0039,-0.0162,0.0912,0.0071,-0.0516,0.0086,0.0,-0.0421,0.0206
565,-0.0313,-0.0108,-0.047,0.0491,0.0048,0.0344,0.0,-0.0561,-0.0033,-0.0164,0.1263,-0.0033,-0.0364,0.0015,0.0,-0.0362,0.0245
566,-0.0183,-0.005,-0.0294,0.0395,-0.0079,0.0559,0.0,-0.029,0.004,0.0088,0.0512,0.0224,-0.0438,-0.0036,0.0037,-0.0476,-0.0009
567,-0.024,0.0078,0.0507,0.0003,-0.0277,0.0498,0.0,-0.0407,0.0037,0.0002,0.0506,0.0071,-0.0092,0.0006,0.0,-0.0526,-0.0163
568,0.0216,0.0309,-0.037,0.0216,-0.0432,0.0277,0.0,-0.0432,0.0062,0.0185,0.0926,0.0,-0.0865,-0.0031,0.0093,-0.0432,0.0277
569,-0.0354,0.0048,0.0105,0.0071,0.0057,0.029,0.0108,-0.097,-0.0033,0.0084,0.1001,0.0,-0.0396,-0.0018,0.0,-0.0621,0.0628
570,-0.0229,0.0271,0.0772,0.0206,0.0186,0.0268,0.0,-0.0345,-0.0034,-0.0038,0.0499,-0.0034,-0.0952,-0.0137,0.0087,-0.0328,-0.0192
571,-0.0141,-0.0065,0.0704,0.0123,-0.013,0.0077,0.0,-0.0521,-0.0031,-0.0047,0.0701,0.0,-0.053,0.0123,0.0201,-0.0466,0.0002
572,0.0062,0.0142,0.0187,-0.0089,0.012,0.0171,0.008,-0.0516,-0.0037,0.0017,0.0494,-0.0037,0.0276,-0.0329,0.0,-0.0403,-0.0138
573,-0.0391,-0.0433,0.0312,0.0104,0.0022,0.0705,-0.0041,-0.0721,-0.0124,-0.0165,0.0684,0.0394,-0.037,-0.0372,0.0,-0.0496,0.0893
574,-0.0529,0.0624,-0.078,-0.002,-0.0215,-0.004,0.0007,0.026,-0.0059,-0.0038,0.0042,0.0435,0.0519,-0.0163,0.025,-0.0383,0.0095
575,-0.066,-0.0218,0.0483,0.0415,-0.0029,0.0445,0.0,-0.0497,0.0063,-0.0189,0.0672,-0.0032,-0.0437,0.0068,0.019,-0.0505,0.0231
576,-0.0043,0.0655,-0.0104,0.0041,-0.0398,0.0211,-0.0072,0.021,-0.0182,0.0067,0.0341,-0.0072,0.0084,-0.0398,0.0118,-0.0144,-0.0315
577,-0.0216,0.016,-0.0294,0.0515,0.0123,0.0123,-0.0085,-0.0587,0.0054,-0.0424,0.0521,0.0154,-0.0078,0.0107,0.0,0.0069,-0.014
578,-0.0344,0.0487,-0.0908,-0.0377,0.0037,0.0421,0.0,0.0109,0.0195,-0.0062,0.0359,-0.0095,-0.0088,-0.0158,0.0,0.0,0.0425
579,-0.0769,0.109,-0.0149,0.0192,-0.0577,-0.0043,-0.0064,0.0171,0.0428,-0.0385,0.0427,-0.0064,-0.0043,-0.0385,0.0278,0.0,-0.0107
580,0.0074,0.0177,-0.0148,-0.0194,-0.0194,0.0062,-0.0051,0.025,0.0165,-0.0256,0.0137,0.0,0.0239,0.0228,0.0,0.0,-0.049
581,0.0369,0.0143,0.0087,-0.026,-0.0123,-0.0062,0.0,0.0334,0.0102,-0.0301,0.0559,-0.015,-0.0622,-0.0438,0.0,0.0,0.0361
582,-0.0286,0.0202,-0.0513,0.0362,-0.0085,0.0514,0.0,0.0126,-0.0303,-0.0076,0.042,-0.0227,-0.0395,0.0514,0.0,-0.0152,-0.0101
583,0.0219,0.0042,-0.0817,0.0453,-0.0136,0.0021,0.0,-0.0073,0.0177,-0.0312,0.0062,0.0,-0.0094,-0.0292,0.0333,-0.0078,0.0495
584,0.0497,-0.003,-0.1391,0.072,-0.0556,-0.0111,0.0,0.0468,0.0831,-0.0111,0.0468,0.0,-0.0778,-0.0141,0.0,0.0526,-0.0391
585,-0.0643,-0.0585,0.0973,-0.0702,-0.0468,-0.0292,0.0,0.0531,0.2318,-0.0058,-0.1111,-0.0058,-0.117,-0.0234,0.0,0.0675,0.0824
586,-0.08,0.0466,-0.1266,-0.0267,0.02,0.0467,0.0,0.0,0.12,-0.02,-0.0266,0.0,-0.0266,-0.0467,0.0,0.0,0.12
587,-0.0667,0.0246,0.1793,-0.0211,-0.0044,-0.0167,0.0,0.0657,0.0067,-0.0167,-0.0244,0.0,-0.0532,-0.0266,0.0,0.0,-0.0466
588,-0.0116,0.0226,-0.0361,-0.0272,-0.0116,-0.0272,0.0,0.0509,0.0142,0.0399,0.0082,0.0071,0.0368,-0.0329,0.0,-0.0057,-0.0275
589,-0.021,-0.0272,0.1966,-0.0026,-0.0675,-0.0245,0.0,-0.1227,0.093,0.0219,0.001,0.0,-0.0517,0.0219,0.0,0.0,-0.0174
590,0.1463,-0.0738,-0.2282,-0.0268,-0.047,-0.0134,0.0,0.0725,0.1597,-0.0268,-0.0872,-0.0067,0.2926,-0.0268,0.0,-0.0067,-0.1275
591,-0.0522,0.0995,-0.0348,-0.0522,-0.0522,0.1443,0.0,0.0697,0.1443,-0.0448,-0.0896,-0.0075,0.0622,-0.0373,0.0,-0.0075,-0.1418
592,-0.0163,-0.0281,-0.0016,0.0066,0.0074,-0.0355,-0.0059,-0.0141,0.0007,-0.0533,0.1063,0.0,-0.0089,-0.0045,0.0,0.0244,0.0228
593,-0.0147,-0.0088,0.0303,0.0121,0.018,0.018,0.0149,0.0212,0.021,-0.0208,-0.0205,0.0089,-0.0026,-0.0268,0.0,-0.0119,-0.0384
594,-0.0374,0.0511,0.0566,0.0446,-0.0243,-0.0327,-0.0065,-0.0635,0.0084,0.0084,-0.0831,0.0345,0.1023,-0.0588,0.0,-0.0065,0.0072
595,-0.0591,0.0799,-0.1453,-0.0086,-0.007,0.0349,0.0,0.0644,0.0551,-0.0202,-0.0373,0.0652,-0.014,-0.0288,0.0,0.0,0.0209
596,-0.037,0.1609,-0.0308,-0.0214,-0.0391,-0.0058,-0.0078,0.063,0.0511,-0.0312,-0.0172,-0.0156,-0.0094,0.0042,0.0,-0.0078,-0.0562
597,0.0074,0.0394,-0.0868,0.0509,-0.0656,0.0238,0.0,0.0091,0.0213,-0.0328,0.0878,0.0,-0.0254,-0.0197,0.0189,0.0,-0.0287
598,0.0121,0.0962,0.0057,-0.03,-0.0648,0.0071,-0.0093,-0.0455,0.0143,-0.0185,0.0519,0.0,-0.0506,0.0399,0.0,-0.0093,0.0007
599,-0.0744,0.02,0.0965,0.0266,-0.053,0.0382,0.0,-0.0164,-0.0032,0.0034,0.0134,0.0,-0.0561,-0.0182,0.0,-0.0066,0.0301
600,0.0375,-0.0295,0.0867,-0.0357,0.0066,-0.0177,0.0,0.0435,0.0002,-0.0419,-0.0289,0.0,0.0317,-0.0177,0.0182,0.0,-0.0528
601,-0.0608,-0.105,0.1952,-0.0773,-0.0331,-0.0221,-0.0055,-0.1105,0.3112,-0.0221,-0.1271,-0.0055,-0.105,-0.0497,0.0,0.0,0.2173
602,-0.0597,0.0098,-0.0978,-0.0075,-0.0075,0.0227,0.0,0.1708,0.0103,-0.0006,0.0018,0.0,0.0551,-0.0651,0.0,-0.0118,-0.0209
603,-0.0641,0.0705,-0.0128,0.0128,0.0064,0.0193,0.0,-0.0256,0.0257,-0.0128,0.0449,0.0,0.0,-0.0385,0.0,0.0,-0.0256
604,-0.0252,0.0066,0.0517,-0.0385,-0.0252,0.0209,0.0,-0.0165,-0.0231,-0.0099,-0.0143,0.0,0.0297,0.0033,0.0,0.0,0.0406
605,-0.0813,-0.0813,0.2411,0.1117,-0.0437,-0.0312,0.0,-0.1,-0.025,-0.0437,0.0679,0.0,0.0179,-0.0312,0.0,-0.0063,0.0054
606,0.0365,0.0569,-0.0399,0.0085,-0.0968,0.073,0.0,0.0611,-0.0161,0.0,0.045,-0.0323,-0.1129,-0.0484,0.0526,-0.0161,0.0289
607,0.0455,0.0432,-0.0977,-0.0477,-0.0022,0.0173,0.0,0.0832,0.0541,-0.0141,-0.0077,-0.0282,-0.0218,0.0173,0.0,0.0,-0.0413
608,-0.0548,0.0221,-0.0601,0.0716,-0.0411,0.0495,0.0,0.0938,0.0,-0.0274,0.0442,0.0495,-0.0601,-0.0411,0.0,-0.0137,-0.0327
609,-0.0323,-0.0484,-0.1935,-0.0645,-0.0323,-0.0161,0.0,-0.0806,0.0,-0.0161,-0.1452,-0.0323,0.8871,-0.0484,0.0,0.0,-0.1774
610,0.0537,0.0268,0.0007,0.0137,-0.0167,0.0,0.0,0.0203,0.087,-0.0333,-0.0732,-0.05,0.0572,-0.0833,0.0435,-0.0167,-0.0297
611,-0.0667,-0.1,0.2833,-0.0333,-0.0167,-0.0333,0.0,0.0333,0.0,-0.0167,-0.0833,0.1167,-0.1167,-0.0167,0.0,-0.0333,0.0833
612,-0.0159,0.0317,0.0318,0.0635,0.0159,-0.0476,0.0,-0.1587,0.0,0.0317,0.0476,0.0,-0.0158,-0.0159,0.0,-0.0159,0.0476
613,-0.0333,0.2357,0.1524,-0.0333,-0.0167,-0.0333,0.0,-0.15,0.0,-0.0167,-0.0333,0.0429,-0.0238,-0.0167,0.0,-0.05,-0.0238
614,-0.0016,-0.0178,0.0239,-0.0161,-0.0297,0.0077,-0.0068,0.0087,0.0502,-0.0059,-0.0203,-0.0034,-0.0492,0.0375,0.0,-0.0034,0.0265
615,-0.0246,0.0434,0.0363,0.0039,-0.0246,-0.0319,-0.0035,-0.0413,-0.0069,0.0287,0.0257,0.0,-0.0133,0.0002,0.0,-0.0071,0.0151
616,-0.0326,0.0171,0.1266,0.0245,0.0152,-0.0184,0.0,-0.0817,-0.0221,-0.0184,0.0654,-0.0074,-0.1062,0.0225,0.0,-0.0074,0.0229
617,0.0352,0.0746,-0.1195,0.0706,-0.0518,0.0671,-0.004,-0.0808,-0.008,-0.0319,0.0743,-0.004,-0.025,0.0116,0.0,-0.008,-0.0006
618,-0.0003,0.0556,0.0255,0.0171,-0.0088,0.0171,-0.0087,-0.0051,0.0517,0.0129,-0.0435,0.0,-0.0782,0.0041,0.0345,-0.0087,-0.0652
619,-0.0052,-0.0318,-0.0144,-0.0359,-0.0007,0.0656,-0.0133,0.0412,0.013,0.0304,-0.0014,-0.0044,-0.0678,0.0522,0.0,-0.0178,-0.01
620,0.1257,-0.0737,0.2794,-0.0561,-0.0456,-0.007,-0.007,-0.1161,-0.0105,0.0734,-0.0947,-0.0035,0.0169,-0.0386,0.0,-0.014,-0.0284
621,0.012,-0.0192,0.1206,0.1204,-0.043,0.0733,-0.0039,-0.0959,-0.0117,-0.0273,0.003,-0.0039,-0.0439,-0.0286,0.0222,-0.0156,-0.0583
622,0.0049,-0.0298,0.0674,0.0164,0.0045,0.035,0.0,0.0066,-0.0267,0.0701,0.0094,-0.0038,-0.1058,-0.0229,0.0,-0.0076,-0.0177
623,-0.0016,0.0235,0.052,0.0539,0.003,0.0525,-0.0068,-0.0682,0.0157,0.0199,-0.0193,-0.0068,-0.1431,-0.0046,0.0109,-0.0135,0.0324
624,-0.0158,0.0004,0.0889,0.0629,-0.0486,0.0192,-0.004,-0.1154,0.0164,0.0233,0.0522,0.0,-0.0995,0.0071,0.0109,-0.0081,0.0103
625,-0.0319,0.0353,-0.0341,-0.0194,-0.0398,0.0149,0.0,-0.0154,0.155,-0.0106,0.0071,0.0009,-0.0907,0.0014,0.0306,-0.0167,0.0131
626,-0.0374,0.0219,-0.0016,0.0231,-0.0253,0.014,-0.0044,0.0005,0.0249,-0.0076,0.0227,-0.0089,-0.0206,-0.0171,0.0,-0.0044,0.0201
627,0.0375,0.0065,0.0294,0.015,-0.0198,0.0446,0.0,-0.0887,-0.0212,0.031,0.0082,0.0132,-0.074,0.0056,0.0,-0.0169,0.0299
628,-0.0175,-0.0131,0.0439,-0.0131,-0.0131,-0.0087,-0.0088,-0.0527,0.0482,0.0439,-0.0351,0.0,-0.0614,-0.0131,0.0395,-0.0132,0.0746
629,0.0063,-0.0011,0.0427,0.006,-0.0125,-0.0128,-0.0037,-0.0712,0.0452,0.0398,-0.0103,-0.0037,-0.0715,-0.0277,0.0395,-0.0112,0.0464
630,-0.0075,0.0218,-0.0241,0.0244,-0.028,0.0665,0.0064,-0.033,-0.0102,0.0052,0.0384,-0.0051,-0.1224,0.0307,0.0115,-0.0051,0.0308
631,-0.0729,-0.0521,-0.125,-0.0625,0.0729,-0.0312,0.0,0.375,0.0,-0.0312,-0.1562,0.0,0.125,0.0,0.125,-0.0208,-0.1458
632,0.0064,0.0425,-0.0995,0.0158,-0.0439,0.033,0.0,0.0615,0.0,0.0064,0.0623,0.0149,-0.0783,0.0181,0.0,-0.0353,-0.0036
633,0.061,0.0942,0.0079,0.0163,0.0065,0.0188,0.0,0.0137,0.0,-0.0175,-0.0369,0.0,-0.0915,-0.0117,0.0,-0.0299,-0.0311
634,-0.0187,-0.0074,0.0306,0.0076,0.019,-0.0301,0.0,0.0381,-0.015,0.0454,0.0119,0.0189,-0.0674,-0.0226,0.0,-0.0187,0.0082
635,0.0729,0.038,0.0094,0.0005,-0.011,-0.0055,0.0,0.056,0.0145,0.0205,-0.1549,0.0,-0.025,-0.02,0.0,0.006,-0.0015
636,-0.0779,0.0986,0.0272,-0.0455,-0.0357,0.0607,-0.0032,0.0522,-0.0032,-0.0227,-0.0108,-0.0065,0.0077,-0.0455,0.0,-0.0292,0.0337
637,-0.0068,-0.0109,0.0389,-0.0007,0.0107,0.0073,-0.0034,0.0021,0.0469,0.0063,0.0175,0.0032,-0.0501,-0.0095,0.0,-0.034,-0.0172
638,-0.0231,-0.0602,0.143,-0.0006,0.0033,-0.03,0.0,-0.0131,0.0333,-0.0112,0.0362,-0.0112,-0.0347,-0.0264,0.0185,-0.0337,0.01
639,-0.0173,0.0233,0.048,0.0322,-0.0227,-0.0131,0.0,-0.1121,-0.0034,-0.0021,0.0679,0.0261,-0.0179,0.0068,0.011,-0.0412,0.0144
640,-0.0078,-0.0033,0.0064,0.0196,0.0052,0.0456,-0.0038,0.0041,0.003,-0.0168,0.0423,0.0061,-0.0774,-0.0031,0.0,-0.0191,-0.0011
641,0.0384,-0.0255,-0.0652,0.0782,0.0308,0.0038,0.0,-0.0675,-0.0033,0.0137,0.0687,-0.0132,-0.025,-0.0094,0.0,-0.0094,-0.0151
642,-0.0124,0.06,-0.01,-0.013,-0.0018,0.0352,-0.0031,0.0184,0.0025,-0.018,-0.0063,-0.0012,-0.018,-0.018,-0.0062,-0.0155,0.0073
643,0.0122,-0.009,0.095,0.0035,0.0017,0.0193,0.0088,-0.0673,-0.0106,0.0088,0.0051,0.0052,-0.0707,-0.0266,0.0247,-0.0141,0.014
644,0.1337,-0.0663,0.0622,0.0643,-0.051,0.0694,0.0,-0.0837,-0.0102,-0.0153,-0.0969,0.0,-0.0531,-0.0255,0.0,-0.0153,0.0878
645,-0.0042,-0.0223,-0.1576,-0.0485,-0.0485,0.1129,0.0,0.0178,-0.0182,-0.0182,0.028,0.125,0.0159,0.0261,0.0,-0.0182,0.0098
646,0.0244,-0.0149,0.0791,-0.0059,0.0123,0.0334,-0.003,0.0035,-0.006,-0.015,0.0095,0.0,-0.0905,0.0062,0.0,-0.0121,-0.0208
647,-0.0253,-0.0278,0.1098,0.0011,0.0319,0.0067,-0.003,-0.0202,0.0033,-0.0051,-0.0448,-0.003,-0.0086,-0.0534,0.0367,-0.0178,0.0195
648,-0.0295,-0.0201,0.0187,-0.0349,-0.0101,0.1026,0.0,0.1306,0.021,-0.0163,-0.0698,0.0,0.0032,-0.0163,0.0,-0.0062,-0.0729
649,0.016,0.0059,0.1046,0.0288,-0.0162,-0.0061,-0.0034,0.0004,-0.0034,-0.0196,-0.0237,0.0,-0.0103,-0.0465,0.0,-0.0135,-0.013
650,-0.0045,0.0504,-0.0036,-0.011,-0.004,0.0161,-0.0034,0.0678,0.0099,0.0142,-0.0519,0.0,-0.0269,-0.0159,0.0167,0.0,-0.0538
651,0.0257,-0.005,-0.0225,0.0233,0.0233,0.0048,-0.0031,-0.0306,0.0036,-0.0045,0.0124,0.0039,-0.027,-0.0072,0.0,-0.0011,0.0042
652,0.0068,0.0666,0.0317,0.0515,-0.0215,-0.0047,-0.0035,-0.0542,0.0063,0.0017,0.0323,0.0,-0.0622,-0.0053,0.0,-0.0209,-0.0245
653,-0.0712,-0.0212,0.1483,0.0356,0.0127,-0.0203,-0.0068,0.0246,-0.0068,-0.0305,0.0042,0.0,0.0144,-0.0542,0.0,-0.0102,-0.0186
654,-0.0214,-0.0462,0.1222,0.006,-0.0328,-0.0219,0.0276,0.0092,0.0248,0.0608,-0.0181,-0.0027,-0.043,-0.0546,0.0,-0.0055,-0.0045
655,-0.0023,0.0294,-0.1331,-0.041,0.025,0.0977,-0.0034,0.1203,-0.0034,0.0181,0.0158,0.0,-0.0774,-0.0375,0.0,-0.0034,-0.0047
656,0.0072,0.0112,-0.0401,-0.0356,0.0271,0.0584,0.0,0.0263,0.0077,-0.0041,-0.0519,0.0,-0.0086,-0.0553,0.0,-0.0039,0.0614
657,-0.0014,0.025,0.0414,-0.0212,-0.0008,0.0296,-0.0034,-0.0297,0.0032,-0.024,0.061,0.0,-0.0593,-0.0546,0.0,-0.0034,0.0378
658,0.0267,-0.0032,-0.0126,0.0182,-0.0094,0.0839,-0.0036,0.0066,0.0,-0.0023,-0.0497,0.0,-0.0617,-0.0188,0.0,-0.0036,0.0293
659,-0.0739,-0.0463,-0.071,0.0722,-0.0493,0.0241,-0.0035,0.0259,0.0798,0.01,-0.0745,0.0798,-0.0435,-0.0423,0.0833,0.0692,-0.0399
660,-0.0383,0.0527,-0.0114,0.0018,-0.0392,0.0009,0.022,-0.0696,-0.009,-0.0172,0.0265,0.025,0.0425,-0.0012,0.025,-0.006,-0.0045
661,-0.011,0.0002,-0.0592,0.0175,0.0063,-0.0248,-0.0025,-0.0059,0.0695,-0.0297,0.0127,0.0,-0.0419,0.02,0.0,0.0311,0.0177
662,0.0381,0.0265,-0.0052,0.0123,-0.0128,0.0194,-0.0029,0.0016,0.0246,-0.0152,-0.0259,0.0,-0.0196,-0.022,0.0,-0.0029,-0.0161
663,-0.0049,0.001,0.0203,-0.0344,-0.0049,-0.0017,0.0,-0.0598,-0.0129,-0.0049,0.0069,0.0102,0.0069,0.0026,0.0102,-0.0129,0.0783
664,-0.0312,-0.0078,-0.0198,0.0047,-0.0066,0.0089,-0.0025,0.028,0.0365,-0.0086,-0.0209,0.013,-0.0164,-0.0083,0.013,0.0,0.018
665,0.0362,0.0552,-0.0554,0.0008,0.0063,0.0228,-0.0033,-0.0093,0.0124,-0.0228,0.0561,0.0157,-0.069,-0.0418,0.0079,-0.0099,-0.0019
666,0.0151,-0.0398,-0.0314,-0.0431,0.0543,0.033,-0.0028,-0.0236,0.0185,-0.0022,0.0073,0.0,-0.0197,0.009,0.0213,-0.0056,0.0101
667,0.0188,0.024,-0.0608,-0.0016,0.0011,0.0324,-0.0035,0.0381,0.0052,-0.0112,0.026,0.0157,-0.0354,-0.0444,0.0079,-0.0139,0.0015
668,-0.0348,0.0171,0.0375,0.0226,0.0011,0.0031,-0.0036,-0.0415,0.0053,-0.0183,0.0627,0.0,-0.0286,-0.0134,0.0268,-0.0072,-0.0288
669,-0.0197,0.0032,-0.0343,-0.0168,0.0024,0.0124,-0.0068,0.0053,-0.0068,0.0074,0.0556,0.0,-0.0447,0.0319,0.0087,-0.0103,0.0127
670,0.0113,-0.0327,-0.0025,-0.0092,0.0072,0.049,-0.0033,0.0152,0.0308,0.0006,-0.0228,-0.0033,-0.0623,-0.0302,0.0467,-0.0066,0.0119
671,-0.0013,-0.0045,0.0789,-0.0169,-0.0012,0.0051,0.0136,0.0328,-0.0031,0.0051,0.0319,0.0,-0.1078,-0.0596,0.0,-0.0031,0.0299
672,0.0521,0.0028,0.0179,-0.0275,-0.0062,-0.0104,-0.0043,-0.012,-0.0043,-0.0171,-0.0357,-0.0043,0.0222,-0.019,0.0323,0.0,0.0136
673,-0.042,-0.0043,0.0201,-0.0308,-0.013,0.0489,0.0,0.0757,0.0282,0.0132,-0.0568,-0.0037,0.0455,-0.042,0.0,-0.0037,-0.0352
674,0.0129,-0.0397,0.0503,-0.005,0.0129,-0.0117,-0.0037,-0.0879,0.0068,-0.0265,0.0742,0.0,-0.0939,0.0344,0.0,-0.0074,0.0847
675,0.0164,-0.018,0.0241,0.0343,0.0157,0.0307,0.0051,-0.0571,-0.0033,0.004,0.0248,0.0051,-0.0728,-0.0092,0.0,-0.0164,0.0164
676,-0.0591,-0.063,0.1935,0.0415,-0.0354,-0.0591,-0.0039,-0.0391,-0.0039,-0.0315,0.0908,-0.0157,0.0003,-0.0354,0.0,-0.0157,0.0357
677,0.0022,0.0095,-0.0543,0.0397,-0.0459,0.0015,-0.0033,-0.071,-0.0066,0.0113,0.1221,0.075,-0.0415,-0.0091,0.0,-0.0131,-0.0168
678,0.0105,0.0264,-0.0128,0.0105,-0.0273,0.002,-0.0066,-0.0906,-0.0133,0.0053,0.1033,-0.0066,-0.0441,0.0119,0.0,-0.0066,0.0383
679,-0.059,-0.0623,-0.0984,-0.082,-0.0426,-0.0525,0.4967,-0.1639,-0.0033,-0.0393,-0.082,-0.0164,0.323,-0.0197,0.0,-0.0066,-0.0918
680,-0.045,-0.0495,0.2162,-0.0676,0.1352,-0.0225,-0.0045,-0.1892,-0.009,-0.045,-0.0946,0.1622,0.1576,-0.0315,0.0,-0.0045,-0.1081
681,-0.0166,0.0091,0.0361,0.0001,0.0215,-0.0014,0.0,-0.0553,-0.0035,0.0049,0.0971,0.0021,-0.0636,-0.0318,0.0,0.0028,-0.0013
682,0.0372,0.0167,-0.0169,0.0078,-0.0029,0.0184,-0.0038,0.0026,0.0001,-0.0205,0.0009,-0.0036,-0.0635,0.0241,0.0079,-0.0038,-0.0007
683,0.0339,0.0337,-0.0609,-0.0002,-0.0191,0.0452,0.0,-0.0764,0.0377,0.0075,0.0298,-0.0114,-0.0534,-0.0038,0.0,0.0075,0.0298
684,-0.0274,-0.1096,0.0037,-0.0411,-0.0548,0.0909,0.0,-0.01,0.0909,-0.0274,-0.005,0.0,-0.0187,0.0635,0.0,-0.0137,0.0585
685,0.0444,0.0611,-0.0222,0.0444,-0.05,-0.025,0.0,-0.0592,0.0,0.0658,-0.0222,-0.0333,-0.1417,0.0574,0.037,-0.0333,0.0769
686,0.0167,0.0076,-0.0542,-0.0399,-0.0301,0.0279,0.0091,0.0416,0.0,-0.0196,-0.0037,0.0181,0.0612,-0.0392,0.0189,-0.0098,-0.0044
687,0.0133,0.0811,-0.0686,0.0224,-0.0182,0.0496,0.0769,0.0763,0.0,-0.0182,-0.0231,0.0496,-0.1364,0.0405,0.0,-0.0455,-0.1
688,-0.0197,-0.029,0.0551,-0.0291,-0.0381,0.0091,0.0189,0.0271,0.0,-0.0001,-0.0388,0.0376,0.1216,-0.019,0.0,-0.0286,-0.0671
689,0.0446,0.0102,0.1135,-0.0806,0.0264,-0.0242,0.0,-0.0119,0.0,-0.0081,-0.0381,0.0264,-0.0543,-0.0161,0.0667,-0.0323,-0.022
690,-0.0096,-0.002,0.0106,-0.0312,0.0209,-0.0007,0.0,-0.0034,0.0,-0.0153,0.0493,-0.0763,0.0182,0.0069,0.0222,-0.0534,0.064
691,-0.0369,0.0244,-0.0313,-0.0238,-0.0238,0.0,0.0,0.0382,0.0188,0.0294,0.0219,-0.0132,0.0301,0.0081,0.0294,-0.0319,-0.0395
692,-0.064,0.0154,-0.0165,0.0003,0.0437,0.0058,0.0,-0.0675,-0.0094,0.0606,0.0969,-0.0377,-0.0337,0.0114,0.0152,-0.0472,0.0269
693,-0.0909,0.0356,0.0334,0.0205,0.0086,-0.0033,0.0,-0.0358,0.0,-0.0227,0.0637,-0.0227,-0.0401,0.0011,0.027,-0.0303,0.0561
694,-0.043,0.0176,-0.0899,0.0284,0.0284,0.0391,0.0606,0.0853,-0.0108,-0.0215,-0.0146,0.0391,-0.0576,-0.043,0.0,-0.0108,-0.0076
695,-0.013,0.0382,-0.0062,-0.0274,-0.0197,0.0431,0.0,-0.038,-0.0074,-0.0004,0.0523,0.0,-0.0436,-0.0227,0.0,-0.0114,0.0559
696,-0.0158,0.0887,-0.0017,-0.048,-0.0188,0.0142,0.0072,0.0001,-0.0109,0.0463,0.0019,-0.0182,-0.0206,-0.033,0.0108,-0.0219,0.0202
697,0.0068,0.0363,0.0134,-0.0416,-0.0191,-0.0187,0.0,0.0198,-0.0037,0.048,-0.0232,-0.0112,-0.0981,-0.015,0.0,-0.0187,0.1251
698,0.0111,-0.0145,-0.0301,0.0028,0.0409,0.039,0.0,-0.0377,-0.0041,0.0091,0.0368,-0.0041,-0.101,0.0266,0.0,-0.0329,0.0582
699,-0.0855,0.1111,-0.0577,0.0064,-0.0641,0.0662,0.079,-0.1218,0.0,-0.0128,0.0277,0.0,0.0129,-0.0256,0.0,-0.0299,0.0941
700,0.0142,0.0433,-0.0588,0.0052,-0.0116,0.0317,0.0,-0.0231,0.0045,-0.0142,0.0472,0.0,-0.0626,-0.0149,0.042,-0.0233,0.0201
701,-0.048,0.0381,-0.0497,-0.0334,-0.0342,0.1014,0.0,-0.1124,-0.0041,0.0601,0.0859,-0.0041,-0.0205,0.0048,0.0,-0.0285,0.0445
702,0.0376,0.0032,0.0094,0.002,-0.0078,0.0291,0.0152,-0.0398,0.0111,-0.0012,0.0654,0.0,-0.0578,-0.0148,0.0,-0.0287,-0.0226
703,-0.012,0.0225,-0.068,-0.0206,0.0424,0.032,0.0,0.0148,-0.0172,0.0156,0.0578,0.0,-0.0844,-0.0267,0.0164,-0.0216,0.0492
704,-0.0211,0.0444,0.0004,0.0065,-0.0405,0.0102,-0.0035,0.0149,-0.0069,0.0194,0.0179,0.0148,-0.0558,-0.0198,0.0275,-0.0173,0.0087
705,-0.067,-0.0052,0.0479,0.0321,-0.0116,-0.028,0.0,-0.0868,-0.0105,0.0402,0.0893,-0.0035,-0.0443,-0.0181,0.0,-0.021,0.0864
706,0.0061,-0.0497,0.0343,0.0669,-0.0552,-0.0331,0.0,-0.1713,0.0,-0.0221,0.0171,0.0945,0.0619,0.0724,0.0,-0.0221,0.0006
707,0.0219,-0.0558,0.0476,-0.0409,-0.052,-0.0112,0.0,0.0848,-0.0037,-0.026,-0.0152,0.0,0.1476,-0.0372,0.0,-0.0112,-0.0487
708,-0.0091,-0.0382,0.0907,-0.0061,-0.0061,-0.0223,-0.0032,0.0137,0.0,0.0546,-0.0279,-0.0032,0.0232,-0.0414,0.0,-0.0159,-0.0088
709,-0.1015,0.0062,-0.1066,-0.0233,-0.0383,-0.0082,0.0,-0.0252,-0.0038,0.0068,0.1218,0.0256,0.0185,0.0506,0.0513,-0.0226,0.0485
710,-0.0258,0.0493,0.1142,-0.0688,-0.0074,0.0201,0.0,0.0529,0.0384,-0.0092,-0.1239,0.0,0.0053,-0.0321,0.0,-0.0229,0.0099
711,-0.0089,-0.0461,0.0608,-0.0367,-0.0599,0.0048,0.0,0.0654,-0.0092,0.014,0.0423,0.0278,-0.0087,-0.0367,0.0,-0.0138,0.0051
712,-0.0525,0.0115,0.0499,-0.0445,-0.0324,-0.0123,0.0,0.0342,0.0,0.0315,0.0144,0.0,-0.0571,0.0353,0.0238,-0.004,0.0023
713,-0.1029,0.0985,0.0309,-0.0331,-0.0515,-0.0221,0.0,-0.0824,-0.0037,0.0243,0.0934,0.0,-0.0434,0.0243,0.05,-0.0257,0.0434
714,-0.0211,-0.0165,0.0308,0.0546,-0.0165,-0.0138,0.0,-0.0283,0.0,0.0203,0.0611,0.0,-0.0534,-0.0369,0.0,-0.0092,0.0289
715,-0.0447,-0.0252,-0.0026,0.0324,0.0282,0.1136,-0.0042,-0.0222,0.0,-0.0294,-0.0517,-0.0042,-0.0391,-0.0294,0.0435,-0.0252,0.0605
716,0.0166,0.0383,-0.0955,-0.0526,-0.0632,0.0203,0.0286,0.0865,0.0,-0.0316,-0.0143,0.0,0.0218,0.0075,0.0,-0.0105,0.0482
717,-0.0376,-0.0155,-0.0077,0.045,0.0202,-0.0056,0.0,-0.0299,0.0233,0.03,-0.002,0.0,-0.0516,-0.0372,0.0698,-0.0248,0.0238
718,-0.0087,0.0655,-0.0626,0.0289,-0.004,0.0346,0.0,0.0055,-0.0349,-0.0115,0.0441,0.0202,-0.0626,-0.0104,0.0,-0.0121,0.0081
719,0.1075,-0.0004,-0.1146,0.0225,-0.0571,-0.0171,0.0,-0.0064,0.0,0.0282,0.0846,-0.0057,0.0221,-0.04,0.0,-0.04,0.0164
720,-0.0413,0.0026,-0.0416,0.0229,-0.0236,0.06,0.0,-0.0038,0.0233,-0.0274,0.0244,0.0116,-0.0436,0.0221,0.0349,-0.0146,-0.0057
721,-0.1057,-0.0285,-0.1585,-0.0366,-0.0691,-0.0203,0.0,0.3455,-0.0041,-0.0203,-0.0976,0.0,0.374,-0.0407,0.0,-0.0244,-0.1138
722,-0.0519,-0.0019,0.1,0.0074,0.0056,-0.0166,0.0,-0.0463,-0.0037,0.0148,-0.037,0.0,-0.0037,-0.0203,0.0667,-0.0185,0.0056
723,-0.0562,0.0915,-0.0022,-0.0069,-0.0637,-0.0262,-0.0037,0.0775,0.0,-0.015,0.0694,0.0,-0.1043,0.008,0.0,-0.015,0.047
724,-0.0118,0.0267,-0.0621,-0.0191,-0.0335,0.0537,0.0094,0.0068,0.0189,-0.0212,0.004,0.0,-0.0272,0.0129,0.0189,-0.0044,0.028
725,0.0311,0.0583,-0.0774,0.0393,-0.0472,0.0181,0.0,0.0172,-0.0156,-0.0008,-0.0009,0.0,0.0099,-0.0047,0.0,-0.0078,-0.0195
726,0.0143,-0.0639,-0.0609,0.0195,0.0045,0.0767,0.0,-0.0421,-0.0038,0.0383,0.0076,0.0248,-0.021,0.0023,0.0,-0.0188,0.0226
727,0.1662,-0.0481,-0.1375,-0.0515,-0.0481,-0.0172,-0.0034,-0.0431,-0.0034,-0.0206,0.1559,0.0,-0.0534,0.06,0.0,-0.0172,0.0615
728,0.0226,0.0367,0.0365,0.0028,-0.0172,0.0518,-0.004,-0.0682,0.0169,-0.0151,-0.0183,0.0,-0.0254,0.0019,0.0,-0.012,-0.0094
729,0.0198,-0.0015,-0.0378,0.0113,-0.0359,0.024,-0.005,-0.0401,0.0024,0.0264,0.0392,0.0,-0.0378,0.0167,0.0074,-0.005,0.0161
730,-0.0163,0.0128,0.034,-0.0123,-0.0705,-0.0373,0.0,-0.0286,0.0,0.0167,-0.0037,0.0,-0.0162,0.0335,0.0333,-0.0041,0.0589
731,-0.0114,0.0452,0.0007,-0.0073,-0.0302,0.0022,-0.0083,0.0165,-0.0083,0.0105,0.0331,0.0077,-0.0652,-0.006,0.0118,-0.0165,0.0255
732,-0.0868,-0.0496,-0.1069,-0.0413,0.0171,-0.0248,0.0626,-0.157,0.0,-0.0207,0.1758,0.0667,0.1179,0.0378,0.0,-0.0207,0.03
733,0.0159,-0.0063,0.0793,-0.0619,-0.0667,0.0223,0.0,0.0381,-0.0143,0.0318,-0.0492,-0.0048,0.1032,-0.019,0.0,-0.0143,-0.0539
734,0.1912,-0.0471,-0.1412,-0.0588,-0.0471,0.1132,0.0,0.0382,0.0,-0.0118,-0.0471,-0.0588,-0.0279,-0.0353,0.125,-0.0118,0.0191
735,-0.0426,0.1649,-0.1489,-0.0426,-0.0213,-0.0106,0.0,0.3191,0.0,-0.0213,-0.0638,-0.0957,0.1223,-0.0213,0.0,-0.0319,-0.1064
736,-0.0024,0.0051,-0.0624,0.0285,0.0075,-0.0098,0.0,-0.007,0.0,0.0075,0.0666,-0.0811,-0.0144,-0.0098,0.0862,-0.0135,-0.0009
737,0.1239,0.013,-0.063,-0.021,0.0007,0.0116,0.0,0.1043,-0.0109,0.0,0.0124,-0.0326,-0.0746,0.0224,0.0,-0.0109,-0.0754
738,0.0687,0.1384,-0.0039,-0.0357,-0.0595,-0.0005,0.0,-0.0391,0.0,0.0465,0.0103,-0.013,-0.0856,-0.0357,0.0,0.0,0.0092
739,-0.0286,-0.0095,-0.0762,-0.019,0.0857,0.0572,0.0,-0.0572,0.0,-0.0095,0.0,-0.0095,-0.0571,0.0952,0.0,-0.0286,0.0571
740,0.0099,0.0191,0.0082,0.0583,-0.0251,0.0116,0.0,-0.0285,0.0208,0.0258,0.0308,0.035,-0.0959,-0.0275,0.0,0.0,-0.0426
741,-0.0303,0.0285,-0.0309,0.0483,-0.0396,-0.0198,0.0,-0.0017,0.0,-0.0099,-0.0006,0.127,-0.0798,0.0489,0.0,0.0,-0.0402
742,0.0076,0.0481,-0.0716,0.0284,-0.0132,0.0098,0.0,-0.063,0.0,0.0098,0.0481,-0.0122,0.0151,0.0098,0.0,-0.011,-0.0057
743,0.0081,0.0299,-0.1125,0.0095,0.0095,0.0342,0.0233,0.131,0.0465,-0.0247,0.0081,-0.1111,0.0284,-0.0247,0.0,-0.0014,-0.0537
744,-0.0001,0.0653,-0.0443,0.0212,-0.0016,0.0121,0.0,0.0255,0.0091,0.0122,0.0273,-0.0411,-0.0687,-0.0092,0.003,-0.0015,-0.0093
745,0.0055,0.0055,-0.001,-0.0238,-0.0476,-0.0238,0.0,0.0165,0.0,0.0,-0.0476,-0.0595,-0.0421,0.13,0.0,-0.0238,0.1118
746,0.0393,-0.0031,0.0134,0.0217,-0.0497,-0.0259,0.0,-0.0787,0.0,0.0279,0.0373,0.0176,-0.059,0.0228,0.0,-0.0124,0.0487
747,-0.0459,-0.0632,0.0801,0.0412,-0.0316,-0.0526,0.0225,-0.0865,0.0,0.0173,0.0351,-0.0053,0.0351,-0.0368,0.0,-0.0053,0.0959
748,-0.0756,-0.064,-0.1279,0.0964,-0.0523,-0.0349,-0.0058,-0.0199,0.0,-0.0233,0.0324,0.2683,0.152,-0.0291,0.0,-0.0058,-0.1105
749,0.02,-0.0287,0.0553,0.1172,0.0023,-0.0184,-0.0052,0.037,-0.0052,0.0229,-0.0596,-0.0052,-0.0699,-0.0258,0.0,0.0332,-0.0699
750,0.0314,0.0191,-0.0583,0.0368,-0.0013,0.0096,0.0095,-0.0201,0.0095,-0.0054,0.0681,0.0177,-0.1114,0.0055,0.0,-0.0054,-0.0053
751,0.0033,-0.0512,0.0681,-0.0563,0.0033,-0.009,-0.007,-0.0901,0.0,-0.0019,0.0488,0.0333,-0.0338,0.0456,0.0,-0.0141,0.0611
752,0.0323,-0.0009,0.0342,0.0088,-0.0127,-0.0293,-0.0049,-0.0213,0.0,-0.0341,0.046,-0.0049,0.0391,0.0117,0.0,0.0,-0.0643
753,-0.0271,0.0126,0.1889,-0.0024,-0.0396,-0.0396,0.0,-0.0021,0.0,0.0075,-0.0444,0.0174,-0.0418,-0.0446,0.0,0.0,0.0151
754,-0.0682,-0.0568,-0.0196,0.077,-0.0511,0.0713,-0.0057,-0.0537,-0.0057,-0.0114,0.1086,-0.0114,0.0915,-0.0284,0.0,-0.0114,-0.0253
755,0.1583,-0.0458,-0.1042,-0.0667,-0.0458,0.1042,0.0,-0.0208,-0.0042,-0.0292,-0.0042,-0.0042,-0.0292,0.0875,0.0,-0.0042,0.0083
756,-0.0345,-0.0058,-0.0192,0.0062,0.0129,-0.0015,0.0,-0.0206,-0.0053,0.0377,-0.0073,0.0769,-0.0231,-0.033,0.0,-0.0158,0.032
757,-0.0814,-0.0465,-0.1395,-0.064,-0.0581,-0.0291,0.0,0.3314,-0.0116,-0.0349,-0.0872,-0.0174,0.3488,-0.0116,0.0,0.0,-0.0988
758,0.0085,0.0116,-0.0829,0.0139,-0.0284,0.0006,-0.0079,-0.029,0.0133,0.0431,0.0765,0.0321,-0.0327,-0.0182,0.0,-0.0079,0.0073
759,0.0025,0.0138,-0.0966,0.0138,-0.0065,0.0409,0.0385,-0.0287,0.0,-0.018,-0.0672,0.1448,0.0367,0.0025,0.0,0.0,-0.0763
760,0.101,-0.0185,-0.1137,0.0868,-0.0379,-0.0427,-0.0047,-0.1706,0.0,0.0674,0.1062,-0.0047,0.0205,-0.0332,0.0,-0.0142,0.0584
761,0.0482,-0.0129,0.0356,0.0247,0.0017,0.0011,0.0003,-0.0557,0.0,-0.0138,-0.0031,0.0084,-0.033,-0.0069,0.0078,0.0,-0.0025
762,0.0193,0.0928,-0.0333,0.0853,-0.0451,0.0569,-0.0075,0.0445,0.0,-0.0301,0.0101,-0.0075,-0.0559,-0.0376,0.0,0.0,-0.0918
763,-0.0135,0.0135,-0.1217,0.0379,0.0,0.0,0.0081,-0.0541,0.0,0.0271,0.0297,0.027,0.0162,0.073,0.0,-0.0108,-0.0324
764,-0.0377,-0.002,-0.0228,0.0563,-0.0208,0.0432,-0.0056,0.013,0.0,-0.0565,-0.0059,0.0301,-0.0172,-0.0395,0.0357,0.0,0.0299
765,0.411,-0.0471,-0.1257,-0.0471,-0.0419,-0.0314,-0.0052,-0.1466,0.0,-0.0366,-0.1204,-0.0052,0.3639,-0.0419,0.0,0.0,-0.1257
766,-0.0389,0.0091,-0.0309,0.0091,-0.056,0.0491,0.027,-0.0519,-0.008,-0.024,0.0902,0.0461,-0.0519,0.0301,0.0,-0.008,0.0091
767,0.0425,0.0179,-0.0864,0.002,-0.015,0.0113,0.0,0.0078,0.0,0.0245,-0.0101,0.0037,0.0275,-0.0094,0.0,-0.0066,-0.0101
768,-0.0552,0.035,-0.1586,0.0281,0.1115,0.0419,0.0,0.1678,0.0,-0.0138,-0.0897,0.0626,-0.0684,-0.0276,0.0,-0.0069,-0.027
769,-0.0139,-0.0047,-0.0024,0.0478,-0.0207,-0.0642,0.0,0.0706,0.0435,-0.0367,0.002,-0.0183,0.0203,0.0252,0.0435,0.0,-0.0917
770,0.0484,0.0565,-0.0486,-0.024,-0.0017,0.0653,-0.0076,-0.0132,0.0,-0.0229,-0.0633,0.0071,-0.0568,-0.0158,0.0294,0.0,0.0473
771,0.044,0.0468,0.0075,0.0322,-0.0306,0.0191,-0.0073,-0.0846,0.0,-0.0365,0.0367,0.0205,-0.0071,0.0059,0.0,-0.0073,-0.0393
772,-0.0435,-0.0543,-0.1739,-0.0435,-0.0435,0.1558,-0.0109,0.192,-0.0217,0.1341,-0.087,-0.0109,0.0471,-0.0435,0.0,-0.0217,0.0254
773,0.0525,0.026,-0.0064,0.0293,-0.0063,0.0441,-0.0048,-0.0093,0.0066,0.0009,-0.0334,0.0,-0.0254,-0.0528,0.018,-0.0166,-0.0225
774,-0.0789,0.1141,0.0702,0.1053,-0.0351,-0.057,-0.0132,0.0132,0.1667,-0.0219,-0.1096,0.1579,-0.1535,-0.0175,0.0,-0.0044,-0.136
775,0.0249,0.0249,0.0266,-0.0581,0.0307,-0.0465,-0.0233,0.0266,0.0,-0.0174,-0.0083,0.0,0.0208,-0.0523,0.0714,-0.0058,-0.0141
776,0.1075,0.0194,-0.0742,0.0095,-0.0542,0.0292,-0.0099,-0.0644,0.0,-0.0148,-0.0006,0.0391,0.0974,-0.0394,0.0,-0.0099,-0.0351
777,-0.0586,0.0108,-0.0286,0.0509,-0.0377,-0.046,-0.0084,0.0282,0.0,0.0233,0.0324,0.0484,0.0599,0.0359,0.0,-0.0126,-0.098
778,-0.0406,0.0176,0.0529,0.0499,-0.0146,0.0167,-0.0052,-0.0875,0.0,0.0011,0.0415,0.0323,-0.049,0.0176,0.0,-0.0156,-0.0168
779,0.01,-0.0526,-0.0163,-0.0526,0.0144,-0.0125,-0.0088,-0.0821,0.0,0.0182,0.0201,0.0313,-0.0238,0.0319,0.0,-0.0044,0.1272
780,-0.0325,0.0411,-0.0704,-0.0086,0.0098,-0.0009,-0.0107,0.0164,0.0,0.0312,0.0057,0.0132,-0.0313,0.0312,0.0,-0.0053,0.011
781,-0.0069,0.004,0.0327,0.0366,0.0096,-0.0295,-0.0169,-0.0486,0.0,-0.0013,0.044,0.0,-0.026,-0.0235,0.0217,-0.0056,0.0101
782,-0.0012,-0.0232,0.0194,0.0076,-0.0232,0.0032,-0.0055,-0.0057,0.0,-0.0275,0.0754,-0.011,-0.0486,0.0438,0.0,-0.0055,0.0019
783,0.0006,0.0158,0.0403,-0.0318,-0.0342,-0.0104,-0.0085,0.0036,0.0,0.0305,0.0452,-0.0128,-0.0953,-0.0037,0.0,-0.0043,0.0647
784,-0.0256,0.0654,-0.0166,-0.0146,-0.0037,0.0072,-0.0164,-0.0238,0.0,0.0181,0.0743,-0.0109,-0.0566,0.0363,0.0,-0.0055,-0.0275
785,0.0381,-0.0048,0.0905,0.0048,-0.0048,0.0429,-0.019,0.0524,0.0,0.0095,-0.0191,-0.0048,-0.0334,-0.0333,0.0,-0.0095,-0.1096
786,0.0681,-0.0006,-0.026,0.0928,-0.0396,-0.0347,-0.0198,-0.0012,0.0,-0.0248,0.0527,0.0,-0.0215,0.0291,0.0,-0.005,-0.0699
787,0.0034,0.0281,-0.008,0.0428,0.0033,0.0067,-0.0049,-0.008,0.0017,0.0,0.0134,0.0017,-0.1,0.0296,0.0066,0.0,-0.0162
788,0.0583,-0.0604,-0.117,0.0658,-0.0453,-0.0264,-0.0151,-0.0361,-0.0038,0.0922,-0.0323,0.0998,-0.0323,0.0809,0.0,0.0,-0.0285
789,-0.0465,-0.0419,0.0744,-0.0558,-0.0326,-0.0326,-0.014,0.0744,0.0,-0.0233,0.0791,-0.0093,0.0186,-0.0419,0.0,0.0,0.0512
790,-0.0091,0.0036,0.0787,0.0139,-0.0391,-0.0011,0.0,0.0317,-0.0253,0.0208,0.0428,-0.0414,-0.1883,0.0393,0.0,-0.0322,0.1054
791,-0.0439,0.0548,-0.0252,-0.0439,0.0899,0.0508,0.0,0.0355,-0.0292,-0.0205,0.0519,-0.0526,-0.0925,0.0157,-0.0058,-0.0351,0.0501
792,-0.0337,0.0159,0.0294,0.0069,0.0137,0.0339,0.0,0.0139,0.0023,-0.018,0.0587,-0.0404,-0.0986,-0.0067,0.0248,-0.0382,0.0362
793,-0.0073,0.0687,0.0003,0.0354,-0.0073,-0.0129,0.0,-0.0643,-0.0258,0.0149,0.1466,-0.0295,-0.175,0.0372,-0.0018,-0.0332,0.0542
794,0.0137,0.0281,0.0241,0.0281,-0.004,-0.0216,0.0,-0.0601,-0.0288,0.0177,0.061,0.0081,-0.0391,0.0113,-0.0048,-0.024,-0.0096
795,-0.0261,0.0086,-0.0166,-0.0061,0.0367,-0.0098,0.0147,-0.0392,-0.0267,0.0352,0.0947,-0.032,-0.1027,0.0108,-0.0089,-0.0444,0.1114
796,0.0197,0.0261,-0.069,-0.0453,-0.0388,-0.0216,0.0,-0.1509,-0.0237,0.0563,0.2232,-0.0366,-0.1006,0.1063,-0.0022,-0.0323,0.0893
797,0.0199,0.0176,-0.1033,-0.0352,-0.0352,0.0645,0.0,-0.0552,-0.0258,-0.0235,0.189,0.0457,-0.0328,-0.0399,0.0,-0.0282,0.0423
798,-0.0182,0.0679,0.032,0.0357,-0.0384,0.0202,0.0,0.1178,0.0429,0.0202,-0.0002,-0.0504,-0.1177,-0.023,-0.0048,-0.0288,-0.0554
799,-0.0092,0.0096,-0.0123,-0.0084,0.0351,0.0114,0.0,-0.0147,0.0092,0.0048,0.0777,-0.0273,-0.0933,-0.0207,-0.0044,-0.0242,0.0666
800,-0.0482,0.1558,-0.0723,-0.0422,-0.0341,-0.0201,0.0,0.2313,0.1779,-0.0161,-0.0522,-0.0301,-0.2691,-0.0422,-0.004,-0.0321,0.0976
801,-0.0706,-0.0341,0.0186,0.0722,-0.0414,-0.0316,0.0,-0.0373,-0.0219,-0.0097,0.0503,0.0819,0.107,-0.0438,0.0,-0.0316,-0.0081
802,0.0246,0.0534,-0.0338,0.0301,0.0123,0.0095,-0.0028,-0.0121,-0.0306,0.0468,0.0768,-0.0556,-0.0827,0.0273,-0.0028,-0.0361,-0.0244
803,-0.054,0.0447,-0.0085,0.0682,-0.0446,0.0526,0.0,-0.0609,0.011,-0.0211,0.0769,0.0267,-0.1517,-0.0148,0.0,0.0181,0.0574
804,-0.056,0.0773,-0.0071,0.0209,-0.028,0.0489,0.0,0.0575,0.0387,0.0336,0.085,-0.0356,-0.1878,-0.0305,-0.0025,-0.0331,0.0188
805,-0.0612,0.0503,0.0254,0.0694,-0.0287,-0.021,0.1,-0.0683,-0.0249,-0.0153,0.1388,-0.0382,-0.039,-0.0363,-0.0038,-0.0344,-0.0128
806,-0.0171,0.0578,-0.0423,-0.0066,-0.0315,0.1061,0.0,0.1257,-0.0273,0.0686,0.0161,-0.0462,-0.02,-0.042,0.0,-0.0399,-0.1012
807,-0.0589,0.042,-0.0766,-0.0354,-0.0314,-0.0196,0.0,0.182,-0.0255,-0.0196,-0.0688,0.1353,-0.1525,-0.0491,0.3313,-0.0413,-0.112
808,-0.0678,0.0456,0.0054,-0.0427,-0.0276,-0.0302,0.0,0.0009,-0.0302,-0.0126,0.1972,-0.0327,-0.0946,0.0531,0.0,-0.0276,0.0637
809,-0.051,-0.0211,0.0156,-0.0041,0.0061,0.0231,-0.0034,0.014,-0.0204,-0.0238,0.1161,-0.0476,-0.0227,-0.0578,-0.0034,-0.0408,0.1214
810,-0.0346,0.0446,0.1099,-0.037,-0.0346,0.0838,0.0,0.0637,-0.03,0.0769,-0.06,0.0561,-0.1986,-0.0439,0.0,-0.0393,0.043
811,-0.0294,0.081,0.0117,-0.0106,0.0059,0.027,0.0,-0.0495,-0.0259,-0.0212,0.1633,-0.0282,-0.1295,-0.013,-0.0024,-0.0235,0.0445
812,0.0197,0.0887,0.0665,0.032,-0.0345,-0.0123,0.0,-0.0862,-0.0271,-0.0148,0.0123,0.032,-0.1059,0.0345,-0.0049,-0.0246,0.0247
813,0.0039,0.0305,-0.0662,0.0141,0.0305,0.0054,0.0,0.0215,-0.0028,0.0292,0.008,-0.0048,-0.1338,0.0149,0.0,-0.0245,0.0739
814,-0.0591,-0.0523,0.2476,0.0208,-0.0364,0.0367,0.0,0.017,-0.0273,-0.0227,0.0943,-0.05,-0.1356,-0.0364,0.0,-0.0364,0.0397
815,-0.0031,0.0353,0.0191,0.0177,-0.0008,0.0362,0.0,-0.021,-0.0347,0.0316,-0.0031,-0.0008,-0.1067,-0.0347,0.0432,-0.0417,0.0637
816,-0.063,-0.0413,0.0102,0.0555,-0.0433,0.0653,0.0909,0.1388,-0.0236,-0.0236,0.0181,-0.0315,-0.0347,-0.0591,-0.002,-0.0177,-0.039
817,0.0996,0.032,-0.0074,0.0162,-0.0038,0.0398,0.0,0.0664,0.0022,-0.0197,-0.0055,-0.0217,-0.0938,-0.0394,0.0278,-0.0355,-0.0568
818,-0.0024,-0.0033,0.0045,0.0221,0.0261,0.0008,0.0,-0.0039,-0.0012,-0.0163,0.172,0.009,-0.1477,-0.0408,0.0,-0.0224,0.0033
819,0.0817,-0.0078,0.0396,0.0029,-0.0122,0.0175,0.0,-0.0164,-0.0251,0.0068,0.0374,-0.0335,-0.1325,-0.0205,0.0426,-0.0356,0.0554
820,-0.0177,0.0415,-0.029,-0.0577,0.0015,-0.016,-0.0032,-0.005,0.12,-0.0096,0.0095,-0.0241,-0.146,0.0544,0.0,-0.0481,0.1295
821,0.0531,0.086,0.0104,-0.0377,-0.0403,0.0556,0.0303,0.0987,0.0227,-0.0126,-0.0225,-0.0655,-0.156,-0.0302,0.0,-0.0277,0.0356
822,0.0009,0.0689,-0.0574,0.0053,-0.006,-0.0151,0.0,0.0353,0.0377,-0.0151,-0.0648,0.1044,-0.0527,-0.006,0.0,-0.0302,-0.0055
823,-0.0004,0.033,0.0022,-0.0554,-0.0094,-0.0123,0.0,0.1969,-0.0031,0.0303,-0.0066,-0.0648,-0.0111,-0.0277,0.0244,-0.0523,-0.0435
824,-0.0462,0.0535,0.0457,-0.0385,-0.0192,-0.0321,-0.0064,0.0301,0.0,-0.0128,0.0357,0.0371,0.0521,-0.0385,0.0,-0.0321,-0.0284
825,-0.0952,0.0542,-0.0851,0.0923,-0.0381,0.0632,0.034,-0.0166,0.0,0.0245,0.0977,-0.019,-0.0368,-0.0333,0.0,-0.0238,-0.0178
826,0.0396,-0.0714,0.0626,0.0835,-0.0495,-0.0385,-0.0055,-0.2033,-0.011,-0.0275,0.0286,0.0945,0.0791,-0.0275,0.1,-0.0165,-0.0374
827,-0.0596,0.0453,0.0636,-0.0249,-0.011,0.0326,-0.0049,-0.0047,0.0286,-0.0102,0.0261,0.0045,-0.0704,-0.0057,0.0143,-0.0147,-0.0087
828,-0.0684,0.0983,-0.1632,-0.0368,-0.0474,-0.0211,-0.0053,0.1491,-0.0053,0.1562,-0.0632,-0.0158,0.0351,-0.0421,0.0,-0.0211,0.0509
829,-0.0796,0.1403,-0.1343,-0.0348,-0.0348,-0.0199,-0.005,-0.209,0.0,-0.0199,0.3403,-0.0199,0.0607,-0.0249,0.0,-0.0348,0.0756
830,-0.0727,-0.097,-0.0878,0.0152,0.0606,0.0152,-0.0061,0.0788,0.1364,-0.0182,0.0242,-0.0121,0.094,-0.0303,0.0,-0.0485,-0.0515
831,0.0065,-0.013,-0.1818,0.0519,-0.0455,0.1299,-0.0065,-0.0909,0.0714,-0.013,0.0259,0.0649,0.0844,-0.013,0.0,-0.039,-0.0325
832,0.0158,0.0448,0.0256,0.0299,-0.0324,0.0193,-0.0061,-0.1086,0.0333,-0.0017,0.0658,0.0439,-0.035,-0.0078,0.0,-0.0307,-0.056
833,-0.0441,0.0287,0.0269,0.0008,-0.0107,-0.0041,-0.0045,-0.0612,-0.0045,0.037,0.0606,-0.0111,-0.0184,0.0279,0.0,-0.0498,0.0269
834,-0.018,-0.0194,0.0088,0.0211,0.0029,0.0015,0.0,-0.1185,0.0,0.0658,0.0997,-0.0223,-0.0389,0.0085,0.0238,-0.0112,-0.0039
835,-0.0851,-0.0851,-0.117,-0.0266,-0.0426,-0.0266,-0.0106,0.4273,0.0,-0.0106,-0.0479,-0.0106,0.2216,-0.0319,0.0,-0.0372,-0.117
836,-0.0854,-0.0153,0.0344,-0.0302,0.1048,0.0198,-0.0101,0.0389,-0.005,-0.0151,-0.0053,-0.0101,-0.0907,0.0249,0.0,-0.0352,0.0794
837,0.0307,-0.0228,-0.0489,0.0487,-0.013,0.0243,-0.0098,-0.0328,-0.0049,-0.0017,0.0648,0.0178,-0.0311,0.026,0.0,-0.0261,-0.0213
838,0.0108,-0.0585,-0.038,0.0419,-0.0239,0.0036,0.016,-0.1258,-0.0124,0.0481,0.1157,-0.0062,-0.0477,0.0481,0.0,-0.0248,0.0536
839,0.0764,0.0641,-0.0104,0.0255,-0.0429,0.0255,-0.0061,-0.0402,-0.0123,0.0377,-0.0052,0.0377,-0.0718,-0.0245,0.0,-0.0307,-0.0227
840,0.0021,-0.0177,-0.0458,0.0135,-0.0521,0.024,-0.0052,-0.0875,0.025,0.0542,0.0375,0.0146,0.0292,-0.0417,0.025,-0.0104,0.0354
841,-0.0235,0.0097,0.013,0.0074,-0.0298,-0.0041,-0.0052,-0.05,-0.0052,0.0011,0.1235,-0.0206,-0.0688,0.0011,0.0217,-0.0155,0.045
842,-0.0746,0.061,-0.0388,0.031,-0.0523,-0.0349,-0.0058,0.0339,0.0417,0.0243,0.0669,-0.0116,-0.0029,0.001,0.0,-0.0291,-0.0097
843,-0.0553,-0.0529,0.4159,-0.0385,-0.0312,-0.0264,0.0,-0.1803,-0.0216,-0.0168,-0.0962,0.0,0.2861,-0.0385,0.0,-0.0361,-0.1082
844,-0.0576,0.2353,0.0633,-0.0288,-0.0144,-0.0288,0.0,-0.0727,0.0,0.0856,-0.0863,-0.0504,-0.0799,-0.0288,0.0,-0.0072,0.0705
845,0.0529,-0.0554,0.0385,0.006,-0.0466,0.129,0.0,-0.0405,0.0,-0.0175,0.0031,-0.0351,-0.0141,0.0148,0.0,-0.0088,-0.026
846,-0.0186,-0.0621,-0.1553,-0.0497,-0.0311,-0.0124,0.0,0.8012,0.0,-0.0124,-0.0621,-0.0559,-0.1801,-0.0124,0.0,-0.0373,-0.1118
847,-0.045,0.0278,-0.0532,0.0639,-0.0631,0.0729,0.0,0.1015,0.0,-0.027,-0.0541,-0.0631,0.0016,-0.018,0.0909,-0.009,-0.0262
848,-0.0388,0.038,-0.0318,0.0457,-0.0388,-0.0155,0.0,-0.0938,-0.0155,-0.0155,0.1457,-0.0543,-0.1093,0.0,0.2,-0.0155,-0.0008
849,-0.0484,-0.0645,0.1048,0.0766,-0.0403,0.0,0.0,-0.0282,0.0,-0.0242,0.0685,-0.0484,0.0565,-0.0161,0.0,-0.0161,-0.0202
850,0.0183,0.0367,-0.0604,0.0183,0.007,0.0498,0.0,-0.0273,0.0769,0.0113,0.0952,-0.0517,-0.1278,-0.0157,0.0,0.007,-0.0377
851,0.0192,-0.0171,-0.108,-0.008,0.0192,-0.0091,0.0,0.0222,0.0,-0.0273,0.0849,-0.0273,0.1131,-0.0273,0.0,-0.0273,-0.0071
852,0.0305,-0.0702,-0.0325,0.0305,0.0539,0.0,0.0,-0.0208,0.0,-0.0292,0.0669,-0.0409,0.033,-0.0351,0.0,-0.0117,0.0259
853,-0.0545,-0.0818,-0.1273,-0.0273,-0.0818,-0.0273,0.0,-0.1727,0.0,-0.0364,0.9636,-0.0455,-0.1545,-0.0182,0.0,-0.0091,-0.1273
854,0.0233,-0.0035,0.0879,0.0323,-0.0446,0.0501,0.0,-0.0013,0.0,-0.0089,-0.0035,-0.0268,-0.125,-0.0268,0.0769,0.0,-0.0302
855,0.0058,-0.075,0.0157,0.0077,-0.0271,0.0719,0.0,-0.0654,0.0,0.0204,0.0981,-0.0041,-0.0606,-0.0045,0.0,-0.0207,0.0381
856,0.0116,0.0995,-0.0367,-0.0075,-0.0458,0.0166,0.0,0.0491,0.0083,-0.0295,-0.0342,-0.0108,0.0206,0.0087,0.0137,-0.0378,-0.0255
857,-0.0194,-0.0338,0.0493,-0.0034,-0.0196,-0.0035,0.0217,-0.0153,0.0,0.0109,0.0023,-0.0036,0.0241,-0.007,0.0,-0.0089,0.006
858,-0.0183,-0.0295,-0.0216,-0.0299,0.0643,-0.0448,0.0,0.0351,0.0,-0.0224,0.0572,-0.0112,-0.0626,0.0153,0.0,-0.0037,0.0721
859,0.0202,-0.0189,-0.0168,0.0344,-0.0061,-0.0138,0.0072,-0.0415,0.0,0.0238,0.0274,0.0034,-0.0451,0.032,0.029,-0.0115,-0.0237
860,-0.0151,0.0007,0.0724,0.0258,0.0227,-0.0503,-0.0031,-0.0125,-0.0031,0.0384,-0.0339,0.0,-0.0811,-0.0202,0.0,-0.0063,0.0661
861,-0.0421,-0.021,0.0106,0.014,-0.0071,0.0106,0.0,-0.0807,0.0,0.014,0.0667,0.014,-0.014,0.0386,0.0,-0.0175,0.014
862,-0.005,0.0647,-0.0149,0.0323,-0.0273,-0.0111,0.0,0.0065,-0.0034,0.0228,0.034,0.0,-0.0689,-0.0341,0.0,-0.0101,0.0144
863,-0.0362,0.0039,0.0111,0.0173,0.014,0.0006,0.027,-0.0388,0.0,-0.0064,-0.0259,-0.0033,0.0217,0.014,0.0541,-0.0167,-0.036
864,-0.0012,-0.0598,0.0533,0.109,0.009,0.0262,0.0,-0.1236,0.0333,-0.0202,0.0361,0.0,-0.0871,-0.0072,0.0,-0.0162,0.0483
865,0.0429,-0.0018,-0.0973,0.0916,-0.0009,-0.0547,-0.003,-0.0187,0.0,0.0113,0.1019,-0.003,-0.092,0.0083,0.0,-0.0122,0.0277
866,-0.0555,0.0242,0.0298,0.0268,-0.0175,-0.0455,0.0,-0.0213,-0.0031,0.0224,0.0392,-0.0156,-0.0667,0.0492,0.0137,-0.0249,0.0448
867,-0.0038,-0.0198,0.05,-0.0353,-0.0385,-0.0641,-0.0032,0.0872,0.0,0.0411,0.0115,0.0,-0.0807,0.0379,0.0,-0.0128,0.0307
868,0.0206,-0.0004,-0.04,-0.0343,0.0204,-0.0192,-0.0022,0.0378,-0.0201,0.0038,0.0184,0.0,-0.059,0.0188,0.0,-0.0112,0.0663
869,-0.0368,-0.0595,-0.0076,0.0251,-0.0222,0.0047,0.0,-0.0228,0.0035,-0.0251,0.1159,0.0076,-0.0601,0.0251,0.0076,-0.0082,0.053
870,0.0402,-0.0062,0.0015,0.0325,-0.0278,-0.0142,-0.0028,-0.0485,0.0,0.0654,-0.004,-0.0083,-0.0919,0.0079,0.0164,-0.0083,0.0481
871,0.0435,-0.016,0.0089,0.0149,0.0378,-0.0364,0.0,-0.0423,0.0,-0.0185,0.0534,0.0,-0.0361,-0.0141,0.0,-0.0154,0.0206
872,0.0692,-0.072,-0.1065,0.0449,0.069,0.0209,-0.0034,0.0455,0.0,-0.0309,0.0209,-0.0103,-0.0064,-0.0481,0.0,-0.0069,0.0141
873,0.0088,0.0144,-0.0527,0.0058,0.0217,-0.0017,-0.0028,0.057,0.0,-0.0147,-0.0312,-0.0056,-0.0654,0.0384,0.0,0.0468,-0.019
874,0.0835,-0.0565,-0.0892,0.0182,-0.0319,-0.0442,0.0,0.0508,0.0,0.0066,-0.0194,0.0,-0.0099,0.066,0.0263,-0.0172,0.0168
875,0.0091,-0.069,0.1091,-0.047,0.0155,-0.0439,-0.0031,-0.013,0.0,0.0218,-0.0284,-0.0031,0.0307,0.0061,0.0,-0.0219,0.0371
876,-0.0601,0.0988,-0.0279,0.0237,-0.038,-0.0085,0.0,-0.0344,-0.0245,-0.0163,0.1443,-0.0027,-0.0771,-0.0435,0.0,-0.019,0.0852
877,0.0803,0.0116,-0.0939,0.032,-0.049,0.032,0.0,0.1036,0.0,-0.0163,-0.0251,-0.0041,0.0675,-0.0367,0.0,-0.0082,-0.0939
878,-0.0195,0.0107,0.0382,0.0164,-0.0404,-0.0085,0.0192,-0.0492,0.0,0.0082,0.0317,0.0192,-0.0913,-0.0056,0.0192,0.0118,0.0398
879,0.0055,0.0133,0.0228,0.0261,-0.0153,0.0085,0.0023,-0.0557,-0.0224,-0.0053,0.0788,0.0315,-0.1043,0.0164,0.0073,-0.0249,0.0153
880,0.0158,0.0136,-0.0227,-0.0272,-0.0272,0.0521,-0.0023,0.0703,-0.0181,-0.0159,-0.0408,-0.0045,-0.0544,0.0703,0.0,-0.0045,-0.0046
881,0.0057,0.0343,-0.0124,-0.0081,0.0071,0.0038,-0.0033,0.0586,-0.0067,-0.02,-0.0162,-0.01,-0.0524,0.0053,0.0,0.0186,-0.0043
882,0.0128,0.0219,-0.0238,0.0384,-0.0476,0.0586,0.0,0.0513,0.0,0.0128,0.0201,0.0,-0.0898,0.022,0.0,-0.022,-0.055
883,-0.0423,-0.0192,0.1307,0.0207,-0.017,-0.0468,-0.0027,-0.0689,-0.0163,0.0039,0.0279,0.0,-0.0216,0.0087,0.0,-0.0035,0.0461
884,-0.0328,-0.011,-0.0311,-0.0255,-0.0255,-0.0272,0.0,0.0983,0.0942,-0.0113,-0.0395,0.0324,0.0234,-0.0255,0.009,-0.0087,-0.0188
885,0.0357,0.0255,-0.0038,0.0442,-0.0027,0.011,0.0,-0.0341,0.0,-0.0058,0.0398,0.0169,-0.0783,-0.0164,0.0,-0.013,-0.0193
886,0.007,-0.0289,-0.0747,-0.0422,-0.0031,-0.0128,0.0556,0.0861,0.0,-0.026,-0.0548,0.0,0.1711,-0.0227,0.0,-0.0065,-0.0483
887,0.0876,-0.0374,0.0679,0.0101,-0.0277,-0.0215,0.0,-0.0033,0.0,0.0596,-0.1107,0.0,0.0284,-0.0356,0.0,-0.0198,0.0025
888,-0.0471,-0.0419,-0.1047,-0.0314,-0.0052,-0.0157,0.0,0.3639,-0.0471,-0.0105,-0.0576,-0.0838,-0.3246,-0.0209,0.0,-0.0157,0.4424
889,0.0747,0.0062,0.0027,0.0325,-0.0329,0.0456,0.0,0.0151,-0.0329,0.0162,-0.0136,-0.0855,-0.0143,-0.0132,0.0294,-0.0132,-0.0171
890,0.0249,0.0055,0.0376,0.0156,-0.0013,0.0159,-0.0045,-0.0117,-0.0308,0.0037,0.0245,-0.0276,-0.0815,0.0229,0.0042,0.0021,0.0005
891,-0.0073,0.0665,0.0068,0.0192,-0.0123,-0.009,0.0,0.0636,-0.052,0.0,0.044,-0.008,-0.1431,-0.0231,0.0141,-0.0116,0.0524
892,0.0881,-0.0388,0.1857,0.0138,0.0216,0.0371,-0.0078,-0.0575,-0.0388,-0.0155,0.0433,-0.0482,-0.1257,-0.031,0.0,-0.0155,-0.011
893,-0.0119,-0.0327,0.079,0.0325,0.0016,0.0258,0.0,0.0447,-0.0218,0.0016,0.0306,-0.0327,-0.149,-0.0234,0.0375,-0.0117,0.0298
894,0.0641,0.0311,0.1145,0.0069,-0.0261,0.0833,0.033,-0.108,-0.0348,-0.0174,-0.0105,0.0207,-0.108,0.0069,0.0,-0.0087,-0.0471
895,0.0152,-0.0107,0.0314,0.0453,0.0023,0.0259,-0.0057,-0.0231,-0.0568,0.0202,0.0743,-0.0431,-0.1365,0.0251,0.0105,-0.0057,0.0314
896,-0.0006,0.0182,0.0551,0.0115,0.0224,0.0186,-0.0067,-0.0115,-0.04,0.0037,0.0708,-0.0597,-0.0594,0.0028,0.0253,-0.0067,-0.0438
897,0.0304,0.0045,0.0037,-0.0428,0.0259,0.0473,0.0,0.0394,-0.0267,0.0,-0.033,-0.007,-0.0079,-0.0321,0.0,0.0366,-0.0383
898,-0.0563,-0.0257,-0.075,0.0056,0.0119,0.0493,0.0,-0.0577,-0.025,-0.0312,0.0667,0.0548,0.0785,0.0244,0.0,-0.0125,-0.0076
899,0.066,0.078,0.078,0.0391,0.0105,-0.018,-0.006,-0.1226,0.0105,-0.012,-0.0044,0.0151,-0.1062,-0.018,0.0,-0.006,-0.0044
900,-0.0163,0.0327,-0.0228,0.0017,0.0017,0.0082,0.0,-0.0228,-0.0392,-0.0131,0.0948,-0.0228,-0.0654,0.0441,0.0,-0.0065,0.0261
901,0.2453,-0.08,-0.08,-0.024,-0.04,-0.024,-0.008,0.1813,-0.056,-0.008,-0.064,-0.08,0.1573,-0.048,0.0,0.0,-0.072
902,0.0635,0.0047,0.0403,0.0512,-0.0465,-0.0078,-0.0078,-0.0838,-0.031,-0.0155,-0.0031,0.079,-0.045,-0.0078,0.0,-0.0155,0.0248
903,-0.0513,0.0228,0.0892,0.003,0.0091,0.0353,0.0,0.0762,-0.062,0.0185,0.0168,-0.0823,-0.069,-0.0155,0.0,-0.0078,0.0168
904,0.1967,0.0658,0.0007,-0.0414,-0.0473,-0.0118,-0.0059,0.0902,-0.0651,-0.0118,0.0599,-0.0592,-0.1953,-0.0178,0.0,-0.0237,0.0658
905,0.1042,-0.0254,0.1422,0.0185,-0.0293,0.0428,-0.0049,-0.041,-0.0341,-0.0146,-0.0206,-0.0206,-0.1923,0.0331,0.0,-0.0049,0.0468
906,-0.0061,-0.0126,-0.0041,0.0036,0.0163,0.0492,-0.0124,0.0725,-0.0264,-0.0029,-0.0425,0.0123,-0.0208,-0.0139,0.019,-0.0029,-0.0283
907,0.1447,0.0923,0.132,-0.038,-0.038,0.0651,-0.0063,0.0371,-0.0253,-0.0063,0.0018,-0.0949,-0.2025,0.0,0.0,-0.0253,-0.0362
908,-0.0925,0.0456,0.034,0.0917,-0.0289,-0.0058,-0.0058,0.0796,-0.0347,-0.0058,0.103,-0.0349,-0.22,-0.0058,0.0,0.0229,0.0572
909,0.0435,-0.0188,-0.0259,0.0565,-0.0294,0.0341,-0.0059,-0.0447,-0.0588,-0.0118,0.0776,0.0094,-0.1141,-0.0235,0.08,-0.0118,0.0435
910,-0.0232,-0.03,0.0463,0.0198,-0.0405,0.0266,-0.0068,0.0097,-0.027,0.0,0.0106,0.0082,0.0454,-0.0024,0.0179,-0.0068,-0.0478
911,0.0331,-0.0152,-0.0383,-0.0076,-0.0076,-0.0231,-0.0058,0.1224,-0.0578,0.004,0.0002,0.1957,-0.1924,0.004,0.0,-0.0116,0.0002
912,0.1238,0.0008,0.0008,-0.0098,-0.0098,-0.0172,-0.0057,-0.0273,-0.0345,0.0017,-0.005,0.018,-0.001,0.009,0.0189,-0.0115,-0.0509
913,0.1106,0.0006,-0.052,-0.015,-0.0034,0.0191,0.0,0.0846,-0.0301,-0.0075,-0.0109,-0.041,0.0389,-0.0075,0.0,-0.015,-0.0711
914,-0.0647,0.0392,0.0464,-0.0216,0.0535,-0.0144,-0.0072,0.0959,-0.036,0.0,-0.0791,0.0464,0.0423,-0.0144,0.0,-0.0072,-0.0791
915,0.1415,-0.0643,-0.0819,0.1649,-0.0292,-0.0175,-0.0058,0.0421,-0.0234,-0.0175,-0.1111,0.1415,0.0363,-0.0409,0.0,-0.0117,-0.1228
916,-0.0761,0.2011,-0.0489,-0.038,-0.0326,-0.0217,-0.0054,0.5815,-0.038,-0.0054,-0.0543,-0.0761,-0.2826,-0.038,0.0,-0.0163,-0.0489
917,-0.0012,0.0185,-0.0724,-0.0263,-0.0329,0.0712,0.0,0.1202,-0.0329,-0.0132,-0.0526,0.0185,0.0305,-0.0132,0.0,-0.0132,-0.0012
918,-0.075,-0.0583,0.0972,-0.0333,-0.0333,-0.0167,0.0,-0.0139,0.0,-0.025,-0.0389,0.0,-0.0222,0.0778,0.0,-0.0083,0.15
919,0.0029,0.049,-0.1154,0.0014,-0.0462,0.0567,0.0,0.0443,-0.0077,0.0721,-0.0678,-0.0077,0.0352,-0.0385,0.0476,-0.0077,-0.0186
920,-0.0945,-0.0005,0.0694,0.0778,0.0231,-0.0079,0.0,-0.1732,-0.0079,0.0468,0.1476,-0.0079,-0.0556,-0.0472,0.0,-0.0157,0.0458
921,-0.0702,-0.0073,-0.0011,0.0413,-0.0559,0.0902,0.0,-0.0706,-0.007,0.0763,0.0203,0.0,-0.0566,0.0207,0.0,-0.007,0.0268
922,-0.0105,0.0208,-0.1406,0.0208,0.0208,-0.0078,0.0,0.0339,-0.0078,0.0755,0.0808,-0.0078,-0.0651,-0.0312,0.0,0.0,0.0183
923,-0.0637,-0.0133,0.0557,0.086,0.0035,0.0203,0.0,-0.094,0.0,0.0825,-0.0469,0.0,0.0188,-0.042,0.0,-0.0168,0.0103
924,-0.0341,0.01,0.0433,0.0334,-0.0253,0.0776,0.0,-0.0449,-0.0139,-0.0139,0.0315,-0.0069,-0.0708,0.0006,0.0164,0.0025,-0.0053
925,0.0119,-0.0207,-0.0013,0.0061,-0.0464,-0.0005,0.0,-0.0347,0.0392,0.0193,0.0642,-0.0066,-0.0278,-0.0005,0.0,-0.0132,0.0109
926,-0.0769,-0.0199,-0.0549,0.051,-0.042,-0.028,0.0,-0.0248,-0.007,0.05,0.0311,-0.007,0.0462,-0.028,0.05,-0.014,0.0741
927,-0.0201,0.0256,0.0124,-0.0395,0.026,0.0947,-0.0033,0.1002,-0.0033,-0.0428,0.0289,-0.0033,-0.0924,-0.0395,0.0,-0.023,-0.0205
928,-0.0449,-0.0778,0.0411,-0.0629,-0.0659,-0.024,0.0,0.112,0.0,-0.0299,0.0411,0.0,0.0231,0.11,0.0,-0.024,0.0022
929,-0.0029,-0.0669,0.1081,0.072,-0.039,-0.0251,0.0,-0.1088,0.0,0.0193,0.033,0.0667,-0.0949,0.0333,0.0,-0.0111,0.0163
930,-0.0784,-0.0784,-0.1064,0.1884,-0.0308,-0.0252,-0.0028,0.3403,-0.014,-0.0252,0.1548,-0.0028,-0.1737,-0.0392,0.0,-0.0112,-0.0952
931,0.0528,0.0094,-0.0067,0.0358,-0.009,-0.003,-0.003,-0.0318,-0.0056,0.025,0.0019,0.0065,-0.0312,0.0005,0.0,-0.0119,-0.0297
932,-0.019,-0.0002,0.0166,0.0023,-0.0051,0.0388,-0.0053,0.0017,-0.0106,0.0188,0.0051,0.02,-0.0806,-0.0092,0.0,-0.0265,0.0533
933,-0.0491,-0.0056,-0.0456,-0.013,-0.0165,0.0341,0.0,0.0061,0.0063,0.0341,0.0411,0.0196,-0.0637,0.0235,0.0,-0.0212,0.0501
934,-0.0088,-0.024,-0.0028,0.0125,-0.0226,0.0283,0.0,-0.0904,0.0,0.0344,0.0251,0.0307,-0.0243,0.0249,0.0184,-0.0067,0.0055
935,-0.009,0.0603,0.0159,-0.0202,0.0051,0.0636,-0.0028,-0.0465,-0.014,0.0274,0.0517,-0.0028,-0.0794,-0.0337,0.0,-0.0112,-0.0043
936,-0.0227,0.0009,0.0251,-0.0045,0.0103,0.0157,0.0045,0.0042,0.016,0.0051,-0.001,0.0213,-0.0546,-0.0201,0.0,-0.0223,0.0219
937,0.0068,0.0125,0.0567,-0.0109,-0.0135,0.0529,-0.0031,-0.0029,0.0,-0.0008,-0.0063,0.0088,-0.0402,-0.0404,0.0119,-0.0154,-0.0164
938,-0.0259,0.0298,0.0268,0.0419,-0.016,0.0872,-0.003,0.009,-0.0121,-0.0393,-0.0148,0.0263,-0.0488,-0.0069,0.0263,-0.0242,-0.0562
939,0.2145,-0.0712,0.1843,0.0908,-0.0301,-0.0301,-0.0027,-0.0215,-0.0164,-0.0192,-0.074,0.0,-0.0544,-0.0438,0.0,-0.0219,-0.1041
940,0.0262,-0.0089,-0.0492,0.0071,0.02,0.0154,-0.0026,-0.0384,-0.0155,0.018,0.0417,0.0314,-0.0447,-0.016,0.0196,-0.0207,0.0164
941,0.0095,0.0016,0.0205,0.0016,0.0022,0.0038,0.0097,-0.0128,-0.0024,-0.0102,0.0645,-0.0026,-0.1099,0.006,0.0185,-0.0157,0.0155
942,0.0143,-0.0026,0.0624,-0.014,0.0142,0.0029,0.0,-0.1012,-0.0056,-0.0113,0.0314,0.0169,0.0343,-0.0282,0.0,-0.0225,0.0088
943,-0.0123,0.0086,0.0019,0.0085,-0.0243,0.0418,-0.0038,-0.016,-0.0048,-0.0017,0.0407,-0.0029,-0.0125,0.0064,0.0,-0.0176,-0.0117
944,0.0141,-0.0073,0.0327,0.0134,-0.0254,0.0453,0.0065,-0.0764,-0.0178,0.0056,0.0469,0.0286,-0.0399,-0.029,0.0095,-0.0148,0.0078
945,-0.0333,-0.0126,0.0114,-0.0224,-0.0102,0.0002,-0.0027,-0.0133,-0.0137,0.0029,0.0417,-0.0027,-0.0068,0.0208,0.0227,-0.0164,0.0343
946,0.0305,0.0131,-0.0138,-0.0202,0.0294,-0.0011,-0.0056,-0.0148,-0.0084,0.0232,0.0368,0.027,-0.0992,0.021,0.009,-0.0084,-0.0183
947,-0.0052,0.0021,-0.009,-0.0252,-0.0215,0.0191,-0.0028,0.0452,0.0062,-0.0132,0.0551,0.01,-0.0377,-0.026,0.0,-0.0249,0.0274
948,0.0184,0.0184,-0.0137,-0.0067,-0.0153,0.0417,0.0137,-0.0189,-0.0133,0.0197,0.0215,0.0082,-0.0969,-0.018,0.0,-0.0213,0.0626
949,-0.0022,0.0473,0.0017,0.0006,-0.0076,0.023,-0.0031,0.0279,-0.0156,-0.0195,0.0287,0.006,-0.1042,0.0077,0.006,-0.0187,0.022
950,-0.0609,0.0461,-0.0066,0.0087,-0.0466,0.0963,-0.0036,0.0083,-0.0036,-0.0287,0.063,0.0,-0.046,-0.0011,0.0,-0.0251,-0.0004
951,-0.029,0.0417,-0.0039,-0.0305,-0.0244,0.0095,0.0,-0.0216,-0.0143,0.011,0.0586,0.0,-0.0201,0.0068,0.0,-0.0101,0.026
952,0.0287,0.0365,-0.0137,0.0395,0.0264,0.0055,-0.0033,0.0412,0.0128,-0.034,-0.0237,0.0064,-0.0608,-0.0012,0.0064,-0.0167,-0.0505
953,0.195,-0.0856,-0.0795,-0.0642,-0.0642,-0.0398,0.0,0.0635,-0.0031,-0.0367,-0.104,0.2469,0.1216,-0.0306,0.0,-0.0092,-0.1101
954,0.0966,-0.0319,0.0273,-0.017,-0.0021,0.0306,0.0,-0.0303,-0.003,0.0098,-0.0568,0.0,0.0281,0.0038,0.0227,-0.006,-0.0717
955,0.0166,0.0262,-0.0952,0.0166,-0.0476,-0.0095,0.0,-0.1453,0.0,-0.0095,0.1,0.1286,0.0976,-0.0286,0.0,-0.019,-0.031
956,-0.0872,-0.047,-0.0872,0.113,-0.0671,0.0,0.0,0.1588,0.0,-0.0067,-0.0537,0.0929,0.1454,-0.0336,0.0,-0.0336,-0.094
957,-0.0606,-0.0101,-0.0808,0.0404,-0.0202,0.0404,0.0,0.0606,0.0,0.0,0.0909,-0.0202,-0.0404,0.0101,0.0,-0.0303,0.0202
958,-0.0288,0.0075,0.0552,0.0513,-0.0226,-0.0175,0.0,-0.1241,0.0,0.0626,0.1116,0.0,-0.0577,0.0037,0.0,-0.0351,-0.0062
959,0.2361,-0.124,-0.0826,-0.0248,0.0768,-0.0165,0.0,0.2055,0.0,-0.0331,-0.0744,-0.0165,0.0437,-0.0248,0.0,-0.0331,-0.1322
960,-0.0786,0.0661,0.0092,0.0291,-0.0149,0.0331,-0.0039,-0.0616,-0.0295,0.0507,0.0359,-0.0118,-0.082,0.0087,0.0,-0.0157,0.065
961,-0.0031,0.0597,0.0588,0.0213,-0.0415,0.0071,-0.0033,-0.0356,-0.0111,0.006,0.0497,-0.0199,-0.1167,0.0285,0.0143,-0.0099,-0.0043
962,0.0002,0.0234,0.0523,-0.0142,-0.0122,0.0337,-0.0019,0.0134,-0.0213,0.0318,-0.0109,-0.0059,-0.0843,-0.0081,0.0,-0.0173,0.0209
963,-0.011,0.0193,0.0502,-0.0069,-0.0069,-0.006,-0.0048,-0.0133,-0.0156,0.0282,0.0586,-0.0239,-0.1186,-0.0041,0.0,-0.0175,0.0725
964,-0.0072,0.0146,0.0832,0.0156,-0.0313,0.0001,-0.0046,-0.021,-0.0304,0.0246,0.0677,-0.0274,-0.0976,-0.0115,0.0071,-0.0198,0.0379
965,-0.0161,0.0227,0.0136,-0.0154,-0.008,0.0103,-0.0037,-0.0164,-0.0209,0.021,0.0594,0.0019,-0.0827,0.0147,0.0,-0.0128,0.0323
966,-0.0157,0.0347,-0.0865,0.014,-0.023,0.1512,-0.0016,0.0224,-0.0203,-0.0141,0.042,-0.0094,-0.0228,-0.0199,0.0,-0.0141,-0.0372
967,-0.0033,0.0447,0.0271,0.014,-0.0219,0.0197,-0.0018,-0.0308,-0.0046,0.0017,0.0608,-0.0236,-0.1163,-0.0003,0.0,-0.0163,0.0508
968,-0.0295,0.0188,0.0215,-0.0067,0.003,0.0128,-0.0034,-0.0106,-0.0107,0.0365,0.0266,-0.0134,-0.082,0.0058,0.0,-0.0137,0.0447
969,0.1016,0.1121,-0.118,-0.0423,-0.044,-0.0387,-0.0035,0.3187,-0.0282,-0.0194,-0.0687,-0.0141,-0.0006,-0.0246,0.0,-0.0229,-0.1074
970,-0.0317,0.0478,-0.1267,-0.0588,-0.0633,-0.0181,0.0,0.1568,0.0,0.093,-0.0111,-0.009,0.0161,-0.0271,0.0,-0.0362,0.0684
971,-0.0601,-0.0644,0.1409,0.0116,0.0159,-0.0215,-0.0043,-0.008,0.0,0.0459,0.006,-0.0215,0.0563,-0.0515,0.0,-0.0429,-0.0026
972,0.0143,0.0124,-0.0168,0.0324,0.0143,0.0181,0.0,-0.0139,0.0,0.0209,0.06,-0.0028,-0.0671,-0.0018,0.0,-0.0303,-0.0396
973,0.0654,-0.0083,0.0708,-0.0776,-0.0502,0.0974,0.0,-0.0715,0.0,0.0373,0.0343,-0.0228,-0.0677,-0.0228,0.0,-0.0228,0.0388
974,-0.0745,0.033,0.0882,0.0152,0.0489,-0.0062,0.0,0.0475,-0.0435,0.0214,0.0641,-0.0248,-0.1001,-0.0124,0.0,-0.0124,-0.0442
975,-0.0021,-0.0063,0.0454,0.0539,0.0152,-0.0151,-0.0054,-0.0158,-0.0054,-0.0108,0.0454,0.0011,-0.0794,-0.0151,0.0345,-0.0161,-0.0245
976,-0.0361,-0.0722,-0.0722,-0.0155,-0.0515,-0.0309,0.0,0.0454,-0.0258,-0.0258,0.1381,-0.0206,-0.0113,0.1536,0.0,-0.0155,0.0402
977,0.0241,0.0481,-0.0009,0.012,0.012,-0.0125,0.0,-0.0023,-0.0125,0.037,0.0236,0.0183,-0.0707,-0.0312,0.0,-0.0125,-0.0326
978,-0.0496,-0.1206,-0.1206,-0.0142,-0.0426,-0.0213,0.0,0.2156,-0.0071,-0.0142,-0.078,0.3858,0.0369,-0.0213,0.0,-0.0071,-0.1418
979,0.0904,0.0474,-0.0798,-0.0307,-0.0613,-0.0368,0.0667,0.1554,-0.0061,-0.0061,-0.0675,-0.0184,0.0818,-0.0245,0.0,-0.0061,-0.1043
980,-0.0395,-0.0658,-0.1053,-0.0658,-0.0461,-0.0132,0.0,0.4003,-0.0066,-0.0263,-0.0855,-0.0197,0.1015,-0.0395,0.0,0.1363,-0.125
981,-0.0648,-0.0787,0.0047,0.0973,-0.0417,-0.0046,-0.0046,-0.0046,0.1621,-0.0185,0.0741,-0.0185,-0.1019,-0.0463,0.0,-0.0139,0.0602
982,-0.0039,0.0339,0.0441,-0.0155,-0.034,-0.0026,0.0045,0.0107,0.0045,-0.0024,-0.0054,0.0,-0.0357,-0.0069,0.0091,-0.009,0.0082
983,-0.009,0.0187,-0.0378,0.0265,0.0037,-0.0082,-0.0058,-0.0414,-0.0058,-0.0272,0.0666,0.0,-0.0616,0.0323,0.0,-0.0086,0.0576
984,0.0383,0.0192,-0.0789,0.0319,-0.0078,-0.0063,0.0079,-0.0282,-0.0063,-0.0189,0.0433,0.0111,0.0067,0.0033,0.0,-0.0095,-0.0059
985,-0.0054,0.018,-0.0281,-0.015,-0.0054,-0.0011,0.0,-0.1222,0.0,0.0095,0.1216,0.0,-0.0506,-0.0002,0.0,-0.0096,0.0885
986,0.016,-0.0128,-0.0403,-0.0422,-0.0141,0.02,-0.0027,-0.0283,-0.008,-0.0061,0.0565,0.0087,-0.0251,0.0274,0.0,-0.0054,0.0566
987,-0.0131,0.0708,-0.0119,0.0009,-0.0021,-0.0138,0.0,0.0354,-0.0028,0.0034,0.0363,0.0,-0.0649,-0.0496,0.0,-0.0083,0.0195
988,-0.0055,0.0012,-0.0012,0.058,-0.0024,-0.0215,0.0,-0.0545,0.0034,-0.0215,0.0311,0.0,-0.0037,0.0167,0.0,-0.0186,0.0186
989,-0.0572,0.0261,-0.0348,0.017,-0.0512,-0.0023,0.0,-0.0558,-0.006,0.0225,0.1114,0.0278,0.0034,-0.0264,0.0,-0.0151,0.0408
990,0.112,0.1089,-0.1489,-0.0608,-0.0365,-0.0365,-0.003,0.2269,0.0,-0.0304,-0.152,0.0,0.1965,-0.0456,0.0,-0.0091,-0.1216
991,-0.0533,0.0433,0.04,-0.0033,-0.0533,0.0066,-0.0033,0.0133,0.0433,0.0434,-0.01,0.0,-0.02,0.0234,0.0,-0.01,-0.06
992,-0.0198,0.0284,-0.0625,0.0073,-0.0319,0.0305,-0.0026,-0.0095,-0.0052,0.0581,0.0834,0.0,-0.0638,0.0086,0.0,-0.0129,-0.0083
993,-0.0099,-0.0021,0.0541,0.0298,-0.0433,0.0265,0.0,-0.0865,-0.0062,-0.0038,0.1023,0.0,-0.0825,0.0063,0.0101,-0.0062,0.0114
994,-0.0557,0.0153,-0.0548,-0.0098,-0.039,0.0969,-0.0028,0.0389,-0.0056,0.032,0.0429,0.0,-0.0084,-0.0247,0.0,-0.0084,-0.0168
995,-0.0084,0.0871,-0.0751,-0.0403,-0.0453,-0.0427,0.0,0.0363,0.0158,0.0023,0.1047,0.0,-0.0277,-0.04,0.0185,-0.008,0.0227
996,0.0082,0.0386,-0.0617,0.0352,-0.0216,0.0195,0.0099,-0.0001,-0.003,0.0165,-0.0209,0.04,-0.0457,0.0142,0.0,-0.0061,-0.0229
997,0.0427,-0.0146,-0.0359,-0.0146,-0.0069,-0.0137,-0.0026,-0.0384,-0.0026,0.0334,0.1103,0.0,-0.0598,0.0205,0.0,-0.0103,-0.0077
998,0.0506,0.0495,0.0087,0.003,-0.0066,-0.0004,0.0,0.0177,0.0011,-0.0016,-0.0078,-0.0031,-0.0303,-0.0285,0.0,-0.0031,-0.0492
999,-0.0113,0.0612,0.136,-0.0311,-0.0128,0.0428,-0.0023,0.0109,-0.0046,-0.0145,-0.0454,0.0,-0.0691,-0.0259,0.0,-0.0091,-0.0248
1000,0.062,0.0401,-0.1049,0.0089,-0.0056,-0.0002,0.0,-0.0335,0.0164,-0.0093,0.0289,0.0,-0.0372,0.0108,0.0238,-0.0184,0.0179
1001,0.0235,0.0482,0.0585,-0.0112,-0.0283,0.0098,0.0,-0.0035,0.0085,-0.0193,0.0353,0.0,-0.054,-0.0428,0.0085,-0.012,-0.0215
1002,0.0045,0.0159,-0.0175,-0.0212,-0.0486,-0.0106,-0.0029,-0.0204,0.0,0.0159,0.0336,0.0588,0.0279,-0.0429,0.0294,-0.0057,-0.0167
1003,0.0023,0.033,0.0351,-0.0131,-0.0127,-0.0307,-0.0031,0.0198,0.0,-0.0337,0.0558,0.0,-0.056,-0.0311,0.0,-0.0092,0.0436
1004,0.0143,0.0681,-0.0515,-0.0527,-0.025,0.0219,0.0,-0.0707,-0.0035,0.0123,0.0851,0.0,-0.0411,-0.0015,0.0,-0.0208,0.0651
1005,0.0012,0.0687,-0.0204,0.0206,-0.0219,0.0461,0.0,0.0283,-0.0095,0.0007,0.0124,0.0,-0.0977,-0.0058,0.0194,-0.0127,-0.0295
1006,0.0414,0.0153,0.0339,-0.0025,-0.0292,-0.0154,0.0,0.0443,-0.0035,-0.0223,0.0295,0.0,-0.0816,-0.0307,0.0123,-0.0069,0.0152
1007,-0.0041,0.1209,0.0972,-0.0269,0.0343,-0.0229,-0.0098,-0.0213,-0.0065,-0.0458,-0.0253,0.0384,-0.067,-0.0327,0.0,-0.0098,-0.0188
1008,-0.0685,0.098,-0.0221,0.0878,-0.0406,0.0541,0.0,0.0523,-0.0025,-0.0406,-0.0086,0.0,-0.0602,-0.0635,0.0,-0.0076,0.0218
1009,-0.0518,-0.0463,0.0686,0.0179,-0.0545,-0.0245,-0.0054,0.0523,0.0,-0.0327,0.0838,0.0,0.1056,-0.0436,0.0,-0.0109,-0.0584
1010,-0.0006,0.0143,0.0622,0.0344,-0.0167,0.0152,0.0087,-0.0306,-0.0037,-0.0083,0.0158,0.0,-0.0502,-0.0204,0.0062,-0.0074,-0.0189
1011,-0.0391,-0.0531,0.132,0.0221,-0.0014,-0.0375,-0.0031,-0.0216,0.0,0.0142,0.0679,0.0,-0.0372,-0.003,0.0172,-0.0031,-0.0543
1012,0.0823,-0.0404,-0.1515,-0.0505,-0.0606,0.2756,-0.0101,0.2973,0.0,-0.0303,-0.1111,0.0,-0.1212,0.1126,0.0,-0.0101,-0.1818
1013,0.1595,-0.0405,-0.1216,0.0459,0.0595,0.0595,0.0,0.0108,0.0,-0.0135,-0.0946,0.0,0.0378,-0.0541,0.0,-0.0135,-0.0351
1014,0.1231,0.1615,-0.1154,-0.0641,-0.1026,0.2,0.0,0.259,0.0,-0.0128,-0.1282,-0.0128,-0.1154,-0.0256,0.0,-0.0256,-0.141
1015,0.0873,0.0873,0.0096,-0.0222,-0.0444,0.1318,0.0,0.2064,-0.0111,-0.0111,-0.0556,0.0,-0.1667,-0.0333,0.0,-0.0333,-0.1444
1016,-0.0847,0.0742,-0.1271,0.3157,-0.0508,-0.0169,-0.0085,0.0975,0.0,-0.0254,0.0064,0.0,0.0233,-0.0593,0.0,-0.0169,-0.1271
1017,0.0215,-0.0261,-0.0837,0.0055,-0.0366,0.0741,0.0,0.0271,0.0,-0.0211,0.0005,0.0,0.0958,-0.0421,0.0,0.0,-0.015
1018,-0.0421,0.0197,0.0092,-0.0526,-0.0737,0.0414,0.0,0.0605,0.0,0.052,-0.0428,0.0,0.0092,-0.0211,0.0,-0.0105,0.0507
1019,0.0111,0.0411,-0.0401,0.0275,-0.0315,0.0386,0.0,0.035,0.0,-0.0189,0.0034,0.0057,-0.0442,-0.009,0.0057,-0.0132,-0.0114
1020,-0.084,-0.0672,-0.0967,-0.0588,0.0126,-0.0252,0.0,0.1176,0.0,-0.0168,0.0673,0.0,0.231,-0.0336,0.0,-0.0168,-0.0294
1021,-0.0851,-0.0532,0.0116,0.1392,0.0377,-0.0213,0.0,-0.0687,0.0909,-0.0106,0.0164,0.0,0.0754,-0.0638,0.0,-0.0106,-0.058
1022,0.1211,0.1079,-0.1316,-0.0658,-0.0526,0.1868,0.0,0.1421,0.0,-0.0395,-0.0789,0.0,-0.0184,-0.0395,0.0,-0.0132,-0.1184
1023,-0.0694,0.0358,0.0146,-0.0061,-0.0182,0.015,0.0,0.0234,-0.012,0.0,0.0117,0.0,-0.0905,0.03,0.0,-0.012,0.0779
1024,0.0059,0.0294,-0.0126,0.0243,-0.0369,0.0251,0.0,-0.0517,0.0339,-0.0096,-0.0472,0.0,0.0471,0.0066,0.0,-0.0088,-0.0053
1025,-0.0253,-0.1266,-0.1266,-0.0253,-0.0633,0.962,0.0,-0.2152,0.0,0.0,-0.0633,0.0,-0.1519,-0.0253,0.0,0.0,-0.1392
1026,-0.0588,-0.0784,-0.1961,-0.0588,-0.049,-0.0196,0.0,0.8137,0.0,-0.0196,-0.098,0.0,-0.1078,-0.0098,0.0,0.0,-0.1176
1027,-0.0465,0.0159,-0.0422,0.0741,-0.0127,-0.0349,0.0,-0.0548,0.017,0.017,0.2043,0.0286,-0.1395,-0.0063,0.0,-0.0116,-0.0083
1028,-0.0103,0.0722,-0.0927,0.0207,-0.0206,0.0309,0.0,0.0206,-0.0103,0.0,0.0309,0.0,-0.0516,0.0103,0.0103,-0.0103,0.0
1029,0.0092,-0.0006,-0.0784,0.0379,-0.0198,0.048,0.0,-0.0112,-0.0097,0.0385,0.0666,0.0,-0.1462,-0.0003,0.0,0.0,0.0661
1030,-0.0849,0.0778,-0.0904,0.0361,-0.0055,0.0456,-0.0094,-0.1054,0.0,0.0323,0.0818,0.0,0.0063,-0.0472,0.0,0.0,0.0629
1031,-0.1047,0.0651,0.0256,-0.0581,0.0302,0.0884,0.0,-0.0512,0.0,-0.0233,0.0302,0.0,-0.1279,-0.0465,0.0,-0.0116,0.1837
1032,0.0097,0.0022,0.0119,-0.0023,-0.0356,0.0049,0.0,0.0377,0.0449,0.0191,-0.011,0.0187,-0.0293,-0.0318,0.0037,0.0078,-0.0506
1033,0.0736,0.0637,-0.0056,-0.0396,-0.0792,0.1429,0.0,-0.0056,0.0,-0.0297,0.034,0.0,0.034,-0.0297,0.0,-0.0099,-0.1485
1034,0.052,0.0974,-0.125,-0.0227,-0.0455,-0.0227,0.0,0.1039,0.1429,-0.0227,-0.1023,0.1429,0.0065,-0.0455,0.0,0.0,-0.1591
1035,-0.0642,-0.0734,-0.1468,-0.055,-0.0459,-0.0275,0.0,0.3073,0.0,-0.0183,-0.0826,0.0,0.3899,-0.0367,0.0,-0.0092,-0.1376
1036,0.4806,-0.0583,-0.1359,-0.0485,-0.0388,0.0,0.0,0.3155,0.0,-0.0194,-0.1262,0.0,-0.1165,-0.068,0.0,-0.0097,-0.1748
1037,0.0293,0.041,-0.131,-0.0645,0.0712,-0.0011,-0.0108,0.1512,0.0,-0.0215,-0.0763,0.0,0.0067,-0.043,0.0625,-0.0215,0.0078
1038,0.1286,-0.0643,-0.1286,-0.0571,-0.05,-0.0143,0.0,0.2071,0.0,-0.0143,-0.1214,0.0,0.0643,-0.0071,0.0,0.0,0.0571
1039,-0.0667,0.2666,-0.1667,-0.0444,-0.0444,-0.0111,0.0,0.1666,0.0,-0.0111,-0.0889,0.3333,-0.1222,-0.0556,0.0,0.0,-0.1556
1040,0.1959,-0.036,-0.0372,-0.045,-0.045,-0.009,0.0,0.0968,0.0,-0.027,-0.1171,0.0,-0.1622,0.098,0.0,0.116,-0.0282
1041,0.0864,-0.0337,-0.0372,-0.0337,-0.0449,0.0769,-0.0112,0.019,0.0,0.0657,-0.0018,0.0657,0.0735,-0.0562,0.0,0.0,-0.1685
1042,-0.0131,0.0278,0.1054,-0.0131,-0.0177,-0.036,0.0,-0.0212,0.0365,0.0004,0.0464,0.0,-0.0399,-0.0131,0.0,-0.027,-0.0352
1043,0.0094,0.0229,0.0065,0.0313,-0.0148,-0.007,0.0,-0.0592,-0.0156,0.0189,-0.0077,0.0282,-0.0108,-0.0226,0.0,-0.0195,0.0401
1044,-0.0513,0.1679,-0.0654,-0.0462,-0.0462,-0.0205,0.0,0.091,-0.0154,-0.0359,0.0846,0.0,-0.1026,0.0423,0.0,-0.0308,0.0282
1045,0.0028,-0.0274,0.033,-0.0412,0.0357,-0.0248,0.0,0.0357,0.0137,0.0055,0.044,-0.0055,-0.0687,-0.0193,0.0,0.0027,0.0137
1046,-0.0153,-0.0082,-0.0238,0.0337,0.0224,-0.0266,0.0189,-0.0314,0.0075,-0.038,0.0749,-0.0076,0.0028,-0.0267,0.0,-0.0228,0.0405
1047,0.0716,0.0289,-0.0706,-0.0427,-0.0427,-0.0284,0.0,-0.1754,-0.0095,0.0668,0.2147,0.0,-0.0185,-0.0521,0.0,-0.0237,0.0815
1048,0.0976,-0.0766,0.0232,-0.0403,-0.0058,0.0367,0.0,-0.0901,-0.0121,0.0529,0.0452,0.0,0.0169,-0.0403,0.0,-0.0282,0.021
1049,-0.0019,0.009,0.0083,-0.0022,0.0065,0.0139,0.0,0.0,-0.0107,0.0154,0.0437,-0.0055,-0.0418,-0.0231,0.0,-0.0273,0.0153
1050,0.0061,0.0627,0.0331,-0.0207,-0.0224,0.0035,0.0,-0.0112,0.0008,-0.0088,0.0345,-0.0048,-0.0155,-0.0119,0.0,-0.0242,-0.0212
1051,-0.02,0.0025,0.1116,-0.0577,0.0313,-0.0152,0.0,0.0836,0.0321,-0.0096,-0.0545,0.0233,-0.0224,-0.0529,0.0,0.0273,-0.0792
1052,-0.0332,-0.0274,0.0937,0.0174,0.0001,0.0024,0.0,-0.0638,0.0242,-0.0102,0.0303,0.0207,-0.0226,-0.017,0.0,-0.0275,0.013
1053,-0.0573,-0.0081,-0.0276,-0.0079,0.0073,0.0188,0.0,-0.001,-0.0153,0.0489,0.0105,0.0,0.0257,-0.0079,0.0,-0.0153,0.0293
1054,-0.0085,0.0104,0.0244,-0.006,-0.0215,0.0294,0.0024,-0.0218,0.014,0.0046,-0.0216,0.0177,0.0337,-0.0321,0.0024,-0.0178,-0.0098
1055,0.0277,0.0303,-0.0995,-0.0362,-0.0547,-0.0005,0.0,0.0389,0.0027,-0.0064,0.0702,0.0118,-0.0014,0.0308,0.0,-0.019,0.005
1056,0.0436,-0.0569,-0.1523,-0.0457,-0.0609,0.0142,0.0,0.1824,0.1277,-0.0305,-0.1066,0.1034,0.1744,-0.0457,0.0,-0.0203,-0.1269
1057,0.023,0.0628,0.0507,0.0259,-0.0018,-0.0024,0.0,-0.0018,0.0339,-0.0217,-0.0368,0.0,-0.061,-0.032,0.0,-0.038,-0.0006
1058,0.0191,-0.0465,0.0089,0.0363,0.0396,-0.0158,-0.0033,-0.0414,0.022,0.0169,0.0287,-0.0033,-0.0256,-0.0125,0.0,-0.0066,-0.0165
1059,-0.0024,-0.0104,-0.0064,-0.0273,-0.0088,0.013,0.0033,-0.0334,-0.0136,0.0133,0.068,-0.0027,-0.0289,-0.007,0.0,0.0003,0.0431
1060,0.0555,-0.0485,0.0304,0.0143,-0.0019,0.0323,0.008,-0.0935,-0.0048,-0.0138,0.0498,-0.0043,-0.0337,0.0232,0.0,-0.0085,-0.0047
1061,-0.0301,-0.0524,-0.0427,0.0024,-0.0278,-0.0143,0.0509,-0.0078,0.1018,0.0033,-0.03,-0.0032,0.1257,-0.0079,0.0,-0.0032,-0.0649
1062,-0.0319,0.0407,-0.0181,0.0361,-0.0396,0.0313,0.0056,0.0025,0.0089,-0.0164,0.022,0.0146,-0.0234,0.0058,0.0,-0.0066,-0.0314
1063,0.0143,-0.0066,-0.0585,0.0302,-0.0118,0.0526,-0.0035,0.0086,0.008,-0.0003,0.0208,-0.0035,-0.0186,-0.0118,0.0115,-0.007,-0.0245
1064,0.037,0.0428,-0.0504,-0.0496,-0.0012,-0.0113,-0.0043,0.0197,0.0,0.014,0.0319,0.0062,-0.0383,-0.0132,0.0,-0.0043,0.0209
1065,0.0392,0.0125,0.0014,0.0319,-0.0352,0.0155,0.0,-0.0708,0.0165,-0.0278,0.0281,0.0128,-0.0383,0.0218,0.0083,-0.0037,-0.0125
1066,-0.043,0.0972,-0.1225,-0.0662,0.2737,-0.0166,-0.0033,-0.1623,-0.0066,-0.0298,0.0309,0.1634,0.0342,-0.0298,0.0,0.0,-0.1192
1067,-0.024,-0.0036,0.0388,0.048,-0.0318,0.0201,-0.0042,-0.0692,0.0081,0.0254,0.0097,0.0061,-0.0026,0.0031,0.0123,0.0,-0.036
1068,-0.0495,-0.0495,0.0025,-0.0228,-0.054,0.0275,0.0,-0.0399,0.0008,0.0816,0.1071,0.0116,-0.0653,-0.01,0.0,-0.0216,0.0819
1069,0.0675,-0.0236,0.0163,0.0123,-0.0158,0.0135,-0.0037,-0.0344,0.0282,0.0057,0.0211,-0.0037,-0.0589,0.0338,0.0141,-0.0037,-0.0688
1070,0.0183,0.0834,-0.0098,-0.0556,-0.0278,-0.0028,0.004,0.0241,0.004,0.0249,-0.0171,0.0117,-0.024,-0.0395,0.0,0.0,0.0062
1071,-0.0291,-0.0056,0.0169,-0.0004,-0.0248,-0.0028,-0.0034,0.0418,0.0118,0.0116,0.0129,0.0084,-0.0523,0.0191,0.0,-0.0068,0.0026
1072,-0.0035,0.0416,-0.0132,-0.026,-0.055,0.0096,0.0,-0.0522,-0.0065,-0.0033,0.0996,0.0291,-0.0294,0.0354,0.0,-0.0097,-0.0165
1073,-0.0074,-0.0235,0.0228,-0.0172,-0.0308,-0.012,0.0,0.018,0.026,0.0145,0.0191,-0.0031,0.0228,-0.0339,0.0,-0.0094,0.0139
1074,-0.0302,0.0303,-0.0512,0.0051,-0.0004,-0.0046,-0.0033,0.0812,-0.0066,0.0195,0.0356,-0.0066,-0.0403,-0.0035,0.0,-0.0044,-0.0205
1075,0.003,0.0411,-0.0283,0.0114,0.0085,-0.0153,0.0,0.02,-0.0007,-0.013,0.0338,0.0103,-0.0411,-0.0018,0.0,0.0,-0.0276
1076,-0.0738,0.1497,-0.055,-0.0523,-0.0338,0.0158,-0.0031,0.1412,0.0343,-0.0338,0.0631,-0.0031,-0.0857,-0.0431,0.0,-0.0092,-0.0111
1077,-0.0439,0.0407,-0.0736,0.0372,-0.0426,-0.0014,0.0,0.0389,-0.0071,0.0151,-0.0111,-0.0035,-0.0196,0.0456,0.0,-0.0035,0.0287
1078,0.0133,0.0472,-0.0157,0.0431,0.0053,-0.0067,-0.0037,0.0017,0.0227,0.0014,-0.0237,-0.0037,-0.019,-0.01,0.0,-0.0037,-0.0484
1079,0.0955,0.0088,-0.0522,0.0257,-0.002,0.0495,-0.0034,0.0371,-0.0014,0.0047,-0.0597,-0.0034,0.0019,-0.0319,0.0,-0.0034,-0.0658
1080,0.0032,-0.054,-0.0042,0.0759,-0.0379,-0.0068,-0.0031,-0.0297,0.0118,0.0249,0.0231,0.0,-0.0496,0.0044,0.0,-0.0031,0.0449
1081,0.0231,-0.0116,0.0855,-0.0082,-0.0404,0.0255,0.0,0.0023,-0.0067,-0.0471,0.0274,-0.0034,-0.0139,-0.0539,0.0,-0.0067,0.0283
1082,0.1737,-0.0678,-0.0065,0.1329,-0.0475,0.0171,0.0442,-0.1219,0.0918,-0.0441,-0.0507,-0.0034,-0.0063,-0.0305,0.0,-0.0034,-0.0778
1083,-0.0279,0.0464,0.0148,-0.0553,-0.0512,0.0115,0.0,0.0534,0.043,-0.0238,0.0108,0.0194,-0.0439,-0.0198,0.0156,-0.0039,0.0107
1084,-0.0265,0.0398,-0.031,-0.0148,-0.0022,0.0068,-0.0066,0.0653,-0.0023,-0.0029,0.0208,0.001,-0.0223,-0.0103,0.0,-0.0033,-0.0114
1085,0.0533,0.1962,-0.1254,-0.0609,0.0712,-0.0215,-0.0036,-0.1541,-0.0036,-0.043,0.0211,0.1214,-0.1254,0.0963,0.0,-0.0072,-0.0148
1086,-0.0683,0.0302,-0.0005,0.0082,-0.0546,-0.0341,-0.0034,0.0399,-0.0102,-0.041,0.1183,-0.0068,0.0876,-0.0341,0.0,-0.0137,-0.0176
1087,0.0055,0.0167,-0.019,0.0247,0.006,0.0449,-0.0037,0.0255,-0.0016,-0.0282,0.012,0.0011,-0.0468,-0.0144,0.0096,0.0,-0.0323
1088,-0.0122,0.0321,-0.1181,-0.0488,-0.0488,0.0038,0.0,0.1291,0.0,-0.0244,-0.0167,0.0404,0.0321,0.0282,0.0,0.0809,-0.0776
1089,0.0478,0.0098,0.0654,0.005,-0.0253,-0.0506,0.0,-0.0963,0.0,0.0,0.0956,-0.0253,-0.0457,0.0303,0.0,-0.0253,0.0148
1090,0.0039,-0.1034,-0.0268,-0.0345,-0.0517,-0.0345,0.0,-0.0651,0.0,0.0384,0.046,0.0039,0.0805,0.0384,0.1111,-0.0345,0.0288
1091,0.2878,-0.125,-0.1023,0.2765,-0.0455,-0.0227,0.0,-0.1591,-0.0114,-0.0114,0.2424,-0.0227,-0.125,-0.0114,0.0,-0.0114,-0.1591
1092,-0.0256,-0.1026,-0.1538,-0.0513,-0.0513,-0.0128,0.0,-0.141,0.25,-0.0256,0.1346,-0.0385,0.1603,-0.0128,0.0,-0.0256,0.0962
1093,-0.0145,-0.0034,0.0054,0.0332,-0.0133,-0.0255,0.0,-0.1242,0.0,0.0111,0.0541,0.0099,-0.0411,-0.0023,0.0233,-0.0244,0.1117
1094,-0.0685,-0.0548,-0.0959,-0.0548,-0.0548,-0.0411,0.0,0.2356,0.0,-0.0137,-0.0959,-0.0274,0.0767,0.0,0.0,-0.0411,0.2356
1095,0.0185,0.0814,-0.0481,-0.0519,0.0037,0.0,0.0,0.0148,0.0,-0.0111,0.0778,-0.0333,0.0592,0.0037,0.0,-0.0333,-0.0815
1096,0.029,-0.0435,0.087,-0.058,-0.029,0.029,0.0,0.0,0.0,0.0435,-0.0434,-0.0435,0.0869,-0.0725,0.0,-0.029,0.0435
1097,0.0303,-0.0066,-0.0573,0.044,0.0125,0.0262,0.0,0.0291,-0.0137,-0.0095,-0.0257,-0.0232,0.0029,0.0083,0.0,-0.0411,0.0237
1098,-0.0016,0.0321,0.0423,-0.0133,-0.0353,0.022,0.0,-0.0503,0.0337,-0.0353,0.007,0.0438,0.0305,-0.0235,0.0455,-0.0353,-0.062
1099,-0.011,-0.022,0.0511,-0.0589,-0.0116,0.0247,0.0,-0.0326,0.0244,0.0244,0.003,0.025,-0.0453,-0.0354,0.0,-0.0238,0.0883
1100,-0.0594,0.0023,0.0122,0.0278,-0.0339,0.0063,0.0,-0.0157,0.0262,-0.012,0.125,0.0,-0.1715,0.0152,0.0,-0.0109,0.0885
1101,0.0835,-0.0343,0.0742,0.0835,-0.0498,-0.0249,0.0,-0.0873,0.0226,0.0489,-0.0592,-0.0036,-0.0411,0.0048,0.0,-0.0178,0.0004
1102,0.0288,-0.0379,-0.0172,-0.0007,0.0121,0.0138,0.0128,-0.0411,-0.0029,0.0021,0.043,0.0128,-0.0878,0.0249,0.0,-0.0078,0.0451
1103,-0.0662,0.0414,0.0205,0.1421,-0.0418,-0.0314,-0.0035,0.0306,-0.0139,-0.0174,0.0414,0.0,-0.0771,-0.0209,0.0,-0.0139,0.0101
1104,-0.0588,0.0,-0.047,-0.051,-0.0138,0.0765,0.0,-0.049,-0.0196,0.0098,0.0961,0.0,-0.0569,0.0236,0.0,-0.0118,0.102
1105,0.031,-0.0384,-0.0294,0.0353,-0.0431,-0.0172,-0.0043,-0.0636,-0.0129,0.0306,0.0399,0.0,-0.0596,0.0439,0.0,-0.0172,0.1053
1106,-0.0175,-0.025,-0.0081,-0.0041,-0.0163,0.0527,-0.0074,-0.0087,0.0098,0.0196,0.0734,0.0,-0.0811,-0.0237,0.0172,-0.0112,0.0301
1107,0.0362,-0.0075,0.0152,-0.0118,-0.0168,0.0487,-0.0043,-0.066,-0.0172,0.0577,-0.0106,-0.0043,-0.0539,0.023,0.0,-0.0172,0.0288
1108,0.0035,0.003,0.0332,0.0415,-0.0197,0.0035,-0.0078,0.0131,0.0036,0.019,-0.0165,0.0,-0.0785,0.0266,0.0,-0.0078,-0.0166
1109,-0.0285,0.0151,0.0055,0.0559,0.0066,-0.0219,0.0,-0.0668,0.0085,0.0531,0.0654,0.0,-0.0753,-0.0247,0.0,-0.0152,0.0225
1110,-0.0091,0.0337,-0.0319,-0.0206,-0.0161,0.0144,0.0,-0.0347,-0.001,0.0438,0.0327,0.0095,-0.06,0.0109,0.0,-0.0211,0.0495
1111,-0.0604,0.0711,-0.1117,-0.0539,-0.046,0.1119,-0.0013,-0.0393,-0.0066,-0.0118,0.0396,-0.0315,0.0056,-0.0197,0.0,-0.025,0.179
1112,-0.0478,-0.0004,0.0596,0.019,-0.0411,-0.0065,0.0,0.0225,-0.0238,0.0128,0.092,-0.0325,-0.1693,0.0493,0.0,-0.0195,0.0855
1113,0.0405,-0.0568,0.1015,0.0137,-0.0379,-0.0133,0.0,-0.1132,-0.017,-0.0114,0.1583,-0.0417,-0.1719,0.1106,0.0,-0.036,0.0746
1114,0.0389,-0.0261,-0.0386,0.0119,-0.0086,-0.0005,0.0,-0.0785,-0.0152,0.0237,0.0983,-0.0252,-0.0965,0.0233,0.0185,-0.0323,0.1073
1115,-0.039,-0.0241,0.0532,0.0727,-0.0344,0.055,-0.003,-0.0141,-0.0135,0.0089,0.0801,-0.0553,-0.1366,0.0074,0.0238,-0.0344,0.0532
1116,-0.0345,-0.0077,-0.014,0.0137,-0.0387,0.0428,-0.003,-0.0423,-0.0134,0.017,0.0933,-0.0247,-0.1848,0.127,0.0,-0.0312,0.1008
1117,0.0585,0.0171,0.0532,0.0279,0.0028,0.0158,0.0,-0.042,-0.0093,0.0189,0.0693,-0.0386,-0.2207,0.0143,0.0,-0.0247,0.0576
1118,-0.0512,0.016,-0.0154,0.0312,-0.0025,0.0146,0.0212,0.015,0.0049,0.0386,0.0363,-0.0324,-0.118,0.0108,0.0125,-0.0267,0.045
1119,-0.0233,0.0109,0.0334,0.0353,-0.0086,0.0332,-0.0046,-0.0414,0.0097,0.0174,0.0078,0.0384,-0.1172,-0.001,0.0,-0.029,0.0389
1120,0.0223,0.0118,0.0019,0.0438,-0.0024,-0.0145,0.0356,-0.0381,-0.0163,0.0338,0.0561,-0.0184,-0.1319,0.0371,0.0,-0.0362,0.0151
1121,-0.0629,0.0163,-0.0028,-0.0157,-0.0089,0.1328,0.0,-0.0036,-0.0136,-0.0136,-0.0109,-0.0272,-0.093,0.0098,0.0,-0.034,0.1274
1122,-0.0808,-0.0051,0.2001,-0.0451,-0.0338,-0.0169,0.0569,-0.1141,-0.0207,-0.0075,0.1163,-0.0263,-0.1017,0.04,0.0,-0.0263,0.065
1123,-0.0066,-0.0655,0.1224,0.1154,-0.0474,0.0679,0.0,0.066,-0.0135,-0.0045,0.0092,0.0227,-0.1579,-0.0226,0.0,-0.0271,-0.0587
1124,-0.0318,-0.0617,-0.0438,0.0257,-0.0381,0.0311,-0.0018,0.0507,-0.0163,0.014,0.0284,0.0136,-0.0058,0.019,0.0213,-0.0309,0.0265
1125,0.1513,-0.0619,0.085,-0.0664,0.1646,-0.0354,0.0,0.0009,-0.0088,-0.0221,-0.1106,-0.0177,0.0584,-0.0221,0.0,-0.0221,-0.0929
1126,-0.0058,-0.0313,0.0398,0.0029,0.0165,-0.0178,-0.0043,-0.0428,0.0126,-0.0004,0.0112,0.0383,-0.0675,0.0039,0.0,-0.0261,0.0712
1127,-0.0214,0.0784,0.0144,0.0047,-0.0394,-0.0345,0.0,-0.0693,0.0278,0.0392,0.0177,0.0164,-0.0398,0.0081,0.0,-0.0246,0.0227
1128,0.1878,0.0628,0.0228,-0.0622,-0.0356,-0.0489,0.0,0.0722,-0.0133,-0.0178,-0.1022,-0.0178,0.0944,-0.0133,0.0,-0.04,-0.0889
1129,0.0033,-0.0817,0.0144,-0.0161,0.0072,0.0305,0.0,0.0477,-0.035,-0.0233,-0.0473,0.0267,0.1255,-0.0311,0.0,0.0228,-0.0434
1130,-0.0289,0.0501,0.0334,-0.0644,0.0183,-0.008,0.0,-0.1142,-0.0129,0.0091,0.0855,-0.0172,-0.0284,0.0268,0.0,-0.03,0.0806
1131,-0.001,0.0043,-0.0539,-0.001,0.0149,0.036,-0.0053,-0.0188,-0.0053,0.0519,-0.0327,-0.0106,-0.0073,0.0466,0.0,-0.0635,0.0456
1132,-0.0265,-0.0107,0.0888,-0.0286,-0.0286,0.0328,-0.0042,-0.0436,-0.0169,0.0275,0.0253,0.019,-0.107,0.0328,0.0,-0.0254,0.0655
1133,-0.0049,0.0196,-0.0736,-0.0245,0.0049,0.0147,-0.0049,-0.049,0.0098,0.0147,0.0589,0.0049,-0.0049,-0.0049,0.0,-0.0343,0.0736
1134,-0.0155,0.0325,0.0682,-0.039,-0.0287,0.0397,-0.0031,-0.0003,-0.0245,0.002,0.01,0.0489,-0.1494,0.0224,0.0,-0.0215,0.058
1135,-0.0585,0.0512,0.0545,-0.0252,-0.0488,0.0659,-0.0049,-0.0674,-0.0098,0.0423,-0.0399,0.0235,-0.0317,0.0374,0.0,-0.039,0.0504
1136,-0.012,0.0021,0.0366,0.0628,-0.0221,0.0001,0.0142,-0.1128,0.0061,-0.0282,0.0931,-0.006,-0.0765,0.0082,0.0,-0.0202,0.0547
1137,0.0195,-0.0119,0.0345,-0.0139,0.0289,0.0227,0.0,0.0275,-0.022,0.005,-0.0038,-0.0252,-0.0152,-0.0314,0.027,-0.0314,-0.0101
1138,-0.0885,-0.0014,-0.0289,-0.0118,-0.0014,-0.0066,0.0,-0.0615,0.0857,-0.0104,0.0985,-0.0208,-0.0706,0.0195,0.0455,-0.0104,0.0635
1139,-0.0162,0.0142,0.0197,-0.0209,-0.008,0.0006,0.0088,-0.0145,0.0134,0.018,0.0364,0.0049,-0.0759,-0.0213,0.0,-0.0216,0.0623
1140,-0.0162,0.0582,-0.0225,-0.0529,0.0161,0.0009,0.013,0.0582,0.0058,-0.0215,-0.0381,0.034,-0.0404,-0.0193,0.013,-0.0323,0.0439
1141,0.1268,-0.07,-0.0191,-0.06,-0.055,-0.03,0.0,-0.0332,-0.01,0.0809,0.0009,-0.02,-0.0641,-0.025,0.0,-0.03,0.2077
1142,0.0051,0.016,-0.04,-0.0087,-0.019,0.0179,-0.004,0.0362,-0.0119,0.0191,-0.0009,0.0048,-0.0691,0.0098,0.0257,-0.0198,0.0389
1143,0.0329,-0.0415,-0.0122,-0.058,0.0129,-0.0254,0.0,0.0534,-0.0145,0.0238,0.0386,-0.0145,-0.0359,-0.0399,0.0,-0.0217,0.1021
1144,-0.0117,0.0327,-0.128,-0.0607,0.0196,0.0331,0.0155,0.0251,-0.009,0.0265,-0.0052,0.0131,-0.0456,0.0421,0.0,-0.0448,0.0972
1145,-0.0208,0.0333,0.0667,-0.0152,-0.0055,0.0125,-0.0042,-0.0653,-0.0167,0.025,0.0097,-0.0292,-0.0667,0.0306,0.0417,-0.0458,0.05
1146,-0.0111,0.0167,0.162,0.0499,-0.0178,-0.0225,-0.0046,-0.0744,-0.0093,-0.0039,0.0082,-0.0086,-0.1222,0.0292,0.0,-0.0278,0.036
1147,-0.0494,-0.0451,0.0664,0.042,-0.0192,-0.0302,-0.0043,-0.0696,-0.0172,0.022,0.1032,0.0176,-0.0811,0.009,0.0,-0.0431,0.0989
1148,0.0449,0.0389,0.0585,-0.0364,-0.025,0.0238,0.0,0.0087,-0.0372,-0.0135,0.0043,0.0008,-0.07,-0.0182,0.0122,-0.0405,0.049
1149,0.0111,0.0173,-0.0143,-0.0069,-0.0333,0.023,0.0,-0.0066,-0.0158,0.0045,-0.0025,-0.0034,0.0043,0.0045,0.0,-0.0395,0.0578
AVERAGE,-0.0033,0.011,-0.0069,0.0059,-0.0157,0.0132,0.0014,0.0045,0.0017,0.0036,0.0226,0.0069,-0.0363,-0.007,0.0071,-0.015,0.0061
