Abstract_POS_Proportions,Generated_Abstract_POS_Proportions,Abstract_Word_Length,Generated_Abstract_Word_Length
ADP:0.2000 | DET:0.2000 | NOUN:0.4000 | PUNCT:0.2000,ADJ:0.0652 | ADP:0.0435 | ADV:0.0652 | AUX:0.0435 | CCONJ:0.0435 | DET:0.0870 | NOUN:0.0870 | PRON:0.2609 | PUNCT:0.0870 | SCONJ:0.0652 | VERB:0.1522,15,46
ADJ:0.0667 | ADP:0.0667 | ADV:0.1556 | AUX:0.0667 | CCONJ:0.0333 | DET:0.0556 | NOUN:0.1222 | PART:0.0111 | PRON:0.1444 | PROPN:0.0222 | PUNCT:0.0889 | SCONJ:0.0444 | VERB:0.1222,ADJ:0.1000 | ADP:0.0333 | ADV:0.1667 | AUX:0.0333 | CCONJ:0.0500 | DET:0.0333 | NOUN:0.0667 | PART:0.0333 | PRON:0.1667 | PROPN:0.0167 | PUNCT:0.1333 | SCONJ:0.0167 | VERB:0.1500,90,60
ADJ:0.2222 | ADP:0.1111 | ADV:0.0556 | CCONJ:0.0556 | DET:0.0556 | NOUN:0.3333 | PRON:0.0556 | PUNCT:0.0556 | VERB:0.0556,ADJ:0.1129 | ADP:0.0323 | ADV:0.1613 | AUX:0.0806 | CCONJ:0.0323 | DET:0.0645 | NOUN:0.0806 | PART:0.0161 | PRON:0.1290 | PROPN:0.0161 | PUNCT:0.1129 | SCONJ:0.0161 | VERB:0.1452,18,62
ADJ:0.2000 | ADP:0.1000 | ADV:0.1000 | NOUN:0.1000 | PART:0.1000 | PRON:0.1000 | PUNCT:0.3000,ADJ:0.0980 | ADP:0.0196 | ADV:0.1961 | AUX:0.0784 | CCONJ:0.0196 | DET:0.0588 | NOUN:0.0784 | PRON:0.1176 | PROPN:0.0196 | PUNCT:0.1373 | SCONJ:0.0196 | VERB:0.1569,10,51
DET:0.3333 | NOUN:0.3333 | PUNCT:0.3333,ADJ:0.0811 | ADP:0.0676 | ADV:0.1486 | AUX:0.0676 | CCONJ:0.0405 | DET:0.0405 | NOUN:0.0676 | PART:0.0270 | PRON:0.1351 | PROPN:0.0135 | PUNCT:0.1351 | SCONJ:0.0405 | VERB:0.1351,3,74
ADP:0.2000 | AUX:0.0667 | DET:0.0667 | NOUN:0.2000 | PART:0.0667 | PRON:0.2667 | PUNCT:0.0667 | VERB:0.0667,ADJ:0.0816 | ADP:0.0408 | ADV:0.1633 | AUX:0.0612 | CCONJ:0.0204 | INTJ:0.0204 | NOUN:0.0408 | PART:0.0408 | PRON:0.1837 | PROPN:0.0204 | PUNCT:0.1429 | SCONJ:0.0408 | VERB:0.1429,15,49
ADP:0.1667 | ADV:0.1667 | NOUN:0.3333 | PUNCT:0.1667 | VERB:0.1667,ADJ:0.0263 | ADP:0.0789 | ADV:0.1842 | AUX:0.0526 | CCONJ:0.0263 | DET:0.0526 | NOUN:0.1579 | PRON:0.1316 | PROPN:0.0263 | PUNCT:0.1053 | SCONJ:0.0263 | VERB:0.1316,6,38
ADP:0.2000 | NOUN:0.2000 | PRON:0.2000 | PUNCT:0.4000,ADJ:0.0811 | ADP:0.0811 | ADV:0.0811 | AUX:0.0270 | DET:0.0270 | NOUN:0.0811 | NUM:0.0270 | PART:0.1081 | PRON:0.1351 | PROPN:0.0541 | PUNCT:0.1081 | VERB:0.1892,5,37
ADP:0.0833 | ADV:0.0417 | AUX:0.0417 | CCONJ:0.0417 | DET:0.0833 | NOUN:0.2083 | NUM:0.0833 | PRON:0.0833 | PROPN:0.0833 | PUNCT:0.1250 | SCONJ:0.0417 | VERB:0.0833,ADJ:0.0580 | ADP:0.0580 | ADV:0.1449 | AUX:0.0580 | CCONJ:0.0580 | DET:0.0290 | NOUN:0.0725 | PART:0.0290 | PRON:0.1159 | PROPN:0.0580 | PUNCT:0.1449 | SCONJ:0.0145 | VERB:0.1594,24,69
ADJ:0.0800 | ADP:0.1200 | ADV:0.0800 | AUX:0.0800 | CCONJ:0.0400 | DET:0.0800 | NOUN:0.1600 | PRON:0.1600 | PROPN:0.0800 | PUNCT:0.0400 | VERB:0.0800,ADJ:0.0196 | ADP:0.0784 | ADV:0.1569 | AUX:0.0588 | CCONJ:0.0392 | DET:0.0392 | NOUN:0.0784 | PRON:0.1569 | PROPN:0.0588 | PUNCT:0.1176 | SCONJ:0.0392 | VERB:0.1569,25,51
ADJ:0.0882 | ADP:0.0882 | ADV:0.1471 | AUX:0.1176 | DET:0.0294 | NOUN:0.1176 | NUM:0.0294 | PRON:0.0882 | PROPN:0.0588 | PUNCT:0.1471 | VERB:0.0882,ADJ:0.1171 | ADP:0.0541 | ADV:0.1351 | AUX:0.0721 | CCONJ:0.0270 | DET:0.0541 | NOUN:0.0991 | PART:0.0270 | PRON:0.1441 | PUNCT:0.1261 | SCONJ:0.0360 | VERB:0.1081,34,111
ADJ:0.0800 | ADP:0.0200 | ADV:0.1400 | AUX:0.1200 | CCONJ:0.0600 | DET:0.0800 | NOUN:0.1600 | PART:0.0200 | PRON:0.0400 | PUNCT:0.1200 | SCONJ:0.0400 | VERB:0.1200,ADJ:0.1074 | ADP:0.0661 | ADV:0.1074 | AUX:0.0579 | CCONJ:0.0413 | DET:0.0661 | NOUN:0.1074 | PART:0.0165 | PRON:0.1570 | PUNCT:0.1157 | SCONJ:0.0331 | VERB:0.1240,50,121
ADJ:0.0968 | ADP:0.0645 | ADV:0.1129 | AUX:0.0323 | CCONJ:0.0968 | DET:0.0323 | NOUN:0.1613 | PART:0.0161 | PRON:0.1129 | PUNCT:0.0968 | SCONJ:0.0323 | VERB:0.1452,ADJ:0.0909 | ADP:0.0833 | ADV:0.1136 | AUX:0.0530 | CCONJ:0.0303 | DET:0.0455 | NOUN:0.1364 | PART:0.0455 | PRON:0.1364 | PUNCT:0.0758 | SCONJ:0.0379 | VERB:0.1515,62,132
ADJ:0.0833 | ADV:0.0833 | DET:0.1667 | NOUN:0.1667 | PART:0.0833 | PROPN:0.0833 | PUNCT:0.2500 | VERB:0.0833,ADJ:0.1261 | ADP:0.0672 | ADV:0.1008 | AUX:0.0168 | CCONJ:0.0252 | DET:0.0672 | NOUN:0.1429 | PART:0.0336 | PRON:0.1261 | PROPN:0.0084 | PUNCT:0.1092 | SCONJ:0.0336 | VERB:0.1429,12,119
ADJ:0.0556 | ADP:0.0741 | ADV:0.2222 | AUX:0.0926 | CCONJ:0.0370 | DET:0.0185 | NOUN:0.1111 | PART:0.0370 | PRON:0.0741 | PUNCT:0.1296 | SCONJ:0.0185 | VERB:0.1296,ADJ:0.0331 | ADP:0.0579 | ADV:0.1405 | AUX:0.0744 | CCONJ:0.0413 | DET:0.0331 | NOUN:0.1157 | NUM:0.0083 | PART:0.0331 | PRON:0.1653 | PROPN:0.0083 | PUNCT:0.1157 | SCONJ:0.0248 | VERB:0.1488,54,121
ADP:0.1667 | DET:0.1667 | NOUN:0.3333 | PUNCT:0.3333,ADJ:0.1042 | ADP:0.0833 | ADV:0.1042 | CCONJ:0.0417 | DET:0.0417 | NOUN:0.1667 | PRON:0.1875 | PUNCT:0.1250 | VERB:0.1458,6,48
ADJ:0.0714 | ADP:0.0714 | ADV:0.1429 | CCONJ:0.0714 | NOUN:0.2143 | PART:0.0714 | PRON:0.0714 | PUNCT:0.1429 | VERB:0.1429,ADJ:0.0789 | ADP:0.1184 | ADV:0.1711 | AUX:0.0395 | CCONJ:0.0395 | DET:0.0526 | NOUN:0.1447 | PART:0.0263 | PRON:0.0921 | PROPN:0.0263 | PUNCT:0.1184 | VERB:0.0921,14,76
ADV:0.2857 | NOUN:0.4286 | PART:0.1429 | PROPN:0.1429,ADJ:0.0510 | ADP:0.0714 | ADV:0.1020 | AUX:0.0714 | CCONJ:0.0102 | DET:0.0612 | NOUN:0.1327 | NUM:0.0102 | PART:0.0204 | PRON:0.1224 | PROPN:0.0102 | PUNCT:0.1429 | SCONJ:0.0510 | VERB:0.1429,7,98
ADV:0.1429 | AUX:0.0714 | CCONJ:0.0714 | NOUN:0.2857 | PRON:0.1429 | PUNCT:0.1429 | SCONJ:0.0714 | VERB:0.0714,ADJ:0.0778 | ADP:0.0778 | ADV:0.1000 | AUX:0.0444 | CCONJ:0.0333 | DET:0.0333 | INTJ:0.0111 | NOUN:0.1000 | PART:0.0222 | PRON:0.1333 | PROPN:0.0111 | PUNCT:0.1556 | SCONJ:0.0556 | VERB:0.1444,14,90
ADJ:0.0588 | ADP:0.1176 | ADV:0.1765 | AUX:0.1176 | DET:0.0588 | NOUN:0.1765 | PRON:0.0588 | PUNCT:0.1765 | VERB:0.0588,ADJ:0.0822 | ADP:0.0685 | ADV:0.0822 | AUX:0.0548 | CCONJ:0.0274 | DET:0.0411 | NOUN:0.0959 | PART:0.0137 | PRON:0.1370 | PROPN:0.0137 | PUNCT:0.2055 | SCONJ:0.0411 | VERB:0.1370,17,73
ADJ:0.1111 | ADP:0.1111 | NOUN:0.2222 | PRON:0.2222 | PUNCT:0.2222 | VERB:0.1111,ADJ:0.0485 | ADP:0.0680 | ADV:0.1165 | AUX:0.0485 | CCONJ:0.0291 | DET:0.0388 | INTJ:0.0097 | NOUN:0.1262 | NUM:0.0097 | PART:0.0388 | PRON:0.1456 | PROPN:0.0097 | PUNCT:0.1456 | SCONJ:0.0388 | VERB:0.1262,9,103
ADJ:0.0714 | ADP:0.0714 | AUX:0.0714 | NOUN:0.1429 | PRON:0.2143 | PROPN:0.1429 | PUNCT:0.0714 | VERB:0.2143,ADJ:0.0659 | ADP:0.0659 | ADV:0.0879 | AUX:0.0549 | CCONJ:0.0220 | DET:0.0659 | INTJ:0.0110 | NOUN:0.1429 | PART:0.0330 | PRON:0.1429 | PROPN:0.0110 | PUNCT:0.1429 | SCONJ:0.0330 | VERB:0.1209,14,91
ADJ:0.1250 | AUX:0.1250 | DET:0.1250 | NOUN:0.2500 | PUNCT:0.3750,ADJ:0.0952 | ADP:0.0476 | ADV:0.0476 | AUX:0.0476 | CCONJ:0.0238 | DET:0.0238 | NOUN:0.1429 | PRON:0.1190 | PUNCT:0.2857 | SCONJ:0.0476 | VERB:0.1190,8,42
ADJ:0.0769 | ADP:0.0769 | AUX:0.0769 | NOUN:0.1538 | PART:0.0769 | PRON:0.1538 | PUNCT:0.3077 | VERB:0.0769,ADJ:0.1250 | ADP:0.0536 | ADV:0.0714 | AUX:0.0357 | CCONJ:0.0357 | NOUN:0.1250 | PRON:0.1786 | PUNCT:0.2143 | SCONJ:0.0357 | VERB:0.1250,13,56
ADJ:0.1364 | ADP:0.0455 | ADV:0.1364 | AUX:0.0455 | CCONJ:0.0455 | NOUN:0.0455 | PRON:0.0909 | PROPN:0.0455 | PUNCT:0.3636 | VERB:0.0455,ADJ:0.1026 | ADP:0.0513 | ADV:0.1282 | AUX:0.0769 | CCONJ:0.0256 | NOUN:0.0769 | PART:0.0256 | PRON:0.1282 | PUNCT:0.2564 | SCONJ:0.0256 | VERB:0.1026,22,39
ADJ:0.1111 | ADP:0.1111 | ADV:0.1111 | NOUN:0.1111 | PROPN:0.2222 | PUNCT:0.3333,ADJ:0.1290 | ADP:0.0484 | ADV:0.1129 | AUX:0.0645 | CCONJ:0.0161 | INTJ:0.0161 | NOUN:0.0968 | PRON:0.0968 | PUNCT:0.2581 | SCONJ:0.0484 | VERB:0.1129,9,62
ADJ:0.5000 | PUNCT:0.5000,ADJ:0.1569 | ADP:0.0196 | ADV:0.0784 | AUX:0.0784 | CCONJ:0.0392 | DET:0.0196 | NOUN:0.0784 | PART:0.0196 | PRON:0.1176 | PUNCT:0.2549 | SCONJ:0.0392 | VERB:0.0980,6,51
ADJ:0.1111 | ADV:0.2222 | AUX:0.1111 | DET:0.1111 | NOUN:0.3333 | PUNCT:0.1111,ADJ:0.0638 | ADP:0.0851 | ADV:0.1277 | AUX:0.0213 | DET:0.0638 | NOUN:0.1702 | PART:0.0213 | PRON:0.0851 | PROPN:0.0851 | PUNCT:0.1489 | SCONJ:0.0213 | VERB:0.1064,9,47
ADJ:0.0476 | ADP:0.0476 | ADV:0.1429 | AUX:0.1429 | NOUN:0.0476 | PRON:0.0476 | PROPN:0.1905 | PUNCT:0.2381 | SCONJ:0.0476 | VERB:0.0476,ADJ:0.0769 | ADP:0.1282 | ADV:0.1282 | AUX:0.0513 | CCONJ:0.0385 | DET:0.0513 | NOUN:0.1154 | PART:0.0256 | PRON:0.1154 | PROPN:0.0641 | PUNCT:0.1026 | SCONJ:0.0128 | VERB:0.0897,21,78
ADJ:0.0625 | ADP:0.0625 | ADV:0.1250 | AUX:0.0625 | PART:0.0625 | PRON:0.2500 | PROPN:0.1250 | PUNCT:0.1250 | VERB:0.1250,ADJ:0.0312 | ADP:0.0312 | ADV:0.2031 | AUX:0.0625 | CCONJ:0.0625 | DET:0.0156 | INTJ:0.0156 | NOUN:0.0625 | PRON:0.1719 | PROPN:0.0156 | PUNCT:0.1719 | SCONJ:0.0625 | VERB:0.0938,16,64
ADJ:0.0303 | ADP:0.0303 | ADV:0.1515 | AUX:0.0909 | CCONJ:0.0606 | DET:0.0606 | NOUN:0.1515 | PART:0.0303 | PRON:0.1212 | PUNCT:0.0606 | SCONJ:0.0909 | VERB:0.1212,ADJ:0.0976 | ADP:0.0244 | ADV:0.1707 | AUX:0.0244 | CCONJ:0.0244 | DET:0.0244 | INTJ:0.0244 | NOUN:0.0976 | PART:0.0488 | PRON:0.0732 | PROPN:0.0244 | PUNCT:0.1463 | SCONJ:0.0244 | VERB:0.1951,33,41
ADP:0.1250 | ADV:0.0312 | AUX:0.0938 | DET:0.0312 | NOUN:0.1875 | PART:0.0312 | PRON:0.2188 | PUNCT:0.0625 | SCONJ:0.0938 | VERB:0.1250,ADJ:0.1111 | ADP:0.0556 | ADV:0.0833 | AUX:0.0833 | CCONJ:0.0278 | DET:0.0833 | INTJ:0.0278 | NOUN:0.1389 | PRON:0.0833 | PROPN:0.0278 | PUNCT:0.1389 | SCONJ:0.0278 | VERB:0.1111,32,36
ADJ:0.0769 | ADP:0.0769 | ADV:0.0769 | AUX:0.0769 | DET:0.1538 | NOUN:0.2308 | PRON:0.0769 | PUNCT:0.1538 | VERB:0.0769,ADJ:0.0732 | ADP:0.0732 | ADV:0.1463 | AUX:0.0732 | CCONJ:0.0244 | DET:0.0244 | NOUN:0.0244 | PART:0.0488 | PRON:0.1463 | PUNCT:0.1463 | SCONJ:0.0488 | VERB:0.1707,13,41
ADP:0.0625 | ADV:0.1875 | AUX:0.0625 | DET:0.0625 | NOUN:0.0625 | PART:0.1250 | PRON:0.1250 | PUNCT:0.1250 | VERB:0.1875,ADJ:0.0652 | ADP:0.1304 | ADV:0.0870 | AUX:0.0435 | CCONJ:0.0217 | DET:0.0870 | INTJ:0.0217 | NOUN:0.1522 | PART:0.0435 | PRON:0.1087 | PUNCT:0.1087 | SCONJ:0.0217 | VERB:0.1087,16,46
ADJ:0.0667 | ADP:0.0667 | ADV:0.1333 | AUX:0.1333 | CCONJ:0.0667 | NOUN:0.1333 | PROPN:0.1333 | PUNCT:0.1333 | VERB:0.1333,ADJ:0.0864 | ADP:0.0494 | ADV:0.1235 | AUX:0.0370 | CCONJ:0.0247 | DET:0.0247 | INTJ:0.0123 | NOUN:0.1728 | PART:0.0123 | PRON:0.1111 | PROPN:0.0370 | PUNCT:0.1235 | SCONJ:0.0247 | VERB:0.1605,15,81
ADJ:0.0400 | ADP:0.1600 | ADV:0.0800 | AUX:0.0800 | CCONJ:0.0400 | NOUN:0.2000 | PART:0.0400 | PRON:0.1200 | PROPN:0.0400 | PUNCT:0.0400 | SCONJ:0.0400 | VERB:0.1200,ADJ:0.0900 | ADP:0.0600 | ADV:0.0600 | AUX:0.0200 | CCONJ:0.0400 | DET:0.0500 | NOUN:0.2300 | PART:0.0100 | PRON:0.1000 | PROPN:0.0300 | PUNCT:0.1500 | SCONJ:0.0300 | VERB:0.1300,25,100
ADJ:0.1429 | ADP:0.0714 | ADV:0.0714 | AUX:0.0714 | CCONJ:0.0714 | NOUN:0.1429 | PRON:0.0714 | PROPN:0.0714 | PUNCT:0.1429 | SCONJ:0.0714 | VERB:0.0714,ADJ:0.1099 | ADP:0.0769 | ADV:0.0659 | AUX:0.0440 | CCONJ:0.0549 | DET:0.0440 | NOUN:0.1978 | PART:0.0110 | PRON:0.0879 | PROPN:0.0330 | PUNCT:0.1648 | SCONJ:0.0110 | VERB:0.0989,14,91
ADJ:0.0370 | ADP:0.0370 | ADV:0.2593 | AUX:0.1481 | CCONJ:0.0370 | NOUN:0.1481 | PRON:0.0741 | PUNCT:0.1852 | VERB:0.0741,ADJ:0.1000 | ADP:0.0750 | ADV:0.1000 | AUX:0.0667 | CCONJ:0.0250 | DET:0.0583 | INTJ:0.0083 | NOUN:0.1583 | PART:0.0583 | PRON:0.0500 | PROPN:0.0250 | PUNCT:0.1000 | SCONJ:0.0417 | VERB:0.1333,27,120
ADJ:0.0652 | ADP:0.0978 | ADV:0.1522 | AUX:0.0652 | CCONJ:0.0326 | DET:0.0435 | NOUN:0.1413 | NUM:0.0109 | PART:0.0326 | PRON:0.0978 | PROPN:0.0217 | PUNCT:0.0870 | SCONJ:0.0326 | VERB:0.1196,ADJ:0.1136 | ADP:0.0909 | ADV:0.1023 | AUX:0.0909 | CCONJ:0.0341 | DET:0.0568 | NOUN:0.1250 | PART:0.0227 | PRON:0.0795 | PROPN:0.0227 | PUNCT:0.0795 | SCONJ:0.0455 | VERB:0.1364,92,88
ADP:0.0833 | ADV:0.0833 | NOUN:0.2500 | PROPN:0.1667 | PUNCT:0.3333 | VERB:0.0833,ADJ:0.0682 | ADP:0.0909 | ADV:0.0795 | AUX:0.0682 | CCONJ:0.0568 | DET:0.0455 | NOUN:0.1477 | PART:0.0114 | PRON:0.0909 | PROPN:0.0341 | PUNCT:0.1250 | SCONJ:0.0341 | VERB:0.1477,12,88
ADJ:0.0278 | ADP:0.0833 | ADV:0.0833 | AUX:0.0278 | CCONJ:0.0556 | NOUN:0.2222 | PRON:0.0278 | PROPN:0.0833 | PUNCT:0.0833 | SYM:0.2222 | VERB:0.0833,ADJ:0.1148 | ADP:0.1393 | ADV:0.0902 | AUX:0.0656 | CCONJ:0.0164 | DET:0.0738 | INTJ:0.0082 | NOUN:0.1311 | PART:0.0164 | PRON:0.0820 | PROPN:0.0410 | PUNCT:0.0820 | SCONJ:0.0328 | VERB:0.1066,36,122
ADJ:0.0682 | ADP:0.1364 | ADV:0.1136 | AUX:0.0909 | CCONJ:0.0682 | NOUN:0.1364 | PART:0.0227 | PRON:0.0909 | PROPN:0.0227 | PUNCT:0.0455 | SCONJ:0.0455 | VERB:0.1591,ADJ:0.1059 | ADP:0.0706 | ADV:0.1059 | AUX:0.0588 | DET:0.0118 | INTJ:0.0118 | NOUN:0.1294 | PART:0.0471 | PRON:0.1529 | PUNCT:0.1059 | SCONJ:0.0353 | VERB:0.1647,44,85
ADP:0.1765 | ADV:0.1176 | NOUN:0.1176 | PART:0.1176 | PRON:0.1765 | PUNCT:0.1176 | VERB:0.1765,ADJ:0.0667 | ADP:0.0417 | ADV:0.1083 | AUX:0.0917 | CCONJ:0.0333 | DET:0.0333 | NOUN:0.1167 | PART:0.0667 | PRON:0.1750 | PUNCT:0.0917 | SCONJ:0.0250 | VERB:0.1500,17,120
ADJ:0.0548 | ADP:0.1233 | ADV:0.1370 | AUX:0.0685 | CCONJ:0.0137 | DET:0.0274 | NOUN:0.1781 | NUM:0.0137 | PART:0.0411 | PRON:0.1233 | PROPN:0.0274 | PUNCT:0.0685 | SCONJ:0.0137 | VERB:0.1096,ADJ:0.0632 | ADP:0.0737 | ADV:0.0947 | AUX:0.0632 | CCONJ:0.0316 | DET:0.0316 | NOUN:0.1789 | PART:0.0421 | PRON:0.1474 | PUNCT:0.0947 | SCONJ:0.0105 | VERB:0.1684,73,95
ADJ:0.0779 | ADP:0.0935 | ADV:0.1059 | AUX:0.0654 | CCONJ:0.0249 | DET:0.0405 | NOUN:0.1558 | NUM:0.0093 | PART:0.0249 | PRON:0.1402 | PROPN:0.0093 | PUNCT:0.0903 | SCONJ:0.0436 | VERB:0.1184,ADJ:0.0822 | ADP:0.0959 | ADV:0.0822 | AUX:0.0959 | CCONJ:0.0274 | DET:0.0274 | NOUN:0.1507 | PART:0.0548 | PRON:0.1507 | PUNCT:0.0822 | VERB:0.1507,321,73
ADP:0.1667 | ADV:0.0556 | AUX:0.0556 | DET:0.0556 | NOUN:0.2778 | PRON:0.0556 | PUNCT:0.1667 | VERB:0.1667,ADJ:0.0515 | ADP:0.0928 | ADV:0.0825 | AUX:0.0825 | CCONJ:0.0103 | DET:0.0206 | INTJ:0.0103 | NOUN:0.1134 | PART:0.0412 | PRON:0.1856 | PUNCT:0.1134 | SCONJ:0.0309 | VERB:0.1649,18,97
ADP:0.1429 | NOUN:0.1429 | PART:0.1429 | PRON:0.2857 | PUNCT:0.1429 | VERB:0.1429,ADJ:0.0700 | ADP:0.0600 | ADV:0.1200 | AUX:0.0900 | CCONJ:0.0600 | DET:0.0300 | NOUN:0.0600 | NUM:0.0100 | PART:0.0300 | PRON:0.1500 | PROPN:0.0100 | PUNCT:0.1000 | SCONJ:0.0400 | VERB:0.1700,7,100
ADJ:0.0741 | ADP:0.1481 | ADV:0.0370 | AUX:0.0741 | DET:0.0741 | NOUN:0.4444 | PUNCT:0.1111 | VERB:0.0370,ADJ:0.0781 | ADP:0.0625 | ADV:0.1250 | AUX:0.0469 | CCONJ:0.0625 | DET:0.0469 | NOUN:0.1562 | PART:0.0312 | PRON:0.0625 | PUNCT:0.2031 | SCONJ:0.0312 | VERB:0.0938,27,64
ADJ:0.0921 | ADP:0.1316 | ADV:0.0526 | AUX:0.0789 | CCONJ:0.0263 | DET:0.0658 | NOUN:0.1316 | NUM:0.0132 | PART:0.0263 | PRON:0.1579 | PROPN:0.0395 | PUNCT:0.0526 | SCONJ:0.0132 | VERB:0.1184,ADJ:0.0909 | ADP:0.0545 | ADV:0.0909 | AUX:0.0727 | DET:0.0364 | NOUN:0.1455 | PART:0.0364 | PRON:0.1818 | PUNCT:0.0727 | SCONJ:0.0364 | VERB:0.1818,76,55
ADJ:0.0270 | ADP:0.1351 | ADV:0.0405 | AUX:0.0676 | CCONJ:0.0405 | DET:0.0270 | NOUN:0.2297 | PART:0.0270 | PRON:0.0811 | PUNCT:0.1216 | SCONJ:0.0676 | VERB:0.1351,ADJ:0.0877 | ADP:0.1053 | ADV:0.0526 | AUX:0.1228 | CCONJ:0.0175 | DET:0.0526 | NOUN:0.1754 | PART:0.0526 | PRON:0.1053 | PUNCT:0.0702 | SCONJ:0.0351 | VERB:0.1228,74,57
ADJ:0.1818 | ADP:0.0455 | ADV:0.0909 | AUX:0.0455 | CCONJ:0.0455 | DET:0.1364 | NOUN:0.2273 | PUNCT:0.1818 | VERB:0.0455,ADJ:0.0429 | ADP:0.0714 | ADV:0.0571 | AUX:0.1143 | CCONJ:0.0286 | DET:0.0429 | NOUN:0.1286 | PART:0.0286 | PRON:0.2000 | PUNCT:0.0714 | SCONJ:0.0571 | VERB:0.1571,22,70
ADJ:0.1220 | ADP:0.0732 | ADV:0.0732 | AUX:0.0244 | DET:0.0976 | NOUN:0.1463 | PART:0.0732 | PRON:0.0976 | PUNCT:0.1220 | SCONJ:0.0244 | SYM:0.0244 | VERB:0.1220,ADJ:0.0986 | ADP:0.0563 | ADV:0.0845 | AUX:0.1127 | CCONJ:0.0423 | DET:0.0282 | NOUN:0.1268 | PART:0.0282 | PRON:0.1690 | PUNCT:0.0845 | SCONJ:0.0563 | VERB:0.1127,41,71
ADJ:0.1818 | ADP:0.0909 | AUX:0.0909 | DET:0.0909 | NOUN:0.0909 | PRON:0.0909 | PROPN:0.0909 | PUNCT:0.1818 | VERB:0.0909,ADJ:0.1000 | ADP:0.0333 | ADV:0.0833 | AUX:0.0833 | CCONJ:0.0500 | DET:0.0167 | NOUN:0.1333 | PART:0.0500 | PRON:0.1333 | PROPN:0.0167 | PUNCT:0.0833 | SCONJ:0.0333 | VERB:0.1833,11,60
ADJ:0.0842 | ADP:0.0842 | ADV:0.0632 | AUX:0.0737 | CCONJ:0.0579 | DET:0.0684 | NOUN:0.1211 | NUM:0.0158 | PART:0.0526 | PRON:0.1211 | PROPN:0.0158 | PUNCT:0.0895 | SCONJ:0.0211 | VERB:0.1316,ADJ:0.0449 | ADP:0.0787 | ADV:0.1011 | AUX:0.0562 | CCONJ:0.0899 | DET:0.0337 | NOUN:0.1685 | PART:0.0112 | PRON:0.1573 | PROPN:0.0112 | PUNCT:0.0899 | SCONJ:0.0337 | VERB:0.1236,190,89
ADJ:0.1000 | ADP:0.1000 | ADV:0.1000 | AUX:0.1000 | NOUN:0.5000 | PUNCT:0.1000,ADJ:0.1111 | ADP:0.0648 | ADV:0.1019 | AUX:0.0926 | CCONJ:0.0370 | DET:0.0463 | NOUN:0.1111 | NUM:0.0093 | PART:0.0278 | PRON:0.1204 | PROPN:0.0093 | PUNCT:0.0741 | SCONJ:0.0648 | VERB:0.1296,10,108
ADJ:0.0769 | ADP:0.0769 | ADV:0.0769 | NOUN:0.4615 | PRON:0.1538 | PUNCT:0.0769 | VERB:0.0769,ADJ:0.0676 | ADP:0.0541 | ADV:0.1216 | AUX:0.0405 | CCONJ:0.0405 | DET:0.0270 | NOUN:0.1351 | PART:0.0270 | PRON:0.1757 | PUNCT:0.0946 | SCONJ:0.0541 | VERB:0.1622,13,74
ADV:0.1111 | NOUN:0.5556 | PUNCT:0.1111 | SCONJ:0.1111 | VERB:0.1111,ADJ:0.0854 | ADP:0.0732 | ADV:0.1098 | AUX:0.0488 | CCONJ:0.0488 | DET:0.0366 | NOUN:0.1220 | PART:0.0610 | PRON:0.1098 | PROPN:0.0122 | PUNCT:0.0610 | SCONJ:0.0732 | VERB:0.1585,9,82
ADJ:0.0952 | ADP:0.0476 | ADV:0.0476 | AUX:0.0476 | DET:0.1429 | NOUN:0.2857 | PART:0.0952 | PRON:0.0476 | PUNCT:0.0476 | SCONJ:0.0476 | VERB:0.0952,ADJ:0.0822 | ADP:0.0548 | ADV:0.0822 | AUX:0.0959 | CCONJ:0.0411 | DET:0.0137 | NOUN:0.0959 | PRON:0.1507 | PROPN:0.0137 | PUNCT:0.1233 | SCONJ:0.0959 | VERB:0.1507,21,73
ADP:0.1515 | ADV:0.0909 | AUX:0.0303 | CCONJ:0.0303 | DET:0.0303 | NOUN:0.1818 | PART:0.0303 | PRON:0.0909 | PUNCT:0.2121 | VERB:0.1515,ADJ:0.0750 | ADP:0.0625 | ADV:0.1250 | AUX:0.0875 | CCONJ:0.0375 | DET:0.0375 | NOUN:0.1125 | PART:0.0125 | PRON:0.1875 | PUNCT:0.1000 | SCONJ:0.0500 | VERB:0.1125,33,80
ADJ:0.0556 | ADV:0.1111 | AUX:0.0556 | CCONJ:0.0556 | DET:0.1111 | NOUN:0.2778 | PART:0.0556 | PRON:0.1111 | PUNCT:0.1111 | VERB:0.0556,ADJ:0.1000 | ADP:0.0500 | ADV:0.1250 | AUX:0.0875 | CCONJ:0.0500 | DET:0.0375 | NOUN:0.0625 | PART:0.0125 | PRON:0.1875 | PROPN:0.0125 | PUNCT:0.0875 | SCONJ:0.0750 | VERB:0.1125,18,80
ADJ:0.1111 | ADP:0.0556 | ADV:0.0556 | CCONJ:0.0556 | DET:0.0556 | NOUN:0.3333 | PRON:0.1111 | PUNCT:0.0556 | VERB:0.1667,ADJ:0.0833 | ADP:0.0952 | ADV:0.0595 | AUX:0.0714 | CCONJ:0.0357 | DET:0.0119 | NOUN:0.0952 | PART:0.0476 | PRON:0.1548 | PUNCT:0.0952 | SCONJ:0.0714 | VERB:0.1786,18,84
ADV:0.0909 | CCONJ:0.1818 | NOUN:0.3636 | PRON:0.0909 | PUNCT:0.0909 | VERB:0.1818,ADJ:0.0781 | ADP:0.0938 | ADV:0.0938 | AUX:0.0625 | CCONJ:0.0469 | DET:0.0312 | NOUN:0.1094 | PART:0.0156 | PRON:0.1875 | PUNCT:0.0781 | SCONJ:0.0469 | VERB:0.1562,11,64
ADJ:0.0952 | ADP:0.0476 | ADV:0.0476 | AUX:0.0476 | NOUN:0.3333 | PART:0.0952 | PRON:0.0476 | PUNCT:0.0476 | SCONJ:0.0952 | VERB:0.1429,ADJ:0.0847 | ADP:0.0678 | ADV:0.0847 | AUX:0.0847 | DET:0.0508 | NOUN:0.0847 | PART:0.0847 | PRON:0.1695 | PUNCT:0.0847 | SCONJ:0.0508 | VERB:0.1525,21,59
ADV:0.1667 | NOUN:0.1667 | PRON:0.1667 | PUNCT:0.1667 | VERB:0.3333,ADJ:0.1023 | ADP:0.0909 | ADV:0.0682 | AUX:0.0455 | CCONJ:0.0227 | DET:0.0568 | NOUN:0.1705 | PART:0.0227 | PRON:0.1477 | PUNCT:0.0795 | SCONJ:0.0568 | VERB:0.1364,6,88
ADJ:0.0556 | ADP:0.1111 | DET:0.1111 | NOUN:0.2778 | NUM:0.0556 | PART:0.0556 | PRON:0.0556 | PUNCT:0.2222 | VERB:0.0556,ADJ:0.1034 | ADP:0.0690 | ADV:0.1149 | AUX:0.0575 | CCONJ:0.0460 | DET:0.0345 | INTJ:0.0115 | NOUN:0.1149 | PART:0.0345 | PRON:0.1264 | PUNCT:0.1149 | SCONJ:0.0230 | VERB:0.1494,18,87
ADJ:0.1111 | ADP:0.1481 | ADV:0.0370 | AUX:0.0741 | CCONJ:0.0370 | DET:0.0370 | NOUN:0.1481 | PRON:0.1111 | PROPN:0.0370 | PUNCT:0.1111 | SCONJ:0.0370 | VERB:0.1111,ADJ:0.0933 | ADP:0.0533 | ADV:0.0933 | AUX:0.0800 | CCONJ:0.0400 | DET:0.0400 | NOUN:0.1333 | PART:0.0533 | PRON:0.1467 | PUNCT:0.0533 | SCONJ:0.0533 | VERB:0.1600,27,75
ADJ:0.0455 | ADP:0.0909 | ADV:0.0682 | CCONJ:0.0455 | DET:0.0227 | NOUN:0.0909 | NUM:0.0227 | PART:0.0682 | PRON:0.1591 | PROPN:0.0682 | PUNCT:0.0909 | SCONJ:0.0227 | VERB:0.2045,ADJ:0.1304 | ADP:0.0580 | ADV:0.0725 | AUX:0.0870 | CCONJ:0.0725 | DET:0.0435 | NOUN:0.1159 | PART:0.0290 | PRON:0.1159 | PUNCT:0.0725 | SCONJ:0.0580 | VERB:0.1449,44,69
ADJ:0.1333 | ADP:0.0333 | ADV:0.1667 | AUX:0.0333 | CCONJ:0.0333 | NOUN:0.0333 | NUM:0.0333 | PART:0.0333 | PRON:0.1333 | PUNCT:0.1667 | SCONJ:0.0667 | VERB:0.1333,ADJ:0.0899 | ADP:0.0674 | ADV:0.1124 | AUX:0.0562 | CCONJ:0.0337 | DET:0.0449 | NOUN:0.1798 | PART:0.0562 | PRON:0.1011 | PUNCT:0.0787 | SCONJ:0.0562 | VERB:0.1236,30,89
ADJ:0.0500 | ADP:0.1000 | ADV:0.1000 | AUX:0.0500 | CCONJ:0.0250 | DET:0.0250 | NOUN:0.2250 | NUM:0.0250 | PRON:0.1000 | PROPN:0.0250 | PUNCT:0.1250 | SCONJ:0.0500 | VERB:0.1000,ADJ:0.1081 | ADP:0.0405 | ADV:0.1351 | AUX:0.0676 | CCONJ:0.0541 | DET:0.0135 | NOUN:0.0811 | PART:0.0270 | PRON:0.1081 | PROPN:0.0946 | PUNCT:0.0946 | SCONJ:0.0405 | VERB:0.1351,40,74
ADP:0.0882 | ADV:0.2647 | AUX:0.0294 | NOUN:0.0882 | PRON:0.1176 | PROPN:0.0588 | PUNCT:0.2941 | VERB:0.0588,ADJ:0.0820 | ADP:0.0984 | ADV:0.1639 | AUX:0.0492 | CCONJ:0.0492 | DET:0.0164 | NOUN:0.0820 | PRON:0.1639 | PROPN:0.0492 | PUNCT:0.0984 | VERB:0.1475,34,61
NOUN:0.2500 | PROPN:0.2500 | PUNCT:0.5000,ADJ:0.1111 | ADP:0.0635 | ADV:0.1429 | AUX:0.0317 | CCONJ:0.0635 | DET:0.0159 | NOUN:0.0635 | PART:0.0159 | PRON:0.1111 | PROPN:0.1270 | PUNCT:0.1270 | VERB:0.1270,4,63
ADJ:0.0460 | ADP:0.0690 | ADV:0.0805 | AUX:0.0805 | CCONJ:0.0115 | DET:0.0230 | NOUN:0.0920 | PART:0.0230 | PRON:0.1149 | PROPN:0.1264 | PUNCT:0.1839 | SCONJ:0.0460 | VERB:0.1034,ADJ:0.0964 | ADP:0.0723 | ADV:0.1446 | AUX:0.0602 | CCONJ:0.0843 | DET:0.0120 | NOUN:0.0602 | PART:0.0241 | PRON:0.1205 | PROPN:0.0843 | PUNCT:0.1446 | VERB:0.0964,87,83
ADP:0.0526 | ADV:0.1579 | AUX:0.0526 | CCONJ:0.1053 | NOUN:0.1053 | NUM:0.0526 | PRON:0.1053 | PROPN:0.1579 | PUNCT:0.1579 | VERB:0.0526,ADJ:0.1127 | ADP:0.0563 | ADV:0.1831 | AUX:0.0704 | CCONJ:0.0423 | DET:0.0282 | NOUN:0.0704 | PRON:0.1831 | PROPN:0.0141 | PUNCT:0.1127 | SCONJ:0.0141 | VERB:0.1127,19,71
ADJ:0.1207 | ADP:0.0517 | ADV:0.0517 | AUX:0.0172 | CCONJ:0.0517 | DET:0.0862 | NOUN:0.2759 | PART:0.0172 | PRON:0.0345 | PUNCT:0.1034 | SCONJ:0.0517 | VERB:0.1379,ADJ:0.0833 | ADP:0.0917 | ADV:0.0833 | AUX:0.0583 | CCONJ:0.0417 | DET:0.0167 | NOUN:0.1667 | PART:0.0333 | PRON:0.1500 | PUNCT:0.0667 | SCONJ:0.0833 | VERB:0.1250,58,120
ADJ:0.1364 | ADP:0.1136 | ADV:0.0227 | AUX:0.0227 | CCONJ:0.0455 | DET:0.0909 | NOUN:0.2273 | PART:0.0227 | PRON:0.0909 | PUNCT:0.0682 | SCONJ:0.0455 | VERB:0.1136,ADJ:0.0645 | ADP:0.1048 | ADV:0.0726 | AUX:0.0403 | CCONJ:0.0565 | DET:0.0403 | NOUN:0.1613 | PART:0.0565 | PRON:0.1452 | PUNCT:0.0565 | SCONJ:0.0565 | VERB:0.1452,44,124
ADJ:0.0739 | ADP:0.0775 | ADV:0.1297 | AUX:0.0532 | CCONJ:0.0595 | DET:0.0405 | NOUN:0.1568 | NUM:0.0045 | PART:0.0360 | PRON:0.1144 | PROPN:0.0090 | PUNCT:0.0784 | SCONJ:0.0288 | SYM:0.0009 | VERB:0.1369,ADJ:0.0423 | ADP:0.1056 | ADV:0.0915 | AUX:0.0423 | CCONJ:0.0634 | DET:0.0352 | NOUN:0.1761 | PART:0.0352 | PRON:0.1549 | PUNCT:0.0634 | SCONJ:0.0493 | VERB:0.1408,1110,142
ADJ:0.1176 | ADP:0.0588 | AUX:0.1765 | CCONJ:0.0588 | DET:0.0588 | NOUN:0.1765 | PRON:0.1765 | PUNCT:0.0588 | VERB:0.1176,ADJ:0.0654 | ADP:0.0748 | ADV:0.0841 | AUX:0.0654 | CCONJ:0.0187 | DET:0.0280 | NOUN:0.1402 | PART:0.0561 | PRON:0.1589 | PUNCT:0.0748 | SCONJ:0.0654 | VERB:0.1682,17,107
ADJ:0.0588 | ADP:0.0654 | ADV:0.1176 | AUX:0.0458 | CCONJ:0.0523 | DET:0.0261 | INTJ:0.0065 | NOUN:0.1634 | NUM:0.0131 | PART:0.0327 | PRON:0.0980 | PROPN:0.0588 | PUNCT:0.0980 | SCONJ:0.0261 | SYM:0.0131 | VERB:0.1242,ADJ:0.0909 | ADP:0.1023 | ADV:0.0909 | AUX:0.0341 | CCONJ:0.0455 | DET:0.0455 | NOUN:0.1591 | PRON:0.1364 | PROPN:0.0227 | PUNCT:0.0909 | SCONJ:0.0227 | VERB:0.1591,153,88
ADJ:0.1600 | ADP:0.0600 | ADV:0.0600 | AUX:0.0200 | CCONJ:0.0800 | DET:0.0400 | NOUN:0.1000 | PRON:0.1200 | PROPN:0.0400 | PUNCT:0.1600 | SCONJ:0.0200 | VERB:0.1400,ADJ:0.0988 | ADP:0.0741 | ADV:0.0988 | AUX:0.0247 | CCONJ:0.0370 | DET:0.0247 | NOUN:0.0864 | PART:0.0247 | PRON:0.1852 | PROPN:0.0617 | PUNCT:0.1111 | VERB:0.1728,50,81
ADJ:0.1333 | ADP:0.1000 | ADV:0.0333 | AUX:0.0333 | CCONJ:0.0333 | DET:0.0333 | NOUN:0.1000 | PART:0.0333 | PRON:0.1000 | PROPN:0.2000 | PUNCT:0.1000 | VERB:0.1000,ADJ:0.0568 | ADP:0.0795 | ADV:0.1250 | AUX:0.0795 | CCONJ:0.0341 | DET:0.0341 | NOUN:0.0795 | PART:0.0341 | PRON:0.1364 | PROPN:0.0682 | PUNCT:0.0909 | SCONJ:0.0341 | VERB:0.1477,30,88
ADP:0.1667 | ADV:0.0833 | DET:0.1667 | NOUN:0.1667 | PROPN:0.1667 | PUNCT:0.1667 | VERB:0.0833,ADJ:0.0800 | ADP:0.0900 | ADV:0.1200 | AUX:0.0400 | CCONJ:0.0200 | DET:0.0400 | NOUN:0.1200 | PART:0.0300 | PRON:0.1600 | PROPN:0.0400 | PUNCT:0.0800 | SCONJ:0.0300 | VERB:0.1500,12,100
ADJ:0.1500 | ADP:0.1000 | ADV:0.1000 | CCONJ:0.1000 | DET:0.0500 | NOUN:0.1000 | PROPN:0.1000 | PUNCT:0.1500 | VERB:0.1500,ADJ:0.1011 | ADP:0.1011 | ADV:0.0899 | AUX:0.0225 | CCONJ:0.0337 | DET:0.0449 | INTJ:0.0112 | NOUN:0.1011 | PRON:0.1236 | PROPN:0.0674 | PUNCT:0.1011 | SCONJ:0.0562 | VERB:0.1461,20,89
AUX:0.1667 | DET:0.1667 | NOUN:0.1667 | PART:0.1667 | PRON:0.1667 | PUNCT:0.1667,ADJ:0.0756 | ADP:0.0924 | ADV:0.1092 | AUX:0.0756 | CCONJ:0.0420 | DET:0.0420 | NOUN:0.2017 | PART:0.0336 | PRON:0.1092 | PUNCT:0.0840 | SCONJ:0.0504 | VERB:0.0840,6,119
ADJ:0.0625 | ADP:0.0714 | ADV:0.1339 | AUX:0.0893 | CCONJ:0.0804 | DET:0.0446 | NOUN:0.1875 | PART:0.0268 | PRON:0.0982 | PUNCT:0.0982 | SCONJ:0.0357 | VERB:0.0714,ADJ:0.1129 | ADP:0.0726 | ADV:0.0887 | AUX:0.0565 | CCONJ:0.0726 | DET:0.0323 | NOUN:0.1371 | PART:0.0806 | PRON:0.0806 | PUNCT:0.1048 | SCONJ:0.0323 | VERB:0.1290,112,124
ADJ:0.0896 | ADP:0.0149 | ADV:0.0149 | AUX:0.0597 | CCONJ:0.0299 | DET:0.0448 | INTJ:0.0149 | NOUN:0.2836 | PROPN:0.0896 | PUNCT:0.1194 | SYM:0.1940 | VERB:0.0448,ADJ:0.0702 | ADP:0.0877 | ADV:0.1228 | AUX:0.0877 | CCONJ:0.0614 | DET:0.0439 | NOUN:0.1316 | PART:0.0526 | PRON:0.1053 | PUNCT:0.0614 | SCONJ:0.0439 | VERB:0.1316,67,114
ADJ:0.0870 | ADP:0.1304 | ADV:0.0870 | AUX:0.0870 | DET:0.0435 | NOUN:0.2609 | PRON:0.0435 | PUNCT:0.2174 | VERB:0.0435,ADJ:0.0853 | ADP:0.0775 | ADV:0.1085 | AUX:0.0465 | CCONJ:0.0775 | DET:0.0388 | INTJ:0.0078 | NOUN:0.1395 | PART:0.0543 | PRON:0.0853 | PUNCT:0.0930 | SCONJ:0.0388 | VERB:0.1473,23,129
ADJ:0.0400 | ADP:0.0600 | ADV:0.1800 | AUX:0.0400 | CCONJ:0.0200 | DET:0.0400 | NOUN:0.0800 | PART:0.0400 | PRON:0.2200 | PUNCT:0.0600 | SCONJ:0.0200 | VERB:0.2000,ADJ:0.1079 | ADP:0.0935 | ADV:0.0791 | AUX:0.0647 | CCONJ:0.0360 | DET:0.0288 | NOUN:0.1367 | PART:0.0576 | PRON:0.1151 | PUNCT:0.1223 | SCONJ:0.0216 | VERB:0.1367,50,139
ADJ:0.0893 | ADP:0.0774 | ADV:0.1488 | AUX:0.0595 | CCONJ:0.0357 | DET:0.0179 | NOUN:0.1964 | PART:0.0119 | PRON:0.0952 | PROPN:0.0119 | PUNCT:0.0714 | SCONJ:0.0595 | VERB:0.1250,ADJ:0.0696 | ADP:0.0522 | ADV:0.1043 | AUX:0.0522 | CCONJ:0.0435 | DET:0.0522 | NOUN:0.2000 | PART:0.0261 | PRON:0.1217 | PUNCT:0.0783 | SCONJ:0.0522 | VERB:0.1478,168,115
ADJ:0.0635 | ADP:0.1270 | ADV:0.0952 | AUX:0.0317 | CCONJ:0.0476 | DET:0.0476 | NOUN:0.2222 | PART:0.0159 | PRON:0.1270 | PUNCT:0.0952 | SCONJ:0.0159 | VERB:0.1111,ADJ:0.0855 | ADP:0.1111 | ADV:0.1111 | AUX:0.0256 | CCONJ:0.0171 | DET:0.0427 | NOUN:0.1453 | NUM:0.0085 | PART:0.0256 | PRON:0.1368 | PUNCT:0.0684 | SCONJ:0.0598 | VERB:0.1624,63,117
ADJ:0.0690 | ADP:0.0862 | ADV:0.1466 | AUX:0.0690 | CCONJ:0.0517 | DET:0.0431 | NOUN:0.1638 | PART:0.0345 | PRON:0.0948 | PUNCT:0.0948 | SCONJ:0.0259 | VERB:0.1207,ADJ:0.0723 | ADP:0.0964 | ADV:0.1325 | AUX:0.0361 | CCONJ:0.0361 | DET:0.0422 | NOUN:0.1867 | PART:0.0482 | PRON:0.1145 | PUNCT:0.0783 | SCONJ:0.0361 | SPACE:0.0060 | VERB:0.1145,116,166
ADJ:0.0156 | ADP:0.0469 | ADV:0.1719 | AUX:0.0469 | CCONJ:0.0469 | DET:0.0312 | INTJ:0.0156 | NOUN:0.1562 | PART:0.0469 | PRON:0.0938 | PROPN:0.0625 | PUNCT:0.1094 | SCONJ:0.0312 | VERB:0.1250,ADJ:0.1098 | ADP:0.0488 | ADV:0.1220 | AUX:0.0732 | CCONJ:0.0366 | DET:0.0366 | NOUN:0.1463 | PART:0.0366 | PRON:0.1098 | PUNCT:0.0854 | SCONJ:0.0610 | VERB:0.1341,64,82
ADJ:0.0333 | ADP:0.1000 | ADV:0.1667 | AUX:0.0333 | CCONJ:0.0333 | DET:0.0333 | NOUN:0.1667 | PART:0.0667 | PRON:0.0667 | PROPN:0.0333 | PUNCT:0.1333 | SCONJ:0.0333 | VERB:0.1000,ADJ:0.1000 | ADP:0.0714 | ADV:0.1000 | AUX:0.0571 | CCONJ:0.0429 | DET:0.0429 | INTJ:0.0143 | NOUN:0.1000 | PART:0.0571 | PRON:0.1000 | PROPN:0.0286 | PUNCT:0.0857 | SCONJ:0.0143 | VERB:0.1857,30,70
ADJ:0.0833 | CCONJ:0.0833 | DET:0.0833 | PRON:0.2500 | PROPN:0.1667 | PUNCT:0.2500 | VERB:0.0833,ADJ:0.1143 | ADP:0.0857 | ADV:0.1143 | DET:0.0857 | NOUN:0.1429 | PART:0.0286 | PRON:0.1143 | PUNCT:0.1429 | VERB:0.1714,12,35
ADP:0.2000 | DET:0.2000 | NOUN:0.4000 | PUNCT:0.2000,ADJ:0.1000 | ADP:0.0667 | ADV:0.0667 | CCONJ:0.0333 | DET:0.1000 | NOUN:0.2000 | PART:0.0333 | PRON:0.1000 | PUNCT:0.1000 | VERB:0.2000,15,30
ADJ:0.2857 | CCONJ:0.1429 | NOUN:0.4286 | PUNCT:0.1429,ADJ:0.0758 | ADP:0.1061 | ADV:0.1212 | AUX:0.0606 | CCONJ:0.0455 | DET:0.0152 | NOUN:0.1667 | PART:0.0455 | PRON:0.0909 | PROPN:0.0152 | PUNCT:0.0909 | SCONJ:0.0303 | VERB:0.1364,7,66
ADJ:0.2857 | ADV:0.1429 | AUX:0.1429 | DET:0.1429 | NOUN:0.1429 | PUNCT:0.1429,ADJ:0.0659 | ADP:0.0769 | ADV:0.1209 | AUX:0.0440 | CCONJ:0.0220 | DET:0.0330 | NOUN:0.1209 | NUM:0.0110 | PART:0.0220 | PRON:0.1099 | PUNCT:0.1538 | SCONJ:0.0440 | VERB:0.1758,7,91
ADP:0.2500 | NOUN:0.2500 | PUNCT:0.2500 | VERB:0.2500,ADJ:0.0625 | ADP:0.0625 | ADV:0.0875 | AUX:0.0625 | CCONJ:0.0125 | DET:0.0250 | NOUN:0.1250 | PART:0.0750 | PRON:0.1125 | PROPN:0.0125 | PUNCT:0.1875 | SCONJ:0.0375 | VERB:0.1375,4,80
NOUN:0.6667 | PUNCT:0.3333,ADJ:0.0897 | ADP:0.0897 | ADV:0.0769 | AUX:0.0641 | CCONJ:0.0256 | DET:0.0385 | INTJ:0.0128 | NOUN:0.1282 | PART:0.0256 | PRON:0.1154 | PROPN:0.0128 | PUNCT:0.1538 | SCONJ:0.0513 | VERB:0.1154,3,78
ADJ:0.1200 | ADV:0.1200 | AUX:0.1200 | DET:0.0800 | NOUN:0.1200 | PART:0.0800 | PRON:0.0800 | PUNCT:0.1200 | SCONJ:0.0400 | VERB:0.1200,ADJ:0.1094 | ADP:0.0938 | ADV:0.1094 | AUX:0.0312 | CCONJ:0.0312 | DET:0.0781 | NOUN:0.1562 | NUM:0.0156 | PART:0.0156 | PRON:0.1094 | PROPN:0.0156 | PUNCT:0.1094 | SCONJ:0.0156 | VERB:0.1094,25,64
ADJ:0.0734 | ADP:0.0917 | ADV:0.1560 | AUX:0.0459 | CCONJ:0.0459 | DET:0.0459 | NOUN:0.1743 | NUM:0.0092 | PART:0.0092 | PRON:0.1009 | PROPN:0.0183 | PUNCT:0.0734 | SCONJ:0.0459 | VERB:0.1101,ADJ:0.0744 | ADP:0.0992 | ADV:0.0909 | AUX:0.0496 | CCONJ:0.0579 | DET:0.0579 | NOUN:0.1983 | NUM:0.0083 | PART:0.0248 | PRON:0.0909 | PUNCT:0.0744 | SCONJ:0.0496 | VERB:0.1240,109,121
ADJ:0.0909 | ADP:0.0909 | ADV:0.2045 | AUX:0.0455 | CCONJ:0.0227 | DET:0.0682 | NOUN:0.1364 | PRON:0.1364 | PUNCT:0.0682 | SCONJ:0.0455 | VERB:0.0909,ADJ:0.0948 | ADP:0.0862 | ADV:0.0948 | AUX:0.0431 | CCONJ:0.0776 | DET:0.0517 | NOUN:0.1810 | PART:0.0172 | PRON:0.1379 | PROPN:0.0086 | PUNCT:0.0776 | SCONJ:0.0086 | VERB:0.1207,44,116
ADJ:0.0519 | ADP:0.0649 | ADV:0.0909 | AUX:0.0909 | CCONJ:0.0390 | DET:0.0390 | INTJ:0.0130 | NOUN:0.1688 | PART:0.0260 | PRON:0.0909 | PROPN:0.0390 | PUNCT:0.1299 | SCONJ:0.0130 | VERB:0.1429,ADJ:0.0870 | ADP:0.1087 | ADV:0.0870 | AUX:0.0435 | CCONJ:0.0435 | DET:0.0652 | NOUN:0.2174 | PART:0.0109 | PRON:0.1413 | PUNCT:0.0978 | SCONJ:0.0326 | VERB:0.0652,77,92
ADJ:0.1500 | ADP:0.0250 | ADV:0.0750 | AUX:0.0750 | CCONJ:0.0250 | DET:0.0750 | NOUN:0.1750 | PRON:0.0500 | PROPN:0.0500 | PUNCT:0.1750 | SCONJ:0.0500 | VERB:0.0750,ADJ:0.0676 | ADP:0.0676 | ADV:0.1216 | AUX:0.0405 | CCONJ:0.0541 | DET:0.0135 | NOUN:0.0946 | PART:0.0270 | PRON:0.1486 | PROPN:0.0541 | PUNCT:0.1081 | SCONJ:0.0270 | VERB:0.1757,40,74
ADJ:0.1000 | ADP:0.1000 | ADV:0.0500 | AUX:0.1500 | CCONJ:0.0500 | PRON:0.1000 | PROPN:0.3000 | PUNCT:0.0500 | SCONJ:0.0500 | VERB:0.0500,ADJ:0.0658 | ADP:0.0921 | ADV:0.1316 | AUX:0.0263 | CCONJ:0.0395 | DET:0.0395 | NOUN:0.1184 | PART:0.0658 | PRON:0.1579 | PROPN:0.0132 | PUNCT:0.0658 | SCONJ:0.0263 | VERB:0.1579,20,76
ADJ:0.1500 | ADP:0.1000 | ADV:0.1000 | CCONJ:0.1000 | DET:0.0500 | NOUN:0.1000 | PROPN:0.1000 | PUNCT:0.1500 | VERB:0.1500,ADJ:0.0676 | ADP:0.0811 | ADV:0.0946 | CCONJ:0.0541 | DET:0.0541 | NOUN:0.1216 | PART:0.0270 | PRON:0.1351 | PROPN:0.0946 | PUNCT:0.0946 | SCONJ:0.0405 | VERB:0.1351,20,74
ADJ:0.0897 | ADP:0.0641 | ADV:0.0641 | AUX:0.0513 | CCONJ:0.0897 | DET:0.0385 | NOUN:0.1410 | NUM:0.0128 | PART:0.0385 | PRON:0.1282 | PROPN:0.0256 | PUNCT:0.1154 | SCONJ:0.0256 | VERB:0.1154,ADJ:0.0615 | ADP:0.0615 | ADV:0.1462 | AUX:0.0692 | CCONJ:0.0462 | DET:0.0462 | NOUN:0.1077 | NUM:0.0077 | PART:0.0385 | PRON:0.1615 | PUNCT:0.1154 | SCONJ:0.0154 | VERB:0.1231,78,130
ADJ:0.1724 | ADP:0.0345 | ADV:0.0690 | AUX:0.0690 | CCONJ:0.0345 | DET:0.1034 | NOUN:0.1724 | NUM:0.0345 | PART:0.0345 | PUNCT:0.1034 | SCONJ:0.0690 | VERB:0.1034,ADJ:0.0685 | ADP:0.0548 | ADV:0.1370 | AUX:0.1233 | CCONJ:0.0411 | DET:0.0411 | NOUN:0.1096 | PART:0.0685 | PRON:0.1233 | PUNCT:0.0822 | SCONJ:0.0274 | VERB:0.1233,29,73
ADJ:0.0556 | ADP:0.0556 | ADV:0.1667 | AUX:0.0278 | CCONJ:0.0278 | DET:0.0556 | INTJ:0.0278 | NOUN:0.1667 | NUM:0.0278 | PRON:0.0833 | PROPN:0.0278 | PUNCT:0.1389 | SYM:0.0278 | VERB:0.1111,ADJ:0.0886 | ADP:0.0886 | ADV:0.1646 | AUX:0.0886 | CCONJ:0.0253 | DET:0.0380 | NOUN:0.1013 | PART:0.0253 | PRON:0.1519 | PUNCT:0.0886 | SCONJ:0.0127 | VERB:0.1266,36,79
ADJ:0.0526 | ADP:0.1579 | ADV:0.1053 | CCONJ:0.0526 | DET:0.0526 | NOUN:0.2105 | PART:0.0526 | PROPN:0.0526 | PUNCT:0.1053 | VERB:0.1579,ADJ:0.0909 | ADP:0.1023 | ADV:0.1250 | AUX:0.0682 | CCONJ:0.0455 | DET:0.0341 | NOUN:0.1705 | PART:0.0455 | PRON:0.1136 | PUNCT:0.0682 | SCONJ:0.0227 | VERB:0.1136,19,88
ADJ:0.0714 | ADP:0.1786 | ADV:0.0357 | AUX:0.0357 | CCONJ:0.0357 | DET:0.0714 | NOUN:0.1786 | NUM:0.0714 | PART:0.0357 | PRON:0.1071 | PROPN:0.0357 | PUNCT:0.0357 | VERB:0.1071,ADJ:0.1053 | ADP:0.0789 | ADV:0.1184 | AUX:0.0526 | CCONJ:0.0395 | DET:0.0526 | NOUN:0.1579 | PART:0.0658 | PRON:0.0921 | PUNCT:0.1053 | VERB:0.1316,28,76
ADJ:0.0435 | ADP:0.0870 | ADV:0.0870 | CCONJ:0.1304 | DET:0.0435 | NOUN:0.2174 | PART:0.0435 | PRON:0.0870 | PUNCT:0.0870 | VERB:0.1739,ADJ:0.0833 | ADP:0.0694 | ADV:0.1250 | AUX:0.0833 | CCONJ:0.0694 | DET:0.0833 | NOUN:0.1806 | PART:0.0139 | PRON:0.0833 | PROPN:0.0139 | PUNCT:0.0972 | SCONJ:0.0139 | VERB:0.0833,23,72
ADJ:0.0476 | ADP:0.0952 | ADV:0.0952 | DET:0.0476 | NOUN:0.1905 | NUM:0.0476 | PRON:0.1429 | PUNCT:0.0476 | SCONJ:0.0952 | VERB:0.1905,ADJ:0.0465 | ADP:0.0349 | ADV:0.2558 | AUX:0.0581 | CCONJ:0.0349 | DET:0.0116 | NOUN:0.0930 | PART:0.0349 | PRON:0.1395 | PUNCT:0.1047 | SCONJ:0.0465 | VERB:0.1395,21,86
ADV:0.2000 | NOUN:0.2000 | PRON:0.2000 | PUNCT:0.2000 | VERB:0.2000,ADJ:0.0761 | ADP:0.0761 | ADV:0.1522 | AUX:0.0870 | CCONJ:0.0761 | DET:0.0326 | NOUN:0.1522 | PART:0.0543 | PRON:0.0761 | PUNCT:0.1304 | SCONJ:0.0109 | VERB:0.0761,5,92
AUX:0.1429 | PART:0.1429 | PRON:0.4286 | PUNCT:0.1429 | VERB:0.1429,ADJ:0.0652 | ADP:0.0870 | ADV:0.1413 | AUX:0.0435 | CCONJ:0.0435 | DET:0.0326 | NOUN:0.1739 | PART:0.0435 | PRON:0.1413 | PUNCT:0.0978 | SCONJ:0.0109 | VERB:0.1196,7,92
ADV:0.1429 | PRON:0.4286 | PUNCT:0.1429 | VERB:0.2857,ADJ:0.0571 | ADP:0.0714 | ADV:0.2143 | AUX:0.0714 | CCONJ:0.0143 | DET:0.0286 | NOUN:0.1143 | PART:0.0429 | PRON:0.1000 | PUNCT:0.1286 | SCONJ:0.0286 | VERB:0.1286,7,70
ADJ:0.0625 | ADP:0.0938 | ADV:0.0938 | AUX:0.0625 | CCONJ:0.0312 | DET:0.0312 | NOUN:0.1875 | PRON:0.1875 | PUNCT:0.0625 | SCONJ:0.0625 | VERB:0.1250,ADJ:0.0259 | ADP:0.0776 | ADV:0.0862 | AUX:0.0603 | CCONJ:0.0345 | DET:0.0086 | NOUN:0.0862 | PART:0.0345 | PRON:0.2328 | PROPN:0.0259 | PUNCT:0.0862 | SCONJ:0.0345 | VERB:0.2069,32,116
ADJ:0.0588 | ADV:0.1176 | AUX:0.0588 | NOUN:0.1765 | PRON:0.2353 | PROPN:0.0588 | PUNCT:0.0588 | SCONJ:0.1176 | VERB:0.1176,ADJ:0.0606 | ADP:0.1212 | ADV:0.0909 | AUX:0.0606 | CCONJ:0.0303 | DET:0.0303 | NOUN:0.0909 | PRON:0.1818 | PROPN:0.0303 | PUNCT:0.1515 | SCONJ:0.0303 | VERB:0.1212,17,33
ADP:0.0769 | ADV:0.1538 | DET:0.1538 | NOUN:0.2308 | PRON:0.0769 | PUNCT:0.1538 | VERB:0.1538,ADJ:0.0976 | ADP:0.0488 | ADV:0.1463 | AUX:0.0732 | DET:0.0488 | NOUN:0.1463 | NUM:0.0244 | PRON:0.0732 | PROPN:0.0244 | PUNCT:0.1707 | SCONJ:0.0244 | VERB:0.1220,13,41
ADV:0.2000 | CCONJ:0.0667 | NOUN:0.2000 | PART:0.0667 | PRON:0.1333 | PROPN:0.0667 | PUNCT:0.1333 | VERB:0.1333,ADJ:0.0556 | ADP:0.1111 | ADV:0.0278 | AUX:0.0556 | DET:0.0556 | NOUN:0.1111 | PART:0.0278 | PRON:0.1667 | PROPN:0.0833 | PUNCT:0.1667 | SCONJ:0.0278 | VERB:0.1111,15,36
ADJ:0.1053 | ADP:0.0526 | ADV:0.1053 | AUX:0.0526 | CCONJ:0.0526 | DET:0.1053 | NOUN:0.1579 | PRON:0.1053 | PUNCT:0.1053 | VERB:0.1579,ADJ:0.1389 | ADP:0.0556 | ADV:0.0556 | AUX:0.1111 | DET:0.0278 | NOUN:0.1389 | PART:0.0278 | PRON:0.1111 | PROPN:0.0556 | PUNCT:0.1667 | SCONJ:0.0278 | VERB:0.0833,19,36
ADV:0.2500 | NOUN:0.2500 | PRON:0.2500 | PUNCT:0.2500,ADJ:0.1538 | ADP:0.0385 | ADV:0.1154 | AUX:0.1154 | DET:0.1154 | NOUN:0.1923 | PRON:0.0385 | PROPN:0.0385 | PUNCT:0.1538 | VERB:0.0385,4,26
ADJ:0.0312 | ADP:0.0625 | ADV:0.1875 | CCONJ:0.0625 | NOUN:0.1250 | PART:0.0312 | PRON:0.1875 | PUNCT:0.0938 | SCONJ:0.0312 | VERB:0.1875,ADJ:0.0441 | ADP:0.0441 | ADV:0.2353 | AUX:0.0441 | CCONJ:0.0441 | DET:0.0147 | NOUN:0.1029 | PART:0.0441 | PRON:0.0882 | PUNCT:0.1176 | SCONJ:0.0441 | VERB:0.1765,32,68
ADJ:0.0571 | ADP:0.1714 | ADV:0.1143 | AUX:0.0143 | CCONJ:0.0429 | DET:0.0286 | NOUN:0.2286 | PART:0.0143 | PRON:0.1143 | PUNCT:0.1000 | SCONJ:0.0286 | VERB:0.0857,ADJ:0.0513 | ADP:0.0385 | ADV:0.1410 | AUX:0.0513 | CCONJ:0.0385 | DET:0.0128 | NOUN:0.1026 | PART:0.0256 | PRON:0.2179 | PUNCT:0.0897 | SCONJ:0.0385 | VERB:0.1923,70,78
ADJ:0.0345 | ADP:0.0345 | ADV:0.1552 | AUX:0.0172 | NOUN:0.1552 | PRON:0.0690 | PROPN:0.1034 | PUNCT:0.1552 | SCONJ:0.0345 | SYM:0.1552 | VERB:0.0862,ADJ:0.0714 | ADP:0.0714 | ADV:0.1250 | AUX:0.0357 | CCONJ:0.0357 | DET:0.0179 | NOUN:0.1250 | PART:0.0536 | PRON:0.1250 | PUNCT:0.0893 | SCONJ:0.0714 | VERB:0.1786,58,56
ADJ:0.1538 | ADP:0.0769 | ADV:0.1538 | CCONJ:0.0769 | NOUN:0.0769 | PRON:0.0769 | PUNCT:0.0769 | SCONJ:0.0769 | VERB:0.2308,ADJ:0.0702 | ADP:0.0702 | ADV:0.2281 | AUX:0.0175 | CCONJ:0.0351 | DET:0.0351 | NOUN:0.0877 | PART:0.0351 | PRON:0.1404 | PUNCT:0.0877 | SCONJ:0.0351 | VERB:0.1579,13,57
ADJ:0.0476 | ADP:0.0476 | ADV:0.1905 | AUX:0.0476 | DET:0.0476 | NOUN:0.1429 | PART:0.0952 | PRON:0.0952 | PUNCT:0.0952 | SCONJ:0.0476 | VERB:0.1429,ADJ:0.0571 | ADP:0.0429 | ADV:0.2286 | AUX:0.0429 | CCONJ:0.0571 | NOUN:0.0857 | PART:0.0143 | PRON:0.1714 | PUNCT:0.1286 | SCONJ:0.0143 | VERB:0.1571,21,70
ADJ:0.2250 | ADP:0.0750 | ADV:0.1250 | AUX:0.1250 | CCONJ:0.0250 | DET:0.0250 | NOUN:0.0750 | PRON:0.1250 | PROPN:0.0500 | PUNCT:0.1250 | VERB:0.0250,ADJ:0.0641 | ADP:0.1154 | ADV:0.1026 | AUX:0.0385 | CCONJ:0.0513 | DET:0.0513 | NOUN:0.1154 | PART:0.0256 | PRON:0.1410 | PROPN:0.0641 | PUNCT:0.0897 | SCONJ:0.0128 | VERB:0.1282,40,78
ADJ:0.0800 | ADP:0.0400 | ADV:0.1200 | AUX:0.0800 | CCONJ:0.0800 | NOUN:0.1600 | PRON:0.0800 | PROPN:0.1600 | PUNCT:0.0800 | VERB:0.1200,ADJ:0.0676 | ADP:0.0676 | ADV:0.1892 | AUX:0.0811 | CCONJ:0.0270 | DET:0.0270 | NOUN:0.0946 | PART:0.0270 | PRON:0.1486 | PROPN:0.0405 | PUNCT:0.1081 | SCONJ:0.0135 | VERB:0.1081,25,74
ADJ:0.0847 | ADP:0.0508 | ADV:0.1356 | AUX:0.0508 | CCONJ:0.0339 | DET:0.0169 | NOUN:0.1186 | PRON:0.1525 | PROPN:0.0508 | PUNCT:0.1356 | SCONJ:0.0339 | VERB:0.1356,ADJ:0.0789 | ADP:0.0658 | ADV:0.1184 | AUX:0.0395 | CCONJ:0.0658 | DET:0.0263 | NOUN:0.1053 | PART:0.0132 | PRON:0.1579 | PROPN:0.0658 | PUNCT:0.1184 | SCONJ:0.0263 | VERB:0.1184,59,76
ADJ:0.1000 | ADP:0.0500 | ADV:0.0500 | AUX:0.0500 | CCONJ:0.1000 | DET:0.0500 | NOUN:0.2000 | PRON:0.1000 | PUNCT:0.1000 | SCONJ:0.0500 | VERB:0.1500,ADJ:0.1132 | ADP:0.0566 | ADV:0.0943 | AUX:0.0283 | CCONJ:0.0472 | DET:0.0283 | NOUN:0.1226 | PART:0.0189 | PRON:0.1226 | PROPN:0.0755 | PUNCT:0.1604 | SCONJ:0.0283 | VERB:0.1038,20,106
ADJ:0.0909 | ADP:0.0455 | ADV:0.0909 | AUX:0.0909 | CCONJ:0.0909 | NOUN:0.1818 | NUM:0.0455 | PRON:0.0909 | PROPN:0.1364 | PUNCT:0.0455 | VERB:0.0909,ADJ:0.1333 | ADP:0.0762 | ADV:0.0857 | AUX:0.0476 | CCONJ:0.0286 | DET:0.0667 | NOUN:0.1333 | PRON:0.1238 | PROPN:0.0286 | PUNCT:0.1333 | SCONJ:0.0190 | VERB:0.1238,22,105
ADJ:0.0714 | AUX:0.0357 | CCONJ:0.0357 | DET:0.0357 | NOUN:0.1429 | PART:0.0357 | PRON:0.1429 | PROPN:0.1429 | PUNCT:0.2143 | SCONJ:0.0357 | VERB:0.1071,ADJ:0.1308 | ADP:0.0462 | ADV:0.0769 | AUX:0.0538 | CCONJ:0.0462 | DET:0.0308 | NOUN:0.1000 | PART:0.0154 | PRON:0.1308 | PROPN:0.0538 | PUNCT:0.1385 | SCONJ:0.0385 | VERB:0.1385,28,130
ADJ:0.0604 | ADP:0.1074 | ADV:0.0805 | AUX:0.0336 | CCONJ:0.0403 | DET:0.0537 | NOUN:0.2416 | PART:0.0067 | PRON:0.0805 | PROPN:0.0872 | PUNCT:0.1074 | SCONJ:0.0067 | SYM:0.0201 | VERB:0.0738,ADJ:0.0840 | ADP:0.1069 | ADV:0.0916 | AUX:0.0458 | CCONJ:0.0305 | DET:0.0305 | NOUN:0.1374 | PART:0.0153 | PRON:0.1145 | PROPN:0.0382 | PUNCT:0.1450 | SCONJ:0.0229 | SPACE:0.0076 | VERB:0.1298,149,131
ADJ:0.0933 | ADP:0.0978 | ADV:0.1111 | AUX:0.0667 | CCONJ:0.0622 | DET:0.0311 | INTJ:0.0044 | NOUN:0.1156 | NUM:0.0089 | PART:0.0222 | PRON:0.0889 | PROPN:0.0800 | PUNCT:0.1244 | SCONJ:0.0133 | VERB:0.0800,ADJ:0.1081 | ADP:0.0360 | ADV:0.0631 | AUX:0.0270 | CCONJ:0.0450 | DET:0.0360 | NOUN:0.1892 | PRON:0.1351 | PROPN:0.0360 | PUNCT:0.1622 | SCONJ:0.0180 | SYM:0.0090 | VERB:0.1351,225,111
ADP:0.1111 | ADV:0.3333 | AUX:0.1111 | NOUN:0.1111 | PROPN:0.1111 | PUNCT:0.1111 | VERB:0.1111,ADJ:0.1707 | ADP:0.0732 | ADV:0.0488 | AUX:0.0976 | CCONJ:0.0488 | DET:0.0244 | NOUN:0.0976 | PART:0.0244 | PRON:0.1220 | PROPN:0.0244 | PUNCT:0.1220 | SCONJ:0.0488 | VERB:0.0976,9,41
ADJ:0.1333 | ADV:0.0667 | AUX:0.1333 | NOUN:0.0667 | PRON:0.2000 | PROPN:0.0667 | PUNCT:0.2000 | SCONJ:0.0667 | VERB:0.0667,ADJ:0.0964 | ADP:0.0723 | ADV:0.0602 | AUX:0.0482 | CCONJ:0.0602 | DET:0.0361 | NOUN:0.2169 | PART:0.0361 | PRON:0.0964 | PUNCT:0.1325 | SCONJ:0.0120 | VERB:0.1325,15,83
ADJ:0.0379 | ADP:0.1136 | ADV:0.0833 | AUX:0.0455 | CCONJ:0.0682 | DET:0.0076 | NOUN:0.2273 | NUM:0.0076 | PART:0.0303 | PRON:0.0758 | PROPN:0.0227 | PUNCT:0.1894 | SCONJ:0.0076 | VERB:0.0833,ADJ:0.0706 | ADP:0.0706 | ADV:0.1176 | AUX:0.0353 | CCONJ:0.0706 | DET:0.0353 | NOUN:0.2000 | PART:0.0588 | PRON:0.1059 | PUNCT:0.0941 | SCONJ:0.0353 | VERB:0.1059,132,85
ADJ:0.0833 | ADP:0.0833 | ADV:0.1667 | NOUN:0.3333 | PUNCT:0.3333,ADJ:0.0800 | ADP:0.0400 | ADV:0.1333 | AUX:0.0533 | CCONJ:0.0800 | DET:0.0533 | NOUN:0.2133 | PART:0.0267 | PRON:0.0400 | PUNCT:0.1467 | SCONJ:0.0267 | VERB:0.1067,12,75
ADJ:0.2857 | ADV:0.2857 | AUX:0.1429 | NOUN:0.1429 | PUNCT:0.1429,ADJ:0.1299 | ADP:0.0390 | ADV:0.1429 | AUX:0.0519 | CCONJ:0.0519 | DET:0.0130 | NOUN:0.1429 | PART:0.0519 | PRON:0.1169 | PUNCT:0.1169 | VERB:0.1429,7,77
ADP:0.0667 | ADV:0.4000 | AUX:0.0667 | CCONJ:0.0667 | NOUN:0.1333 | PUNCT:0.1333 | VERB:0.1333,ADJ:0.1447 | ADP:0.0789 | ADV:0.1053 | AUX:0.0263 | CCONJ:0.0658 | DET:0.0526 | NOUN:0.1447 | PART:0.0132 | PRON:0.0658 | PROPN:0.0132 | PUNCT:0.1184 | SCONJ:0.0263 | VERB:0.1447,15,76
ADP:0.0385 | ADV:0.1923 | AUX:0.0769 | DET:0.0385 | NOUN:0.1154 | PRON:0.1923 | PUNCT:0.0769 | SCONJ:0.0769 | VERB:0.1923,ADJ:0.0280 | ADP:0.1402 | ADV:0.0841 | AUX:0.0280 | CCONJ:0.0374 | DET:0.0093 | INTJ:0.0093 | NOUN:0.2056 | PART:0.0280 | PRON:0.1495 | PUNCT:0.0935 | SCONJ:0.0467 | VERB:0.1402,26,107
ADJ:0.0833 | ADP:0.1096 | ADV:0.0570 | AUX:0.0351 | CCONJ:0.0526 | DET:0.0482 | NOUN:0.2544 | NUM:0.0044 | PART:0.0132 | PRON:0.0789 | PROPN:0.0044 | PUNCT:0.0965 | SCONJ:0.0395 | VERB:0.1228,ADJ:0.0737 | ADP:0.0947 | ADV:0.1579 | AUX:0.0421 | CCONJ:0.0105 | DET:0.0211 | INTJ:0.0105 | NOUN:0.1053 | PART:0.0316 | PRON:0.1474 | PROPN:0.0105 | PUNCT:0.1263 | SCONJ:0.0105 | VERB:0.1579,228,95
ADJ:0.0556 | ADP:0.0278 | ADV:0.0833 | AUX:0.0278 | CCONJ:0.1111 | INTJ:0.0278 | NOUN:0.1667 | PRON:0.1944 | PROPN:0.0278 | PUNCT:0.1111 | VERB:0.1667,ADJ:0.0256 | ADP:0.0769 | ADV:0.1154 | AUX:0.0385 | CCONJ:0.0385 | DET:0.0385 | INTJ:0.0128 | NOUN:0.1795 | PART:0.0385 | PRON:0.1410 | PUNCT:0.1026 | SCONJ:0.0256 | VERB:0.1667,36,78
ADV:0.1250 | AUX:0.0625 | INTJ:0.0625 | NOUN:0.0625 | NUM:0.0625 | PRON:0.2500 | PUNCT:0.1875 | SCONJ:0.0625 | VERB:0.1250,ADJ:0.0536 | ADP:0.0536 | ADV:0.1250 | AUX:0.0893 | CCONJ:0.0179 | DET:0.0179 | INTJ:0.0089 | NOUN:0.1071 | PART:0.0446 | PRON:0.1875 | PROPN:0.0089 | PUNCT:0.0893 | SCONJ:0.0357 | VERB:0.1607,16,112
ADP:0.0556 | AUX:0.0556 | CCONJ:0.0556 | NOUN:0.3333 | PRON:0.0556 | PROPN:0.0556 | PUNCT:0.0556 | SYM:0.2222 | VERB:0.1111,ADJ:0.0230 | ADP:0.1034 | ADV:0.1034 | AUX:0.0690 | CCONJ:0.0575 | DET:0.0115 | INTJ:0.0115 | NOUN:0.1609 | PRON:0.1724 | PROPN:0.0115 | PUNCT:0.1264 | SCONJ:0.0115 | VERB:0.1379,18,87
ADJ:0.0571 | ADP:0.0857 | ADV:0.0571 | AUX:0.0857 | DET:0.0286 | NOUN:0.1714 | PART:0.0857 | PRON:0.1714 | PUNCT:0.0857 | SCONJ:0.0571 | VERB:0.1143,ADJ:0.0956 | ADP:0.0735 | ADV:0.0882 | AUX:0.0147 | CCONJ:0.0294 | DET:0.0515 | NOUN:0.1691 | PART:0.0294 | PRON:0.1397 | PROPN:0.0074 | PUNCT:0.1029 | SCONJ:0.0441 | VERB:0.1544,35,136
ADJ:0.0250 | ADP:0.0917 | ADV:0.0667 | AUX:0.0833 | CCONJ:0.0250 | DET:0.0667 | INTJ:0.0083 | NOUN:0.2250 | PART:0.0333 | PRON:0.0500 | PROPN:0.0750 | PUNCT:0.1000 | SCONJ:0.0667 | VERB:0.0833,ADJ:0.0746 | ADP:0.1119 | ADV:0.0896 | AUX:0.0672 | CCONJ:0.0075 | DET:0.0448 | NOUN:0.1493 | NUM:0.0075 | PART:0.0224 | PRON:0.1418 | PROPN:0.0075 | PUNCT:0.1045 | SCONJ:0.0448 | VERB:0.1269,120,134
ADJ:0.0859 | ADP:0.1162 | ADV:0.0556 | AUX:0.0152 | CCONJ:0.0606 | DET:0.0556 | NOUN:0.2626 | PART:0.0152 | PRON:0.0455 | PROPN:0.0505 | PUNCT:0.1364 | SCONJ:0.0101 | VERB:0.0909,ADJ:0.0775 | ADP:0.0853 | ADV:0.0698 | AUX:0.0543 | CCONJ:0.0620 | DET:0.0465 | NOUN:0.1705 | PART:0.0310 | PRON:0.1240 | PROPN:0.0078 | PUNCT:0.0930 | SCONJ:0.0465 | VERB:0.1318,198,129
ADJ:0.0976 | ADP:0.0650 | ADV:0.0732 | AUX:0.0569 | CCONJ:0.0488 | DET:0.0407 | NOUN:0.1057 | PART:0.0325 | PRON:0.1707 | PUNCT:0.1057 | SCONJ:0.0650 | VERB:0.1382,ADJ:0.0846 | ADP:0.0769 | ADV:0.1231 | AUX:0.0692 | CCONJ:0.0077 | DET:0.0385 | INTJ:0.0077 | NOUN:0.1615 | PART:0.0385 | PRON:0.1308 | PROPN:0.0077 | PUNCT:0.1077 | SCONJ:0.0385 | VERB:0.1077,123,130
ADJ:0.1250 | ADP:0.0625 | DET:0.0625 | NOUN:0.1250 | PART:0.1250 | PRON:0.0625 | PUNCT:0.1875 | SCONJ:0.0625 | VERB:0.1875,ADJ:0.0878 | ADP:0.1081 | ADV:0.0811 | AUX:0.0676 | CCONJ:0.0405 | DET:0.0608 | NOUN:0.1554 | NUM:0.0135 | PART:0.0270 | PRON:0.1216 | PROPN:0.0068 | PUNCT:0.0743 | SCONJ:0.0338 | VERB:0.1216,16,148
ADJ:0.1071 | ADP:0.0833 | ADV:0.0833 | AUX:0.0476 | DET:0.0476 | NOUN:0.3095 | PART:0.0238 | PRON:0.0476 | PUNCT:0.0833 | SCONJ:0.0238 | SYM:0.0595 | VERB:0.0833,ADJ:0.0778 | ADP:0.1000 | ADV:0.0778 | AUX:0.0444 | CCONJ:0.0556 | DET:0.0222 | NOUN:0.1333 | PART:0.0333 | PRON:0.1333 | PROPN:0.0222 | PUNCT:0.0778 | SCONJ:0.0556 | VERB:0.1667,84,90
ADJ:0.0435 | ADP:0.0145 | ADV:0.1594 | AUX:0.0145 | CCONJ:0.0290 | DET:0.0870 | NOUN:0.2754 | NUM:0.0290 | PART:0.0145 | PRON:0.0580 | PROPN:0.0290 | PUNCT:0.0725 | SCONJ:0.0145 | SYM:0.1014 | VERB:0.0580,ADJ:0.0886 | ADP:0.1013 | ADV:0.0633 | AUX:0.0253 | CCONJ:0.0506 | DET:0.0253 | NOUN:0.1519 | PART:0.0759 | PRON:0.1013 | PROPN:0.0127 | PUNCT:0.0886 | SCONJ:0.0253 | VERB:0.1899,69,79
ADJ:0.0909 | ADP:0.0909 | AUX:0.0909 | CCONJ:0.0455 | DET:0.1364 | INTJ:0.0455 | NOUN:0.2273 | PROPN:0.0455 | PUNCT:0.1818 | VERB:0.0455,ADJ:0.0625 | ADP:0.0875 | ADV:0.1250 | AUX:0.0500 | CCONJ:0.0500 | DET:0.0500 | NOUN:0.1250 | PART:0.0250 | PRON:0.1625 | PUNCT:0.0875 | SCONJ:0.0375 | VERB:0.1375,22,80
ADP:0.1000 | ADV:0.1000 | AUX:0.1000 | PART:0.1000 | PRON:0.1000 | PUNCT:0.1000 | SCONJ:0.1000 | VERB:0.3000,ADJ:0.0795 | ADP:0.0795 | ADV:0.1023 | AUX:0.0682 | CCONJ:0.0455 | DET:0.0455 | NOUN:0.1591 | PART:0.0341 | PRON:0.1250 | PUNCT:0.0682 | SCONJ:0.0455 | VERB:0.1477,10,88
ADJ:0.0909 | ADP:0.0909 | ADV:0.0455 | AUX:0.1818 | CCONJ:0.0455 | DET:0.0455 | NOUN:0.2273 | PART:0.0909 | PROPN:0.0455 | PUNCT:0.0909 | SCONJ:0.0455,ADJ:0.1158 | ADP:0.0842 | ADV:0.1053 | AUX:0.0632 | CCONJ:0.0526 | DET:0.0526 | NOUN:0.1474 | PART:0.0316 | PRON:0.0947 | PROPN:0.0105 | PUNCT:0.0737 | SCONJ:0.0526 | VERB:0.1158,22,95
ADJ:0.1538 | ADP:0.1538 | AUX:0.0769 | DET:0.0769 | NOUN:0.2308 | PRON:0.0769 | PUNCT:0.0769 | SCONJ:0.0769 | VERB:0.0769,ADJ:0.0571 | ADP:0.0571 | ADV:0.1286 | AUX:0.0571 | CCONJ:0.0571 | DET:0.0286 | NOUN:0.0714 | PART:0.0429 | PRON:0.2000 | PUNCT:0.1000 | SCONJ:0.0429 | VERB:0.1571,13,70
ADJ:0.0392 | ADP:0.0719 | ADV:0.1046 | AUX:0.0458 | CCONJ:0.0196 | DET:0.0392 | NOUN:0.1373 | NUM:0.0065 | PART:0.0327 | PRON:0.1438 | PROPN:0.0196 | PUNCT:0.1176 | SCONJ:0.0654 | VERB:0.1569,ADJ:0.0678 | ADP:0.0508 | ADV:0.1017 | AUX:0.1017 | CCONJ:0.0678 | DET:0.0169 | INTJ:0.0169 | NOUN:0.0847 | PART:0.0339 | PRON:0.1356 | PUNCT:0.1017 | SCONJ:0.0847 | VERB:0.1356,153,59
ADJ:0.0385 | ADP:0.1154 | ADV:0.0769 | AUX:0.0769 | NOUN:0.2692 | PRON:0.1154 | PROPN:0.0385 | PUNCT:0.1154 | SCONJ:0.0385 | VERB:0.1154,ADJ:0.0778 | ADP:0.0444 | ADV:0.1556 | AUX:0.0444 | CCONJ:0.0667 | DET:0.0111 | NOUN:0.1333 | PART:0.0556 | PRON:0.1222 | PUNCT:0.1000 | SCONJ:0.0333 | VERB:0.1556,26,90
ADJ:0.0976 | ADP:0.1220 | ADV:0.0488 | AUX:0.0244 | CCONJ:0.0244 | DET:0.0244 | NOUN:0.2195 | PART:0.0976 | PRON:0.0244 | PROPN:0.0244 | PUNCT:0.0976 | SCONJ:0.0244 | VERB:0.1707,ADJ:0.0566 | ADP:0.0377 | ADV:0.1132 | AUX:0.0755 | CCONJ:0.0189 | DET:0.0189 | INTJ:0.0189 | NOUN:0.0943 | PART:0.0377 | PRON:0.1698 | PUNCT:0.0755 | SCONJ:0.1132 | VERB:0.1698,41,53
ADJ:0.1124 | ADP:0.0562 | ADV:0.0393 | AUX:0.0674 | CCONJ:0.0674 | DET:0.0393 | INTJ:0.0056 | NOUN:0.2303 | PART:0.0112 | PRON:0.0730 | PROPN:0.0393 | PUNCT:0.1573 | SCONJ:0.0056 | VERB:0.0955,ADJ:0.0825 | ADP:0.0825 | ADV:0.1443 | AUX:0.0412 | CCONJ:0.0619 | DET:0.0412 | NOUN:0.1649 | PART:0.0206 | PRON:0.1340 | PROPN:0.0103 | PUNCT:0.0928 | SCONJ:0.0103 | VERB:0.1134,178,97
ADJ:0.1389 | ADP:0.0625 | ADV:0.0833 | AUX:0.0556 | CCONJ:0.0417 | DET:0.0625 | NOUN:0.1597 | PART:0.0625 | PRON:0.0764 | PROPN:0.0139 | PUNCT:0.0833 | SCONJ:0.0486 | VERB:0.1111,ADJ:0.0597 | ADP:0.0746 | ADV:0.1194 | AUX:0.0299 | CCONJ:0.0597 | DET:0.0299 | NOUN:0.2090 | PRON:0.1343 | PROPN:0.0299 | PUNCT:0.1194 | SCONJ:0.0299 | VERB:0.1045,144,67
ADJ:0.0476 | ADP:0.0952 | DET:0.0476 | NOUN:0.2381 | PART:0.0476 | PRON:0.0952 | PUNCT:0.0952 | SCONJ:0.0476 | SYM:0.0952 | VERB:0.1905,ADJ:0.0208 | ADP:0.0833 | ADV:0.0833 | AUX:0.0625 | DET:0.0625 | NOUN:0.1250 | PART:0.0208 | PRON:0.1458 | PROPN:0.0208 | PUNCT:0.1458 | SCONJ:0.0417 | VERB:0.1875,21,48
ADJ:0.0833 | ADP:0.0833 | ADV:0.0833 | AUX:0.0417 | CCONJ:0.0417 | DET:0.0833 | NOUN:0.1667 | PRON:0.1250 | PUNCT:0.1667 | VERB:0.1250,ADJ:0.0957 | ADP:0.0638 | ADV:0.1064 | AUX:0.1064 | CCONJ:0.0745 | DET:0.0532 | NOUN:0.1170 | PART:0.0213 | PRON:0.1489 | PUNCT:0.0957 | SCONJ:0.0319 | VERB:0.0851,24,94
ADJ:0.1667 | INTJ:0.1667 | PRON:0.1667 | PUNCT:0.3333 | VERB:0.1667,ADJ:0.1170 | ADP:0.0851 | ADV:0.0957 | AUX:0.0638 | CCONJ:0.0532 | DET:0.0426 | NOUN:0.1915 | NUM:0.0106 | PART:0.0426 | PRON:0.0532 | PROPN:0.0106 | PUNCT:0.0851 | SCONJ:0.0213 | VERB:0.1277,6,94
ADJ:0.0303 | ADP:0.0606 | ADV:0.1818 | AUX:0.0303 | DET:0.0606 | NOUN:0.1212 | PART:0.0606 | PRON:0.2121 | PUNCT:0.0606 | SCONJ:0.0303 | VERB:0.1515,ADJ:0.1000 | ADP:0.0727 | ADV:0.1091 | AUX:0.0818 | CCONJ:0.0455 | DET:0.0364 | NOUN:0.1273 | NUM:0.0091 | PART:0.0091 | PRON:0.1364 | PUNCT:0.1364 | SCONJ:0.0273 | VERB:0.1091,33,110
ADJ:0.0833 | ADP:0.0833 | ADV:0.0833 | DET:0.0833 | NOUN:0.1667 | PART:0.0833 | PRON:0.0833 | PUNCT:0.0833 | SCONJ:0.0833 | VERB:0.1667,ADJ:0.0800 | ADP:0.0600 | ADV:0.0800 | AUX:0.0400 | CCONJ:0.0600 | DET:0.0800 | INTJ:0.0200 | NOUN:0.2000 | PRON:0.1200 | PUNCT:0.1000 | SCONJ:0.0400 | VERB:0.1200,12,50
ADP:0.0968 | ADV:0.1613 | DET:0.0645 | NOUN:0.2581 | PART:0.0323 | PRON:0.1290 | PUNCT:0.0968 | VERB:0.1613,ADJ:0.0536 | ADP:0.1071 | ADV:0.1250 | AUX:0.0357 | CCONJ:0.0357 | DET:0.0357 | INTJ:0.0179 | NOUN:0.1964 | PART:0.0179 | PRON:0.1250 | PUNCT:0.1071 | SCONJ:0.0179 | VERB:0.1250,31,56
ADJ:0.1429 | NOUN:0.2857 | PROPN:0.1429 | PUNCT:0.4286,ADJ:0.1062 | ADP:0.0796 | ADV:0.1239 | AUX:0.0796 | CCONJ:0.0177 | DET:0.0265 | NOUN:0.1681 | PART:0.0354 | PRON:0.0973 | PROPN:0.0265 | PUNCT:0.1062 | SCONJ:0.0177 | VERB:0.1150,7,113
ADJ:0.1000 | ADP:0.1000 | DET:0.1000 | NOUN:0.3000 | PROPN:0.1000 | PUNCT:0.1000 | VERB:0.2000,ADJ:0.0962 | ADP:0.0769 | ADV:0.1058 | AUX:0.0769 | CCONJ:0.0385 | DET:0.0192 | NOUN:0.1538 | PART:0.0192 | PRON:0.1346 | PROPN:0.0288 | PUNCT:0.0962 | SCONJ:0.0288 | VERB:0.1250,10,104
ADJ:0.1250 | ADP:0.1250 | CCONJ:0.0625 | DET:0.1250 | NOUN:0.3750 | PRON:0.0625 | PUNCT:0.0625 | VERB:0.0625,ADJ:0.0978 | ADP:0.0761 | ADV:0.0761 | AUX:0.0870 | CCONJ:0.0109 | DET:0.0435 | NOUN:0.1304 | PART:0.0543 | PRON:0.1087 | PROPN:0.0326 | PUNCT:0.1087 | SCONJ:0.0217 | VERB:0.1522,16,92
ADJ:0.1000 | ADP:0.1000 | ADV:0.0500 | AUX:0.1000 | NOUN:0.2000 | PART:0.1000 | PROPN:0.1000 | PUNCT:0.1500 | VERB:0.1000,ADJ:0.1087 | ADP:0.0652 | ADV:0.1087 | AUX:0.0978 | CCONJ:0.0761 | DET:0.0326 | INTJ:0.0109 | NOUN:0.1630 | NUM:0.0109 | PART:0.0109 | PRON:0.0870 | PUNCT:0.1304 | SCONJ:0.0109 | VERB:0.0870,20,92
ADP:0.0769 | ADV:0.1538 | AUX:0.0769 | DET:0.0769 | NOUN:0.0769 | PRON:0.2308 | PUNCT:0.1538 | VERB:0.1538,ADJ:0.0816 | ADP:0.0714 | ADV:0.1633 | AUX:0.1224 | CCONJ:0.0510 | DET:0.0306 | INTJ:0.0102 | NOUN:0.1224 | PART:0.0102 | PRON:0.1122 | PROPN:0.0102 | PUNCT:0.1327 | SCONJ:0.0102 | VERB:0.0714,13,98
ADJ:0.0973 | ADP:0.0442 | ADV:0.1416 | AUX:0.0885 | CCONJ:0.0531 | DET:0.0177 | NOUN:0.1593 | PART:0.0177 | PRON:0.1416 | PUNCT:0.1150 | SCONJ:0.0265 | VERB:0.0973,ADJ:0.0753 | ADP:0.0753 | ADV:0.1075 | AUX:0.1183 | CCONJ:0.0753 | DET:0.0323 | INTJ:0.0108 | NOUN:0.1505 | PART:0.0108 | PRON:0.1075 | PUNCT:0.1075 | SCONJ:0.0215 | VERB:0.1075,113,93
ADJ:0.0789 | ADP:0.0614 | ADV:0.1140 | AUX:0.0789 | CCONJ:0.0526 | DET:0.0088 | NOUN:0.1491 | NUM:0.0088 | PART:0.0175 | PRON:0.1404 | PROPN:0.0263 | PUNCT:0.1053 | SCONJ:0.0439 | SYM:0.0351 | VERB:0.0789,ADJ:0.0864 | ADP:0.0617 | ADV:0.0864 | AUX:0.1481 | CCONJ:0.0741 | DET:0.0247 | INTJ:0.0123 | NOUN:0.1235 | PRON:0.0988 | PROPN:0.0123 | PUNCT:0.1481 | SCONJ:0.0247 | VERB:0.0988,114,81
ADJ:0.0652 | ADP:0.0870 | ADV:0.0870 | AUX:0.0435 | CCONJ:0.0435 | DET:0.0435 | NOUN:0.1304 | NUM:0.0217 | PART:0.0435 | PRON:0.1087 | PROPN:0.0435 | PUNCT:0.1304 | SCONJ:0.0652 | VERB:0.0870,ADJ:0.0889 | ADP:0.0889 | ADV:0.0667 | AUX:0.0889 | CCONJ:0.0556 | DET:0.0111 | NOUN:0.1444 | NUM:0.0111 | PART:0.0111 | PRON:0.1444 | PROPN:0.0222 | PUNCT:0.1222 | SCONJ:0.0222 | VERB:0.1222,46,90
ADJ:0.0492 | ADP:0.0820 | ADV:0.0820 | AUX:0.0492 | CCONJ:0.0656 | DET:0.0492 | NOUN:0.1803 | PART:0.0492 | PRON:0.1148 | PROPN:0.0656 | PUNCT:0.0820 | SCONJ:0.0164 | SYM:0.0164 | VERB:0.0984,ADJ:0.0769 | ADP:0.0481 | ADV:0.1635 | AUX:0.0769 | CCONJ:0.0481 | DET:0.0385 | NOUN:0.0865 | PART:0.0385 | PRON:0.1346 | PROPN:0.0385 | PUNCT:0.0769 | SCONJ:0.0288 | VERB:0.1442,61,104
ADJ:0.5000 | NOUN:0.5000,ADJ:0.1264 | ADP:0.0460 | ADV:0.1379 | AUX:0.1034 | CCONJ:0.0460 | DET:0.0345 | NOUN:0.0920 | PART:0.0230 | PRON:0.1149 | PROPN:0.0230 | PUNCT:0.1034 | SCONJ:0.0345 | VERB:0.1149,2,87
ADJ:0.0408 | ADP:0.1020 | ADV:0.1224 | CCONJ:0.0204 | DET:0.0408 | NOUN:0.1837 | PART:0.0204 | PRON:0.0816 | PROPN:0.0816 | PUNCT:0.1633 | SCONJ:0.0204 | VERB:0.1224,ADJ:0.0964 | ADP:0.0964 | ADV:0.1325 | AUX:0.0843 | CCONJ:0.0361 | DET:0.0602 | NOUN:0.1325 | PART:0.0120 | PRON:0.1084 | PROPN:0.0241 | PUNCT:0.1205 | SCONJ:0.0120 | VERB:0.0843,49,83
ADP:0.0909 | ADV:0.1818 | AUX:0.0909 | CCONJ:0.0909 | NUM:0.0909 | PART:0.0909 | PRON:0.1818 | PROPN:0.0909 | VERB:0.0909,ADJ:0.0855 | ADP:0.0684 | ADV:0.1368 | AUX:0.1197 | CCONJ:0.0342 | DET:0.0342 | NOUN:0.0855 | PART:0.0256 | PRON:0.1282 | PROPN:0.0427 | PUNCT:0.0769 | SCONJ:0.0513 | VERB:0.1111,11,117
NOUN:0.1429 | PROPN:0.4286 | PUNCT:0.4286,ADJ:0.1087 | ADP:0.0435 | ADV:0.1087 | AUX:0.0435 | CCONJ:0.0652 | DET:0.0217 | NOUN:0.0652 | PART:0.0435 | PRON:0.1304 | PROPN:0.0652 | PUNCT:0.0652 | SCONJ:0.1087 | VERB:0.1304,7,46
ADJ:0.0476 | ADP:0.0476 | ADV:0.0476 | CCONJ:0.0476 | NOUN:0.1429 | PRON:0.1429 | PROPN:0.1429 | PUNCT:0.2857 | VERB:0.0952,ADJ:0.0469 | ADP:0.1094 | ADV:0.1719 | AUX:0.0625 | CCONJ:0.0469 | INTJ:0.0156 | NOUN:0.0625 | PART:0.0312 | PRON:0.1406 | PROPN:0.0625 | PUNCT:0.0938 | SCONJ:0.0312 | VERB:0.1250,21,64
ADJ:0.0400 | ADP:0.0400 | ADV:0.1600 | CCONJ:0.0400 | INTJ:0.0400 | PRON:0.2000 | PROPN:0.0400 | PUNCT:0.2000 | SCONJ:0.0400 | VERB:0.2000,ADJ:0.0714 | ADP:0.0571 | ADV:0.1286 | AUX:0.0857 | CCONJ:0.0429 | DET:0.0429 | NOUN:0.1286 | PART:0.0429 | PRON:0.0857 | PROPN:0.0571 | PUNCT:0.1000 | SCONJ:0.0429 | VERB:0.1143,25,70
ADV:0.2000 | AUX:0.2000 | NOUN:0.2000 | PUNCT:0.2000 | VERB:0.2000,ADJ:0.1205 | ADP:0.0843 | ADV:0.1205 | AUX:0.0482 | CCONJ:0.0361 | DET:0.0361 | NOUN:0.1928 | PART:0.0120 | PRON:0.0723 | PROPN:0.0361 | PUNCT:0.1084 | SCONJ:0.0241 | VERB:0.1084,5,83
ADJ:0.1569 | ADP:0.1373 | ADV:0.0196 | AUX:0.0980 | CCONJ:0.0588 | NOUN:0.1765 | PRON:0.1176 | PROPN:0.0392 | PUNCT:0.0588 | SCONJ:0.0196 | VERB:0.1176,ADJ:0.1333 | ADP:0.1000 | ADV:0.1333 | AUX:0.1000 | CCONJ:0.0333 | DET:0.0667 | NOUN:0.1667 | PRON:0.0667 | PROPN:0.0500 | PUNCT:0.1000 | VERB:0.0500,51,60
ADJ:0.0448 | ADP:0.0149 | ADV:0.0149 | CCONJ:0.0597 | NOUN:0.3134 | NUM:0.0896 | PART:0.0149 | PROPN:0.0448 | PUNCT:0.3433 | SYM:0.0149 | VERB:0.0448,ADJ:0.1528 | ADP:0.0556 | ADV:0.1111 | AUX:0.0833 | CCONJ:0.0278 | DET:0.0694 | NOUN:0.1806 | PRON:0.0972 | PUNCT:0.0972 | SCONJ:0.0139 | SPACE:0.0139 | VERB:0.0972,67,72
ADJ:0.0936 | ADP:0.1137 | ADV:0.0535 | AUX:0.0100 | CCONJ:0.0635 | DET:0.0334 | NOUN:0.2776 | NUM:0.0067 | PART:0.0033 | PRON:0.0535 | PROPN:0.0602 | PUNCT:0.1538 | SCONJ:0.0033 | VERB:0.0736,ADJ:0.1154 | ADP:0.0769 | ADV:0.1154 | AUX:0.1026 | CCONJ:0.0128 | DET:0.0128 | NOUN:0.1026 | PART:0.0385 | PRON:0.0769 | PROPN:0.0385 | PUNCT:0.1795 | SCONJ:0.0128 | VERB:0.1154,299,78
ADJ:0.0323 | ADP:0.0645 | ADV:0.1290 | AUX:0.0323 | NOUN:0.0968 | PART:0.0323 | PRON:0.1935 | PROPN:0.0323 | PUNCT:0.1935 | VERB:0.1935,ADJ:0.0435 | ADP:0.0725 | ADV:0.1014 | AUX:0.0290 | CCONJ:0.0145 | DET:0.0725 | NOUN:0.1449 | PRON:0.1304 | PROPN:0.0580 | PUNCT:0.1159 | SCONJ:0.0580 | VERB:0.1594,31,69
ADV:0.1053 | AUX:0.0526 | DET:0.0526 | NOUN:0.2105 | PRON:0.2105 | PUNCT:0.1053 | SCONJ:0.0526 | VERB:0.2105,ADJ:0.0714 | ADP:0.1286 | ADV:0.1000 | AUX:0.0571 | CCONJ:0.0429 | INTJ:0.0143 | NOUN:0.2286 | PART:0.0286 | PRON:0.1143 | PUNCT:0.1000 | SCONJ:0.0143 | VERB:0.1000,19,70
ADJ:0.0577 | ADP:0.0962 | ADV:0.1538 | AUX:0.0577 | CCONJ:0.0577 | DET:0.0192 | NOUN:0.1346 | PART:0.0385 | PRON:0.1346 | PROPN:0.0192 | PUNCT:0.0962 | SCONJ:0.0192 | VERB:0.1154,ADJ:0.0545 | ADP:0.0727 | ADV:0.0909 | AUX:0.0727 | CCONJ:0.0727 | DET:0.0182 | INTJ:0.0182 | NOUN:0.2364 | PART:0.0364 | PRON:0.0545 | PUNCT:0.1273 | SCONJ:0.0182 | VERB:0.1273,52,55
ADJ:0.0769 | ADP:0.0769 | ADV:0.1026 | AUX:0.0769 | CCONJ:0.0256 | DET:0.0256 | NOUN:0.1538 | PART:0.0513 | PRON:0.0769 | PROPN:0.0256 | PUNCT:0.1026 | SCONJ:0.0256 | VERB:0.1795,ADJ:0.0741 | ADP:0.0988 | ADV:0.0494 | AUX:0.0494 | CCONJ:0.0617 | DET:0.0123 | INTJ:0.0123 | NOUN:0.2593 | PART:0.0123 | PRON:0.0864 | PUNCT:0.1235 | SCONJ:0.0370 | VERB:0.1235,39,81
ADJ:0.2308 | ADP:0.0769 | ADV:0.0769 | CCONJ:0.0769 | NOUN:0.2308 | PUNCT:0.2308 | VERB:0.0769,ADJ:0.0886 | ADP:0.0759 | ADV:0.0886 | AUX:0.0759 | CCONJ:0.0253 | INTJ:0.0127 | NOUN:0.1899 | PART:0.0506 | PRON:0.1013 | PROPN:0.0127 | PUNCT:0.1266 | SCONJ:0.0506 | VERB:0.1013,13,79
ADJ:0.0536 | ADP:0.1071 | ADV:0.0893 | AUX:0.0714 | CCONJ:0.0357 | DET:0.0179 | NOUN:0.2500 | PART:0.0357 | PRON:0.1071 | PUNCT:0.1250 | SCONJ:0.0357 | VERB:0.0714,ADJ:0.0571 | ADP:0.1429 | ADV:0.1000 | AUX:0.1000 | CCONJ:0.0286 | INTJ:0.0143 | NOUN:0.1857 | PART:0.0286 | PRON:0.1143 | PUNCT:0.1000 | SCONJ:0.0143 | VERB:0.1143,56,70
ADP:0.1111 | ADV:0.1111 | INTJ:0.1111 | NOUN:0.1111 | PART:0.1111 | PRON:0.1111 | PUNCT:0.1111 | VERB:0.2222,ADJ:0.0323 | ADP:0.0968 | ADV:0.0323 | AUX:0.0968 | DET:0.0323 | NOUN:0.1613 | PRON:0.2258 | PUNCT:0.2258 | VERB:0.0968,9,31
ADP:0.2000 | NOUN:0.2000 | PRON:0.2000 | PUNCT:0.2000 | VERB:0.2000,ADJ:0.0789 | ADP:0.0263 | ADV:0.1053 | AUX:0.1316 | DET:0.0789 | NOUN:0.1842 | PRON:0.1579 | PUNCT:0.1316 | SCONJ:0.0526 | VERB:0.0526,5,38
NOUN:0.1667 | PRON:0.1667 | PUNCT:0.3333 | VERB:0.3333,ADJ:0.0566 | ADP:0.0189 | ADV:0.1698 | AUX:0.0943 | DET:0.0377 | NOUN:0.0943 | NUM:0.0189 | PART:0.0189 | PRON:0.1509 | PUNCT:0.1321 | SCONJ:0.0755 | VERB:0.1321,6,53
ADP:0.1667 | ADV:0.3333 | CCONJ:0.1667 | PUNCT:0.1667 | VERB:0.1667,ADJ:0.0714 | ADP:0.0357 | ADV:0.1071 | AUX:0.0714 | DET:0.0357 | NOUN:0.0714 | PRON:0.2143 | PROPN:0.0357 | PUNCT:0.2143 | SCONJ:0.0357 | VERB:0.1071,6,28
ADV:0.3750 | AUX:0.1250 | PRON:0.1250 | PUNCT:0.1250 | SCONJ:0.1250 | VERB:0.1250,ADJ:0.0270 | ADP:0.0541 | ADV:0.1622 | AUX:0.0270 | DET:0.0270 | NOUN:0.1622 | PRON:0.1622 | PROPN:0.0270 | PUNCT:0.1892 | SCONJ:0.0270 | VERB:0.1351,8,37
ADJ:0.0833 | ADP:0.0833 | ADV:0.0833 | AUX:0.0833 | CCONJ:0.0833 | DET:0.0833 | NOUN:0.2500 | PROPN:0.0833 | PUNCT:0.0833 | VERB:0.0833,ADJ:0.0971 | ADP:0.0291 | ADV:0.1262 | AUX:0.0777 | CCONJ:0.0485 | DET:0.0388 | NOUN:0.1262 | PART:0.0291 | PRON:0.1456 | PROPN:0.0194 | PUNCT:0.0874 | SCONJ:0.0291 | VERB:0.1456,12,103
ADJ:0.0588 | ADP:0.1765 | AUX:0.0588 | DET:0.1176 | NOUN:0.2941 | PART:0.0588 | PRON:0.0588 | PROPN:0.0588 | PUNCT:0.1176,ADJ:0.0860 | ADP:0.0645 | ADV:0.1398 | AUX:0.0645 | CCONJ:0.0215 | DET:0.0323 | NOUN:0.1505 | PART:0.0215 | PRON:0.1398 | PROPN:0.0323 | PUNCT:0.1075 | SCONJ:0.0215 | VERB:0.1183,17,93
ADJ:0.0667 | ADV:0.1000 | AUX:0.0667 | CCONJ:0.0333 | DET:0.0333 | NOUN:0.1000 | PRON:0.1667 | PROPN:0.0333 | PUNCT:0.2000 | SCONJ:0.0333 | VERB:0.1667,ADJ:0.0909 | ADP:0.0707 | ADV:0.0606 | AUX:0.0404 | CCONJ:0.0303 | DET:0.0101 | NOUN:0.1212 | PART:0.0606 | PRON:0.1515 | PROPN:0.0303 | PUNCT:0.1010 | SCONJ:0.0404 | VERB:0.1919,30,99
ADJ:0.1151 | ADP:0.1079 | ADV:0.0576 | AUX:0.0432 | CCONJ:0.0719 | DET:0.0576 | INTJ:0.0072 | NOUN:0.2158 | NUM:0.0144 | PART:0.0216 | PRON:0.0576 | PROPN:0.0288 | PUNCT:0.1007 | SCONJ:0.0144 | VERB:0.0863,ADJ:0.1111 | ADP:0.0505 | ADV:0.0808 | AUX:0.0707 | CCONJ:0.0303 | DET:0.0202 | NOUN:0.1717 | PART:0.0202 | PRON:0.1414 | PROPN:0.0101 | PUNCT:0.0909 | SCONJ:0.0202 | VERB:0.1818,139,99
ADJ:0.1011 | ADP:0.1236 | ADV:0.0562 | AUX:0.0562 | CCONJ:0.0112 | DET:0.0562 | NOUN:0.1348 | PART:0.0225 | PRON:0.1236 | PROPN:0.0112 | PUNCT:0.1461 | SCONJ:0.0337 | VERB:0.1236,ADJ:0.0825 | ADP:0.0412 | ADV:0.1134 | AUX:0.0825 | CCONJ:0.0515 | DET:0.0206 | NOUN:0.1340 | PART:0.0309 | PRON:0.1546 | PROPN:0.0206 | PUNCT:0.0825 | SCONJ:0.0309 | VERB:0.1546,89,97
ADJ:0.1111 | ADP:0.1111 | AUX:0.0741 | DET:0.0370 | NOUN:0.1111 | PART:0.0741 | PRON:0.2222 | PUNCT:0.0370 | SCONJ:0.0741 | VERB:0.1481,ADJ:0.1515 | ADP:0.0758 | ADV:0.1061 | AUX:0.0303 | CCONJ:0.0152 | NOUN:0.1061 | PART:0.0758 | PRON:0.1061 | PUNCT:0.1061 | SCONJ:0.0758 | VERB:0.1515,27,66
ADJ:0.0645 | ADP:0.0860 | ADV:0.0968 | AUX:0.0645 | CCONJ:0.0430 | DET:0.0215 | NOUN:0.1720 | PART:0.0430 | PRON:0.1183 | PUNCT:0.1075 | SCONJ:0.0323 | VERB:0.1505,ADJ:0.0988 | ADP:0.0741 | ADV:0.1111 | AUX:0.0741 | CCONJ:0.0123 | DET:0.0247 | NOUN:0.0741 | PART:0.0617 | PRON:0.1605 | PUNCT:0.0864 | SCONJ:0.0494 | VERB:0.1728,93,81
ADJ:0.0833 | ADP:0.0417 | ADV:0.1667 | AUX:0.0625 | CCONJ:0.0625 | DET:0.0625 | NOUN:0.0833 | NUM:0.0208 | PART:0.0208 | PRON:0.1250 | PUNCT:0.0833 | SCONJ:0.0417 | VERB:0.1458,ADJ:0.0694 | ADP:0.0833 | ADV:0.1250 | AUX:0.0556 | DET:0.0139 | NOUN:0.0972 | PART:0.0694 | PRON:0.1528 | PROPN:0.0278 | PUNCT:0.0833 | SCONJ:0.0694 | VERB:0.1528,48,72
ADJ:0.1064 | ADP:0.0851 | ADV:0.0851 | AUX:0.0426 | CCONJ:0.0426 | DET:0.0426 | NOUN:0.2128 | PART:0.0426 | PRON:0.0213 | PROPN:0.0638 | PUNCT:0.1064 | SCONJ:0.0213 | SYM:0.0213 | VERB:0.1064,ADJ:0.0928 | ADP:0.0722 | ADV:0.1031 | AUX:0.0619 | CCONJ:0.0619 | DET:0.0412 | NOUN:0.1856 | PART:0.0412 | PRON:0.0722 | PROPN:0.0206 | PUNCT:0.1134 | SCONJ:0.0206 | VERB:0.1134,47,97
ADJ:0.1091 | ADP:0.0727 | ADV:0.1636 | AUX:0.0909 | CCONJ:0.0545 | DET:0.0364 | NOUN:0.2000 | NUM:0.0182 | PRON:0.0727 | PROPN:0.0182 | PUNCT:0.0727 | SCONJ:0.0364 | VERB:0.0545,ADJ:0.0481 | ADP:0.0865 | ADV:0.0673 | AUX:0.0481 | CCONJ:0.0385 | DET:0.0481 | NOUN:0.1827 | PART:0.0385 | PRON:0.1058 | PROPN:0.0192 | PUNCT:0.1346 | SCONJ:0.0385 | VERB:0.1442,55,104
ADJ:0.1059 | ADP:0.0353 | ADV:0.1647 | AUX:0.0824 | CCONJ:0.0588 | NOUN:0.1647 | PART:0.0235 | PRON:0.1059 | PROPN:0.0118 | PUNCT:0.1529 | SCONJ:0.0118 | SYM:0.0118 | VERB:0.0706,ADJ:0.0842 | ADP:0.0947 | ADV:0.1263 | AUX:0.0526 | CCONJ:0.0421 | DET:0.0526 | INTJ:0.0105 | NOUN:0.1579 | PART:0.0421 | PRON:0.0737 | PROPN:0.0316 | PUNCT:0.0947 | SCONJ:0.0211 | VERB:0.1158,85,95
ADJ:0.0968 | ADP:0.0323 | ADV:0.0968 | DET:0.1290 | NOUN:0.2258 | PRON:0.1290 | PROPN:0.0645 | PUNCT:0.0645 | SYM:0.0323 | VERB:0.1290,ADJ:0.0439 | ADP:0.0877 | ADV:0.0965 | AUX:0.0263 | CCONJ:0.0175 | DET:0.0526 | INTJ:0.0088 | NOUN:0.1228 | PART:0.0263 | PRON:0.1579 | PROPN:0.0088 | PUNCT:0.1053 | SCONJ:0.0439 | VERB:0.2018,31,114
NOUN:1.0000,ADJ:0.0241 | ADP:0.1084 | ADV:0.0723 | AUX:0.0361 | CCONJ:0.0723 | DET:0.0482 | INTJ:0.0120 | NOUN:0.1928 | PART:0.0241 | PRON:0.1446 | PUNCT:0.0843 | SCONJ:0.0361 | VERB:0.1446,1,83
ADP:0.2143 | ADV:0.2857 | AUX:0.0714 | CCONJ:0.0714 | INTJ:0.0714 | NOUN:0.2143 | PROPN:0.0714,ADJ:0.0752 | ADP:0.0752 | ADV:0.0902 | AUX:0.0526 | CCONJ:0.0376 | DET:0.0677 | INTJ:0.0075 | NOUN:0.1880 | PART:0.0150 | PRON:0.1128 | PROPN:0.0150 | PUNCT:0.1128 | SCONJ:0.0226 | SPACE:0.0226 | VERB:0.1053,14,133
ADV:0.1053 | NOUN:0.2105 | PRON:0.0526 | PROPN:0.0526 | PUNCT:0.2105 | SCONJ:0.0526 | SPACE:0.2632 | VERB:0.0526,ADJ:0.0933 | ADP:0.0400 | ADV:0.0933 | AUX:0.0533 | CCONJ:0.0400 | DET:0.0533 | INTJ:0.0133 | NOUN:0.1733 | PART:0.0267 | PRON:0.1067 | PROPN:0.0133 | PUNCT:0.1333 | SCONJ:0.0133 | VERB:0.1467,19,75
PRON:0.5000 | VERB:0.5000,ADJ:0.0488 | ADP:0.0854 | ADV:0.0732 | AUX:0.0854 | DET:0.0488 | INTJ:0.0122 | NOUN:0.1707 | PART:0.0366 | PRON:0.1707 | PUNCT:0.0976 | SCONJ:0.0244 | VERB:0.1463,2,82
ADJ:0.0847 | ADP:0.1356 | ADV:0.1186 | AUX:0.0678 | CCONJ:0.0169 | DET:0.0508 | NOUN:0.1356 | PART:0.0169 | PRON:0.1186 | PROPN:0.0169 | PUNCT:0.0847 | SCONJ:0.0339 | SPACE:0.0169 | VERB:0.1017,ADJ:0.0745 | ADP:0.0957 | ADV:0.1170 | AUX:0.0638 | CCONJ:0.0213 | DET:0.0213 | INTJ:0.0106 | NOUN:0.1915 | PART:0.0426 | PRON:0.1064 | PUNCT:0.1277 | SCONJ:0.0106 | VERB:0.1170,59,94
ADJ:0.0833 | ADP:0.1250 | ADV:0.0417 | AUX:0.0417 | CCONJ:0.0417 | DET:0.1250 | NOUN:0.1667 | NUM:0.0833 | PRON:0.0417 | PUNCT:0.0833 | SPACE:0.0833 | VERB:0.0833,ADJ:0.0941 | ADP:0.1176 | ADV:0.1059 | AUX:0.0588 | CCONJ:0.0118 | DET:0.0353 | INTJ:0.0118 | NOUN:0.1765 | NUM:0.0118 | PART:0.0353 | PRON:0.1059 | PUNCT:0.1059 | VERB:0.1294,24,85
ADJ:0.2353 | ADP:0.1176 | ADV:0.0588 | AUX:0.0588 | DET:0.0588 | NOUN:0.1765 | NUM:0.0588 | PRON:0.0588 | PUNCT:0.1176 | VERB:0.0588,ADJ:0.0690 | ADP:0.0920 | ADV:0.0575 | AUX:0.0345 | CCONJ:0.0230 | DET:0.0345 | INTJ:0.0115 | NOUN:0.1839 | PART:0.0345 | PRON:0.1724 | PUNCT:0.1034 | SCONJ:0.0345 | VERB:0.1494,17,87
ADP:0.2000 | NOUN:0.2000 | PRON:0.2000 | PUNCT:0.2000 | VERB:0.2000,ADJ:0.0476 | ADP:0.0476 | ADV:0.1905 | AUX:0.0476 | CCONJ:0.0238 | DET:0.0714 | NOUN:0.1429 | NUM:0.0476 | PART:0.0238 | PRON:0.1190 | PUNCT:0.0952 | SCONJ:0.0238 | VERB:0.1190,5,42
ADP:0.0370 | ADV:0.1111 | AUX:0.0370 | CCONJ:0.0370 | DET:0.0741 | NOUN:0.2593 | NUM:0.0741 | PRON:0.0741 | PUNCT:0.1111 | VERB:0.1852,ADJ:0.0492 | ADP:0.0820 | ADV:0.1148 | AUX:0.0328 | CCONJ:0.0492 | DET:0.0328 | NOUN:0.1639 | NUM:0.0656 | PART:0.0164 | PRON:0.0984 | PROPN:0.0164 | PUNCT:0.0820 | SCONJ:0.0492 | VERB:0.1475,27,61
ADV:0.2222 | AUX:0.2222 | NOUN:0.1111 | PRON:0.2222 | PUNCT:0.1111 | VERB:0.1111,ADJ:0.1042 | ADP:0.1250 | ADV:0.0417 | AUX:0.0625 | CCONJ:0.0208 | DET:0.1042 | NOUN:0.1875 | NUM:0.0208 | PART:0.0417 | PRON:0.0625 | PROPN:0.0208 | PUNCT:0.0833 | SCONJ:0.0208 | VERB:0.1042,9,48
ADV:0.1538 | AUX:0.0769 | DET:0.0769 | INTJ:0.0769 | NOUN:0.1538 | PRON:0.0769 | PUNCT:0.1538 | SCONJ:0.0769 | SPACE:0.0769 | VERB:0.0769,ADJ:0.0635 | ADP:0.0159 | ADV:0.1270 | AUX:0.0317 | CCONJ:0.0159 | DET:0.0476 | NOUN:0.1746 | NUM:0.0635 | PART:0.0159 | PRON:0.1111 | PUNCT:0.0952 | SCONJ:0.0635 | VERB:0.1746,13,63
ADP:0.0690 | ADV:0.1034 | AUX:0.0345 | CCONJ:0.0690 | DET:0.0345 | NOUN:0.2069 | PRON:0.1379 | PUNCT:0.1034 | SCONJ:0.0690 | VERB:0.1724,ADJ:0.0545 | ADP:0.0727 | ADV:0.1455 | AUX:0.0545 | CCONJ:0.0364 | DET:0.0545 | NOUN:0.1818 | NUM:0.0364 | PART:0.0364 | PRON:0.0727 | PROPN:0.0182 | PUNCT:0.0909 | SCONJ:0.0364 | VERB:0.1091,29,55
ADJ:0.0930 | ADP:0.0698 | ADV:0.0465 | AUX:0.0233 | DET:0.0698 | NOUN:0.1628 | NUM:0.0465 | PART:0.0233 | PRON:0.1628 | PUNCT:0.1163 | SCONJ:0.0465 | VERB:0.1395,ADJ:0.0222 | ADP:0.1111 | ADV:0.1556 | AUX:0.0444 | CCONJ:0.0444 | DET:0.0222 | NOUN:0.1778 | NUM:0.0667 | PART:0.0222 | PRON:0.0889 | PROPN:0.0222 | PUNCT:0.0889 | SCONJ:0.0222 | VERB:0.1111,43,45
ADJ:0.0417 | ADP:0.0625 | ADV:0.0417 | AUX:0.0417 | CCONJ:0.0417 | NOUN:0.2917 | NUM:0.1250 | PRON:0.0417 | PROPN:0.0417 | PUNCT:0.1458 | SPACE:0.0833 | SYM:0.0208 | VERB:0.0208,ADJ:0.1538 | ADP:0.1154 | ADV:0.0962 | AUX:0.0385 | CCONJ:0.0192 | DET:0.0385 | NOUN:0.2308 | NUM:0.0385 | PRON:0.0385 | PUNCT:0.1154 | SCONJ:0.0192 | VERB:0.0962,48,52
ADJ:0.0734 | ADP:0.0459 | ADV:0.1651 | AUX:0.0826 | CCONJ:0.0367 | DET:0.0734 | NOUN:0.1743 | NUM:0.0183 | PART:0.0367 | PRON:0.1009 | PUNCT:0.0550 | SCONJ:0.0092 | SPACE:0.0092 | VERB:0.1193,ADJ:0.0727 | ADP:0.0909 | ADV:0.0909 | AUX:0.0545 | CCONJ:0.0182 | DET:0.0545 | INTJ:0.0182 | NOUN:0.2000 | NUM:0.0364 | PART:0.0182 | PRON:0.0909 | PUNCT:0.0909 | SCONJ:0.0364 | VERB:0.1273,109,55
ADJ:0.0656 | ADP:0.0328 | ADV:0.0984 | AUX:0.0656 | CCONJ:0.0164 | DET:0.0328 | NOUN:0.2131 | NUM:0.0656 | PART:0.0492 | PRON:0.0984 | PUNCT:0.1148 | SCONJ:0.0164 | SPACE:0.0328 | VERB:0.0984,ADJ:0.0588 | ADP:0.0735 | ADV:0.1176 | AUX:0.0735 | CCONJ:0.0294 | DET:0.0441 | NOUN:0.2059 | NUM:0.0735 | PRON:0.0588 | PROPN:0.0294 | PUNCT:0.0882 | SCONJ:0.0588 | VERB:0.0882,61,68
ADJ:0.0588 | ADV:0.0588 | AUX:0.1176 | DET:0.0588 | NOUN:0.0588 | PRON:0.2353 | PUNCT:0.0588 | SCONJ:0.1765 | VERB:0.1765,ADJ:0.0769 | ADP:0.1154 | ADV:0.1154 | AUX:0.0769 | CCONJ:0.0192 | DET:0.0385 | NOUN:0.1731 | NUM:0.0769 | PART:0.0385 | PRON:0.0577 | PROPN:0.0192 | PUNCT:0.0962 | VERB:0.0962,17,52
ADJ:0.0882 | ADP:0.1029 | ADV:0.1618 | AUX:0.0882 | DET:0.0441 | INTJ:0.0147 | NOUN:0.1765 | PART:0.0294 | PRON:0.0588 | PUNCT:0.0735 | SCONJ:0.0294 | SYM:0.0147 | VERB:0.1176,ADJ:0.0714 | ADP:0.0952 | ADV:0.0714 | AUX:0.0714 | CCONJ:0.0476 | DET:0.0476 | NOUN:0.1429 | NUM:0.0476 | PART:0.0238 | PRON:0.0952 | PROPN:0.0238 | PUNCT:0.0952 | SCONJ:0.0238 | VERB:0.1429,68,42
ADP:0.0714 | ADV:0.0714 | AUX:0.1429 | DET:0.0714 | NOUN:0.1429 | NUM:0.0714 | PRON:0.1429 | PUNCT:0.1429 | VERB:0.1429,ADJ:0.1200 | ADP:0.0400 | ADV:0.1000 | AUX:0.0400 | CCONJ:0.0400 | DET:0.0400 | NOUN:0.1200 | NUM:0.0400 | PART:0.0200 | PRON:0.1400 | PUNCT:0.0800 | SCONJ:0.0600 | VERB:0.1600,14,50
ADJ:0.0370 | ADP:0.1111 | ADV:0.0741 | AUX:0.0370 | DET:0.0370 | NOUN:0.1481 | PART:0.0370 | PRON:0.1852 | PUNCT:0.1852 | VERB:0.1481,ADJ:0.0682 | ADP:0.1136 | ADV:0.0909 | AUX:0.0682 | CCONJ:0.0227 | DET:0.0455 | NOUN:0.1818 | NUM:0.0455 | PART:0.0227 | PRON:0.1136 | PUNCT:0.0909 | SCONJ:0.0227 | VERB:0.1136,27,44
ADJ:0.0463 | ADP:0.0463 | ADV:0.0648 | AUX:0.0278 | CCONJ:0.0370 | DET:0.0093 | NOUN:0.2593 | NUM:0.0833 | PART:0.0185 | PRON:0.0278 | PROPN:0.0370 | PUNCT:0.1204 | SCONJ:0.0093 | SPACE:0.1574 | SYM:0.0093 | VERB:0.0463,ADJ:0.0233 | ADP:0.1163 | ADV:0.1163 | AUX:0.0233 | CCONJ:0.0233 | DET:0.0465 | INTJ:0.0233 | NOUN:0.2326 | NUM:0.0465 | PRON:0.0698 | PUNCT:0.1163 | SCONJ:0.0233 | VERB:0.1395,108,43
ADJ:0.0526 | ADP:0.0526 | ADV:0.2105 | AUX:0.1053 | NOUN:0.1579 | PRON:0.1579 | SPACE:0.0526 | VERB:0.2105,ADJ:0.1154 | ADP:0.0962 | ADV:0.0577 | AUX:0.0192 | DET:0.0385 | NOUN:0.2115 | NUM:0.0385 | PART:0.0192 | PRON:0.0962 | PUNCT:0.0962 | SCONJ:0.0577 | VERB:0.1538,19,52
ADJ:0.0606 | ADP:0.0303 | ADV:0.1212 | AUX:0.0606 | DET:0.0303 | NOUN:0.1212 | PART:0.0606 | PRON:0.2424 | PUNCT:0.0909 | SCONJ:0.0303 | SPACE:0.0303 | VERB:0.1212,ADJ:0.0392 | ADP:0.0980 | ADV:0.1373 | AUX:0.0588 | CCONJ:0.0196 | DET:0.0392 | INTJ:0.0196 | NOUN:0.2157 | NUM:0.0588 | PART:0.0196 | PRON:0.0588 | PUNCT:0.1176 | SCONJ:0.0196 | VERB:0.0980,33,51
ADJ:0.0167 | ADP:0.0333 | ADV:0.1333 | AUX:0.1333 | CCONJ:0.0167 | DET:0.0167 | NOUN:0.1667 | NUM:0.0500 | PART:0.0500 | PRON:0.1000 | PUNCT:0.1333 | SCONJ:0.0500 | SPACE:0.0167 | VERB:0.0833,ADJ:0.0179 | ADP:0.0714 | ADV:0.1429 | AUX:0.0179 | CCONJ:0.0179 | DET:0.0357 | NOUN:0.1607 | NUM:0.0714 | PART:0.0179 | PRON:0.1429 | PUNCT:0.0893 | SCONJ:0.0536 | VERB:0.1607,60,56
ADJ:0.1000 | ADV:0.1000 | AUX:0.1000 | NOUN:0.3000 | NUM:0.1000 | PUNCT:0.1000 | SPACE:0.2000,ADJ:0.0930 | ADP:0.1163 | ADV:0.0930 | AUX:0.0698 | CCONJ:0.0233 | DET:0.0233 | NOUN:0.2093 | NUM:0.0465 | PART:0.0233 | PRON:0.0698 | PUNCT:0.1163 | VERB:0.1163,10,43
ADJ:0.1000 | ADP:0.1000 | NOUN:0.2000 | PRON:0.1000 | PUNCT:0.2000 | SCONJ:0.1000 | VERB:0.2000,ADJ:0.0517 | ADP:0.1034 | ADV:0.1379 | AUX:0.0517 | CCONJ:0.0172 | DET:0.0517 | NOUN:0.1552 | NUM:0.0690 | PART:0.0345 | PRON:0.0862 | PUNCT:0.0862 | SCONJ:0.0345 | VERB:0.1207,10,58
ADJ:0.0526 | ADV:0.0526 | CCONJ:0.1053 | DET:0.0526 | NOUN:0.3158 | PRON:0.1053 | PUNCT:0.2632 | VERB:0.0526,ADJ:0.0169 | ADP:0.1356 | ADV:0.0678 | AUX:0.0339 | CCONJ:0.0339 | DET:0.0678 | NOUN:0.1356 | PRON:0.2034 | PROPN:0.0339 | PUNCT:0.1356 | SCONJ:0.0169 | VERB:0.1186,19,59
ADJ:0.0889 | ADP:0.0889 | ADV:0.1111 | AUX:0.1111 | CCONJ:0.0222 | DET:0.0444 | INTJ:0.0222 | NOUN:0.1111 | PART:0.0222 | PRON:0.1333 | PROPN:0.0222 | PUNCT:0.1111 | SCONJ:0.0222 | SPACE:0.0222 | VERB:0.0667,ADJ:0.1167 | ADP:0.0833 | ADV:0.0667 | AUX:0.0667 | CCONJ:0.0167 | DET:0.0333 | NOUN:0.1167 | PRON:0.1500 | PROPN:0.0167 | PUNCT:0.1500 | SCONJ:0.0500 | VERB:0.1333,45,60
ADJ:0.1061 | ADP:0.0606 | ADV:0.1212 | AUX:0.0758 | CCONJ:0.0152 | DET:0.1061 | NOUN:0.1667 | PRON:0.0758 | PUNCT:0.1061 | SCONJ:0.0455 | SPACE:0.0152 | VERB:0.1061,ADJ:0.0874 | ADP:0.0485 | ADV:0.1068 | AUX:0.0680 | CCONJ:0.0291 | DET:0.0388 | NOUN:0.1553 | PART:0.0291 | PRON:0.1456 | PROPN:0.0097 | PUNCT:0.1068 | SCONJ:0.0388 | VERB:0.1359,66,103
ADP:0.1250 | NOUN:0.3750 | PRON:0.1250 | PUNCT:0.3750,ADJ:0.1170 | ADP:0.0638 | ADV:0.0957 | AUX:0.0638 | CCONJ:0.0426 | DET:0.0319 | NOUN:0.1702 | NUM:0.0106 | PART:0.0319 | PRON:0.0851 | PROPN:0.0106 | PUNCT:0.0851 | SCONJ:0.0426 | VERB:0.1489,8,94
NOUN:1.0000,ADJ:0.0909 | ADP:0.0909 | ADV:0.0779 | AUX:0.0779 | CCONJ:0.0390 | DET:0.0519 | NOUN:0.1429 | PART:0.0519 | PRON:0.1169 | PROPN:0.0260 | PUNCT:0.0779 | SCONJ:0.0260 | VERB:0.1299,1,77
ADP:0.1333 | AUX:0.1333 | NOUN:0.2667 | PART:0.0667 | PRON:0.1333 | PROPN:0.0667 | PUNCT:0.0667 | VERB:0.1333,ADJ:0.1091 | ADP:0.0667 | ADV:0.1030 | AUX:0.0727 | CCONJ:0.0424 | DET:0.0545 | NOUN:0.1333 | NUM:0.0121 | PART:0.0242 | PRON:0.0848 | PROPN:0.0545 | PUNCT:0.0970 | SCONJ:0.0303 | SPACE:0.0121 | VERB:0.1030,15,165
ADJ:0.0781 | ADP:0.1562 | ADV:0.0781 | AUX:0.0312 | CCONJ:0.0781 | DET:0.0469 | NOUN:0.1406 | PRON:0.1094 | PROPN:0.0469 | PUNCT:0.0938 | SCONJ:0.0156 | SPACE:0.0156 | VERB:0.1094,ADJ:0.0737 | ADP:0.0632 | ADV:0.1684 | AUX:0.0421 | CCONJ:0.0316 | DET:0.0526 | NOUN:0.1263 | PART:0.0421 | PRON:0.1053 | PUNCT:0.1053 | SCONJ:0.0421 | VERB:0.1474,64,95
ADV:0.1250 | AUX:0.1250 | DET:0.1250 | NOUN:0.1250 | PRON:0.1250 | PUNCT:0.1250 | SPACE:0.1250 | VERB:0.1250,ADJ:0.0825 | ADP:0.0722 | ADV:0.1546 | AUX:0.0619 | CCONJ:0.0722 | DET:0.0103 | NOUN:0.1546 | PART:0.0412 | PRON:0.0928 | PUNCT:0.1134 | SCONJ:0.0309 | VERB:0.1134,8,97
ADJ:0.0571 | ADP:0.0857 | ADV:0.0286 | AUX:0.0857 | CCONJ:0.0286 | DET:0.0571 | INTJ:0.0571 | NOUN:0.0286 | PART:0.0286 | PRON:0.1714 | PUNCT:0.2286 | SPACE:0.0571 | VERB:0.0857,ADJ:0.0619 | ADP:0.1150 | ADV:0.1239 | AUX:0.0708 | CCONJ:0.0708 | DET:0.0708 | INTJ:0.0088 | NOUN:0.1327 | PART:0.0442 | PRON:0.0885 | PUNCT:0.0973 | SCONJ:0.0088 | VERB:0.1062,35,113
ADJ:0.0506 | ADP:0.0380 | ADV:0.0633 | AUX:0.0886 | CCONJ:0.0633 | DET:0.0253 | NOUN:0.1266 | NUM:0.0253 | PART:0.0127 | PRON:0.1899 | PUNCT:0.1139 | SCONJ:0.0380 | SPACE:0.0506 | VERB:0.1139,ADJ:0.0968 | ADP:0.0968 | ADV:0.0968 | AUX:0.0323 | CCONJ:0.0565 | DET:0.0403 | NOUN:0.1210 | PART:0.0484 | PRON:0.1371 | PUNCT:0.1129 | SCONJ:0.0323 | VERB:0.1290,79,124
ADP:0.1000 | ADV:0.1000 | AUX:0.1000 | DET:0.1000 | NOUN:0.3000 | PRON:0.1000 | PUNCT:0.1000 | VERB:0.1000,ADJ:0.0741 | ADP:0.1111 | ADV:0.1019 | AUX:0.0648 | CCONJ:0.0370 | DET:0.0370 | NOUN:0.1204 | PART:0.0370 | PRON:0.1574 | PUNCT:0.0833 | SCONJ:0.0185 | VERB:0.1574,10,108
ADP:0.2000 | INTJ:0.2000 | NOUN:0.2000 | PUNCT:0.4000,ADJ:0.1069 | ADP:0.1069 | ADV:0.1069 | AUX:0.0611 | CCONJ:0.0382 | DET:0.0305 | NOUN:0.1145 | PART:0.0458 | PRON:0.1298 | PUNCT:0.0763 | SCONJ:0.0382 | VERB:0.1450,5,131
ADP:0.1364 | AUX:0.0909 | CCONJ:0.0909 | NOUN:0.3182 | PRON:0.1818 | PUNCT:0.0909 | VERB:0.0909,ADJ:0.1028 | ADP:0.0841 | ADV:0.1402 | AUX:0.0654 | CCONJ:0.0187 | DET:0.0561 | NOUN:0.1215 | PART:0.0280 | PRON:0.1215 | PUNCT:0.0935 | SCONJ:0.0467 | VERB:0.1215,22,107
ADJ:0.0857 | ADP:0.0857 | ADV:0.0571 | AUX:0.1429 | DET:0.0857 | NOUN:0.1429 | PRON:0.1714 | PUNCT:0.1143 | SCONJ:0.0286 | VERB:0.0857,ADJ:0.0575 | ADP:0.1149 | ADV:0.1379 | AUX:0.0690 | CCONJ:0.0575 | DET:0.0230 | NOUN:0.1034 | PART:0.0230 | PRON:0.1839 | PUNCT:0.0920 | SCONJ:0.0115 | VERB:0.1264,35,87
PUNCT:0.3333 | SPACE:0.3333 | VERB:0.3333,ADJ:0.1038 | ADP:0.0566 | ADV:0.1604 | AUX:0.0755 | CCONJ:0.0472 | DET:0.0189 | NOUN:0.1226 | PART:0.0094 | PRON:0.1604 | PUNCT:0.1038 | SCONJ:0.0189 | VERB:0.1226,3,106
ADJ:0.0411 | ADP:0.0685 | ADV:0.0822 | AUX:0.0822 | CCONJ:0.0137 | DET:0.0548 | NOUN:0.1507 | PART:0.0274 | PRON:0.1507 | PUNCT:0.1370 | SCONJ:0.0411 | SPACE:0.0137 | VERB:0.1370,ADJ:0.0571 | ADP:0.0762 | ADV:0.1143 | AUX:0.0762 | CCONJ:0.0190 | DET:0.0286 | NOUN:0.1238 | PART:0.0571 | PRON:0.1524 | PUNCT:0.1048 | SCONJ:0.0286 | VERB:0.1619,73,105
ADJ:0.0270 | ADV:0.1081 | AUX:0.0811 | CCONJ:0.0270 | DET:0.0270 | NOUN:0.1081 | PART:0.0270 | PRON:0.1892 | PUNCT:0.2432 | SCONJ:0.0270 | VERB:0.1351,ADJ:0.0680 | ADP:0.0777 | ADV:0.1456 | AUX:0.0291 | CCONJ:0.0485 | DET:0.0388 | NOUN:0.1553 | PART:0.0194 | PRON:0.1068 | PUNCT:0.1359 | SCONJ:0.0291 | VERB:0.1456,37,103
ADJ:0.0317 | ADP:0.0952 | ADV:0.0476 | AUX:0.0317 | CCONJ:0.0159 | DET:0.0317 | NOUN:0.1111 | PART:0.0317 | PRON:0.2063 | PUNCT:0.1587 | SCONJ:0.0159 | SPACE:0.0317 | SYM:0.0159 | VERB:0.1746,ADJ:0.0439 | ADP:0.0789 | ADV:0.1842 | AUX:0.0526 | CCONJ:0.0263 | DET:0.0439 | NOUN:0.1053 | PART:0.0526 | PRON:0.1228 | PUNCT:0.0965 | SCONJ:0.0439 | VERB:0.1491,63,114
ADP:0.0556 | ADV:0.2222 | AUX:0.0556 | DET:0.0556 | NOUN:0.2222 | PART:0.0556 | PRON:0.1111 | PUNCT:0.1111 | VERB:0.1111,ADJ:0.0853 | ADP:0.0775 | ADV:0.1395 | AUX:0.0543 | CCONJ:0.0155 | DET:0.0465 | NOUN:0.1240 | PART:0.0620 | PRON:0.1163 | PUNCT:0.1085 | SCONJ:0.0465 | VERB:0.1240,18,129
ADJ:0.0435 | ADP:0.0870 | ADV:0.0435 | AUX:0.0435 | CCONJ:0.0435 | NOUN:0.0435 | PRON:0.3043 | PUNCT:0.1304 | SCONJ:0.0435 | SPACE:0.0435 | VERB:0.1739,ADJ:0.1224 | ADP:0.0612 | ADV:0.1020 | AUX:0.0714 | CCONJ:0.0510 | DET:0.0306 | NOUN:0.0714 | PART:0.0510 | PRON:0.1429 | PUNCT:0.0816 | SCONJ:0.0408 | VERB:0.1735,23,98
ADP:0.0909 | AUX:0.0909 | DET:0.0909 | NOUN:0.0909 | PRON:0.2727 | PUNCT:0.1818 | VERB:0.1818,ADJ:0.0726 | ADP:0.0887 | ADV:0.1694 | AUX:0.0323 | CCONJ:0.0242 | DET:0.0484 | NOUN:0.1452 | PART:0.0484 | PRON:0.0806 | PUNCT:0.1048 | SCONJ:0.0323 | VERB:0.1532,11,124
AUX:0.2000 | DET:0.2000 | NOUN:0.2000 | PRON:0.2000 | PUNCT:0.2000,ADJ:0.0818 | ADP:0.1000 | ADV:0.1091 | AUX:0.0818 | CCONJ:0.0273 | DET:0.0182 | NOUN:0.0909 | PART:0.0636 | PRON:0.1636 | PUNCT:0.1182 | SCONJ:0.0091 | VERB:0.1364,5,110
ADP:0.0909 | AUX:0.1364 | CCONJ:0.0455 | PRON:0.3636 | PUNCT:0.0909 | VERB:0.2727,ADJ:0.0727 | ADP:0.0727 | ADV:0.1455 | AUX:0.0818 | CCONJ:0.0636 | DET:0.0182 | NOUN:0.1000 | PART:0.0182 | PRON:0.1909 | PUNCT:0.1000 | SCONJ:0.0182 | VERB:0.1182,22,110
ADJ:0.0714 | ADP:0.0714 | ADV:0.0714 | AUX:0.0714 | DET:0.0714 | NOUN:0.0714 | PART:0.0714 | PRON:0.2857 | PUNCT:0.1429 | VERB:0.0714,ADJ:0.0938 | ADP:0.0938 | ADV:0.1562 | AUX:0.0521 | CCONJ:0.0208 | DET:0.0521 | NOUN:0.1250 | PART:0.0417 | PRON:0.1146 | PUNCT:0.1042 | SCONJ:0.0104 | VERB:0.1354,14,96
ADJ:0.0833 | ADP:0.0278 | ADV:0.1389 | AUX:0.0556 | CCONJ:0.0278 | DET:0.0833 | NOUN:0.0833 | PRON:0.2500 | PUNCT:0.0556 | SPACE:0.0556 | VERB:0.1389,ADJ:0.0588 | ADP:0.1176 | ADV:0.1275 | AUX:0.0196 | CCONJ:0.0294 | DET:0.0490 | NOUN:0.1667 | PART:0.0392 | PRON:0.0784 | PUNCT:0.1373 | SCONJ:0.0392 | VERB:0.1373,36,102
ADJ:0.0517 | ADP:0.0690 | ADV:0.0345 | AUX:0.1379 | CCONJ:0.0517 | DET:0.0517 | NOUN:0.1207 | PRON:0.2069 | PUNCT:0.1034 | SCONJ:0.0172 | SYM:0.0172 | VERB:0.1379,ADJ:0.0889 | ADP:0.0741 | ADV:0.1185 | AUX:0.0741 | CCONJ:0.0222 | DET:0.0370 | NOUN:0.1111 | NUM:0.0074 | PART:0.0370 | PRON:0.1630 | PUNCT:0.0815 | SCONJ:0.0370 | VERB:0.1481,58,135
ADV:0.2857 | PART:0.1429 | PRON:0.1429 | PUNCT:0.2857 | VERB:0.1429,ADJ:0.0758 | ADP:0.0909 | ADV:0.0985 | AUX:0.0682 | CCONJ:0.0455 | DET:0.0227 | NOUN:0.1288 | PART:0.0455 | PRON:0.1515 | PUNCT:0.0909 | SCONJ:0.0303 | VERB:0.1515,7,132
ADJ:0.0625 | ADP:0.0625 | ADV:0.1250 | AUX:0.1250 | DET:0.0625 | PART:0.0625 | PRON:0.1250 | PUNCT:0.2500 | SYM:0.0625 | VERB:0.0625,ADJ:0.0893 | ADP:0.0804 | ADV:0.1161 | AUX:0.0625 | CCONJ:0.0625 | DET:0.0357 | NOUN:0.0982 | PART:0.0446 | PRON:0.1429 | PUNCT:0.0893 | SCONJ:0.0446 | VERB:0.1339,16,112
ADJ:0.0476 | ADV:0.2381 | AUX:0.0952 | CCONJ:0.0476 | DET:0.0476 | NOUN:0.1429 | PART:0.0476 | PRON:0.0476 | PUNCT:0.0952 | SPACE:0.0476 | VERB:0.1429,ADJ:0.0357 | ADP:0.0952 | ADV:0.1548 | AUX:0.0357 | CCONJ:0.0238 | DET:0.0476 | NOUN:0.1190 | PART:0.0357 | PRON:0.1310 | PUNCT:0.1310 | SCONJ:0.0238 | VERB:0.1667,21,84
ADP:0.0385 | ADV:0.0769 | AUX:0.1538 | CCONJ:0.0769 | DET:0.0385 | INTJ:0.0385 | NOUN:0.1154 | PART:0.0385 | PRON:0.1923 | PUNCT:0.1154 | SCONJ:0.0385 | SPACE:0.0385 | VERB:0.0385,ADJ:0.1210 | ADP:0.0887 | ADV:0.0887 | AUX:0.0565 | CCONJ:0.0565 | DET:0.0403 | NOUN:0.1371 | PART:0.0484 | PRON:0.1290 | PUNCT:0.0645 | SCONJ:0.0323 | VERB:0.1371,26,124
ADJ:0.0345 | ADP:0.1034 | ADV:0.0690 | AUX:0.0690 | DET:0.0345 | NOUN:0.1034 | PART:0.0690 | PRON:0.2069 | PUNCT:0.1034 | SCONJ:0.1034 | VERB:0.1034,ADJ:0.0924 | ADP:0.1008 | ADV:0.1429 | AUX:0.0924 | CCONJ:0.0252 | DET:0.0168 | NOUN:0.1008 | PART:0.0336 | PRON:0.1513 | PUNCT:0.0924 | SCONJ:0.0336 | VERB:0.1176,29,119
ADJ:0.0625 | ADP:0.0625 | ADV:0.0625 | AUX:0.0625 | DET:0.0312 | NOUN:0.1875 | PART:0.0625 | PRON:0.0625 | PROPN:0.0938 | PUNCT:0.0625 | SPACE:0.0938 | SYM:0.0312 | VERB:0.1250,ADJ:0.0808 | ADP:0.1010 | ADV:0.1414 | AUX:0.0404 | CCONJ:0.0202 | DET:0.0202 | NOUN:0.1111 | PART:0.0606 | PRON:0.1414 | PUNCT:0.1212 | SCONJ:0.0202 | VERB:0.1414,32,99
ADJ:0.0667 | ADV:0.0667 | NOUN:0.1333 | PRON:0.1333 | PROPN:0.0667 | PUNCT:0.3333 | SPACE:0.0667 | VERB:0.1333,ADJ:0.0952 | ADP:0.0714 | ADV:0.1190 | AUX:0.0952 | CCONJ:0.0238 | DET:0.0238 | NOUN:0.0952 | PART:0.0238 | PRON:0.1667 | PUNCT:0.1190 | SCONJ:0.0476 | VERB:0.1190,15,42
ADJ:0.1429 | ADP:0.0476 | AUX:0.1429 | DET:0.0476 | NOUN:0.1429 | PART:0.0476 | PRON:0.1429 | PUNCT:0.0952 | SCONJ:0.0476 | SPACE:0.0476 | VERB:0.0952,ADJ:0.0682 | ADP:0.0682 | ADV:0.0682 | AUX:0.1136 | CCONJ:0.0227 | DET:0.0682 | NOUN:0.1136 | PART:0.0682 | PRON:0.1591 | PUNCT:0.0909 | SCONJ:0.0227 | VERB:0.1364,21,44
ADP:0.2000 | AUX:0.1000 | NOUN:0.1000 | PRON:0.4000 | PUNCT:0.1000 | VERB:0.1000,ADJ:0.1064 | ADP:0.0638 | ADV:0.0851 | AUX:0.0851 | CCONJ:0.0213 | DET:0.0426 | NOUN:0.0851 | PART:0.0213 | PRON:0.1489 | PUNCT:0.1064 | SCONJ:0.0638 | VERB:0.1702,10,47
ADV:0.1053 | AUX:0.1053 | NOUN:0.1053 | PRON:0.2632 | PROPN:0.1053 | PUNCT:0.0526 | SCONJ:0.1579 | VERB:0.1053,ADJ:0.0926 | ADP:0.0926 | ADV:0.0741 | AUX:0.1111 | DET:0.0370 | NOUN:0.0926 | PART:0.0370 | PRON:0.2407 | PUNCT:0.0741 | SCONJ:0.0185 | VERB:0.1296,19,54
ADJ:0.0526 | ADV:0.1579 | AUX:0.1053 | CCONJ:0.0526 | NOUN:0.0526 | PRON:0.2105 | PUNCT:0.1579 | VERB:0.2105,ADJ:0.0769 | ADP:0.0769 | ADV:0.0962 | AUX:0.0962 | CCONJ:0.0385 | DET:0.0769 | NOUN:0.1154 | PART:0.0192 | PRON:0.1731 | PUNCT:0.0962 | VERB:0.1346,19,52
ADJ:0.1250 | ADV:0.0625 | AUX:0.1250 | DET:0.1250 | NOUN:0.1875 | PRON:0.0625 | PUNCT:0.0625 | SCONJ:0.0625 | VERB:0.1875,ADJ:0.1373 | ADP:0.0392 | ADV:0.0980 | AUX:0.1176 | CCONJ:0.0196 | DET:0.0196 | NOUN:0.0784 | PART:0.0392 | PRON:0.1765 | PUNCT:0.0980 | SCONJ:0.0588 | VERB:0.1176,16,51
ADJ:0.0678 | ADP:0.0339 | ADV:0.1017 | AUX:0.0678 | CCONJ:0.0678 | DET:0.0508 | NOUN:0.1186 | PART:0.0339 | PRON:0.1695 | PUNCT:0.0847 | SCONJ:0.0508 | VERB:0.1525,ADJ:0.1143 | ADP:0.0571 | ADV:0.1143 | AUX:0.0857 | CCONJ:0.0286 | DET:0.0286 | NOUN:0.0857 | PART:0.0571 | PRON:0.1714 | PUNCT:0.1143 | VERB:0.1429,59,35
ADJ:0.0545 | ADP:0.0727 | ADV:0.1091 | AUX:0.0545 | CCONJ:0.0182 | DET:0.0909 | NOUN:0.1091 | PART:0.0364 | PRON:0.1455 | PUNCT:0.0727 | SCONJ:0.0182 | SPACE:0.0364 | VERB:0.1818,ADJ:0.0704 | ADP:0.0845 | ADV:0.1197 | AUX:0.0634 | CCONJ:0.0282 | DET:0.0282 | NOUN:0.1268 | PART:0.0282 | PRON:0.1761 | PROPN:0.0141 | PUNCT:0.0704 | SCONJ:0.0493 | VERB:0.1408,55,142
ADJ:0.0833 | ADP:0.0833 | ADV:0.0833 | AUX:0.1250 | CCONJ:0.0417 | DET:0.0417 | NOUN:0.1667 | PRON:0.1250 | PROPN:0.0417 | PUNCT:0.0417 | VERB:0.1667,ADJ:0.0866 | ADP:0.1102 | ADV:0.1024 | AUX:0.0709 | CCONJ:0.0236 | DET:0.0157 | NOUN:0.1102 | PART:0.0315 | PRON:0.1732 | PUNCT:0.0709 | SCONJ:0.0472 | VERB:0.1575,24,127
ADJ:0.2000 | ADV:0.0667 | AUX:0.1333 | DET:0.1333 | NOUN:0.2000 | PUNCT:0.1333 | VERB:0.1333,ADJ:0.0354 | ADP:0.0619 | ADV:0.1062 | AUX:0.0619 | CCONJ:0.0442 | DET:0.0531 | NOUN:0.1327 | PART:0.0265 | PRON:0.1239 | PROPN:0.0354 | PUNCT:0.1150 | SCONJ:0.0354 | VERB:0.1681,15,113
ADJ:0.1290 | ADP:0.0968 | ADV:0.0968 | AUX:0.0484 | CCONJ:0.0323 | DET:0.0968 | NOUN:0.2419 | PRON:0.0645 | PUNCT:0.0645 | SPACE:0.0161 | VERB:0.1129,ADJ:0.0593 | ADP:0.1186 | ADV:0.1271 | AUX:0.0593 | CCONJ:0.0254 | DET:0.0424 | NOUN:0.1186 | PART:0.0254 | PRON:0.1525 | PROPN:0.0169 | PUNCT:0.0508 | SCONJ:0.0424 | VERB:0.1610,62,118
ADJ:0.0488 | ADP:0.0976 | ADV:0.0976 | AUX:0.0488 | CCONJ:0.0244 | DET:0.0488 | NOUN:0.2195 | PRON:0.0244 | PROPN:0.1463 | PUNCT:0.0488 | SCONJ:0.0488 | VERB:0.1463,ADJ:0.0580 | ADP:0.0942 | ADV:0.1014 | AUX:0.0652 | CCONJ:0.0507 | DET:0.0435 | NOUN:0.1304 | PART:0.0145 | PRON:0.1449 | PROPN:0.0145 | PUNCT:0.0725 | SCONJ:0.0580 | VERB:0.1522,41,138
ADJ:0.0833 | ADV:0.0833 | AUX:0.0833 | CCONJ:0.0833 | PRON:0.2500 | PUNCT:0.1667 | VERB:0.2500,ADJ:0.0444 | ADP:0.1185 | ADV:0.1111 | AUX:0.0370 | CCONJ:0.0444 | DET:0.0296 | INTJ:0.0074 | NOUN:0.1333 | PART:0.0296 | PRON:0.1481 | PUNCT:0.0741 | SCONJ:0.0444 | VERB:0.1778,12,135
ADJ:0.0987 | ADP:0.1250 | ADV:0.0658 | AUX:0.0461 | CCONJ:0.0329 | DET:0.0329 | NOUN:0.2303 | NUM:0.0132 | PART:0.0329 | PRON:0.0592 | PROPN:0.0132 | PUNCT:0.1316 | SCONJ:0.0132 | SPACE:0.0197 | VERB:0.0855,ADJ:0.0467 | ADP:0.0935 | ADV:0.1215 | AUX:0.0374 | CCONJ:0.0561 | DET:0.0280 | NOUN:0.1308 | PART:0.0374 | PRON:0.1589 | PROPN:0.0187 | PUNCT:0.0841 | SCONJ:0.0467 | VERB:0.1402,152,107
ADJ:0.0641 | ADP:0.0897 | ADV:0.1410 | AUX:0.1026 | CCONJ:0.0769 | DET:0.0128 | NOUN:0.1154 | NUM:0.0128 | PART:0.0385 | PRON:0.1282 | PROPN:0.0128 | PUNCT:0.0769 | SCONJ:0.0385 | SPACE:0.0128 | VERB:0.0769,ADJ:0.0510 | ADP:0.1019 | ADV:0.1146 | AUX:0.0573 | CCONJ:0.0318 | DET:0.0318 | NOUN:0.1083 | PART:0.0382 | PRON:0.1401 | PROPN:0.0127 | PUNCT:0.0764 | SCONJ:0.0701 | VERB:0.1656,78,157
ADJ:0.0606 | ADP:0.1212 | ADV:0.0303 | AUX:0.0606 | NOUN:0.1515 | PRON:0.2424 | PROPN:0.0303 | PUNCT:0.0909 | SCONJ:0.0606 | VERB:0.1515,ADJ:0.1062 | ADP:0.0885 | ADV:0.0619 | AUX:0.0531 | CCONJ:0.0442 | DET:0.0265 | NOUN:0.1416 | PART:0.0619 | PRON:0.1239 | PUNCT:0.0708 | SCONJ:0.0619 | VERB:0.1593,33,113
AUX:0.1250 | CCONJ:0.2500 | NOUN:0.3750 | PRON:0.1250 | PUNCT:0.1250,ADJ:0.0446 | ADP:0.1019 | ADV:0.1274 | AUX:0.0446 | CCONJ:0.0318 | DET:0.0127 | NOUN:0.1338 | PART:0.0191 | PRON:0.1656 | PROPN:0.0127 | PUNCT:0.1019 | SCONJ:0.0573 | VERB:0.1465,8,157
ADJ:0.1000 | ADP:0.0500 | ADV:0.1000 | AUX:0.1000 | DET:0.0500 | INTJ:0.0500 | NOUN:0.1500 | PRON:0.0500 | PROPN:0.0500 | PUNCT:0.1500 | SPACE:0.0500 | VERB:0.1000,ADJ:0.0781 | ADP:0.0938 | ADV:0.1172 | AUX:0.0625 | CCONJ:0.0312 | DET:0.0312 | INTJ:0.0078 | NOUN:0.1094 | PART:0.0469 | PRON:0.1328 | PROPN:0.0156 | PUNCT:0.0781 | SCONJ:0.0469 | VERB:0.1484,20,128
ADJ:0.1034 | ADP:0.0690 | ADV:0.1379 | AUX:0.0345 | DET:0.0690 | NOUN:0.1379 | PRON:0.1034 | PROPN:0.0345 | PUNCT:0.1034 | SCONJ:0.0345 | SPACE:0.0345 | VERB:0.1379,ADJ:0.0550 | ADP:0.0917 | ADV:0.1193 | AUX:0.0459 | CCONJ:0.0275 | DET:0.0550 | NOUN:0.1193 | PART:0.0367 | PRON:0.1376 | PROPN:0.0183 | PUNCT:0.1009 | SCONJ:0.0459 | VERB:0.1468,29,109
ADJ:0.0769 | ADP:0.1538 | ADV:0.0769 | AUX:0.0769 | NOUN:0.2308 | PRON:0.1538 | PUNCT:0.0769 | SCONJ:0.0769 | VERB:0.0769,ADJ:0.0625 | ADP:0.0781 | ADV:0.1875 | AUX:0.0469 | CCONJ:0.0625 | DET:0.0391 | NOUN:0.1094 | PART:0.0156 | PRON:0.1250 | PROPN:0.0156 | PUNCT:0.0859 | SCONJ:0.0312 | VERB:0.1406,13,128
ADJ:0.1667 | ADP:0.0833 | ADV:0.1250 | AUX:0.0833 | DET:0.0417 | NOUN:0.1667 | PART:0.0417 | PRON:0.0417 | PUNCT:0.1667 | VERB:0.0833,ADJ:0.0441 | ADP:0.1176 | ADV:0.1029 | AUX:0.0515 | CCONJ:0.0221 | DET:0.0294 | NOUN:0.1324 | PART:0.0294 | PRON:0.1544 | PROPN:0.0147 | PUNCT:0.0809 | SCONJ:0.0662 | VERB:0.1544,24,136
ADJ:0.0833 | ADP:0.0833 | ADV:0.1250 | AUX:0.0417 | DET:0.0417 | NOUN:0.1250 | PART:0.0417 | PRON:0.0833 | PROPN:0.0417 | PUNCT:0.1250 | SPACE:0.0833 | VERB:0.1250,ADJ:0.0559 | ADP:0.0839 | ADV:0.1119 | AUX:0.0559 | CCONJ:0.0350 | DET:0.0350 | NOUN:0.1119 | PART:0.0420 | PRON:0.1329 | PROPN:0.0140 | PUNCT:0.1049 | SCONJ:0.0699 | VERB:0.1469,24,143
ADJ:0.0385 | ADP:0.1154 | ADV:0.0769 | AUX:0.1154 | CCONJ:0.0385 | DET:0.0769 | NOUN:0.1538 | PART:0.0385 | PRON:0.1154 | PUNCT:0.0769 | SPACE:0.0385 | VERB:0.1154,ADJ:0.0808 | ADP:0.1010 | ADV:0.1010 | AUX:0.0606 | CCONJ:0.0202 | DET:0.0505 | NOUN:0.1414 | PART:0.0202 | PRON:0.1616 | PUNCT:0.0909 | SCONJ:0.0404 | VERB:0.1313,26,99
ADP:0.1111 | ADV:0.1667 | AUX:0.0556 | NOUN:0.0556 | PRON:0.0556 | PROPN:0.1667 | PUNCT:0.2222 | SPACE:0.0556 | VERB:0.1111,ADJ:0.0547 | ADP:0.1172 | ADV:0.1094 | AUX:0.0781 | CCONJ:0.0391 | DET:0.0312 | NOUN:0.1172 | PART:0.0469 | PRON:0.1406 | PROPN:0.0156 | PUNCT:0.0781 | SCONJ:0.0391 | VERB:0.1328,18,128
ADJ:0.0441 | ADP:0.1324 | ADV:0.0882 | AUX:0.0441 | DET:0.0147 | NOUN:0.1176 | NUM:0.0294 | PART:0.0441 | PRON:0.1324 | PROPN:0.0294 | PUNCT:0.1324 | SCONJ:0.0441 | SPACE:0.0441 | VERB:0.1029,ADJ:0.0827 | ADP:0.1053 | ADV:0.1429 | AUX:0.0602 | CCONJ:0.0376 | DET:0.0376 | NOUN:0.1053 | PART:0.0376 | PRON:0.1128 | PROPN:0.0301 | PUNCT:0.0902 | SCONJ:0.0301 | VERB:0.1278,68,133
ADV:0.1429 | AUX:0.1429 | NOUN:0.1429 | PROPN:0.4286 | VERB:0.1429,ADJ:0.0427 | ADP:0.1197 | ADV:0.1282 | AUX:0.0427 | CCONJ:0.0513 | DET:0.0256 | NOUN:0.1111 | PART:0.0256 | PRON:0.1709 | PUNCT:0.0684 | SCONJ:0.0513 | VERB:0.1624,7,117
ADJ:0.0833 | ADP:0.1389 | ADV:0.0278 | AUX:0.0556 | CCONJ:0.0556 | DET:0.0556 | NOUN:0.1944 | PART:0.0278 | PRON:0.0556 | PROPN:0.1111 | PUNCT:0.1111 | SPACE:0.0278 | VERB:0.0556,ADJ:0.0692 | ADP:0.0769 | ADV:0.1077 | AUX:0.0538 | CCONJ:0.0308 | DET:0.0462 | INTJ:0.0077 | NOUN:0.1231 | PART:0.0154 | PRON:0.1846 | PROPN:0.0154 | PUNCT:0.0692 | SCONJ:0.0538 | VERB:0.1462,36,130
ADJ:0.0909 | ADP:0.1364 | ADV:0.0909 | AUX:0.0455 | NOUN:0.0909 | PART:0.0455 | PRON:0.1818 | PUNCT:0.0909 | SCONJ:0.0909 | VERB:0.1364,ADJ:0.1111 | ADP:0.0889 | ADV:0.1889 | AUX:0.0444 | CCONJ:0.0444 | DET:0.0111 | NOUN:0.1222 | PRON:0.1333 | PUNCT:0.0889 | SCONJ:0.0333 | VERB:0.1333,22,90
ADJ:0.0556 | ADP:0.0926 | ADV:0.1111 | AUX:0.0926 | CCONJ:0.0370 | NOUN:0.1667 | PRON:0.2037 | PUNCT:0.0556 | SCONJ:0.0926 | VERB:0.0926,ADJ:0.0725 | ADP:0.1014 | ADV:0.1594 | AUX:0.0580 | CCONJ:0.0435 | NOUN:0.1739 | PART:0.0290 | PRON:0.1014 | PUNCT:0.1014 | SCONJ:0.0580 | VERB:0.1014,54,69
ADP:0.0444 | ADV:0.1111 | AUX:0.0889 | CCONJ:0.0222 | DET:0.0222 | NOUN:0.2000 | NUM:0.0222 | PRON:0.1778 | PUNCT:0.0667 | SCONJ:0.0889 | VERB:0.1556,ADJ:0.0811 | ADP:0.1351 | ADV:0.1351 | AUX:0.0811 | CCONJ:0.0405 | NOUN:0.1892 | PART:0.0270 | PRON:0.0946 | PUNCT:0.0946 | SCONJ:0.0405 | VERB:0.0811,45,74
ADJ:0.0755 | ADP:0.0943 | ADV:0.0943 | AUX:0.0755 | CCONJ:0.0189 | DET:0.0377 | NOUN:0.1132 | PART:0.0189 | PRON:0.1509 | PUNCT:0.1321 | SCONJ:0.0377 | SPACE:0.0189 | VERB:0.1321,ADJ:0.0759 | ADP:0.0759 | ADV:0.1139 | AUX:0.0633 | CCONJ:0.0506 | DET:0.0127 | NOUN:0.1772 | PART:0.0253 | PRON:0.1139 | PUNCT:0.1139 | SCONJ:0.0506 | VERB:0.1266,53,79
ADJ:0.1034 | ADP:0.0345 | ADV:0.0690 | AUX:0.0690 | CCONJ:0.0345 | DET:0.0690 | NOUN:0.1724 | PRON:0.0690 | PROPN:0.0345 | PUNCT:0.1379 | SCONJ:0.0345 | SPACE:0.0345 | VERB:0.1379,ADJ:0.0841 | ADP:0.0841 | ADV:0.1028 | AUX:0.0748 | CCONJ:0.0467 | DET:0.0374 | INTJ:0.0093 | NOUN:0.1682 | PART:0.0187 | PRON:0.1215 | PROPN:0.0093 | PUNCT:0.1121 | SCONJ:0.0187 | VERB:0.1121,29,107
ADJ:0.0556 | ADV:0.2778 | AUX:0.1111 | CCONJ:0.0556 | NOUN:0.0556 | NUM:0.0556 | PRON:0.1111 | PUNCT:0.1667 | SCONJ:0.0556 | VERB:0.0556,ADJ:0.0814 | ADP:0.0465 | ADV:0.0930 | AUX:0.0465 | CCONJ:0.0930 | DET:0.0116 | NOUN:0.1744 | NUM:0.0116 | PART:0.0233 | PRON:0.1279 | PUNCT:0.1047 | SCONJ:0.0349 | VERB:0.1512,18,86
ADJ:0.0526 | ADP:0.0702 | ADV:0.0877 | AUX:0.0877 | CCONJ:0.0702 | NOUN:0.0702 | NUM:0.0175 | PART:0.0351 | PRON:0.1754 | PUNCT:0.1228 | SCONJ:0.0526 | SPACE:0.0351 | VERB:0.1228,ADJ:0.1099 | ADP:0.0549 | ADV:0.1319 | AUX:0.0879 | CCONJ:0.0440 | DET:0.0220 | NOUN:0.1099 | PART:0.0659 | PRON:0.1099 | PUNCT:0.0989 | SCONJ:0.0330 | VERB:0.1319,57,91
ADJ:0.0571 | ADP:0.0857 | ADV:0.0857 | AUX:0.0571 | CCONJ:0.0571 | DET:0.0286 | NOUN:0.2000 | PRON:0.1143 | PUNCT:0.0857 | SCONJ:0.0571 | SPACE:0.0286 | VERB:0.1429,ADJ:0.0889 | ADP:0.0556 | ADV:0.1444 | AUX:0.0778 | CCONJ:0.0444 | DET:0.0333 | NOUN:0.1333 | PART:0.0222 | PRON:0.1333 | PUNCT:0.1222 | SCONJ:0.0222 | VERB:0.1222,35,90
ADJ:0.1266 | ADP:0.0506 | ADV:0.1266 | AUX:0.0380 | CCONJ:0.0633 | DET:0.0127 | NOUN:0.0886 | PART:0.0380 | PRON:0.1392 | PUNCT:0.1899 | SCONJ:0.0253 | SPACE:0.0127 | VERB:0.0886,ADJ:0.1034 | ADP:0.0345 | ADV:0.1310 | AUX:0.0759 | CCONJ:0.0621 | DET:0.0069 | NOUN:0.1034 | PART:0.0345 | PRON:0.1586 | PROPN:0.0069 | PUNCT:0.1103 | SCONJ:0.0552 | VERB:0.1172,79,145
NOUN:0.6667 | SPACE:0.3333,ADJ:0.0818 | ADP:0.0503 | ADV:0.1195 | AUX:0.0692 | CCONJ:0.0377 | DET:0.0252 | NOUN:0.1132 | NUM:0.0063 | PART:0.0377 | PRON:0.1572 | PROPN:0.0063 | PUNCT:0.1321 | SCONJ:0.0503 | SPACE:0.0063 | VERB:0.1069,3,159
ADJ:0.0294 | ADP:0.0735 | ADV:0.2353 | AUX:0.0588 | CCONJ:0.0735 | DET:0.0294 | NOUN:0.0441 | PART:0.0441 | PRON:0.1176 | PUNCT:0.1029 | SCONJ:0.0294 | SPACE:0.0441 | VERB:0.1176,ADJ:0.0787 | ADP:0.0630 | ADV:0.1260 | AUX:0.0866 | CCONJ:0.0394 | DET:0.0236 | NOUN:0.1181 | PART:0.0630 | PRON:0.1339 | PUNCT:0.1024 | SCONJ:0.0472 | VERB:0.1181,68,127
ADJ:0.0263 | ADP:0.1053 | ADV:0.2368 | NOUN:0.0789 | PART:0.0263 | PRON:0.1579 | PUNCT:0.1842 | SCONJ:0.0526 | VERB:0.1316,ADJ:0.0694 | ADP:0.0556 | ADV:0.1597 | AUX:0.0833 | CCONJ:0.0417 | DET:0.0208 | NOUN:0.1667 | PART:0.0417 | PRON:0.0903 | PROPN:0.0069 | PUNCT:0.1250 | SCONJ:0.0347 | VERB:0.1042,38,144
ADP:0.0690 | ADV:0.2414 | AUX:0.0345 | NOUN:0.0345 | PRON:0.2759 | PUNCT:0.1034 | SCONJ:0.0345 | SPACE:0.0690 | VERB:0.1379,ADJ:0.0774 | ADP:0.0968 | ADV:0.0903 | AUX:0.0645 | CCONJ:0.0387 | DET:0.0129 | NOUN:0.1419 | PART:0.0387 | PRON:0.1419 | PROPN:0.0065 | PUNCT:0.1419 | SCONJ:0.0387 | VERB:0.1097,29,155
ADJ:0.1250 | ADP:0.0750 | ADV:0.1000 | AUX:0.0500 | CCONJ:0.0250 | INTJ:0.0250 | NOUN:0.1500 | PART:0.0250 | PRON:0.1250 | PUNCT:0.1750 | SCONJ:0.0250 | VERB:0.1000,ADJ:0.0988 | ADP:0.0698 | ADV:0.1628 | AUX:0.0523 | CCONJ:0.0407 | DET:0.0116 | NOUN:0.1570 | PART:0.0291 | PRON:0.1105 | PROPN:0.0058 | PUNCT:0.0988 | SCONJ:0.0523 | SPACE:0.0058 | VERB:0.1047,40,172
ADJ:0.0486 | ADP:0.0694 | ADV:0.1250 | AUX:0.0347 | CCONJ:0.0278 | DET:0.0486 | NOUN:0.1181 | PART:0.0278 | PRON:0.1458 | PROPN:0.0278 | PUNCT:0.1181 | SCONJ:0.0486 | SPACE:0.0069 | VERB:0.1528,ADJ:0.0993 | ADP:0.0567 | ADV:0.1206 | AUX:0.0426 | CCONJ:0.0567 | DET:0.0284 | NOUN:0.1702 | PART:0.0355 | PRON:0.1135 | PUNCT:0.1064 | SCONJ:0.0426 | SPACE:0.0071 | VERB:0.1206,144,141
ADJ:0.1005 | ADP:0.0741 | ADV:0.0582 | AUX:0.0582 | CCONJ:0.0106 | DET:0.0794 | NOUN:0.1905 | PART:0.0106 | PRON:0.0529 | PROPN:0.0265 | PUNCT:0.1111 | SCONJ:0.0370 | SPACE:0.0688 | VERB:0.1217,ADJ:0.0889 | ADP:0.0778 | ADV:0.1167 | AUX:0.0778 | CCONJ:0.0500 | DET:0.0222 | NOUN:0.1444 | PART:0.0333 | PRON:0.1333 | PROPN:0.0056 | PUNCT:0.1278 | SCONJ:0.0222 | SPACE:0.0056 | VERB:0.0944,189,180
ADJ:0.1042 | ADP:0.0417 | ADV:0.1458 | AUX:0.0625 | CCONJ:0.0625 | DET:0.0833 | NOUN:0.0833 | PART:0.0417 | PRON:0.0625 | PUNCT:0.0625 | SPACE:0.1667 | VERB:0.0833,ADJ:0.1000 | ADP:0.0857 | ADV:0.1071 | AUX:0.0500 | CCONJ:0.0429 | DET:0.0357 | NOUN:0.1500 | PART:0.0429 | PRON:0.1286 | PUNCT:0.1214 | SCONJ:0.0214 | VERB:0.1143,48,140
ADJ:0.0889 | ADP:0.0667 | ADV:0.1778 | AUX:0.0889 | CCONJ:0.0222 | DET:0.0222 | NOUN:0.0889 | NUM:0.0222 | PART:0.0444 | PRON:0.1111 | PUNCT:0.1778 | SCONJ:0.0222 | SPACE:0.0222 | VERB:0.0444,ADJ:0.0915 | ADP:0.0634 | ADV:0.1268 | AUX:0.0704 | CCONJ:0.0634 | DET:0.0211 | INTJ:0.0070 | NOUN:0.1197 | PART:0.0282 | PRON:0.1268 | PROPN:0.0070 | PUNCT:0.1268 | SCONJ:0.0141 | VERB:0.1338,45,142
ADJ:0.0556 | ADP:0.1111 | AUX:0.0556 | DET:0.0556 | NOUN:0.3333 | PART:0.0556 | PRON:0.1111 | PUNCT:0.1111 | VERB:0.1111,ADJ:0.0780 | ADP:0.0634 | ADV:0.1512 | AUX:0.0585 | CCONJ:0.0537 | DET:0.0244 | NOUN:0.1220 | PART:0.0293 | PRON:0.1122 | PROPN:0.0049 | PUNCT:0.1366 | SCONJ:0.0341 | SPACE:0.0049 | VERB:0.1268,18,205
ADJ:0.0698 | ADP:0.0543 | ADV:0.2248 | AUX:0.0388 | CCONJ:0.0233 | DET:0.0543 | NOUN:0.1240 | PART:0.0078 | PRON:0.1085 | PUNCT:0.1240 | SCONJ:0.0543 | SPACE:0.0155 | VERB:0.1008,ADJ:0.1216 | ADP:0.0270 | ADV:0.1554 | AUX:0.0676 | CCONJ:0.0743 | DET:0.0203 | NOUN:0.1081 | PART:0.0270 | PRON:0.1216 | PROPN:0.0068 | PUNCT:0.0811 | SCONJ:0.0676 | VERB:0.1216,129,148
ADJ:0.0462 | ADP:0.0615 | ADV:0.1538 | AUX:0.0769 | CCONJ:0.0308 | DET:0.0077 | NOUN:0.0462 | PART:0.0692 | PRON:0.1308 | PROPN:0.0077 | PUNCT:0.1000 | SCONJ:0.0154 | SPACE:0.1538 | VERB:0.1000,ADJ:0.1156 | ADP:0.0476 | ADV:0.0884 | AUX:0.0612 | CCONJ:0.0680 | DET:0.0476 | NOUN:0.1361 | PART:0.0340 | PRON:0.1429 | PUNCT:0.0884 | SCONJ:0.0476 | VERB:0.1224,130,147
ADJ:0.0385 | ADP:0.1154 | ADV:0.2308 | AUX:0.0769 | DET:0.0769 | NOUN:0.1154 | PRON:0.1154 | PUNCT:0.1923 | VERB:0.0385,ADJ:0.0701 | ADP:0.0701 | ADV:0.1401 | AUX:0.0573 | CCONJ:0.0510 | DET:0.0255 | NOUN:0.1401 | PART:0.0191 | PRON:0.1338 | PROPN:0.0064 | PUNCT:0.1338 | SCONJ:0.0382 | VERB:0.1146,26,157
ADJ:0.0714 | ADP:0.0714 | ADV:0.2857 | DET:0.0714 | NOUN:0.1429 | NUM:0.0714 | PRON:0.0714 | PUNCT:0.1429 | VERB:0.0714,ADJ:0.1006 | ADP:0.0888 | ADV:0.1302 | AUX:0.0533 | CCONJ:0.0473 | DET:0.0237 | NOUN:0.1598 | PART:0.0296 | PRON:0.1302 | PUNCT:0.1243 | SCONJ:0.0237 | VERB:0.0888,14,169
ADJ:0.0312 | ADP:0.0625 | ADV:0.1250 | AUX:0.0312 | CCONJ:0.0938 | DET:0.0312 | NOUN:0.1562 | PART:0.0625 | PRON:0.1562 | PUNCT:0.0938 | VERB:0.1562,ADJ:0.0805 | ADP:0.0805 | ADV:0.1141 | AUX:0.0537 | CCONJ:0.0403 | DET:0.0537 | NOUN:0.1477 | PART:0.0336 | PRON:0.1409 | PUNCT:0.0940 | SCONJ:0.0336 | VERB:0.1275,32,149
ADJ:0.0750 | ADP:0.1250 | ADV:0.1000 | AUX:0.0750 | CCONJ:0.0250 | DET:0.0250 | NOUN:0.1000 | PART:0.0500 | PRON:0.1250 | PUNCT:0.1250 | SCONJ:0.0250 | SPACE:0.0250 | VERB:0.1250,ADJ:0.1045 | ADP:0.0597 | ADV:0.1418 | AUX:0.0522 | CCONJ:0.0672 | DET:0.0149 | NOUN:0.1418 | PART:0.0522 | PRON:0.0970 | PROPN:0.0149 | PUNCT:0.1343 | SCONJ:0.0224 | VERB:0.0970,40,134
ADJ:0.0667 | ADP:0.1333 | ADV:0.1000 | DET:0.1333 | NOUN:0.2000 | PRON:0.1000 | PROPN:0.0333 | PUNCT:0.1000 | SCONJ:0.0667 | VERB:0.0667,ADJ:0.0904 | ADP:0.0361 | ADV:0.0843 | AUX:0.0602 | CCONJ:0.0723 | DET:0.0361 | NOUN:0.1325 | PART:0.0422 | PRON:0.1325 | PROPN:0.0060 | PUNCT:0.1024 | SCONJ:0.0542 | SPACE:0.0060 | VERB:0.1446,30,166
ADJ:0.0769 | ADP:0.0513 | ADV:0.1795 | AUX:0.0256 | CCONJ:0.1026 | DET:0.0256 | NOUN:0.1538 | PART:0.0513 | PRON:0.1026 | PUNCT:0.0769 | VERB:0.1538,ADJ:0.0719 | ADP:0.0504 | ADV:0.1367 | AUX:0.0719 | CCONJ:0.0576 | DET:0.0216 | NOUN:0.1223 | PART:0.0216 | PRON:0.1655 | PUNCT:0.0647 | SCONJ:0.0576 | VERB:0.1583,39,139
ADJ:0.0455 | ADP:0.1364 | ADV:0.1818 | AUX:0.0227 | CCONJ:0.0455 | DET:0.0227 | NOUN:0.2045 | PART:0.0227 | PRON:0.0909 | PUNCT:0.1364 | VERB:0.0909,ADJ:0.0789 | ADP:0.0842 | ADV:0.1211 | AUX:0.0684 | CCONJ:0.0421 | DET:0.0211 | NOUN:0.1368 | PART:0.0421 | PRON:0.1211 | PROPN:0.0053 | PUNCT:0.1053 | SCONJ:0.0368 | SPACE:0.0105 | VERB:0.1263,44,190
ADJ:0.0824 | ADP:0.1059 | ADV:0.0824 | AUX:0.0235 | CCONJ:0.0471 | DET:0.0353 | NOUN:0.1765 | PART:0.0824 | PRON:0.0471 | PROPN:0.0118 | PUNCT:0.1882 | SCONJ:0.0118 | SPACE:0.0118 | VERB:0.0941,ADJ:0.0935 | ADP:0.0607 | ADV:0.1495 | AUX:0.0514 | CCONJ:0.0514 | DET:0.0280 | NOUN:0.1308 | PART:0.0280 | PRON:0.1121 | PUNCT:0.1308 | SCONJ:0.0234 | SPACE:0.0093 | VERB:0.1308,85,214
ADJ:0.0526 | ADP:0.1053 | ADV:0.2105 | CCONJ:0.0526 | NOUN:0.1579 | PRON:0.1053 | PUNCT:0.1053 | SCONJ:0.0526 | SPACE:0.1053 | VERB:0.0526,ADJ:0.1041 | ADP:0.0588 | ADV:0.1403 | AUX:0.0724 | CCONJ:0.0498 | DET:0.0362 | INTJ:0.0045 | NOUN:0.1131 | PART:0.0136 | PRON:0.1222 | PUNCT:0.1493 | SCONJ:0.0136 | SPACE:0.0090 | VERB:0.1131,19,221
ADP:0.0417 | ADV:0.2083 | AUX:0.0417 | DET:0.0417 | NOUN:0.0417 | PART:0.0417 | PRON:0.1667 | PROPN:0.0417 | PUNCT:0.2083 | SCONJ:0.0417 | SPACE:0.0417 | VERB:0.0833,ADJ:0.0959 | ADP:0.0548 | ADV:0.1370 | AUX:0.0822 | CCONJ:0.0479 | DET:0.0342 | NOUN:0.1164 | PART:0.0411 | PRON:0.1370 | PROPN:0.0068 | PUNCT:0.0822 | SCONJ:0.0479 | VERB:0.1164,24,146
ADJ:0.1481 | ADP:0.0370 | ADV:0.0370 | AUX:0.0370 | CCONJ:0.0370 | DET:0.0741 | INTJ:0.0370 | NOUN:0.2222 | PRON:0.0370 | PROPN:0.0741 | PUNCT:0.1481 | VERB:0.1111,ADJ:0.1034 | ADP:0.0759 | ADV:0.1241 | AUX:0.0759 | CCONJ:0.0759 | DET:0.0276 | NOUN:0.1517 | PART:0.0207 | PRON:0.0966 | PUNCT:0.1448 | SCONJ:0.0207 | VERB:0.0828,27,145
ADJ:0.0422 | ADP:0.0542 | ADV:0.3855 | AUX:0.0120 | CCONJ:0.0120 | DET:0.0241 | NOUN:0.1084 | NUM:0.0181 | PART:0.0060 | PRON:0.0241 | PROPN:0.0181 | PUNCT:0.1687 | SPACE:0.0482 | SYM:0.0060 | VERB:0.0723,ADJ:0.0730 | ADP:0.0803 | ADV:0.1168 | AUX:0.0511 | CCONJ:0.0657 | DET:0.0438 | NOUN:0.1679 | PART:0.0219 | PRON:0.1022 | PUNCT:0.1533 | SCONJ:0.0219 | VERB:0.1022,166,137
ADJ:0.0755 | ADP:0.0755 | ADV:0.1698 | AUX:0.0755 | CCONJ:0.0377 | DET:0.0566 | NOUN:0.1321 | PART:0.0189 | PRON:0.1509 | PUNCT:0.0566 | SCONJ:0.0189 | SPACE:0.0189 | VERB:0.1132,ADJ:0.0652 | ADP:0.0797 | ADV:0.1377 | AUX:0.0435 | CCONJ:0.0507 | DET:0.0145 | NOUN:0.1304 | NUM:0.0072 | PART:0.0290 | PRON:0.1087 | PROPN:0.0072 | PUNCT:0.1377 | SCONJ:0.0435 | VERB:0.1449,53,138
ADJ:0.0526 | ADP:0.1579 | ADV:0.1316 | AUX:0.0263 | CCONJ:0.0526 | NOUN:0.1842 | PRON:0.1842 | PUNCT:0.0789 | SPACE:0.0263 | VERB:0.1053,ADJ:0.1104 | ADP:0.0779 | ADV:0.1039 | AUX:0.0584 | CCONJ:0.0455 | DET:0.0195 | INTJ:0.0065 | NOUN:0.1299 | PART:0.0584 | PRON:0.1104 | PUNCT:0.1364 | SCONJ:0.0260 | SPACE:0.0065 | VERB:0.1104,38,154
ADJ:0.0351 | ADP:0.0702 | ADV:0.1316 | AUX:0.0614 | CCONJ:0.0702 | DET:0.0439 | NOUN:0.0965 | NUM:0.0088 | PART:0.0439 | PRON:0.1316 | PUNCT:0.1404 | SCONJ:0.0263 | VERB:0.1404,ADJ:0.1138 | ADP:0.0599 | ADV:0.1198 | AUX:0.0659 | CCONJ:0.0479 | DET:0.0359 | NOUN:0.1437 | PART:0.0419 | PRON:0.1078 | PUNCT:0.1078 | SCONJ:0.0359 | VERB:0.1198,114,167
ADJ:0.0889 | ADP:0.1333 | ADV:0.1556 | AUX:0.0667 | CCONJ:0.0444 | NOUN:0.1333 | PART:0.0444 | PRON:0.1111 | PROPN:0.0222 | PUNCT:0.1111 | SCONJ:0.0444 | VERB:0.0444,ADJ:0.0864 | ADP:0.0556 | ADV:0.1358 | AUX:0.0617 | CCONJ:0.0494 | DET:0.0370 | NOUN:0.1358 | PART:0.0185 | PRON:0.1049 | PROPN:0.0062 | PUNCT:0.1296 | SCONJ:0.0617 | SPACE:0.0062 | VERB:0.1111,45,162
ADP:0.1333 | ADV:0.2000 | DET:0.0667 | NOUN:0.2000 | PART:0.0667 | PRON:0.0667 | PUNCT:0.2000 | VERB:0.0667,ADJ:0.1047 | ADP:0.0988 | ADV:0.1105 | AUX:0.0349 | CCONJ:0.0640 | DET:0.0058 | NOUN:0.1395 | PART:0.0756 | PRON:0.0930 | PROPN:0.0058 | PUNCT:0.1047 | SCONJ:0.0233 | SPACE:0.0058 | VERB:0.1337,15,172
ADJ:0.0612 | ADP:0.0612 | ADV:0.0204 | AUX:0.1020 | CCONJ:0.0816 | DET:0.0408 | NOUN:0.1224 | PART:0.0408 | PRON:0.2245 | PUNCT:0.0816 | SCONJ:0.0204 | VERB:0.1429,ADJ:0.0513 | ADP:0.0684 | ADV:0.1282 | AUX:0.0769 | CCONJ:0.0171 | DET:0.0256 | NOUN:0.1538 | PART:0.0342 | PRON:0.1453 | PUNCT:0.0940 | SCONJ:0.0684 | VERB:0.1368,49,117
ADJ:0.1463 | ADP:0.1220 | ADV:0.0732 | AUX:0.0732 | DET:0.0488 | NOUN:0.1463 | NUM:0.0488 | PRON:0.0976 | PUNCT:0.0976 | SCONJ:0.0976 | VERB:0.0488,ADJ:0.0606 | ADP:0.0455 | ADV:0.0833 | AUX:0.0606 | CCONJ:0.0455 | DET:0.0152 | INTJ:0.0076 | NOUN:0.1439 | PART:0.0152 | PRON:0.1591 | PROPN:0.0152 | PUNCT:0.0985 | SCONJ:0.0758 | VERB:0.1742,41,132
ADJ:0.1351 | ADP:0.0811 | ADV:0.1081 | AUX:0.0541 | NOUN:0.1622 | PART:0.0541 | PRON:0.1351 | PUNCT:0.0811 | SCONJ:0.0270 | SPACE:0.0270 | VERB:0.1351,ADJ:0.0451 | ADP:0.0526 | ADV:0.1128 | AUX:0.0902 | CCONJ:0.0376 | DET:0.0150 | INTJ:0.0075 | NOUN:0.1429 | PART:0.0451 | PRON:0.1654 | PUNCT:0.1053 | SCONJ:0.0301 | VERB:0.1504,37,133
ADJ:0.0303 | ADP:0.1212 | ADV:0.2424 | AUX:0.0303 | DET:0.0909 | NOUN:0.1212 | PRON:0.1515 | PUNCT:0.0909 | VERB:0.1212,ADJ:0.0547 | ADP:0.0391 | ADV:0.1484 | AUX:0.0625 | CCONJ:0.0391 | DET:0.0156 | NOUN:0.1641 | PART:0.0078 | PRON:0.1719 | PROPN:0.0078 | PUNCT:0.1016 | SCONJ:0.0469 | SPACE:0.0078 | VERB:0.1328,33,128
ADJ:0.0370 | ADP:0.1296 | ADV:0.1111 | AUX:0.0185 | CCONJ:0.0185 | DET:0.0185 | NOUN:0.1296 | PRON:0.1852 | PUNCT:0.0926 | SCONJ:0.0556 | SPACE:0.0185 | VERB:0.1852,ADJ:0.0625 | ADP:0.0893 | ADV:0.0893 | AUX:0.0536 | CCONJ:0.0625 | DET:0.0357 | NOUN:0.2143 | PART:0.0357 | PRON:0.1071 | PUNCT:0.0804 | SCONJ:0.0357 | VERB:0.1339,54,112
ADJ:0.0795 | ADP:0.0682 | ADV:0.1250 | AUX:0.0227 | CCONJ:0.0909 | DET:0.0227 | NOUN:0.1477 | NUM:0.0114 | PART:0.0341 | PRON:0.0568 | PROPN:0.0909 | PUNCT:0.1932 | SCONJ:0.0114 | VERB:0.0455,ADJ:0.1077 | ADP:0.0615 | ADV:0.1077 | AUX:0.0308 | CCONJ:0.0769 | DET:0.0308 | INTJ:0.0154 | NOUN:0.1077 | PART:0.0154 | PRON:0.0615 | PROPN:0.0769 | PUNCT:0.1077 | SCONJ:0.0615 | VERB:0.1385,88,65
ADJ:0.0933 | ADP:0.0400 | ADV:0.1067 | AUX:0.0933 | CCONJ:0.0400 | DET:0.0267 | NOUN:0.1867 | PART:0.0267 | PRON:0.1067 | PUNCT:0.1333 | SCONJ:0.0133 | SPACE:0.0133 | VERB:0.1200,ADJ:0.0889 | ADP:0.0778 | ADV:0.1222 | AUX:0.0667 | CCONJ:0.0556 | DET:0.0222 | INTJ:0.0111 | NOUN:0.1556 | PART:0.0111 | PRON:0.0889 | PROPN:0.0444 | PUNCT:0.1111 | SCONJ:0.0333 | VERB:0.1111,75,90
ADJ:0.0417 | ADP:0.0833 | ADV:0.1667 | AUX:0.0417 | CCONJ:0.0833 | NOUN:0.2917 | PART:0.0417 | PROPN:0.1667 | PUNCT:0.0833,ADJ:0.1286 | ADP:0.1000 | ADV:0.0714 | AUX:0.0714 | CCONJ:0.0286 | DET:0.0429 | INTJ:0.0143 | NOUN:0.1571 | NUM:0.0143 | PART:0.0143 | PRON:0.1000 | PROPN:0.0429 | PUNCT:0.0857 | SCONJ:0.0286 | VERB:0.1000,24,70
ADJ:0.0256 | ADP:0.0769 | ADV:0.1282 | AUX:0.1282 | CCONJ:0.0513 | DET:0.0256 | INTJ:0.0256 | NOUN:0.0769 | PART:0.0513 | PRON:0.1026 | PUNCT:0.1282 | SCONJ:0.0256 | SPACE:0.0513 | VERB:0.1026,ADJ:0.1014 | ADP:0.0435 | ADV:0.1159 | AUX:0.1014 | CCONJ:0.0290 | DET:0.0290 | INTJ:0.0145 | NOUN:0.1304 | PART:0.0435 | PRON:0.1014 | PROPN:0.0290 | PUNCT:0.1159 | SCONJ:0.0290 | VERB:0.1159,39,69
ADJ:0.1090 | ADP:0.0641 | ADV:0.1346 | AUX:0.0769 | CCONJ:0.0513 | DET:0.0128 | NOUN:0.1538 | PART:0.0321 | PRON:0.0833 | PROPN:0.0385 | PUNCT:0.1282 | SCONJ:0.0256 | SPACE:0.0128 | VERB:0.0769,ADJ:0.1017 | ADP:0.0847 | ADV:0.1017 | AUX:0.0339 | CCONJ:0.0339 | DET:0.0169 | INTJ:0.0169 | NOUN:0.2203 | PRON:0.1186 | PROPN:0.0169 | PUNCT:0.1186 | SCONJ:0.0508 | VERB:0.0847,156,59
ADJ:0.1134 | ADP:0.0515 | ADV:0.1134 | AUX:0.0722 | CCONJ:0.0309 | DET:0.0515 | NOUN:0.1546 | NUM:0.0206 | PART:0.0103 | PRON:0.0515 | PROPN:0.1031 | PUNCT:0.1340 | SCONJ:0.0103 | SPACE:0.0103 | VERB:0.0722,ADJ:0.0805 | ADP:0.0920 | ADV:0.1264 | AUX:0.0805 | CCONJ:0.0575 | DET:0.0115 | NOUN:0.1379 | NUM:0.0115 | PART:0.0230 | PRON:0.0920 | PROPN:0.0460 | PUNCT:0.1034 | SCONJ:0.0345 | VERB:0.1034,97,87
ADJ:0.1000 | ADP:0.0500 | ADV:0.1000 | AUX:0.0500 | CCONJ:0.1000 | INTJ:0.0500 | NOUN:0.1000 | PRON:0.1000 | PROPN:0.0500 | PUNCT:0.2000 | VERB:0.1000,ADJ:0.1159 | ADP:0.0725 | ADV:0.0580 | AUX:0.0580 | CCONJ:0.0580 | DET:0.0145 | INTJ:0.0145 | NOUN:0.1594 | PART:0.0290 | PRON:0.1014 | PROPN:0.0580 | PUNCT:0.1159 | SCONJ:0.0290 | VERB:0.1159,20,69
ADP:0.0667 | ADV:0.2000 | AUX:0.0667 | DET:0.0667 | NOUN:0.0667 | PRON:0.2000 | PUNCT:0.1333 | SCONJ:0.0667 | VERB:0.1333,ADJ:0.1562 | ADP:0.0625 | ADV:0.0938 | AUX:0.0625 | CCONJ:0.0312 | DET:0.0469 | INTJ:0.0156 | NOUN:0.1094 | PART:0.0156 | PRON:0.0938 | PROPN:0.0625 | PUNCT:0.1406 | SCONJ:0.0312 | VERB:0.0781,15,64
ADJ:0.0671 | ADP:0.0604 | ADV:0.1141 | AUX:0.1074 | CCONJ:0.0537 | DET:0.0403 | NOUN:0.1544 | PART:0.0336 | PRON:0.1141 | PROPN:0.0134 | PUNCT:0.0470 | SCONJ:0.0336 | SPACE:0.0134 | VERB:0.1477,ADJ:0.0971 | ADP:0.1456 | ADV:0.0971 | AUX:0.0388 | CCONJ:0.0388 | DET:0.0583 | NOUN:0.1650 | PART:0.0097 | PRON:0.1165 | PUNCT:0.0583 | SCONJ:0.0485 | VERB:0.1262,149,103
ADJ:0.1346 | ADP:0.0769 | ADV:0.1538 | AUX:0.0577 | CCONJ:0.0192 | NOUN:0.2115 | PRON:0.0385 | PUNCT:0.0962 | SCONJ:0.0769 | SPACE:0.0385 | VERB:0.0962,ADJ:0.1000 | ADP:0.1100 | ADV:0.0900 | AUX:0.0300 | CCONJ:0.0600 | DET:0.0600 | NOUN:0.2000 | PRON:0.1000 | PUNCT:0.1000 | SCONJ:0.0400 | VERB:0.1100,52,100
ADJ:0.1143 | ADP:0.0857 | ADV:0.1286 | AUX:0.1286 | CCONJ:0.0286 | DET:0.0143 | NOUN:0.0857 | PART:0.0429 | PRON:0.1571 | PUNCT:0.0571 | SCONJ:0.0429 | SPACE:0.0143 | VERB:0.1000,ADJ:0.0734 | ADP:0.1284 | ADV:0.0826 | AUX:0.0092 | CCONJ:0.0642 | DET:0.0367 | NOUN:0.2018 | PART:0.0092 | PRON:0.1468 | PUNCT:0.0826 | SCONJ:0.0275 | VERB:0.1376,70,109
ADJ:0.1091 | ADP:0.0727 | ADV:0.1091 | AUX:0.0545 | CCONJ:0.0364 | NOUN:0.2727 | NUM:0.0545 | PRON:0.0545 | PUNCT:0.1273 | VERB:0.1091,ADJ:0.1023 | ADP:0.1705 | ADV:0.1136 | AUX:0.0227 | CCONJ:0.0455 | DET:0.0227 | NOUN:0.1818 | PRON:0.1364 | PUNCT:0.0682 | SCONJ:0.0341 | VERB:0.1023,55,88
ADJ:0.0645 | ADP:0.1129 | ADV:0.0484 | AUX:0.0323 | CCONJ:0.0484 | DET:0.0645 | INTJ:0.0161 | NOUN:0.2581 | PART:0.0323 | PRON:0.0645 | PUNCT:0.1290 | SCONJ:0.0161 | SPACE:0.0323 | VERB:0.0806,ADJ:0.1099 | ADP:0.0879 | ADV:0.1099 | AUX:0.0220 | CCONJ:0.0440 | DET:0.0549 | INTJ:0.0110 | NOUN:0.1978 | PART:0.0110 | PRON:0.1099 | PUNCT:0.1209 | SCONJ:0.0330 | VERB:0.0879,62,91
ADJ:0.0674 | ADP:0.0955 | ADV:0.0506 | AUX:0.0787 | CCONJ:0.0506 | DET:0.0169 | NOUN:0.2640 | NUM:0.0337 | PART:0.0393 | PRON:0.0787 | PUNCT:0.1067 | SCONJ:0.0169 | SPACE:0.0337 | VERB:0.0674,ADJ:0.0659 | ADP:0.1099 | ADV:0.1538 | AUX:0.0330 | CCONJ:0.0440 | DET:0.0110 | INTJ:0.0110 | NOUN:0.1648 | PART:0.0110 | PRON:0.1209 | PUNCT:0.1319 | SCONJ:0.0440 | VERB:0.0989,178,91
ADJ:0.0519 | ADP:0.0779 | ADV:0.1039 | AUX:0.0649 | CCONJ:0.0130 | DET:0.0779 | NOUN:0.1688 | PART:0.0260 | PRON:0.0909 | PUNCT:0.1039 | SCONJ:0.0519 | SPACE:0.0130 | VERB:0.1558,ADJ:0.0957 | ADP:0.0957 | ADV:0.1170 | AUX:0.0426 | CCONJ:0.0638 | DET:0.0213 | INTJ:0.0106 | NOUN:0.1702 | PRON:0.1383 | PUNCT:0.1064 | SCONJ:0.0426 | VERB:0.0957,77,94
ADJ:0.0909 | ADP:0.0988 | ADV:0.0988 | AUX:0.0474 | CCONJ:0.0277 | DET:0.0277 | INTJ:0.0040 | NOUN:0.2095 | NUM:0.0158 | PART:0.0198 | PRON:0.1067 | PROPN:0.0079 | PUNCT:0.0949 | SCONJ:0.0395 | SPACE:0.0079 | VERB:0.1028,ADJ:0.0642 | ADP:0.0917 | ADV:0.1009 | AUX:0.0275 | CCONJ:0.0459 | DET:0.0459 | NOUN:0.1651 | PART:0.0092 | PRON:0.1284 | PUNCT:0.1193 | SCONJ:0.0734 | VERB:0.1284,253,109
ADJ:0.1250 | ADP:0.0417 | ADV:0.1667 | AUX:0.0417 | CCONJ:0.0417 | DET:0.0417 | NOUN:0.1667 | PART:0.0833 | PRON:0.1250 | PUNCT:0.0417 | SCONJ:0.0417 | VERB:0.0833,ADJ:0.0874 | ADP:0.1359 | ADV:0.1456 | AUX:0.0291 | CCONJ:0.0388 | DET:0.0194 | NOUN:0.1553 | PART:0.0194 | PRON:0.1165 | PUNCT:0.1068 | SCONJ:0.0291 | VERB:0.1165,24,103
ADJ:0.0227 | ADP:0.0909 | ADV:0.0682 | AUX:0.0227 | CCONJ:0.0455 | DET:0.0455 | NOUN:0.2727 | PART:0.0455 | PRON:0.1818 | PUNCT:0.0682 | SYM:0.0227 | VERB:0.1136,ADJ:0.0602 | ADP:0.0843 | ADV:0.1325 | AUX:0.0241 | CCONJ:0.0482 | DET:0.0361 | INTJ:0.0120 | NOUN:0.2048 | PART:0.0241 | PRON:0.1084 | PUNCT:0.0964 | SCONJ:0.0602 | VERB:0.1084,44,83
ADJ:0.0649 | ADP:0.0649 | ADV:0.1299 | AUX:0.0390 | CCONJ:0.0260 | DET:0.0779 | NOUN:0.1948 | NUM:0.0130 | PRON:0.0649 | PUNCT:0.1299 | SCONJ:0.0519 | VERB:0.1429,ADJ:0.0920 | ADP:0.1034 | ADV:0.1264 | AUX:0.0345 | CCONJ:0.0690 | DET:0.0460 | NOUN:0.1609 | PART:0.0115 | PRON:0.1149 | PUNCT:0.1149 | SCONJ:0.0115 | VERB:0.1149,77,87
ADJ:0.1081 | ADP:0.1081 | ADV:0.0541 | AUX:0.0811 | CCONJ:0.0541 | NOUN:0.1351 | PART:0.0541 | PRON:0.0811 | PROPN:0.0270 | PUNCT:0.1081 | SCONJ:0.0270 | VERB:0.1622,ADJ:0.0735 | ADP:0.0882 | ADV:0.1765 | AUX:0.0441 | CCONJ:0.0294 | DET:0.0294 | NOUN:0.2059 | PRON:0.1029 | PUNCT:0.0882 | SCONJ:0.0735 | VERB:0.0882,37,68
ADJ:0.0685 | ADP:0.0548 | ADV:0.0411 | AUX:0.0822 | CCONJ:0.0137 | DET:0.0548 | NOUN:0.1781 | PART:0.0411 | PRON:0.1233 | PUNCT:0.1370 | SCONJ:0.0685 | VERB:0.1370,ADJ:0.0392 | ADP:0.0980 | ADV:0.1275 | AUX:0.0196 | CCONJ:0.0490 | DET:0.0392 | INTJ:0.0098 | NOUN:0.2059 | PART:0.0196 | PRON:0.1373 | PUNCT:0.0882 | SCONJ:0.0294 | VERB:0.1373,73,102
ADJ:0.0588 | ADP:0.0294 | ADV:0.1029 | AUX:0.0588 | CCONJ:0.0147 | DET:0.0441 | NOUN:0.1765 | PART:0.0441 | PRON:0.1765 | PROPN:0.0588 | PUNCT:0.0588 | SCONJ:0.0294 | SPACE:0.0147 | VERB:0.1324,ADJ:0.0978 | ADP:0.0870 | ADV:0.1413 | AUX:0.0326 | CCONJ:0.0652 | DET:0.0109 | INTJ:0.0109 | NOUN:0.1522 | PRON:0.1304 | PUNCT:0.1413 | SCONJ:0.0217 | VERB:0.1087,68,92
ADJ:0.1333 | ADP:0.0333 | ADV:0.0667 | AUX:0.0833 | CCONJ:0.0167 | DET:0.0333 | NOUN:0.1333 | PART:0.0500 | PRON:0.1167 | PROPN:0.0333 | PUNCT:0.1000 | SCONJ:0.0667 | VERB:0.1333,ADJ:0.0642 | ADP:0.1284 | ADV:0.1284 | AUX:0.0183 | CCONJ:0.0734 | DET:0.0367 | NOUN:0.1927 | PRON:0.1193 | PUNCT:0.1101 | SCONJ:0.0092 | VERB:0.1193,60,109
ADJ:0.0714 | ADP:0.0714 | ADV:0.1429 | AUX:0.0238 | CCONJ:0.0238 | DET:0.0238 | NOUN:0.1190 | PART:0.0238 | PRON:0.1667 | PROPN:0.0476 | PUNCT:0.0714 | SCONJ:0.0238 | SPACE:0.0238 | VERB:0.1667,ADJ:0.0652 | ADP:0.1087 | ADV:0.1522 | AUX:0.0543 | CCONJ:0.0652 | DET:0.0217 | INTJ:0.0109 | NOUN:0.1848 | PART:0.0109 | PRON:0.1087 | PUNCT:0.0978 | SCONJ:0.0326 | VERB:0.0870,42,92
ADJ:0.0952 | ADP:0.1429 | ADV:0.0952 | CCONJ:0.0238 | DET:0.0238 | NOUN:0.3095 | PART:0.0476 | PROPN:0.0238 | PUNCT:0.0476 | SPACE:0.0952 | VERB:0.0952,ADJ:0.0802 | ADP:0.0909 | ADV:0.0481 | AUX:0.0695 | CCONJ:0.0321 | DET:0.0214 | INTJ:0.0053 | NOUN:0.2032 | NUM:0.0214 | PART:0.0214 | PRON:0.0909 | PROPN:0.0107 | PUNCT:0.1551 | SCONJ:0.0374 | SPACE:0.0107 | SYM:0.0053 | VERB:0.0963,42,187
ADJ:0.0317 | ADP:0.1270 | ADV:0.1429 | CCONJ:0.0317 | DET:0.0159 | NOUN:0.1746 | NUM:0.0159 | PRON:0.0794 | PROPN:0.0794 | PUNCT:0.1111 | SCONJ:0.0317 | SPACE:0.0476 | SYM:0.0159 | VERB:0.0952,ADJ:0.0627 | ADP:0.0863 | ADV:0.0941 | AUX:0.0510 | CCONJ:0.0353 | DET:0.0235 | INTJ:0.0039 | NOUN:0.1686 | NUM:0.0118 | PART:0.0118 | PRON:0.1098 | PROPN:0.0078 | PUNCT:0.1569 | SCONJ:0.0471 | SPACE:0.0157 | VERB:0.1137,63,255
ADJ:0.0581 | ADP:0.1047 | ADV:0.0698 | AUX:0.0349 | CCONJ:0.0465 | NOUN:0.1395 | NUM:0.0581 | PART:0.0233 | PRON:0.0349 | PROPN:0.0349 | PUNCT:0.1860 | SCONJ:0.0233 | SPACE:0.0698 | SYM:0.0116 | VERB:0.1047,ADJ:0.0619 | ADP:0.1000 | ADV:0.0952 | AUX:0.0714 | CCONJ:0.0333 | DET:0.0381 | NOUN:0.1810 | NUM:0.0190 | PART:0.0286 | PRON:0.0857 | PROPN:0.0048 | PUNCT:0.1429 | SCONJ:0.0381 | SPACE:0.0095 | SYM:0.0048 | VERB:0.0857,86,210
ADJ:0.0267 | ADP:0.0909 | ADV:0.1123 | AUX:0.0535 | CCONJ:0.0321 | DET:0.0321 | INTJ:0.0053 | NOUN:0.1551 | NUM:0.0160 | PART:0.0321 | PRON:0.1283 | PROPN:0.0053 | PUNCT:0.1016 | SCONJ:0.0481 | SPACE:0.0481 | VERB:0.1123,ADJ:0.0777 | ADP:0.0728 | ADV:0.0825 | AUX:0.0922 | CCONJ:0.0291 | DET:0.0291 | INTJ:0.0049 | NOUN:0.1699 | NUM:0.0194 | PART:0.0146 | PRON:0.0777 | PROPN:0.0146 | PUNCT:0.1748 | SCONJ:0.0437 | SPACE:0.0097 | VERB:0.0874,187,206
ADP:0.1818 | ADV:0.0909 | AUX:0.0455 | DET:0.0909 | NOUN:0.1818 | NUM:0.0455 | PART:0.0909 | PRON:0.0909 | PUNCT:0.0909 | VERB:0.0909,ADJ:0.0687 | ADP:0.1069 | ADV:0.0878 | AUX:0.0573 | CCONJ:0.0344 | DET:0.0344 | INTJ:0.0038 | NOUN:0.1832 | NUM:0.0115 | PART:0.0076 | PRON:0.0840 | PROPN:0.0115 | PUNCT:0.1908 | SCONJ:0.0229 | SPACE:0.0153 | VERB:0.0802,22,262
ADJ:0.0732 | ADP:0.1463 | ADV:0.0732 | AUX:0.0244 | DET:0.0488 | NOUN:0.1220 | NUM:0.0244 | PART:0.0732 | PRON:0.0976 | PUNCT:0.0976 | SPACE:0.0488 | VERB:0.1707,ADJ:0.0637 | ADP:0.0882 | ADV:0.0882 | AUX:0.0735 | CCONJ:0.0245 | DET:0.0490 | INTJ:0.0049 | NOUN:0.1716 | NUM:0.0147 | PART:0.0196 | PRON:0.0980 | PROPN:0.0049 | PUNCT:0.1422 | SCONJ:0.0441 | SPACE:0.0098 | VERB:0.1029,41,204
ADJ:0.0462 | ADP:0.1538 | ADV:0.0923 | AUX:0.0462 | CCONJ:0.0308 | NOUN:0.2000 | PART:0.0769 | PRON:0.0923 | PUNCT:0.0769 | SCONJ:0.0154 | SPACE:0.0308 | VERB:0.1385,ADJ:0.0776 | ADP:0.0948 | ADV:0.0474 | AUX:0.0647 | CCONJ:0.0216 | DET:0.0345 | INTJ:0.0043 | NOUN:0.1853 | NUM:0.0172 | PART:0.0259 | PRON:0.0948 | PROPN:0.0129 | PUNCT:0.1466 | SCONJ:0.0560 | SPACE:0.0086 | VERB:0.1078,65,232
ADJ:0.0222 | ADP:0.0667 | ADV:0.1111 | AUX:0.0667 | CCONJ:0.0222 | DET:0.0222 | INTJ:0.0222 | NOUN:0.1333 | NUM:0.0444 | PART:0.0889 | PRON:0.1333 | PUNCT:0.0889 | SCONJ:0.0222 | SPACE:0.0222 | VERB:0.1333,ADJ:0.0549 | ADP:0.0879 | ADV:0.0989 | AUX:0.0549 | CCONJ:0.0275 | DET:0.0220 | INTJ:0.0055 | NOUN:0.1758 | NUM:0.0220 | PART:0.0055 | PRON:0.1099 | PROPN:0.0165 | PUNCT:0.1758 | SCONJ:0.0385 | SPACE:0.0110 | VERB:0.0934,45,182
ADJ:0.0476 | ADP:0.0714 | ADV:0.1429 | AUX:0.0714 | CCONJ:0.0238 | DET:0.0238 | NOUN:0.1190 | PART:0.0714 | PRON:0.1190 | PUNCT:0.0714 | SCONJ:0.0476 | SYM:0.0238 | VERB:0.1667,ADJ:0.0710 | ADP:0.0984 | ADV:0.0710 | AUX:0.0710 | CCONJ:0.0437 | DET:0.0109 | NOUN:0.2186 | NUM:0.0273 | PART:0.0383 | PRON:0.0765 | PROPN:0.0055 | PUNCT:0.1311 | SCONJ:0.0164 | SPACE:0.0109 | VERB:0.1093,42,183
ADP:0.0882 | ADV:0.1176 | AUX:0.0294 | DET:0.0294 | NOUN:0.1176 | PRON:0.2353 | PROPN:0.0294 | PUNCT:0.0588 | SCONJ:0.1471 | VERB:0.1471,ADJ:0.1229 | ADP:0.0894 | ADV:0.0615 | AUX:0.0447 | CCONJ:0.0279 | DET:0.0391 | NOUN:0.1844 | NUM:0.0223 | PART:0.0223 | PRON:0.0615 | PROPN:0.0223 | PUNCT:0.1676 | SCONJ:0.0279 | SPACE:0.0112 | VERB:0.0950,34,179
ADJ:0.0709 | ADP:0.0787 | ADV:0.1496 | AUX:0.0472 | CCONJ:0.0472 | DET:0.0472 | INTJ:0.0079 | NOUN:0.1890 | PART:0.0315 | PRON:0.0787 | PROPN:0.0157 | PUNCT:0.0630 | SCONJ:0.0315 | SPACE:0.0236 | VERB:0.1181,ADJ:0.0808 | ADP:0.0909 | ADV:0.0960 | AUX:0.0758 | CCONJ:0.0404 | DET:0.0354 | INTJ:0.0051 | NOUN:0.1768 | NUM:0.0202 | PART:0.0202 | PRON:0.0657 | PROPN:0.0101 | PUNCT:0.1364 | SCONJ:0.0455 | SPACE:0.0101 | VERB:0.0909,127,198
ADJ:0.0833 | ADP:0.1667 | ADV:0.0833 | AUX:0.1667 | NOUN:0.0833 | PRON:0.2500 | PUNCT:0.0833 | SYM:0.0833,ADJ:0.0729 | ADP:0.1042 | ADV:0.0833 | AUX:0.0469 | CCONJ:0.0365 | DET:0.0312 | INTJ:0.0052 | NOUN:0.1615 | NUM:0.0208 | PART:0.0156 | PRON:0.0938 | PROPN:0.0365 | PUNCT:0.1406 | SCONJ:0.0312 | SPACE:0.0156 | VERB:0.1042,12,192
ADP:0.0909 | ADV:0.1364 | CCONJ:0.0909 | DET:0.0455 | NOUN:0.1364 | PRON:0.0455 | PROPN:0.1818 | PUNCT:0.0455 | SCONJ:0.0455 | VERB:0.1818,ADJ:0.0594 | ADP:0.1188 | ADV:0.1188 | AUX:0.0792 | CCONJ:0.0693 | DET:0.0099 | INTJ:0.0099 | NOUN:0.1089 | PART:0.0099 | PRON:0.1089 | PROPN:0.0594 | PUNCT:0.0990 | SCONJ:0.0396 | VERB:0.1089,22,101
ADJ:0.0714 | ADP:0.1429 | ADV:0.1667 | AUX:0.0952 | CCONJ:0.0476 | DET:0.0238 | NOUN:0.1429 | PART:0.0476 | PRON:0.1429 | PUNCT:0.0952 | VERB:0.0238,ADJ:0.0885 | ADP:0.0885 | ADV:0.1150 | AUX:0.0885 | CCONJ:0.0619 | DET:0.0265 | INTJ:0.0088 | NOUN:0.1416 | PART:0.0088 | PRON:0.1062 | PROPN:0.0442 | PUNCT:0.1150 | SCONJ:0.0265 | VERB:0.0796,42,113
ADJ:0.1429 | ADV:0.1429 | DET:0.1429 | NOUN:0.2857 | PUNCT:0.2857,ADJ:0.0625 | ADP:0.0729 | ADV:0.1667 | AUX:0.1042 | CCONJ:0.0729 | INTJ:0.0104 | NOUN:0.1458 | PRON:0.0833 | PROPN:0.0417 | PUNCT:0.1354 | SCONJ:0.0417 | VERB:0.0625,7,96
ADJ:0.0837 | ADP:0.0989 | ADV:0.1331 | AUX:0.0608 | CCONJ:0.0570 | DET:0.0342 | NOUN:0.1711 | PART:0.0266 | PRON:0.1179 | PUNCT:0.0722 | SCONJ:0.0304 | SPACE:0.0152 | VERB:0.0989,ADJ:0.0550 | ADP:0.0917 | ADV:0.1193 | AUX:0.0550 | CCONJ:0.0826 | DET:0.0183 | INTJ:0.0092 | NOUN:0.1376 | PRON:0.1101 | PROPN:0.0459 | PUNCT:0.1193 | SCONJ:0.0459 | VERB:0.1101,263,109
ADP:0.1538 | ADV:0.2308 | AUX:0.0769 | PRON:0.1538 | PROPN:0.0769 | PUNCT:0.1538 | SCONJ:0.0769 | VERB:0.0769,ADJ:0.0707 | ADP:0.0808 | ADV:0.1414 | AUX:0.0808 | CCONJ:0.0808 | DET:0.0303 | INTJ:0.0101 | NOUN:0.1414 | PRON:0.0707 | PROPN:0.0505 | PUNCT:0.1212 | SCONJ:0.0404 | VERB:0.0808,13,99
ADJ:0.1429 | ADV:0.1429 | AUX:0.1429 | PRON:0.1429 | PROPN:0.1429 | PUNCT:0.1429 | SCONJ:0.1429,ADJ:0.0893 | ADP:0.0804 | ADV:0.0893 | AUX:0.1071 | CCONJ:0.0625 | DET:0.0268 | INTJ:0.0089 | NOUN:0.1696 | PRON:0.0893 | PROPN:0.0357 | PUNCT:0.1161 | SCONJ:0.0446 | VERB:0.0804,7,112
ADJ:0.0526 | ADP:0.1053 | ADV:0.0526 | AUX:0.1316 | CCONJ:0.0789 | DET:0.0263 | NOUN:0.1842 | PART:0.0263 | PRON:0.0526 | PROPN:0.1053 | PUNCT:0.0789 | VERB:0.1053,ADJ:0.0777 | ADP:0.0874 | ADV:0.0971 | AUX:0.0874 | CCONJ:0.0680 | DET:0.0388 | INTJ:0.0097 | NOUN:0.1553 | PART:0.0291 | PRON:0.0874 | PROPN:0.0388 | PUNCT:0.1068 | SCONJ:0.0291 | VERB:0.0874,38,103
ADJ:0.2857 | AUX:0.1429 | NOUN:0.1429 | PROPN:0.2857 | PUNCT:0.1429,ADJ:0.0714 | ADP:0.0893 | ADV:0.0982 | AUX:0.0982 | CCONJ:0.0714 | DET:0.0268 | INTJ:0.0089 | NOUN:0.1071 | PRON:0.1339 | PROPN:0.0446 | PUNCT:0.1071 | SCONJ:0.0446 | VERB:0.0982,7,112
ADV:0.3750 | AUX:0.1250 | PART:0.1250 | PROPN:0.2500 | PUNCT:0.1250,ADJ:0.0849 | ADP:0.0849 | ADV:0.1509 | AUX:0.1038 | CCONJ:0.0566 | DET:0.0094 | INTJ:0.0094 | NOUN:0.1226 | PRON:0.0943 | PROPN:0.0283 | PUNCT:0.1226 | SCONJ:0.0377 | VERB:0.0943,8,106
ADJ:0.0667 | ADV:0.0667 | NOUN:0.4000 | PART:0.0667 | PROPN:0.0667 | PUNCT:0.2667 | SPACE:0.0667,ADJ:0.0638 | ADP:0.0745 | ADV:0.1277 | AUX:0.0851 | CCONJ:0.0532 | DET:0.0319 | INTJ:0.0106 | NOUN:0.1170 | PART:0.0106 | PRON:0.1277 | PROPN:0.0426 | PUNCT:0.1170 | SCONJ:0.0532 | VERB:0.0851,15,94
ADP:0.1429 | AUX:0.1429 | NOUN:0.1429 | PRON:0.1429 | PROPN:0.1429 | PUNCT:0.1429 | VERB:0.1429,ADJ:0.0444 | ADP:0.0778 | ADV:0.1000 | AUX:0.0667 | CCONJ:0.0333 | DET:0.0111 | INTJ:0.0111 | NOUN:0.1556 | PRON:0.1111 | PROPN:0.0111 | PUNCT:0.1667 | SCONJ:0.0444 | VERB:0.1667,7,90
ADJ:0.0882 | ADP:0.0588 | ADV:0.1471 | AUX:0.0588 | NOUN:0.1471 | PART:0.0588 | PRON:0.2059 | PUNCT:0.0588 | SCONJ:0.0294 | VERB:0.1471,ADJ:0.0842 | ADP:0.1053 | ADV:0.1789 | AUX:0.0632 | CCONJ:0.0316 | DET:0.0211 | NOUN:0.1474 | PART:0.0316 | PRON:0.1053 | PROPN:0.0105 | PUNCT:0.0737 | SCONJ:0.0632 | VERB:0.0842,34,95
ADJ:0.1364 | ADV:0.0455 | CCONJ:0.0455 | DET:0.0455 | NOUN:0.1818 | PRON:0.1364 | PUNCT:0.2727 | SPACE:0.0455 | VERB:0.0909,ADJ:0.0619 | ADP:0.0619 | ADV:0.1150 | AUX:0.1327 | CCONJ:0.0442 | DET:0.0088 | NOUN:0.0973 | PART:0.0354 | PRON:0.1593 | PROPN:0.0088 | PUNCT:0.0973 | SCONJ:0.0354 | VERB:0.1416,22,113
ADJ:0.1250 | ADP:0.1250 | ADV:0.0833 | AUX:0.0833 | CCONJ:0.0417 | NOUN:0.1250 | PRON:0.0833 | PROPN:0.1667 | PUNCT:0.1250 | VERB:0.0417,ADJ:0.1034 | ADP:0.0690 | ADV:0.1149 | AUX:0.1034 | CCONJ:0.0345 | NOUN:0.1034 | PART:0.0690 | PRON:0.1264 | PROPN:0.0115 | PUNCT:0.0805 | SCONJ:0.0575 | VERB:0.1264,24,87
ADJ:0.2222 | ADP:0.1111 | ADV:0.1667 | NOUN:0.1111 | PART:0.0556 | PUNCT:0.2222 | VERB:0.1111,ADJ:0.0631 | ADP:0.0631 | ADV:0.1261 | AUX:0.0901 | CCONJ:0.0360 | DET:0.0180 | NOUN:0.1171 | PART:0.0541 | PRON:0.1351 | PROPN:0.0090 | PUNCT:0.0901 | SCONJ:0.0450 | VERB:0.1532,18,111
ADJ:0.1000 | ADP:0.2000 | ADV:0.1000 | NOUN:0.1000 | PRON:0.3000 | PUNCT:0.1000 | VERB:0.1000,ADJ:0.0583 | ADP:0.0777 | ADV:0.0971 | AUX:0.0874 | CCONJ:0.0485 | DET:0.0097 | NOUN:0.0874 | PART:0.0291 | PRON:0.2427 | PUNCT:0.0777 | SCONJ:0.0291 | VERB:0.1553,10,103
ADP:0.0500 | ADV:0.2000 | AUX:0.1000 | CCONJ:0.1000 | NOUN:0.0500 | PART:0.0500 | PRON:0.2000 | PUNCT:0.1500 | VERB:0.1000,ADJ:0.0412 | ADP:0.0515 | ADV:0.1031 | AUX:0.0722 | CCONJ:0.0515 | NOUN:0.0825 | PART:0.0103 | PRON:0.2268 | PUNCT:0.0825 | SCONJ:0.0825 | VERB:0.1959,20,97
ADJ:0.0400 | ADP:0.0400 | ADV:0.1200 | AUX:0.0800 | CCONJ:0.0400 | DET:0.0400 | NOUN:0.0800 | PART:0.0400 | PRON:0.2400 | PUNCT:0.0800 | SCONJ:0.0800 | VERB:0.1200,ADJ:0.0549 | ADP:0.0879 | ADV:0.0989 | AUX:0.0330 | CCONJ:0.0220 | DET:0.0330 | NOUN:0.1209 | PART:0.0220 | PRON:0.1978 | PUNCT:0.0879 | SCONJ:0.0659 | VERB:0.1758,25,91
AUX:0.2500 | PRON:0.2500 | PUNCT:0.2500 | VERB:0.2500,ADJ:0.0522 | ADP:0.0870 | ADV:0.0957 | AUX:0.0870 | CCONJ:0.0348 | DET:0.0174 | NOUN:0.1130 | PART:0.0261 | PRON:0.2000 | PUNCT:0.0696 | SCONJ:0.0609 | VERB:0.1565,4,115
ADJ:0.0811 | ADP:0.0811 | ADV:0.0811 | AUX:0.1081 | INTJ:0.0270 | NOUN:0.1622 | PRON:0.1892 | PUNCT:0.0811 | SCONJ:0.0541 | SPACE:0.0270 | VERB:0.1081,ADJ:0.0654 | ADP:0.1121 | ADV:0.1215 | AUX:0.0935 | CCONJ:0.0187 | DET:0.0187 | NOUN:0.1121 | PART:0.0280 | PRON:0.1869 | PUNCT:0.0748 | SCONJ:0.0467 | VERB:0.1215,37,107
ADJ:0.0789 | ADP:0.0526 | ADV:0.1053 | AUX:0.1053 | NOUN:0.1053 | PART:0.0263 | PRON:0.2105 | PUNCT:0.1579 | SCONJ:0.0526 | VERB:0.1053,ADJ:0.0928 | ADP:0.0928 | ADV:0.1340 | AUX:0.1031 | CCONJ:0.0206 | DET:0.0103 | NOUN:0.1134 | PART:0.0309 | PRON:0.1753 | PUNCT:0.0928 | SCONJ:0.0309 | VERB:0.1031,38,97
ADJ:0.0882 | ADP:0.0882 | ADV:0.2059 | AUX:0.0588 | DET:0.0882 | NOUN:0.2059 | NUM:0.0294 | PRON:0.0882 | PUNCT:0.0882 | SYM:0.0294 | VERB:0.0294,ADJ:0.0517 | ADP:0.1034 | ADV:0.0948 | AUX:0.0690 | CCONJ:0.0259 | DET:0.0345 | NOUN:0.1638 | PART:0.0345 | PRON:0.1638 | PUNCT:0.0862 | SCONJ:0.0259 | VERB:0.1466,34,116
ADV:1.0000,ADJ:0.1067 | ADP:0.0533 | ADV:0.1067 | AUX:0.0800 | CCONJ:0.0400 | DET:0.0400 | NOUN:0.1600 | PART:0.0267 | PRON:0.1200 | PUNCT:0.0933 | SCONJ:0.0267 | VERB:0.1467,1,75
ADP:0.0625 | ADV:0.2500 | AUX:0.0625 | CCONJ:0.0625 | NOUN:0.0625 | PRON:0.1250 | PUNCT:0.1875 | VERB:0.1875,ADJ:0.0972 | ADP:0.0972 | ADV:0.1389 | AUX:0.0556 | CCONJ:0.0139 | NOUN:0.1806 | PART:0.0139 | PRON:0.1250 | PUNCT:0.1111 | SCONJ:0.0139 | VERB:0.1528,16,72
ADJ:0.0714 | ADP:0.1429 | NOUN:0.2143 | PRON:0.0714 | PUNCT:0.0714 | SCONJ:0.0714 | SPACE:0.2143 | VERB:0.1429,ADJ:0.0769 | ADP:0.0923 | ADV:0.1385 | AUX:0.0615 | CCONJ:0.0154 | DET:0.0154 | NOUN:0.1385 | PRON:0.1538 | PUNCT:0.1077 | SCONJ:0.0308 | VERB:0.1692,14,65
ADJ:0.0746 | ADP:0.0896 | ADV:0.0746 | AUX:0.0896 | CCONJ:0.0448 | DET:0.0299 | NOUN:0.2388 | NUM:0.0299 | PART:0.0299 | PRON:0.0299 | PROPN:0.0149 | PUNCT:0.1045 | SCONJ:0.0149 | SPACE:0.0149 | VERB:0.1194,ADJ:0.1250 | ADP:0.0556 | ADV:0.1250 | AUX:0.0417 | CCONJ:0.0556 | DET:0.0556 | NOUN:0.1944 | PRON:0.0833 | PROPN:0.0139 | PUNCT:0.1111 | VERB:0.1389,67,72
ADJ:0.1020 | ADP:0.1224 | ADV:0.1224 | AUX:0.0816 | DET:0.0612 | NOUN:0.1837 | NUM:0.0408 | PART:0.0408 | PRON:0.0408 | PUNCT:0.1020 | SCONJ:0.0204 | VERB:0.0816,ADJ:0.0633 | ADP:0.0633 | ADV:0.1519 | AUX:0.0633 | CCONJ:0.0380 | DET:0.0380 | NOUN:0.1519 | PART:0.0253 | PRON:0.1392 | PUNCT:0.1013 | SCONJ:0.0127 | VERB:0.1519,49,79
ADP:0.0833 | ADV:0.1667 | AUX:0.0833 | CCONJ:0.0833 | NOUN:0.2500 | NUM:0.0833 | PRON:0.0833 | PUNCT:0.0833 | SPACE:0.0833,ADJ:0.1267 | ADP:0.0600 | ADV:0.1200 | AUX:0.0867 | CCONJ:0.0333 | DET:0.0333 | NOUN:0.1200 | PART:0.0333 | PRON:0.1200 | PUNCT:0.1000 | SCONJ:0.0400 | SPACE:0.0067 | VERB:0.1200,12,150
ADJ:0.1034 | ADP:0.0345 | ADV:0.1724 | AUX:0.0690 | CCONJ:0.0517 | DET:0.0172 | NOUN:0.0862 | PART:0.0345 | PRON:0.1034 | PUNCT:0.1034 | SCONJ:0.0517 | SPACE:0.0345 | VERB:0.1379,ADJ:0.1053 | ADP:0.0439 | ADV:0.1404 | AUX:0.0702 | CCONJ:0.0614 | DET:0.0263 | INTJ:0.0088 | NOUN:0.1404 | NUM:0.0088 | PART:0.0263 | PRON:0.0965 | PUNCT:0.1140 | SCONJ:0.0439 | VERB:0.1140,58,114
ADJ:0.0870 | ADP:0.0435 | ADV:0.1739 | AUX:0.1739 | DET:0.0870 | NOUN:0.0870 | PART:0.0435 | PRON:0.0870 | PUNCT:0.1304 | VERB:0.0870,ADJ:0.1102 | ADP:0.0709 | ADV:0.1260 | AUX:0.0551 | CCONJ:0.0394 | DET:0.0551 | INTJ:0.0079 | NOUN:0.1260 | PART:0.0472 | PRON:0.0945 | PUNCT:0.1024 | SCONJ:0.0472 | VERB:0.1181,23,127
ADJ:0.0400 | ADP:0.1000 | ADV:0.1600 | AUX:0.0800 | CCONJ:0.0200 | DET:0.0200 | NOUN:0.1400 | PART:0.0400 | PRON:0.1600 | PUNCT:0.0600 | SCONJ:0.0400 | VERB:0.1400,ADJ:0.0896 | ADP:0.0746 | ADV:0.1194 | AUX:0.0448 | CCONJ:0.0373 | DET:0.0373 | INTJ:0.0075 | NOUN:0.1269 | NUM:0.0149 | PART:0.0448 | PRON:0.1269 | PUNCT:0.0896 | SCONJ:0.0299 | SYM:0.0075 | VERB:0.1493,50,134
ADJ:0.0370 | ADP:0.0741 | ADV:0.1852 | AUX:0.0741 | DET:0.0370 | NOUN:0.1852 | PRON:0.1111 | PUNCT:0.0741 | SCONJ:0.0370 | VERB:0.1852,ADJ:0.1007 | ADP:0.0504 | ADV:0.1223 | AUX:0.0647 | CCONJ:0.0504 | DET:0.0360 | NOUN:0.1439 | PART:0.0432 | PRON:0.1151 | PUNCT:0.1007 | SCONJ:0.0504 | SPACE:0.0072 | VERB:0.1151,27,139
ADJ:0.0750 | ADP:0.0750 | ADV:0.1250 | AUX:0.0250 | CCONJ:0.0500 | INTJ:0.0250 | NOUN:0.0500 | PART:0.0500 | PRON:0.1250 | PROPN:0.0500 | PUNCT:0.1250 | SPACE:0.0500 | SYM:0.0250 | VERB:0.1500,ADJ:0.1011 | ADP:0.0337 | ADV:0.1461 | AUX:0.1011 | CCONJ:0.0225 | DET:0.0225 | NOUN:0.0787 | NUM:0.0225 | PART:0.0225 | PRON:0.1461 | PUNCT:0.1011 | SCONJ:0.0449 | VERB:0.1573,40,89
ADJ:0.0800 | ADP:0.1200 | ADV:0.0800 | AUX:0.0400 | NOUN:0.0800 | PRON:0.1600 | PROPN:0.0400 | PUNCT:0.1600 | SCONJ:0.0400 | VERB:0.2000,ADJ:0.0674 | ADP:0.0562 | ADV:0.1461 | AUX:0.0899 | CCONJ:0.0225 | DET:0.0225 | NOUN:0.0899 | NUM:0.0112 | PART:0.0225 | PRON:0.2022 | PUNCT:0.1124 | SCONJ:0.0337 | VERB:0.1236,25,89
ADJ:0.0345 | ADP:0.1103 | ADV:0.0897 | AUX:0.0621 | CCONJ:0.0345 | DET:0.0138 | NOUN:0.0966 | NUM:0.0207 | PART:0.0207 | PRON:0.1586 | PROPN:0.0483 | PUNCT:0.0966 | SCONJ:0.0552 | SPACE:0.0138 | VERB:0.1448,ADJ:0.0431 | ADP:0.0776 | ADV:0.1466 | AUX:0.0776 | CCONJ:0.0259 | DET:0.0259 | NOUN:0.1293 | PART:0.0345 | PRON:0.1638 | PROPN:0.0086 | PUNCT:0.0948 | SCONJ:0.0345 | VERB:0.1379,145,116
ADJ:0.0862 | ADP:0.0517 | ADV:0.1379 | AUX:0.0862 | CCONJ:0.0345 | INTJ:0.0172 | NOUN:0.0517 | PART:0.0172 | PRON:0.1207 | PROPN:0.0690 | PUNCT:0.1207 | SCONJ:0.0690 | SPACE:0.0172 | SYM:0.0172 | VERB:0.1034,ADJ:0.0619 | ADP:0.0796 | ADV:0.0973 | AUX:0.0885 | CCONJ:0.0354 | DET:0.0265 | NOUN:0.0973 | NUM:0.0088 | PART:0.0531 | PRON:0.1681 | PROPN:0.0088 | PUNCT:0.1062 | SCONJ:0.0442 | VERB:0.1239,58,113
ADJ:0.0563 | ADP:0.0986 | ADV:0.2254 | AUX:0.0423 | DET:0.0282 | NOUN:0.1127 | NUM:0.0141 | PART:0.0282 | PRON:0.1408 | PUNCT:0.0986 | SCONJ:0.0141 | VERB:0.1408,ADJ:0.0631 | ADP:0.0901 | ADV:0.1171 | AUX:0.0811 | CCONJ:0.0450 | DET:0.0180 | INTJ:0.0090 | NOUN:0.0721 | NUM:0.0090 | PART:0.0360 | PRON:0.1712 | PROPN:0.0090 | PUNCT:0.0991 | SCONJ:0.0450 | VERB:0.1351,71,111
ADJ:0.0500 | ADP:0.1000 | ADV:0.1000 | AUX:0.1500 | CCONJ:0.0500 | NOUN:0.2000 | PRON:0.1000 | PROPN:0.1000 | PUNCT:0.0500 | VERB:0.1000,ADJ:0.0504 | ADP:0.1008 | ADV:0.1513 | AUX:0.0672 | CCONJ:0.0252 | DET:0.0168 | NOUN:0.1092 | PART:0.0252 | PRON:0.1429 | PROPN:0.0420 | PUNCT:0.0924 | SCONJ:0.0588 | VERB:0.1176,20,119
ADJ:0.0625 | ADP:0.0833 | ADV:0.1875 | AUX:0.0417 | DET:0.0208 | NOUN:0.2500 | PART:0.0208 | PRON:0.1042 | PUNCT:0.1250 | SCONJ:0.0208 | VERB:0.0833,ADJ:0.0233 | ADP:0.0775 | ADV:0.1163 | AUX:0.0698 | CCONJ:0.0310 | DET:0.0155 | INTJ:0.0155 | NOUN:0.0775 | NUM:0.0078 | PART:0.0543 | PRON:0.1628 | PROPN:0.0155 | PUNCT:0.1163 | SCONJ:0.0388 | SPACE:0.0078 | VERB:0.1705,48,129
ADJ:0.0667 | ADP:0.0333 | ADV:0.1833 | AUX:0.0500 | CCONJ:0.0833 | DET:0.0333 | NOUN:0.1167 | PART:0.0333 | PRON:0.1333 | PUNCT:0.0667 | SCONJ:0.0167 | VERB:0.1833,ADJ:0.0632 | ADP:0.0632 | ADV:0.1789 | AUX:0.0947 | CCONJ:0.0211 | DET:0.0316 | NOUN:0.1053 | NUM:0.0105 | PART:0.0421 | PRON:0.1263 | PROPN:0.0211 | PUNCT:0.0947 | SCONJ:0.0316 | VERB:0.1158,60,95
ADJ:0.0686 | ADP:0.0980 | ADV:0.1765 | AUX:0.0392 | CCONJ:0.0294 | DET:0.0294 | INTJ:0.0098 | NOUN:0.0980 | PART:0.0098 | PRON:0.1667 | PUNCT:0.0980 | SCONJ:0.0098 | SPACE:0.0294 | VERB:0.1373,ADJ:0.0594 | ADP:0.1089 | ADV:0.1188 | AUX:0.0693 | CCONJ:0.0396 | DET:0.0495 | NOUN:0.0792 | NUM:0.0099 | PART:0.0495 | PRON:0.1386 | PROPN:0.0099 | PUNCT:0.0891 | SCONJ:0.0198 | VERB:0.1584,102,101
ADJ:0.0484 | ADP:0.0484 | ADV:0.1290 | AUX:0.0323 | DET:0.0323 | INTJ:0.0161 | NOUN:0.1452 | PART:0.0323 | PRON:0.1452 | PUNCT:0.1129 | SCONJ:0.0806 | SPACE:0.0323 | VERB:0.1452,ADJ:0.0813 | ADP:0.0813 | ADV:0.1138 | AUX:0.0894 | CCONJ:0.0244 | DET:0.0325 | INTJ:0.0081 | NOUN:0.1301 | NUM:0.0081 | PART:0.0163 | PRON:0.1382 | PROPN:0.0081 | PUNCT:0.1057 | SCONJ:0.0488 | SPACE:0.0081 | VERB:0.1057,62,123
ADP:0.1667 | ADV:0.1667 | CCONJ:0.1667 | NOUN:0.1667 | PROPN:0.1667 | PUNCT:0.1667,ADJ:0.0592 | ADP:0.1118 | ADV:0.1118 | AUX:0.0592 | CCONJ:0.0461 | DET:0.0197 | INTJ:0.0066 | NOUN:0.1053 | NUM:0.0066 | PART:0.0526 | PRON:0.1118 | PROPN:0.0197 | PUNCT:0.1118 | SCONJ:0.0263 | SPACE:0.0066 | VERB:0.1447,6,152
ADV:0.5000 | PUNCT:0.5000,ADJ:0.0526 | ADP:0.0965 | ADV:0.1053 | AUX:0.0965 | CCONJ:0.0088 | DET:0.0088 | NOUN:0.1140 | NUM:0.0088 | PART:0.0526 | PRON:0.1316 | PROPN:0.0175 | PUNCT:0.1140 | SCONJ:0.0351 | VERB:0.1579,2,114
ADJ:0.0769 | ADP:0.1282 | ADV:0.1538 | AUX:0.0769 | CCONJ:0.0256 | DET:0.0256 | NOUN:0.1282 | NUM:0.0256 | PRON:0.1282 | PROPN:0.0256 | PUNCT:0.1026 | VERB:0.1026,ADJ:0.0526 | ADP:0.0789 | ADV:0.1491 | AUX:0.0702 | CCONJ:0.0263 | DET:0.0351 | NOUN:0.1053 | NUM:0.0088 | PART:0.0526 | PRON:0.1228 | PROPN:0.0175 | PUNCT:0.1053 | SCONJ:0.0351 | VERB:0.1404,39,114
ADJ:0.0294 | ADP:0.1765 | ADV:0.0294 | AUX:0.0294 | CCONJ:0.0294 | NOUN:0.0882 | PART:0.0294 | PRON:0.1765 | PROPN:0.0588 | PUNCT:0.0588 | SCONJ:0.1176 | VERB:0.1765,ADJ:0.0625 | ADP:0.0764 | ADV:0.1597 | AUX:0.1042 | CCONJ:0.0278 | DET:0.0208 | NOUN:0.1319 | NUM:0.0278 | PART:0.0208 | PRON:0.1319 | PROPN:0.0069 | PUNCT:0.0903 | SCONJ:0.0208 | SPACE:0.0069 | VERB:0.1111,34,144
ADJ:0.0769 | ADP:0.1154 | ADV:0.1538 | AUX:0.0769 | DET:0.0385 | NOUN:0.1538 | PART:0.0769 | PRON:0.0385 | PROPN:0.0385 | PUNCT:0.0769 | SCONJ:0.0385 | VERB:0.1154,ADJ:0.0804 | ADP:0.0714 | ADV:0.0982 | AUX:0.1071 | CCONJ:0.0446 | DET:0.0179 | INTJ:0.0089 | NOUN:0.1161 | NUM:0.0089 | PART:0.0268 | PRON:0.1339 | PROPN:0.0089 | PUNCT:0.1071 | SCONJ:0.0446 | VERB:0.1250,26,112
ADJ:0.0286 | ADP:0.1000 | ADV:0.1286 | AUX:0.0857 | CCONJ:0.0429 | DET:0.0143 | NOUN:0.1000 | PART:0.0143 | PRON:0.1714 | PUNCT:0.0857 | SCONJ:0.0714 | VERB:0.1571,ADJ:0.0625 | ADP:0.0938 | ADV:0.0703 | AUX:0.0469 | CCONJ:0.0391 | DET:0.0312 | NOUN:0.1641 | NUM:0.0078 | PART:0.0547 | PRON:0.1172 | PROPN:0.0156 | PUNCT:0.1016 | SCONJ:0.0312 | VERB:0.1641,70,128
ADP:0.1000 | ADV:0.1000 | AUX:0.1000 | CCONJ:0.0500 | NOUN:0.1000 | PRON:0.2000 | PUNCT:0.1500 | VERB:0.2000,ADJ:0.0614 | ADP:0.1053 | ADV:0.1053 | AUX:0.0439 | CCONJ:0.0526 | DET:0.0175 | NOUN:0.1667 | NUM:0.0351 | PART:0.0439 | PRON:0.1053 | PROPN:0.0263 | PUNCT:0.0965 | SCONJ:0.0439 | VERB:0.0965,20,114
ADJ:0.0500 | ADP:0.1000 | ADV:0.1000 | AUX:0.0250 | CCONJ:0.0750 | NOUN:0.2500 | NUM:0.0250 | PRON:0.1000 | PUNCT:0.0750 | SCONJ:0.0500 | VERB:0.1500,ADJ:0.0748 | ADP:0.0748 | ADV:0.1088 | AUX:0.0612 | CCONJ:0.0408 | DET:0.0272 | NOUN:0.1361 | NUM:0.0272 | PART:0.0408 | PRON:0.1293 | PUNCT:0.0952 | SCONJ:0.0340 | SPACE:0.0068 | VERB:0.1429,40,147
ADJ:0.0909 | ADP:0.0455 | ADV:0.0909 | AUX:0.0909 | CCONJ:0.0455 | DET:0.0909 | NOUN:0.0909 | PART:0.0455 | PRON:0.1818 | PUNCT:0.0909 | VERB:0.1364,ADJ:0.0833 | ADP:0.1111 | ADV:0.0833 | AUX:0.0833 | DET:0.0556 | NOUN:0.1667 | PRON:0.0833 | PUNCT:0.0833 | SCONJ:0.0833 | VERB:0.1667,22,36
ADJ:0.1500 | ADV:0.1500 | AUX:0.0500 | DET:0.0500 | NOUN:0.1500 | PRON:0.1000 | PUNCT:0.2000 | SPACE:0.0500 | VERB:0.1000,ADJ:0.0588 | ADP:0.0588 | ADV:0.0784 | AUX:0.0588 | CCONJ:0.0588 | DET:0.0588 | INTJ:0.0196 | NOUN:0.1176 | PART:0.0392 | PRON:0.1569 | PUNCT:0.0980 | SCONJ:0.0392 | VERB:0.1569,20,51
ADJ:0.1176 | ADP:0.0588 | ADV:0.0882 | AUX:0.0294 | CCONJ:0.0588 | DET:0.0294 | NOUN:0.2059 | PART:0.0294 | PRON:0.1471 | PUNCT:0.0882 | SCONJ:0.0294 | VERB:0.1176,ADJ:0.1020 | ADP:0.0816 | ADV:0.1429 | AUX:0.0816 | CCONJ:0.0612 | DET:0.0612 | NOUN:0.1429 | PART:0.0408 | PRON:0.0408 | PUNCT:0.0816 | SCONJ:0.0408 | VERB:0.1224,34,49
ADJ:0.0222 | ADP:0.1556 | ADV:0.0667 | AUX:0.0444 | CCONJ:0.0667 | DET:0.0667 | NOUN:0.1778 | PRON:0.1333 | PUNCT:0.0444 | SCONJ:0.0444 | VERB:0.1778,ADJ:0.0588 | ADP:0.1373 | ADV:0.1569 | AUX:0.0588 | CCONJ:0.0196 | DET:0.0196 | INTJ:0.0392 | NOUN:0.1569 | PART:0.0196 | PRON:0.0980 | PUNCT:0.0980 | SCONJ:0.0392 | VERB:0.0980,45,51
ADJ:0.0674 | ADP:0.0899 | ADV:0.1124 | AUX:0.0449 | CCONJ:0.0449 | DET:0.0225 | NOUN:0.1910 | PART:0.0225 | PRON:0.1348 | PUNCT:0.1011 | SCONJ:0.0337 | SPACE:0.0112 | VERB:0.1236,ADJ:0.0847 | ADP:0.0847 | ADV:0.1186 | AUX:0.0339 | CCONJ:0.0339 | DET:0.0508 | NOUN:0.1186 | PART:0.0339 | PRON:0.1356 | PUNCT:0.0847 | SCONJ:0.0508 | VERB:0.1695,89,59
ADJ:0.0600 | ADP:0.0700 | ADV:0.1000 | AUX:0.0400 | CCONJ:0.0500 | DET:0.0300 | NOUN:0.1000 | PART:0.0500 | PRON:0.1700 | PROPN:0.0100 | PUNCT:0.0700 | SCONJ:0.0300 | SPACE:0.0400 | VERB:0.1800,ADJ:0.0755 | ADP:0.0755 | ADV:0.1132 | AUX:0.1132 | CCONJ:0.0377 | NOUN:0.0377 | PART:0.0566 | PRON:0.1887 | PUNCT:0.0943 | SCONJ:0.0566 | VERB:0.1509,100,53
ADJ:0.0462 | ADP:0.0769 | ADV:0.1231 | AUX:0.0923 | CCONJ:0.0462 | DET:0.0154 | NOUN:0.1692 | PRON:0.1538 | PUNCT:0.1077 | SPACE:0.0308 | VERB:0.1385,ADJ:0.0588 | ADP:0.0784 | ADV:0.0588 | AUX:0.0588 | CCONJ:0.0392 | DET:0.0392 | NOUN:0.1176 | PART:0.0588 | PRON:0.1569 | PUNCT:0.0980 | SCONJ:0.0588 | VERB:0.1765,65,51
NOUN:0.5000 | PRON:0.2500 | VERB:0.2500,ADJ:0.0308 | ADP:0.0615 | ADV:0.1846 | AUX:0.0308 | CCONJ:0.0462 | DET:0.0154 | NOUN:0.0769 | PART:0.0615 | PRON:0.2154 | PUNCT:0.0769 | SCONJ:0.0154 | VERB:0.1846,4,65
ADJ:0.0556 | ADP:0.0556 | ADV:0.2222 | DET:0.0556 | NOUN:0.2222 | PRON:0.1111 | PUNCT:0.1667 | VERB:0.1111,ADJ:0.0667 | ADP:0.0833 | ADV:0.1333 | AUX:0.0167 | CCONJ:0.0167 | DET:0.0167 | NOUN:0.1000 | PART:0.0500 | PRON:0.1833 | PUNCT:0.0833 | SCONJ:0.0667 | VERB:0.1833,18,60
ADJ:0.0741 | ADP:0.0741 | ADV:0.0741 | AUX:0.0370 | CCONJ:0.0370 | DET:0.0370 | NOUN:0.1481 | PART:0.0741 | PRON:0.1852 | PUNCT:0.0741 | SCONJ:0.0370 | VERB:0.1481,ADJ:0.0930 | ADP:0.0698 | ADV:0.1163 | AUX:0.1163 | CCONJ:0.0233 | DET:0.0465 | NOUN:0.1163 | PART:0.0233 | PRON:0.1628 | PUNCT:0.0698 | SCONJ:0.0465 | VERB:0.1163,27,43
ADJ:0.0476 | ADP:0.0635 | ADV:0.1111 | AUX:0.0794 | CCONJ:0.0159 | DET:0.0476 | INTJ:0.0159 | NOUN:0.1111 | PART:0.0317 | PRON:0.1905 | PUNCT:0.1111 | SCONJ:0.0159 | SPACE:0.0317 | VERB:0.1270,ADJ:0.1250 | ADP:0.0536 | ADV:0.1964 | AUX:0.1071 | CCONJ:0.0357 | DET:0.0357 | NOUN:0.0893 | PART:0.0357 | PRON:0.1071 | PUNCT:0.0893 | SCONJ:0.0179 | VERB:0.1071,63,56
ADJ:0.0392 | ADP:0.1373 | ADV:0.1569 | CCONJ:0.0588 | NOUN:0.1765 | PRON:0.1765 | PUNCT:0.0784 | SCONJ:0.0392 | SPACE:0.0196 | VERB:0.1176,ADJ:0.0638 | ADP:0.0638 | ADV:0.1064 | AUX:0.1064 | CCONJ:0.0426 | DET:0.0213 | NOUN:0.1064 | PART:0.0213 | PRON:0.1702 | PUNCT:0.0851 | SCONJ:0.0638 | VERB:0.1489,51,47
ADJ:0.0339 | ADP:0.0678 | ADV:0.2034 | CCONJ:0.0339 | NOUN:0.2034 | PART:0.0508 | PRON:0.1017 | PUNCT:0.1525 | SPACE:0.0169 | VERB:0.1356,ADJ:0.0638 | ADP:0.0851 | ADV:0.0851 | AUX:0.0851 | DET:0.0426 | NOUN:0.1064 | PART:0.0426 | PRON:0.2128 | PUNCT:0.1277 | SCONJ:0.0426 | VERB:0.1064,59,47
ADJ:0.0238 | ADP:0.0952 | ADV:0.0714 | AUX:0.0476 | DET:0.0238 | NOUN:0.2143 | PART:0.0238 | PRON:0.1667 | PROPN:0.0238 | PUNCT:0.1190 | SCONJ:0.0238 | SYM:0.0238 | VERB:0.1429,ADJ:0.0351 | ADP:0.0877 | ADV:0.1404 | AUX:0.0526 | DET:0.0175 | NOUN:0.1404 | PART:0.0175 | PRON:0.1754 | PUNCT:0.1053 | SCONJ:0.0526 | VERB:0.1754,42,57
ADJ:0.0833 | ADP:0.0417 | ADV:0.1667 | AUX:0.0417 | CCONJ:0.0833 | DET:0.0833 | NOUN:0.2917 | PUNCT:0.0833 | VERB:0.1250,ADJ:0.0213 | ADP:0.0426 | ADV:0.1915 | AUX:0.0213 | CCONJ:0.0426 | INTJ:0.0213 | NOUN:0.1277 | PART:0.0426 | PRON:0.1064 | PUNCT:0.1277 | SCONJ:0.0638 | VERB:0.1915,24,47
ADJ:0.0638 | ADP:0.1064 | ADV:0.1064 | AUX:0.0638 | CCONJ:0.0213 | NOUN:0.1915 | PART:0.0426 | PRON:0.1277 | PUNCT:0.1277 | SCONJ:0.0213 | VERB:0.1277,ADJ:0.1404 | ADP:0.0351 | ADV:0.1053 | AUX:0.0702 | CCONJ:0.0526 | NOUN:0.2105 | PART:0.0351 | PRON:0.1228 | PUNCT:0.1228 | VERB:0.1053,47,57
ADJ:0.1000 | ADV:0.2000 | AUX:0.2000 | NOUN:0.2000 | PROPN:0.1000 | PUNCT:0.2000,ADJ:0.0857 | ADP:0.0571 | ADV:0.1714 | AUX:0.0571 | CCONJ:0.0571 | DET:0.0143 | NOUN:0.1714 | NUM:0.0143 | PART:0.0286 | PRON:0.1143 | PUNCT:0.0857 | SCONJ:0.0143 | VERB:0.1286,10,70
ADJ:0.0526 | ADP:0.1316 | ADV:0.1579 | AUX:0.0789 | CCONJ:0.0263 | DET:0.0263 | NOUN:0.1053 | PART:0.0526 | PRON:0.1053 | PROPN:0.0263 | PUNCT:0.0789 | SPACE:0.0263 | VERB:0.1316,ADJ:0.1429 | ADP:0.0143 | ADV:0.1143 | AUX:0.0571 | CCONJ:0.0429 | DET:0.0429 | NOUN:0.1429 | PART:0.0143 | PRON:0.1714 | PUNCT:0.0857 | SCONJ:0.0143 | VERB:0.1571,38,70
ADV:0.2500 | DET:0.1250 | NOUN:0.1250 | PROPN:0.1250 | PUNCT:0.1250 | SPACE:0.1250 | VERB:0.1250,ADJ:0.1205 | ADP:0.0602 | ADV:0.0964 | AUX:0.0361 | CCONJ:0.0602 | DET:0.0241 | INTJ:0.0120 | NOUN:0.1928 | PART:0.0361 | PRON:0.0843 | PROPN:0.0482 | PUNCT:0.1325 | SCONJ:0.0120 | VERB:0.0843,8,83
ADJ:0.0588 | ADP:0.0882 | ADV:0.0588 | AUX:0.0588 | CCONJ:0.0294 | DET:0.0588 | NOUN:0.1765 | PART:0.0294 | PRON:0.1176 | PUNCT:0.1471 | VERB:0.1765,ADJ:0.1034 | ADP:0.1034 | ADV:0.1034 | AUX:0.0460 | CCONJ:0.0345 | DET:0.0460 | NOUN:0.1954 | PART:0.0345 | PRON:0.1034 | PROPN:0.0115 | PUNCT:0.1034 | SCONJ:0.0115 | VERB:0.1034,34,87
ADP:0.1111 | NOUN:0.3333 | PRON:0.1111 | PUNCT:0.1111 | SCONJ:0.1111 | VERB:0.2222,ADJ:0.1333 | ADP:0.1000 | ADV:0.1000 | AUX:0.0500 | CCONJ:0.0500 | DET:0.0333 | NOUN:0.2000 | PRON:0.1000 | PROPN:0.0333 | PUNCT:0.1000 | VERB:0.1000,9,60
ADJ:0.1395 | ADP:0.0930 | ADV:0.0930 | AUX:0.0233 | CCONJ:0.0930 | DET:0.0698 | NOUN:0.2558 | NUM:0.0465 | PART:0.0233 | PRON:0.0233 | PUNCT:0.0698 | VERB:0.0698,ADJ:0.1045 | ADP:0.0448 | ADV:0.1194 | AUX:0.0448 | CCONJ:0.0746 | INTJ:0.0149 | NOUN:0.1791 | PART:0.0149 | PRON:0.1343 | PROPN:0.0149 | PUNCT:0.1343 | VERB:0.1194,43,67
ADJ:0.1250 | ADP:0.1250 | AUX:0.1250 | NOUN:0.1250 | PRON:0.2500 | PUNCT:0.1250 | VERB:0.1250,ADJ:0.0930 | ADP:0.0465 | ADV:0.1395 | AUX:0.0581 | CCONJ:0.0233 | DET:0.0233 | INTJ:0.0116 | NOUN:0.1744 | PART:0.0116 | PRON:0.1628 | PROPN:0.0116 | PUNCT:0.1047 | SCONJ:0.0116 | VERB:0.1279,8,86
ADJ:0.0500 | ADV:0.2000 | AUX:0.1500 | CCONJ:0.0500 | NOUN:0.1500 | PRON:0.0500 | PUNCT:0.2000 | SCONJ:0.0500 | SPACE:0.0500 | VERB:0.0500,ADJ:0.1094 | ADP:0.0625 | ADV:0.1094 | AUX:0.0156 | CCONJ:0.0469 | DET:0.0156 | INTJ:0.0156 | NOUN:0.1562 | PART:0.0312 | PRON:0.1094 | PROPN:0.0312 | PUNCT:0.1562 | SCONJ:0.0156 | VERB:0.1250,20,64
ADJ:0.0500 | ADV:0.1500 | AUX:0.1000 | CCONJ:0.0500 | DET:0.1000 | NOUN:0.2000 | PROPN:0.0500 | PUNCT:0.1000 | SPACE:0.1000 | SYM:0.0500 | VERB:0.0500,ADJ:0.0521 | ADP:0.0417 | ADV:0.0938 | AUX:0.0625 | CCONJ:0.0521 | DET:0.0312 | NOUN:0.1771 | PART:0.0208 | PRON:0.1667 | PROPN:0.0312 | PUNCT:0.0938 | SCONJ:0.0312 | VERB:0.1458,20,96
ADJ:0.0417 | ADP:0.0833 | ADV:0.1667 | AUX:0.0278 | CCONJ:0.0278 | DET:0.0556 | NOUN:0.1111 | PART:0.0417 | PRON:0.1111 | PROPN:0.0139 | PUNCT:0.1111 | SPACE:0.0417 | VERB:0.1667,ADJ:0.1125 | ADP:0.0500 | ADV:0.1250 | AUX:0.0375 | CCONJ:0.0625 | DET:0.0125 | NOUN:0.1375 | PART:0.0250 | PRON:0.1250 | PROPN:0.0750 | PUNCT:0.0875 | SCONJ:0.0250 | VERB:0.1250,72,80
ADV:1.0000,ADJ:0.0870 | ADP:0.0435 | ADV:0.1413 | AUX:0.0543 | CCONJ:0.0435 | DET:0.0435 | NOUN:0.1630 | PART:0.0109 | PRON:0.1413 | PROPN:0.0217 | PUNCT:0.1087 | SCONJ:0.0109 | VERB:0.1304,1,92
ADJ:0.0345 | ADP:0.0690 | ADV:0.1379 | CCONJ:0.0690 | NOUN:0.1379 | PRON:0.1379 | PROPN:0.0345 | PUNCT:0.1379 | SCONJ:0.0345 | SPACE:0.0690 | VERB:0.1379,ADJ:0.0769 | ADP:0.0440 | ADV:0.1648 | AUX:0.0659 | CCONJ:0.0110 | DET:0.0440 | NOUN:0.1099 | NUM:0.0110 | PART:0.0330 | PRON:0.1538 | PROPN:0.0220 | PUNCT:0.0769 | VERB:0.1868,29,91
PROPN:1.0000,ADJ:0.0952 | ADP:0.0571 | ADV:0.1333 | AUX:0.0571 | CCONJ:0.0381 | DET:0.0095 | INTJ:0.0190 | NOUN:0.1238 | PRON:0.1524 | PROPN:0.0095 | PUNCT:0.1619 | SCONJ:0.0190 | VERB:0.1238,1,105
ADJ:0.0508 | ADP:0.0508 | ADV:0.1356 | CCONJ:0.0169 | DET:0.0339 | INTJ:0.0169 | NOUN:0.1017 | NUM:0.0169 | PART:0.0339 | PRON:0.1356 | PROPN:0.0169 | PUNCT:0.1356 | SCONJ:0.0508 | SPACE:0.0339 | VERB:0.1695,ADJ:0.0855 | ADP:0.0684 | ADV:0.1282 | AUX:0.0427 | CCONJ:0.0256 | DET:0.0427 | NOUN:0.1282 | PRON:0.1538 | PROPN:0.0171 | PUNCT:0.1282 | SCONJ:0.0513 | VERB:0.1282,59,117
ADJ:0.0678 | ADP:0.0339 | ADV:0.1356 | AUX:0.0508 | DET:0.0169 | NOUN:0.2203 | NUM:0.0339 | PRON:0.1186 | PROPN:0.0508 | PUNCT:0.1186 | SPACE:0.0508 | VERB:0.1017,ADJ:0.0625 | ADP:0.0312 | ADV:0.1354 | AUX:0.0625 | CCONJ:0.0417 | DET:0.0208 | NOUN:0.1354 | NUM:0.0104 | PART:0.0104 | PRON:0.1667 | PROPN:0.0625 | PUNCT:0.0938 | SCONJ:0.0208 | VERB:0.1458,59,96
ADJ:0.0357 | ADP:0.1310 | ADV:0.0833 | AUX:0.0119 | CCONJ:0.0357 | DET:0.0238 | NOUN:0.1786 | PART:0.0238 | PRON:0.0952 | PROPN:0.0238 | PUNCT:0.1071 | SPACE:0.0952 | VERB:0.1548,ADJ:0.0672 | ADP:0.0588 | ADV:0.1008 | AUX:0.0420 | CCONJ:0.0420 | DET:0.0336 | NOUN:0.1597 | PART:0.0336 | PRON:0.1681 | PROPN:0.0420 | PUNCT:0.0840 | SCONJ:0.0084 | SPACE:0.0084 | VERB:0.1513,84,119
ADJ:0.0345 | ADP:0.0690 | ADV:0.2069 | CCONJ:0.0345 | DET:0.0345 | NOUN:0.1379 | PART:0.0345 | PRON:0.0690 | PROPN:0.0345 | PUNCT:0.1724 | SPACE:0.0345 | VERB:0.1379,ADJ:0.0889 | ADP:0.0444 | ADV:0.1889 | AUX:0.0444 | CCONJ:0.0444 | DET:0.0111 | NOUN:0.1111 | PART:0.0222 | PRON:0.1556 | PROPN:0.0444 | PUNCT:0.1111 | SCONJ:0.0111 | VERB:0.1222,29,90
ADJ:0.0741 | ADP:0.0741 | ADV:0.0864 | AUX:0.0370 | CCONJ:0.0370 | DET:0.0370 | NOUN:0.1111 | NUM:0.0123 | PART:0.0494 | PRON:0.0617 | PROPN:0.0741 | PUNCT:0.0741 | SCONJ:0.0247 | SPACE:0.1111 | VERB:0.1358,ADJ:0.0842 | ADP:0.0842 | ADV:0.0947 | AUX:0.0632 | CCONJ:0.0316 | DET:0.0105 | NOUN:0.1474 | PART:0.0316 | PRON:0.1895 | PROPN:0.0316 | PUNCT:0.0737 | SCONJ:0.0105 | VERB:0.1474,81,95
ADJ:0.0571 | ADP:0.0286 | ADV:0.0286 | AUX:0.0286 | DET:0.0286 | NOUN:0.1714 | PART:0.0857 | PRON:0.1429 | PROPN:0.0571 | PUNCT:0.1143 | SCONJ:0.0286 | SPACE:0.0571 | SYM:0.0286 | VERB:0.1429,ADJ:0.0957 | ADP:0.0638 | ADV:0.1596 | AUX:0.0532 | CCONJ:0.0638 | DET:0.0532 | NOUN:0.1489 | PRON:0.1170 | PROPN:0.0213 | PUNCT:0.1064 | SCONJ:0.0106 | VERB:0.1064,35,94
ADJ:0.0357 | ADP:0.0357 | ADV:0.1071 | AUX:0.0714 | DET:0.0357 | NOUN:0.1071 | PART:0.1071 | PRON:0.1071 | PUNCT:0.1429 | SCONJ:0.0357 | SPACE:0.0357 | VERB:0.1786,ADJ:0.0494 | ADP:0.0494 | ADV:0.1358 | AUX:0.0617 | CCONJ:0.0741 | DET:0.0123 | NOUN:0.1358 | PART:0.0247 | PRON:0.1728 | PROPN:0.0370 | PUNCT:0.0988 | VERB:0.1481,28,81
ADJ:0.0465 | ADP:0.0465 | ADV:0.1628 | AUX:0.0465 | CCONJ:0.0581 | DET:0.0349 | INTJ:0.0116 | NOUN:0.1279 | PRON:0.1512 | PUNCT:0.0698 | SCONJ:0.0349 | SPACE:0.0349 | VERB:0.1744,ADJ:0.0706 | ADP:0.0471 | ADV:0.1765 | AUX:0.0588 | DET:0.0353 | NOUN:0.1647 | PART:0.0235 | PRON:0.1412 | PROPN:0.0118 | PUNCT:0.0941 | SCONJ:0.0235 | VERB:0.1529,86,85
ADJ:0.2308 | ADP:0.0769 | AUX:0.0769 | DET:0.1538 | NOUN:0.1538 | PRON:0.0769 | PUNCT:0.0769 | VERB:0.1538,ADJ:0.0667 | ADP:0.0333 | ADV:0.1667 | AUX:0.0444 | CCONJ:0.0778 | DET:0.0111 | NOUN:0.1556 | PRON:0.1778 | PROPN:0.0333 | PUNCT:0.0889 | VERB:0.1444,13,90
ADJ:0.0200 | ADP:0.0800 | ADV:0.1600 | AUX:0.0400 | CCONJ:0.0200 | DET:0.0600 | NOUN:0.1200 | NUM:0.0200 | PART:0.0200 | PRON:0.0600 | PROPN:0.0200 | PUNCT:0.1400 | SCONJ:0.0600 | SPACE:0.0400 | VERB:0.1400,ADJ:0.0956 | ADP:0.1029 | ADV:0.0956 | AUX:0.0662 | CCONJ:0.0515 | DET:0.0441 | NOUN:0.1250 | PART:0.0294 | PRON:0.1250 | PROPN:0.0074 | PUNCT:0.0882 | SCONJ:0.0368 | VERB:0.1324,50,136
ADJ:0.0571 | ADV:0.1714 | AUX:0.0571 | CCONJ:0.0857 | DET:0.0286 | NOUN:0.1143 | PART:0.0286 | PRON:0.1429 | PUNCT:0.0857 | SCONJ:0.0571 | VERB:0.1714,ADJ:0.0733 | ADP:0.1133 | ADV:0.0800 | AUX:0.0667 | CCONJ:0.0600 | DET:0.0533 | NOUN:0.1733 | PART:0.0200 | PRON:0.1333 | PROPN:0.0067 | PUNCT:0.0867 | SCONJ:0.0200 | VERB:0.1133,35,150
ADJ:0.0303 | ADP:0.1515 | ADV:0.0909 | AUX:0.0303 | DET:0.0303 | NOUN:0.2121 | PART:0.0303 | PRON:0.0909 | PUNCT:0.0909 | SCONJ:0.0606 | VERB:0.1818,ADJ:0.0787 | ADP:0.0866 | ADV:0.1102 | AUX:0.0787 | CCONJ:0.0394 | DET:0.0315 | NOUN:0.1024 | PART:0.0079 | PRON:0.1732 | PROPN:0.0157 | PUNCT:0.1181 | SCONJ:0.0236 | VERB:0.1339,33,127
ADJ:0.1875 | ADP:0.2500 | ADV:0.0625 | DET:0.1875 | NOUN:0.1250 | PRON:0.0625 | PUNCT:0.0625 | VERB:0.0625,ADJ:0.1058 | ADP:0.0865 | ADV:0.1346 | AUX:0.0673 | CCONJ:0.0288 | DET:0.0192 | NOUN:0.1154 | PART:0.0385 | PRON:0.1346 | PROPN:0.0096 | PUNCT:0.0962 | SCONJ:0.0096 | VERB:0.1538,16,104
ADJ:0.0833 | ADP:0.1875 | ADV:0.0417 | AUX:0.0833 | DET:0.0417 | NOUN:0.1875 | PRON:0.1875 | PUNCT:0.0625 | SCONJ:0.0417 | VERB:0.0833,ADJ:0.0838 | ADP:0.0670 | ADV:0.0726 | AUX:0.0782 | CCONJ:0.0503 | DET:0.0335 | INTJ:0.0056 | NOUN:0.1397 | PART:0.0223 | PRON:0.1453 | PROPN:0.0056 | PUNCT:0.1117 | SCONJ:0.0391 | SPACE:0.0056 | VERB:0.1397,48,179
ADJ:0.0588 | ADP:0.0588 | ADV:0.0784 | CCONJ:0.0196 | DET:0.0392 | NOUN:0.1373 | PART:0.0196 | PRON:0.1765 | PUNCT:0.1176 | SCONJ:0.0588 | VERB:0.2353,ADJ:0.0992 | ADP:0.0763 | ADV:0.0840 | AUX:0.0611 | CCONJ:0.0611 | DET:0.0458 | NOUN:0.1603 | PART:0.0076 | PRON:0.1298 | PROPN:0.0153 | PUNCT:0.1069 | SCONJ:0.0382 | VERB:0.1145,51,131
ADP:0.0833 | ADV:0.0833 | DET:0.0833 | NOUN:0.0833 | PRON:0.2500 | PUNCT:0.1667 | SCONJ:0.0833 | VERB:0.1667,ADJ:0.0769 | ADP:0.0855 | ADV:0.1026 | AUX:0.0769 | CCONJ:0.0598 | DET:0.0427 | NOUN:0.1453 | NUM:0.0085 | PART:0.0171 | PRON:0.1282 | PROPN:0.0085 | PUNCT:0.0940 | SCONJ:0.0256 | VERB:0.1282,12,117
ADJ:0.0690 | ADP:0.1034 | ADV:0.1724 | AUX:0.0345 | NOUN:0.1034 | NUM:0.0345 | PART:0.0345 | PRON:0.2069 | PUNCT:0.0690 | VERB:0.1724,ADJ:0.0851 | ADP:0.1064 | ADV:0.0426 | AUX:0.0638 | CCONJ:0.0532 | DET:0.0426 | NOUN:0.1702 | NUM:0.0106 | PART:0.0213 | PRON:0.1277 | PROPN:0.0106 | PUNCT:0.0957 | SCONJ:0.0319 | VERB:0.1383,29,94
ADJ:0.0769 | AUX:0.0769 | NOUN:0.2308 | PRON:0.0769 | PROPN:0.0769 | PUNCT:0.1538 | SPACE:0.3077,ADJ:0.0952 | ADP:0.0873 | ADV:0.0952 | AUX:0.0635 | CCONJ:0.0556 | DET:0.0159 | NOUN:0.1032 | PART:0.0159 | PRON:0.1825 | PROPN:0.0079 | PUNCT:0.1032 | SCONJ:0.0238 | VERB:0.1508,13,126
ADJ:0.0901 | ADP:0.1171 | ADV:0.0631 | AUX:0.0541 | CCONJ:0.0450 | DET:0.0270 | NOUN:0.1351 | NUM:0.0180 | PART:0.0270 | PRON:0.1261 | PROPN:0.0090 | PUNCT:0.0631 | SCONJ:0.0721 | SPACE:0.0180 | VERB:0.1351,ADJ:0.0918 | ADP:0.0918 | ADV:0.0816 | AUX:0.0816 | CCONJ:0.0408 | DET:0.0408 | NOUN:0.1327 | PART:0.0102 | PRON:0.1429 | PROPN:0.0306 | PUNCT:0.1020 | SCONJ:0.0306 | VERB:0.1224,111,98
ADJ:0.1176 | ADP:0.1176 | ADV:0.1092 | AUX:0.0252 | CCONJ:0.0168 | DET:0.0252 | NOUN:0.2857 | PART:0.0084 | PRON:0.0420 | PROPN:0.0084 | PUNCT:0.1429 | SCONJ:0.0252 | SPACE:0.0168 | VERB:0.0588,ADJ:0.0977 | ADP:0.0526 | ADV:0.1278 | AUX:0.0827 | CCONJ:0.0526 | DET:0.0451 | NOUN:0.1203 | PART:0.0376 | PRON:0.1429 | PROPN:0.0075 | PUNCT:0.0902 | SCONJ:0.0150 | VERB:0.1278,119,133
ADJ:0.0909 | ADP:0.0606 | ADV:0.2121 | AUX:0.0606 | CCONJ:0.0303 | DET:0.0909 | NOUN:0.1212 | PRON:0.1212 | PUNCT:0.1515 | VERB:0.0606,ADJ:0.1056 | ADP:0.0775 | ADV:0.1056 | AUX:0.0563 | CCONJ:0.0493 | DET:0.0423 | NOUN:0.1268 | PART:0.0352 | PRON:0.1197 | PROPN:0.0141 | PUNCT:0.0986 | SCONJ:0.0423 | VERB:0.1268,33,142
ADJ:0.0833 | ADP:0.1389 | ADV:0.0278 | AUX:0.0833 | CCONJ:0.0556 | DET:0.0278 | INTJ:0.0278 | NOUN:0.1389 | NUM:0.0278 | PRON:0.1389 | PUNCT:0.0833 | SPACE:0.0278 | VERB:0.1389,ADJ:0.0891 | ADP:0.0594 | ADV:0.0792 | AUX:0.0990 | CCONJ:0.0495 | DET:0.0495 | NOUN:0.1683 | PART:0.0297 | PRON:0.1188 | PUNCT:0.0990 | SCONJ:0.0396 | VERB:0.1188,36,101
ADJ:0.0930 | ADP:0.0465 | ADV:0.1163 | AUX:0.0698 | CCONJ:0.0233 | DET:0.0465 | NOUN:0.1395 | PART:0.0233 | PRON:0.1163 | PUNCT:0.0930 | SCONJ:0.0465 | SPACE:0.0465 | VERB:0.1395,ADJ:0.0662 | ADP:0.0515 | ADV:0.1176 | AUX:0.1029 | CCONJ:0.0294 | DET:0.0735 | NOUN:0.1397 | PART:0.0294 | PRON:0.1250 | PUNCT:0.0956 | SCONJ:0.0515 | VERB:0.1176,43,136
ADJ:0.0476 | ADP:0.0476 | ADV:0.1429 | AUX:0.0952 | CCONJ:0.0952 | NOUN:0.0952 | PART:0.0476 | PRON:0.0476 | PUNCT:0.1429 | SCONJ:0.0476 | VERB:0.1905,ADJ:0.1008 | ADP:0.0233 | ADV:0.0853 | AUX:0.0930 | CCONJ:0.0233 | DET:0.0543 | NOUN:0.1008 | PART:0.0543 | PRON:0.1395 | PUNCT:0.1008 | SCONJ:0.0698 | SPACE:0.0078 | VERB:0.1473,21,129
ADP:0.1667 | ADV:0.0278 | AUX:0.0278 | CCONJ:0.0278 | DET:0.0556 | NOUN:0.1944 | PART:0.0278 | PRON:0.1111 | PUNCT:0.1111 | SCONJ:0.0833 | SPACE:0.0278 | VERB:0.1389,ADJ:0.0909 | ADP:0.0404 | ADV:0.1010 | AUX:0.0909 | CCONJ:0.0404 | DET:0.0606 | NOUN:0.1212 | PART:0.0404 | PRON:0.1515 | PUNCT:0.0808 | SCONJ:0.0505 | VERB:0.1313,36,99
ADJ:0.0633 | ADP:0.0253 | ADV:0.1013 | AUX:0.0886 | CCONJ:0.0506 | DET:0.0380 | INTJ:0.0127 | NOUN:0.1266 | NUM:0.0127 | PART:0.0380 | PRON:0.1266 | PUNCT:0.1646 | SCONJ:0.0506 | SPACE:0.0253 | VERB:0.0759,ADJ:0.0496 | ADP:0.0661 | ADV:0.0992 | AUX:0.0744 | CCONJ:0.0248 | DET:0.0579 | NOUN:0.1074 | PART:0.0413 | PRON:0.1818 | PUNCT:0.0826 | SCONJ:0.0496 | VERB:0.1653,79,121
ADJ:0.0417 | ADP:0.0417 | ADV:0.0833 | AUX:0.0833 | CCONJ:0.0417 | DET:0.0417 | NOUN:0.2083 | PRON:0.1667 | PUNCT:0.1250 | VERB:0.1667,ADJ:0.0870 | ADP:0.0696 | ADV:0.0870 | AUX:0.0783 | CCONJ:0.0174 | DET:0.0435 | NOUN:0.1217 | PART:0.0348 | PRON:0.1565 | PUNCT:0.1043 | SCONJ:0.0435 | VERB:0.1565,24,115
ADJ:0.0714 | ADP:0.0714 | ADV:0.1429 | AUX:0.0357 | CCONJ:0.0357 | DET:0.1071 | NOUN:0.2143 | PRON:0.1071 | PUNCT:0.1071 | SCONJ:0.0357 | VERB:0.0714,ADJ:0.1186 | ADP:0.0847 | ADV:0.1017 | AUX:0.0847 | CCONJ:0.0339 | DET:0.0508 | NOUN:0.0678 | PART:0.0169 | PRON:0.1525 | PUNCT:0.1186 | SCONJ:0.0508 | VERB:0.1186,28,59
ADJ:0.0769 | ADV:0.0769 | AUX:0.1538 | NOUN:0.0769 | PRON:0.2308 | PUNCT:0.1538 | SCONJ:0.0769 | VERB:0.1538,ADJ:0.0377 | ADP:0.0566 | ADV:0.1321 | AUX:0.1132 | CCONJ:0.0377 | NOUN:0.0755 | PART:0.0189 | PRON:0.1698 | PUNCT:0.1132 | SCONJ:0.0755 | VERB:0.1698,13,53
ADJ:0.0435 | ADV:0.1739 | AUX:0.0870 | DET:0.0435 | NOUN:0.0870 | PRON:0.1739 | PUNCT:0.0870 | SCONJ:0.1304 | VERB:0.1739,ADJ:0.1000 | ADP:0.0400 | ADV:0.1400 | AUX:0.0400 | CCONJ:0.0200 | DET:0.0400 | NOUN:0.1400 | PRON:0.1200 | PUNCT:0.1400 | SCONJ:0.0800 | VERB:0.1400,23,50
ADJ:0.0851 | ADV:0.1277 | AUX:0.0851 | CCONJ:0.0638 | NOUN:0.0638 | PART:0.0638 | PRON:0.1915 | PUNCT:0.1064 | SCONJ:0.0426 | SPACE:0.0213 | VERB:0.1489,ADJ:0.1000 | ADP:0.0400 | ADV:0.1600 | AUX:0.0600 | CCONJ:0.0200 | DET:0.0600 | NOUN:0.0800 | PART:0.0200 | PRON:0.1400 | PUNCT:0.1400 | SCONJ:0.0200 | VERB:0.1600,47,50
ADJ:0.1463 | ADP:0.0732 | ADV:0.1220 | AUX:0.0488 | CCONJ:0.0976 | DET:0.0244 | NOUN:0.1220 | PART:0.0244 | PRON:0.1463 | PROPN:0.0244 | PUNCT:0.0732 | VERB:0.0976,ADJ:0.0794 | ADP:0.0635 | ADV:0.1270 | AUX:0.0952 | CCONJ:0.0317 | DET:0.0317 | NOUN:0.0952 | PART:0.0159 | PRON:0.1905 | PUNCT:0.0952 | SCONJ:0.0317 | VERB:0.1429,41,63
AUX:0.1818 | CCONJ:0.0909 | NOUN:0.1818 | PRON:0.2727 | PUNCT:0.1818 | SPACE:0.0909,ADJ:0.1429 | ADP:0.0612 | ADV:0.0816 | AUX:0.1224 | CCONJ:0.0204 | NOUN:0.0816 | NUM:0.0204 | PART:0.0204 | PRON:0.1633 | PUNCT:0.0816 | SCONJ:0.0612 | VERB:0.1429,11,49
ADJ:0.0741 | ADV:0.1852 | AUX:0.0370 | NOUN:0.0741 | PRON:0.2593 | PUNCT:0.1111 | SPACE:0.0370 | VERB:0.2222,ADJ:0.0577 | ADP:0.0577 | ADV:0.0962 | AUX:0.1154 | CCONJ:0.0192 | NOUN:0.0577 | PART:0.0385 | PRON:0.2500 | PUNCT:0.1154 | SCONJ:0.0192 | VERB:0.1731,27,52
ADJ:0.1214 | ADP:0.1071 | ADV:0.1214 | AUX:0.0643 | CCONJ:0.0429 | DET:0.0143 | NOUN:0.1643 | NUM:0.0143 | PART:0.0143 | PRON:0.1071 | PUNCT:0.1000 | SCONJ:0.0143 | SPACE:0.0214 | VERB:0.0929,ADJ:0.1290 | ADP:0.0484 | ADV:0.1613 | AUX:0.0645 | CCONJ:0.0484 | DET:0.0161 | INTJ:0.0161 | NOUN:0.0806 | PART:0.0323 | PRON:0.0806 | PUNCT:0.1290 | SCONJ:0.0323 | VERB:0.1613,140,62
ADJ:0.0625 | ADP:0.0312 | ADV:0.0625 | AUX:0.0938 | CCONJ:0.0938 | DET:0.0312 | INTJ:0.0312 | NOUN:0.0625 | PRON:0.2188 | PUNCT:0.1875 | SCONJ:0.0312 | VERB:0.0938,ADJ:0.1273 | ADP:0.0364 | ADV:0.1091 | AUX:0.0909 | CCONJ:0.0364 | DET:0.0545 | NOUN:0.0727 | NUM:0.0182 | PART:0.0182 | PRON:0.1455 | PUNCT:0.1091 | SCONJ:0.0364 | VERB:0.1455,32,55
ADJ:0.0870 | ADP:0.0580 | ADV:0.1449 | AUX:0.0290 | CCONJ:0.0435 | DET:0.0145 | INTJ:0.0290 | NOUN:0.1159 | PART:0.0290 | PRON:0.1449 | PUNCT:0.1304 | SCONJ:0.0290 | VERB:0.1449,ADJ:0.1277 | ADP:0.0426 | ADV:0.0851 | AUX:0.1064 | CCONJ:0.0426 | DET:0.0638 | NOUN:0.0638 | PART:0.0213 | PRON:0.1489 | PUNCT:0.0851 | SCONJ:0.0638 | VERB:0.1489,69,47
ADJ:0.0357 | ADP:0.0714 | ADV:0.1429 | AUX:0.1071 | DET:0.0357 | NOUN:0.1786 | PART:0.0357 | PRON:0.1429 | PROPN:0.0357 | PUNCT:0.0357 | SPACE:0.0357 | VERB:0.1429,ADJ:0.0603 | ADP:0.1207 | ADV:0.1034 | AUX:0.0345 | CCONJ:0.0517 | DET:0.0172 | INTJ:0.0086 | NOUN:0.2155 | PART:0.0259 | PRON:0.0862 | PROPN:0.0172 | PUNCT:0.0948 | SCONJ:0.0259 | SPACE:0.0086 | VERB:0.1293,28,116
ADJ:0.0769 | ADV:0.0769 | AUX:0.0769 | NOUN:0.1538 | PRON:0.2308 | SCONJ:0.0769 | SPACE:0.1538 | VERB:0.1538,ADJ:0.0439 | ADP:0.0702 | ADV:0.1579 | AUX:0.0614 | CCONJ:0.0439 | DET:0.0439 | INTJ:0.0088 | NOUN:0.1228 | NUM:0.0088 | PART:0.0175 | PRON:0.1491 | PROPN:0.0175 | PUNCT:0.1053 | SCONJ:0.0263 | VERB:0.1228,13,114
ADP:0.0435 | ADV:0.0870 | CCONJ:0.0435 | DET:0.0870 | NOUN:0.1304 | PART:0.0435 | PRON:0.1739 | PUNCT:0.1304 | SCONJ:0.0435 | SPACE:0.0435 | VERB:0.1739,ADJ:0.0494 | ADP:0.0988 | ADV:0.1111 | AUX:0.0741 | CCONJ:0.0370 | DET:0.0370 | INTJ:0.0123 | NOUN:0.1852 | PRON:0.1235 | PROPN:0.0123 | PUNCT:0.1235 | SCONJ:0.0370 | VERB:0.0988,23,81
INTJ:0.1429 | PART:0.1429 | PRON:0.2857 | PUNCT:0.2857 | VERB:0.1429,ADJ:0.0750 | ADP:0.0625 | ADV:0.1125 | AUX:0.0500 | CCONJ:0.0250 | DET:0.0750 | INTJ:0.0125 | NOUN:0.1500 | PRON:0.1000 | PROPN:0.0125 | PUNCT:0.1375 | SCONJ:0.0625 | VERB:0.1250,7,80
AUX:0.1667 | NOUN:0.1667 | PRON:0.1667 | PUNCT:0.5000,ADJ:0.0761 | ADP:0.0761 | ADV:0.0761 | AUX:0.0761 | CCONJ:0.0326 | DET:0.0435 | INTJ:0.0109 | NOUN:0.1413 | PART:0.0217 | PRON:0.1196 | PROPN:0.0109 | PUNCT:0.1087 | SCONJ:0.0652 | VERB:0.1413,6,92
ADJ:0.0370 | ADP:0.1481 | ADV:0.1111 | AUX:0.0370 | CCONJ:0.1111 | NOUN:0.1111 | PRON:0.0741 | PROPN:0.0370 | PUNCT:0.1111 | SCONJ:0.0370 | SPACE:0.0370 | VERB:0.1481,ADJ:0.0471 | ADP:0.0588 | ADV:0.1529 | AUX:0.0588 | CCONJ:0.0471 | DET:0.0471 | NOUN:0.1294 | NUM:0.0235 | PRON:0.1294 | PROPN:0.0235 | PUNCT:0.1059 | SCONJ:0.0588 | VERB:0.1176,27,85
ADJ:0.0789 | ADP:0.0263 | ADV:0.1579 | AUX:0.0263 | CCONJ:0.0526 | DET:0.0263 | NOUN:0.1842 | PRON:0.1053 | PROPN:0.0526 | PUNCT:0.1579 | SCONJ:0.0263 | VERB:0.1053,ADJ:0.0521 | ADP:0.0625 | ADV:0.1354 | AUX:0.0729 | CCONJ:0.0417 | DET:0.0417 | INTJ:0.0104 | NOUN:0.1354 | NUM:0.0104 | PRON:0.1354 | PROPN:0.0312 | PUNCT:0.1042 | SCONJ:0.0729 | VERB:0.0938,38,96
ADJ:0.1200 | ADP:0.0800 | ADV:0.2000 | NOUN:0.1200 | PRON:0.2000 | PUNCT:0.1200 | SCONJ:0.0400 | VERB:0.1200,ADJ:0.0297 | ADP:0.0990 | ADV:0.1287 | AUX:0.0396 | CCONJ:0.0198 | DET:0.0396 | NOUN:0.1287 | PART:0.0198 | PRON:0.1386 | PROPN:0.0297 | PUNCT:0.1188 | SCONJ:0.0495 | VERB:0.1584,25,101
ADJ:0.0274 | ADP:0.1096 | ADV:0.0274 | AUX:0.0274 | CCONJ:0.0548 | DET:0.0685 | NOUN:0.2603 | PART:0.0137 | PRON:0.0822 | PROPN:0.0685 | PUNCT:0.1096 | SPACE:0.0411 | VERB:0.1096,ADJ:0.0714 | ADP:0.0929 | ADV:0.1357 | AUX:0.0500 | CCONJ:0.0357 | DET:0.0357 | INTJ:0.0071 | NOUN:0.1500 | NUM:0.0071 | PART:0.0214 | PRON:0.1214 | PROPN:0.0071 | PUNCT:0.0929 | SCONJ:0.0429 | SPACE:0.0071 | VERB:0.1214,73,140
ADJ:0.0220 | ADP:0.1538 | ADV:0.0879 | CCONJ:0.0440 | DET:0.0330 | NOUN:0.1758 | NUM:0.0330 | PART:0.0220 | PRON:0.0989 | PROPN:0.0110 | PUNCT:0.0879 | SCONJ:0.0220 | SPACE:0.0549 | SYM:0.0110 | VERB:0.1429,ADJ:0.0849 | ADP:0.0755 | ADV:0.1226 | AUX:0.0472 | CCONJ:0.0377 | DET:0.0472 | INTJ:0.0094 | NOUN:0.1226 | PRON:0.1226 | PROPN:0.0189 | PUNCT:0.1132 | SCONJ:0.0660 | VERB:0.1321,91,106
ADJ:0.0429 | ADP:0.1000 | ADV:0.1571 | AUX:0.0286 | CCONJ:0.0429 | NOUN:0.1571 | PART:0.0143 | PRON:0.1857 | PROPN:0.0429 | PUNCT:0.0714 | SCONJ:0.0143 | VERB:0.1429,ADJ:0.0092 | ADP:0.0917 | ADV:0.1193 | AUX:0.0642 | CCONJ:0.0550 | DET:0.0459 | INTJ:0.0092 | NOUN:0.1560 | NUM:0.0092 | PRON:0.1284 | PROPN:0.0459 | PUNCT:0.1101 | SCONJ:0.0367 | VERB:0.1193,70,109
ADP:0.1000 | ADV:0.1000 | PART:0.1000 | PRON:0.3000 | PUNCT:0.3000 | VERB:0.1000,ADJ:0.0822 | ADP:0.0685 | ADV:0.1507 | AUX:0.0274 | CCONJ:0.0274 | DET:0.0411 | NOUN:0.0959 | NUM:0.0137 | PART:0.0137 | PRON:0.1370 | PROPN:0.0137 | PUNCT:0.1233 | SCONJ:0.0411 | VERB:0.1644,10,73
ADJ:0.0938 | ADP:0.0938 | ADV:0.1875 | AUX:0.0625 | CCONJ:0.0312 | DET:0.0312 | NOUN:0.1562 | PART:0.0312 | PRON:0.0625 | PROPN:0.0938 | PUNCT:0.0938 | VERB:0.0625,ADJ:0.0855 | ADP:0.0592 | ADV:0.1447 | AUX:0.0461 | CCONJ:0.0526 | DET:0.0658 | NOUN:0.1579 | PART:0.0197 | PRON:0.1053 | PROPN:0.0395 | PUNCT:0.0855 | SCONJ:0.0395 | VERB:0.0987,32,152
ADJ:0.0278 | ADP:0.1111 | ADV:0.0556 | AUX:0.0556 | CCONJ:0.0278 | DET:0.0833 | NOUN:0.1111 | PART:0.1111 | PRON:0.1111 | PROPN:0.0278 | PUNCT:0.0833 | SCONJ:0.0278 | VERB:0.1667,ADJ:0.1078 | ADP:0.0862 | ADV:0.1034 | AUX:0.0560 | CCONJ:0.0345 | DET:0.0603 | NOUN:0.1422 | PART:0.0259 | PRON:0.1250 | PROPN:0.0259 | PUNCT:0.0948 | SCONJ:0.0216 | SPACE:0.0086 | VERB:0.1078,36,232
ADJ:0.0667 | ADP:0.1000 | ADV:0.1000 | AUX:0.0333 | CCONJ:0.0333 | DET:0.0667 | NOUN:0.1000 | NUM:0.0333 | PART:0.0667 | PRON:0.1333 | PUNCT:0.0333 | SCONJ:0.0667 | VERB:0.1667,ADJ:0.1131 | ADP:0.0655 | ADV:0.0952 | AUX:0.0536 | CCONJ:0.0476 | DET:0.0417 | NOUN:0.1607 | PART:0.0238 | PRON:0.1071 | PROPN:0.0417 | PUNCT:0.0893 | SCONJ:0.0357 | SPACE:0.0119 | VERB:0.1131,30,168
ADJ:0.0690 | ADP:0.1034 | ADV:0.0345 | AUX:0.0690 | DET:0.0690 | NOUN:0.1034 | PART:0.0345 | PRON:0.0345 | PROPN:0.1034 | PUNCT:0.1724 | SPACE:0.1034 | VERB:0.1034,ADJ:0.1379 | ADP:0.0948 | ADV:0.0603 | AUX:0.0345 | CCONJ:0.0517 | DET:0.0259 | NOUN:0.1983 | PART:0.0086 | PRON:0.1121 | PROPN:0.0259 | PUNCT:0.0948 | SCONJ:0.0259 | SPACE:0.0086 | VERB:0.1207,29,116
ADJ:0.0789 | ADP:0.1140 | ADV:0.0965 | AUX:0.0439 | CCONJ:0.0351 | DET:0.0526 | NOUN:0.1491 | NUM:0.0263 | PART:0.0526 | PRON:0.0965 | PROPN:0.0439 | PUNCT:0.0702 | SCONJ:0.0175 | SPACE:0.0263 | VERB:0.0965,ADJ:0.1316 | ADP:0.0702 | ADV:0.1579 | AUX:0.0263 | CCONJ:0.0526 | DET:0.0175 | NOUN:0.1754 | PART:0.0175 | PRON:0.0877 | PROPN:0.0439 | PUNCT:0.0877 | SCONJ:0.0263 | VERB:0.1053,114,114
ADJ:0.1000 | ADP:0.1111 | ADV:0.0667 | AUX:0.0333 | CCONJ:0.0778 | DET:0.0444 | INTJ:0.0111 | NOUN:0.1667 | PART:0.0222 | PRON:0.0667 | PROPN:0.0222 | PUNCT:0.1000 | SCONJ:0.0111 | SPACE:0.0222 | SYM:0.0111 | VERB:0.1333,ADJ:0.1208 | ADP:0.1007 | ADV:0.1141 | AUX:0.0537 | CCONJ:0.0403 | DET:0.0537 | NOUN:0.1477 | PART:0.0134 | PRON:0.1074 | PROPN:0.0336 | PUNCT:0.0604 | SCONJ:0.0403 | SPACE:0.0067 | VERB:0.1074,90,149
ADJ:0.0909 | ADP:0.0303 | ADV:0.0909 | AUX:0.0303 | CCONJ:0.0303 | DET:0.0303 | NOUN:0.1212 | PART:0.0909 | PRON:0.1212 | PUNCT:0.0909 | SCONJ:0.0606 | VERB:0.2121,ADJ:0.0933 | ADP:0.1000 | ADV:0.1133 | AUX:0.0533 | CCONJ:0.0533 | DET:0.0333 | NOUN:0.1867 | PART:0.0133 | PRON:0.1000 | PROPN:0.0200 | PUNCT:0.0733 | SCONJ:0.0267 | SPACE:0.0067 | VERB:0.1267,33,150
ADP:0.2121 | ADV:0.0909 | AUX:0.0303 | NOUN:0.3030 | NUM:0.0606 | PRON:0.0303 | PROPN:0.0909 | PUNCT:0.0303 | SPACE:0.0909 | VERB:0.0606,ADJ:0.1000 | ADP:0.1083 | ADV:0.0750 | AUX:0.0167 | CCONJ:0.0500 | DET:0.0667 | NOUN:0.1917 | NUM:0.0167 | PART:0.0167 | PRON:0.1000 | PROPN:0.0167 | PUNCT:0.0667 | SCONJ:0.0500 | VERB:0.1250,33,120
ADJ:0.1471 | ADP:0.1176 | ADV:0.1176 | AUX:0.0588 | DET:0.0588 | NOUN:0.2353 | PRON:0.0588 | PUNCT:0.0588 | SCONJ:0.0294 | VERB:0.1176,ADJ:0.1220 | ADP:0.0927 | ADV:0.0829 | AUX:0.0439 | CCONJ:0.0439 | DET:0.0488 | NOUN:0.1463 | PART:0.0098 | PRON:0.1366 | PROPN:0.0195 | PUNCT:0.0683 | SCONJ:0.0488 | SPACE:0.0098 | VERB:0.1268,34,205
ADJ:0.0727 | ADP:0.0727 | ADV:0.0636 | AUX:0.0636 | CCONJ:0.0273 | DET:0.0636 | NOUN:0.2273 | NUM:0.0091 | PART:0.0364 | PRON:0.0818 | PROPN:0.0455 | PUNCT:0.0727 | SCONJ:0.0273 | SPACE:0.0182 | VERB:0.1182,ADJ:0.1099 | ADP:0.0879 | ADV:0.1154 | AUX:0.0549 | CCONJ:0.0385 | DET:0.0549 | NOUN:0.1484 | PART:0.0055 | PRON:0.1209 | PROPN:0.0275 | PUNCT:0.0769 | SCONJ:0.0385 | SPACE:0.0055 | VERB:0.1154,110,182
ADJ:0.1014 | ADP:0.1304 | ADV:0.0435 | AUX:0.0580 | CCONJ:0.0290 | DET:0.0145 | NOUN:0.2609 | NUM:0.0145 | PART:0.0145 | PROPN:0.1014 | PUNCT:0.1014 | SPACE:0.0580 | VERB:0.0725,ADJ:0.1538 | ADP:0.0846 | ADV:0.1385 | AUX:0.0615 | CCONJ:0.0308 | DET:0.0462 | NOUN:0.2000 | PART:0.0231 | PRON:0.0769 | PROPN:0.0077 | PUNCT:0.0769 | SCONJ:0.0308 | SPACE:0.0077 | VERB:0.0615,69,130
ADJ:0.1818 | ADP:0.1818 | AUX:0.1818 | DET:0.0909 | NOUN:0.1818 | PROPN:0.0909 | PUNCT:0.0909,ADJ:0.0942 | ADP:0.0870 | ADV:0.0797 | AUX:0.0725 | CCONJ:0.0507 | DET:0.0362 | NOUN:0.1667 | PART:0.0072 | PRON:0.1377 | PROPN:0.0290 | PUNCT:0.0797 | SCONJ:0.0217 | SPACE:0.0145 | VERB:0.1232,11,138
ADJ:0.1020 | ADP:0.0816 | ADV:0.1224 | AUX:0.0408 | CCONJ:0.0408 | DET:0.0204 | NOUN:0.2041 | NUM:0.0204 | PART:0.0204 | PRON:0.0612 | PROPN:0.0408 | PUNCT:0.1020 | SCONJ:0.0204 | SPACE:0.0408 | VERB:0.0816,ADJ:0.1084 | ADP:0.0964 | ADV:0.0843 | AUX:0.0301 | CCONJ:0.0542 | DET:0.0361 | NOUN:0.1687 | PART:0.0301 | PRON:0.1265 | PROPN:0.0241 | PUNCT:0.0723 | SCONJ:0.0361 | SPACE:0.0060 | VERB:0.1265,49,166
ADJ:0.0417 | ADP:0.0833 | ADV:0.0833 | AUX:0.1250 | NOUN:0.0417 | PART:0.0833 | PRON:0.2917 | PUNCT:0.0833 | SCONJ:0.0417 | SPACE:0.0417 | VERB:0.0833,ADJ:0.0735 | ADP:0.1029 | ADV:0.0882 | AUX:0.0294 | CCONJ:0.0294 | DET:0.0588 | INTJ:0.0147 | NOUN:0.1471 | PART:0.0147 | PRON:0.1618 | PUNCT:0.1176 | SCONJ:0.0147 | VERB:0.1471,24,68
AUX:0.1250 | NOUN:0.1250 | PART:0.1250 | PRON:0.1250 | PROPN:0.2500 | PUNCT:0.2500,ADJ:0.0441 | ADP:0.1176 | ADV:0.1029 | AUX:0.0441 | CCONJ:0.0294 | DET:0.0441 | NOUN:0.1471 | PART:0.0294 | PRON:0.1471 | PROPN:0.0441 | PUNCT:0.1324 | SCONJ:0.0147 | VERB:0.1029,8,68
ADJ:0.0678 | ADP:0.0678 | ADV:0.0847 | AUX:0.0508 | CCONJ:0.0339 | DET:0.0508 | NOUN:0.1525 | PART:0.0508 | PRON:0.1525 | PUNCT:0.1017 | SCONJ:0.0339 | VERB:0.1525,ADJ:0.0667 | ADP:0.0800 | ADV:0.1333 | AUX:0.0533 | CCONJ:0.0133 | DET:0.0533 | NOUN:0.1200 | PART:0.0133 | PRON:0.1733 | PROPN:0.0133 | PUNCT:0.1333 | SCONJ:0.0267 | VERB:0.1200,59,75
ADJ:0.0323 | ADP:0.0968 | ADV:0.0968 | CCONJ:0.0968 | DET:0.0323 | NOUN:0.1935 | PRON:0.0323 | PROPN:0.0968 | PUNCT:0.2258 | VERB:0.0968,ADJ:0.0794 | ADP:0.0635 | ADV:0.0635 | AUX:0.0635 | CCONJ:0.0635 | DET:0.0635 | NOUN:0.1270 | PRON:0.1587 | PROPN:0.0476 | PUNCT:0.1111 | VERB:0.1587,31,63
ADJ:0.2000 | ADP:0.1333 | ADV:0.0667 | NOUN:0.2000 | NUM:0.0667 | PROPN:0.0667 | PUNCT:0.0667 | SCONJ:0.0667 | VERB:0.1333,ADJ:0.0441 | ADP:0.0441 | ADV:0.1029 | AUX:0.0588 | CCONJ:0.0441 | DET:0.0147 | NOUN:0.1029 | PART:0.0147 | PRON:0.1765 | PROPN:0.0441 | PUNCT:0.1765 | SCONJ:0.0294 | VERB:0.1471,15,68
ADJ:0.0606 | ADP:0.0909 | ADV:0.1212 | AUX:0.0303 | CCONJ:0.0606 | DET:0.0303 | NOUN:0.1212 | PRON:0.2121 | PUNCT:0.1212 | SCONJ:0.0303 | VERB:0.1212,ADJ:0.0244 | ADP:0.0976 | ADV:0.1220 | AUX:0.0732 | CCONJ:0.0244 | DET:0.0244 | NOUN:0.1707 | PRON:0.1707 | PROPN:0.0244 | PUNCT:0.0976 | SCONJ:0.0244 | VERB:0.1463,33,41
ADJ:0.0488 | ADP:0.0244 | ADV:0.0976 | AUX:0.1220 | CCONJ:0.0488 | DET:0.0488 | NOUN:0.0976 | PART:0.0488 | PRON:0.1951 | PUNCT:0.0488 | SCONJ:0.0732 | VERB:0.1463,ADJ:0.0732 | ADP:0.1220 | ADV:0.1220 | AUX:0.0488 | CCONJ:0.0244 | DET:0.0244 | NOUN:0.1951 | PART:0.0244 | PRON:0.0976 | PROPN:0.0244 | PUNCT:0.0976 | SCONJ:0.0244 | VERB:0.1220,41,41
ADJ:0.0256 | ADP:0.0769 | ADV:0.1026 | AUX:0.0513 | CCONJ:0.0513 | DET:0.0513 | NOUN:0.1538 | PRON:0.2308 | PROPN:0.0256 | PUNCT:0.0769 | SCONJ:0.0256 | VERB:0.1282,ADJ:0.1250 | ADP:0.0750 | ADV:0.0500 | AUX:0.0750 | CCONJ:0.0250 | DET:0.0750 | NOUN:0.1750 | PART:0.0250 | PRON:0.1000 | PUNCT:0.1000 | SCONJ:0.0250 | VERB:0.1500,39,40
ADJ:0.0877 | ADP:0.0526 | ADV:0.0526 | AUX:0.1228 | CCONJ:0.0351 | DET:0.0526 | NOUN:0.1228 | PART:0.0175 | PRON:0.1754 | PUNCT:0.0526 | SCONJ:0.0351 | SPACE:0.0351 | VERB:0.1579,ADJ:0.1242 | ADP:0.0850 | ADV:0.1242 | AUX:0.0915 | CCONJ:0.0327 | DET:0.0261 | NOUN:0.1242 | PART:0.0392 | PRON:0.1242 | PUNCT:0.0980 | SCONJ:0.0131 | VERB:0.1176,57,153
ADJ:0.1102 | ADP:0.0315 | ADV:0.0630 | AUX:0.0866 | CCONJ:0.0394 | DET:0.0236 | NOUN:0.1260 | PART:0.0551 | PRON:0.1575 | PROPN:0.0079 | PUNCT:0.1339 | SCONJ:0.0472 | SPACE:0.0079 | VERB:0.1102,ADJ:0.0903 | ADP:0.0764 | ADV:0.1319 | AUX:0.0625 | CCONJ:0.0625 | DET:0.0278 | INTJ:0.0069 | NOUN:0.1458 | PART:0.0347 | PRON:0.1042 | PUNCT:0.1250 | SCONJ:0.0208 | VERB:0.1111,127,144
ADJ:0.0486 | ADP:0.0972 | ADV:0.1597 | AUX:0.0625 | CCONJ:0.0417 | DET:0.0486 | NOUN:0.1181 | NUM:0.0139 | PART:0.0347 | PRON:0.1250 | PUNCT:0.0694 | SCONJ:0.0347 | SPACE:0.0139 | VERB:0.1319,ADJ:0.0769 | ADP:0.0879 | ADV:0.1209 | AUX:0.0549 | CCONJ:0.0714 | DET:0.0165 | NOUN:0.1813 | PART:0.0440 | PRON:0.0879 | PUNCT:0.0934 | SCONJ:0.0220 | SPACE:0.0110 | VERB:0.1319,144,182
ADJ:0.0714 | ADP:0.0833 | ADV:0.0952 | AUX:0.0476 | CCONJ:0.0119 | DET:0.0476 | NOUN:0.1667 | PART:0.0595 | PRON:0.1071 | PROPN:0.0476 | PUNCT:0.0833 | SCONJ:0.0357 | SPACE:0.0119 | VERB:0.1310,ADJ:0.0765 | ADP:0.0765 | ADV:0.1000 | AUX:0.0941 | CCONJ:0.0353 | DET:0.0353 | NOUN:0.1412 | PART:0.0235 | PRON:0.1471 | PUNCT:0.1000 | SCONJ:0.0529 | SPACE:0.0118 | VERB:0.1059,84,170
ADJ:0.0952 | ADP:0.0816 | ADV:0.1293 | AUX:0.0680 | CCONJ:0.0408 | DET:0.0136 | NOUN:0.1565 | PART:0.0204 | PRON:0.1020 | PROPN:0.0204 | PUNCT:0.0884 | SCONJ:0.0408 | SPACE:0.0068 | SYM:0.0068 | VERB:0.1293,ADJ:0.1090 | ADP:0.0833 | ADV:0.1026 | AUX:0.1026 | CCONJ:0.0321 | DET:0.0256 | NOUN:0.1346 | PART:0.0256 | PRON:0.1474 | PUNCT:0.0897 | SCONJ:0.0513 | VERB:0.0962,147,156
ADJ:0.0905 | ADP:0.0810 | ADV:0.0905 | AUX:0.0571 | CCONJ:0.0381 | DET:0.0381 | NOUN:0.1524 | NUM:0.0048 | PART:0.0381 | PRON:0.1333 | PROPN:0.0238 | PUNCT:0.0905 | SCONJ:0.0429 | SPACE:0.0095 | VERB:0.1095,ADJ:0.0884 | ADP:0.0884 | ADV:0.0977 | AUX:0.0698 | CCONJ:0.0605 | DET:0.0279 | NOUN:0.1535 | PART:0.0326 | PRON:0.1488 | PUNCT:0.0837 | SCONJ:0.0279 | SPACE:0.0093 | VERB:0.1116,210,215
ADV:0.3333 | NOUN:0.1667 | PUNCT:0.3333 | VERB:0.1667,ADJ:0.1097 | ADP:0.1355 | ADV:0.1097 | AUX:0.0645 | CCONJ:0.0452 | DET:0.0387 | NOUN:0.1613 | PART:0.0258 | PRON:0.1032 | PUNCT:0.0774 | SCONJ:0.0323 | SPACE:0.0065 | VERB:0.0903,6,155
ADJ:0.0796 | ADP:0.0619 | ADV:0.1239 | AUX:0.0619 | CCONJ:0.0442 | DET:0.0177 | NOUN:0.1593 | PART:0.0088 | PRON:0.1770 | PROPN:0.0088 | PUNCT:0.0973 | SCONJ:0.0177 | SPACE:0.0088 | VERB:0.1327,ADJ:0.0632 | ADP:0.1211 | ADV:0.1158 | AUX:0.0737 | CCONJ:0.0474 | DET:0.0421 | NOUN:0.1526 | PART:0.0316 | PRON:0.1316 | PUNCT:0.0579 | SCONJ:0.0421 | SPACE:0.0053 | VERB:0.1158,113,190
ADJ:0.1081 | ADP:0.0450 | ADV:0.0631 | AUX:0.0991 | CCONJ:0.0360 | DET:0.0180 | NOUN:0.1171 | PART:0.0450 | PRON:0.1982 | PUNCT:0.0901 | SCONJ:0.0360 | SPACE:0.0090 | VERB:0.1351,ADJ:0.1259 | ADP:0.0963 | ADV:0.0889 | AUX:0.0667 | CCONJ:0.0444 | DET:0.0519 | NOUN:0.2148 | PART:0.0148 | PRON:0.1037 | PUNCT:0.0963 | SCONJ:0.0148 | VERB:0.0815,111,135
ADJ:0.1026 | ADP:0.1026 | ADV:0.0769 | AUX:0.0513 | CCONJ:0.0128 | DET:0.0385 | NOUN:0.2179 | PART:0.0513 | PRON:0.0897 | PUNCT:0.0769 | SCONJ:0.0385 | SPACE:0.0128 | VERB:0.1282,ADJ:0.0955 | ADP:0.1210 | ADV:0.1146 | AUX:0.0764 | CCONJ:0.0382 | DET:0.0191 | NOUN:0.1656 | PART:0.0318 | PRON:0.1146 | PUNCT:0.0764 | SCONJ:0.0318 | SPACE:0.0127 | VERB:0.1019,78,157
ADJ:0.0789 | ADP:0.1184 | ADV:0.0658 | AUX:0.0658 | CCONJ:0.0263 | DET:0.0132 | NOUN:0.1974 | PART:0.0263 | PRON:0.1316 | PUNCT:0.1316 | SCONJ:0.0263 | SPACE:0.0132 | SYM:0.0132 | VERB:0.0921,ADJ:0.1049 | ADP:0.0769 | ADV:0.0979 | AUX:0.0909 | CCONJ:0.0490 | DET:0.0559 | INTJ:0.0070 | NOUN:0.1538 | PART:0.0280 | PRON:0.1119 | PUNCT:0.0839 | SCONJ:0.0210 | VERB:0.1189,76,143
ADJ:0.1087 | ADP:0.0761 | ADV:0.1413 | AUX:0.0652 | CCONJ:0.0326 | DET:0.0109 | NOUN:0.1304 | NUM:0.0217 | PART:0.0326 | PRON:0.1087 | PROPN:0.0109 | PUNCT:0.0978 | SCONJ:0.0326 | VERB:0.1304,ADJ:0.1000 | ADP:0.0786 | ADV:0.1571 | AUX:0.1000 | CCONJ:0.0286 | DET:0.0214 | NOUN:0.1286 | PART:0.0286 | PRON:0.1286 | PUNCT:0.1000 | SCONJ:0.0357 | VERB:0.0929,92,140
ADJ:0.0851 | ADP:0.1064 | ADV:0.0745 | AUX:0.0745 | CCONJ:0.0426 | DET:0.0532 | NOUN:0.1915 | PART:0.0213 | PRON:0.0957 | PROPN:0.0106 | PUNCT:0.0957 | SCONJ:0.0213 | SPACE:0.0106 | SYM:0.0213 | VERB:0.0957,ADJ:0.0843 | ADP:0.0787 | ADV:0.1011 | AUX:0.0955 | CCONJ:0.0449 | DET:0.0225 | INTJ:0.0056 | NOUN:0.1404 | PART:0.0506 | PRON:0.1348 | PUNCT:0.1011 | SCONJ:0.0225 | SPACE:0.0112 | VERB:0.1067,94,178
ADJ:0.0400 | ADP:0.0800 | ADV:0.0800 | AUX:0.1200 | NOUN:0.2000 | NUM:0.0400 | PART:0.0400 | PRON:0.1600 | PUNCT:0.0800 | SCONJ:0.0400 | VERB:0.1200,ADJ:0.0897 | ADP:0.0828 | ADV:0.0966 | AUX:0.0897 | CCONJ:0.0483 | DET:0.0207 | INTJ:0.0069 | NOUN:0.1586 | PART:0.0207 | PRON:0.1448 | PUNCT:0.0966 | SCONJ:0.0414 | VERB:0.1034,25,145
ADJ:0.0972 | ADP:0.0556 | ADV:0.0694 | AUX:0.0694 | CCONJ:0.0278 | DET:0.0139 | NOUN:0.1667 | NUM:0.0417 | PART:0.0694 | PRON:0.1111 | PUNCT:0.1111 | SCONJ:0.0417 | VERB:0.1250,ADJ:0.1065 | ADP:0.1124 | ADV:0.1065 | AUX:0.0769 | CCONJ:0.0592 | DET:0.0296 | NOUN:0.1775 | PART:0.0237 | PRON:0.0947 | PUNCT:0.0947 | SCONJ:0.0178 | SPACE:0.0059 | VERB:0.0947,72,169
ADJ:0.0711 | ADP:0.1218 | ADV:0.0457 | AUX:0.0457 | CCONJ:0.0254 | DET:0.0305 | NOUN:0.1929 | NUM:0.0051 | PART:0.0305 | PRON:0.1371 | PROPN:0.0102 | PUNCT:0.1117 | SCONJ:0.0508 | VERB:0.1218,ADJ:0.1034 | ADP:0.0828 | ADV:0.1310 | AUX:0.0897 | CCONJ:0.0552 | DET:0.0207 | NOUN:0.1448 | PART:0.0345 | PRON:0.1310 | PUNCT:0.0759 | SCONJ:0.0414 | VERB:0.0897,197,145
ADJ:0.0741 | ADP:0.1481 | ADV:0.1481 | AUX:0.0370 | DET:0.0370 | NOUN:0.1481 | PART:0.1111 | PRON:0.1111 | PUNCT:0.0741 | VERB:0.1111,ADJ:0.0866 | ADP:0.0866 | ADV:0.1024 | AUX:0.0866 | CCONJ:0.0630 | DET:0.0236 | NOUN:0.1732 | PART:0.0315 | PRON:0.1260 | PUNCT:0.0945 | SCONJ:0.0236 | VERB:0.1024,27,127
ADJ:0.0678 | ADP:0.0678 | ADV:0.1186 | AUX:0.0678 | CCONJ:0.0339 | DET:0.0508 | NOUN:0.2373 | NUM:0.0508 | PART:0.0508 | PRON:0.0339 | PUNCT:0.0678 | SPACE:0.0339 | VERB:0.1186,ADJ:0.1156 | ADP:0.1040 | ADV:0.0751 | AUX:0.0520 | CCONJ:0.0520 | DET:0.0347 | NOUN:0.1908 | PART:0.0405 | PRON:0.1040 | PUNCT:0.0925 | SCONJ:0.0116 | SPACE:0.0116 | VERB:0.1156,59,173
ADJ:0.0690 | ADP:0.0345 | ADV:0.1034 | AUX:0.1034 | CCONJ:0.0690 | DET:0.0345 | NOUN:0.1379 | PART:0.0345 | PRON:0.1724 | PUNCT:0.1034 | SCONJ:0.0690 | VERB:0.0690,ADJ:0.1011 | ADP:0.0787 | ADV:0.1011 | AUX:0.0843 | CCONJ:0.0618 | DET:0.0449 | NOUN:0.1685 | PART:0.0225 | PRON:0.1124 | PUNCT:0.0730 | SCONJ:0.0393 | SPACE:0.0112 | VERB:0.1011,29,178
ADJ:0.1017 | ADP:0.0763 | ADV:0.1695 | AUX:0.0847 | CCONJ:0.0254 | DET:0.0085 | NOUN:0.1271 | NUM:0.0085 | PART:0.0508 | PRON:0.1102 | PUNCT:0.0678 | SCONJ:0.0339 | SPACE:0.0169 | VERB:0.1186,ADJ:0.1067 | ADP:0.1011 | ADV:0.0674 | AUX:0.0899 | CCONJ:0.0393 | DET:0.0393 | NOUN:0.1461 | PART:0.0281 | PRON:0.1292 | PUNCT:0.0899 | SCONJ:0.0562 | VERB:0.1067,118,178
ADJ:0.0833 | ADP:0.0556 | ADV:0.1111 | AUX:0.0833 | CCONJ:0.1111 | DET:0.0278 | NOUN:0.2500 | PRON:0.0833 | PUNCT:0.1111 | SPACE:0.0278 | VERB:0.0556,ADJ:0.0894 | ADP:0.0726 | ADV:0.1229 | AUX:0.0782 | CCONJ:0.0559 | DET:0.0391 | INTJ:0.0056 | NOUN:0.1508 | PART:0.0168 | PRON:0.1285 | PUNCT:0.0894 | SCONJ:0.0391 | SPACE:0.0112 | VERB:0.1006,36,179
ADJ:0.0984 | ADP:0.1148 | ADV:0.0820 | AUX:0.0410 | CCONJ:0.0328 | DET:0.0492 | NOUN:0.2049 | PART:0.0246 | PRON:0.0902 | PROPN:0.0082 | PUNCT:0.0984 | SCONJ:0.0246 | SPACE:0.0246 | VERB:0.1066,ADJ:0.1136 | ADP:0.0852 | ADV:0.0966 | AUX:0.0739 | CCONJ:0.0568 | DET:0.0114 | NOUN:0.1477 | NUM:0.0057 | PART:0.0227 | PRON:0.1364 | PUNCT:0.0966 | SCONJ:0.0284 | SPACE:0.0114 | VERB:0.1136,122,176
ADP:0.1429 | ADV:0.0476 | NOUN:0.1905 | NUM:0.0476 | PRON:0.0952 | PROPN:0.0952 | PUNCT:0.0952 | SCONJ:0.0476 | SPACE:0.0476 | VERB:0.1905,ADJ:0.0753 | ADP:0.0753 | ADV:0.1027 | AUX:0.0822 | CCONJ:0.0616 | DET:0.0274 | NOUN:0.1438 | PART:0.0274 | PRON:0.1438 | PUNCT:0.0753 | SCONJ:0.0548 | VERB:0.1301,21,146
ADJ:0.0806 | ADP:0.0726 | ADV:0.1048 | AUX:0.0645 | CCONJ:0.0323 | DET:0.0323 | NOUN:0.1774 | PART:0.0484 | PRON:0.1129 | PROPN:0.0081 | PUNCT:0.0726 | SCONJ:0.0484 | SPACE:0.0161 | VERB:0.1290,ADJ:0.0882 | ADP:0.0809 | ADV:0.1029 | AUX:0.0809 | CCONJ:0.0368 | DET:0.0147 | NOUN:0.1103 | PART:0.0588 | PRON:0.1250 | PROPN:0.0074 | PUNCT:0.0956 | SCONJ:0.0588 | VERB:0.1397,124,136
ADJ:0.0513 | ADP:0.1282 | ADV:0.0897 | AUX:0.0256 | CCONJ:0.0385 | DET:0.0641 | NOUN:0.1923 | NUM:0.0128 | PRON:0.0769 | PROPN:0.0385 | PUNCT:0.0897 | SCONJ:0.0128 | SPACE:0.0897 | VERB:0.0897,ADJ:0.0886 | ADP:0.1013 | ADV:0.1203 | AUX:0.0759 | CCONJ:0.0443 | DET:0.0316 | NOUN:0.1582 | PART:0.0253 | PRON:0.1203 | PUNCT:0.0823 | SCONJ:0.0506 | VERB:0.1013,78,158
ADJ:0.0930 | ADP:0.0930 | ADV:0.0930 | AUX:0.0930 | CCONJ:0.0465 | DET:0.0465 | INTJ:0.0233 | NOUN:0.1163 | NUM:0.0233 | PART:0.0465 | PRON:0.1395 | PUNCT:0.0465 | SCONJ:0.0233 | SPACE:0.0233 | VERB:0.0930,ADJ:0.1097 | ADP:0.0839 | ADV:0.0774 | AUX:0.0710 | CCONJ:0.0581 | DET:0.0258 | INTJ:0.0065 | NOUN:0.1677 | PART:0.0387 | PRON:0.1226 | PUNCT:0.0839 | SCONJ:0.0387 | VERB:0.1161,43,155
ADJ:0.0571 | ADP:0.1000 | ADV:0.1571 | AUX:0.0857 | CCONJ:0.0286 | DET:0.0143 | NOUN:0.1857 | PART:0.0429 | PRON:0.1000 | PUNCT:0.0714 | SCONJ:0.0429 | SPACE:0.0143 | VERB:0.1000,ADJ:0.1105 | ADP:0.1047 | ADV:0.0756 | AUX:0.0814 | CCONJ:0.0291 | DET:0.0407 | NOUN:0.1512 | PART:0.0407 | PRON:0.1221 | PUNCT:0.0872 | SCONJ:0.0291 | SPACE:0.0116 | VERB:0.1163,70,172
ADJ:0.0238 | ADP:0.1190 | ADV:0.0476 | AUX:0.0238 | CCONJ:0.0238 | DET:0.0476 | NOUN:0.2143 | PRON:0.1190 | PROPN:0.0238 | PUNCT:0.1190 | SCONJ:0.0476 | SPACE:0.0714 | VERB:0.1190,ADJ:0.0814 | ADP:0.0872 | ADV:0.0698 | AUX:0.0930 | CCONJ:0.0349 | DET:0.0116 | NOUN:0.1628 | PART:0.0291 | PRON:0.1628 | PUNCT:0.1047 | SCONJ:0.0291 | VERB:0.1337,42,172
ADJ:0.1111 | ADP:0.1111 | CCONJ:0.0556 | DET:0.0556 | NOUN:0.2778 | PRON:0.1111 | PUNCT:0.1111 | SCONJ:0.0556 | VERB:0.1111,ADJ:0.1152 | ADP:0.0909 | ADV:0.1152 | AUX:0.0848 | CCONJ:0.0303 | DET:0.0061 | NOUN:0.1576 | PART:0.0182 | PRON:0.1333 | PUNCT:0.0909 | SCONJ:0.0364 | VERB:0.1212,18,165
ADP:0.0625 | ADV:0.2500 | CCONJ:0.0625 | PRON:0.1875 | PROPN:0.1250 | PUNCT:0.1250 | SPACE:0.0625 | VERB:0.1250,ADJ:0.1067 | ADP:0.0733 | ADV:0.1267 | AUX:0.0533 | CCONJ:0.0400 | DET:0.0133 | INTJ:0.0067 | NOUN:0.1600 | PART:0.0333 | PRON:0.1067 | PUNCT:0.0933 | SCONJ:0.0400 | SPACE:0.0200 | VERB:0.1267,16,150
ADJ:0.0270 | ADP:0.0405 | ADV:0.0946 | AUX:0.0676 | DET:0.0135 | NOUN:0.0946 | PART:0.0405 | PRON:0.2027 | PUNCT:0.0676 | SCONJ:0.1216 | SPACE:0.0541 | SYM:0.0270 | VERB:0.1486,ADJ:0.0857 | ADP:0.0952 | ADV:0.0571 | AUX:0.0857 | CCONJ:0.0667 | DET:0.0381 | NOUN:0.1810 | PART:0.0190 | PRON:0.1143 | PUNCT:0.0857 | SCONJ:0.0476 | VERB:0.1238,74,105
ADJ:0.0714 | ADV:0.0714 | CCONJ:0.0714 | DET:0.1429 | NOUN:0.2857 | PUNCT:0.1429 | SPACE:0.1429 | VERB:0.0714,ADJ:0.0642 | ADP:0.0734 | ADV:0.1284 | AUX:0.0826 | CCONJ:0.0642 | DET:0.0275 | NOUN:0.1560 | NUM:0.0092 | PART:0.0459 | PRON:0.0826 | PUNCT:0.0917 | SCONJ:0.0459 | VERB:0.1284,14,109
ADJ:0.0609 | ADP:0.1130 | ADV:0.1174 | AUX:0.0870 | CCONJ:0.0348 | DET:0.0261 | NOUN:0.1739 | NUM:0.0130 | PART:0.0261 | PRON:0.1043 | PROPN:0.0217 | PUNCT:0.0739 | SCONJ:0.0304 | SPACE:0.0217 | SYM:0.0043 | VERB:0.0913,ADJ:0.0450 | ADP:0.0631 | ADV:0.1351 | AUX:0.0991 | CCONJ:0.0360 | DET:0.0180 | NOUN:0.0991 | PART:0.0180 | PRON:0.2072 | PROPN:0.0090 | PUNCT:0.0811 | SCONJ:0.0270 | VERB:0.1622,230,111
ADJ:0.0526 | ADP:0.0842 | ADV:0.0632 | AUX:0.0211 | CCONJ:0.0211 | DET:0.0421 | INTJ:0.0211 | NOUN:0.1895 | NUM:0.0105 | PART:0.0316 | PRON:0.0737 | PROPN:0.0421 | PUNCT:0.1684 | SCONJ:0.0211 | SPACE:0.0316 | VERB:0.1263,ADJ:0.0800 | ADP:0.0800 | ADV:0.0800 | AUX:0.0533 | CCONJ:0.0667 | DET:0.0533 | NOUN:0.1733 | PART:0.0400 | PRON:0.1333 | PUNCT:0.0800 | SCONJ:0.0533 | VERB:0.1067,95,75
ADJ:0.0859 | ADP:0.0920 | ADV:0.0920 | AUX:0.0798 | CCONJ:0.0368 | DET:0.0368 | NOUN:0.1411 | NUM:0.0061 | PART:0.0245 | PRON:0.1166 | PUNCT:0.0982 | SCONJ:0.0184 | SPACE:0.0245 | SYM:0.0184 | VERB:0.1288,ADJ:0.0549 | ADP:0.0769 | ADV:0.1209 | AUX:0.0659 | CCONJ:0.0549 | DET:0.0440 | NOUN:0.1319 | PART:0.0440 | PRON:0.1209 | PROPN:0.0110 | PUNCT:0.0769 | SCONJ:0.0440 | VERB:0.1538,163,91
ADJ:0.0847 | ADP:0.0847 | ADV:0.1695 | AUX:0.0678 | CCONJ:0.0339 | DET:0.0339 | NOUN:0.1525 | PART:0.0508 | PRON:0.0847 | PUNCT:0.0508 | SCONJ:0.0508 | SPACE:0.0169 | VERB:0.1186,ADJ:0.1057 | ADP:0.0813 | ADV:0.1463 | AUX:0.0894 | CCONJ:0.0244 | DET:0.0325 | NOUN:0.1382 | PART:0.0244 | PRON:0.1382 | PROPN:0.0081 | PUNCT:0.0732 | SCONJ:0.0244 | VERB:0.1138,59,123
ADJ:0.0638 | ADP:0.0638 | ADV:0.1489 | AUX:0.0213 | CCONJ:0.0638 | DET:0.0213 | NOUN:0.1277 | PART:0.0213 | PRON:0.1277 | PROPN:0.0213 | PUNCT:0.1064 | SCONJ:0.0638 | SYM:0.0213 | VERB:0.1277,ADJ:0.0784 | ADP:0.0784 | ADV:0.1078 | AUX:0.0980 | CCONJ:0.0392 | DET:0.0392 | NOUN:0.1176 | PART:0.0098 | PRON:0.1373 | PUNCT:0.0980 | SCONJ:0.0588 | VERB:0.1373,47,102
ADJ:0.0789 | ADP:0.0263 | ADV:0.1842 | AUX:0.0526 | CCONJ:0.0263 | DET:0.0526 | NOUN:0.1316 | PRON:0.0526 | PUNCT:0.0789 | SCONJ:0.1053 | SPACE:0.0263 | VERB:0.1842,ADJ:0.0706 | ADP:0.0706 | ADV:0.1294 | AUX:0.0824 | CCONJ:0.0471 | DET:0.0235 | NOUN:0.1294 | PART:0.0235 | PRON:0.1529 | PUNCT:0.1059 | SCONJ:0.0353 | VERB:0.1294,38,85
ADJ:0.0429 | ADP:0.0429 | ADV:0.1143 | AUX:0.0571 | CCONJ:0.0286 | DET:0.0286 | NOUN:0.1429 | PART:0.0429 | PRON:0.1571 | PUNCT:0.1714 | SCONJ:0.0143 | SPACE:0.0286 | VERB:0.1286,ADJ:0.0753 | ADP:0.1075 | ADV:0.1398 | AUX:0.0323 | CCONJ:0.0430 | DET:0.0323 | NOUN:0.1290 | PART:0.0430 | PRON:0.1505 | PUNCT:0.0753 | SCONJ:0.0215 | VERB:0.1505,70,93
ADJ:0.0566 | ADP:0.0849 | ADV:0.1038 | AUX:0.0566 | CCONJ:0.0377 | DET:0.0283 | NOUN:0.1792 | NUM:0.0094 | PART:0.0377 | PRON:0.1226 | PUNCT:0.0755 | SCONJ:0.0189 | SYM:0.0283 | VERB:0.1604,ADJ:0.0707 | ADP:0.0707 | ADV:0.1111 | AUX:0.0505 | CCONJ:0.0404 | DET:0.0202 | NOUN:0.1818 | PART:0.0404 | PRON:0.1313 | PUNCT:0.1111 | SCONJ:0.0303 | VERB:0.1414,106,99
ADJ:0.1429 | ADP:0.1429 | ADV:0.1429 | AUX:0.0714 | NOUN:0.2143 | PRON:0.0714 | PUNCT:0.0714 | SPACE:0.0714 | VERB:0.0714,ADJ:0.0899 | ADP:0.0787 | ADV:0.1124 | AUX:0.0449 | CCONJ:0.0449 | DET:0.0225 | NOUN:0.1236 | PART:0.0449 | PRON:0.1685 | PUNCT:0.0899 | SCONJ:0.0449 | VERB:0.1348,14,89
ADJ:0.0781 | ADP:0.0938 | ADV:0.0885 | AUX:0.0469 | CCONJ:0.0312 | DET:0.0312 | INTJ:0.0052 | NOUN:0.2031 | NUM:0.0052 | PART:0.0312 | PRON:0.0885 | PROPN:0.0208 | PUNCT:0.0729 | SCONJ:0.0365 | VERB:0.1667,ADJ:0.0690 | ADP:0.0920 | ADV:0.1264 | AUX:0.0690 | CCONJ:0.0690 | DET:0.0115 | NOUN:0.1264 | PART:0.0115 | PRON:0.1494 | PUNCT:0.1034 | SCONJ:0.0345 | VERB:0.1379,192,87
ADJ:0.0909 | ADV:0.1818 | AUX:0.0909 | PRON:0.1818 | PUNCT:0.0909 | SCONJ:0.0909 | VERB:0.2727,ADJ:0.1000 | ADP:0.0778 | ADV:0.0667 | AUX:0.0556 | CCONJ:0.0556 | DET:0.0111 | INTJ:0.0111 | NOUN:0.1444 | PART:0.0444 | PRON:0.1222 | PUNCT:0.1222 | SCONJ:0.0444 | VERB:0.1444,11,90
ADJ:0.0833 | ADP:0.0903 | ADV:0.0694 | AUX:0.0625 | CCONJ:0.0347 | DET:0.0243 | INTJ:0.0035 | NOUN:0.1667 | NUM:0.0035 | PART:0.0451 | PRON:0.1181 | PUNCT:0.0972 | SCONJ:0.0382 | SPACE:0.0243 | VERB:0.1389,ADJ:0.0506 | ADP:0.0506 | ADV:0.1139 | AUX:0.0506 | CCONJ:0.0506 | DET:0.0380 | NOUN:0.1266 | PART:0.0506 | PRON:0.1646 | PUNCT:0.1139 | SCONJ:0.0380 | VERB:0.1519,288,79
ADJ:0.0725 | ADP:0.0580 | ADV:0.1014 | AUX:0.1159 | CCONJ:0.0145 | DET:0.0870 | NOUN:0.2174 | PART:0.0290 | PRON:0.1014 | PROPN:0.0145 | PUNCT:0.0725 | SCONJ:0.0435 | VERB:0.0725,ADJ:0.0568 | ADP:0.0795 | ADV:0.1136 | AUX:0.0568 | CCONJ:0.0455 | DET:0.0455 | NOUN:0.1591 | PART:0.0455 | PRON:0.1364 | PROPN:0.0114 | PUNCT:0.0909 | SCONJ:0.0114 | VERB:0.1477,69,88
ADJ:0.1000 | CCONJ:0.1000 | NOUN:0.4000 | PUNCT:0.3000 | SPACE:0.1000,ADJ:0.0976 | ADP:0.0732 | ADV:0.0976 | AUX:0.0366 | CCONJ:0.0488 | DET:0.0244 | NOUN:0.1220 | PART:0.0244 | PRON:0.1463 | PUNCT:0.0976 | SCONJ:0.0488 | VERB:0.1829,10,82
ADJ:0.0481 | ADP:0.0625 | ADV:0.1058 | AUX:0.0577 | CCONJ:0.0192 | DET:0.0337 | NOUN:0.1442 | PART:0.0769 | PRON:0.1490 | PROPN:0.0048 | PUNCT:0.0913 | SCONJ:0.0337 | SPACE:0.0288 | VERB:0.1442,ADJ:0.0612 | ADP:0.0714 | ADV:0.1020 | AUX:0.0816 | CCONJ:0.0612 | DET:0.0102 | NOUN:0.1327 | PART:0.0612 | PRON:0.1429 | PUNCT:0.1020 | SCONJ:0.0408 | VERB:0.1327,208,98
ADJ:0.0638 | ADP:0.0426 | ADV:0.1064 | AUX:0.0638 | CCONJ:0.0426 | DET:0.0638 | NOUN:0.1277 | PART:0.0213 | PRON:0.1489 | PUNCT:0.1064 | SCONJ:0.0426 | VERB:0.1702,ADJ:0.0432 | ADP:0.0432 | ADV:0.1151 | AUX:0.0719 | CCONJ:0.0360 | DET:0.0216 | NOUN:0.0791 | PART:0.0288 | PRON:0.1942 | PROPN:0.0072 | PUNCT:0.1007 | SCONJ:0.0863 | VERB:0.1727,47,139
ADJ:0.0625 | ADV:0.3125 | NOUN:0.1250 | PRON:0.1875 | PUNCT:0.1250 | SCONJ:0.0625 | VERB:0.1250,ADJ:0.0758 | ADP:0.0985 | ADV:0.1136 | AUX:0.0758 | CCONJ:0.0227 | DET:0.0152 | NOUN:0.1212 | PART:0.0379 | PRON:0.1591 | PUNCT:0.1061 | SCONJ:0.0530 | VERB:0.1212,16,132
ADV:0.2778 | AUX:0.1111 | CCONJ:0.0556 | NOUN:0.1111 | PART:0.0556 | PRON:0.1667 | PUNCT:0.0556 | VERB:0.1667,ADJ:0.0584 | ADP:0.0803 | ADV:0.0803 | AUX:0.0949 | CCONJ:0.0292 | DET:0.0292 | NOUN:0.0803 | PART:0.0511 | PRON:0.1825 | PROPN:0.0073 | PUNCT:0.1022 | SCONJ:0.0365 | VERB:0.1679,18,137
ADJ:0.0256 | ADP:0.0256 | ADV:0.1923 | AUX:0.0641 | CCONJ:0.0641 | DET:0.0385 | INTJ:0.0128 | NOUN:0.0641 | PART:0.0641 | PRON:0.1282 | PUNCT:0.0897 | SCONJ:0.0769 | SPACE:0.0128 | VERB:0.1410,ADJ:0.0887 | ADP:0.0726 | ADV:0.1129 | AUX:0.0887 | CCONJ:0.0403 | DET:0.0161 | NOUN:0.0726 | PART:0.0323 | PRON:0.1613 | PROPN:0.0081 | PUNCT:0.1129 | SCONJ:0.0403 | VERB:0.1532,78,124
ADJ:0.0192 | ADP:0.0385 | ADV:0.1442 | AUX:0.0962 | CCONJ:0.0577 | DET:0.0288 | NOUN:0.0288 | PART:0.0481 | PRON:0.2115 | PUNCT:0.0673 | SCONJ:0.0385 | SPACE:0.0288 | VERB:0.1923,ADJ:0.0787 | ADP:0.0630 | ADV:0.1024 | AUX:0.1024 | CCONJ:0.0394 | DET:0.0394 | INTJ:0.0079 | NOUN:0.0945 | PART:0.0315 | PRON:0.1732 | PUNCT:0.1024 | SCONJ:0.0472 | VERB:0.1181,104,127
ADJ:0.0407 | ADP:0.0814 | ADV:0.0814 | AUX:0.0581 | CCONJ:0.0291 | DET:0.0233 | NOUN:0.1047 | NUM:0.0058 | PART:0.0349 | PRON:0.1686 | PUNCT:0.1163 | SCONJ:0.0756 | SPACE:0.0291 | VERB:0.1512,ADJ:0.0903 | ADP:0.0645 | ADV:0.1097 | AUX:0.0968 | CCONJ:0.0323 | DET:0.0258 | NOUN:0.0968 | PART:0.0452 | PRON:0.1806 | PUNCT:0.0968 | SCONJ:0.0323 | VERB:0.1290,172,155
ADJ:0.0588 | ADP:0.1029 | ADV:0.1765 | AUX:0.0735 | CCONJ:0.0294 | DET:0.0588 | NOUN:0.1324 | PART:0.0294 | PRON:0.1471 | PUNCT:0.0735 | SCONJ:0.0147 | SPACE:0.0147 | VERB:0.0882,ADJ:0.0472 | ADP:0.0630 | ADV:0.1102 | AUX:0.1181 | CCONJ:0.0394 | DET:0.0079 | NOUN:0.0787 | PART:0.0236 | PRON:0.2126 | PUNCT:0.0945 | SCONJ:0.0709 | VERB:0.1339,68,127
ADJ:0.1071 | ADP:0.0714 | ADV:0.1429 | CCONJ:0.0714 | DET:0.0714 | NOUN:0.1071 | PART:0.0357 | PROPN:0.1071 | PUNCT:0.0714 | SCONJ:0.0714 | SPACE:0.0357 | VERB:0.1071,ADJ:0.1034 | ADP:0.0603 | ADV:0.1207 | AUX:0.0690 | CCONJ:0.0431 | DET:0.0431 | NOUN:0.1293 | PART:0.0259 | PRON:0.1207 | PROPN:0.0603 | PUNCT:0.1121 | SCONJ:0.0259 | VERB:0.0862,28,116
ADJ:0.0575 | ADP:0.0805 | ADV:0.1264 | AUX:0.0460 | CCONJ:0.0230 | DET:0.0230 | NOUN:0.1954 | PART:0.0230 | PRON:0.0920 | PROPN:0.0115 | PUNCT:0.1149 | SCONJ:0.0345 | SPACE:0.0460 | SYM:0.0115 | VERB:0.1149,ADJ:0.0789 | ADP:0.0439 | ADV:0.0965 | AUX:0.0877 | CCONJ:0.0702 | DET:0.0439 | NOUN:0.1316 | PART:0.0263 | PRON:0.1140 | PROPN:0.0439 | PUNCT:0.1228 | SCONJ:0.0088 | VERB:0.1316,87,114
ADJ:0.1739 | ADP:0.0870 | ADV:0.0870 | AUX:0.0435 | CCONJ:0.0290 | DET:0.0145 | NOUN:0.1014 | NUM:0.0145 | PART:0.0145 | PRON:0.0580 | PROPN:0.1159 | PUNCT:0.1304 | SCONJ:0.0290 | SPACE:0.0145 | VERB:0.0870,ADJ:0.1250 | ADP:0.0391 | ADV:0.1406 | AUX:0.0781 | CCONJ:0.0469 | DET:0.0703 | NOUN:0.1250 | PART:0.0391 | PRON:0.0703 | PROPN:0.0312 | PUNCT:0.1094 | SCONJ:0.0391 | VERB:0.0859,69,128
ADJ:0.1250 | ADP:0.0833 | ADV:0.1458 | AUX:0.0833 | CCONJ:0.0417 | DET:0.0417 | NOUN:0.1458 | PRON:0.0417 | PROPN:0.0417 | PUNCT:0.1250 | SPACE:0.0208 | VERB:0.1042,ADJ:0.1271 | ADP:0.0593 | ADV:0.0932 | AUX:0.0424 | CCONJ:0.0593 | DET:0.0424 | NOUN:0.1441 | PART:0.0254 | PRON:0.1102 | PROPN:0.0339 | PUNCT:0.1017 | SCONJ:0.0169 | VERB:0.1441,48,118
ADJ:0.1538 | ADP:0.1154 | AUX:0.0385 | CCONJ:0.1154 | DET:0.0769 | NOUN:0.0769 | PROPN:0.1538 | PUNCT:0.0769 | SPACE:0.1538 | VERB:0.0385,ADJ:0.0849 | ADP:0.0472 | ADV:0.1321 | AUX:0.0755 | CCONJ:0.0566 | DET:0.0472 | NOUN:0.1604 | PART:0.0377 | PRON:0.0660 | PROPN:0.0377 | PUNCT:0.1226 | SCONJ:0.0094 | VERB:0.1226,26,106
ADJ:0.0745 | ADP:0.0957 | ADV:0.1596 | AUX:0.0532 | CCONJ:0.0106 | DET:0.0426 | NOUN:0.1383 | PART:0.0213 | PRON:0.0851 | PROPN:0.0638 | PUNCT:0.0957 | SCONJ:0.0213 | SPACE:0.0319 | VERB:0.1064,ADJ:0.0619 | ADP:0.0515 | ADV:0.1443 | AUX:0.0412 | CCONJ:0.0515 | DET:0.0412 | NOUN:0.1649 | PART:0.0206 | PRON:0.0825 | PROPN:0.0722 | PUNCT:0.1340 | SCONJ:0.0206 | VERB:0.1134,94,97
ADJ:0.1339 | ADP:0.1161 | ADV:0.0804 | AUX:0.0625 | CCONJ:0.0179 | DET:0.0357 | INTJ:0.0089 | NOUN:0.1518 | NUM:0.0268 | PART:0.0179 | PRON:0.0536 | PROPN:0.0446 | PUNCT:0.1071 | SCONJ:0.0536 | SPACE:0.0089 | VERB:0.0804,ADJ:0.0769 | ADP:0.0684 | ADV:0.1026 | AUX:0.0769 | CCONJ:0.0598 | DET:0.0427 | NOUN:0.1709 | PART:0.0256 | PRON:0.0769 | PROPN:0.0769 | PUNCT:0.1197 | SCONJ:0.0085 | VERB:0.0940,112,117
ADJ:0.0694 | ADP:0.0972 | ADV:0.1944 | AUX:0.0417 | CCONJ:0.0278 | DET:0.0833 | NOUN:0.1528 | PART:0.0139 | PRON:0.1111 | PROPN:0.0278 | PUNCT:0.0417 | SCONJ:0.0556 | VERB:0.0833,ADJ:0.1228 | ADP:0.0702 | ADV:0.1404 | AUX:0.0789 | CCONJ:0.0439 | DET:0.0439 | NOUN:0.1579 | PART:0.0088 | PRON:0.0789 | PROPN:0.0614 | PUNCT:0.1228 | SCONJ:0.0088 | VERB:0.0614,72,114
ADJ:0.1209 | ADP:0.0220 | ADV:0.1209 | AUX:0.0440 | CCONJ:0.0330 | DET:0.0330 | NOUN:0.1868 | PRON:0.0769 | PUNCT:0.1319 | SCONJ:0.0549 | SPACE:0.0330 | VERB:0.1429,ADJ:0.0943 | ADP:0.0377 | ADV:0.1132 | AUX:0.1038 | CCONJ:0.0660 | DET:0.0566 | NOUN:0.1509 | PART:0.0189 | PRON:0.0943 | PROPN:0.0472 | PUNCT:0.1132 | SCONJ:0.0189 | VERB:0.0849,91,106
ADJ:0.0691 | ADP:0.0737 | ADV:0.1198 | AUX:0.0461 | CCONJ:0.0369 | DET:0.0461 | INTJ:0.0046 | NOUN:0.1751 | NUM:0.0046 | PART:0.0323 | PRON:0.0737 | PROPN:0.0323 | PUNCT:0.1152 | SCONJ:0.0323 | SPACE:0.0323 | VERB:0.1060,ADJ:0.0828 | ADP:0.0621 | ADV:0.1241 | AUX:0.0759 | CCONJ:0.0621 | DET:0.0345 | NOUN:0.1310 | PART:0.0138 | PRON:0.1310 | PROPN:0.0552 | PUNCT:0.1034 | SCONJ:0.0138 | SPACE:0.0069 | VERB:0.1034,217,145
ADJ:0.1042 | ADP:0.0938 | ADV:0.0833 | AUX:0.0521 | CCONJ:0.0208 | DET:0.0521 | NOUN:0.1458 | PART:0.0729 | PRON:0.1042 | PROPN:0.0104 | PUNCT:0.0729 | SCONJ:0.0312 | SPACE:0.0312 | VERB:0.1250,ADJ:0.1159 | ADP:0.0507 | ADV:0.1377 | AUX:0.0942 | CCONJ:0.0507 | DET:0.0507 | NOUN:0.1449 | PART:0.0072 | PRON:0.0797 | PROPN:0.0435 | PUNCT:0.1232 | SCONJ:0.0290 | VERB:0.0725,96,138
ADJ:0.0808 | ADP:0.0909 | ADV:0.0707 | AUX:0.0505 | CCONJ:0.0303 | DET:0.0404 | INTJ:0.0101 | NOUN:0.1414 | PART:0.0505 | PRON:0.1212 | PROPN:0.0404 | PUNCT:0.1111 | SCONJ:0.0202 | SPACE:0.0202 | VERB:0.1212,ADJ:0.0974 | ADP:0.0455 | ADV:0.1558 | AUX:0.0909 | CCONJ:0.0649 | DET:0.0455 | NOUN:0.1104 | PART:0.0325 | PRON:0.1169 | PROPN:0.0390 | PUNCT:0.1039 | SCONJ:0.0065 | SPACE:0.0065 | VERB:0.0844,99,154
ADJ:0.0705 | ADP:0.0664 | ADV:0.1577 | AUX:0.0539 | CCONJ:0.0249 | DET:0.0456 | NOUN:0.1701 | PART:0.0207 | PRON:0.1328 | PROPN:0.0083 | PUNCT:0.0954 | SCONJ:0.0332 | SPACE:0.0083 | VERB:0.1120,ADJ:0.0926 | ADP:0.0556 | ADV:0.1574 | AUX:0.1019 | CCONJ:0.0463 | DET:0.0278 | NOUN:0.1204 | PART:0.0370 | PRON:0.1204 | PROPN:0.0556 | PUNCT:0.1019 | SCONJ:0.0185 | VERB:0.0648,241,108
ADJ:0.1186 | ADP:0.1356 | ADV:0.1525 | AUX:0.0339 | CCONJ:0.0339 | DET:0.0169 | NOUN:0.1695 | PART:0.0339 | PRON:0.0339 | PROPN:0.0339 | PUNCT:0.1186 | SCONJ:0.0169 | SPACE:0.0508 | VERB:0.0508,ADJ:0.1157 | ADP:0.0331 | ADV:0.1322 | AUX:0.0744 | CCONJ:0.0496 | DET:0.0579 | NOUN:0.1240 | PART:0.0165 | PRON:0.1074 | PROPN:0.0331 | PUNCT:0.1157 | SCONJ:0.0331 | VERB:0.1074,59,121
ADJ:0.0556 | ADP:0.0278 | ADV:0.2778 | AUX:0.0556 | DET:0.0278 | NOUN:0.1111 | NUM:0.0278 | PART:0.0556 | PROPN:0.0833 | PUNCT:0.1389 | SCONJ:0.0278 | SPACE:0.0556 | VERB:0.0556,ADJ:0.0993 | ADP:0.0709 | ADV:0.1277 | AUX:0.0567 | CCONJ:0.0496 | DET:0.0567 | NOUN:0.1489 | PART:0.0142 | PRON:0.1064 | PROPN:0.0426 | PUNCT:0.1206 | SCONJ:0.0142 | VERB:0.0922,36,141
ADJ:0.0779 | ADP:0.1234 | ADV:0.1299 | AUX:0.0649 | CCONJ:0.0325 | DET:0.0390 | INTJ:0.0065 | NOUN:0.1234 | NUM:0.0195 | PART:0.0195 | PRON:0.0714 | PROPN:0.0714 | PUNCT:0.1299 | SCONJ:0.0195 | SPACE:0.0195 | VERB:0.0519,ADJ:0.1316 | ADP:0.0789 | ADV:0.0965 | AUX:0.0877 | CCONJ:0.0439 | DET:0.0526 | NOUN:0.1754 | PART:0.0263 | PRON:0.0614 | PROPN:0.0439 | PUNCT:0.1228 | SCONJ:0.0175 | VERB:0.0614,154,114
ADJ:0.0559 | ADP:0.0391 | ADV:0.1397 | AUX:0.0503 | CCONJ:0.0391 | DET:0.0335 | NOUN:0.2011 | NUM:0.0112 | PART:0.0279 | PRON:0.0894 | PROPN:0.0391 | PUNCT:0.1285 | SCONJ:0.0168 | SPACE:0.0447 | VERB:0.0838,ADJ:0.0811 | ADP:0.0631 | ADV:0.1532 | AUX:0.0541 | CCONJ:0.0360 | DET:0.0631 | NOUN:0.1622 | PART:0.0090 | PRON:0.0991 | PROPN:0.0541 | PUNCT:0.1351 | SCONJ:0.0090 | VERB:0.0811,179,111
ADJ:0.0421 | ADP:0.0632 | ADV:0.1474 | AUX:0.0526 | CCONJ:0.0421 | DET:0.0105 | NOUN:0.1053 | NUM:0.0105 | PART:0.0421 | PRON:0.0842 | PROPN:0.0421 | PUNCT:0.1053 | SCONJ:0.0421 | SPACE:0.0316 | VERB:0.1789,ADJ:0.1402 | ADP:0.0748 | ADV:0.1121 | AUX:0.1215 | CCONJ:0.0654 | NOUN:0.1495 | PART:0.0187 | PRON:0.0561 | PROPN:0.0280 | PUNCT:0.1215 | SCONJ:0.0187 | VERB:0.0935,95,107
ADV:0.2000 | NOUN:0.2000 | PRON:0.2000 | PUNCT:0.2000 | VERB:0.2000,ADJ:0.0515 | ADP:0.0825 | ADV:0.0928 | AUX:0.0722 | CCONJ:0.0412 | DET:0.0515 | INTJ:0.0103 | NOUN:0.1649 | NUM:0.0103 | PART:0.0206 | PRON:0.1443 | PUNCT:0.1031 | SCONJ:0.0103 | VERB:0.1443,5,97
ADJ:0.0435 | ADV:0.1304 | AUX:0.0870 | CCONJ:0.0435 | DET:0.0435 | INTJ:0.0435 | NOUN:0.1304 | PART:0.0435 | PRON:0.1304 | PUNCT:0.1739 | VERB:0.1304,ADJ:0.0686 | ADP:0.0980 | ADV:0.0588 | AUX:0.0588 | CCONJ:0.0588 | DET:0.0490 | INTJ:0.0098 | NOUN:0.2255 | PART:0.0392 | PRON:0.0980 | PUNCT:0.0882 | SCONJ:0.0098 | VERB:0.1373,23,102
ADJ:0.0500 | ADP:0.0500 | ADV:0.1500 | AUX:0.0500 | CCONJ:0.0500 | NOUN:0.2000 | PRON:0.1000 | PUNCT:0.1500 | SCONJ:0.0500 | VERB:0.1500,ADJ:0.0455 | ADP:0.1000 | ADV:0.0818 | AUX:0.0909 | CCONJ:0.0364 | DET:0.0273 | INTJ:0.0091 | NOUN:0.1545 | PART:0.0364 | PRON:0.1455 | PROPN:0.0182 | PUNCT:0.0909 | SCONJ:0.0182 | VERB:0.1455,20,110
ADP:0.1034 | ADV:0.0345 | AUX:0.0345 | CCONJ:0.0345 | DET:0.0690 | NOUN:0.2414 | PRON:0.1724 | PUNCT:0.0690 | SCONJ:0.0345 | SPACE:0.0690 | VERB:0.1379,ADJ:0.0577 | ADP:0.0673 | ADV:0.0865 | AUX:0.0673 | CCONJ:0.0481 | DET:0.0385 | INTJ:0.0096 | NOUN:0.1635 | NUM:0.0096 | PART:0.0288 | PRON:0.1346 | PUNCT:0.0962 | SCONJ:0.0481 | VERB:0.1442,29,104
ADJ:0.1053 | ADP:0.0789 | ADV:0.0789 | AUX:0.0789 | CCONJ:0.0526 | DET:0.0526 | NOUN:0.1842 | PART:0.0263 | PRON:0.1053 | PROPN:0.0263 | PUNCT:0.0789 | SPACE:0.0263 | VERB:0.1053,ADJ:0.0841 | ADP:0.0654 | ADV:0.1121 | AUX:0.0841 | CCONJ:0.0374 | DET:0.0467 | INTJ:0.0093 | NOUN:0.1495 | PART:0.0467 | PRON:0.1028 | PUNCT:0.0935 | SCONJ:0.0093 | VERB:0.1589,38,107
ADJ:0.1011 | ADP:0.0562 | ADV:0.1011 | AUX:0.0899 | CCONJ:0.0337 | DET:0.0787 | NOUN:0.2022 | PART:0.0562 | PRON:0.0674 | PUNCT:0.1011 | SCONJ:0.0225 | SPACE:0.0112 | VERB:0.0787,ADJ:0.0426 | ADP:0.0745 | ADV:0.0745 | AUX:0.0851 | CCONJ:0.0213 | DET:0.0532 | INTJ:0.0106 | NOUN:0.1809 | PART:0.0213 | PRON:0.1277 | PUNCT:0.1064 | SCONJ:0.0426 | VERB:0.1596,89,94
ADJ:0.0674 | ADP:0.0449 | ADV:0.2022 | AUX:0.0674 | CCONJ:0.0449 | DET:0.0449 | INTJ:0.0225 | NOUN:0.1124 | PART:0.0112 | PRON:0.1236 | PROPN:0.0112 | PUNCT:0.1124 | SPACE:0.0449 | VERB:0.0899,ADJ:0.0505 | ADP:0.0909 | ADV:0.0606 | AUX:0.0505 | CCONJ:0.0606 | DET:0.0404 | INTJ:0.0101 | NOUN:0.2020 | PART:0.0404 | PRON:0.1313 | PUNCT:0.1010 | SCONJ:0.0101 | VERB:0.1515,89,99
ADJ:0.0938 | ADP:0.0938 | ADV:0.0312 | AUX:0.0938 | CCONJ:0.0312 | DET:0.0312 | NOUN:0.1562 | PRON:0.1875 | PROPN:0.0312 | PUNCT:0.0938 | SCONJ:0.0312 | SPACE:0.0312 | VERB:0.0938,ADJ:0.0795 | ADP:0.0682 | ADV:0.1023 | AUX:0.1023 | CCONJ:0.0341 | DET:0.0341 | INTJ:0.0114 | NOUN:0.1591 | PART:0.0227 | PRON:0.1250 | PUNCT:0.0909 | SCONJ:0.0455 | VERB:0.1250,32,88
ADJ:0.0385 | ADP:0.0962 | ADV:0.0769 | AUX:0.0192 | CCONJ:0.0192 | DET:0.0577 | NOUN:0.1538 | PART:0.0192 | PRON:0.0962 | PROPN:0.0192 | PUNCT:0.0962 | SCONJ:0.0385 | SPACE:0.0962 | VERB:0.1731,ADJ:0.0598 | ADP:0.0769 | ADV:0.1197 | AUX:0.0684 | CCONJ:0.0684 | DET:0.0085 | INTJ:0.0085 | NOUN:0.1795 | PART:0.0171 | PRON:0.1538 | PUNCT:0.1026 | SCONJ:0.0256 | VERB:0.1111,52,117
ADJ:0.0364 | ADP:0.0727 | ADV:0.0727 | AUX:0.0909 | CCONJ:0.0364 | DET:0.0364 | NOUN:0.0909 | PART:0.0727 | PRON:0.1818 | PUNCT:0.0909 | SCONJ:0.0545 | VERB:0.1636,ADJ:0.0542 | ADP:0.0904 | ADV:0.1084 | AUX:0.0783 | CCONJ:0.0361 | DET:0.0361 | INTJ:0.0060 | NOUN:0.1325 | PART:0.0241 | PRON:0.1807 | PUNCT:0.0843 | SCONJ:0.0361 | VERB:0.1325,55,166
ADJ:0.0818 | ADP:0.0545 | ADV:0.1273 | AUX:0.0182 | CCONJ:0.0636 | DET:0.0273 | NOUN:0.1545 | PART:0.0091 | PRON:0.1273 | PUNCT:0.1182 | SCONJ:0.0636 | SPACE:0.0091 | VERB:0.1455,ADJ:0.0597 | ADP:0.0522 | ADV:0.1119 | AUX:0.0672 | CCONJ:0.0299 | DET:0.0149 | NOUN:0.1343 | PART:0.0299 | PRON:0.1642 | PUNCT:0.0896 | SCONJ:0.0821 | VERB:0.1642,110,134
ADJ:0.0556 | ADP:0.0833 | ADV:0.1111 | AUX:0.1111 | CCONJ:0.0278 | DET:0.0556 | NOUN:0.2222 | NUM:0.0278 | PART:0.0278 | PRON:0.0833 | PUNCT:0.0833 | VERB:0.1111,ADJ:0.0650 | ADP:0.0650 | ADV:0.0976 | AUX:0.0569 | CCONJ:0.0569 | DET:0.0163 | NOUN:0.1463 | PART:0.0407 | PRON:0.1870 | PUNCT:0.0894 | SCONJ:0.0488 | VERB:0.1301,36,123
ADJ:0.0694 | ADP:0.0556 | ADV:0.1250 | AUX:0.0417 | CCONJ:0.0139 | DET:0.0417 | NOUN:0.0833 | PART:0.0556 | PRON:0.1250 | PUNCT:0.0833 | SCONJ:0.1111 | SPACE:0.0139 | VERB:0.1806,ADJ:0.0588 | ADP:0.0833 | ADV:0.1029 | AUX:0.0588 | CCONJ:0.0539 | DET:0.0245 | INTJ:0.0049 | NOUN:0.1765 | PART:0.0147 | PRON:0.1422 | PUNCT:0.0980 | SCONJ:0.0343 | SPACE:0.0147 | VERB:0.1324,72,204
ADJ:0.1235 | ADP:0.0494 | ADV:0.0864 | AUX:0.0494 | CCONJ:0.0617 | DET:0.0617 | INTJ:0.0123 | NOUN:0.0988 | NUM:0.0123 | PART:0.0247 | PRON:0.1605 | PUNCT:0.1358 | SCONJ:0.0123 | SPACE:0.0247 | VERB:0.0864,ADJ:0.1000 | ADP:0.0909 | ADV:0.0818 | AUX:0.0909 | CCONJ:0.0545 | NOUN:0.1273 | PART:0.0273 | PRON:0.1636 | PUNCT:0.0818 | SCONJ:0.0636 | VERB:0.1182,81,110
ADJ:0.0878 | ADP:0.0878 | ADV:0.1014 | AUX:0.0811 | CCONJ:0.0473 | DET:0.0270 | NOUN:0.1419 | PART:0.0338 | PRON:0.1284 | PUNCT:0.0811 | SCONJ:0.0405 | SPACE:0.0270 | VERB:0.1149,ADJ:0.0611 | ADP:0.0763 | ADV:0.1450 | AUX:0.0763 | CCONJ:0.0611 | DET:0.0305 | INTJ:0.0076 | NOUN:0.1603 | PART:0.0382 | PRON:0.1145 | PUNCT:0.0992 | SCONJ:0.0229 | VERB:0.1069,148,131
ADJ:0.0625 | ADP:0.0893 | ADV:0.0625 | AUX:0.0893 | CCONJ:0.0357 | DET:0.0268 | NOUN:0.1518 | PART:0.0268 | PRON:0.1429 | PUNCT:0.0893 | SCONJ:0.0446 | SPACE:0.0357 | VERB:0.1429,ADJ:0.0551 | ADP:0.0787 | ADV:0.1496 | AUX:0.0866 | CCONJ:0.0315 | DET:0.0079 | INTJ:0.0079 | NOUN:0.1024 | PART:0.0157 | PRON:0.1575 | PROPN:0.0079 | PUNCT:0.1181 | SCONJ:0.0472 | VERB:0.1339,112,127
ADJ:0.0517 | ADP:0.1034 | ADV:0.1724 | AUX:0.0517 | CCONJ:0.0517 | DET:0.0517 | INTJ:0.0172 | NOUN:0.1207 | PART:0.0172 | PRON:0.1207 | PUNCT:0.0862 | SCONJ:0.0345 | SPACE:0.0172 | VERB:0.1034,ADJ:0.0617 | ADP:0.0556 | ADV:0.1358 | AUX:0.0617 | CCONJ:0.0556 | DET:0.0247 | INTJ:0.0062 | NOUN:0.1173 | PART:0.0556 | PRON:0.1296 | PUNCT:0.0988 | SCONJ:0.0432 | SPACE:0.0062 | VERB:0.1481,58,162
ADJ:0.0769 | ADP:0.0769 | ADV:0.1923 | AUX:0.0385 | NOUN:0.0769 | PRON:0.1538 | PUNCT:0.1154 | SCONJ:0.0769 | VERB:0.1923,ADJ:0.0606 | ADP:0.0682 | ADV:0.0833 | AUX:0.0682 | CCONJ:0.0455 | DET:0.0227 | NOUN:0.1061 | PART:0.0455 | PRON:0.1818 | PROPN:0.0076 | PUNCT:0.0758 | SCONJ:0.0455 | VERB:0.1894,26,132
ADJ:0.0857 | ADP:0.0857 | ADV:0.0857 | AUX:0.0286 | CCONJ:0.0286 | DET:0.0857 | NOUN:0.1429 | PART:0.0571 | PRON:0.0857 | PUNCT:0.0571 | SCONJ:0.0571 | VERB:0.2000,ADJ:0.0480 | ADP:0.1040 | ADV:0.1040 | AUX:0.0800 | CCONJ:0.0640 | DET:0.0400 | NOUN:0.1520 | PART:0.0160 | PRON:0.1360 | PUNCT:0.0960 | SCONJ:0.0480 | VERB:0.1120,35,125
ADJ:0.0769 | ADP:0.0769 | ADV:0.2308 | AUX:0.0769 | DET:0.0769 | NOUN:0.1538 | PART:0.0769 | PRON:0.0769 | PUNCT:0.1538,ADJ:0.0828 | ADP:0.0592 | ADV:0.0828 | AUX:0.0828 | CCONJ:0.0473 | DET:0.0414 | INTJ:0.0059 | NOUN:0.1420 | PART:0.0414 | PRON:0.1243 | PUNCT:0.0828 | SCONJ:0.0592 | SPACE:0.0059 | VERB:0.1420,13,169
ADJ:0.0779 | ADP:0.1104 | ADV:0.0974 | AUX:0.0584 | CCONJ:0.0519 | DET:0.0325 | INTJ:0.0065 | NOUN:0.1104 | PART:0.0195 | PRON:0.1429 | PROPN:0.0065 | PUNCT:0.0714 | SCONJ:0.0779 | VERB:0.1364,ADJ:0.0783 | ADP:0.0696 | ADV:0.0696 | AUX:0.0870 | CCONJ:0.0261 | DET:0.0261 | INTJ:0.0087 | NOUN:0.1217 | PART:0.0348 | PRON:0.2000 | PUNCT:0.0957 | SCONJ:0.0435 | VERB:0.1391,154,115
ADJ:0.0550 | ADP:0.0826 | ADV:0.1468 | AUX:0.0826 | CCONJ:0.0183 | DET:0.0459 | NOUN:0.1101 | PART:0.0459 | PRON:0.1376 | PUNCT:0.0917 | SCONJ:0.0367 | SPACE:0.0183 | VERB:0.1284,ADJ:0.0787 | ADP:0.0562 | ADV:0.1348 | AUX:0.0618 | CCONJ:0.0506 | DET:0.0169 | INTJ:0.0056 | NOUN:0.1404 | PART:0.0337 | PRON:0.1573 | PROPN:0.0056 | PUNCT:0.1067 | SCONJ:0.0225 | SPACE:0.0056 | VERB:0.1236,109,178
ADJ:0.0473 | ADP:0.0769 | ADV:0.1302 | AUX:0.0710 | CCONJ:0.0355 | DET:0.0237 | NOUN:0.1006 | PART:0.0237 | PRON:0.1657 | PROPN:0.0059 | PUNCT:0.1065 | SCONJ:0.0414 | SPACE:0.0237 | SYM:0.0059 | VERB:0.1420,ADJ:0.0756 | ADP:0.0840 | ADV:0.0924 | AUX:0.1008 | CCONJ:0.0420 | DET:0.0252 | NOUN:0.1345 | PART:0.0084 | PRON:0.1765 | PUNCT:0.1008 | SCONJ:0.0420 | VERB:0.1176,169,119
ADJ:0.0761 | ADP:0.1051 | ADV:0.1123 | AUX:0.0580 | CCONJ:0.0652 | DET:0.0580 | NOUN:0.1522 | PART:0.0181 | PRON:0.0978 | PROPN:0.0109 | PUNCT:0.0978 | SCONJ:0.0290 | SPACE:0.0145 | VERB:0.1051,ADJ:0.0940 | ADP:0.0671 | ADV:0.1007 | AUX:0.0940 | CCONJ:0.0336 | DET:0.0268 | NOUN:0.1208 | PART:0.0403 | PRON:0.1544 | PUNCT:0.1007 | SCONJ:0.0470 | VERB:0.1208,276,149
ADJ:0.1000 | ADP:0.0800 | ADV:0.1000 | AUX:0.1200 | CCONJ:0.0200 | DET:0.0400 | NOUN:0.1000 | PART:0.0200 | PRON:0.1600 | PUNCT:0.0400 | SCONJ:0.1000 | VERB:0.1200,ADJ:0.0707 | ADP:0.0758 | ADV:0.0960 | AUX:0.0859 | CCONJ:0.0404 | DET:0.0152 | INTJ:0.0051 | NOUN:0.1263 | PART:0.0455 | PRON:0.1566 | PUNCT:0.0707 | SCONJ:0.0657 | SPACE:0.0101 | VERB:0.1364,50,198
ADJ:0.2000 | ADP:0.1000 | ADV:0.2500 | AUX:0.0500 | NOUN:0.1000 | PART:0.0500 | PRON:0.0500 | PUNCT:0.1000 | SCONJ:0.0500 | VERB:0.0500,ADJ:0.0985 | ADP:0.0606 | ADV:0.0985 | AUX:0.0833 | CCONJ:0.0606 | DET:0.0227 | NOUN:0.0758 | PART:0.0455 | PRON:0.1591 | PUNCT:0.0909 | SCONJ:0.0455 | VERB:0.1591,20,132
ADJ:0.0352 | ADP:0.0704 | ADV:0.1479 | AUX:0.0493 | CCONJ:0.0423 | DET:0.0493 | NOUN:0.1268 | NUM:0.0070 | PRON:0.1761 | PROPN:0.0070 | PUNCT:0.0704 | SCONJ:0.0563 | SPACE:0.0141 | VERB:0.1479,ADJ:0.0719 | ADP:0.0863 | ADV:0.1583 | AUX:0.0719 | CCONJ:0.0432 | DET:0.0144 | NOUN:0.1439 | PART:0.0360 | PRON:0.1223 | PUNCT:0.1079 | SCONJ:0.0216 | VERB:0.1223,142,139
ADJ:0.0476 | ADP:0.0714 | ADV:0.0714 | AUX:0.0952 | CCONJ:0.0476 | DET:0.0476 | NOUN:0.0952 | PRON:0.2381 | PUNCT:0.0952 | SCONJ:0.0476 | VERB:0.1429,ADJ:0.0703 | ADP:0.0859 | ADV:0.1172 | AUX:0.0703 | CCONJ:0.0469 | DET:0.0156 | INTJ:0.0078 | NOUN:0.1562 | PART:0.0391 | PRON:0.1016 | PUNCT:0.1172 | SCONJ:0.0469 | SPACE:0.0078 | VERB:0.1172,42,128
ADJ:0.0688 | ADP:0.0652 | ADV:0.1014 | AUX:0.0688 | CCONJ:0.0290 | DET:0.0616 | NOUN:0.1486 | NUM:0.0072 | PART:0.0254 | PRON:0.1304 | PROPN:0.0254 | PUNCT:0.0906 | SCONJ:0.0399 | SPACE:0.0217 | VERB:0.1159,ADJ:0.0853 | ADP:0.0543 | ADV:0.1008 | AUX:0.0620 | CCONJ:0.0543 | DET:0.0155 | INTJ:0.0078 | NOUN:0.1705 | PART:0.0155 | PRON:0.1550 | PUNCT:0.1008 | SCONJ:0.0388 | VERB:0.1395,276,129
ADJ:0.0556 | ADP:0.0764 | ADV:0.1458 | AUX:0.0278 | CCONJ:0.0278 | DET:0.0625 | NOUN:0.1250 | NUM:0.0139 | PART:0.0208 | PRON:0.1319 | PROPN:0.0069 | PUNCT:0.1181 | SCONJ:0.0556 | SPACE:0.0208 | VERB:0.1111,ADJ:0.0631 | ADP:0.0728 | ADV:0.0825 | AUX:0.0825 | CCONJ:0.0583 | DET:0.0243 | INTJ:0.0049 | NOUN:0.1408 | PART:0.0388 | PRON:0.1408 | PROPN:0.0049 | PUNCT:0.0922 | SCONJ:0.0437 | SPACE:0.0097 | VERB:0.1408,144,206
ADJ:0.0917 | ADP:0.1009 | ADV:0.0917 | AUX:0.0734 | CCONJ:0.0092 | DET:0.0367 | NOUN:0.1101 | NUM:0.0092 | PART:0.0367 | PRON:0.1651 | PROPN:0.0092 | PUNCT:0.0826 | SCONJ:0.0367 | SPACE:0.0183 | VERB:0.1284,ADJ:0.0798 | ADP:0.0736 | ADV:0.0982 | AUX:0.0613 | CCONJ:0.0429 | DET:0.0184 | INTJ:0.0061 | NOUN:0.1350 | PART:0.0184 | PRON:0.1656 | PUNCT:0.0982 | SCONJ:0.0552 | SPACE:0.0123 | VERB:0.1350,109,163
ADJ:0.0426 | ADP:0.0532 | ADV:0.1170 | AUX:0.0426 | CCONJ:0.0638 | DET:0.0319 | INTJ:0.0106 | NOUN:0.0851 | PART:0.0213 | PRON:0.1702 | PUNCT:0.1064 | SCONJ:0.0532 | SPACE:0.0106 | VERB:0.1915,ADJ:0.0929 | ADP:0.0929 | ADV:0.0714 | AUX:0.0571 | CCONJ:0.0714 | DET:0.0214 | NOUN:0.1571 | PART:0.0286 | PRON:0.1429 | PROPN:0.0071 | PUNCT:0.1000 | SCONJ:0.0286 | VERB:0.1286,94,140
ADJ:0.0478 | ADP:0.1043 | ADV:0.1913 | AUX:0.0609 | CCONJ:0.0522 | DET:0.0435 | NOUN:0.1304 | PART:0.0130 | PRON:0.1304 | PUNCT:0.0565 | SCONJ:0.0435 | SPACE:0.0130 | SYM:0.0043 | VERB:0.1087,ADJ:0.0942 | ADP:0.0652 | ADV:0.1087 | AUX:0.1232 | CCONJ:0.0507 | DET:0.0217 | NOUN:0.0942 | PART:0.0362 | PRON:0.1739 | PROPN:0.0072 | PUNCT:0.0797 | SCONJ:0.0362 | VERB:0.1087,230,138
ADJ:0.0600 | ADP:0.0800 | ADV:0.1933 | AUX:0.0400 | CCONJ:0.0333 | DET:0.0200 | NOUN:0.1333 | PART:0.0200 | PRON:0.1467 | PUNCT:0.0800 | SCONJ:0.0400 | SPACE:0.0267 | VERB:0.1267,ADJ:0.0685 | ADP:0.0959 | ADV:0.1027 | AUX:0.0548 | CCONJ:0.0548 | DET:0.0068 | INTJ:0.0068 | NOUN:0.1233 | PART:0.0616 | PRON:0.1096 | PUNCT:0.1096 | SCONJ:0.0342 | VERB:0.1712,150,146
ADJ:0.0859 | ADP:0.0938 | ADV:0.1562 | AUX:0.0312 | CCONJ:0.0625 | DET:0.0312 | INTJ:0.0078 | NOUN:0.1094 | PART:0.0234 | PRON:0.1172 | PUNCT:0.1250 | SCONJ:0.0078 | SPACE:0.0234 | SYM:0.0078 | VERB:0.1172,ADJ:0.0656 | ADP:0.0820 | ADV:0.1148 | AUX:0.0328 | CCONJ:0.0492 | DET:0.0164 | NOUN:0.1311 | PART:0.0164 | PRON:0.1475 | PROPN:0.0082 | PUNCT:0.1066 | SCONJ:0.0738 | VERB:0.1557,128,122
ADJ:0.0435 | ADP:0.0435 | ADV:0.1304 | AUX:0.0435 | CCONJ:0.0435 | DET:0.0870 | NOUN:0.1304 | PRON:0.1304 | PROPN:0.0435 | PUNCT:0.0870 | VERB:0.2174,ADJ:0.0753 | ADP:0.0806 | ADV:0.1290 | AUX:0.0645 | CCONJ:0.0484 | DET:0.0376 | INTJ:0.0054 | NOUN:0.1505 | PART:0.0269 | PRON:0.1183 | PUNCT:0.0968 | SCONJ:0.0430 | SPACE:0.0054 | VERB:0.1183,23,186
ADJ:0.0168 | ADP:0.1145 | ADV:0.0404 | AUX:0.0370 | CCONJ:0.0269 | DET:0.0101 | INTJ:0.0034 | NOUN:0.1818 | PART:0.0269 | PRON:0.0707 | PROPN:0.0539 | PUNCT:0.1818 | SCONJ:0.0236 | SPACE:0.0808 | VERB:0.1313,ADJ:0.0556 | ADP:0.0833 | ADV:0.0972 | AUX:0.0833 | CCONJ:0.0625 | DET:0.0417 | INTJ:0.0069 | NOUN:0.1319 | PART:0.0208 | PRON:0.1528 | PUNCT:0.1042 | SCONJ:0.0278 | VERB:0.1319,297,144
ADJ:0.0286 | ADP:0.0476 | ADV:0.1429 | AUX:0.0762 | CCONJ:0.0381 | DET:0.0571 | NOUN:0.1238 | NUM:0.0095 | PART:0.0190 | PRON:0.1429 | PUNCT:0.0762 | SCONJ:0.0667 | SPACE:0.0190 | VERB:0.1524,ADJ:0.0813 | ADP:0.0569 | ADV:0.0813 | AUX:0.0732 | CCONJ:0.0488 | DET:0.0325 | INTJ:0.0081 | NOUN:0.1301 | PART:0.0244 | PRON:0.1626 | PUNCT:0.0813 | SCONJ:0.0650 | VERB:0.1545,105,123
ADJ:0.0529 | ADP:0.1294 | ADV:0.1471 | AUX:0.0471 | CCONJ:0.0176 | DET:0.0353 | NOUN:0.1353 | NUM:0.0176 | PART:0.0353 | PRON:0.1412 | PUNCT:0.0941 | SCONJ:0.0176 | SPACE:0.0176 | VERB:0.1118,ADJ:0.0316 | ADP:0.0421 | ADV:0.1789 | AUX:0.0526 | CCONJ:0.0632 | DET:0.0211 | INTJ:0.0105 | NOUN:0.0421 | NUM:0.0105 | PRON:0.2105 | PROPN:0.0211 | PUNCT:0.1158 | SCONJ:0.0316 | VERB:0.1684,170,95
ADJ:0.0455 | ADP:0.0909 | ADV:0.1212 | AUX:0.0758 | CCONJ:0.0455 | DET:0.0455 | NOUN:0.0758 | NUM:0.0303 | PRON:0.1515 | PROPN:0.0152 | PUNCT:0.0758 | SCONJ:0.0606 | SPACE:0.0152 | SYM:0.0152 | VERB:0.1364,ADJ:0.0805 | ADP:0.0920 | ADV:0.1839 | AUX:0.0575 | CCONJ:0.0230 | DET:0.0230 | NOUN:0.0690 | NUM:0.0115 | PART:0.0230 | PRON:0.1609 | PROPN:0.0115 | PUNCT:0.1149 | SCONJ:0.0345 | VERB:0.1149,66,87
ADJ:0.0625 | ADP:0.1125 | ADV:0.1125 | AUX:0.0375 | CCONJ:0.0500 | DET:0.0875 | NOUN:0.1500 | NUM:0.0375 | PART:0.0125 | PRON:0.1000 | PUNCT:0.0750 | SCONJ:0.0125 | SPACE:0.0250 | VERB:0.1250,ADJ:0.0755 | ADP:0.0566 | ADV:0.1509 | AUX:0.1132 | CCONJ:0.0283 | DET:0.0094 | NOUN:0.0755 | NUM:0.0094 | PART:0.0566 | PRON:0.1226 | PROPN:0.0094 | PUNCT:0.1132 | SCONJ:0.0472 | VERB:0.1321,80,106
ADP:0.1667 | ADV:0.1389 | AUX:0.0833 | DET:0.0278 | NOUN:0.1389 | NUM:0.0556 | PRON:0.1389 | PUNCT:0.1111 | SPACE:0.0278 | VERB:0.1111,ADJ:0.0370 | ADP:0.0741 | ADV:0.1235 | AUX:0.0123 | CCONJ:0.0494 | DET:0.0247 | NOUN:0.1111 | NUM:0.0123 | PART:0.0370 | PRON:0.1728 | PROPN:0.0123 | PUNCT:0.1235 | SCONJ:0.0247 | VERB:0.1852,36,81
ADJ:0.0714 | ADP:0.0714 | ADV:0.1786 | AUX:0.0357 | CCONJ:0.0357 | DET:0.0357 | NOUN:0.1786 | NUM:0.0357 | PRON:0.1071 | PUNCT:0.0714 | SCONJ:0.0714 | SPACE:0.0357 | VERB:0.0714,ADJ:0.0357 | ADP:0.0952 | ADV:0.1786 | AUX:0.0476 | CCONJ:0.0119 | DET:0.0238 | NOUN:0.1071 | NUM:0.0119 | PART:0.0238 | PRON:0.1548 | PROPN:0.0119 | PUNCT:0.1310 | SCONJ:0.0238 | VERB:0.1429,28,84
ADJ:0.0806 | ADP:0.0806 | ADV:0.1935 | AUX:0.0484 | CCONJ:0.0323 | DET:0.0161 | NOUN:0.1290 | NUM:0.0323 | PRON:0.1290 | PUNCT:0.0645 | SCONJ:0.0161 | SPACE:0.0161 | VERB:0.1613,ADJ:0.0833 | ADP:0.0833 | ADV:0.1574 | AUX:0.0556 | CCONJ:0.0463 | DET:0.0463 | NOUN:0.1019 | NUM:0.0185 | PART:0.0278 | PRON:0.1019 | PROPN:0.0093 | PUNCT:0.1111 | SCONJ:0.0093 | VERB:0.1481,62,108
ADJ:0.0909 | ADP:0.1091 | ADV:0.0909 | AUX:0.0727 | CCONJ:0.0364 | DET:0.0727 | NOUN:0.1091 | PRON:0.1455 | PUNCT:0.0727 | SCONJ:0.0727 | SPACE:0.0182 | VERB:0.1091,ADJ:0.0816 | ADP:0.0816 | ADV:0.1327 | AUX:0.0306 | CCONJ:0.0306 | DET:0.0102 | NOUN:0.1122 | NUM:0.0102 | PART:0.0306 | PRON:0.1327 | PROPN:0.0102 | PUNCT:0.1327 | SCONJ:0.0510 | VERB:0.1531,55,98
ADJ:0.1000 | ADP:0.0667 | ADV:0.0667 | AUX:0.1000 | CCONJ:0.0333 | DET:0.0333 | NOUN:0.1333 | NUM:0.0333 | PRON:0.1000 | PUNCT:0.1000 | SCONJ:0.0333 | SPACE:0.0333 | VERB:0.1667,ADJ:0.0617 | ADP:0.0617 | ADV:0.1975 | AUX:0.0617 | CCONJ:0.0247 | DET:0.0123 | INTJ:0.0123 | NOUN:0.0617 | PART:0.0247 | PRON:0.1358 | PROPN:0.0123 | PUNCT:0.1358 | SCONJ:0.0123 | VERB:0.1852,30,81
ADJ:0.1053 | ADP:0.0526 | ADV:0.1053 | AUX:0.1053 | NOUN:0.1579 | NUM:0.1053 | PRON:0.1579 | SCONJ:0.0526 | SYM:0.0526 | VERB:0.1053,ADJ:0.0641 | ADP:0.0513 | ADV:0.1026 | AUX:0.0385 | CCONJ:0.0385 | DET:0.0128 | NOUN:0.1154 | NUM:0.0128 | PART:0.0128 | PRON:0.1667 | PROPN:0.0128 | PUNCT:0.1154 | SCONJ:0.0641 | VERB:0.1923,19,78
ADJ:0.0833 | ADV:0.2500 | NOUN:0.1667 | NUM:0.2500 | SPACE:0.0833 | SYM:0.0833 | VERB:0.0833,ADJ:0.0521 | ADP:0.1146 | ADV:0.1250 | AUX:0.0625 | CCONJ:0.0208 | NOUN:0.1250 | NUM:0.0104 | PART:0.0208 | PRON:0.1458 | PROPN:0.0104 | PUNCT:0.1250 | SCONJ:0.0312 | VERB:0.1562,12,96
ADP:0.1333 | ADV:0.0667 | CCONJ:0.0667 | DET:0.0667 | NOUN:0.1333 | NUM:0.1333 | PRON:0.0667 | PUNCT:0.0667 | VERB:0.2667,ADJ:0.0492 | ADP:0.0656 | ADV:0.1639 | AUX:0.0984 | CCONJ:0.0164 | DET:0.0328 | NOUN:0.1148 | NUM:0.0164 | PART:0.0164 | PRON:0.1311 | PUNCT:0.1148 | SCONJ:0.0164 | VERB:0.1639,15,61
ADP:0.0690 | ADV:0.3793 | AUX:0.0345 | CCONJ:0.0345 | NOUN:0.1379 | NUM:0.0345 | PRON:0.1034 | PUNCT:0.0690 | SCONJ:0.0345 | VERB:0.1034,ADJ:0.0875 | ADP:0.0125 | ADV:0.1250 | AUX:0.0625 | CCONJ:0.0125 | DET:0.0500 | INTJ:0.0125 | NOUN:0.0875 | NUM:0.0125 | PART:0.0500 | PRON:0.1375 | PROPN:0.0125 | PUNCT:0.1250 | SCONJ:0.0375 | VERB:0.1750,29,80
ADJ:0.0506 | ADP:0.1013 | ADV:0.1392 | AUX:0.0127 | CCONJ:0.0506 | DET:0.0127 | NOUN:0.1519 | NUM:0.0253 | PART:0.0506 | PRON:0.1266 | PROPN:0.0127 | PUNCT:0.1266 | SCONJ:0.0127 | SPACE:0.0127 | VERB:0.1139,ADJ:0.0988 | ADP:0.0741 | ADV:0.0741 | AUX:0.0247 | CCONJ:0.0247 | DET:0.0247 | NOUN:0.1358 | NUM:0.0247 | PART:0.0247 | PRON:0.1481 | PROPN:0.0123 | PUNCT:0.1235 | SCONJ:0.0370 | VERB:0.1728,79,81
ADJ:0.0526 | ADP:0.0526 | ADV:0.3684 | AUX:0.0526 | NUM:0.1053 | PART:0.0526 | PRON:0.1053 | PUNCT:0.0526 | SCONJ:0.0526 | VERB:0.1053,ADJ:0.0619 | ADP:0.0619 | ADV:0.1546 | AUX:0.0515 | CCONJ:0.0206 | DET:0.0309 | INTJ:0.0103 | NOUN:0.0722 | NUM:0.0206 | PART:0.0412 | PRON:0.1443 | PROPN:0.0103 | PUNCT:0.1031 | SCONJ:0.0515 | VERB:0.1649,19,97
ADJ:0.2000 | NOUN:0.2000 | NUM:0.2000 | PUNCT:0.4000,ADJ:0.0595 | ADP:0.0714 | ADV:0.1667 | AUX:0.0119 | CCONJ:0.0119 | DET:0.0238 | NOUN:0.1071 | NUM:0.0119 | PRON:0.1667 | PROPN:0.0238 | PUNCT:0.1310 | SCONJ:0.0357 | VERB:0.1786,5,84
ADP:0.1667 | ADV:0.1667 | DET:0.1667 | NOUN:0.1667 | NUM:0.1667 | PUNCT:0.1667,ADJ:0.0777 | ADP:0.1068 | ADV:0.1068 | AUX:0.0583 | CCONJ:0.0291 | DET:0.0097 | INTJ:0.0194 | NOUN:0.0874 | PART:0.0583 | PRON:0.1165 | PROPN:0.0097 | PUNCT:0.1165 | SCONJ:0.0583 | VERB:0.1456,6,103
ADJ:0.0476 | ADP:0.0476 | ADV:0.1429 | AUX:0.0238 | CCONJ:0.0476 | NOUN:0.1190 | NUM:0.0238 | PRON:0.1905 | PUNCT:0.0952 | SCONJ:0.0476 | SPACE:0.0238 | SYM:0.0238 | VERB:0.1667,ADJ:0.0532 | ADP:0.0957 | ADV:0.2021 | AUX:0.0638 | CCONJ:0.0319 | DET:0.0106 | INTJ:0.0106 | NOUN:0.0426 | NUM:0.0106 | PRON:0.1809 | PROPN:0.0106 | PUNCT:0.1064 | SCONJ:0.0426 | VERB:0.1383,42,94
ADJ:0.0441 | ADP:0.0441 | ADV:0.1765 | AUX:0.0588 | CCONJ:0.0588 | DET:0.0294 | INTJ:0.0147 | NOUN:0.1324 | NUM:0.0441 | PART:0.0147 | PRON:0.1029 | PROPN:0.0147 | PUNCT:0.1324 | SCONJ:0.0147 | SPACE:0.0147 | VERB:0.1029,ADJ:0.0732 | ADP:0.0854 | ADV:0.1585 | AUX:0.0122 | CCONJ:0.0366 | DET:0.0122 | NOUN:0.1098 | PART:0.0488 | PRON:0.0732 | PROPN:0.0122 | PUNCT:0.1341 | SCONJ:0.0610 | VERB:0.1829,68,82
ADJ:0.0333 | ADP:0.1000 | ADV:0.2000 | AUX:0.1000 | CCONJ:0.0333 | NOUN:0.0333 | NUM:0.0333 | PART:0.0333 | PRON:0.0333 | PROPN:0.0333 | PUNCT:0.2000 | SPACE:0.0333 | VERB:0.1333,ADJ:0.0896 | ADP:0.0597 | ADV:0.0896 | AUX:0.0597 | CCONJ:0.0448 | DET:0.0299 | NOUN:0.0896 | NUM:0.0299 | PART:0.0448 | PRON:0.1194 | PROPN:0.0149 | PUNCT:0.1194 | SCONJ:0.0299 | SYM:0.0149 | VERB:0.1642,30,67
ADJ:0.0217 | ADP:0.1304 | ADV:0.0870 | AUX:0.0217 | CCONJ:0.0435 | DET:0.0652 | NOUN:0.1957 | NUM:0.0652 | PRON:0.0435 | PROPN:0.0652 | PUNCT:0.0870 | SCONJ:0.0217 | VERB:0.1522,ADJ:0.0918 | ADP:0.0918 | ADV:0.1122 | AUX:0.0408 | CCONJ:0.0102 | DET:0.0510 | NOUN:0.1224 | NUM:0.0102 | PART:0.0408 | PRON:0.1429 | PROPN:0.0102 | PUNCT:0.1224 | SCONJ:0.0102 | VERB:0.1429,46,98
ADJ:0.0333 | ADP:0.2000 | ADV:0.1333 | AUX:0.0333 | DET:0.0333 | NOUN:0.1333 | NUM:0.0667 | PRON:0.1000 | PUNCT:0.1000 | SCONJ:0.0667 | VERB:0.1000,ADJ:0.0500 | ADP:0.0500 | ADV:0.2000 | AUX:0.0375 | CCONJ:0.0250 | NOUN:0.0500 | NUM:0.0250 | PART:0.0375 | PRON:0.1750 | PROPN:0.0125 | PUNCT:0.1125 | SCONJ:0.0500 | VERB:0.1750,30,80
ADJ:0.0556 | ADP:0.1111 | ADV:0.1481 | AUX:0.0741 | DET:0.0556 | NOUN:0.1296 | NUM:0.0370 | PRON:0.1667 | PUNCT:0.0556 | SCONJ:0.0370 | SPACE:0.0370 | VERB:0.0926,ADJ:0.1034 | ADP:0.0460 | ADV:0.1609 | AUX:0.0345 | CCONJ:0.0345 | DET:0.0230 | NOUN:0.0690 | NUM:0.0115 | PART:0.0460 | PRON:0.1264 | PROPN:0.0115 | PUNCT:0.1264 | SCONJ:0.0345 | VERB:0.1724,54,87
ADJ:0.0769 | ADP:0.1795 | ADV:0.1538 | AUX:0.0256 | DET:0.0256 | NOUN:0.1026 | NUM:0.0513 | PRON:0.1538 | PUNCT:0.0513 | SCONJ:0.0769 | VERB:0.1026,ADJ:0.0787 | ADP:0.1011 | ADV:0.2135 | AUX:0.0449 | CCONJ:0.0562 | DET:0.0225 | NOUN:0.0899 | NUM:0.0225 | PART:0.0449 | PRON:0.0674 | PROPN:0.0225 | PUNCT:0.1124 | VERB:0.1236,39,89
ADJ:0.0441 | ADP:0.0588 | ADV:0.2500 | AUX:0.0588 | DET:0.0441 | NOUN:0.0882 | NUM:0.0294 | PART:0.0294 | PRON:0.1176 | PROPN:0.0147 | PUNCT:0.0882 | SCONJ:0.0147 | SPACE:0.0147 | VERB:0.1471,ADJ:0.0449 | ADP:0.0787 | ADV:0.1461 | AUX:0.0449 | CCONJ:0.0225 | DET:0.0337 | INTJ:0.0112 | NOUN:0.1011 | NUM:0.0225 | PART:0.0225 | PRON:0.1573 | PROPN:0.0337 | PUNCT:0.0787 | SCONJ:0.0337 | VERB:0.1685,68,89
ADJ:0.1273 | ADP:0.0364 | ADV:0.2364 | AUX:0.0182 | CCONJ:0.0545 | DET:0.0182 | NOUN:0.1273 | NUM:0.0182 | PRON:0.0909 | PUNCT:0.1455 | SCONJ:0.0182 | SPACE:0.0182 | VERB:0.0909,ADJ:0.0682 | ADP:0.0795 | ADV:0.1364 | AUX:0.0568 | CCONJ:0.0455 | DET:0.0227 | NOUN:0.0909 | PART:0.0568 | PRON:0.1364 | PROPN:0.0227 | PUNCT:0.1136 | SCONJ:0.0341 | VERB:0.1364,55,88
ADV:0.3333 | NUM:0.3333 | VERB:0.3333,ADJ:0.0957 | ADP:0.0638 | ADV:0.1383 | AUX:0.0426 | CCONJ:0.0426 | DET:0.0213 | NOUN:0.0851 | NUM:0.0213 | PART:0.0213 | PRON:0.1489 | PROPN:0.0106 | PUNCT:0.1064 | SCONJ:0.0426 | VERB:0.1596,3,94
ADJ:0.0172 | ADP:0.0690 | ADV:0.1034 | AUX:0.0517 | CCONJ:0.0517 | DET:0.0345 | NOUN:0.2241 | NUM:0.0517 | PART:0.0172 | PRON:0.1379 | PUNCT:0.1379 | VERB:0.1034,ADJ:0.0658 | ADP:0.0789 | ADV:0.1579 | AUX:0.0395 | CCONJ:0.0263 | DET:0.0395 | NOUN:0.0921 | NUM:0.0132 | PART:0.0395 | PRON:0.1053 | PROPN:0.0263 | PUNCT:0.1316 | SCONJ:0.0132 | VERB:0.1711,58,76
ADJ:0.0250 | ADP:0.1500 | ADV:0.1125 | AUX:0.0500 | CCONJ:0.0500 | DET:0.0375 | NOUN:0.1000 | NUM:0.0375 | PART:0.0125 | PRON:0.1625 | PUNCT:0.0875 | SCONJ:0.0250 | SPACE:0.0250 | VERB:0.1250,ADJ:0.0417 | ADP:0.0625 | ADV:0.1458 | AUX:0.0417 | CCONJ:0.0312 | DET:0.0208 | NOUN:0.0833 | NUM:0.0104 | PART:0.0312 | PRON:0.1458 | PROPN:0.0208 | PUNCT:0.1042 | SCONJ:0.0625 | VERB:0.1979,80,96
ADJ:0.0286 | ADP:0.1143 | ADV:0.2286 | CCONJ:0.0286 | DET:0.0286 | NOUN:0.1143 | PART:0.0286 | PRON:0.0857 | PUNCT:0.1143 | SCONJ:0.0571 | VERB:0.1714,ADJ:0.0417 | ADP:0.0521 | ADV:0.1562 | AUX:0.0521 | CCONJ:0.0312 | DET:0.0104 | NOUN:0.0938 | NUM:0.0104 | PART:0.0208 | PRON:0.1875 | PROPN:0.0208 | PUNCT:0.1146 | SCONJ:0.0625 | VERB:0.1458,35,96
ADV:0.4286 | AUX:0.1429 | PRON:0.1429 | PUNCT:0.1429 | VERB:0.1429,ADJ:0.0909 | ADP:0.0568 | ADV:0.0909 | AUX:0.0568 | CCONJ:0.0227 | DET:0.0114 | NOUN:0.1023 | NUM:0.0114 | PART:0.0455 | PRON:0.1591 | PROPN:0.0114 | PUNCT:0.1364 | SCONJ:0.0227 | VERB:0.1818,7,88
ADJ:0.0526 | ADP:0.1053 | ADV:0.1053 | AUX:0.1053 | DET:0.1053 | NOUN:0.1579 | PRON:0.1579 | SPACE:0.0526 | VERB:0.1579,ADJ:0.1190 | ADP:0.0714 | ADV:0.1429 | AUX:0.0952 | CCONJ:0.0238 | NOUN:0.0952 | PRON:0.1667 | PUNCT:0.0952 | SCONJ:0.0238 | VERB:0.1667,19,42
ADJ:0.0455 | ADP:0.1136 | ADV:0.1136 | AUX:0.0227 | CCONJ:0.0682 | DET:0.0455 | NOUN:0.1818 | NUM:0.0682 | PRON:0.0909 | PUNCT:0.0909 | SCONJ:0.0455 | VERB:0.1136,ADJ:0.0682 | ADP:0.0682 | ADV:0.1591 | AUX:0.0909 | DET:0.0227 | NOUN:0.0455 | PRON:0.2500 | PUNCT:0.1136 | SCONJ:0.0227 | VERB:0.1591,44,44
ADP:0.0769 | ADV:0.0769 | AUX:0.1538 | DET:0.0769 | NOUN:0.2308 | PRON:0.1538 | PROPN:0.0769 | PUNCT:0.0769 | VERB:0.0769,ADJ:0.0833 | ADP:0.0556 | ADV:0.2778 | AUX:0.0556 | CCONJ:0.0278 | DET:0.0278 | NOUN:0.0556 | PRON:0.1389 | PUNCT:0.1111 | VERB:0.1667,13,36
PUNCT:1.0000,ADJ:0.0909 | ADP:0.0227 | ADV:0.1591 | AUX:0.0909 | DET:0.0455 | NOUN:0.0909 | PRON:0.1591 | PROPN:0.0227 | PUNCT:0.0909 | SCONJ:0.0682 | VERB:0.1591,1,44
ADJ:0.0833 | ADP:0.0417 | ADV:0.2083 | AUX:0.1250 | NOUN:0.0833 | NUM:0.0833 | PRON:0.0417 | PUNCT:0.1667 | SPACE:0.0833 | VERB:0.0833,ADJ:0.0784 | ADP:0.0784 | ADV:0.1765 | AUX:0.0392 | CCONJ:0.0196 | DET:0.0392 | NOUN:0.1176 | PRON:0.1569 | PROPN:0.0196 | PUNCT:0.0784 | SCONJ:0.0588 | VERB:0.1373,24,51
ADV:0.4000 | NOUN:0.2000 | PROPN:0.2000 | VERB:0.2000,ADJ:0.0606 | ADP:0.0909 | ADV:0.1515 | AUX:0.0303 | CCONJ:0.0303 | NOUN:0.1212 | PRON:0.1212 | PROPN:0.0909 | PUNCT:0.1515 | VERB:0.1515,5,33
ADP:0.0870 | ADV:0.1304 | AUX:0.0870 | CCONJ:0.0435 | PART:0.0435 | PRON:0.0870 | PROPN:0.0870 | PUNCT:0.1739 | SPACE:0.0870 | VERB:0.1739,ADJ:0.1000 | ADP:0.1000 | ADV:0.0800 | AUX:0.0400 | CCONJ:0.0600 | DET:0.0400 | NOUN:0.1400 | PRON:0.0600 | PROPN:0.0800 | PUNCT:0.1200 | SCONJ:0.0200 | VERB:0.1600,23,50
ADP:0.2857 | ADV:0.2857 | PROPN:0.1429 | PUNCT:0.1429 | VERB:0.1429,ADJ:0.1064 | ADP:0.0426 | ADV:0.0426 | AUX:0.0638 | CCONJ:0.0426 | DET:0.0213 | INTJ:0.0213 | NOUN:0.1064 | PART:0.0213 | PRON:0.1277 | PROPN:0.0638 | PUNCT:0.1064 | SCONJ:0.0638 | VERB:0.1702,7,47
ADJ:0.0417 | ADP:0.0625 | ADV:0.0833 | AUX:0.0208 | CCONJ:0.0208 | DET:0.0208 | NOUN:0.2083 | NUM:0.0625 | PART:0.0208 | PRON:0.0833 | PUNCT:0.1250 | SCONJ:0.0833 | SPACE:0.0208 | VERB:0.1458,ADJ:0.0818 | ADP:0.0818 | ADV:0.1091 | AUX:0.0818 | CCONJ:0.0636 | DET:0.0182 | INTJ:0.0091 | NOUN:0.1727 | NUM:0.0091 | PART:0.0182 | PRON:0.1091 | PROPN:0.0273 | PUNCT:0.1273 | SCONJ:0.0182 | VERB:0.0727,48,110
ADJ:0.0238 | ADP:0.1190 | ADV:0.1190 | AUX:0.0476 | CCONJ:0.0238 | NOUN:0.1667 | NUM:0.0238 | PART:0.0476 | PRON:0.1190 | PUNCT:0.1190 | SCONJ:0.0238 | SPACE:0.0476 | VERB:0.1190,ADJ:0.0952 | ADP:0.0556 | ADV:0.1032 | AUX:0.0397 | CCONJ:0.0556 | DET:0.0317 | NOUN:0.1587 | PART:0.0159 | PRON:0.1111 | PROPN:0.0238 | PUNCT:0.0873 | SCONJ:0.0635 | VERB:0.1587,42,126
ADJ:0.0541 | ADP:0.0811 | ADV:0.2162 | AUX:0.0811 | CCONJ:0.0541 | NOUN:0.1351 | PRON:0.1351 | PUNCT:0.0541 | SCONJ:0.0541 | SPACE:0.0270 | VERB:0.1081,ADJ:0.0970 | ADP:0.1119 | ADV:0.1343 | AUX:0.0746 | CCONJ:0.0522 | DET:0.0448 | NOUN:0.1716 | NUM:0.0075 | PART:0.0373 | PRON:0.0672 | PROPN:0.0149 | PUNCT:0.0896 | SCONJ:0.0075 | VERB:0.0896,37,134
ADJ:0.0870 | ADP:0.1304 | AUX:0.1304 | DET:0.0870 | NOUN:0.1304 | PRON:0.1739 | PUNCT:0.1304 | SCONJ:0.0435 | VERB:0.0870,ADJ:0.0882 | ADP:0.0882 | ADV:0.1250 | AUX:0.0735 | CCONJ:0.0441 | DET:0.0368 | NOUN:0.1324 | NUM:0.0074 | PART:0.0368 | PRON:0.1250 | PROPN:0.0147 | PUNCT:0.0956 | SCONJ:0.0074 | SPACE:0.0074 | VERB:0.1176,23,136
ADJ:0.0517 | ADP:0.1207 | ADV:0.1034 | AUX:0.0690 | CCONJ:0.0345 | DET:0.0517 | NOUN:0.1897 | NUM:0.0690 | PART:0.0345 | PRON:0.0517 | PUNCT:0.0517 | SCONJ:0.0690 | SPACE:0.0345 | VERB:0.0690,ADJ:0.0857 | ADP:0.1143 | ADV:0.0857 | AUX:0.0857 | CCONJ:0.0476 | DET:0.0476 | NOUN:0.1524 | PART:0.0286 | PRON:0.1048 | PROPN:0.0095 | PUNCT:0.1143 | SCONJ:0.0190 | VERB:0.1048,58,105
ADJ:0.0526 | ADP:0.0526 | ADV:0.0789 | AUX:0.0263 | CCONJ:0.0526 | DET:0.0789 | NOUN:0.2368 | NUM:0.0263 | PART:0.0526 | PRON:0.1053 | PUNCT:0.0789 | SCONJ:0.0789 | VERB:0.0789,ADJ:0.0940 | ADP:0.0855 | ADV:0.0684 | AUX:0.0513 | CCONJ:0.0598 | DET:0.0427 | INTJ:0.0085 | NOUN:0.1368 | PART:0.0342 | PRON:0.1197 | PROPN:0.0342 | PUNCT:0.1026 | SCONJ:0.0171 | VERB:0.1453,38,117
ADJ:0.1818 | ADV:0.3636 | NOUN:0.0909 | PART:0.0909 | PUNCT:0.1818 | VERB:0.0909,ADJ:0.0849 | ADP:0.0849 | ADV:0.1038 | AUX:0.0566 | CCONJ:0.0472 | DET:0.0283 | NOUN:0.1698 | PART:0.0283 | PRON:0.1226 | PROPN:0.0283 | PUNCT:0.1038 | SCONJ:0.0189 | SPACE:0.0094 | VERB:0.1132,11,106
ADJ:0.0667 | ADP:0.0667 | ADV:0.2222 | AUX:0.1556 | DET:0.0889 | NOUN:0.1111 | PRON:0.0889 | PUNCT:0.0889 | SCONJ:0.0222 | SPACE:0.0222 | VERB:0.0667,ADJ:0.0963 | ADP:0.0815 | ADV:0.1111 | AUX:0.1037 | CCONJ:0.0444 | DET:0.0296 | NOUN:0.1704 | NUM:0.0074 | PART:0.0222 | PRON:0.1111 | PROPN:0.0148 | PUNCT:0.0889 | SCONJ:0.0370 | VERB:0.0815,45,135
ADJ:0.0698 | ADP:0.0465 | ADV:0.1628 | AUX:0.0698 | CCONJ:0.0465 | DET:0.0465 | NOUN:0.1860 | PART:0.0930 | PRON:0.1163 | PUNCT:0.0698 | VERB:0.0930,ADJ:0.0738 | ADP:0.0902 | ADV:0.1230 | AUX:0.0656 | CCONJ:0.0328 | DET:0.0492 | NOUN:0.1967 | NUM:0.0082 | PART:0.0328 | PRON:0.0738 | PROPN:0.0164 | PUNCT:0.1066 | SCONJ:0.0410 | VERB:0.0902,43,122
ADJ:0.0761 | ADP:0.0978 | ADV:0.1196 | AUX:0.0978 | CCONJ:0.0435 | DET:0.0761 | NOUN:0.1413 | NUM:0.0326 | PART:0.0435 | PRON:0.0652 | PUNCT:0.0326 | SCONJ:0.0326 | SPACE:0.0109 | VERB:0.1304,ADJ:0.1061 | ADP:0.0909 | ADV:0.0985 | AUX:0.0758 | CCONJ:0.0606 | DET:0.0455 | NOUN:0.1667 | PART:0.0379 | PRON:0.0985 | PROPN:0.0076 | PUNCT:0.0909 | SPACE:0.0152 | VERB:0.1061,92,132
ADJ:0.0645 | ADP:0.0645 | ADV:0.1720 | AUX:0.1183 | DET:0.0430 | NOUN:0.0860 | NUM:0.0323 | PART:0.0430 | PRON:0.1398 | PUNCT:0.0538 | SCONJ:0.0430 | SPACE:0.0215 | VERB:0.1183,ADJ:0.0694 | ADP:0.0903 | ADV:0.1250 | AUX:0.0694 | CCONJ:0.0417 | DET:0.0208 | INTJ:0.0069 | NOUN:0.1597 | NUM:0.0069 | PART:0.0486 | PRON:0.1042 | PROPN:0.0069 | PUNCT:0.0903 | SCONJ:0.0208 | SPACE:0.0139 | VERB:0.1250,93,144
ADJ:0.0305 | ADP:0.1015 | ADV:0.0863 | AUX:0.0305 | CCONJ:0.0102 | DET:0.0355 | NOUN:0.1878 | NUM:0.1624 | PART:0.0102 | PRON:0.1066 | PROPN:0.0051 | PUNCT:0.0508 | SCONJ:0.0305 | SPACE:0.0355 | VERB:0.1168,ADJ:0.1066 | ADP:0.0738 | ADV:0.1475 | AUX:0.0656 | CCONJ:0.0410 | DET:0.0246 | NOUN:0.1475 | NUM:0.0082 | PART:0.0410 | PRON:0.0984 | PROPN:0.0082 | PUNCT:0.0984 | SCONJ:0.0328 | VERB:0.1066,197,122
ADJ:0.0382 | ADP:0.1019 | ADV:0.0828 | AUX:0.0764 | CCONJ:0.0191 | DET:0.0318 | NOUN:0.1783 | NUM:0.0382 | PART:0.0191 | PRON:0.1338 | PUNCT:0.1083 | SCONJ:0.0318 | VERB:0.1401,ADJ:0.0878 | ADP:0.0946 | ADV:0.1554 | AUX:0.0878 | CCONJ:0.0338 | DET:0.0405 | NOUN:0.1149 | NUM:0.0068 | PART:0.0270 | PRON:0.1149 | PROPN:0.0135 | PUNCT:0.0811 | SCONJ:0.0270 | SPACE:0.0135 | VERB:0.1014,157,148
ADJ:0.1039 | ADP:0.0649 | ADV:0.1169 | AUX:0.0649 | CCONJ:0.0390 | DET:0.0649 | NOUN:0.1299 | PART:0.0390 | PRON:0.1169 | PROPN:0.0130 | PUNCT:0.0649 | SCONJ:0.0390 | SPACE:0.0130 | VERB:0.1299,ADJ:0.0710 | ADP:0.0828 | ADV:0.1006 | AUX:0.0592 | CCONJ:0.0473 | DET:0.0414 | NOUN:0.1716 | NUM:0.0059 | PART:0.0414 | PRON:0.1006 | PROPN:0.0178 | PUNCT:0.0828 | SCONJ:0.0178 | SPACE:0.0178 | VERB:0.1420,77,169
ADJ:0.0658 | ADP:0.0658 | ADV:0.1579 | AUX:0.0395 | CCONJ:0.0395 | DET:0.0132 | NOUN:0.1184 | NUM:0.0526 | PART:0.0658 | PRON:0.0789 | PUNCT:0.0921 | SCONJ:0.0132 | SPACE:0.0395 | VERB:0.1579,ADJ:0.0828 | ADP:0.0828 | ADV:0.1034 | AUX:0.0759 | CCONJ:0.0483 | DET:0.0207 | NOUN:0.1724 | NUM:0.0069 | PART:0.0069 | PRON:0.1310 | PROPN:0.0138 | PUNCT:0.0966 | SCONJ:0.0414 | VERB:0.1172,76,145
ADJ:0.0658 | ADP:0.0658 | ADV:0.1579 | AUX:0.0395 | CCONJ:0.0395 | DET:0.0132 | NOUN:0.1184 | NUM:0.0526 | PART:0.0658 | PRON:0.0789 | PUNCT:0.0921 | SCONJ:0.0132 | SPACE:0.0395 | VERB:0.1579,ADJ:0.0917 | ADP:0.0917 | ADV:0.0917 | AUX:0.0667 | CCONJ:0.0417 | DET:0.0417 | NOUN:0.1583 | PART:0.0333 | PRON:0.1333 | PROPN:0.0167 | PUNCT:0.0917 | SCONJ:0.0333 | SPACE:0.0083 | VERB:0.1000,76,120
ADJ:0.0690 | ADP:0.1034 | ADV:0.0575 | AUX:0.0805 | CCONJ:0.0230 | DET:0.0920 | INTJ:0.0115 | NOUN:0.1609 | PART:0.0460 | PRON:0.1149 | PUNCT:0.0460 | SCONJ:0.0460 | SPACE:0.0115 | VERB:0.1379,ADJ:0.0678 | ADP:0.1017 | ADV:0.1186 | AUX:0.0593 | CCONJ:0.0339 | DET:0.0424 | NOUN:0.1271 | PART:0.0508 | PRON:0.1271 | PROPN:0.0169 | PUNCT:0.0763 | SCONJ:0.0339 | VERB:0.1441,87,118
CCONJ:0.1250 | NOUN:0.5000 | PUNCT:0.2500 | SPACE:0.1250,ADJ:0.0426 | ADP:0.0213 | ADV:0.1915 | AUX:0.1489 | DET:0.0426 | NOUN:0.0638 | PRON:0.1915 | PUNCT:0.1064 | SCONJ:0.0426 | VERB:0.1489,8,47
ADJ:0.0294 | ADP:0.0882 | ADV:0.0294 | AUX:0.0735 | CCONJ:0.0147 | DET:0.0441 | NOUN:0.1765 | PART:0.0294 | PRON:0.2353 | PROPN:0.0147 | PUNCT:0.0735 | SCONJ:0.0294 | SPACE:0.0147 | VERB:0.1471,ADJ:0.0597 | ADP:0.1194 | ADV:0.0746 | AUX:0.0597 | CCONJ:0.0299 | DET:0.0149 | NOUN:0.1493 | PART:0.0746 | PRON:0.1343 | PUNCT:0.1194 | SCONJ:0.0149 | VERB:0.1493,68,67
ADJ:0.0877 | ADP:0.1053 | ADV:0.1228 | AUX:0.0877 | CCONJ:0.0351 | DET:0.0614 | NOUN:0.1140 | PART:0.0263 | PRON:0.1228 | PUNCT:0.0702 | SCONJ:0.0175 | SPACE:0.0351 | VERB:0.1140,ADJ:0.0508 | ADP:0.0678 | ADV:0.1356 | AUX:0.1186 | CCONJ:0.0169 | DET:0.0508 | NOUN:0.1356 | PRON:0.1695 | PUNCT:0.1017 | VERB:0.1525,114,59
ADJ:0.0189 | ADP:0.0377 | ADV:0.1509 | AUX:0.0377 | CCONJ:0.0566 | NOUN:0.1509 | PART:0.0755 | PRON:0.1698 | PROPN:0.0189 | PUNCT:0.0755 | SYM:0.0189 | VERB:0.1887,ADJ:0.0735 | ADP:0.0441 | ADV:0.1029 | AUX:0.1029 | DET:0.0588 | NOUN:0.1029 | PART:0.0147 | PRON:0.1765 | PUNCT:0.1324 | SCONJ:0.0147 | VERB:0.1765,53,68
ADJ:0.1286 | ADP:0.0714 | ADV:0.1000 | AUX:0.0571 | CCONJ:0.0571 | DET:0.0286 | NOUN:0.1571 | NUM:0.0143 | PART:0.0429 | PRON:0.0286 | PUNCT:0.1000 | SCONJ:0.0143 | SPACE:0.0143 | SYM:0.0286 | VERB:0.1571,ADJ:0.0484 | ADP:0.0645 | ADV:0.2097 | AUX:0.0806 | DET:0.0323 | NOUN:0.0484 | PRON:0.1935 | PROPN:0.0323 | PUNCT:0.1129 | SCONJ:0.0161 | VERB:0.1613,70,62
ADP:0.1538 | ADV:0.1538 | DET:0.0769 | NOUN:0.2308 | PRON:0.0769 | PUNCT:0.1538 | VERB:0.1538,ADJ:0.0877 | ADP:0.0614 | ADV:0.1228 | AUX:0.0877 | CCONJ:0.0526 | DET:0.0263 | INTJ:0.0088 | NOUN:0.1228 | PART:0.0175 | PRON:0.1667 | PROPN:0.0088 | PUNCT:0.0789 | SCONJ:0.0263 | VERB:0.1316,13,114
ADJ:0.0749 | ADP:0.0481 | ADV:0.1230 | AUX:0.0481 | CCONJ:0.0428 | DET:0.0428 | NOUN:0.1604 | NUM:0.0481 | PART:0.0321 | PRON:0.1176 | PROPN:0.0160 | PUNCT:0.0856 | SCONJ:0.0267 | SPACE:0.0428 | VERB:0.0909,ADJ:0.1040 | ADP:0.0800 | ADV:0.1120 | AUX:0.0960 | CCONJ:0.0240 | DET:0.0320 | NOUN:0.1040 | PART:0.0400 | PRON:0.1680 | PUNCT:0.0800 | SCONJ:0.0160 | VERB:0.1440,187,125
ADJ:0.0556 | ADP:0.0185 | ADV:0.2778 | AUX:0.0556 | CCONJ:0.0370 | NOUN:0.1667 | NUM:0.0370 | PRON:0.1111 | PUNCT:0.0926 | SCONJ:0.0185 | SPACE:0.0185 | VERB:0.1111,ADJ:0.0855 | ADP:0.0684 | ADV:0.1197 | AUX:0.0855 | CCONJ:0.0171 | DET:0.0256 | INTJ:0.0085 | NOUN:0.1368 | PART:0.0427 | PRON:0.1538 | PROPN:0.0085 | PUNCT:0.0855 | SCONJ:0.0427 | VERB:0.1197,54,117
ADJ:0.0532 | ADP:0.0957 | ADV:0.1596 | AUX:0.0745 | CCONJ:0.0213 | DET:0.0106 | NOUN:0.0745 | PART:0.0213 | PRON:0.1489 | PROPN:0.0319 | PUNCT:0.0957 | SCONJ:0.0532 | SPACE:0.0426 | VERB:0.1170,ADJ:0.0680 | ADP:0.0680 | ADV:0.1262 | AUX:0.0874 | CCONJ:0.0291 | INTJ:0.0097 | NOUN:0.0874 | PART:0.0097 | PRON:0.1942 | PROPN:0.0194 | PUNCT:0.1068 | SCONJ:0.0583 | VERB:0.1359,94,103
ADJ:0.0676 | ADP:0.0608 | ADV:0.1419 | AUX:0.0608 | CCONJ:0.0541 | DET:0.0676 | NOUN:0.1622 | NUM:0.0068 | PART:0.0135 | PRON:0.1284 | PROPN:0.0135 | PUNCT:0.0743 | SCONJ:0.0270 | SPACE:0.0135 | VERB:0.1081,ADJ:0.0991 | ADP:0.0991 | ADV:0.0991 | AUX:0.0811 | CCONJ:0.0270 | DET:0.0541 | NOUN:0.1441 | PART:0.0270 | PRON:0.1261 | PROPN:0.0090 | PUNCT:0.0901 | SCONJ:0.0180 | VERB:0.1261,148,111
ADJ:0.1212 | ADP:0.0606 | ADV:0.0606 | AUX:0.1212 | CCONJ:0.0606 | DET:0.0303 | NOUN:0.1212 | PART:0.0303 | PRON:0.1515 | PUNCT:0.0909 | SCONJ:0.0303 | SYM:0.0303 | VERB:0.0909,ADJ:0.0985 | ADP:0.0606 | ADV:0.0985 | AUX:0.1136 | CCONJ:0.0152 | DET:0.0303 | INTJ:0.0076 | NOUN:0.1364 | PART:0.0379 | PRON:0.1591 | PROPN:0.0076 | PUNCT:0.0909 | SCONJ:0.0455 | VERB:0.0985,33,132
ADJ:0.0732 | ADP:0.1171 | ADV:0.0878 | AUX:0.0390 | CCONJ:0.0439 | DET:0.0683 | NOUN:0.1951 | NUM:0.0146 | PART:0.0098 | PRON:0.0976 | PROPN:0.0049 | PUNCT:0.1073 | SCONJ:0.0098 | SPACE:0.0146 | VERB:0.1171,ADJ:0.1000 | ADP:0.1000 | ADV:0.1222 | AUX:0.0444 | CCONJ:0.0333 | DET:0.0444 | INTJ:0.0111 | NOUN:0.1333 | NUM:0.0111 | PART:0.0333 | PRON:0.1111 | PUNCT:0.0889 | SCONJ:0.0222 | VERB:0.1444,205,90
ADJ:0.1111 | ADP:0.0864 | ADV:0.1975 | AUX:0.0494 | CCONJ:0.0370 | DET:0.0617 | INTJ:0.0123 | NOUN:0.0988 | PART:0.0123 | PRON:0.1111 | PROPN:0.0123 | PUNCT:0.0494 | SCONJ:0.0123 | SPACE:0.0247 | VERB:0.1235,ADJ:0.0860 | ADP:0.0430 | ADV:0.1505 | AUX:0.0860 | CCONJ:0.0430 | DET:0.0108 | INTJ:0.0215 | NOUN:0.1290 | NUM:0.0108 | PART:0.0323 | PRON:0.1183 | PUNCT:0.1290 | SCONJ:0.0108 | VERB:0.1290,81,93
ADJ:0.1818 | ADV:0.1818 | AUX:0.0909 | DET:0.0909 | NOUN:0.0909 | PUNCT:0.0909 | SPACE:0.0909 | VERB:0.1818,ADJ:0.0476 | ADP:0.0635 | ADV:0.1429 | AUX:0.0317 | CCONJ:0.0317 | DET:0.0476 | NOUN:0.0952 | NUM:0.0159 | PART:0.0159 | PRON:0.1905 | PROPN:0.0159 | PUNCT:0.1111 | SCONJ:0.0317 | VERB:0.1587,11,63
ADJ:0.0526 | ADP:0.0526 | DET:0.1053 | NOUN:0.1579 | PRON:0.1053 | PROPN:0.1053 | PUNCT:0.1053 | SCONJ:0.0526 | SPACE:0.1579 | VERB:0.1053,ADJ:0.0506 | ADP:0.0633 | ADV:0.0633 | AUX:0.0633 | CCONJ:0.0380 | DET:0.0506 | INTJ:0.0127 | NOUN:0.1266 | NUM:0.0253 | PART:0.0127 | PRON:0.1772 | PUNCT:0.1266 | SCONJ:0.0380 | VERB:0.1519,19,79
ADJ:0.0909 | ADP:0.0606 | ADV:0.1818 | AUX:0.0606 | CCONJ:0.0455 | DET:0.0455 | NOUN:0.1364 | PART:0.0303 | PRON:0.1364 | PUNCT:0.0455 | SCONJ:0.0606 | VERB:0.1061,ADJ:0.0779 | ADP:0.0844 | ADV:0.1169 | AUX:0.0714 | CCONJ:0.0325 | DET:0.0260 | NOUN:0.0909 | PART:0.0390 | PRON:0.1688 | PUNCT:0.1104 | SCONJ:0.0584 | VERB:0.1234,66,154
ADJ:0.0459 | ADP:0.0642 | ADV:0.2018 | AUX:0.0367 | CCONJ:0.0734 | DET:0.0275 | NOUN:0.1193 | NUM:0.0092 | PART:0.0275 | PRON:0.0917 | PUNCT:0.1101 | SPACE:0.0367 | VERB:0.1560,ADJ:0.0680 | ADP:0.0884 | ADV:0.1020 | AUX:0.0544 | CCONJ:0.0612 | DET:0.0340 | NOUN:0.1497 | NUM:0.0068 | PART:0.0544 | PRON:0.1497 | PUNCT:0.0816 | SCONJ:0.0204 | VERB:0.1293,109,147
ADJ:0.0606 | ADP:0.0606 | ADV:0.1212 | AUX:0.0303 | CCONJ:0.0303 | DET:0.1212 | NOUN:0.2424 | NUM:0.0303 | PART:0.0303 | PRON:0.0606 | PUNCT:0.1212 | SCONJ:0.0303 | VERB:0.0606,ADJ:0.0943 | ADP:0.0692 | ADV:0.1258 | AUX:0.0503 | CCONJ:0.0629 | DET:0.0189 | NOUN:0.1258 | PART:0.0503 | PRON:0.1132 | PUNCT:0.1006 | SCONJ:0.0440 | VERB:0.1447,33,159
ADJ:0.0833 | ADP:0.0833 | ADV:0.2292 | AUX:0.0625 | CCONJ:0.0208 | DET:0.0208 | NOUN:0.1250 | PART:0.0208 | PRON:0.1042 | PUNCT:0.1042 | SCONJ:0.0208 | VERB:0.1250,ADJ:0.0670 | ADP:0.0950 | ADV:0.1006 | AUX:0.0447 | CCONJ:0.0503 | DET:0.0223 | NOUN:0.1061 | NUM:0.0056 | PART:0.0279 | PRON:0.2011 | PUNCT:0.0950 | SCONJ:0.0335 | VERB:0.1508,48,179
ADJ:0.0667 | ADP:0.1250 | ADV:0.1083 | AUX:0.0500 | CCONJ:0.0333 | DET:0.0500 | NOUN:0.2000 | NUM:0.0167 | PART:0.0583 | PRON:0.0667 | PUNCT:0.0917 | SCONJ:0.0417 | SPACE:0.0167 | VERB:0.0750,ADJ:0.1143 | ADP:0.0786 | ADV:0.1357 | AUX:0.0714 | CCONJ:0.0571 | DET:0.0143 | NOUN:0.1071 | PART:0.0214 | PRON:0.1643 | PUNCT:0.0929 | SCONJ:0.0286 | VERB:0.1143,120,140
ADJ:0.0714 | ADP:0.0811 | ADV:0.1100 | AUX:0.0598 | CCONJ:0.0598 | DET:0.0232 | NOUN:0.1236 | NUM:0.0097 | PART:0.0232 | PRON:0.1351 | PROPN:0.0058 | PUNCT:0.1178 | SCONJ:0.0328 | SPACE:0.0135 | SYM:0.0019 | VERB:0.1313,ADJ:0.1067 | ADP:0.1000 | ADV:0.0733 | AUX:0.0667 | CCONJ:0.0467 | DET:0.0267 | NOUN:0.0933 | PART:0.0467 | PRON:0.1600 | PUNCT:0.1133 | SCONJ:0.0400 | VERB:0.1267,518,150
ADJ:0.0800 | ADP:0.1467 | ADV:0.1467 | AUX:0.0933 | CCONJ:0.0133 | DET:0.0267 | NOUN:0.1200 | NUM:0.0133 | PART:0.0400 | PRON:0.1333 | PUNCT:0.0667 | SCONJ:0.0400 | VERB:0.0800,ADJ:0.0970 | ADP:0.0821 | ADV:0.0970 | AUX:0.0448 | CCONJ:0.0522 | DET:0.0224 | NOUN:0.1343 | PART:0.0299 | PRON:0.1716 | PUNCT:0.0821 | SCONJ:0.0448 | VERB:0.1418,75,134
ADP:0.0500 | ADV:0.2500 | AUX:0.1000 | CCONJ:0.0500 | NOUN:0.1500 | PRON:0.1500 | PUNCT:0.1500 | VERB:0.1000,ADJ:0.0979 | ADP:0.0839 | ADV:0.0839 | AUX:0.0839 | CCONJ:0.0490 | DET:0.0350 | NOUN:0.0839 | PART:0.0350 | PRON:0.1888 | PUNCT:0.0909 | SCONJ:0.0350 | VERB:0.1329,20,143
ADJ:0.0606 | ADP:0.0303 | ADV:0.2424 | AUX:0.0606 | INTJ:0.0303 | NOUN:0.1212 | NUM:0.0303 | PART:0.0909 | PRON:0.1212 | PUNCT:0.0909 | VERB:0.1212,ADJ:0.1039 | ADP:0.0844 | ADV:0.1169 | AUX:0.0519 | CCONJ:0.0390 | DET:0.0390 | NOUN:0.1494 | PART:0.0390 | PRON:0.1234 | PUNCT:0.1104 | SCONJ:0.0390 | VERB:0.1039,33,154
ADJ:0.0625 | ADP:0.1250 | CCONJ:0.0625 | DET:0.1250 | NOUN:0.2500 | PART:0.0625 | PRON:0.1250 | PUNCT:0.0625 | VERB:0.1250,ADJ:0.1074 | ADP:0.1007 | ADV:0.0671 | AUX:0.0940 | CCONJ:0.0470 | DET:0.0134 | NOUN:0.1074 | PART:0.0671 | PRON:0.1275 | PUNCT:0.1007 | SCONJ:0.0537 | VERB:0.1141,16,149
ADJ:0.0781 | ADP:0.0781 | ADV:0.0938 | AUX:0.0156 | CCONJ:0.0625 | DET:0.0781 | NOUN:0.1562 | NUM:0.0156 | PART:0.0156 | PRON:0.0938 | PUNCT:0.0938 | SCONJ:0.0156 | VERB:0.2031,ADJ:0.1145 | ADP:0.0992 | ADV:0.0992 | AUX:0.0840 | CCONJ:0.0305 | DET:0.0382 | NOUN:0.1221 | PART:0.0382 | PRON:0.1527 | PUNCT:0.0840 | SCONJ:0.0458 | VERB:0.0916,64,131
ADJ:0.0680 | ADP:0.1068 | ADV:0.1359 | AUX:0.0388 | CCONJ:0.0388 | DET:0.0485 | NOUN:0.1165 | NUM:0.0097 | PART:0.0097 | PRON:0.1748 | PUNCT:0.0680 | SCONJ:0.0097 | SPACE:0.0291 | VERB:0.1456,ADJ:0.1181 | ADP:0.0764 | ADV:0.0903 | AUX:0.0764 | CCONJ:0.0417 | DET:0.0347 | NOUN:0.1458 | PART:0.0208 | PRON:0.1389 | PUNCT:0.0972 | SCONJ:0.0625 | VERB:0.0972,103,144
ADJ:0.1053 | ADP:0.0789 | ADV:0.1053 | AUX:0.0789 | CCONJ:0.0263 | DET:0.1053 | NOUN:0.1316 | PART:0.0263 | PRON:0.0789 | PUNCT:0.0526 | SCONJ:0.0526 | VERB:0.1579,ADJ:0.0782 | ADP:0.0726 | ADV:0.1006 | AUX:0.0782 | CCONJ:0.0503 | DET:0.0335 | NOUN:0.1117 | PART:0.0391 | PRON:0.1676 | PUNCT:0.0894 | SCONJ:0.0559 | VERB:0.1229,38,179
ADP:0.0417 | ADV:0.0417 | AUX:0.1250 | DET:0.0417 | NOUN:0.1667 | NUM:0.0833 | PART:0.0417 | PRON:0.0417 | PROPN:0.0833 | PUNCT:0.0833 | SPACE:0.0833 | SYM:0.0833 | VERB:0.0833,ADJ:0.0569 | ADP:0.0976 | ADV:0.1382 | AUX:0.0569 | CCONJ:0.0488 | DET:0.0325 | NOUN:0.0813 | NUM:0.0081 | PART:0.0163 | PRON:0.1870 | PUNCT:0.1057 | SCONJ:0.0244 | VERB:0.1463,24,123
ADJ:0.0250 | ADP:0.1250 | ADV:0.1000 | AUX:0.0500 | DET:0.0250 | INTJ:0.0250 | NOUN:0.0750 | PART:0.0250 | PRON:0.1500 | PROPN:0.0250 | PUNCT:0.1750 | SCONJ:0.0500 | SPACE:0.0250 | VERB:0.1250,ADJ:0.0870 | ADP:0.0580 | ADV:0.1159 | AUX:0.0797 | CCONJ:0.0362 | DET:0.0145 | NOUN:0.0942 | PART:0.0290 | PRON:0.1812 | PUNCT:0.1232 | SCONJ:0.0507 | VERB:0.1304,40,138
ADJ:0.0385 | ADP:0.0769 | ADV:0.0769 | AUX:0.0769 | CCONJ:0.0385 | NOUN:0.1154 | NUM:0.0769 | PRON:0.1538 | PUNCT:0.0769 | SCONJ:0.0769 | SYM:0.0385 | VERB:0.1538,ADJ:0.0850 | ADP:0.1176 | ADV:0.0784 | AUX:0.0458 | CCONJ:0.0458 | DET:0.0261 | NOUN:0.1373 | PART:0.0327 | PRON:0.1634 | PUNCT:0.0719 | SCONJ:0.0523 | VERB:0.1438,26,153
ADJ:0.1101 | ADP:0.1101 | ADV:0.1101 | AUX:0.0642 | CCONJ:0.0275 | DET:0.0367 | NOUN:0.1284 | NUM:0.0275 | PART:0.0367 | PRON:0.1009 | PUNCT:0.1101 | SCONJ:0.0183 | VERB:0.1193,ADJ:0.0993 | ADP:0.0780 | ADV:0.0567 | AUX:0.0851 | CCONJ:0.0496 | DET:0.0355 | NOUN:0.1206 | PART:0.0142 | PRON:0.1773 | PUNCT:0.0851 | SCONJ:0.0709 | VERB:0.1277,109,141
ADJ:0.0297 | ADP:0.0891 | ADV:0.1386 | AUX:0.0198 | CCONJ:0.0297 | DET:0.0297 | NOUN:0.0891 | PART:0.0297 | PRON:0.1287 | PROPN:0.0099 | PUNCT:0.1287 | SCONJ:0.0396 | SPACE:0.0396 | VERB:0.1980,ADJ:0.0797 | ADP:0.1232 | ADV:0.0870 | AUX:0.0435 | CCONJ:0.0435 | DET:0.0362 | NOUN:0.1014 | NUM:0.0072 | PART:0.0507 | PRON:0.1812 | PUNCT:0.0797 | SCONJ:0.0290 | VERB:0.1377,101,138
ADJ:0.0385 | ADP:0.0641 | ADV:0.0769 | AUX:0.0641 | CCONJ:0.0256 | DET:0.0385 | NOUN:0.1667 | NUM:0.0256 | PART:0.0385 | PRON:0.1154 | PROPN:0.0128 | PUNCT:0.1026 | SCONJ:0.0513 | SPACE:0.0256 | VERB:0.1538,ADJ:0.0949 | ADP:0.0730 | ADV:0.1168 | AUX:0.0584 | CCONJ:0.0438 | DET:0.0219 | NOUN:0.1022 | NUM:0.0073 | PART:0.0292 | PRON:0.1679 | PUNCT:0.0949 | SCONJ:0.0511 | VERB:0.1387,78,137
ADJ:0.1016 | ADP:0.1172 | ADV:0.0469 | AUX:0.0469 | CCONJ:0.0391 | DET:0.0391 | NOUN:0.1484 | NUM:0.0156 | PART:0.0234 | PRON:0.1641 | PROPN:0.0156 | PUNCT:0.0859 | SCONJ:0.0078 | SPACE:0.0156 | VERB:0.1328,ADJ:0.1208 | ADP:0.0872 | ADV:0.0940 | AUX:0.0403 | CCONJ:0.0470 | DET:0.0336 | NOUN:0.1074 | PART:0.0336 | PRON:0.1812 | PUNCT:0.0940 | SCONJ:0.0268 | VERB:0.1342,128,149
ADJ:0.0851 | ADP:0.0638 | ADV:0.0638 | AUX:0.0213 | CCONJ:0.0851 | DET:0.0638 | NOUN:0.1277 | NUM:0.0213 | PART:0.0426 | PRON:0.1277 | PUNCT:0.1064 | SCONJ:0.0426 | SPACE:0.0213 | VERB:0.1277,ADJ:0.0759 | ADP:0.0886 | ADV:0.1076 | AUX:0.0506 | CCONJ:0.0570 | DET:0.0253 | NOUN:0.1139 | PART:0.0316 | PRON:0.1519 | PUNCT:0.0949 | SCONJ:0.0506 | VERB:0.1519,47,158
ADJ:0.1016 | ADP:0.1172 | ADV:0.0469 | AUX:0.0469 | CCONJ:0.0391 | DET:0.0391 | NOUN:0.1484 | NUM:0.0156 | PART:0.0234 | PRON:0.1641 | PROPN:0.0156 | PUNCT:0.0859 | SCONJ:0.0078 | SPACE:0.0156 | VERB:0.1328,ADJ:0.1164 | ADP:0.0890 | ADV:0.0890 | AUX:0.0685 | CCONJ:0.0411 | DET:0.0342 | NOUN:0.1164 | PART:0.0342 | PRON:0.1370 | PUNCT:0.0822 | SCONJ:0.0548 | VERB:0.1370,128,146
ADJ:0.0265 | ADP:0.0708 | ADV:0.1593 | AUX:0.0619 | CCONJ:0.0442 | DET:0.0354 | NOUN:0.1062 | NUM:0.0088 | PART:0.0177 | PRON:0.1770 | PUNCT:0.0973 | SCONJ:0.0442 | SPACE:0.0354 | VERB:0.1150,ADJ:0.1295 | ADP:0.0647 | ADV:0.1079 | AUX:0.0719 | CCONJ:0.0432 | DET:0.0288 | NOUN:0.0863 | NUM:0.0072 | PART:0.0144 | PRON:0.1727 | PUNCT:0.1079 | SCONJ:0.0432 | VERB:0.1223,113,139
ADJ:0.0522 | ADP:0.0957 | ADV:0.1130 | AUX:0.0174 | CCONJ:0.0435 | DET:0.0261 | NOUN:0.1217 | PART:0.0348 | PRON:0.1652 | PUNCT:0.0957 | SCONJ:0.0696 | SPACE:0.0087 | VERB:0.1565,ADJ:0.0882 | ADP:0.0809 | ADV:0.0809 | AUX:0.0735 | CCONJ:0.0294 | DET:0.0368 | NOUN:0.1103 | PART:0.0221 | PRON:0.1912 | PUNCT:0.1029 | SCONJ:0.0515 | VERB:0.1324,115,136
ADJ:0.0926 | ADP:0.0556 | ADV:0.1019 | AUX:0.0463 | CCONJ:0.0463 | DET:0.0648 | NOUN:0.1389 | NUM:0.0370 | PART:0.0463 | PRON:0.1111 | PUNCT:0.0556 | SCONJ:0.0093 | SPACE:0.0556 | VERB:0.1389,ADJ:0.0710 | ADP:0.0645 | ADV:0.1097 | AUX:0.0581 | CCONJ:0.0452 | DET:0.0194 | NOUN:0.0968 | PART:0.0323 | PRON:0.1935 | PUNCT:0.0968 | SCONJ:0.0516 | VERB:0.1613,108,155
ADJ:0.0833 | ADP:0.0833 | ADV:0.1667 | AUX:0.0333 | CCONJ:0.0333 | DET:0.0333 | INTJ:0.0167 | NOUN:0.1833 | PART:0.0333 | PRON:0.1667 | PUNCT:0.0333 | VERB:0.1333,ADJ:0.1079 | ADP:0.1151 | ADV:0.0791 | AUX:0.0576 | CCONJ:0.0216 | DET:0.0216 | NOUN:0.1079 | PART:0.0360 | PRON:0.1727 | PUNCT:0.1079 | SCONJ:0.0432 | VERB:0.1295,60,139
ADJ:0.1290 | ADP:0.0968 | ADV:0.1290 | AUX:0.0323 | CCONJ:0.0323 | DET:0.0323 | NOUN:0.1290 | PRON:0.0968 | PUNCT:0.1290 | SCONJ:0.0323 | SPACE:0.0323 | VERB:0.1290,ADJ:0.0833 | ADP:0.0764 | ADV:0.1250 | AUX:0.0625 | CCONJ:0.0417 | DET:0.0486 | NOUN:0.0972 | PART:0.0417 | PRON:0.1597 | PUNCT:0.0694 | SCONJ:0.0625 | VERB:0.1319,31,144
ADJ:0.0175 | ADP:0.0877 | ADV:0.1228 | AUX:0.0175 | CCONJ:0.0351 | DET:0.0702 | NOUN:0.2105 | NUM:0.0351 | PART:0.0351 | PRON:0.0877 | PUNCT:0.1404 | SCONJ:0.0175 | SPACE:0.0175 | VERB:0.1053,ADJ:0.1053 | ADP:0.0702 | ADV:0.1111 | AUX:0.0877 | CCONJ:0.0526 | DET:0.0409 | NOUN:0.0936 | PART:0.0585 | PRON:0.1287 | PUNCT:0.1053 | SCONJ:0.0351 | VERB:0.1111,57,171
ADJ:0.0526 | ADP:0.0702 | ADV:0.1404 | AUX:0.0351 | CCONJ:0.0526 | DET:0.0175 | NOUN:0.0702 | NUM:0.0175 | PART:0.0175 | PRON:0.1930 | PUNCT:0.0351 | SCONJ:0.0702 | SPACE:0.0175 | VERB:0.2105,ADJ:0.0894 | ADP:0.0650 | ADV:0.1057 | AUX:0.0407 | CCONJ:0.0732 | DET:0.0244 | NOUN:0.1057 | PART:0.0569 | PRON:0.1707 | PUNCT:0.0976 | SCONJ:0.0325 | VERB:0.1382,57,123
ADJ:0.0750 | ADP:0.0833 | ADV:0.1250 | AUX:0.0667 | CCONJ:0.0417 | DET:0.0500 | INTJ:0.0083 | NOUN:0.1000 | PART:0.0333 | PRON:0.1583 | PROPN:0.0083 | PUNCT:0.0583 | SCONJ:0.0333 | SPACE:0.0083 | VERB:0.1500,ADJ:0.1181 | ADP:0.0709 | ADV:0.0787 | AUX:0.0630 | CCONJ:0.0394 | DET:0.0236 | NOUN:0.1024 | PART:0.0472 | PRON:0.1732 | PUNCT:0.1102 | SCONJ:0.0394 | VERB:0.1339,120,127
ADV:0.2857 | AUX:0.0714 | NOUN:0.1429 | PRON:0.1429 | PUNCT:0.1429 | SPACE:0.0714 | VERB:0.1429,ADJ:0.0532 | ADP:0.0638 | ADV:0.2128 | AUX:0.0638 | CCONJ:0.0426 | DET:0.0319 | NOUN:0.2021 | PART:0.0213 | PRON:0.0638 | PUNCT:0.1170 | SCONJ:0.0426 | VERB:0.0851,14,94
ADJ:0.0612 | ADP:0.0816 | ADV:0.0408 | AUX:0.1020 | DET:0.0408 | NOUN:0.1224 | PART:0.0408 | PRON:0.2041 | PROPN:0.0816 | PUNCT:0.1224 | SCONJ:0.0204 | VERB:0.0816,ADJ:0.0973 | ADP:0.0796 | ADV:0.1327 | AUX:0.0619 | CCONJ:0.0354 | DET:0.0354 | INTJ:0.0088 | NOUN:0.1504 | PART:0.0354 | PRON:0.1062 | PROPN:0.0088 | PUNCT:0.0973 | SCONJ:0.0442 | VERB:0.1062,49,113
ADJ:0.0755 | ADP:0.0943 | ADV:0.0755 | AUX:0.0755 | CCONJ:0.0189 | DET:0.0377 | NOUN:0.1132 | PART:0.0377 | PRON:0.1698 | PUNCT:0.1132 | SCONJ:0.0377 | SPACE:0.0189 | VERB:0.1321,ADJ:0.0625 | ADP:0.0750 | ADV:0.1625 | AUX:0.0500 | CCONJ:0.0875 | DET:0.0250 | NOUN:0.1875 | PART:0.0250 | PRON:0.1000 | PUNCT:0.1125 | SCONJ:0.0375 | VERB:0.0750,53,80
INTJ:0.5000 | PUNCT:0.5000,ADJ:0.0488 | ADP:0.0610 | ADV:0.1585 | AUX:0.0488 | CCONJ:0.0488 | DET:0.0244 | NOUN:0.1341 | PART:0.0488 | PRON:0.1463 | PUNCT:0.1098 | SCONJ:0.0366 | VERB:0.1341,2,82
ADV:0.3333 | CCONJ:0.1667 | PROPN:0.1667 | PUNCT:0.3333,ADJ:0.0556 | ADP:0.0873 | ADV:0.1587 | AUX:0.0556 | CCONJ:0.0556 | DET:0.0317 | NOUN:0.1905 | PART:0.0238 | PRON:0.0952 | PUNCT:0.1111 | SCONJ:0.0317 | VERB:0.1032,6,126
ADJ:0.0519 | ADP:0.0909 | ADV:0.1039 | AUX:0.0649 | CCONJ:0.0519 | DET:0.0260 | NOUN:0.1299 | PART:0.0390 | PRON:0.1948 | PROPN:0.0260 | PUNCT:0.0909 | SCONJ:0.0130 | SPACE:0.0130 | SYM:0.0130 | VERB:0.0909,ADJ:0.0781 | ADP:0.0547 | ADV:0.1875 | AUX:0.0703 | CCONJ:0.0547 | DET:0.0547 | NOUN:0.1562 | PART:0.0391 | PRON:0.0938 | PUNCT:0.1016 | SCONJ:0.0156 | VERB:0.0938,77,128
ADJ:0.0914 | ADP:0.1070 | ADV:0.0681 | AUX:0.0681 | CCONJ:0.0311 | DET:0.0409 | NOUN:0.2062 | NUM:0.0039 | PART:0.0175 | PRON:0.0914 | PROPN:0.0078 | PUNCT:0.1070 | SCONJ:0.0389 | SPACE:0.0195 | VERB:0.1012,ADJ:0.0588 | ADP:0.0588 | ADV:0.1569 | AUX:0.0490 | CCONJ:0.0588 | DET:0.0196 | NOUN:0.1765 | PART:0.0686 | PRON:0.0784 | PUNCT:0.1275 | SCONJ:0.0392 | VERB:0.1078,514,102
ADJ:0.0545 | ADP:0.1091 | ADV:0.0727 | AUX:0.0545 | CCONJ:0.0364 | DET:0.0545 | NOUN:0.1455 | NUM:0.0364 | PART:0.0182 | PRON:0.1273 | PUNCT:0.0909 | SCONJ:0.0182 | SPACE:0.0364 | SYM:0.0182 | VERB:0.1273,ADJ:0.0755 | ADP:0.0377 | ADV:0.1132 | AUX:0.0377 | CCONJ:0.0189 | DET:0.0377 | NOUN:0.1132 | PART:0.0377 | PRON:0.1321 | PUNCT:0.1509 | SCONJ:0.0566 | VERB:0.1887,55,53
ADV:0.1818 | DET:0.0909 | NOUN:0.1818 | NUM:0.0909 | PRON:0.0909 | PUNCT:0.0909 | SCONJ:0.0909 | VERB:0.1818,ADP:0.0600 | ADV:0.2600 | AUX:0.0200 | CCONJ:0.0200 | DET:0.0200 | NOUN:0.1200 | PART:0.0200 | PRON:0.1600 | PUNCT:0.1200 | SCONJ:0.0200 | VERB:0.1800,11,50
ADJ:0.1111 | ADP:0.0556 | ADV:0.2778 | AUX:0.0556 | CCONJ:0.0556 | DET:0.0556 | NOUN:0.0556 | PRON:0.1667 | PUNCT:0.0556 | VERB:0.1111,ADJ:0.0133 | ADP:0.1067 | ADV:0.0400 | AUX:0.0533 | CCONJ:0.0267 | NOUN:0.2400 | PART:0.0400 | PRON:0.0933 | PUNCT:0.1733 | SCONJ:0.0400 | VERB:0.1733,18,75
ADJ:0.0400 | ADP:0.0400 | ADV:0.0400 | AUX:0.0800 | DET:0.0400 | NOUN:0.0800 | PART:0.0800 | PRON:0.2400 | PUNCT:0.1200 | SCONJ:0.0400 | VERB:0.2000,ADJ:0.0290 | ADP:0.1014 | ADV:0.1159 | AUX:0.0290 | CCONJ:0.0290 | DET:0.0145 | NOUN:0.1594 | PART:0.0290 | PRON:0.0870 | PROPN:0.0435 | PUNCT:0.1884 | SCONJ:0.0145 | VERB:0.1594,25,69
ADJ:0.1538 | ADP:0.0385 | ADV:0.0769 | AUX:0.0769 | CCONJ:0.0385 | DET:0.0769 | NOUN:0.1923 | PART:0.0769 | PROPN:0.0385 | PUNCT:0.1538 | VERB:0.0769,ADJ:0.0408 | ADP:0.1327 | ADV:0.0714 | AUX:0.0510 | CCONJ:0.0408 | DET:0.0102 | INTJ:0.0102 | NOUN:0.1939 | PART:0.0408 | PRON:0.0714 | PROPN:0.0102 | PUNCT:0.1633 | SCONJ:0.0204 | VERB:0.1429,26,98
ADJ:0.0968 | ADP:0.0323 | ADV:0.1613 | AUX:0.0968 | CCONJ:0.0323 | NOUN:0.1290 | PART:0.0323 | PRON:0.1613 | PUNCT:0.0968 | SCONJ:0.0645 | VERB:0.0968,ADJ:0.0270 | ADP:0.0946 | ADV:0.0405 | AUX:0.0676 | CCONJ:0.0405 | DET:0.0135 | INTJ:0.0135 | NOUN:0.2297 | PART:0.0676 | PRON:0.0811 | PUNCT:0.1622 | SCONJ:0.0135 | VERB:0.1486,31,74
ADP:0.1429 | ADV:0.1429 | AUX:0.1429 | NOUN:0.1429 | PUNCT:0.2857 | VERB:0.1429,ADJ:0.0515 | ADP:0.0619 | ADV:0.1031 | AUX:0.0412 | CCONJ:0.0309 | DET:0.0103 | NOUN:0.1546 | PART:0.1031 | PRON:0.0515 | PROPN:0.0309 | PUNCT:0.1753 | SCONJ:0.0206 | VERB:0.1649,7,97
ADJ:0.1429 | ADV:0.2857 | CCONJ:0.1429 | PRON:0.1429 | PUNCT:0.0714 | SPACE:0.0714 | VERB:0.1429,ADJ:0.0200 | ADP:0.1400 | ADV:0.0800 | AUX:0.0400 | CCONJ:0.0100 | DET:0.0200 | INTJ:0.0100 | NOUN:0.1800 | PART:0.0900 | PRON:0.0500 | PUNCT:0.1700 | SCONJ:0.0300 | VERB:0.1600,14,100
ADJ:0.0857 | ADP:0.1143 | ADV:0.0571 | AUX:0.0286 | CCONJ:0.0286 | DET:0.0571 | NOUN:0.1714 | PRON:0.1714 | PUNCT:0.1143 | SCONJ:0.0286 | VERB:0.1429,ADJ:0.0706 | ADP:0.0824 | ADV:0.0941 | AUX:0.0471 | CCONJ:0.0353 | DET:0.0353 | NOUN:0.1882 | PART:0.0824 | PRON:0.0588 | PROPN:0.0118 | PUNCT:0.1176 | SCONJ:0.0118 | VERB:0.1647,35,85
NOUN:1.0000,ADJ:0.0580 | ADP:0.0870 | ADV:0.1014 | AUX:0.0870 | CCONJ:0.0290 | INTJ:0.0145 | NOUN:0.1594 | PART:0.0725 | PRON:0.0870 | PUNCT:0.1449 | SCONJ:0.0145 | VERB:0.1449,1,69
ADJ:0.0909 | ADP:0.0909 | AUX:0.0909 | DET:0.0909 | INTJ:0.0909 | NOUN:0.2727 | PART:0.0909 | PRON:0.0909 | SPACE:0.0909,ADJ:0.0505 | ADP:0.1010 | ADV:0.0606 | AUX:0.0707 | CCONJ:0.0101 | DET:0.0404 | NOUN:0.1818 | PART:0.0606 | PRON:0.0707 | PROPN:0.0202 | PUNCT:0.1616 | SCONJ:0.0303 | VERB:0.1414,11,99
ADV:0.6667 | PROPN:0.3333,ADJ:0.0455 | ADP:0.0758 | ADV:0.1212 | AUX:0.0758 | CCONJ:0.0303 | INTJ:0.0152 | NOUN:0.1515 | PART:0.0758 | PRON:0.0606 | PUNCT:0.1515 | SCONJ:0.0303 | VERB:0.1667,3,66
ADJ:0.1111 | ADP:0.1111 | ADV:0.1111 | AUX:0.1111 | NOUN:0.0741 | PART:0.0741 | PRON:0.1111 | SCONJ:0.0741 | SPACE:0.0370 | VERB:0.1852,ADJ:0.1026 | ADP:0.0897 | ADV:0.1410 | AUX:0.1026 | CCONJ:0.0256 | DET:0.0256 | INTJ:0.0128 | NOUN:0.1282 | PRON:0.1026 | PUNCT:0.1282 | SCONJ:0.0256 | VERB:0.1154,27,78
ADJ:0.0741 | ADP:0.0556 | ADV:0.1296 | AUX:0.0185 | CCONJ:0.0185 | DET:0.0370 | INTJ:0.0185 | NOUN:0.1852 | PRON:0.0926 | PROPN:0.0370 | PUNCT:0.1852 | SPACE:0.0370 | VERB:0.1111,ADJ:0.0862 | ADP:0.0345 | ADV:0.1552 | AUX:0.0862 | DET:0.0690 | INTJ:0.0172 | NOUN:0.0862 | PART:0.0172 | PRON:0.0862 | PROPN:0.0517 | PUNCT:0.1207 | SCONJ:0.0690 | VERB:0.1207,54,58
ADJ:0.0769 | ADP:0.1538 | ADV:0.0769 | AUX:0.0769 | DET:0.0769 | INTJ:0.0769 | NOUN:0.2308 | PRON:0.0769 | PROPN:0.0769 | SCONJ:0.0769,ADJ:0.0909 | ADP:0.0390 | ADV:0.1558 | AUX:0.0779 | CCONJ:0.0390 | DET:0.0260 | INTJ:0.0130 | NOUN:0.1299 | PRON:0.1039 | PROPN:0.0260 | PUNCT:0.1429 | SCONJ:0.0260 | VERB:0.1299,13,77
ADJ:0.0714 | ADP:0.0357 | ADV:0.1964 | AUX:0.0536 | DET:0.0357 | INTJ:0.0179 | NOUN:0.1071 | PART:0.0179 | PRON:0.0714 | PROPN:0.0893 | PUNCT:0.2143 | SPACE:0.0536 | VERB:0.0357,ADJ:0.1077 | ADP:0.0923 | ADV:0.1538 | AUX:0.0769 | DET:0.0308 | INTJ:0.0154 | NOUN:0.1077 | PART:0.0154 | PRON:0.1231 | PROPN:0.0154 | PUNCT:0.1231 | SCONJ:0.0308 | VERB:0.1077,56,65
ADJ:0.1333 | ADP:0.0667 | ADV:0.2667 | CCONJ:0.0667 | NOUN:0.1333 | PRON:0.0667 | PROPN:0.0667 | PUNCT:0.0667 | SPACE:0.0667 | VERB:0.0667,ADJ:0.1127 | ADP:0.0563 | ADV:0.1549 | AUX:0.0845 | CCONJ:0.0282 | DET:0.0563 | INTJ:0.0141 | NOUN:0.0986 | PART:0.0141 | PRON:0.1127 | PROPN:0.0141 | PUNCT:0.1268 | SCONJ:0.0141 | VERB:0.1127,15,71
ADJ:0.0667 | ADP:0.0667 | ADV:0.1556 | AUX:0.0222 | CCONJ:0.0667 | DET:0.0222 | NOUN:0.1111 | PRON:0.1333 | PUNCT:0.1556 | SCONJ:0.0222 | SPACE:0.0222 | VERB:0.1556,ADJ:0.1266 | ADP:0.0759 | ADV:0.0759 | AUX:0.0886 | CCONJ:0.0506 | DET:0.0380 | INTJ:0.0127 | NOUN:0.1013 | PART:0.0127 | PRON:0.1266 | PROPN:0.0253 | PUNCT:0.1013 | SCONJ:0.0506 | VERB:0.1139,45,79
ADJ:0.0588 | ADP:0.0882 | ADV:0.1176 | AUX:0.0294 | CCONJ:0.0294 | NOUN:0.1765 | NUM:0.0294 | PART:0.0294 | PRON:0.1176 | PROPN:0.0294 | PUNCT:0.1471 | SCONJ:0.0294 | SPACE:0.0294 | VERB:0.0882,ADJ:0.1364 | ADP:0.0909 | ADV:0.0606 | AUX:0.0909 | CCONJ:0.0303 | DET:0.0455 | INTJ:0.0152 | NOUN:0.1364 | PART:0.0152 | PRON:0.1212 | PUNCT:0.1061 | SCONJ:0.0152 | VERB:0.1364,34,66
ADJ:0.0294 | ADP:0.0882 | ADV:0.0882 | AUX:0.0735 | CCONJ:0.0882 | DET:0.0147 | NOUN:0.1176 | PART:0.0588 | PRON:0.1765 | PUNCT:0.0588 | SCONJ:0.0294 | SPACE:0.0441 | VERB:0.1324,ADJ:0.0976 | ADP:0.0488 | ADV:0.1585 | AUX:0.0976 | CCONJ:0.0244 | DET:0.0122 | INTJ:0.0122 | NOUN:0.0732 | PRON:0.1220 | PROPN:0.0610 | PUNCT:0.1098 | SCONJ:0.0610 | VERB:0.1220,68,82
ADP:0.0811 | ADV:0.1622 | AUX:0.0811 | CCONJ:0.0541 | DET:0.0270 | NOUN:0.1081 | PRON:0.1622 | PUNCT:0.0811 | SCONJ:0.0541 | SPACE:0.0270 | VERB:0.1622,ADJ:0.1000 | ADP:0.0889 | ADV:0.1000 | AUX:0.0778 | CCONJ:0.0222 | DET:0.0333 | INTJ:0.0222 | NOUN:0.1222 | PART:0.0111 | PRON:0.1111 | PROPN:0.0333 | PUNCT:0.1333 | SCONJ:0.0222 | VERB:0.1222,37,90
ADP:0.0625 | ADV:0.0625 | AUX:0.0625 | CCONJ:0.0625 | DET:0.0625 | INTJ:0.0625 | NOUN:0.1875 | PRON:0.0625 | PROPN:0.0625 | PUNCT:0.0625 | SPACE:0.1250 | VERB:0.1250,ADJ:0.0984 | ADP:0.0820 | ADV:0.0984 | AUX:0.0656 | CCONJ:0.0164 | DET:0.0492 | INTJ:0.0328 | NOUN:0.1148 | PRON:0.0984 | PROPN:0.0328 | PUNCT:0.1475 | SCONJ:0.0328 | VERB:0.1311,16,61
ADJ:0.0725 | ADP:0.1014 | ADV:0.0942 | AUX:0.0507 | CCONJ:0.0435 | DET:0.0580 | NOUN:0.1739 | PART:0.0145 | PRON:0.1304 | PUNCT:0.1014 | SCONJ:0.0145 | SYM:0.0072 | VERB:0.1377,ADJ:0.0543 | ADP:0.1087 | ADV:0.1304 | AUX:0.0652 | CCONJ:0.0543 | DET:0.0109 | NOUN:0.1522 | PART:0.0435 | PRON:0.1304 | PUNCT:0.0978 | SCONJ:0.0109 | VERB:0.1413,138,92
ADJ:0.0638 | ADP:0.1383 | ADV:0.0957 | AUX:0.0319 | CCONJ:0.0319 | DET:0.0213 | INTJ:0.0106 | NOUN:0.1915 | PART:0.0638 | PRON:0.0957 | PUNCT:0.1277 | SCONJ:0.0106 | SPACE:0.0213 | VERB:0.0957,ADJ:0.0879 | ADP:0.0659 | ADV:0.1319 | AUX:0.0549 | CCONJ:0.0659 | DET:0.0330 | NOUN:0.1868 | PART:0.0440 | PRON:0.0989 | PUNCT:0.0989 | SCONJ:0.0330 | VERB:0.0989,94,91
ADJ:0.0667 | ADP:0.1000 | ADV:0.1333 | AUX:0.0333 | CCONJ:0.0333 | NOUN:0.2333 | PART:0.0667 | PRON:0.0667 | PUNCT:0.0667 | VERB:0.2000,ADJ:0.0741 | ADP:0.0463 | ADV:0.1111 | AUX:0.0833 | CCONJ:0.0463 | DET:0.0370 | NOUN:0.1852 | PART:0.0278 | PRON:0.1389 | PROPN:0.0093 | PUNCT:0.0926 | SCONJ:0.0370 | VERB:0.1111,30,108
ADJ:0.0769 | ADP:0.0513 | ADV:0.0769 | AUX:0.0769 | CCONJ:0.1026 | DET:0.0513 | NOUN:0.2051 | PART:0.0256 | PRON:0.1026 | PUNCT:0.0513 | SCONJ:0.0513 | VERB:0.1282,ADJ:0.0543 | ADP:0.0761 | ADV:0.0978 | AUX:0.0543 | CCONJ:0.0435 | DET:0.0217 | NOUN:0.1957 | PART:0.0435 | PRON:0.1304 | PUNCT:0.0978 | SCONJ:0.0326 | VERB:0.1522,39,92
ADP:0.1667 | ADV:0.0833 | AUX:0.0833 | DET:0.0833 | INTJ:0.0833 | NOUN:0.0833 | PRON:0.0833 | PUNCT:0.1667 | VERB:0.1667,ADJ:0.0849 | ADP:0.0566 | ADV:0.1604 | AUX:0.0849 | CCONJ:0.0566 | DET:0.0283 | NOUN:0.1509 | PART:0.0189 | PRON:0.1132 | PROPN:0.0094 | PUNCT:0.1038 | SCONJ:0.0377 | VERB:0.0943,12,106
ADJ:0.0840 | ADP:0.1092 | ADV:0.0420 | AUX:0.0672 | CCONJ:0.0504 | DET:0.0588 | NOUN:0.2017 | NUM:0.0084 | PART:0.0168 | PRON:0.1092 | PUNCT:0.0924 | SCONJ:0.0084 | SPACE:0.0420 | VERB:0.1092,ADJ:0.0879 | ADP:0.0769 | ADV:0.1319 | AUX:0.0659 | CCONJ:0.0549 | DET:0.0440 | NOUN:0.1978 | PART:0.0549 | PRON:0.0769 | PUNCT:0.0989 | VERB:0.1099,119,91
ADJ:0.0455 | ADP:0.0909 | ADV:0.0682 | AUX:0.0682 | CCONJ:0.0227 | DET:0.1136 | NOUN:0.0909 | PART:0.0682 | PRON:0.1591 | PUNCT:0.1136 | SCONJ:0.0455 | VERB:0.1136,ADJ:0.0476 | ADP:0.0857 | ADV:0.0952 | AUX:0.0476 | CCONJ:0.0571 | DET:0.0476 | NOUN:0.2000 | PART:0.0286 | PRON:0.1238 | PUNCT:0.0952 | SCONJ:0.0286 | VERB:0.1429,44,105
ADJ:0.0896 | ADP:0.0597 | ADV:0.1343 | AUX:0.0746 | CCONJ:0.0448 | DET:0.0448 | INTJ:0.0149 | NOUN:0.1343 | NUM:0.0149 | PART:0.0149 | PRON:0.1493 | PUNCT:0.1045 | SCONJ:0.0299 | SPACE:0.0149 | VERB:0.0746,ADJ:0.0978 | ADP:0.0761 | ADV:0.1087 | AUX:0.0652 | CCONJ:0.0543 | DET:0.0109 | NOUN:0.2065 | PART:0.0435 | PRON:0.1087 | PUNCT:0.0870 | SCONJ:0.0109 | VERB:0.1304,67,92
ADJ:0.0656 | ADP:0.0656 | ADV:0.0656 | AUX:0.0656 | CCONJ:0.0984 | DET:0.0492 | NOUN:0.2131 | PART:0.0328 | PRON:0.1311 | PUNCT:0.0492 | SCONJ:0.0164 | SPACE:0.0164 | VERB:0.1311,ADJ:0.0748 | ADP:0.0935 | ADV:0.0935 | AUX:0.0654 | CCONJ:0.0280 | DET:0.0374 | NOUN:0.2056 | PART:0.0374 | PRON:0.1121 | PUNCT:0.1028 | SCONJ:0.0093 | VERB:0.1402,61,107
ADJ:0.0550 | ADP:0.1101 | ADV:0.1284 | AUX:0.0826 | CCONJ:0.0183 | DET:0.0275 | NOUN:0.2018 | PART:0.0367 | PRON:0.1009 | PROPN:0.0183 | PUNCT:0.0826 | SCONJ:0.0183 | SPACE:0.0275 | VERB:0.0917,ADJ:0.0390 | ADP:0.1039 | ADV:0.1039 | AUX:0.0909 | CCONJ:0.0649 | DET:0.0390 | NOUN:0.2468 | PART:0.0519 | PRON:0.0519 | PUNCT:0.1039 | SCONJ:0.0260 | VERB:0.0779,109,77
ADJ:0.0200 | ADP:0.0600 | ADV:0.1600 | AUX:0.1000 | CCONJ:0.0400 | NOUN:0.1000 | PART:0.0600 | PRON:0.1800 | PUNCT:0.0800 | SCONJ:0.0200 | SPACE:0.0200 | VERB:0.1600,ADJ:0.0714 | ADP:0.0510 | ADV:0.1531 | AUX:0.0510 | CCONJ:0.0306 | DET:0.0204 | NOUN:0.1531 | NUM:0.0102 | PART:0.0510 | PRON:0.1224 | PROPN:0.0102 | PUNCT:0.0918 | SCONJ:0.0510 | VERB:0.1327,50,98
ADJ:0.1000 | ADV:0.2000 | AUX:0.1000 | PRON:0.1000 | PROPN:0.1000 | PUNCT:0.2000 | SCONJ:0.1000 | VERB:0.1000,ADJ:0.1089 | ADP:0.0693 | ADV:0.0990 | AUX:0.0891 | CCONJ:0.0396 | DET:0.0297 | INTJ:0.0099 | NOUN:0.1089 | PART:0.0495 | PRON:0.1386 | PUNCT:0.0891 | SCONJ:0.0396 | VERB:0.1287,10,101
ADJ:0.0833 | ADV:0.1667 | NOUN:0.1667 | PRON:0.0833 | PUNCT:0.2500 | SPACE:0.1667 | VERB:0.0833,ADJ:0.0900 | ADP:0.0700 | ADV:0.0900 | AUX:0.0700 | CCONJ:0.0500 | DET:0.0200 | INTJ:0.0100 | NOUN:0.1100 | PART:0.0100 | PRON:0.2100 | PUNCT:0.1100 | SCONJ:0.0300 | VERB:0.1300,12,100
ADJ:0.0769 | ADV:0.2308 | AUX:0.0385 | CCONJ:0.0385 | NOUN:0.1538 | PART:0.0769 | PRON:0.1154 | PUNCT:0.1538 | VERB:0.1154,ADJ:0.1031 | ADP:0.0412 | ADV:0.1237 | AUX:0.0928 | CCONJ:0.0722 | DET:0.0206 | NOUN:0.1031 | PRON:0.1753 | PROPN:0.0103 | PUNCT:0.1134 | SCONJ:0.0309 | VERB:0.1134,26,97
ADP:0.0513 | ADV:0.0513 | AUX:0.0256 | CCONJ:0.0256 | DET:0.0256 | NOUN:0.1026 | PART:0.0256 | PRON:0.2308 | PROPN:0.0256 | PUNCT:0.1538 | SCONJ:0.0769 | SPACE:0.0513 | VERB:0.1538,ADJ:0.0930 | ADP:0.0349 | ADV:0.1395 | AUX:0.0581 | CCONJ:0.0233 | DET:0.0581 | INTJ:0.0116 | NOUN:0.1395 | PART:0.0116 | PRON:0.1628 | PUNCT:0.1047 | SCONJ:0.0465 | VERB:0.1163,39,86
ADJ:0.0476 | ADP:0.0952 | ADV:0.2381 | CCONJ:0.0476 | DET:0.0476 | NOUN:0.1905 | NUM:0.0476 | PUNCT:0.1429 | VERB:0.1429,ADJ:0.0745 | ADP:0.0745 | ADV:0.1064 | AUX:0.1064 | CCONJ:0.0319 | DET:0.0426 | INTJ:0.0106 | NOUN:0.1383 | PART:0.0106 | PRON:0.1383 | PUNCT:0.1064 | SCONJ:0.0532 | VERB:0.1064,21,94
ADJ:0.0833 | ADV:0.1944 | AUX:0.0278 | DET:0.0278 | NOUN:0.1944 | PART:0.0278 | PRON:0.1667 | PROPN:0.0278 | PUNCT:0.1111 | SCONJ:0.0278 | VERB:0.1111,ADJ:0.0727 | ADP:0.0636 | ADV:0.1273 | AUX:0.0909 | CCONJ:0.0273 | DET:0.0455 | INTJ:0.0091 | NOUN:0.1545 | PART:0.0273 | PRON:0.1273 | PROPN:0.0091 | PUNCT:0.1000 | SCONJ:0.0364 | VERB:0.1091,36,110
ADJ:0.0238 | ADP:0.0476 | ADV:0.1905 | AUX:0.0238 | CCONJ:0.0238 | DET:0.0238 | NOUN:0.1667 | PART:0.0476 | PRON:0.1429 | PUNCT:0.0714 | SCONJ:0.0714 | SPACE:0.0238 | VERB:0.1429,ADJ:0.0577 | ADP:0.0673 | ADV:0.1346 | AUX:0.0577 | CCONJ:0.0385 | DET:0.0192 | INTJ:0.0096 | NOUN:0.1346 | PART:0.0385 | PRON:0.1442 | PUNCT:0.0865 | SCONJ:0.0673 | VERB:0.1442,42,104
ADP:0.1500 | ADV:0.2000 | NOUN:0.0500 | PART:0.0500 | PRON:0.2000 | PUNCT:0.1000 | SCONJ:0.0500 | SPACE:0.0500 | VERB:0.1500,ADJ:0.0755 | ADP:0.0943 | ADV:0.1132 | AUX:0.0849 | CCONJ:0.0566 | DET:0.0283 | INTJ:0.0094 | NOUN:0.1509 | PART:0.0189 | PRON:0.1226 | PUNCT:0.1038 | SCONJ:0.0377 | VERB:0.1038,20,106
ADJ:0.0526 | ADP:0.0526 | ADV:0.2105 | AUX:0.1053 | CCONJ:0.0526 | NOUN:0.1053 | PART:0.0526 | PRON:0.1579 | PUNCT:0.0526 | VERB:0.1579,ADJ:0.1087 | ADP:0.0652 | ADV:0.0870 | AUX:0.0652 | CCONJ:0.0217 | DET:0.0326 | INTJ:0.0109 | NOUN:0.1304 | PART:0.0109 | PRON:0.1522 | PUNCT:0.1196 | SCONJ:0.0543 | VERB:0.1413,19,92
ADJ:0.0435 | ADV:0.1739 | AUX:0.0870 | CCONJ:0.0870 | DET:0.1304 | NOUN:0.0870 | PRON:0.0870 | PUNCT:0.0870 | SPACE:0.0435 | VERB:0.1739,ADJ:0.0625 | ADP:0.0417 | ADV:0.1458 | AUX:0.0625 | CCONJ:0.0312 | DET:0.0417 | INTJ:0.0104 | NOUN:0.1146 | PART:0.0208 | PRON:0.1667 | PUNCT:0.1146 | SCONJ:0.0521 | VERB:0.1354,23,96
ADJ:0.1429 | ADP:0.0857 | ADV:0.0571 | DET:0.0571 | INTJ:0.0286 | NOUN:0.2286 | PRON:0.0857 | PUNCT:0.1429 | SCONJ:0.0286 | VERB:0.1429,ADJ:0.1188 | ADP:0.0693 | ADV:0.0891 | AUX:0.0693 | CCONJ:0.0396 | DET:0.0396 | NOUN:0.1188 | PART:0.0099 | PRON:0.1584 | PUNCT:0.1188 | SCONJ:0.0297 | VERB:0.1386,35,101
ADJ:0.0833 | ADP:0.0417 | ADV:0.0833 | AUX:0.0625 | CCONJ:0.0625 | DET:0.0208 | NOUN:0.1042 | NUM:0.0208 | PART:0.0417 | PRON:0.0833 | PROPN:0.0208 | PUNCT:0.0833 | SPACE:0.1667 | VERB:0.1250,ADJ:0.0833 | ADP:0.1190 | ADV:0.1071 | AUX:0.1190 | CCONJ:0.0476 | DET:0.0238 | INTJ:0.0119 | NOUN:0.0952 | PART:0.0357 | PRON:0.1429 | PUNCT:0.1071 | SCONJ:0.0238 | VERB:0.0833,48,84
ADJ:0.0700 | ADP:0.0900 | ADV:0.0700 | AUX:0.0600 | CCONJ:0.0400 | DET:0.0500 | NOUN:0.1500 | PART:0.0200 | PRON:0.1600 | PROPN:0.0200 | PUNCT:0.0700 | SCONJ:0.0400 | SPACE:0.0100 | SYM:0.0100 | VERB:0.1400,ADJ:0.0862 | ADP:0.0690 | ADV:0.1552 | AUX:0.0345 | CCONJ:0.0259 | DET:0.0345 | INTJ:0.0086 | NOUN:0.1121 | PART:0.0086 | PRON:0.1638 | PUNCT:0.1207 | SCONJ:0.0431 | VERB:0.1379,100,116
ADJ:0.1765 | ADP:0.0588 | ADV:0.0588 | AUX:0.0588 | NOUN:0.1176 | PART:0.0588 | PRON:0.1765 | PUNCT:0.1176 | SPACE:0.0588 | VERB:0.1176,ADJ:0.0631 | ADP:0.0541 | ADV:0.1261 | AUX:0.0541 | CCONJ:0.0450 | DET:0.0450 | NOUN:0.1802 | PART:0.0180 | PRON:0.1532 | PUNCT:0.0811 | SCONJ:0.0360 | VERB:0.1441,17,111
ADJ:0.0556 | ADP:0.0444 | ADV:0.1000 | AUX:0.0778 | CCONJ:0.0222 | DET:0.0667 | NOUN:0.1222 | NUM:0.0222 | PART:0.0111 | PRON:0.1444 | PROPN:0.0111 | PUNCT:0.0889 | SCONJ:0.0444 | SPACE:0.0778 | VERB:0.1111,ADJ:0.0769 | ADP:0.0440 | ADV:0.0879 | AUX:0.0769 | CCONJ:0.0330 | DET:0.0330 | INTJ:0.0220 | NOUN:0.1099 | PART:0.0549 | PRON:0.1538 | PROPN:0.0110 | PUNCT:0.1209 | SCONJ:0.0440 | VERB:0.1319,90,91
NOUN:0.5000 | PUNCT:0.5000,ADJ:0.1098 | ADP:0.0854 | ADV:0.0732 | AUX:0.0366 | CCONJ:0.0488 | DET:0.0122 | INTJ:0.0244 | NOUN:0.1220 | PART:0.0366 | PRON:0.1463 | PROPN:0.0122 | PUNCT:0.1098 | SCONJ:0.0732 | VERB:0.1098,2,82
ADJ:0.0333 | ADP:0.0500 | ADV:0.2333 | AUX:0.0667 | CCONJ:0.0500 | DET:0.0167 | NOUN:0.0833 | PART:0.0333 | PRON:0.1000 | PUNCT:0.1333 | SCONJ:0.0167 | SPACE:0.0667 | VERB:0.1167,ADJ:0.0762 | ADP:0.0857 | ADV:0.0857 | AUX:0.0667 | CCONJ:0.0476 | DET:0.0381 | INTJ:0.0095 | NOUN:0.1714 | PART:0.0190 | PRON:0.1524 | PUNCT:0.1048 | SCONJ:0.0381 | VERB:0.1048,60,105
ADP:0.1364 | ADV:0.1364 | AUX:0.0455 | NOUN:0.2273 | PRON:0.1818 | PUNCT:0.0455 | SCONJ:0.0455 | VERB:0.1818,ADJ:0.1048 | ADP:0.0571 | ADV:0.1143 | AUX:0.0667 | CCONJ:0.0286 | DET:0.0190 | INTJ:0.0095 | NOUN:0.0952 | PART:0.0571 | PRON:0.1619 | PROPN:0.0095 | PUNCT:0.1238 | SCONJ:0.0571 | VERB:0.0952,22,105
ADJ:0.0741 | ADP:0.0648 | ADV:0.1019 | AUX:0.0370 | CCONJ:0.0185 | DET:0.0741 | INTJ:0.0093 | NOUN:0.1481 | NUM:0.0185 | PART:0.0093 | PRON:0.1111 | PUNCT:0.1019 | SCONJ:0.0556 | SPACE:0.0370 | VERB:0.1389,ADJ:0.0889 | ADP:0.0222 | ADV:0.1889 | AUX:0.0667 | CCONJ:0.0667 | DET:0.0222 | INTJ:0.0111 | NOUN:0.1444 | PRON:0.1333 | PUNCT:0.1000 | SCONJ:0.0222 | VERB:0.1333,108,90
ADJ:0.0870 | ADP:0.0978 | ADV:0.0978 | AUX:0.0870 | CCONJ:0.0109 | DET:0.0326 | NOUN:0.1522 | PART:0.0217 | PRON:0.1196 | PUNCT:0.1413 | SCONJ:0.0217 | SPACE:0.0326 | VERB:0.0978,ADJ:0.0926 | ADP:0.0741 | ADV:0.0833 | AUX:0.0648 | CCONJ:0.0185 | DET:0.0556 | INTJ:0.0093 | NOUN:0.1019 | NUM:0.0093 | PART:0.0278 | PRON:0.1759 | PUNCT:0.0833 | SCONJ:0.0648 | VERB:0.1389,92,108
ADJ:0.0857 | ADV:0.0857 | AUX:0.0571 | CCONJ:0.0571 | DET:0.1143 | NOUN:0.0857 | PART:0.0571 | PRON:0.1429 | PROPN:0.0286 | PUNCT:0.1143 | SCONJ:0.0286 | VERB:0.1429,ADJ:0.0784 | ADP:0.0686 | ADV:0.0784 | AUX:0.0784 | CCONJ:0.0392 | DET:0.0588 | INTJ:0.0098 | NOUN:0.1667 | PART:0.0098 | PRON:0.1373 | PUNCT:0.1078 | SCONJ:0.0490 | VERB:0.1176,35,102
ADJ:0.2727 | NOUN:0.0909 | PRON:0.2727 | PUNCT:0.0909 | SCONJ:0.0909 | VERB:0.1818,ADJ:0.1146 | ADP:0.0208 | ADV:0.0938 | AUX:0.0729 | CCONJ:0.0417 | DET:0.0417 | INTJ:0.0208 | NOUN:0.1354 | PART:0.0104 | PRON:0.1875 | PUNCT:0.1042 | SCONJ:0.0417 | VERB:0.1146,11,96
ADJ:0.1167 | ADP:0.0833 | ADV:0.1500 | AUX:0.0500 | CCONJ:0.0500 | DET:0.0667 | NOUN:0.0667 | NUM:0.0167 | PART:0.0167 | PRON:0.1000 | PUNCT:0.1167 | SCONJ:0.0333 | SPACE:0.0167 | VERB:0.1167,ADJ:0.1379 | ADP:0.0230 | ADV:0.1034 | AUX:0.0920 | CCONJ:0.0460 | DET:0.0345 | INTJ:0.0115 | NOUN:0.1379 | PART:0.0230 | PRON:0.1149 | PUNCT:0.1034 | SCONJ:0.0575 | VERB:0.1149,60,87
ADJ:0.1103 | ADP:0.0588 | ADV:0.1029 | AUX:0.0515 | CCONJ:0.0294 | DET:0.0441 | NOUN:0.0956 | NUM:0.0074 | PART:0.0515 | PRON:0.1397 | PUNCT:0.1029 | SCONJ:0.0368 | SPACE:0.0074 | VERB:0.1618,ADJ:0.0991 | ADP:0.0541 | ADV:0.0991 | AUX:0.0901 | CCONJ:0.0360 | DET:0.0270 | NOUN:0.0991 | PART:0.0270 | PRON:0.1712 | PUNCT:0.1081 | SCONJ:0.0631 | VERB:0.1261,136,111
ADJ:0.0645 | ADP:0.0645 | ADV:0.1935 | AUX:0.0323 | NOUN:0.0968 | PART:0.0323 | PRON:0.0968 | PUNCT:0.0968 | SCONJ:0.0645 | SPACE:0.0645 | VERB:0.1935,ADJ:0.0921 | ADP:0.0526 | ADV:0.1316 | AUX:0.1053 | CCONJ:0.0395 | DET:0.0132 | INTJ:0.0132 | NOUN:0.1184 | PART:0.0395 | PRON:0.1447 | PUNCT:0.1053 | SCONJ:0.0395 | VERB:0.1053,31,76
ADJ:0.0698 | ADP:0.0814 | ADV:0.1279 | AUX:0.0581 | CCONJ:0.0233 | DET:0.0349 | NOUN:0.1512 | PART:0.0349 | PRON:0.1512 | PROPN:0.0116 | PUNCT:0.0581 | SCONJ:0.0349 | SPACE:0.0233 | VERB:0.1395,ADJ:0.0889 | ADP:0.0556 | ADV:0.1444 | AUX:0.0889 | CCONJ:0.0333 | DET:0.0556 | INTJ:0.0111 | NOUN:0.1333 | PART:0.0111 | PRON:0.1222 | PUNCT:0.1111 | SCONJ:0.0222 | VERB:0.1222,86,90
ADV:0.0667 | CCONJ:0.0667 | INTJ:0.0667 | PRON:0.2667 | PROPN:0.0667 | PUNCT:0.2667 | SCONJ:0.0667 | VERB:0.1333,ADJ:0.1101 | ADP:0.0459 | ADV:0.0826 | AUX:0.0642 | CCONJ:0.0275 | DET:0.0275 | INTJ:0.0092 | NOUN:0.1651 | PART:0.0183 | PRON:0.1468 | PUNCT:0.1284 | SCONJ:0.0550 | VERB:0.1193,15,109
ADJ:0.1111 | ADP:0.0556 | ADV:0.2222 | DET:0.0556 | NOUN:0.1667 | PART:0.0556 | PRON:0.0556 | PUNCT:0.2222 | VERB:0.0556,ADJ:0.0968 | ADP:0.0430 | ADV:0.1075 | AUX:0.0430 | CCONJ:0.0323 | DET:0.0430 | INTJ:0.0215 | NOUN:0.1720 | PRON:0.1398 | PUNCT:0.1290 | SCONJ:0.0645 | VERB:0.1075,18,93
ADJ:0.2500 | DET:0.1250 | NOUN:0.2500 | PUNCT:0.1250 | SPACE:0.1250 | VERB:0.1250,ADJ:0.0658 | ADP:0.1184 | ADV:0.0921 | AUX:0.0395 | CCONJ:0.0132 | DET:0.0395 | INTJ:0.0132 | NOUN:0.1184 | PART:0.0395 | PRON:0.0789 | PROPN:0.0658 | PUNCT:0.1974 | SCONJ:0.0132 | VERB:0.1053,8,76
ADP:0.2500 | NOUN:0.5000 | PUNCT:0.2500,ADJ:0.0645 | ADP:0.1129 | ADV:0.0645 | AUX:0.0323 | CCONJ:0.0645 | DET:0.0323 | INTJ:0.0161 | NOUN:0.2097 | PART:0.0161 | PRON:0.0484 | PROPN:0.0806 | PUNCT:0.1613 | SCONJ:0.0161 | VERB:0.0806,4,62
ADJ:0.0328 | ADP:0.0820 | ADV:0.0820 | AUX:0.0656 | CCONJ:0.0328 | DET:0.0164 | NOUN:0.1639 | PART:0.0328 | PRON:0.1148 | PUNCT:0.1148 | SCONJ:0.0164 | SPACE:0.1311 | VERB:0.1148,ADJ:0.0875 | ADP:0.0875 | ADV:0.1750 | AUX:0.0125 | CCONJ:0.0375 | DET:0.0375 | INTJ:0.0125 | NOUN:0.1500 | PRON:0.0750 | PROPN:0.0500 | PUNCT:0.1625 | SCONJ:0.0125 | VERB:0.1000,61,80
ADJ:0.2000 | ADP:0.1000 | ADV:0.1000 | AUX:0.0333 | CCONJ:0.0333 | DET:0.0333 | NOUN:0.3000 | PRON:0.0667 | PUNCT:0.0667 | SCONJ:0.0333 | VERB:0.0333,ADJ:0.0471 | ADP:0.0941 | ADV:0.0588 | AUX:0.0235 | CCONJ:0.0706 | DET:0.0235 | INTJ:0.0118 | NOUN:0.0824 | PART:0.0353 | PRON:0.1294 | PROPN:0.0706 | PUNCT:0.1529 | SCONJ:0.0118 | VERB:0.1882,30,85
ADJ:0.1163 | ADP:0.1860 | ADV:0.1628 | DET:0.0233 | NOUN:0.1395 | PART:0.0465 | PRON:0.0698 | PROPN:0.0465 | PUNCT:0.0930 | VERB:0.1163,ADJ:0.1304 | ADP:0.1014 | ADV:0.1014 | AUX:0.0435 | CCONJ:0.0435 | DET:0.0435 | NOUN:0.1304 | PRON:0.0580 | PROPN:0.0725 | PUNCT:0.1594 | SCONJ:0.0145 | SYM:0.0145 | VERB:0.0870,43,69
ADP:0.0667 | ADV:0.0667 | CCONJ:0.1333 | DET:0.0667 | NOUN:0.1333 | PRON:0.0667 | PROPN:0.0667 | PUNCT:0.0667 | SCONJ:0.1333 | VERB:0.2000,ADJ:0.0548 | ADP:0.1233 | ADV:0.0959 | AUX:0.0274 | CCONJ:0.0137 | DET:0.0274 | INTJ:0.0137 | NOUN:0.2192 | PRON:0.0822 | PROPN:0.0411 | PUNCT:0.1781 | SCONJ:0.0137 | VERB:0.1096,15,73
ADJ:0.0833 | ADP:0.0833 | ADV:0.1458 | AUX:0.1042 | CCONJ:0.0208 | DET:0.0208 | NOUN:0.1458 | NUM:0.0208 | PART:0.0625 | PRON:0.1042 | PROPN:0.0625 | PUNCT:0.0417 | VERB:0.1042,ADJ:0.1299 | ADP:0.0909 | ADV:0.0909 | AUX:0.0260 | CCONJ:0.0260 | DET:0.0390 | INTJ:0.0130 | NOUN:0.1688 | PART:0.0130 | PRON:0.0779 | PROPN:0.0390 | PUNCT:0.1818 | SCONJ:0.0130 | VERB:0.0909,48,77
ADJ:0.0556 | ADP:0.1111 | ADV:0.1667 | AUX:0.1111 | NOUN:0.1667 | PRON:0.0556 | PROPN:0.1667 | PUNCT:0.0556 | SCONJ:0.0556 | SPACE:0.0556,ADJ:0.1031 | ADP:0.0412 | ADV:0.1134 | AUX:0.0515 | CCONJ:0.0412 | DET:0.0412 | INTJ:0.0103 | NOUN:0.1443 | PART:0.0103 | PRON:0.1134 | PROPN:0.0206 | PUNCT:0.1443 | SCONJ:0.0206 | VERB:0.1443,18,97
ADJ:0.0600 | ADP:0.1200 | ADV:0.1000 | AUX:0.0600 | CCONJ:0.0400 | DET:0.0200 | NOUN:0.1400 | PART:0.0200 | PRON:0.1200 | PROPN:0.0200 | PUNCT:0.1200 | SCONJ:0.0200 | SPACE:0.0400 | VERB:0.1200,ADJ:0.0500 | ADP:0.0750 | ADV:0.1000 | AUX:0.0375 | CCONJ:0.0500 | DET:0.0500 | INTJ:0.0125 | NOUN:0.1375 | PART:0.0250 | PRON:0.1375 | PROPN:0.0625 | PUNCT:0.1000 | SCONJ:0.0125 | VERB:0.1500,50,80
ADJ:0.0667 | ADP:0.1111 | ADV:0.0222 | AUX:0.0444 | CCONJ:0.0444 | DET:0.0444 | INTJ:0.0222 | NOUN:0.2667 | NUM:0.0444 | PRON:0.0667 | PUNCT:0.1333 | SPACE:0.0444 | SYM:0.0222 | VERB:0.0667,ADJ:0.0769 | ADP:0.1282 | ADV:0.0513 | AUX:0.0256 | CCONJ:0.0641 | DET:0.0256 | INTJ:0.0128 | NOUN:0.1923 | PART:0.0256 | PRON:0.0769 | PROPN:0.0385 | PUNCT:0.1667 | SCONJ:0.0128 | VERB:0.1026,45,78
ADJ:0.0850 | ADP:0.1026 | ADV:0.1026 | AUX:0.0469 | CCONJ:0.0381 | DET:0.0323 | NOUN:0.1935 | NUM:0.0088 | PART:0.0117 | PRON:0.0792 | PROPN:0.0293 | PUNCT:0.1056 | SCONJ:0.0176 | SPACE:0.0381 | SYM:0.0117 | VERB:0.0968,ADJ:0.0548 | ADP:0.1096 | ADV:0.0411 | AUX:0.0137 | CCONJ:0.0411 | DET:0.0548 | INTJ:0.0137 | NOUN:0.1233 | NUM:0.0137 | PRON:0.0959 | PROPN:0.1233 | PUNCT:0.1644 | SCONJ:0.0274 | VERB:0.1233,341,73
ADJ:0.0769 | ADP:0.0769 | ADV:0.1538 | NOUN:0.2308 | PUNCT:0.0769 | SCONJ:0.1538 | VERB:0.2308,ADJ:0.1132 | ADP:0.0943 | ADV:0.0377 | AUX:0.0377 | CCONJ:0.0566 | DET:0.0377 | INTJ:0.0189 | NOUN:0.1509 | PRON:0.0755 | PROPN:0.0566 | PUNCT:0.1887 | SCONJ:0.0189 | VERB:0.1132,13,53
ADJ:0.0952 | ADP:0.0714 | ADV:0.1190 | AUX:0.0714 | DET:0.0238 | NOUN:0.0952 | PART:0.0714 | PRON:0.1429 | PROPN:0.0238 | PUNCT:0.0714 | SCONJ:0.0476 | VERB:0.1667,ADJ:0.1200 | ADP:0.0600 | ADV:0.0600 | AUX:0.1100 | CCONJ:0.0600 | DET:0.0400 | NOUN:0.1100 | PART:0.0800 | PRON:0.1500 | PUNCT:0.0900 | SCONJ:0.0100 | VERB:0.1100,42,100
ADJ:0.0270 | ADV:0.2162 | AUX:0.0811 | INTJ:0.0270 | NOUN:0.0541 | PART:0.0270 | PRON:0.1622 | PUNCT:0.1622 | SPACE:0.0270 | VERB:0.2162,ADJ:0.0964 | ADP:0.0964 | ADV:0.0482 | AUX:0.0723 | CCONJ:0.0361 | DET:0.0361 | NOUN:0.1325 | PART:0.0482 | PRON:0.1687 | PROPN:0.0241 | PUNCT:0.0723 | SCONJ:0.0482 | VERB:0.1205,37,83
AUX:0.1429 | NOUN:0.1429 | PRON:0.1429 | PROPN:0.2857 | PUNCT:0.2857,ADJ:0.0976 | ADP:0.0732 | ADV:0.0894 | AUX:0.0813 | CCONJ:0.0325 | DET:0.0325 | NOUN:0.0976 | PART:0.0732 | PRON:0.1463 | PUNCT:0.1138 | SCONJ:0.0325 | VERB:0.1301,7,123
ADJ:0.0870 | ADP:0.0435 | ADV:0.1739 | AUX:0.1739 | CCONJ:0.0435 | DET:0.0435 | NOUN:0.2174 | PART:0.0435 | PRON:0.0435 | PUNCT:0.0435 | SYM:0.0435 | VERB:0.0435,ADJ:0.1183 | ADP:0.0860 | ADV:0.0968 | AUX:0.0860 | CCONJ:0.0645 | DET:0.0215 | NOUN:0.1290 | PART:0.0323 | PRON:0.0968 | PROPN:0.0323 | PUNCT:0.1075 | SCONJ:0.0215 | VERB:0.1075,23,93
ADJ:0.0849 | ADP:0.0566 | ADV:0.0660 | AUX:0.0849 | CCONJ:0.0472 | DET:0.0472 | INTJ:0.0094 | NOUN:0.1415 | NUM:0.0094 | PART:0.0377 | PRON:0.1698 | PROPN:0.0283 | PUNCT:0.0566 | SCONJ:0.0377 | SPACE:0.0094 | VERB:0.1132,ADJ:0.0753 | ADP:0.0753 | ADV:0.0968 | AUX:0.0753 | CCONJ:0.0323 | DET:0.0538 | NOUN:0.1290 | PART:0.0645 | PRON:0.1505 | PROPN:0.0215 | PUNCT:0.0645 | SCONJ:0.0215 | VERB:0.1398,106,93
ADJ:0.0645 | ADP:0.0323 | ADV:0.1613 | CCONJ:0.0645 | DET:0.0323 | NOUN:0.0968 | PART:0.0323 | PRON:0.1290 | PROPN:0.0323 | PUNCT:0.0968 | SCONJ:0.0645 | SPACE:0.0323 | VERB:0.1613,ADJ:0.1087 | ADP:0.0652 | ADV:0.0870 | AUX:0.0870 | CCONJ:0.0326 | DET:0.0543 | NOUN:0.1413 | PART:0.0543 | PRON:0.1196 | PROPN:0.0217 | PUNCT:0.0978 | SCONJ:0.0326 | VERB:0.0978,31,92
ADJ:0.1212 | ADP:0.0606 | ADV:0.1212 | AUX:0.0606 | CCONJ:0.0303 | NOUN:0.1515 | PRON:0.1818 | PUNCT:0.1515 | SCONJ:0.0303 | SPACE:0.0303 | VERB:0.0606,ADJ:0.0805 | ADP:0.0690 | ADV:0.0920 | AUX:0.1149 | CCONJ:0.0575 | DET:0.0230 | NOUN:0.1034 | PART:0.0690 | PRON:0.1379 | PROPN:0.0230 | PUNCT:0.0920 | SCONJ:0.0115 | VERB:0.1264,33,87
ADJ:0.0323 | ADP:0.0968 | ADV:0.3226 | AUX:0.0323 | NOUN:0.1613 | PART:0.0323 | PRON:0.0645 | PROPN:0.0323 | PUNCT:0.0968 | VERB:0.1290,ADJ:0.0787 | ADP:0.0562 | ADV:0.0787 | AUX:0.0787 | CCONJ:0.0562 | DET:0.0449 | NOUN:0.1685 | PART:0.0337 | PRON:0.1573 | PUNCT:0.0787 | SCONJ:0.0337 | VERB:0.1348,31,89
ADV:0.1111 | AUX:0.1111 | DET:0.1111 | NOUN:0.1111 | PRON:0.2222 | PUNCT:0.2222 | VERB:0.1111,ADJ:0.1000 | ADP:0.1000 | ADV:0.1200 | AUX:0.0700 | CCONJ:0.0400 | DET:0.0300 | NOUN:0.1300 | PART:0.0200 | PRON:0.1300 | PROPN:0.0100 | PUNCT:0.0900 | SCONJ:0.0400 | VERB:0.1200,9,100
ADJ:0.2500 | DET:0.1250 | NOUN:0.1250 | PRON:0.1250 | PUNCT:0.1250 | SCONJ:0.1250 | VERB:0.1250,ADJ:0.0877 | ADP:0.0614 | ADV:0.0965 | AUX:0.0614 | CCONJ:0.0263 | DET:0.0526 | NOUN:0.1579 | PART:0.0614 | PRON:0.1140 | PUNCT:0.0965 | SCONJ:0.0526 | VERB:0.1316,8,114
ADJ:0.0385 | ADP:0.0769 | ADV:0.1154 | AUX:0.0577 | CCONJ:0.0385 | DET:0.0192 | NOUN:0.1346 | PART:0.0577 | PRON:0.0962 | PROPN:0.0962 | PUNCT:0.0962 | SCONJ:0.0192 | SPACE:0.0192 | VERB:0.1346,ADJ:0.1136 | ADP:0.0682 | ADV:0.0909 | AUX:0.0795 | CCONJ:0.0455 | DET:0.0568 | NOUN:0.1364 | PART:0.0455 | PRON:0.1136 | PUNCT:0.1023 | SCONJ:0.0341 | VERB:0.1136,52,88
NOUN:0.5000 | PUNCT:0.5000,ADJ:0.0795 | ADP:0.1023 | ADV:0.0455 | AUX:0.0795 | CCONJ:0.0455 | DET:0.0455 | NOUN:0.1591 | PART:0.0795 | PRON:0.1477 | PUNCT:0.0795 | VERB:0.1364,2,88
ADJ:0.0366 | ADP:0.0610 | ADV:0.0610 | AUX:0.0366 | CCONJ:0.0244 | DET:0.0366 | NOUN:0.1463 | NUM:0.0122 | PART:0.0610 | PRON:0.1707 | PROPN:0.0366 | PUNCT:0.0854 | SCONJ:0.0122 | SPACE:0.0854 | VERB:0.1341,ADJ:0.1034 | ADP:0.0690 | ADV:0.0690 | AUX:0.0920 | CCONJ:0.0345 | DET:0.0345 | NOUN:0.1379 | PART:0.0920 | PRON:0.1264 | PUNCT:0.0805 | SCONJ:0.0345 | VERB:0.1264,82,87
ADJ:0.0385 | ADP:0.0769 | ADV:0.0385 | AUX:0.0769 | CCONJ:0.0385 | DET:0.0769 | INTJ:0.0385 | NOUN:0.1154 | PRON:0.0769 | PROPN:0.1538 | PUNCT:0.1538 | SCONJ:0.0385 | VERB:0.0769,ADJ:0.0833 | ADP:0.0926 | ADV:0.0833 | AUX:0.1111 | CCONJ:0.0278 | DET:0.0370 | NOUN:0.0741 | PART:0.0741 | PRON:0.1481 | PUNCT:0.1111 | SCONJ:0.0278 | VERB:0.1296,26,108
ADJ:0.1579 | ADP:0.0526 | AUX:0.1579 | PART:0.1053 | PRON:0.2105 | PUNCT:0.1579 | VERB:0.1579,ADJ:0.0638 | ADP:0.0638 | ADV:0.1170 | AUX:0.0426 | CCONJ:0.0532 | DET:0.0638 | INTJ:0.0106 | NOUN:0.1170 | PART:0.0638 | PRON:0.1277 | PUNCT:0.1064 | SCONJ:0.0106 | VERB:0.1596,19,94
ADJ:0.0923 | ADP:0.0538 | ADV:0.1538 | AUX:0.0615 | CCONJ:0.0462 | DET:0.0308 | INTJ:0.0077 | NOUN:0.1077 | PART:0.0308 | PRON:0.1154 | PROPN:0.0231 | PUNCT:0.1154 | SCONJ:0.0154 | SPACE:0.0154 | VERB:0.1308,ADJ:0.0870 | ADP:0.0696 | ADV:0.0957 | AUX:0.0870 | CCONJ:0.0435 | DET:0.0435 | NOUN:0.1217 | PART:0.0522 | PRON:0.1391 | PROPN:0.0261 | PUNCT:0.0870 | SCONJ:0.0174 | VERB:0.1304,130,115
ADJ:0.1250 | ADP:0.1250 | ADV:0.0833 | AUX:0.1250 | DET:0.0833 | NOUN:0.1667 | PRON:0.1250 | PUNCT:0.0833 | SPACE:0.0417 | VERB:0.0417,ADJ:0.0787 | ADP:0.0674 | ADV:0.1124 | AUX:0.0562 | CCONJ:0.0562 | DET:0.0337 | NOUN:0.1236 | PART:0.0337 | PRON:0.1461 | PUNCT:0.1011 | SCONJ:0.0449 | VERB:0.1461,24,89
ADJ:0.0676 | ADP:0.0676 | ADV:0.0405 | AUX:0.0811 | CCONJ:0.0270 | DET:0.0541 | INTJ:0.0135 | NOUN:0.1081 | PART:0.0541 | PRON:0.1486 | PROPN:0.0270 | PUNCT:0.1351 | SCONJ:0.0946 | VERB:0.0811,ADJ:0.0952 | ADP:0.0794 | ADV:0.0794 | AUX:0.0635 | CCONJ:0.0476 | DET:0.0159 | NOUN:0.1429 | PART:0.0635 | PRON:0.1111 | PUNCT:0.1111 | SCONJ:0.0317 | VERB:0.1587,74,63
ADJ:0.0357 | ADP:0.0714 | ADV:0.1071 | AUX:0.1071 | CCONJ:0.0357 | DET:0.0714 | NOUN:0.1429 | PRON:0.1071 | PROPN:0.0357 | PUNCT:0.1071 | SPACE:0.0357 | VERB:0.1429,ADJ:0.1059 | ADP:0.0824 | ADV:0.0706 | AUX:0.1059 | CCONJ:0.0353 | DET:0.0353 | NOUN:0.1647 | PART:0.0471 | PRON:0.1059 | PROPN:0.0235 | PUNCT:0.0706 | SCONJ:0.0588 | VERB:0.0941,28,85
ADJ:0.5000 | PUNCT:0.5000,ADJ:0.1121 | ADP:0.1215 | ADV:0.1215 | AUX:0.0841 | CCONJ:0.0187 | DET:0.0374 | NOUN:0.1215 | NUM:0.0093 | PART:0.0561 | PRON:0.1121 | PROPN:0.0187 | PUNCT:0.0748 | VERB:0.1121,2,107
ADJ:0.0811 | ADP:0.0811 | ADV:0.0811 | AUX:0.0811 | DET:0.0811 | INTJ:0.0270 | NOUN:0.1081 | PRON:0.1622 | PROPN:0.0541 | PUNCT:0.1081 | SCONJ:0.0541 | VERB:0.0811,ADJ:0.0920 | ADP:0.0460 | ADV:0.1379 | AUX:0.0575 | CCONJ:0.0460 | DET:0.0115 | NOUN:0.0920 | PART:0.0345 | PRON:0.1609 | PROPN:0.0230 | PUNCT:0.1379 | SCONJ:0.0345 | VERB:0.1264,37,87
ADJ:0.0984 | ADP:0.0492 | ADV:0.0820 | AUX:0.0656 | CCONJ:0.0492 | DET:0.0492 | NOUN:0.1475 | PART:0.0492 | PRON:0.0984 | PROPN:0.0164 | PUNCT:0.1475 | SCONJ:0.0164 | SPACE:0.0328 | VERB:0.0984,ADJ:0.1011 | ADP:0.0899 | ADV:0.0899 | AUX:0.0787 | CCONJ:0.0337 | DET:0.0674 | NOUN:0.1236 | PART:0.0449 | PRON:0.1124 | PUNCT:0.1011 | SCONJ:0.0225 | VERB:0.1348,61,89
ADP:0.0833 | AUX:0.0833 | CCONJ:0.1667 | DET:0.0833 | NOUN:0.3333 | PROPN:0.0833 | PUNCT:0.0833 | VERB:0.0833,ADJ:0.1150 | ADP:0.0885 | ADV:0.0708 | AUX:0.0619 | CCONJ:0.0354 | DET:0.0442 | NOUN:0.1327 | PART:0.0531 | PRON:0.1416 | PROPN:0.0177 | PUNCT:0.0708 | SCONJ:0.0619 | VERB:0.1062,12,113
ADJ:0.0833 | ADP:0.0833 | ADV:0.0417 | AUX:0.1250 | CCONJ:0.0417 | NOUN:0.2083 | NUM:0.0417 | PRON:0.1250 | PUNCT:0.1250 | SCONJ:0.0417 | SPACE:0.0833,ADJ:0.0737 | ADP:0.0737 | ADV:0.0947 | AUX:0.0842 | CCONJ:0.0526 | DET:0.0421 | NOUN:0.1474 | PART:0.0316 | PRON:0.1579 | PROPN:0.0211 | PUNCT:0.0737 | SCONJ:0.0421 | VERB:0.1053,24,95
ADJ:0.1324 | ADP:0.1176 | ADV:0.0735 | AUX:0.0294 | CCONJ:0.0441 | DET:0.0882 | NOUN:0.1471 | PRON:0.0588 | PROPN:0.0147 | PUNCT:0.0882 | SCONJ:0.0147 | SPACE:0.0294 | VERB:0.1618,ADJ:0.0556 | ADP:0.0889 | ADV:0.1444 | AUX:0.0778 | CCONJ:0.0222 | DET:0.0556 | NOUN:0.1333 | PART:0.0444 | PRON:0.1111 | PROPN:0.0222 | PUNCT:0.0778 | SCONJ:0.0444 | VERB:0.1222,68,90
ADJ:0.1389 | ADP:0.0833 | ADV:0.1389 | AUX:0.0833 | CCONJ:0.0278 | DET:0.0556 | NOUN:0.0833 | PRON:0.1389 | PROPN:0.0278 | PUNCT:0.1389 | SCONJ:0.0278 | VERB:0.0556,ADJ:0.0972 | ADP:0.0972 | ADV:0.0972 | AUX:0.0694 | CCONJ:0.0417 | DET:0.0139 | NOUN:0.1806 | PART:0.0556 | PRON:0.0972 | PUNCT:0.0833 | SCONJ:0.0278 | VERB:0.1389,36,72
DET:0.1667 | NOUN:0.3333 | PART:0.1667 | PUNCT:0.1667 | VERB:0.1667,ADJ:0.0196 | ADP:0.0980 | ADV:0.1569 | AUX:0.0784 | CCONJ:0.0196 | DET:0.0196 | INTJ:0.0196 | NOUN:0.1373 | NUM:0.0196 | PART:0.0196 | PRON:0.1373 | PUNCT:0.0980 | SCONJ:0.0392 | VERB:0.1373,6,51
ADJ:0.1261 | ADP:0.0811 | ADV:0.1171 | AUX:0.0721 | CCONJ:0.0270 | DET:0.0631 | NOUN:0.1261 | NUM:0.0090 | PART:0.0270 | PRON:0.0901 | PUNCT:0.1171 | SCONJ:0.0180 | SPACE:0.0180 | VERB:0.1081,ADJ:0.0961 | ADP:0.0830 | ADV:0.1092 | AUX:0.0568 | CCONJ:0.0393 | DET:0.0218 | INTJ:0.0044 | NOUN:0.0961 | NUM:0.0044 | PART:0.0568 | PRON:0.1616 | PUNCT:0.0961 | SCONJ:0.0306 | SPACE:0.0044 | VERB:0.1397,111,229
ADP:0.1667 | ADV:0.1667 | AUX:0.1667 | NOUN:0.1667 | NUM:0.1667 | PROPN:0.1667,ADJ:0.0714 | ADP:0.0714 | ADV:0.0918 | AUX:0.0510 | CCONJ:0.0306 | DET:0.0408 | INTJ:0.0102 | NOUN:0.0816 | PART:0.0204 | PRON:0.1939 | PROPN:0.0102 | PUNCT:0.1327 | SCONJ:0.0510 | VERB:0.1429,6,98
ADJ:0.0714 | ADP:0.0714 | ADV:0.1429 | CCONJ:0.0714 | NOUN:0.1429 | PRON:0.1429 | PUNCT:0.1429 | SPACE:0.0714 | VERB:0.1429,ADJ:0.0889 | ADP:0.0333 | ADV:0.1333 | AUX:0.0889 | CCONJ:0.0222 | DET:0.0111 | INTJ:0.0222 | NOUN:0.0778 | PART:0.0444 | PRON:0.1556 | PROPN:0.0111 | PUNCT:0.1556 | SCONJ:0.0333 | VERB:0.1222,14,90
ADJ:0.1765 | ADP:0.0588 | ADV:0.0588 | AUX:0.0588 | DET:0.0588 | NOUN:0.0588 | PRON:0.1176 | PROPN:0.0588 | PUNCT:0.2353 | VERB:0.1176,ADJ:0.1000 | ADP:0.0545 | ADV:0.1000 | AUX:0.0727 | CCONJ:0.0364 | DET:0.0364 | INTJ:0.0091 | NOUN:0.1091 | PART:0.0364 | PRON:0.1364 | PROPN:0.0091 | PUNCT:0.1455 | SCONJ:0.0455 | VERB:0.1091,17,110
ADP:0.0526 | ADV:0.1053 | AUX:0.1053 | NOUN:0.1579 | PART:0.0526 | PRON:0.1579 | PROPN:0.0526 | PUNCT:0.2105 | SCONJ:0.0526 | VERB:0.0526,ADJ:0.0842 | ADP:0.0737 | ADV:0.0526 | AUX:0.0737 | CCONJ:0.0316 | DET:0.0211 | INTJ:0.0211 | NOUN:0.0947 | NUM:0.0105 | PART:0.0211 | PRON:0.1579 | PROPN:0.0211 | PUNCT:0.1684 | SCONJ:0.0316 | VERB:0.1368,19,95
ADJ:0.0323 | ADP:0.0645 | ADV:0.1935 | AUX:0.0968 | CCONJ:0.0323 | DET:0.0323 | NOUN:0.0323 | PART:0.0323 | PRON:0.1613 | PROPN:0.0323 | PUNCT:0.0968 | SCONJ:0.0645 | VERB:0.1290,ADJ:0.1010 | ADP:0.0707 | ADV:0.0707 | AUX:0.0909 | CCONJ:0.0404 | DET:0.0404 | INTJ:0.0202 | NOUN:0.0909 | PART:0.0303 | PRON:0.1515 | PROPN:0.0202 | PUNCT:0.1212 | SCONJ:0.0202 | VERB:0.1313,31,99
ADJ:0.0690 | ADV:0.0690 | CCONJ:0.0690 | DET:0.0345 | NOUN:0.0690 | PART:0.0345 | PRON:0.1379 | PROPN:0.0345 | PUNCT:0.1379 | SCONJ:0.0690 | SPACE:0.0345 | VERB:0.2414,ADJ:0.0909 | ADP:0.0682 | ADV:0.0114 | AUX:0.0455 | CCONJ:0.0227 | DET:0.0341 | INTJ:0.0114 | NOUN:0.1591 | NUM:0.0114 | PART:0.0341 | PRON:0.1250 | PROPN:0.0227 | PUNCT:0.1705 | SCONJ:0.0227 | VERB:0.1705,29,88
ADJ:0.0260 | ADP:0.1039 | ADV:0.0519 | AUX:0.0390 | CCONJ:0.0519 | DET:0.0519 | NOUN:0.1429 | PART:0.0519 | PRON:0.1429 | PROPN:0.0130 | PUNCT:0.1169 | SCONJ:0.0519 | SPACE:0.0130 | VERB:0.1429,ADJ:0.0707 | ADP:0.1010 | ADV:0.0808 | AUX:0.0808 | CCONJ:0.0404 | DET:0.0202 | INTJ:0.0101 | NOUN:0.1313 | PART:0.0606 | PRON:0.1111 | PROPN:0.0101 | PUNCT:0.1414 | SCONJ:0.0202 | VERB:0.1212,77,99
ADJ:0.0326 | ADP:0.0435 | ADV:0.1739 | AUX:0.0761 | CCONJ:0.0435 | DET:0.0326 | NOUN:0.0761 | PART:0.0326 | PRON:0.1739 | PROPN:0.0109 | PUNCT:0.0870 | SCONJ:0.0217 | SPACE:0.0217 | VERB:0.1739,ADJ:0.0784 | ADP:0.0490 | ADV:0.0980 | AUX:0.0980 | CCONJ:0.0294 | DET:0.0392 | INTJ:0.0098 | NOUN:0.0784 | PART:0.0294 | PRON:0.1569 | PROPN:0.0294 | PUNCT:0.1373 | SCONJ:0.0392 | VERB:0.1275,92,102
ADJ:0.0208 | ADP:0.0208 | ADV:0.1458 | AUX:0.0625 | CCONJ:0.0208 | DET:0.0417 | NOUN:0.1042 | PRON:0.2292 | PUNCT:0.0833 | SCONJ:0.1042 | VERB:0.1667,ADJ:0.0700 | ADP:0.0300 | ADV:0.1200 | AUX:0.0700 | CCONJ:0.0500 | DET:0.0300 | INTJ:0.0200 | NOUN:0.1000 | NUM:0.0100 | PART:0.0200 | PRON:0.1500 | PUNCT:0.1300 | SCONJ:0.0200 | VERB:0.1800,48,100
ADJ:0.0476 | ADP:0.0714 | ADV:0.1429 | AUX:0.0238 | DET:0.0238 | NOUN:0.1190 | PART:0.0476 | PRON:0.1905 | PUNCT:0.0714 | SCONJ:0.0476 | VERB:0.2143,ADJ:0.0862 | ADP:0.0431 | ADV:0.1121 | AUX:0.0690 | CCONJ:0.0690 | DET:0.0345 | INTJ:0.0086 | NOUN:0.0862 | PART:0.0431 | PRON:0.1638 | PUNCT:0.1379 | SCONJ:0.0345 | VERB:0.1121,42,116
ADJ:0.0400 | ADP:0.1200 | ADV:0.1200 | AUX:0.0400 | CCONJ:0.0400 | DET:0.0400 | NOUN:0.0800 | PART:0.0400 | PRON:0.2000 | PUNCT:0.0800 | SCONJ:0.0800 | VERB:0.1200,ADJ:0.1075 | ADP:0.0645 | ADV:0.0860 | AUX:0.0538 | CCONJ:0.0430 | DET:0.0538 | INTJ:0.0108 | NOUN:0.0860 | PART:0.0215 | PRON:0.1398 | PROPN:0.0108 | PUNCT:0.1398 | SCONJ:0.0323 | VERB:0.1505,25,93
ADJ:0.1000 | ADP:0.0333 | ADV:0.2000 | AUX:0.0667 | CCONJ:0.0333 | DET:0.0667 | NOUN:0.1667 | PART:0.0333 | PRON:0.1333 | PUNCT:0.1333 | VERB:0.0333,ADJ:0.0833 | ADP:0.0729 | ADV:0.1146 | AUX:0.0521 | CCONJ:0.0417 | DET:0.0417 | INTJ:0.0208 | NOUN:0.0833 | PART:0.0417 | PRON:0.1250 | PROPN:0.0104 | PUNCT:0.1562 | SCONJ:0.0208 | VERB:0.1354,30,96
ADJ:0.1176 | ADP:0.0588 | ADV:0.1176 | AUX:0.1176 | NOUN:0.1176 | PRON:0.1765 | PUNCT:0.1765 | SCONJ:0.0588 | VERB:0.0588,ADJ:0.0737 | ADP:0.0737 | ADV:0.0947 | AUX:0.0421 | CCONJ:0.0211 | DET:0.0526 | INTJ:0.0105 | NOUN:0.1158 | PART:0.0211 | PRON:0.1368 | PROPN:0.0105 | PUNCT:0.1579 | SCONJ:0.0316 | VERB:0.1579,17,95
ADJ:0.0724 | ADP:0.0724 | ADV:0.1053 | AUX:0.0724 | CCONJ:0.0526 | DET:0.0461 | NOUN:0.1250 | NUM:0.0066 | PART:0.0197 | PRON:0.1513 | PROPN:0.0066 | PUNCT:0.0724 | SCONJ:0.0592 | SPACE:0.0066 | VERB:0.1316,ADJ:0.0657 | ADP:0.0803 | ADV:0.1022 | AUX:0.0803 | CCONJ:0.0219 | INTJ:0.0073 | NOUN:0.0876 | PART:0.0365 | PRON:0.1606 | PROPN:0.0073 | PUNCT:0.1095 | SCONJ:0.0803 | VERB:0.1606,152,137
ADJ:0.1111 | AUX:0.1111 | NOUN:0.1111 | PART:0.1111 | PRON:0.1111 | PROPN:0.1111 | PUNCT:0.1111 | SCONJ:0.1111 | VERB:0.1111,ADJ:0.0472 | ADP:0.0566 | ADV:0.0755 | AUX:0.0755 | CCONJ:0.0377 | DET:0.0566 | INTJ:0.0094 | NOUN:0.1321 | NUM:0.0094 | PART:0.0283 | PRON:0.1415 | PROPN:0.0094 | PUNCT:0.1226 | SCONJ:0.0472 | VERB:0.1509,9,106
ADV:0.2000 | NOUN:0.2000 | PRON:0.2000 | PUNCT:0.2000 | VERB:0.2000,ADJ:0.0690 | ADP:0.0603 | ADV:0.0948 | AUX:0.0431 | CCONJ:0.0517 | DET:0.0259 | INTJ:0.0086 | NOUN:0.1293 | PART:0.0172 | PRON:0.1293 | PROPN:0.0086 | PUNCT:0.1810 | SCONJ:0.0517 | VERB:0.1293,5,116
ADJ:0.0392 | ADP:0.0588 | ADV:0.1569 | AUX:0.0392 | DET:0.0196 | NOUN:0.1765 | PART:0.0392 | PRON:0.0980 | PUNCT:0.0784 | SCONJ:0.0784 | VERB:0.2157,ADJ:0.0734 | ADP:0.0642 | ADV:0.1193 | AUX:0.1009 | DET:0.0642 | NOUN:0.1376 | PART:0.0275 | PRON:0.1193 | PROPN:0.0092 | PUNCT:0.1009 | SCONJ:0.0459 | VERB:0.1376,51,109
ADP:0.1250 | ADV:0.0625 | CCONJ:0.1250 | DET:0.0625 | NOUN:0.1875 | PRON:0.1250 | PUNCT:0.0625 | SCONJ:0.0625 | VERB:0.1875,ADJ:0.0495 | ADP:0.0792 | ADV:0.1089 | AUX:0.0990 | CCONJ:0.0297 | DET:0.0594 | NOUN:0.1287 | PART:0.0198 | PRON:0.1188 | PUNCT:0.0792 | SCONJ:0.0594 | VERB:0.1683,16,101
ADJ:0.0270 | ADP:0.0811 | ADV:0.1081 | AUX:0.0541 | CCONJ:0.0541 | DET:0.0541 | NOUN:0.1892 | NUM:0.0270 | PRON:0.1081 | PUNCT:0.1081 | SCONJ:0.0270 | SPACE:0.0270 | VERB:0.1351,ADJ:0.0827 | ADP:0.0451 | ADV:0.1278 | AUX:0.0977 | CCONJ:0.0075 | DET:0.0752 | INTJ:0.0075 | NOUN:0.1278 | PART:0.0301 | PRON:0.0977 | PROPN:0.0075 | PUNCT:0.1053 | SCONJ:0.0526 | SPACE:0.0075 | VERB:0.1278,37,133
ADJ:0.0357 | ADP:0.1071 | ADV:0.0357 | AUX:0.0714 | CCONJ:0.0357 | NOUN:0.0714 | PART:0.0357 | PRON:0.2143 | PUNCT:0.0714 | SCONJ:0.1071 | SPACE:0.0357 | VERB:0.1786,ADJ:0.0510 | ADP:0.0510 | ADV:0.1083 | AUX:0.0955 | CCONJ:0.0191 | DET:0.0446 | NOUN:0.1083 | PART:0.0382 | PRON:0.1210 | PROPN:0.0127 | PUNCT:0.1019 | SCONJ:0.0828 | SPACE:0.0127 | VERB:0.1529,28,157
ADJ:0.0690 | ADP:0.0690 | ADV:0.1034 | AUX:0.0690 | CCONJ:0.0345 | NOUN:0.1034 | PART:0.0345 | PRON:0.1379 | PROPN:0.0345 | PUNCT:0.1724 | SCONJ:0.0690 | VERB:0.1034,ADJ:0.0849 | ADP:0.0660 | ADV:0.1226 | AUX:0.1038 | CCONJ:0.0189 | DET:0.0472 | INTJ:0.0094 | NOUN:0.1132 | PART:0.0283 | PRON:0.1226 | PROPN:0.0189 | PUNCT:0.0943 | SCONJ:0.0566 | VERB:0.1132,29,106
ADJ:0.0333 | ADP:0.0500 | ADV:0.0667 | AUX:0.0333 | CCONJ:0.0667 | DET:0.0167 | INTJ:0.0167 | NOUN:0.1167 | PART:0.0500 | PRON:0.1500 | PROPN:0.0167 | PUNCT:0.1000 | SCONJ:0.0500 | SPACE:0.0167 | VERB:0.2167,ADJ:0.0976 | ADP:0.0650 | ADV:0.1138 | AUX:0.1057 | CCONJ:0.0244 | DET:0.0650 | NOUN:0.1545 | PART:0.0407 | PRON:0.0976 | PROPN:0.0081 | PUNCT:0.0732 | SCONJ:0.0325 | VERB:0.1220,60,123
ADJ:0.0714 | ADP:0.0714 | PART:0.0714 | PRON:0.2857 | PUNCT:0.1429 | SCONJ:0.1429 | VERB:0.2143,ADJ:0.0828 | ADP:0.0828 | ADV:0.0955 | AUX:0.0892 | CCONJ:0.0191 | DET:0.0446 | NOUN:0.1210 | PART:0.0318 | PRON:0.1401 | PROPN:0.0064 | PUNCT:0.1019 | SCONJ:0.0510 | SPACE:0.0127 | VERB:0.1210,14,157
ADJ:0.0769 | ADP:0.0769 | DET:0.0769 | NOUN:0.0769 | PRON:0.2308 | PROPN:0.0769 | PUNCT:0.1538 | SPACE:0.0769 | VERB:0.1538,ADJ:0.0439 | ADP:0.0702 | ADV:0.1316 | AUX:0.0702 | CCONJ:0.0175 | DET:0.0439 | NOUN:0.1491 | PART:0.0175 | PRON:0.1316 | PROPN:0.0088 | PUNCT:0.1140 | SCONJ:0.0351 | VERB:0.1667,13,114
ADJ:0.0370 | ADP:0.1111 | ADV:0.1111 | AUX:0.0741 | DET:0.0370 | NOUN:0.2593 | NUM:0.0741 | PART:0.0370 | PRON:0.0741 | PUNCT:0.0741 | SCONJ:0.0370 | VERB:0.0741,ADJ:0.0729 | ADP:0.0729 | ADV:0.1250 | AUX:0.1042 | CCONJ:0.0208 | DET:0.0312 | NOUN:0.1354 | PART:0.0312 | PRON:0.1146 | PROPN:0.0104 | PUNCT:0.0938 | SCONJ:0.0521 | VERB:0.1354,27,96
ADJ:0.0563 | ADP:0.0563 | ADV:0.0423 | AUX:0.0282 | CCONJ:0.0704 | DET:0.0282 | NOUN:0.1268 | NUM:0.0282 | PART:0.0282 | PRON:0.1268 | PROPN:0.0141 | PUNCT:0.1549 | SCONJ:0.0141 | SPACE:0.0282 | VERB:0.1972,ADJ:0.0680 | ADP:0.0874 | ADV:0.0680 | AUX:0.0874 | CCONJ:0.0194 | DET:0.0777 | NOUN:0.1165 | PART:0.0291 | PRON:0.1456 | PROPN:0.0097 | PUNCT:0.0777 | SCONJ:0.0583 | VERB:0.1553,71,103
ADP:0.2000 | NOUN:0.4000 | NUM:0.2000 | VERB:0.2000,ADJ:0.0497 | ADP:0.0829 | ADV:0.1271 | AUX:0.0663 | CCONJ:0.0331 | DET:0.0387 | NOUN:0.1271 | NUM:0.0055 | PART:0.0497 | PRON:0.1160 | PROPN:0.0055 | PUNCT:0.1105 | SCONJ:0.0276 | SPACE:0.0110 | VERB:0.1492,5,181
ADV:0.1111 | AUX:0.1111 | NOUN:0.1111 | PRON:0.1111 | PROPN:0.1111 | PUNCT:0.3333 | VERB:0.1111,ADJ:0.0935 | ADP:0.0576 | ADV:0.0719 | AUX:0.1079 | CCONJ:0.0360 | DET:0.0647 | NOUN:0.1367 | PART:0.0288 | PRON:0.1151 | PROPN:0.0072 | PUNCT:0.0791 | SCONJ:0.0719 | SPACE:0.0072 | VERB:0.1223,9,139
ADJ:0.0690 | ADP:0.1034 | ADV:0.0690 | AUX:0.0690 | CCONJ:0.0345 | DET:0.0345 | NOUN:0.1379 | PART:0.0690 | PRON:0.1379 | PUNCT:0.1034 | SCONJ:0.0690 | VERB:0.1034,ADJ:0.0439 | ADP:0.0526 | ADV:0.1140 | AUX:0.0965 | CCONJ:0.0351 | DET:0.0614 | NOUN:0.1228 | PART:0.0351 | PRON:0.1228 | PROPN:0.0175 | PUNCT:0.0789 | SCONJ:0.0877 | VERB:0.1316,29,114
ADP:0.1000 | ADV:0.0667 | AUX:0.1000 | DET:0.0667 | NOUN:0.1000 | NUM:0.0333 | PRON:0.1333 | PROPN:0.0667 | PUNCT:0.0667 | SCONJ:0.0333 | SPACE:0.0333 | SYM:0.0333 | VERB:0.1667,ADJ:0.0625 | ADP:0.1111 | ADV:0.0556 | AUX:0.0694 | CCONJ:0.0139 | DET:0.0486 | NOUN:0.1458 | PART:0.0417 | PRON:0.1250 | PROPN:0.0069 | PUNCT:0.1111 | SCONJ:0.0694 | SPACE:0.0069 | VERB:0.1319,30,144
ADP:0.1333 | ADV:0.0667 | AUX:0.0667 | DET:0.0667 | NOUN:0.2000 | NUM:0.0667 | PART:0.0667 | PRON:0.1333 | PUNCT:0.0667 | VERB:0.1333,ADJ:0.0529 | ADP:0.0706 | ADV:0.1294 | AUX:0.0765 | CCONJ:0.0118 | DET:0.0471 | NOUN:0.1059 | PART:0.0176 | PRON:0.1412 | PROPN:0.0235 | PUNCT:0.1059 | SCONJ:0.0706 | SPACE:0.0059 | VERB:0.1412,15,170
ADP:0.1000 | ADV:0.1000 | AUX:0.1000 | INTJ:0.1000 | NOUN:0.1000 | PRON:0.2000 | PUNCT:0.2000 | VERB:0.1000,ADJ:0.0762 | ADP:0.0571 | ADV:0.1333 | AUX:0.0762 | CCONJ:0.0286 | DET:0.0286 | NOUN:0.1143 | PART:0.0190 | PRON:0.1810 | PUNCT:0.1048 | SCONJ:0.0476 | VERB:0.1333,10,105
ADJ:0.0417 | ADP:0.1250 | ADV:0.0417 | AUX:0.0417 | DET:0.1250 | NOUN:0.2917 | PART:0.0833 | PRON:0.0833 | PUNCT:0.1250 | VERB:0.0417,ADJ:0.0645 | ADP:0.0516 | ADV:0.1226 | AUX:0.1226 | CCONJ:0.0323 | DET:0.0387 | NOUN:0.0968 | PART:0.0194 | PRON:0.1419 | PROPN:0.0258 | PUNCT:0.0774 | SCONJ:0.0710 | VERB:0.1355,24,155
ADP:0.0833 | NOUN:0.3333 | PROPN:0.1667 | PUNCT:0.0833 | SPACE:0.3333,ADJ:0.0608 | ADP:0.0743 | ADV:0.1419 | AUX:0.0811 | CCONJ:0.0203 | DET:0.0270 | NOUN:0.1216 | PART:0.0203 | PRON:0.1284 | PROPN:0.0203 | PUNCT:0.1014 | SCONJ:0.0743 | SPACE:0.0068 | VERB:0.1216,12,148
ADP:0.0833 | ADV:0.0833 | NOUN:0.1667 | PRON:0.2500 | PUNCT:0.1667 | SCONJ:0.0833 | VERB:0.1667,ADJ:0.0551 | ADP:0.0945 | ADV:0.0945 | AUX:0.0709 | CCONJ:0.0315 | DET:0.0472 | NOUN:0.1575 | PART:0.0315 | PRON:0.0945 | PROPN:0.0394 | PUNCT:0.1181 | SCONJ:0.0315 | SPACE:0.0079 | VERB:0.1260,12,127
ADP:0.0435 | ADV:0.0870 | AUX:0.0435 | CCONJ:0.0435 | DET:0.0435 | NOUN:0.1739 | PRON:0.1739 | PUNCT:0.1304 | VERB:0.2609,ADJ:0.0391 | ADP:0.0547 | ADV:0.1406 | AUX:0.0703 | CCONJ:0.0312 | DET:0.0469 | INTJ:0.0078 | NOUN:0.1250 | PART:0.0547 | PRON:0.1094 | PUNCT:0.0938 | SCONJ:0.0547 | VERB:0.1719,23,128
ADP:0.1000 | ADV:0.2000 | DET:0.1000 | NOUN:0.2000 | PART:0.1000 | PROPN:0.1000 | VERB:0.2000,ADJ:0.0549 | ADP:0.0659 | ADV:0.0659 | AUX:0.0549 | CCONJ:0.0330 | DET:0.0440 | NOUN:0.1319 | PART:0.0330 | PRON:0.1758 | PUNCT:0.0989 | SCONJ:0.0549 | VERB:0.1868,10,91
ADJ:0.0435 | ADP:0.1304 | ADV:0.0870 | AUX:0.0435 | CCONJ:0.0435 | DET:0.0435 | NOUN:0.0870 | PRON:0.2174 | PUNCT:0.0870 | SCONJ:0.0435 | VERB:0.1739,ADJ:0.0568 | ADP:0.0568 | ADV:0.0795 | AUX:0.0682 | CCONJ:0.0227 | DET:0.0227 | NOUN:0.1136 | PART:0.0455 | PRON:0.1705 | PROPN:0.0227 | PUNCT:0.1023 | SCONJ:0.0682 | VERB:0.1705,23,88
ADJ:0.0625 | ADP:0.1250 | ADV:0.1250 | AUX:0.0625 | NOUN:0.0625 | PRON:0.0625 | PROPN:0.0625 | PUNCT:0.1250 | SCONJ:0.0625 | SPACE:0.1250 | VERB:0.1250,ADJ:0.0515 | ADP:0.0567 | ADV:0.1289 | AUX:0.0773 | CCONJ:0.0258 | DET:0.0412 | NOUN:0.1186 | PART:0.0309 | PRON:0.1340 | PROPN:0.0052 | PUNCT:0.1031 | SCONJ:0.0670 | SPACE:0.0155 | VERB:0.1443,16,194
ADJ:0.0714 | ADP:0.0714 | ADV:0.0238 | AUX:0.0714 | CCONJ:0.0714 | DET:0.0238 | NOUN:0.1667 | NUM:0.0238 | PART:0.0476 | PRON:0.0714 | PROPN:0.0238 | PUNCT:0.0952 | SCONJ:0.0476 | VERB:0.1905,ADJ:0.0625 | ADP:0.0859 | ADV:0.1172 | AUX:0.0781 | CCONJ:0.0312 | DET:0.0391 | NOUN:0.1484 | PART:0.0391 | PRON:0.1094 | PUNCT:0.1016 | SCONJ:0.0469 | SPACE:0.0078 | VERB:0.1328,42,128
ADV:0.3158 | AUX:0.0526 | DET:0.0526 | NOUN:0.1579 | PRON:0.1579 | PUNCT:0.1053 | VERB:0.1579,ADJ:0.0917 | ADP:0.0734 | ADV:0.0826 | AUX:0.0826 | CCONJ:0.0275 | DET:0.0367 | INTJ:0.0092 | NOUN:0.1101 | NUM:0.0275 | PART:0.0275 | PRON:0.1284 | PROPN:0.0275 | PUNCT:0.0826 | SCONJ:0.0734 | VERB:0.1193,19,109
ADJ:0.0435 | ADP:0.0870 | ADV:0.0870 | AUX:0.0435 | CCONJ:0.0435 | DET:0.0435 | NOUN:0.1304 | PART:0.0435 | PRON:0.0435 | PROPN:0.0435 | PUNCT:0.1304 | SPACE:0.0870 | VERB:0.1739,ADJ:0.0839 | ADP:0.0516 | ADV:0.1419 | AUX:0.1032 | CCONJ:0.0387 | DET:0.0323 | NOUN:0.1226 | PART:0.0387 | PRON:0.0968 | PROPN:0.0065 | PUNCT:0.0903 | SCONJ:0.0516 | SPACE:0.0065 | VERB:0.1355,23,155
ADJ:0.0769 | ADV:0.0769 | AUX:0.0769 | DET:0.0769 | INTJ:0.0769 | NOUN:0.1538 | PRON:0.0769 | PUNCT:0.1538 | SPACE:0.1538 | VERB:0.0769,ADJ:0.0811 | ADP:0.0541 | ADV:0.1081 | AUX:0.1081 | CCONJ:0.0270 | DET:0.0450 | NOUN:0.0721 | PART:0.0541 | PRON:0.1351 | PUNCT:0.0811 | SCONJ:0.0631 | VERB:0.1712,13,111
ADJ:0.1622 | ADP:0.0811 | ADV:0.0811 | AUX:0.0541 | CCONJ:0.0270 | DET:0.0541 | NOUN:0.2162 | NUM:0.0270 | PRON:0.0541 | PUNCT:0.1351 | SPACE:0.0541 | VERB:0.0541,ADJ:0.0552 | ADP:0.0690 | ADV:0.1103 | AUX:0.1034 | CCONJ:0.0345 | DET:0.0483 | NOUN:0.1103 | PART:0.0483 | PRON:0.1241 | PUNCT:0.1103 | SCONJ:0.0414 | SPACE:0.0069 | VERB:0.1379,37,145
ADJ:0.0588 | ADP:0.0294 | ADV:0.0882 | AUX:0.0588 | CCONJ:0.0588 | DET:0.0294 | NOUN:0.1471 | NUM:0.0294 | PRON:0.2353 | PROPN:0.0294 | PUNCT:0.1176 | VERB:0.1176,ADJ:0.0615 | ADP:0.0769 | ADV:0.1000 | AUX:0.0846 | CCONJ:0.0308 | DET:0.0308 | NOUN:0.1308 | PART:0.0462 | PRON:0.0923 | PROPN:0.0077 | PUNCT:0.1231 | SCONJ:0.0769 | VERB:0.1385,34,130
ADJ:0.1263 | ADP:0.0316 | ADV:0.1158 | AUX:0.0421 | CCONJ:0.0211 | DET:0.0421 | NOUN:0.1474 | PART:0.0316 | PRON:0.1053 | PUNCT:0.0842 | SCONJ:0.0211 | SPACE:0.0526 | VERB:0.1789,ADJ:0.1346 | ADP:0.0385 | ADV:0.1154 | AUX:0.0962 | DET:0.0577 | NOUN:0.1250 | PART:0.0288 | PRON:0.1058 | PUNCT:0.1058 | SCONJ:0.0673 | VERB:0.1250,95,104
ADJ:0.0400 | ADP:0.0800 | ADV:0.0800 | CCONJ:0.0400 | NOUN:0.1200 | NUM:0.1200 | PRON:0.0800 | PROPN:0.0400 | PUNCT:0.1200 | SCONJ:0.0800 | VERB:0.2000,ADJ:0.0814 | ADP:0.1047 | ADV:0.0930 | AUX:0.0581 | CCONJ:0.0349 | DET:0.0116 | INTJ:0.0116 | NOUN:0.1163 | PART:0.0349 | PRON:0.0930 | PROPN:0.0930 | PUNCT:0.0930 | SCONJ:0.0465 | VERB:0.1279,25,86
ADJ:0.0909 | ADP:0.1515 | ADV:0.1212 | AUX:0.0303 | DET:0.0606 | INTJ:0.0303 | NOUN:0.2121 | NUM:0.0303 | PRON:0.0606 | PUNCT:0.0909 | VERB:0.1212,ADJ:0.0700 | ADP:0.1300 | ADV:0.0800 | AUX:0.0700 | CCONJ:0.0300 | DET:0.0300 | INTJ:0.0100 | NOUN:0.1400 | NUM:0.0100 | PART:0.0100 | PRON:0.1000 | PROPN:0.0500 | PUNCT:0.1100 | SCONJ:0.0300 | VERB:0.1300,33,100
ADJ:0.0571 | ADP:0.1143 | ADV:0.0571 | AUX:0.0571 | CCONJ:0.0286 | NOUN:0.1714 | NUM:0.0571 | PROPN:0.1714 | PUNCT:0.2000 | SCONJ:0.0286 | VERB:0.0571,ADJ:0.0792 | ADP:0.0792 | ADV:0.1584 | AUX:0.0792 | CCONJ:0.0198 | DET:0.0297 | NOUN:0.1089 | PRON:0.1287 | PROPN:0.0495 | PUNCT:0.0792 | SCONJ:0.0594 | VERB:0.1287,35,101
ADJ:0.0455 | ADP:0.0909 | ADV:0.0909 | CCONJ:0.0227 | NOUN:0.3182 | PART:0.0455 | PRON:0.0455 | PROPN:0.0227 | PUNCT:0.1818 | SPACE:0.0909 | VERB:0.0455,ADJ:0.1058 | ADP:0.0577 | ADV:0.1635 | AUX:0.0673 | CCONJ:0.0385 | DET:0.0385 | NOUN:0.0865 | PART:0.0192 | PRON:0.1154 | PROPN:0.0481 | PUNCT:0.1058 | SCONJ:0.0288 | VERB:0.1250,44,104
ADJ:0.0435 | ADP:0.1304 | ADV:0.1739 | NOUN:0.2609 | PRON:0.0870 | PROPN:0.0435 | PUNCT:0.1739 | VERB:0.0870,ADJ:0.0741 | ADP:0.0617 | ADV:0.1852 | AUX:0.0864 | CCONJ:0.0247 | DET:0.0123 | NOUN:0.1481 | PART:0.0247 | PRON:0.1111 | PUNCT:0.0988 | SCONJ:0.0247 | VERB:0.1481,23,81
ADP:0.1304 | ADV:0.0435 | AUX:0.1304 | DET:0.0870 | INTJ:0.0435 | NOUN:0.1739 | PART:0.0435 | PRON:0.1739 | PUNCT:0.0870 | VERB:0.0870,ADJ:0.0826 | ADP:0.0331 | ADV:0.0909 | AUX:0.0661 | CCONJ:0.0413 | DET:0.0248 | INTJ:0.0083 | NOUN:0.1818 | PART:0.0248 | PRON:0.1322 | PROPN:0.0083 | PUNCT:0.0826 | SCONJ:0.0579 | SPACE:0.0083 | VERB:0.1570,23,121
ADJ:0.1000 | ADV:0.2000 | AUX:0.1000 | PRON:0.1000 | PROPN:0.1000 | PUNCT:0.2000 | SPACE:0.1000 | VERB:0.1000,ADJ:0.0714 | ADP:0.0595 | ADV:0.0952 | AUX:0.0595 | CCONJ:0.0238 | DET:0.0119 | INTJ:0.0119 | NOUN:0.2143 | PART:0.0238 | PRON:0.0952 | PUNCT:0.1071 | SCONJ:0.0714 | VERB:0.1548,10,84
ADJ:0.0286 | ADP:0.1286 | ADV:0.1714 | AUX:0.0143 | CCONJ:0.0429 | DET:0.0571 | NOUN:0.1571 | NUM:0.0286 | PART:0.0143 | PRON:0.1143 | PROPN:0.0143 | PUNCT:0.0571 | SCONJ:0.0286 | SPACE:0.0143 | VERB:0.1286,ADJ:0.0421 | ADP:0.0842 | ADV:0.1368 | AUX:0.0842 | DET:0.0105 | INTJ:0.0105 | NOUN:0.1684 | NUM:0.0105 | PART:0.0316 | PRON:0.1158 | PROPN:0.0105 | PUNCT:0.1053 | SCONJ:0.0421 | VERB:0.1474,70,95
ADP:0.1667 | NOUN:0.3333 | PART:0.1667 | PUNCT:0.1667 | VERB:0.1667,ADJ:0.0568 | ADP:0.0795 | ADV:0.1250 | AUX:0.0909 | CCONJ:0.0114 | DET:0.0341 | INTJ:0.0114 | NOUN:0.2045 | PART:0.0114 | PRON:0.1023 | PROPN:0.0114 | PUNCT:0.0909 | SCONJ:0.0682 | VERB:0.1023,6,88
ADP:0.2000 | PRON:0.4000 | PUNCT:0.2000 | VERB:0.2000,ADJ:0.0949 | ADP:0.0657 | ADV:0.1168 | AUX:0.0803 | CCONJ:0.0438 | DET:0.0073 | INTJ:0.0146 | NOUN:0.1533 | NUM:0.0073 | PART:0.0292 | PRON:0.1022 | PUNCT:0.1168 | SCONJ:0.0365 | SPACE:0.0073 | VERB:0.1241,5,137
ADV:0.0435 | AUX:0.0435 | CCONJ:0.0870 | DET:0.0435 | NOUN:0.2609 | NUM:0.1304 | PRON:0.0870 | PUNCT:0.2174 | SPACE:0.0435 | VERB:0.0435,ADJ:0.0879 | ADP:0.0879 | ADV:0.1099 | AUX:0.0769 | CCONJ:0.0440 | DET:0.0330 | INTJ:0.0330 | NOUN:0.1758 | PART:0.0220 | PRON:0.0879 | PROPN:0.0110 | PUNCT:0.1209 | SCONJ:0.0220 | VERB:0.0879,23,91
ADJ:0.0714 | ADP:0.0714 | AUX:0.0714 | DET:0.1429 | NOUN:0.1429 | NUM:0.0714 | PRON:0.0714 | PROPN:0.0714 | PUNCT:0.2143 | VERB:0.0714,ADJ:0.0935 | ADP:0.0467 | ADV:0.1495 | AUX:0.0748 | CCONJ:0.0467 | DET:0.0280 | INTJ:0.0187 | NOUN:0.1682 | PART:0.0280 | PRON:0.0748 | PROPN:0.0093 | PUNCT:0.1028 | SCONJ:0.0374 | VERB:0.1215,14,107
ADJ:0.0806 | ADP:0.0968 | ADV:0.1613 | AUX:0.0645 | CCONJ:0.0161 | DET:0.0484 | NOUN:0.0968 | NUM:0.0323 | PART:0.0161 | PRON:0.1290 | PROPN:0.0484 | PUNCT:0.0968 | SCONJ:0.0161 | SPACE:0.0323 | VERB:0.0645,ADJ:0.0889 | ADP:0.0556 | ADV:0.1000 | AUX:0.0556 | CCONJ:0.0333 | DET:0.0222 | INTJ:0.0111 | NOUN:0.2111 | PART:0.0444 | PRON:0.1000 | PROPN:0.0111 | PUNCT:0.1000 | SCONJ:0.0444 | VERB:0.1222,62,90
ADJ:0.0682 | ADP:0.0909 | ADV:0.1250 | AUX:0.0455 | CCONJ:0.0341 | DET:0.0227 | NOUN:0.1364 | PART:0.0455 | PRON:0.1136 | PROPN:0.0114 | PUNCT:0.1250 | SCONJ:0.0455 | SPACE:0.0114 | VERB:0.1250,ADJ:0.0865 | ADP:0.0962 | ADV:0.1058 | AUX:0.0962 | CCONJ:0.0096 | DET:0.0192 | INTJ:0.0192 | NOUN:0.2019 | PART:0.0096 | PRON:0.0865 | PUNCT:0.1058 | SCONJ:0.0481 | VERB:0.1154,88,104
ADJ:0.0714 | ADP:0.0476 | ADV:0.1429 | AUX:0.0714 | CCONJ:0.0476 | DET:0.0238 | NOUN:0.0714 | PART:0.0714 | PRON:0.1667 | PUNCT:0.0952 | SCONJ:0.0476 | SPACE:0.0238 | VERB:0.1190,ADJ:0.0849 | ADP:0.0755 | ADV:0.1321 | AUX:0.0566 | CCONJ:0.0283 | DET:0.0094 | INTJ:0.0189 | NOUN:0.1981 | PART:0.0377 | PRON:0.0849 | PUNCT:0.1038 | SCONJ:0.0377 | VERB:0.1321,42,106
NOUN:0.6667 | PUNCT:0.3333,ADJ:0.0795 | ADP:0.0455 | ADV:0.1591 | AUX:0.1023 | CCONJ:0.0227 | DET:0.0227 | INTJ:0.0114 | NOUN:0.1818 | PART:0.0114 | PRON:0.1136 | PUNCT:0.0909 | SCONJ:0.0455 | VERB:0.1136,3,88
ADP:0.0500 | ADV:0.1500 | CCONJ:0.1500 | DET:0.0500 | NOUN:0.2500 | PRON:0.0500 | PUNCT:0.0500 | SCONJ:0.0500 | VERB:0.2000,ADJ:0.0795 | ADP:0.0682 | ADV:0.1023 | AUX:0.1136 | DET:0.0227 | INTJ:0.0114 | NOUN:0.1705 | PART:0.0568 | PRON:0.0909 | PUNCT:0.1136 | SCONJ:0.0455 | VERB:0.1250,20,88
ADJ:0.1136 | ADP:0.0455 | ADV:0.0682 | AUX:0.0682 | CCONJ:0.0455 | DET:0.0682 | NOUN:0.1818 | PART:0.0227 | PRON:0.1136 | PROPN:0.0227 | PUNCT:0.0909 | SCONJ:0.0455 | SYM:0.0227 | VERB:0.0909,ADJ:0.1275 | ADP:0.0490 | ADV:0.1765 | AUX:0.1176 | CCONJ:0.0098 | DET:0.0098 | NOUN:0.1471 | PART:0.0392 | PRON:0.0784 | PUNCT:0.0882 | SCONJ:0.0490 | VERB:0.1078,44,102
ADJ:0.0667 | ADP:0.0222 | ADV:0.1111 | AUX:0.0667 | CCONJ:0.0444 | DET:0.0222 | INTJ:0.0222 | NOUN:0.0667 | PART:0.0667 | PRON:0.1778 | PUNCT:0.0889 | SCONJ:0.0667 | VERB:0.1778,ADJ:0.0745 | ADP:0.1064 | ADV:0.1277 | AUX:0.0638 | CCONJ:0.0319 | DET:0.0106 | INTJ:0.0106 | NOUN:0.2021 | PART:0.0319 | PRON:0.0745 | PUNCT:0.0957 | SCONJ:0.0319 | VERB:0.1383,45,94
ADJ:0.1500 | ADP:0.1500 | ADV:0.1000 | AUX:0.0500 | DET:0.0500 | NOUN:0.1500 | PART:0.0500 | PRON:0.0500 | PROPN:0.0500 | PUNCT:0.1000 | VERB:0.1000,ADJ:0.1200 | ADP:0.0720 | ADV:0.1360 | AUX:0.0880 | CCONJ:0.0240 | DET:0.0080 | INTJ:0.0080 | NOUN:0.1600 | NUM:0.0080 | PART:0.0320 | PRON:0.0960 | PUNCT:0.0880 | SCONJ:0.0480 | SPACE:0.0080 | VERB:0.1040,20,125
ADJ:0.0750 | ADP:0.0500 | ADV:0.1000 | AUX:0.0500 | DET:0.0500 | NOUN:0.1000 | NUM:0.0250 | PART:0.0750 | PRON:0.1000 | PROPN:0.0250 | PUNCT:0.1750 | SPACE:0.0250 | VERB:0.1500,ADJ:0.0714 | ADP:0.0612 | ADV:0.1531 | AUX:0.0612 | CCONJ:0.0204 | DET:0.0306 | NOUN:0.1735 | PART:0.0408 | PRON:0.1122 | PUNCT:0.0816 | SCONJ:0.0714 | VERB:0.1224,40,98
ADJ:0.0435 | ADP:0.0870 | ADV:0.1522 | AUX:0.0435 | CCONJ:0.0217 | DET:0.0217 | NOUN:0.1304 | PART:0.0217 | PRON:0.1957 | PUNCT:0.0652 | SCONJ:0.0217 | SPACE:0.0217 | VERB:0.1739,ADJ:0.0879 | ADP:0.0879 | ADV:0.1209 | AUX:0.0879 | CCONJ:0.0110 | DET:0.0110 | INTJ:0.0110 | NOUN:0.1978 | PART:0.0440 | PRON:0.0989 | PUNCT:0.0989 | SCONJ:0.0549 | VERB:0.0879,46,91
ADJ:0.0417 | ADP:0.1250 | ADV:0.0833 | AUX:0.0833 | NOUN:0.2083 | NUM:0.0417 | PART:0.0417 | PRON:0.1250 | PUNCT:0.1250 | SCONJ:0.0417 | VERB:0.0833,ADJ:0.0667 | ADP:0.0571 | ADV:0.1143 | AUX:0.0571 | CCONJ:0.0190 | DET:0.0381 | NOUN:0.1905 | PART:0.0381 | PRON:0.1238 | PUNCT:0.0762 | SCONJ:0.0667 | VERB:0.1524,24,105
ADV:0.5000 | PUNCT:0.5000,ADJ:0.0596 | ADP:0.0795 | ADV:0.0927 | AUX:0.0662 | CCONJ:0.0530 | DET:0.0199 | NOUN:0.1788 | PART:0.0464 | PRON:0.1391 | PUNCT:0.0993 | SCONJ:0.0265 | SPACE:0.0066 | VERB:0.1325,2,151
ADP:0.3000 | ADV:0.2000 | NOUN:0.1000 | PART:0.1000 | PUNCT:0.1000 | VERB:0.2000,ADJ:0.0952 | ADP:0.0762 | ADV:0.1143 | AUX:0.0381 | CCONJ:0.0571 | DET:0.0095 | INTJ:0.0095 | NOUN:0.1524 | PART:0.0476 | PRON:0.1048 | PROPN:0.0190 | PUNCT:0.0952 | SCONJ:0.0095 | VERB:0.1714,10,105
ADJ:0.0968 | ADP:0.0323 | ADV:0.1613 | AUX:0.0323 | CCONJ:0.0323 | DET:0.1290 | NOUN:0.1613 | PRON:0.0645 | PUNCT:0.1613 | SCONJ:0.0323 | VERB:0.0968,ADJ:0.0685 | ADP:0.0959 | ADV:0.0959 | AUX:0.0411 | CCONJ:0.0548 | DET:0.0137 | INTJ:0.0137 | NOUN:0.1781 | PART:0.0137 | PRON:0.0959 | PROPN:0.0685 | PUNCT:0.1370 | SCONJ:0.0137 | VERB:0.1096,31,73
NOUN:1.0000,ADJ:0.1000 | ADP:0.0625 | ADV:0.1125 | AUX:0.0500 | CCONJ:0.0500 | DET:0.0125 | NOUN:0.1125 | PART:0.0250 | PRON:0.1125 | PROPN:0.0500 | PUNCT:0.1375 | VERB:0.1750,1,80
ADP:0.0833 | ADV:0.0833 | AUX:0.0833 | DET:0.0833 | NOUN:0.2500 | PUNCT:0.1667 | SPACE:0.1667 | VERB:0.0833,ADJ:0.0789 | ADP:0.1316 | ADV:0.0921 | AUX:0.0658 | CCONJ:0.0658 | DET:0.0132 | INTJ:0.0132 | NOUN:0.1842 | PRON:0.0921 | PROPN:0.0263 | PUNCT:0.1184 | VERB:0.1184,12,76
ADJ:0.1000 | ADP:0.1000 | ADV:0.1000 | AUX:0.1000 | PRON:0.2000 | PUNCT:0.1000 | SPACE:0.2000 | VERB:0.1000,ADJ:0.0886 | ADP:0.0759 | ADV:0.1013 | AUX:0.0633 | CCONJ:0.0253 | DET:0.0380 | INTJ:0.0127 | NOUN:0.1519 | PART:0.0633 | PRON:0.1013 | PROPN:0.0253 | PUNCT:0.1013 | VERB:0.1519,10,79
ADV:0.2500 | AUX:0.1250 | NOUN:0.1250 | PRON:0.1250 | PUNCT:0.2500 | VERB:0.1250,ADJ:0.0723 | ADP:0.0723 | ADV:0.0723 | AUX:0.0723 | CCONJ:0.0602 | DET:0.0361 | INTJ:0.0120 | NOUN:0.1566 | PART:0.0482 | PRON:0.0843 | PROPN:0.0361 | PUNCT:0.0964 | SCONJ:0.0120 | VERB:0.1687,8,83
ADJ:0.0577 | ADP:0.1154 | ADV:0.0577 | AUX:0.0577 | CCONJ:0.0385 | DET:0.0577 | NOUN:0.1538 | NUM:0.0769 | PART:0.0192 | PRON:0.1346 | PROPN:0.0192 | PUNCT:0.0769 | SYM:0.0385 | VERB:0.0962,ADJ:0.0526 | ADP:0.0737 | ADV:0.0947 | AUX:0.0947 | CCONJ:0.0421 | DET:0.0105 | INTJ:0.0105 | NOUN:0.0947 | PART:0.0421 | PRON:0.1684 | PROPN:0.0526 | PUNCT:0.0947 | SCONJ:0.0105 | VERB:0.1579,52,95
ADJ:0.0556 | ADP:0.0556 | ADV:0.0556 | AUX:0.0556 | CCONJ:0.0556 | NOUN:0.2222 | PRON:0.1667 | PUNCT:0.2222 | VERB:0.1111,ADJ:0.0732 | ADP:0.0854 | ADV:0.1341 | AUX:0.0610 | CCONJ:0.0244 | DET:0.0244 | INTJ:0.0122 | NOUN:0.1463 | PART:0.0366 | PRON:0.1098 | PROPN:0.0244 | PUNCT:0.0976 | VERB:0.1707,18,82
ADJ:0.0714 | ADV:0.1429 | AUX:0.0714 | CCONJ:0.0714 | NOUN:0.1429 | PRON:0.1429 | PUNCT:0.2143 | VERB:0.1429,ADJ:0.0822 | ADP:0.0548 | ADV:0.0548 | AUX:0.0548 | CCONJ:0.0548 | DET:0.0548 | INTJ:0.0137 | NOUN:0.1370 | PART:0.0137 | PRON:0.1096 | PROPN:0.0548 | PUNCT:0.1096 | SCONJ:0.0274 | VERB:0.1781,14,73
PRON:1.0000,ADJ:0.0761 | ADP:0.0652 | ADV:0.1196 | AUX:0.0761 | CCONJ:0.0435 | DET:0.0217 | INTJ:0.0109 | NOUN:0.1413 | PART:0.0435 | PRON:0.0978 | PROPN:0.0109 | PUNCT:0.0978 | VERB:0.1957,1,92
ADJ:0.0769 | ADP:0.0769 | ADV:0.2308 | AUX:0.0769 | DET:0.0769 | NOUN:0.2308 | PRON:0.0769 | SPACE:0.0769 | VERB:0.0769,ADJ:0.0680 | ADP:0.0583 | ADV:0.1165 | AUX:0.0680 | CCONJ:0.0583 | INTJ:0.0097 | NOUN:0.1359 | PART:0.0388 | PRON:0.1262 | PROPN:0.0291 | PUNCT:0.0971 | SCONJ:0.0194 | VERB:0.1748,13,103
ADJ:0.0545 | ADP:0.0364 | ADV:0.1091 | AUX:0.0727 | CCONJ:0.0182 | DET:0.0909 | NOUN:0.1273 | PART:0.0364 | PRON:0.1818 | PUNCT:0.0545 | SCONJ:0.0364 | SPACE:0.0182 | VERB:0.1636,ADJ:0.0645 | ADP:0.0968 | ADV:0.1371 | AUX:0.0806 | CCONJ:0.0403 | DET:0.0242 | INTJ:0.0081 | NOUN:0.1371 | PART:0.0323 | PRON:0.1290 | PUNCT:0.0806 | SCONJ:0.0484 | VERB:0.1210,55,124
ADJ:0.0548 | ADP:0.1644 | ADV:0.0822 | AUX:0.0411 | CCONJ:0.0137 | DET:0.0274 | NOUN:0.2329 | NUM:0.0137 | PART:0.0137 | PRON:0.0685 | PUNCT:0.1233 | SCONJ:0.0411 | SPACE:0.0137 | VERB:0.1096,ADJ:0.0550 | ADP:0.0826 | ADV:0.1101 | AUX:0.1101 | CCONJ:0.0183 | DET:0.0275 | INTJ:0.0092 | NOUN:0.1468 | PART:0.0092 | PRON:0.1376 | PROPN:0.0092 | PUNCT:0.1101 | SCONJ:0.0550 | VERB:0.1193,73,109
ADJ:0.0625 | ADP:0.0625 | ADV:0.1375 | AUX:0.0500 | CCONJ:0.0375 | DET:0.0250 | INTJ:0.0250 | NOUN:0.1625 | PART:0.0250 | PRON:0.0875 | PUNCT:0.1375 | SCONJ:0.0500 | SPACE:0.0125 | SYM:0.0125 | VERB:0.1125,ADJ:0.0566 | ADP:0.0943 | ADV:0.1038 | AUX:0.0849 | CCONJ:0.0283 | DET:0.0283 | INTJ:0.0094 | NOUN:0.1321 | PART:0.0377 | PRON:0.1415 | PROPN:0.0094 | PUNCT:0.0849 | SCONJ:0.0566 | VERB:0.1321,80,106
ADJ:0.0526 | ADP:0.0526 | ADV:0.1053 | CCONJ:0.1053 | NOUN:0.2105 | PRON:0.1579 | PUNCT:0.1053 | SCONJ:0.0526 | VERB:0.1579,ADJ:0.0765 | ADP:0.1118 | ADV:0.1176 | AUX:0.0588 | CCONJ:0.0353 | DET:0.0706 | NOUN:0.1765 | PART:0.0235 | PRON:0.1000 | PUNCT:0.0882 | SCONJ:0.0529 | VERB:0.0882,19,170
ADJ:0.1079 | ADP:0.0576 | ADV:0.0863 | AUX:0.0647 | CCONJ:0.0360 | DET:0.0360 | INTJ:0.0072 | NOUN:0.1727 | PART:0.0504 | PRON:0.1151 | PROPN:0.0072 | PUNCT:0.1079 | SCONJ:0.0432 | SPACE:0.0360 | VERB:0.0719,ADJ:0.1019 | ADP:0.1111 | ADV:0.0741 | AUX:0.0463 | CCONJ:0.0278 | DET:0.0833 | NOUN:0.2037 | PART:0.0556 | PRON:0.0741 | PUNCT:0.0926 | SCONJ:0.0278 | VERB:0.1019,139,108
ADJ:0.0667 | ADP:0.0667 | ADV:0.1667 | AUX:0.0667 | CCONJ:0.0667 | NOUN:0.1667 | PART:0.0667 | PRON:0.0667 | PUNCT:0.0667 | SCONJ:0.0333 | VERB:0.1667,ADJ:0.1221 | ADP:0.0687 | ADV:0.1298 | AUX:0.0305 | CCONJ:0.0534 | DET:0.0458 | NOUN:0.1679 | PART:0.0229 | PRON:0.1069 | PUNCT:0.1221 | SCONJ:0.0153 | VERB:0.1145,30,131
ADJ:0.0526 | ADP:0.0351 | ADV:0.1404 | AUX:0.0351 | CCONJ:0.0175 | DET:0.0702 | NOUN:0.1404 | PART:0.0351 | PRON:0.1404 | PROPN:0.0175 | PUNCT:0.1228 | SCONJ:0.0702 | VERB:0.1228,ADJ:0.0640 | ADP:0.1280 | ADV:0.1200 | AUX:0.0240 | CCONJ:0.0240 | DET:0.0560 | NOUN:0.1840 | PART:0.0080 | PRON:0.1360 | PUNCT:0.0960 | SCONJ:0.0400 | VERB:0.1200,57,125
ADJ:0.0792 | ADP:0.1287 | ADV:0.0693 | AUX:0.0693 | CCONJ:0.0198 | DET:0.0495 | NOUN:0.1782 | PART:0.0396 | PRON:0.1485 | PUNCT:0.0792 | SCONJ:0.0198 | VERB:0.1188,ADJ:0.1119 | ADP:0.0769 | ADV:0.0769 | AUX:0.0420 | CCONJ:0.0140 | DET:0.0839 | NOUN:0.1748 | PART:0.0210 | PRON:0.1399 | PUNCT:0.0979 | SCONJ:0.0420 | VERB:0.1189,101,143
ADJ:0.0526 | ADP:0.0526 | ADV:0.1053 | AUX:0.0526 | CCONJ:0.0526 | DET:0.0526 | INTJ:0.0263 | NOUN:0.1316 | PART:0.0263 | PRON:0.0789 | PUNCT:0.1579 | SCONJ:0.0526 | SPACE:0.0789 | VERB:0.0789,ADJ:0.0760 | ADP:0.0760 | ADV:0.0877 | AUX:0.0234 | CCONJ:0.0643 | DET:0.0526 | NOUN:0.1696 | PART:0.0117 | PRON:0.1462 | PROPN:0.0058 | PUNCT:0.0936 | SCONJ:0.0585 | VERB:0.1345,38,171
ADJ:0.1000 | ADP:0.0333 | ADV:0.1667 | AUX:0.1333 | CCONJ:0.0333 | DET:0.0667 | NOUN:0.0667 | NUM:0.0333 | PRON:0.1333 | PUNCT:0.0667 | SCONJ:0.0333 | VERB:0.1333,ADJ:0.0566 | ADP:0.1132 | ADV:0.1415 | AUX:0.0094 | CCONJ:0.0283 | DET:0.0377 | NOUN:0.1509 | PART:0.0283 | PRON:0.1509 | PUNCT:0.0755 | SCONJ:0.0377 | VERB:0.1698,30,106
ADJ:0.1250 | ADP:0.0833 | AUX:0.1250 | CCONJ:0.0417 | NOUN:0.1667 | PART:0.0417 | PRON:0.2083 | PUNCT:0.0417 | SCONJ:0.0417 | VERB:0.1250,ADJ:0.0791 | ADP:0.0432 | ADV:0.1151 | AUX:0.0432 | CCONJ:0.0360 | DET:0.0432 | NOUN:0.1367 | PART:0.0144 | PRON:0.1511 | PUNCT:0.0935 | SCONJ:0.0935 | VERB:0.1511,24,139
ADJ:0.0411 | ADP:0.0959 | ADV:0.1233 | AUX:0.0548 | CCONJ:0.0137 | DET:0.0137 | NOUN:0.1781 | PART:0.0411 | PRON:0.1233 | PUNCT:0.0548 | SCONJ:0.0959 | SPACE:0.0137 | VERB:0.1507,ADJ:0.0733 | ADP:0.1400 | ADV:0.0933 | AUX:0.0333 | CCONJ:0.0467 | DET:0.0533 | NOUN:0.1933 | PART:0.0133 | PRON:0.1200 | PUNCT:0.0867 | SCONJ:0.0533 | VERB:0.0933,73,150
ADJ:0.0667 | ADP:0.0667 | ADV:0.1333 | NOUN:0.2667 | PART:0.0667 | PRON:0.1333 | PUNCT:0.0667 | SCONJ:0.0667 | VERB:0.1333,ADJ:0.1040 | ADP:0.0880 | ADV:0.0880 | AUX:0.0320 | CCONJ:0.0560 | DET:0.0400 | NOUN:0.1840 | PART:0.0160 | PRON:0.1280 | PUNCT:0.1360 | SCONJ:0.0240 | SYM:0.0080 | VERB:0.0960,15,125
ADJ:0.1034 | ADP:0.0690 | ADV:0.0517 | AUX:0.0172 | CCONJ:0.0517 | DET:0.0345 | NOUN:0.2414 | PART:0.0172 | PRON:0.1034 | PUNCT:0.1379 | SCONJ:0.0345 | VERB:0.1379,ADJ:0.0849 | ADP:0.1038 | ADV:0.1226 | AUX:0.0189 | CCONJ:0.0566 | DET:0.0472 | NOUN:0.1981 | PRON:0.1132 | PUNCT:0.0943 | SCONJ:0.0283 | VERB:0.1321,58,106
ADJ:0.0530 | ADP:0.0303 | ADV:0.0985 | AUX:0.0455 | CCONJ:0.0227 | DET:0.0455 | NOUN:0.1894 | NUM:0.0076 | PART:0.0076 | PRON:0.1894 | PROPN:0.0076 | PUNCT:0.0909 | SCONJ:0.0455 | SPACE:0.0076 | VERB:0.1591,ADJ:0.1081 | ADP:0.0811 | ADV:0.1014 | AUX:0.0135 | CCONJ:0.0270 | DET:0.0608 | NOUN:0.1824 | PRON:0.1284 | PUNCT:0.1081 | SCONJ:0.0608 | VERB:0.1284,132,148
ADJ:0.1129 | ADP:0.0645 | ADV:0.1129 | AUX:0.0645 | CCONJ:0.0161 | DET:0.0323 | NOUN:0.1290 | PART:0.0806 | PRON:0.1129 | PROPN:0.0161 | PUNCT:0.0645 | SCONJ:0.0323 | SPACE:0.0161 | VERB:0.1452,ADJ:0.0980 | ADP:0.0850 | ADV:0.0980 | AUX:0.0392 | CCONJ:0.0327 | DET:0.0654 | NOUN:0.1307 | PART:0.0327 | PRON:0.1176 | PUNCT:0.1176 | SCONJ:0.0588 | VERB:0.1242,62,153
ADJ:0.1266 | ADP:0.0506 | ADV:0.1139 | AUX:0.0506 | CCONJ:0.0759 | DET:0.0127 | NOUN:0.1392 | PRON:0.1392 | PUNCT:0.1392 | SCONJ:0.0253 | SPACE:0.0253 | VERB:0.1013,ADJ:0.0621 | ADP:0.1118 | ADV:0.0870 | AUX:0.0435 | CCONJ:0.0248 | DET:0.0683 | INTJ:0.0062 | NOUN:0.1801 | PART:0.0311 | PRON:0.1242 | PUNCT:0.0932 | SCONJ:0.0311 | SPACE:0.0124 | VERB:0.1242,79,161
ADJ:0.1379 | ADP:0.0345 | AUX:0.0690 | CCONJ:0.1034 | DET:0.0690 | NOUN:0.2414 | PRON:0.1034 | PUNCT:0.1379 | VERB:0.1034,ADJ:0.0890 | ADP:0.0890 | ADV:0.1096 | AUX:0.0548 | CCONJ:0.0479 | DET:0.0753 | NOUN:0.1507 | PART:0.0137 | PRON:0.1164 | PUNCT:0.1027 | SCONJ:0.0548 | VERB:0.0959,29,146
ADJ:0.0938 | ADP:0.0938 | ADV:0.0469 | AUX:0.0469 | CCONJ:0.0625 | DET:0.0312 | NOUN:0.2344 | PART:0.0156 | PRON:0.0625 | PUNCT:0.0781 | SCONJ:0.0625 | SPACE:0.0156 | SYM:0.0625 | VERB:0.0938,ADJ:0.0458 | ADP:0.0840 | ADV:0.0763 | AUX:0.0382 | CCONJ:0.0229 | DET:0.0763 | NOUN:0.1679 | PART:0.0305 | PRON:0.1603 | PUNCT:0.0916 | SCONJ:0.0687 | VERB:0.1374,64,131
ADJ:0.1795 | ADV:0.0256 | AUX:0.0513 | NOUN:0.2051 | PART:0.0256 | PRON:0.0769 | PUNCT:0.1795 | SCONJ:0.1026 | SPACE:0.0513 | VERB:0.1026,ADJ:0.0833 | ADP:0.0926 | ADV:0.0556 | AUX:0.0556 | CCONJ:0.0278 | DET:0.0648 | NOUN:0.1759 | PART:0.0278 | PRON:0.1389 | PUNCT:0.1019 | SCONJ:0.0556 | VERB:0.1204,39,108
ADJ:0.1000 | ADV:0.2000 | CCONJ:0.0500 | NOUN:0.1500 | PART:0.0500 | PRON:0.0500 | PUNCT:0.2000 | SCONJ:0.0500 | VERB:0.1500,ADJ:0.0994 | ADP:0.0939 | ADV:0.1105 | AUX:0.0387 | CCONJ:0.0331 | DET:0.0718 | NOUN:0.1768 | PART:0.0110 | PRON:0.1160 | PUNCT:0.1105 | SCONJ:0.0442 | VERB:0.0939,20,181
ADJ:0.0312 | ADP:0.1562 | ADV:0.0625 | AUX:0.0625 | DET:0.0312 | NOUN:0.1562 | PRON:0.2188 | PUNCT:0.0938 | SPACE:0.0312 | VERB:0.1562,ADJ:0.0828 | ADP:0.1103 | ADV:0.0897 | AUX:0.0207 | CCONJ:0.0414 | DET:0.0759 | NOUN:0.2000 | PART:0.0138 | PRON:0.1103 | PUNCT:0.1172 | SCONJ:0.0414 | VERB:0.0966,32,145
ADJ:0.1538 | ADP:0.0769 | AUX:0.0769 | DET:0.0769 | NOUN:0.3077 | PRON:0.0769 | PUNCT:0.2308,ADJ:0.0743 | ADP:0.0811 | ADV:0.0878 | AUX:0.0541 | CCONJ:0.0541 | DET:0.0405 | NOUN:0.1419 | PART:0.0135 | PRON:0.1486 | PUNCT:0.1622 | SCONJ:0.0338 | VERB:0.1081,13,148
ADJ:0.0577 | ADP:0.0769 | ADV:0.1154 | AUX:0.0385 | DET:0.0577 | INTJ:0.0192 | NOUN:0.1346 | PART:0.0192 | PRON:0.1346 | PROPN:0.0192 | PUNCT:0.0962 | SCONJ:0.0385 | SPACE:0.0192 | SYM:0.0192 | VERB:0.1538,ADJ:0.0522 | ADP:0.0870 | ADV:0.0696 | AUX:0.0783 | CCONJ:0.0522 | DET:0.0174 | NOUN:0.1739 | PART:0.0087 | PRON:0.1478 | PUNCT:0.1217 | SCONJ:0.0957 | VERB:0.0957,52,115
ADJ:0.0876 | ADP:0.0730 | ADV:0.0949 | AUX:0.0584 | CCONJ:0.0146 | DET:0.0657 | INTJ:0.0073 | NOUN:0.1533 | PART:0.0146 | PRON:0.1460 | PROPN:0.0365 | PUNCT:0.1022 | SCONJ:0.0438 | SPACE:0.0073 | VERB:0.0949,ADJ:0.0795 | ADP:0.0852 | ADV:0.1023 | AUX:0.0511 | CCONJ:0.0455 | DET:0.0568 | NOUN:0.1705 | PART:0.0114 | PRON:0.1193 | PUNCT:0.0909 | SCONJ:0.0682 | VERB:0.1193,137,176
ADJ:0.0952 | ADP:0.0952 | ADV:0.0952 | DET:0.0952 | NOUN:0.2381 | PRON:0.0476 | PUNCT:0.1429 | SCONJ:0.0952 | VERB:0.0952,ADJ:0.0794 | ADP:0.0873 | ADV:0.1429 | AUX:0.0317 | CCONJ:0.0317 | DET:0.0794 | NOUN:0.1746 | PART:0.0159 | PRON:0.0873 | PUNCT:0.0952 | SCONJ:0.0635 | VERB:0.1111,21,126
ADJ:0.0857 | ADP:0.1143 | ADV:0.1143 | AUX:0.0286 | CCONJ:0.0571 | DET:0.0571 | NOUN:0.2286 | PRON:0.0571 | PUNCT:0.1143 | SCONJ:0.0286 | SYM:0.0286 | VERB:0.0857,ADJ:0.1119 | ADP:0.1049 | ADV:0.0839 | AUX:0.0490 | CCONJ:0.0280 | DET:0.0979 | NOUN:0.2028 | PART:0.0070 | PRON:0.0909 | PUNCT:0.1049 | SCONJ:0.0350 | VERB:0.0839,35,143
ADJ:0.1190 | ADP:0.0952 | ADV:0.0714 | AUX:0.0714 | DET:0.0952 | NOUN:0.2381 | PART:0.0238 | PRON:0.1190 | PUNCT:0.0714 | SCONJ:0.0476 | VERB:0.0476,ADJ:0.0774 | ADP:0.0833 | ADV:0.1429 | AUX:0.0476 | CCONJ:0.0536 | DET:0.0357 | NOUN:0.1369 | PART:0.0119 | PRON:0.1488 | PROPN:0.0060 | PUNCT:0.0774 | SCONJ:0.0536 | SPACE:0.0060 | VERB:0.1190,42,168
ADJ:0.0769 | ADP:0.0513 | ADV:0.1795 | AUX:0.0641 | CCONJ:0.0128 | DET:0.0128 | NOUN:0.1154 | PART:0.0256 | PRON:0.1282 | PUNCT:0.1410 | SCONJ:0.0385 | SYM:0.0128 | VERB:0.1410,ADJ:0.0992 | ADP:0.1221 | ADV:0.1069 | AUX:0.0611 | CCONJ:0.0458 | DET:0.0305 | NOUN:0.1603 | PART:0.0076 | PRON:0.1374 | PUNCT:0.0992 | SCONJ:0.0534 | VERB:0.0763,78,131
ADJ:0.0732 | ADP:0.0447 | ADV:0.0691 | AUX:0.0122 | CCONJ:0.0122 | DET:0.0203 | NOUN:0.2642 | NUM:0.0854 | PART:0.0122 | PRON:0.0285 | PROPN:0.0325 | PUNCT:0.1626 | SCONJ:0.0122 | SPACE:0.1016 | SYM:0.0081 | VERB:0.0610,ADJ:0.0897 | ADP:0.0897 | ADV:0.1586 | AUX:0.0276 | CCONJ:0.0345 | DET:0.0483 | NOUN:0.1724 | PART:0.0069 | PRON:0.0897 | PUNCT:0.0897 | SCONJ:0.0690 | VERB:0.1241,246,145
ADJ:0.1271 | ADP:0.0884 | ADV:0.0884 | AUX:0.0718 | CCONJ:0.0387 | DET:0.0552 | NOUN:0.1381 | PART:0.0166 | PRON:0.1436 | PROPN:0.0166 | PUNCT:0.0663 | SCONJ:0.0221 | SPACE:0.0221 | VERB:0.1050,ADJ:0.0513 | ADP:0.1026 | ADV:0.1026 | AUX:0.0256 | CCONJ:0.0449 | DET:0.0705 | NOUN:0.1859 | PART:0.0128 | PRON:0.1410 | PUNCT:0.1026 | SCONJ:0.0321 | VERB:0.1282,181,156
ADJ:0.0882 | ADP:0.0588 | CCONJ:0.0294 | DET:0.0294 | INTJ:0.0588 | NOUN:0.2647 | PRON:0.0588 | PUNCT:0.3529 | VERB:0.0588,ADJ:0.1062 | ADP:0.0875 | ADV:0.0625 | AUX:0.0563 | CCONJ:0.0500 | DET:0.0563 | NOUN:0.2125 | PART:0.0125 | PRON:0.1000 | PUNCT:0.1062 | SCONJ:0.0500 | VERB:0.1000,34,160
ADJ:0.1667 | ADP:0.0417 | ADV:0.1667 | AUX:0.0417 | DET:0.0417 | NOUN:0.1667 | PART:0.0833 | PUNCT:0.1667 | VERB:0.1250,ADJ:0.0889 | ADP:0.0667 | ADV:0.0963 | AUX:0.0519 | CCONJ:0.0444 | DET:0.0222 | NOUN:0.1926 | PRON:0.1111 | PUNCT:0.1111 | SCONJ:0.0963 | VERB:0.1185,24,135
NOUN:0.5000 | VERB:0.5000,ADJ:0.0976 | ADP:0.0732 | ADV:0.1220 | AUX:0.0854 | DET:0.0610 | NOUN:0.1463 | NUM:0.0122 | PART:0.0122 | PRON:0.0976 | PROPN:0.0366 | PUNCT:0.1585 | SCONJ:0.0122 | VERB:0.0854,2,82
ADJ:0.1471 | ADP:0.0588 | ADV:0.0882 | AUX:0.0588 | DET:0.0588 | NOUN:0.2059 | PART:0.0294 | PRON:0.0588 | PUNCT:0.1765 | SPACE:0.0294 | VERB:0.0882,ADJ:0.0465 | ADP:0.0814 | ADV:0.1395 | AUX:0.0930 | CCONJ:0.0349 | DET:0.0116 | NOUN:0.1860 | PRON:0.0930 | PROPN:0.0465 | PUNCT:0.1395 | SCONJ:0.0233 | VERB:0.1047,34,86
ADJ:0.0896 | ADP:0.0833 | ADV:0.1021 | AUX:0.0479 | CCONJ:0.0312 | DET:0.0417 | INTJ:0.0021 | NOUN:0.1812 | NUM:0.0021 | PART:0.0167 | PRON:0.1021 | PROPN:0.0333 | PUNCT:0.1208 | SCONJ:0.0292 | SPACE:0.0167 | SYM:0.0021 | VERB:0.0979,ADJ:0.0824 | ADP:0.0941 | ADV:0.0941 | AUX:0.0588 | CCONJ:0.0471 | DET:0.0118 | NOUN:0.1765 | PRON:0.1176 | PROPN:0.0353 | PUNCT:0.1647 | SCONJ:0.0118 | VERB:0.1059,480,85
ADJ:0.0533 | ADP:0.1067 | ADV:0.0667 | AUX:0.0400 | CCONJ:0.0267 | DET:0.0133 | NOUN:0.1867 | PRON:0.0800 | PROPN:0.0933 | PUNCT:0.1600 | SPACE:0.0667 | SYM:0.0133 | VERB:0.0933,ADJ:0.0720 | ADP:0.0640 | ADV:0.1040 | AUX:0.0560 | CCONJ:0.0160 | DET:0.0480 | NOUN:0.0960 | NUM:0.0640 | PART:0.0080 | PRON:0.1200 | PROPN:0.0560 | PUNCT:0.1680 | SCONJ:0.0080 | SPACE:0.0400 | VERB:0.0800,75,125
ADJ:0.1579 | ADV:0.2632 | AUX:0.0526 | CCONJ:0.0526 | DET:0.0526 | NOUN:0.1053 | PRON:0.1053 | PROPN:0.0526 | PUNCT:0.0526 | VERB:0.1053,ADJ:0.0667 | ADP:0.0762 | ADV:0.0952 | AUX:0.0857 | CCONJ:0.0286 | DET:0.0286 | NOUN:0.1238 | PRON:0.1333 | PROPN:0.0762 | PUNCT:0.1524 | SCONJ:0.0190 | VERB:0.1143,19,105
ADJ:0.0875 | ADP:0.0375 | ADV:0.1375 | AUX:0.0500 | CCONJ:0.0250 | DET:0.0375 | NOUN:0.1625 | NUM:0.0250 | PART:0.0250 | PRON:0.1125 | PROPN:0.0375 | PUNCT:0.1375 | SPACE:0.0375 | VERB:0.0875,ADJ:0.0654 | ADP:0.0841 | ADV:0.1402 | AUX:0.0654 | CCONJ:0.0187 | DET:0.0374 | NOUN:0.1308 | PART:0.0187 | PRON:0.1308 | PROPN:0.0467 | PUNCT:0.1215 | SCONJ:0.0187 | VERB:0.1215,80,107
ADJ:0.1200 | ADP:0.0800 | ADV:0.1600 | AUX:0.0400 | DET:0.0800 | INTJ:0.0400 | NOUN:0.0800 | PRON:0.0400 | PROPN:0.1200 | PUNCT:0.0800 | SCONJ:0.0400 | SPACE:0.0400 | VERB:0.0800,ADJ:0.0400 | ADP:0.0533 | ADV:0.1133 | AUX:0.0867 | CCONJ:0.0067 | DET:0.0333 | INTJ:0.0067 | NOUN:0.1533 | NUM:0.0267 | PART:0.0133 | PRON:0.1333 | PROPN:0.0333 | PUNCT:0.1333 | SCONJ:0.0133 | SPACE:0.0333 | VERB:0.1200,25,150
ADJ:0.0928 | ADP:0.0619 | ADV:0.1031 | AUX:0.0722 | CCONJ:0.0412 | DET:0.0309 | NOUN:0.1443 | PART:0.0309 | PRON:0.1340 | PROPN:0.0412 | PUNCT:0.0722 | SCONJ:0.0412 | SPACE:0.0309 | VERB:0.1031,ADJ:0.0551 | ADP:0.0551 | ADV:0.0787 | AUX:0.0709 | CCONJ:0.0079 | DET:0.0236 | INTJ:0.0079 | NOUN:0.1890 | NUM:0.0394 | PART:0.0079 | PRON:0.1102 | PROPN:0.0394 | PUNCT:0.1181 | SCONJ:0.0157 | SPACE:0.0472 | VERB:0.1339,97,127
ADJ:0.0835 | ADP:0.0582 | ADV:0.1418 | AUX:0.0582 | CCONJ:0.0557 | DET:0.0253 | NOUN:0.1418 | PART:0.0304 | PRON:0.1241 | PROPN:0.0228 | PUNCT:0.1139 | SCONJ:0.0228 | SPACE:0.0253 | VERB:0.0962,ADJ:0.0816 | ADP:0.0612 | ADV:0.1224 | AUX:0.0544 | CCONJ:0.0272 | DET:0.0408 | INTJ:0.0136 | NOUN:0.1156 | PART:0.0272 | PRON:0.1020 | PROPN:0.0612 | PUNCT:0.1224 | SCONJ:0.0476 | SPACE:0.0136 | VERB:0.1088,395,147
ADJ:0.1053 | ADP:0.0526 | ADV:0.1053 | CCONJ:0.0526 | DET:0.0526 | NOUN:0.2105 | PRON:0.0526 | PROPN:0.1053 | PUNCT:0.1579 | SYM:0.0526 | VERB:0.0526,ADJ:0.0784 | ADP:0.0686 | ADV:0.1765 | AUX:0.0980 | CCONJ:0.0196 | DET:0.0098 | NOUN:0.0980 | PART:0.0294 | PRON:0.0882 | PROPN:0.0784 | PUNCT:0.1176 | SCONJ:0.0294 | VERB:0.1078,19,102
ADP:0.0556 | AUX:0.0556 | CCONJ:0.0556 | DET:0.0556 | NOUN:0.1111 | PRON:0.1667 | PROPN:0.1111 | PUNCT:0.2222 | SCONJ:0.0556 | VERB:0.1111,ADJ:0.0489 | ADP:0.0924 | ADV:0.0978 | AUX:0.0543 | CCONJ:0.0543 | DET:0.0380 | INTJ:0.0109 | NOUN:0.1576 | NUM:0.0380 | PART:0.0109 | PRON:0.1033 | PROPN:0.0217 | PUNCT:0.1522 | SCONJ:0.0217 | SPACE:0.0272 | VERB:0.0707,18,184
ADJ:0.1250 | ADP:0.1250 | ADV:0.1250 | AUX:0.0625 | CCONJ:0.0312 | NOUN:0.0625 | NUM:0.0312 | PRON:0.0938 | PROPN:0.0625 | PUNCT:0.0938 | SPACE:0.0938 | VERB:0.0938,ADJ:0.0563 | ADP:0.0845 | ADV:0.0423 | AUX:0.0423 | CCONJ:0.0211 | DET:0.0070 | INTJ:0.0070 | NOUN:0.1620 | NUM:0.0704 | PART:0.0211 | PRON:0.0775 | PROPN:0.0352 | PUNCT:0.2817 | SCONJ:0.0070 | SPACE:0.0423 | VERB:0.0423,32,142
ADJ:0.0556 | ADP:0.1111 | ADV:0.0556 | AUX:0.0278 | CCONJ:0.0278 | DET:0.0278 | NOUN:0.1667 | PRON:0.1667 | PROPN:0.0556 | PUNCT:0.1111 | SCONJ:0.0833 | VERB:0.1111,ADJ:0.0667 | ADP:0.0848 | ADV:0.1091 | AUX:0.0545 | CCONJ:0.0242 | DET:0.0303 | INTJ:0.0061 | NOUN:0.1091 | NUM:0.0485 | PART:0.0182 | PRON:0.0545 | PROPN:0.0364 | PUNCT:0.2667 | SCONJ:0.0121 | SPACE:0.0242 | VERB:0.0545,36,165
ADJ:0.3333 | NOUN:0.3333 | PUNCT:0.3333,ADJ:0.0661 | ADP:0.0909 | ADV:0.1157 | AUX:0.0331 | CCONJ:0.0248 | DET:0.0165 | NOUN:0.1322 | NUM:0.0579 | PART:0.0331 | PRON:0.0744 | PROPN:0.0413 | PUNCT:0.1570 | SCONJ:0.0083 | SPACE:0.0413 | VERB:0.1074,3,121
ADJ:0.1250 | ADP:0.0625 | ADV:0.1250 | AUX:0.0625 | NOUN:0.0625 | PRON:0.0625 | PROPN:0.1875 | PUNCT:0.1250 | SPACE:0.0625 | VERB:0.1250,ADJ:0.0614 | ADP:0.1053 | ADV:0.1053 | AUX:0.0789 | CCONJ:0.0175 | DET:0.0439 | NOUN:0.1140 | PART:0.0175 | PRON:0.1491 | PROPN:0.0614 | PUNCT:0.1404 | SCONJ:0.0175 | VERB:0.0877,16,114
ADJ:0.0185 | ADP:0.0926 | ADV:0.1667 | AUX:0.0185 | CCONJ:0.0556 | DET:0.0741 | NOUN:0.2778 | PART:0.0185 | PRON:0.0556 | PROPN:0.0185 | PUNCT:0.1481 | VERB:0.0556,ADJ:0.0781 | ADP:0.0859 | ADV:0.1172 | AUX:0.0781 | CCONJ:0.0234 | DET:0.0469 | NOUN:0.1406 | NUM:0.0391 | PART:0.0156 | PRON:0.0781 | PROPN:0.0547 | PUNCT:0.1094 | SPACE:0.0391 | VERB:0.0938,54,128
ADJ:0.2500 | ADP:0.1250 | ADV:0.1250 | NOUN:0.2500 | PRON:0.1250 | VERB:0.1250,ADJ:0.0741 | ADP:0.0556 | ADV:0.0802 | AUX:0.0370 | CCONJ:0.0309 | DET:0.0309 | INTJ:0.0062 | NOUN:0.1111 | NUM:0.0494 | PART:0.0123 | PRON:0.1111 | PROPN:0.0370 | PUNCT:0.2160 | SCONJ:0.0370 | SPACE:0.0309 | VERB:0.0802,8,162
ADJ:0.1500 | ADP:0.0500 | ADV:0.2000 | AUX:0.0500 | DET:0.0500 | NOUN:0.1500 | PRON:0.0500 | PROPN:0.0500 | PUNCT:0.0500 | SCONJ:0.0500 | SPACE:0.0500 | VERB:0.1000,ADJ:0.0938 | ADP:0.0391 | ADV:0.1016 | AUX:0.0469 | CCONJ:0.0391 | DET:0.0312 | INTJ:0.0156 | NOUN:0.1641 | NUM:0.0312 | PART:0.0078 | PRON:0.0703 | PROPN:0.0547 | PUNCT:0.1562 | SCONJ:0.0156 | SPACE:0.0391 | VERB:0.0938,20,128
ADJ:0.1000 | ADP:0.0773 | ADV:0.0318 | AUX:0.0273 | CCONJ:0.0455 | DET:0.0545 | NOUN:0.2273 | NUM:0.0045 | PART:0.0091 | PRON:0.0545 | PROPN:0.0864 | PUNCT:0.1364 | SCONJ:0.0045 | SPACE:0.0591 | SYM:0.0136 | VERB:0.0682,ADJ:0.0652 | ADP:0.0870 | ADV:0.1087 | AUX:0.0870 | CCONJ:0.0435 | DET:0.0435 | NOUN:0.1848 | PART:0.0109 | PRON:0.0978 | PROPN:0.0652 | PUNCT:0.1196 | SCONJ:0.0109 | SPACE:0.0109 | VERB:0.0652,220,92
ADJ:0.2143 | ADP:0.1429 | ADV:0.2143 | DET:0.0714 | NOUN:0.2143 | PRON:0.0714 | VERB:0.0714,ADJ:0.0783 | ADP:0.0602 | ADV:0.1024 | AUX:0.0723 | CCONJ:0.0361 | DET:0.0241 | NOUN:0.1988 | NUM:0.0241 | PART:0.0060 | PRON:0.0723 | PROPN:0.0301 | PUNCT:0.1446 | SCONJ:0.0181 | SPACE:0.0301 | VERB:0.1024,14,166
ADP:0.1000 | ADV:0.1000 | AUX:0.1333 | NOUN:0.2333 | PRON:0.1667 | PROPN:0.0333 | PUNCT:0.0667 | SPACE:0.0333 | SYM:0.0333 | VERB:0.1000,ADJ:0.0746 | ADP:0.0448 | ADV:0.2090 | AUX:0.0672 | CCONJ:0.0373 | DET:0.0224 | NOUN:0.0896 | NUM:0.0448 | PART:0.0299 | PRON:0.0896 | PROPN:0.0149 | PUNCT:0.1269 | SCONJ:0.0224 | SPACE:0.0373 | VERB:0.0896,30,134
ADJ:0.1200 | ADP:0.0400 | ADV:0.0800 | AUX:0.0800 | DET:0.0400 | NOUN:0.1200 | PRON:0.1600 | PROPN:0.0800 | PUNCT:0.0800 | SPACE:0.0800 | VERB:0.1200,ADJ:0.1000 | ADP:0.0667 | ADV:0.1333 | AUX:0.0556 | CCONJ:0.0111 | DET:0.0444 | INTJ:0.0111 | NOUN:0.1333 | PART:0.0333 | PRON:0.1000 | PROPN:0.0333 | PUNCT:0.1333 | SCONJ:0.0333 | VERB:0.1111,25,90
ADJ:0.0645 | ADP:0.0645 | ADV:0.0968 | AUX:0.0484 | DET:0.0484 | NOUN:0.1290 | PRON:0.0806 | PROPN:0.1129 | PUNCT:0.1935 | SPACE:0.1129 | VERB:0.0484,ADJ:0.0584 | ADP:0.1168 | ADV:0.1022 | AUX:0.0657 | CCONJ:0.0365 | DET:0.0073 | NOUN:0.1533 | NUM:0.0438 | PART:0.0511 | PRON:0.0876 | PROPN:0.0146 | PUNCT:0.0949 | SCONJ:0.0146 | SPACE:0.0365 | VERB:0.1168,62,137
ADJ:0.0526 | ADP:0.0351 | ADV:0.0351 | AUX:0.0175 | CCONJ:0.0175 | NOUN:0.1754 | PART:0.0175 | PRON:0.0526 | PROPN:0.2632 | PUNCT:0.0702 | SCONJ:0.0175 | SPACE:0.1754 | VERB:0.0702,ADJ:0.0751 | ADP:0.0636 | ADV:0.0983 | AUX:0.0636 | CCONJ:0.0462 | DET:0.0173 | INTJ:0.0058 | NOUN:0.1503 | NUM:0.0231 | PART:0.0231 | PRON:0.1040 | PROPN:0.0347 | PUNCT:0.1387 | SCONJ:0.0289 | SPACE:0.0289 | SYM:0.0058 | VERB:0.0925,57,173
ADJ:0.1636 | ADP:0.0727 | ADV:0.0727 | AUX:0.0182 | CCONJ:0.0182 | NOUN:0.1455 | PART:0.0182 | PRON:0.0727 | PROPN:0.0727 | PUNCT:0.1818 | SCONJ:0.0364 | SPACE:0.0545 | VERB:0.0727,ADJ:0.0915 | ADP:0.0549 | ADV:0.0671 | AUX:0.0366 | CCONJ:0.0366 | DET:0.0305 | NOUN:0.1341 | NUM:0.0488 | PART:0.0305 | PRON:0.0793 | PROPN:0.0366 | PUNCT:0.2256 | SCONJ:0.0183 | SPACE:0.0305 | VERB:0.0793,55,164
ADJ:0.1538 | ADP:0.0769 | ADV:0.0769 | CCONJ:0.0385 | DET:0.0385 | NOUN:0.2308 | PRON:0.0385 | PROPN:0.0769 | PUNCT:0.1538 | SPACE:0.0769 | VERB:0.0385,ADJ:0.0707 | ADP:0.0543 | ADV:0.1141 | AUX:0.0598 | CCONJ:0.0272 | DET:0.0272 | INTJ:0.0054 | NOUN:0.0978 | NUM:0.0543 | PART:0.0272 | PRON:0.0707 | PROPN:0.0543 | PUNCT:0.2337 | SCONJ:0.0163 | SPACE:0.0326 | VERB:0.0543,26,184
ADP:0.1111 | ADV:0.1111 | CCONJ:0.1111 | NOUN:0.3333 | PROPN:0.1111 | PUNCT:0.2222,ADJ:0.0516 | ADP:0.0710 | ADV:0.0968 | AUX:0.0516 | CCONJ:0.0387 | DET:0.0258 | NOUN:0.2000 | NUM:0.0323 | PART:0.0194 | PRON:0.0710 | PROPN:0.0387 | PUNCT:0.1355 | SCONJ:0.0323 | SPACE:0.0323 | VERB:0.1032,9,155
ADJ:0.2000 | AUX:0.2000 | NOUN:0.2000 | PROPN:0.2000 | PUNCT:0.2000,ADJ:0.0439 | ADP:0.0614 | ADV:0.1053 | AUX:0.0877 | DET:0.0263 | NOUN:0.1404 | NUM:0.0614 | PART:0.0526 | PRON:0.0965 | PROPN:0.0439 | PUNCT:0.1228 | SCONJ:0.0088 | SPACE:0.0351 | VERB:0.1140,5,114
ADP:0.2500 | NOUN:0.7500,ADJ:0.0600 | ADP:0.0533 | ADV:0.1267 | AUX:0.0667 | CCONJ:0.0200 | DET:0.0267 | NOUN:0.1133 | NUM:0.0400 | PART:0.0200 | PRON:0.1067 | PROPN:0.0600 | PUNCT:0.1267 | SCONJ:0.0333 | SPACE:0.0333 | VERB:0.1133,4,150
ADJ:0.0909 | ADP:0.0909 | DET:0.0909 | NOUN:0.3636 | PROPN:0.0909 | PUNCT:0.1818 | VERB:0.0909,ADJ:0.1064 | ADP:0.0745 | ADV:0.1277 | AUX:0.0638 | CCONJ:0.0213 | DET:0.0426 | NOUN:0.1277 | NUM:0.0106 | PART:0.0106 | PRON:0.1170 | PROPN:0.0106 | PUNCT:0.1277 | SCONJ:0.0319 | VERB:0.1277,11,94
ADV:0.2222 | NOUN:0.1111 | PRON:0.1111 | PUNCT:0.1111 | SCONJ:0.1111 | VERB:0.3333,ADJ:0.1111 | ADP:0.0185 | ADV:0.1111 | AUX:0.0741 | CCONJ:0.0926 | DET:0.0185 | NOUN:0.0926 | PART:0.0556 | PRON:0.1111 | PUNCT:0.1296 | SCONJ:0.0185 | VERB:0.1667,9,54
ADJ:0.0952 | ADP:0.0952 | AUX:0.0476 | DET:0.0952 | NOUN:0.1905 | PART:0.0952 | PRON:0.0476 | PUNCT:0.1429 | SPACE:0.0476 | VERB:0.1429,ADJ:0.1053 | ADP:0.0526 | ADV:0.1579 | AUX:0.0175 | CCONJ:0.0526 | DET:0.0351 | NOUN:0.0877 | PART:0.0526 | PRON:0.1053 | PUNCT:0.1228 | SCONJ:0.0351 | VERB:0.1754,21,57
ADP:0.0625 | ADV:0.1875 | AUX:0.1250 | CCONJ:0.0625 | PART:0.0625 | PRON:0.2500 | PUNCT:0.0625 | VERB:0.1875,ADJ:0.1429 | ADP:0.0635 | ADV:0.0952 | AUX:0.0476 | CCONJ:0.0317 | DET:0.0159 | NOUN:0.1429 | PART:0.0159 | PRON:0.1270 | PROPN:0.0159 | PUNCT:0.1270 | SCONJ:0.0476 | VERB:0.1270,16,63
ADJ:0.0417 | ADP:0.0417 | ADV:0.1458 | AUX:0.0833 | DET:0.1042 | NOUN:0.1042 | PART:0.0833 | PRON:0.1042 | PUNCT:0.0833 | SCONJ:0.0417 | VERB:0.1667,ADJ:0.1111 | ADP:0.0476 | ADV:0.1587 | AUX:0.0317 | CCONJ:0.0635 | DET:0.0159 | NOUN:0.1111 | PART:0.0476 | PRON:0.0952 | PUNCT:0.1111 | SCONJ:0.0317 | VERB:0.1746,48,63
ADJ:0.0833 | ADP:0.0833 | AUX:0.0833 | CCONJ:0.0833 | NOUN:0.1667 | PART:0.0833 | PRON:0.1667 | PUNCT:0.0833 | VERB:0.1667,ADJ:0.0923 | ADP:0.0308 | ADV:0.2000 | AUX:0.0769 | CCONJ:0.0615 | NOUN:0.1077 | PART:0.0615 | PRON:0.0769 | PUNCT:0.1385 | VERB:0.1538,12,65
ADJ:0.0455 | ADP:0.0455 | ADV:0.1818 | AUX:0.1364 | CCONJ:0.0455 | DET:0.0455 | NOUN:0.0909 | PART:0.0909 | PRON:0.0455 | PUNCT:0.1364 | VERB:0.1364,ADJ:0.0541 | ADP:0.0676 | ADV:0.1216 | AUX:0.0405 | CCONJ:0.0405 | DET:0.0270 | NOUN:0.1216 | PART:0.0676 | PRON:0.1486 | PROPN:0.0135 | PUNCT:0.1081 | SCONJ:0.0270 | VERB:0.1622,22,74
ADJ:0.0492 | ADP:0.0656 | ADV:0.1475 | AUX:0.0820 | CCONJ:0.0164 | DET:0.0984 | NOUN:0.1148 | PRON:0.1148 | PUNCT:0.0820 | SCONJ:0.0492 | SPACE:0.0164 | SYM:0.0164 | VERB:0.1475,ADJ:0.0769 | ADP:0.0513 | ADV:0.1410 | AUX:0.0641 | CCONJ:0.0513 | DET:0.0256 | INTJ:0.0128 | NOUN:0.0897 | PART:0.0641 | PRON:0.1154 | PUNCT:0.1026 | SCONJ:0.0385 | VERB:0.1667,61,78
ADJ:0.0926 | ADP:0.0556 | ADV:0.0926 | AUX:0.0370 | DET:0.0370 | NOUN:0.1111 | NUM:0.0370 | PART:0.0370 | PRON:0.1481 | PUNCT:0.0926 | SCONJ:0.0370 | SPACE:0.0556 | VERB:0.1667,ADJ:0.0725 | ADP:0.0725 | ADV:0.1449 | AUX:0.0580 | CCONJ:0.0580 | DET:0.0145 | NOUN:0.1014 | PART:0.0725 | PRON:0.1159 | PUNCT:0.1159 | SCONJ:0.0145 | VERB:0.1594,54,69
ADP:0.0455 | ADV:0.0455 | AUX:0.0909 | NOUN:0.1364 | PART:0.0455 | PRON:0.0909 | PROPN:0.0455 | PUNCT:0.1818 | SPACE:0.1364 | VERB:0.1818,ADJ:0.0984 | ADP:0.0492 | ADV:0.1475 | AUX:0.0164 | CCONJ:0.0492 | DET:0.0328 | NOUN:0.1311 | PART:0.0328 | PRON:0.0820 | PUNCT:0.1311 | SCONJ:0.0328 | VERB:0.1967,22,61
ADJ:0.0556 | ADP:0.1111 | ADV:0.1111 | CCONJ:0.0556 | DET:0.1111 | NOUN:0.2778 | PRON:0.1111 | PUNCT:0.0556 | VERB:0.1111,ADJ:0.0899 | ADP:0.1067 | ADV:0.0843 | AUX:0.0843 | CCONJ:0.0562 | DET:0.0225 | INTJ:0.0112 | NOUN:0.1742 | PART:0.0225 | PRON:0.1011 | PUNCT:0.1011 | SCONJ:0.0337 | SPACE:0.0112 | VERB:0.1011,18,178
ADV:0.1429 | NOUN:0.2857 | PRON:0.1429 | PUNCT:0.1429 | SCONJ:0.1429 | VERB:0.1429,ADJ:0.0918 | ADP:0.0969 | ADV:0.0867 | AUX:0.0816 | CCONJ:0.0459 | DET:0.0204 | INTJ:0.0051 | NOUN:0.1531 | NUM:0.0051 | PART:0.0102 | PRON:0.1327 | PROPN:0.0051 | PUNCT:0.0969 | SCONJ:0.0510 | SPACE:0.0102 | VERB:0.1071,7,196
ADJ:0.0625 | ADV:0.1875 | AUX:0.1250 | NOUN:0.0625 | PART:0.0625 | PRON:0.1250 | PROPN:0.0625 | PUNCT:0.0625 | SCONJ:0.0625 | SPACE:0.0625 | VERB:0.1250,ADJ:0.0867 | ADP:0.0969 | ADV:0.0459 | AUX:0.0918 | CCONJ:0.0357 | DET:0.0408 | INTJ:0.0102 | NOUN:0.1480 | NUM:0.0153 | PART:0.0408 | PRON:0.1071 | PUNCT:0.1276 | SCONJ:0.0255 | SPACE:0.0204 | VERB:0.1071,16,196
AUX:0.2500 | NOUN:0.5000 | PRON:0.2500,ADJ:0.0833 | ADP:0.1136 | ADV:0.0909 | AUX:0.0833 | CCONJ:0.0455 | DET:0.0152 | INTJ:0.0076 | NOUN:0.1667 | PART:0.0303 | PRON:0.1212 | PUNCT:0.0909 | SCONJ:0.0303 | SPACE:0.0076 | VERB:0.1136,4,132
ADJ:0.0900 | ADP:0.0707 | ADV:0.0900 | AUX:0.0997 | CCONJ:0.0322 | DET:0.0322 | NOUN:0.1415 | NUM:0.0032 | PART:0.0450 | PRON:0.1190 | PROPN:0.0064 | PUNCT:0.1158 | SCONJ:0.0386 | SPACE:0.0161 | VERB:0.0997,ADJ:0.0714 | ADP:0.1143 | ADV:0.0929 | AUX:0.0786 | CCONJ:0.0357 | DET:0.0214 | NOUN:0.1714 | PART:0.0500 | PRON:0.1000 | PROPN:0.0071 | PUNCT:0.0929 | SCONJ:0.0429 | VERB:0.1214,311,140
ADJ:0.0588 | ADP:0.0882 | ADV:0.1078 | AUX:0.0490 | CCONJ:0.0392 | DET:0.0588 | NOUN:0.1863 | PART:0.0392 | PRON:0.0882 | PROPN:0.0196 | PUNCT:0.0588 | SCONJ:0.0196 | SPACE:0.0196 | VERB:0.1667,ADJ:0.1042 | ADP:0.1181 | ADV:0.0833 | AUX:0.0625 | CCONJ:0.0417 | DET:0.0486 | NOUN:0.1111 | PART:0.0347 | PRON:0.1319 | PUNCT:0.0764 | SCONJ:0.0417 | SPACE:0.0069 | VERB:0.1389,102,144
ADJ:0.0388 | ADP:0.0680 | ADV:0.0388 | AUX:0.0291 | CCONJ:0.0291 | DET:0.0583 | NOUN:0.1845 | NUM:0.0097 | PART:0.0583 | PRON:0.1456 | PROPN:0.0194 | PUNCT:0.0874 | SCONJ:0.0583 | SPACE:0.0097 | VERB:0.1650,ADJ:0.0849 | ADP:0.1085 | ADV:0.0943 | AUX:0.0613 | CCONJ:0.0330 | DET:0.0283 | INTJ:0.0142 | NOUN:0.1509 | PART:0.0425 | PRON:0.1132 | PUNCT:0.0991 | SCONJ:0.0472 | SPACE:0.0142 | VERB:0.1085,103,212
ADJ:0.0552 | ADP:0.0736 | ADV:0.0982 | AUX:0.0859 | CCONJ:0.0184 | DET:0.0552 | NOUN:0.0982 | PART:0.0613 | PRON:0.1227 | PROPN:0.0307 | PUNCT:0.1104 | SCONJ:0.0552 | SPACE:0.0184 | VERB:0.1166,ADJ:0.0889 | ADP:0.1056 | ADV:0.0778 | AUX:0.0778 | CCONJ:0.0333 | DET:0.0167 | INTJ:0.0111 | NOUN:0.1389 | PART:0.0389 | PRON:0.1444 | PUNCT:0.0778 | SCONJ:0.0556 | SPACE:0.0056 | VERB:0.1278,163,180
ADJ:0.0444 | ADP:0.1333 | ADV:0.0889 | AUX:0.0444 | CCONJ:0.0444 | DET:0.0889 | NOUN:0.1333 | PART:0.0667 | PRON:0.1556 | PUNCT:0.0667 | VERB:0.1333,ADJ:0.0949 | ADP:0.0949 | ADV:0.0949 | AUX:0.0570 | CCONJ:0.0380 | DET:0.0633 | NOUN:0.1709 | PART:0.0380 | PRON:0.1139 | PUNCT:0.0759 | SCONJ:0.0316 | SPACE:0.0063 | VERB:0.1203,45,158
ADJ:0.0464 | ADP:0.0722 | ADV:0.0928 | AUX:0.0670 | CCONJ:0.0515 | DET:0.0361 | INTJ:0.0103 | NOUN:0.2113 | NUM:0.0155 | PART:0.0258 | PRON:0.1031 | PROPN:0.0206 | PUNCT:0.0928 | SCONJ:0.0103 | SPACE:0.0309 | SYM:0.0052 | VERB:0.1082,ADJ:0.0491 | ADP:0.1166 | ADV:0.0859 | AUX:0.0859 | CCONJ:0.0491 | INTJ:0.0123 | NOUN:0.1411 | PART:0.0245 | PRON:0.1472 | PUNCT:0.0982 | SCONJ:0.0429 | SPACE:0.0123 | VERB:0.1350,194,163
ADJ:0.0690 | ADP:0.0805 | ADV:0.1379 | AUX:0.0460 | CCONJ:0.0345 | DET:0.0690 | NOUN:0.1724 | PART:0.0230 | PRON:0.0920 | PROPN:0.0115 | PUNCT:0.0920 | SCONJ:0.0115 | SPACE:0.0460 | VERB:0.1149,ADJ:0.0707 | ADP:0.1111 | ADV:0.0909 | AUX:0.0960 | CCONJ:0.0556 | DET:0.0253 | INTJ:0.0051 | NOUN:0.1465 | NUM:0.0051 | PART:0.0303 | PRON:0.1212 | PUNCT:0.0960 | SCONJ:0.0404 | SPACE:0.0101 | VERB:0.0960,87,198
ADJ:0.0526 | ADP:0.1053 | ADV:0.1053 | AUX:0.1053 | CCONJ:0.0263 | DET:0.1053 | NOUN:0.1842 | PRON:0.0789 | PROPN:0.0263 | PUNCT:0.1053 | SCONJ:0.0263 | SPACE:0.0263 | VERB:0.0526,ADJ:0.0774 | ADP:0.1071 | ADV:0.1071 | AUX:0.0833 | CCONJ:0.0298 | DET:0.0238 | INTJ:0.0060 | NOUN:0.1310 | PART:0.0238 | PRON:0.1369 | PROPN:0.0060 | PUNCT:0.1012 | SCONJ:0.0476 | SPACE:0.0119 | VERB:0.1071,38,168
ADJ:0.2857 | ADV:0.2857 | AUX:0.1429 | NOUN:0.1429 | PUNCT:0.1429,ADJ:0.0662 | ADP:0.0956 | ADV:0.0956 | AUX:0.0662 | CCONJ:0.0441 | DET:0.0441 | NOUN:0.1397 | PART:0.0368 | PRON:0.1471 | PUNCT:0.0735 | SCONJ:0.0441 | SPACE:0.0074 | VERB:0.1397,7,136
ADJ:0.0865 | ADP:0.0673 | ADV:0.0481 | AUX:0.0577 | CCONJ:0.0577 | DET:0.0481 | NOUN:0.1346 | NUM:0.0096 | PART:0.0481 | PRON:0.1346 | PROPN:0.0288 | PUNCT:0.1058 | SCONJ:0.0096 | SPACE:0.0385 | VERB:0.1250,ADJ:0.0923 | ADP:0.1128 | ADV:0.0974 | AUX:0.0821 | CCONJ:0.0359 | DET:0.0256 | NOUN:0.1590 | PART:0.0154 | PRON:0.1385 | PUNCT:0.0718 | SCONJ:0.0410 | SPACE:0.0103 | VERB:0.1179,104,195
ADJ:0.0545 | ADP:0.0606 | ADV:0.0970 | AUX:0.0606 | CCONJ:0.0303 | DET:0.0242 | INTJ:0.0121 | NOUN:0.1515 | NUM:0.0182 | PART:0.0182 | PRON:0.1455 | PUNCT:0.1152 | SCONJ:0.0545 | SPACE:0.0364 | VERB:0.1212,ADJ:0.0634 | ADP:0.1122 | ADV:0.1024 | AUX:0.0829 | CCONJ:0.0390 | DET:0.0195 | NOUN:0.1317 | PART:0.0439 | PRON:0.1463 | PUNCT:0.0732 | SCONJ:0.0439 | SPACE:0.0098 | VERB:0.1317,165,205
ADJ:0.0656 | ADP:0.0820 | ADV:0.1311 | AUX:0.0492 | CCONJ:0.0492 | DET:0.0328 | NOUN:0.0820 | PART:0.0164 | PRON:0.1311 | PROPN:0.0164 | PUNCT:0.1639 | SCONJ:0.0164 | SPACE:0.0328 | VERB:0.1311,ADJ:0.0585 | ADP:0.1053 | ADV:0.0643 | AUX:0.0877 | CCONJ:0.0526 | DET:0.0234 | INTJ:0.0117 | NOUN:0.1579 | PART:0.0175 | PRON:0.1345 | PUNCT:0.0994 | SCONJ:0.0585 | SPACE:0.0058 | VERB:0.1228,61,171
ADJ:0.0488 | ADP:0.0780 | ADV:0.0976 | AUX:0.0634 | CCONJ:0.0195 | DET:0.0585 | INTJ:0.0049 | NOUN:0.1610 | NUM:0.0098 | PART:0.0244 | PRON:0.1415 | PUNCT:0.1268 | SCONJ:0.0439 | SPACE:0.0146 | VERB:0.1073,ADJ:0.0573 | ADP:0.1146 | ADV:0.0892 | AUX:0.0637 | CCONJ:0.0382 | DET:0.0255 | NOUN:0.1338 | PART:0.0573 | PRON:0.1465 | PUNCT:0.0828 | SCONJ:0.0382 | SPACE:0.0064 | VERB:0.1465,205,157
ADJ:0.0734 | ADP:0.0642 | ADV:0.1284 | AUX:0.0642 | CCONJ:0.0183 | DET:0.0550 | INTJ:0.0092 | NOUN:0.0917 | PART:0.0367 | PRON:0.1193 | PROPN:0.0275 | PUNCT:0.1468 | SCONJ:0.0092 | SPACE:0.0459 | VERB:0.1101,ADJ:0.0651 | ADP:0.1243 | ADV:0.1183 | AUX:0.0533 | CCONJ:0.0355 | DET:0.0237 | NOUN:0.1420 | PART:0.0296 | PRON:0.1183 | PUNCT:0.0888 | SCONJ:0.0473 | SPACE:0.0059 | VERB:0.1479,109,169
ADJ:0.0379 | ADP:0.0833 | ADV:0.0909 | AUX:0.0379 | CCONJ:0.0227 | DET:0.0303 | NOUN:0.1894 | PART:0.0303 | PRON:0.1212 | PUNCT:0.1439 | SCONJ:0.0455 | SPACE:0.0227 | VERB:0.1439,ADJ:0.0694 | ADP:0.0983 | ADV:0.0925 | AUX:0.0867 | CCONJ:0.0462 | DET:0.0405 | INTJ:0.0058 | NOUN:0.1561 | PART:0.0289 | PRON:0.1098 | PROPN:0.0058 | PUNCT:0.1040 | SCONJ:0.0231 | SPACE:0.0058 | VERB:0.1272,132,173
ADJ:0.0811 | ADP:0.0721 | ADV:0.0901 | AUX:0.0360 | CCONJ:0.0631 | DET:0.0270 | NOUN:0.1622 | PART:0.0541 | PRON:0.1351 | PROPN:0.0270 | PUNCT:0.0721 | SCONJ:0.0631 | SPACE:0.0090 | VERB:0.1081,ADJ:0.0462 | ADP:0.1077 | ADV:0.0846 | AUX:0.0615 | CCONJ:0.0385 | DET:0.0231 | INTJ:0.0077 | NOUN:0.1615 | PART:0.0308 | PRON:0.1231 | PUNCT:0.1077 | SCONJ:0.0462 | VERB:0.1615,111,130
ADJ:0.0625 | ADP:0.0750 | ADV:0.0750 | AUX:0.0375 | CCONJ:0.0250 | DET:0.0375 | NOUN:0.2250 | NUM:0.0250 | PART:0.0250 | PRON:0.1375 | PROPN:0.0125 | PUNCT:0.0875 | SCONJ:0.0125 | SPACE:0.0250 | VERB:0.1375,ADJ:0.0904 | ADP:0.0734 | ADV:0.1243 | AUX:0.0734 | CCONJ:0.0339 | DET:0.0395 | NOUN:0.0960 | PART:0.0395 | PRON:0.1356 | PUNCT:0.0734 | SCONJ:0.0678 | SPACE:0.0113 | VERB:0.1412,80,177
ADJ:0.0866 | ADP:0.0866 | ADV:0.0787 | AUX:0.0472 | CCONJ:0.0236 | DET:0.0630 | INTJ:0.0157 | NOUN:0.1811 | PART:0.0394 | PRON:0.1024 | PROPN:0.0079 | PUNCT:0.0551 | SCONJ:0.0236 | SPACE:0.0394 | VERB:0.1496,ADJ:0.0723 | ADP:0.0904 | ADV:0.1084 | AUX:0.0783 | CCONJ:0.0422 | DET:0.0241 | INTJ:0.0060 | NOUN:0.1566 | PART:0.0422 | PRON:0.1325 | PUNCT:0.0843 | SCONJ:0.0361 | SPACE:0.0060 | VERB:0.1205,127,166
ADJ:0.0471 | ADP:0.1176 | ADV:0.0941 | AUX:0.0529 | CCONJ:0.0294 | DET:0.0412 | NOUN:0.2000 | PART:0.0176 | PRON:0.1176 | PROPN:0.0059 | PUNCT:0.0941 | SCONJ:0.0353 | SPACE:0.0176 | VERB:0.1294,ADJ:0.0719 | ADP:0.1223 | ADV:0.0863 | AUX:0.0791 | CCONJ:0.0432 | DET:0.0288 | NOUN:0.1655 | PART:0.0360 | PRON:0.1223 | PUNCT:0.0791 | SCONJ:0.0432 | VERB:0.1223,170,139
ADP:0.1250 | ADV:0.0938 | AUX:0.0625 | DET:0.1250 | NOUN:0.1875 | PRON:0.1562 | PUNCT:0.0938 | SCONJ:0.0312 | VERB:0.1250,ADJ:0.0837 | ADP:0.1133 | ADV:0.0739 | AUX:0.0739 | CCONJ:0.0591 | DET:0.0345 | INTJ:0.0099 | NOUN:0.1675 | PART:0.0148 | PRON:0.1281 | PROPN:0.0148 | PUNCT:0.1034 | SCONJ:0.0345 | SPACE:0.0099 | VERB:0.0788,32,203
ADJ:0.0381 | ADP:0.1143 | ADV:0.0952 | AUX:0.0476 | CCONJ:0.0095 | DET:0.0476 | NOUN:0.1524 | PART:0.0381 | PRON:0.1333 | PUNCT:0.1429 | SCONJ:0.0286 | SPACE:0.0381 | SYM:0.0095 | VERB:0.1048,ADJ:0.0695 | ADP:0.1123 | ADV:0.0749 | AUX:0.0695 | CCONJ:0.0481 | DET:0.0160 | INTJ:0.0107 | NOUN:0.1283 | PART:0.0267 | PRON:0.1604 | PUNCT:0.0909 | SCONJ:0.0428 | SPACE:0.0107 | VERB:0.1390,105,187
ADJ:0.1090 | ADP:0.0833 | ADV:0.0833 | AUX:0.0897 | CCONJ:0.0833 | DET:0.0256 | NOUN:0.2051 | NUM:0.0128 | PART:0.0128 | PRON:0.0833 | PROPN:0.0064 | PUNCT:0.0897 | SCONJ:0.0256 | SPACE:0.0064 | VERB:0.0833,ADJ:0.0732 | ADP:0.0732 | ADV:0.0976 | AUX:0.0793 | CCONJ:0.0488 | DET:0.0244 | INTJ:0.0061 | NOUN:0.1463 | PART:0.0305 | PRON:0.1463 | PROPN:0.0061 | PUNCT:0.1037 | SCONJ:0.0366 | SPACE:0.0061 | VERB:0.1220,156,164
ADJ:0.2000 | PROPN:0.4000 | PUNCT:0.2000 | SPACE:0.2000,ADJ:0.0888 | ADP:0.1006 | ADV:0.1243 | AUX:0.0651 | CCONJ:0.0414 | DET:0.0237 | INTJ:0.0059 | NOUN:0.1420 | PART:0.0296 | PRON:0.1183 | PUNCT:0.0947 | SCONJ:0.0414 | SPACE:0.0118 | VERB:0.1124,5,169
ADJ:0.1591 | ADP:0.0455 | ADV:0.1136 | AUX:0.0455 | CCONJ:0.0455 | DET:0.0455 | NOUN:0.1364 | PART:0.0455 | PRON:0.0682 | PUNCT:0.1591 | SCONJ:0.0455 | SPACE:0.0227 | VERB:0.0682,ADJ:0.0736 | ADP:0.1227 | ADV:0.1166 | AUX:0.0736 | CCONJ:0.0552 | DET:0.0184 | NOUN:0.1288 | PART:0.0429 | PRON:0.1043 | PUNCT:0.0736 | SCONJ:0.0429 | SPACE:0.0061 | VERB:0.1411,44,163
ADJ:0.0833 | ADP:0.0833 | AUX:0.0833 | NOUN:0.0833 | PRON:0.1667 | PROPN:0.1667 | PUNCT:0.2500 | VERB:0.0833,ADJ:0.0794 | ADP:0.1270 | ADV:0.1111 | AUX:0.0159 | CCONJ:0.0159 | DET:0.0317 | INTJ:0.0159 | NOUN:0.1905 | PART:0.0159 | PRON:0.0952 | PROPN:0.0159 | PUNCT:0.1429 | SCONJ:0.0159 | VERB:0.1270,12,63
AUX:0.1250 | NOUN:0.2500 | PROPN:0.1250 | PUNCT:0.2500 | SPACE:0.2500,ADJ:0.0317 | ADP:0.0794 | ADV:0.1270 | AUX:0.0794 | CCONJ:0.0476 | DET:0.0317 | INTJ:0.0317 | NOUN:0.1746 | NUM:0.0159 | PART:0.0159 | PRON:0.1111 | PUNCT:0.1429 | VERB:0.1111,8,63
ADJ:0.0294 | ADP:0.0588 | ADV:0.0294 | AUX:0.0882 | CCONJ:0.0294 | DET:0.0588 | NOUN:0.2647 | PRON:0.1176 | PROPN:0.0294 | PUNCT:0.1176 | SCONJ:0.0294 | SPACE:0.0294 | VERB:0.1176,ADJ:0.0625 | ADP:0.0833 | ADV:0.1042 | AUX:0.0417 | CCONJ:0.0417 | DET:0.0208 | NOUN:0.2500 | PART:0.0208 | PRON:0.0625 | PROPN:0.0208 | PUNCT:0.2083 | VERB:0.0833,34,48
ADJ:0.0233 | ADP:0.0930 | ADV:0.1395 | AUX:0.0930 | CCONJ:0.0465 | NOUN:0.0930 | PART:0.0698 | PRON:0.1860 | PUNCT:0.0465 | SCONJ:0.0465 | SPACE:0.0233 | VERB:0.1395,ADJ:0.0577 | ADP:0.0385 | ADV:0.1346 | AUX:0.0577 | CCONJ:0.0192 | DET:0.0385 | INTJ:0.0192 | NOUN:0.1154 | PART:0.0192 | PRON:0.1731 | PUNCT:0.1346 | VERB:0.1923,43,52
ADJ:0.2500 | CCONJ:0.1250 | NOUN:0.3750 | PUNCT:0.1250 | SPACE:0.1250,ADJ:0.0946 | ADP:0.0676 | ADV:0.1351 | AUX:0.0676 | CCONJ:0.0270 | DET:0.0405 | INTJ:0.0135 | NOUN:0.1081 | PART:0.0270 | PRON:0.1351 | PUNCT:0.1081 | SCONJ:0.0270 | VERB:0.1486,8,74
ADP:0.1290 | ADV:0.1290 | AUX:0.0645 | CCONJ:0.0323 | DET:0.0645 | NOUN:0.1290 | PART:0.0645 | PRON:0.0968 | PUNCT:0.0968 | SCONJ:0.0323 | VERB:0.1613,ADJ:0.0918 | ADP:0.0969 | ADV:0.1224 | AUX:0.0663 | CCONJ:0.0510 | DET:0.0408 | NOUN:0.1888 | PART:0.0204 | PRON:0.0765 | PROPN:0.0102 | PUNCT:0.0816 | SCONJ:0.0408 | SPACE:0.0051 | VERB:0.1071,31,196
ADJ:0.0714 | ADP:0.1143 | ADV:0.1714 | AUX:0.0643 | CCONJ:0.0214 | DET:0.0286 | NOUN:0.1643 | NUM:0.0071 | PART:0.0143 | PRON:0.1143 | PROPN:0.0071 | PUNCT:0.0571 | SCONJ:0.0500 | SPACE:0.0143 | VERB:0.1000,ADJ:0.0633 | ADP:0.0844 | ADV:0.1392 | AUX:0.0422 | CCONJ:0.0422 | DET:0.0380 | NOUN:0.1561 | PART:0.0338 | PRON:0.1097 | PROPN:0.0084 | PUNCT:0.0802 | SCONJ:0.0591 | SPACE:0.0042 | VERB:0.1392,140,237
ADJ:0.0894 | ADP:0.0782 | ADV:0.1732 | AUX:0.0391 | CCONJ:0.0335 | DET:0.0447 | NOUN:0.1955 | NUM:0.0056 | PART:0.0447 | PRON:0.0670 | PROPN:0.0056 | PUNCT:0.0894 | SCONJ:0.0168 | SPACE:0.0112 | VERB:0.1061,ADJ:0.0773 | ADP:0.0825 | ADV:0.1753 | AUX:0.0515 | CCONJ:0.0464 | DET:0.0258 | INTJ:0.0052 | NOUN:0.1495 | PART:0.0206 | PRON:0.1186 | PUNCT:0.0876 | SCONJ:0.0567 | SPACE:0.0052 | VERB:0.0979,179,194
ADJ:0.0725 | ADP:0.0725 | ADV:0.1594 | AUX:0.0435 | CCONJ:0.0435 | DET:0.0145 | NOUN:0.1739 | NUM:0.0145 | PART:0.0435 | PRON:0.1159 | PUNCT:0.0435 | SCONJ:0.0290 | SPACE:0.0145 | VERB:0.1594,ADJ:0.0905 | ADP:0.1070 | ADV:0.1276 | AUX:0.0741 | CCONJ:0.0370 | DET:0.0288 | NOUN:0.1564 | PART:0.0247 | PRON:0.1152 | PUNCT:0.0782 | SCONJ:0.0370 | SPACE:0.0082 | VERB:0.1152,69,243
ADJ:0.0780 | ADP:0.0674 | ADV:0.1773 | AUX:0.0638 | CCONJ:0.0248 | DET:0.0213 | NOUN:0.1560 | PART:0.0426 | PRON:0.1277 | PUNCT:0.0603 | SCONJ:0.0248 | SPACE:0.0142 | VERB:0.1418,ADJ:0.1092 | ADP:0.0840 | ADV:0.1513 | AUX:0.0756 | CCONJ:0.0420 | DET:0.0168 | NOUN:0.1345 | PART:0.0336 | PRON:0.1008 | PUNCT:0.0756 | SCONJ:0.0420 | VERB:0.1345,282,119
ADJ:0.0638 | ADP:0.0841 | ADV:0.1275 | AUX:0.0464 | CCONJ:0.0319 | DET:0.0319 | NOUN:0.1594 | NUM:0.0029 | PART:0.0406 | PRON:0.1275 | PROPN:0.0174 | PUNCT:0.0812 | SCONJ:0.0435 | SPACE:0.0116 | VERB:0.1304,ADJ:0.0752 | ADP:0.0929 | ADV:0.1283 | AUX:0.0531 | CCONJ:0.0398 | DET:0.0442 | INTJ:0.0044 | NOUN:0.1726 | PART:0.0221 | PRON:0.1018 | PUNCT:0.0841 | SCONJ:0.0487 | SPACE:0.0133 | VERB:0.1195,345,226
ADJ:0.0556 | ADP:0.0741 | ADV:0.0370 | AUX:0.0556 | CCONJ:0.0185 | DET:0.1667 | NOUN:0.2037 | PRON:0.1111 | PUNCT:0.1481 | SCONJ:0.0185 | SPACE:0.0370 | VERB:0.0741,ADJ:0.0735 | ADP:0.1029 | ADV:0.1275 | AUX:0.0637 | CCONJ:0.0294 | DET:0.0196 | INTJ:0.0049 | NOUN:0.1471 | PART:0.0147 | PRON:0.1127 | PROPN:0.0147 | PUNCT:0.0980 | SCONJ:0.0588 | SPACE:0.0098 | VERB:0.1225,54,204
ADJ:0.0882 | ADP:0.0980 | ADV:0.1471 | AUX:0.0784 | CCONJ:0.0196 | DET:0.0392 | NOUN:0.1471 | NUM:0.0098 | PART:0.0196 | PRON:0.1176 | PUNCT:0.0588 | SCONJ:0.0392 | SPACE:0.0098 | VERB:0.1275,ADJ:0.0741 | ADP:0.1058 | ADV:0.1323 | AUX:0.0317 | CCONJ:0.0370 | DET:0.0370 | NOUN:0.1587 | PART:0.0423 | PRON:0.1005 | PROPN:0.0106 | PUNCT:0.0794 | SCONJ:0.0423 | SPACE:0.0053 | VERB:0.1429,102,189
ADJ:0.0648 | ADP:0.0648 | ADV:0.1389 | AUX:0.0463 | CCONJ:0.0509 | DET:0.0324 | NOUN:0.1713 | NUM:0.0093 | PART:0.0509 | PRON:0.0972 | PUNCT:0.0694 | SCONJ:0.0370 | SPACE:0.0139 | SYM:0.0046 | VERB:0.1481,ADJ:0.0749 | ADP:0.1101 | ADV:0.1322 | AUX:0.0573 | CCONJ:0.0396 | DET:0.0308 | NOUN:0.1586 | PART:0.0396 | PRON:0.0925 | PROPN:0.0088 | PUNCT:0.0749 | SCONJ:0.0573 | SPACE:0.0088 | VERB:0.1145,216,227
ADJ:0.1429 | ADP:0.1429 | NOUN:0.2857 | PROPN:0.1429 | PUNCT:0.1429 | SPACE:0.1429,ADJ:0.0595 | ADP:0.1071 | ADV:0.1369 | AUX:0.0595 | CCONJ:0.0417 | DET:0.0357 | INTJ:0.0060 | NOUN:0.1667 | PART:0.0238 | PRON:0.1012 | PROPN:0.0060 | PUNCT:0.0833 | SCONJ:0.0476 | VERB:0.1250,7,168
ADP:0.1000 | NOUN:0.3000 | PART:0.1000 | PRON:0.1000 | PUNCT:0.1000 | SPACE:0.1000 | VERB:0.2000,ADJ:0.0505 | ADP:0.0808 | ADV:0.1111 | AUX:0.0808 | CCONJ:0.0303 | DET:0.0606 | INTJ:0.0101 | NOUN:0.1616 | PART:0.0303 | PRON:0.1212 | PUNCT:0.1111 | SCONJ:0.0303 | VERB:0.1212,10,99
ADV:0.2353 | AUX:0.0588 | CCONJ:0.0588 | NOUN:0.1765 | PART:0.0588 | PRON:0.1176 | PUNCT:0.1765 | VERB:0.1176,ADJ:0.0423 | ADP:0.0845 | ADV:0.0986 | AUX:0.1408 | DET:0.0423 | NOUN:0.1690 | PART:0.0141 | PRON:0.1690 | PUNCT:0.0986 | SCONJ:0.0423 | VERB:0.0986,17,71
ADJ:0.0484 | ADP:0.0806 | ADV:0.0968 | AUX:0.0968 | CCONJ:0.0484 | DET:0.0484 | NOUN:0.1452 | PART:0.0323 | PRON:0.1774 | PROPN:0.0161 | PUNCT:0.0806 | SCONJ:0.0323 | VERB:0.0968,ADJ:0.0462 | ADP:0.0462 | ADV:0.1231 | AUX:0.0923 | CCONJ:0.0308 | DET:0.0154 | INTJ:0.0154 | NOUN:0.1231 | PART:0.0462 | PRON:0.1846 | PUNCT:0.1231 | SCONJ:0.0154 | VERB:0.1385,62,65
ADJ:0.1111 | ADP:0.0556 | ADV:0.1667 | DET:0.1111 | NOUN:0.1111 | PART:0.0556 | PRON:0.1667 | PUNCT:0.0556 | VERB:0.1667,ADJ:0.0938 | ADP:0.0312 | ADV:0.0938 | AUX:0.1042 | CCONJ:0.0208 | DET:0.0312 | INTJ:0.0104 | NOUN:0.1250 | PART:0.0312 | PRON:0.1875 | PROPN:0.0104 | PUNCT:0.0938 | SCONJ:0.0521 | VERB:0.1146,18,96
ADP:0.1154 | ADV:0.1923 | AUX:0.0385 | CCONJ:0.0769 | NOUN:0.2308 | PART:0.0385 | PRON:0.1154 | PUNCT:0.0769 | SPACE:0.0385 | VERB:0.0769,ADJ:0.0104 | ADP:0.0833 | ADV:0.1250 | AUX:0.0833 | CCONJ:0.0208 | DET:0.0417 | INTJ:0.0104 | NOUN:0.1458 | PART:0.0208 | PRON:0.1771 | PUNCT:0.1042 | SCONJ:0.0417 | VERB:0.1354,26,96
ADJ:0.0517 | ADP:0.0690 | ADV:0.1207 | AUX:0.0862 | CCONJ:0.0690 | DET:0.0172 | NOUN:0.1724 | PRON:0.1207 | PROPN:0.0172 | PUNCT:0.1034 | SCONJ:0.0172 | SPACE:0.0345 | VERB:0.1207,ADJ:0.0123 | ADP:0.0988 | ADV:0.0864 | AUX:0.0617 | CCONJ:0.0247 | DET:0.0123 | INTJ:0.0123 | NOUN:0.1358 | PART:0.0247 | PRON:0.1605 | PUNCT:0.1358 | SCONJ:0.0370 | VERB:0.1975,58,81
NOUN:0.2000 | PRON:0.2000 | PUNCT:0.2000 | SCONJ:0.2000 | VERB:0.2000,ADJ:0.0737 | ADP:0.0947 | ADV:0.0947 | AUX:0.0526 | CCONJ:0.0421 | DET:0.0211 | NOUN:0.1474 | NUM:0.0105 | PART:0.0105 | PRON:0.1368 | PROPN:0.0105 | PUNCT:0.1474 | SCONJ:0.0316 | VERB:0.1263,5,95
ADJ:0.0741 | ADP:0.1481 | ADV:0.0741 | AUX:0.0370 | CCONJ:0.0370 | NOUN:0.1852 | PART:0.0370 | PRON:0.1111 | PROPN:0.0370 | PUNCT:0.1481 | VERB:0.1111,ADJ:0.0319 | ADP:0.0638 | ADV:0.1064 | AUX:0.0426 | CCONJ:0.0319 | DET:0.0106 | INTJ:0.0106 | NOUN:0.1489 | PART:0.0213 | PRON:0.1277 | PUNCT:0.1809 | SCONJ:0.0213 | VERB:0.2021,27,94
NOUN:0.4000 | PROPN:0.4000 | PUNCT:0.2000,ADJ:0.0252 | ADP:0.1008 | ADV:0.1008 | AUX:0.0588 | CCONJ:0.0336 | DET:0.0336 | INTJ:0.0084 | NOUN:0.1765 | PART:0.0252 | PRON:0.1008 | PUNCT:0.1345 | SCONJ:0.0336 | VERB:0.1681,5,119
ADJ:0.1333 | ADP:0.1333 | INTJ:0.0667 | NOUN:0.3333 | PUNCT:0.3333,ADJ:0.0381 | ADP:0.0667 | ADV:0.1333 | AUX:0.1048 | CCONJ:0.0286 | DET:0.0286 | INTJ:0.0095 | NOUN:0.1333 | PRON:0.1429 | PUNCT:0.1238 | SCONJ:0.0476 | VERB:0.1429,15,105
NOUN:0.3750 | PROPN:0.1250 | PUNCT:0.2500 | SPACE:0.1250 | SYM:0.1250,ADJ:0.0196 | ADP:0.1176 | ADV:0.1078 | AUX:0.0588 | CCONJ:0.0294 | DET:0.0196 | INTJ:0.0098 | NOUN:0.1275 | PART:0.0294 | PRON:0.1569 | PUNCT:0.1373 | SCONJ:0.0294 | SPACE:0.0098 | VERB:0.1471,8,102
ADV:0.1667 | AUX:0.1667 | NOUN:0.1667 | NUM:0.1667 | PRON:0.1667 | VERB:0.1667,ADJ:0.0333 | ADP:0.0889 | ADV:0.1444 | AUX:0.0556 | CCONJ:0.0333 | DET:0.0111 | NOUN:0.1444 | PART:0.0333 | PRON:0.1333 | PROPN:0.0111 | PUNCT:0.1000 | SCONJ:0.0556 | VERB:0.1556,6,90
ADJ:0.0402 | ADP:0.0714 | ADV:0.1518 | AUX:0.0580 | CCONJ:0.0223 | DET:0.0268 | INTJ:0.0045 | NOUN:0.1161 | NUM:0.0045 | PART:0.0357 | PRON:0.1384 | PUNCT:0.1116 | SCONJ:0.0402 | SPACE:0.0268 | VERB:0.1518,ADJ:0.0844 | ADP:0.0714 | ADV:0.1104 | AUX:0.0714 | CCONJ:0.0584 | DET:0.0325 | NOUN:0.0974 | PART:0.0390 | PRON:0.1688 | PUNCT:0.0909 | SCONJ:0.0519 | VERB:0.1234,224,154
ADJ:0.0515 | ADP:0.0619 | ADV:0.0515 | AUX:0.0928 | CCONJ:0.0412 | DET:0.0206 | NOUN:0.0825 | PART:0.0103 | PRON:0.2165 | PUNCT:0.0825 | SCONJ:0.0928 | VERB:0.1959,ADJ:0.0922 | ADP:0.0567 | ADV:0.0851 | AUX:0.1064 | CCONJ:0.0355 | DET:0.0071 | NOUN:0.0567 | PART:0.0496 | PRON:0.2057 | PUNCT:0.0922 | SCONJ:0.0567 | VERB:0.1560,97,141
ADJ:0.0860 | ADP:0.0645 | ADV:0.0645 | AUX:0.0860 | CCONJ:0.0323 | DET:0.0215 | INTJ:0.0108 | NOUN:0.0968 | PART:0.0215 | PRON:0.1828 | PUNCT:0.1290 | SCONJ:0.0430 | SPACE:0.0323 | VERB:0.1290,ADJ:0.0873 | ADP:0.0317 | ADV:0.1429 | AUX:0.0635 | CCONJ:0.0476 | DET:0.0635 | NOUN:0.0873 | PART:0.0397 | PRON:0.1349 | PUNCT:0.1111 | SCONJ:0.0476 | VERB:0.1429,93,126
ADJ:0.0357 | ADP:0.0714 | ADV:0.0714 | AUX:0.0357 | CCONJ:0.0357 | DET:0.0357 | PART:0.0536 | PRON:0.2679 | PUNCT:0.0893 | SCONJ:0.0536 | SPACE:0.0179 | VERB:0.2321,ADJ:0.0932 | ADP:0.0508 | ADV:0.0932 | AUX:0.0932 | CCONJ:0.0424 | NOUN:0.0678 | PART:0.0339 | PRON:0.2119 | PUNCT:0.1186 | SCONJ:0.0339 | VERB:0.1610,56,118
ADJ:0.0690 | ADP:0.0431 | ADV:0.0690 | AUX:0.0086 | CCONJ:0.0259 | DET:0.0517 | NOUN:0.0862 | PART:0.0259 | PRON:0.2155 | PROPN:0.0086 | PUNCT:0.1293 | SCONJ:0.0776 | SPACE:0.0086 | VERB:0.1810,ADJ:0.0684 | ADP:0.0342 | ADV:0.1197 | AUX:0.0427 | CCONJ:0.0256 | DET:0.0342 | NOUN:0.1197 | PART:0.0342 | PRON:0.1880 | PROPN:0.0085 | PUNCT:0.1197 | SCONJ:0.0427 | VERB:0.1624,116,117
ADJ:0.0392 | ADP:0.1176 | ADV:0.1176 | AUX:0.0588 | CCONJ:0.0392 | NOUN:0.1373 | PART:0.0392 | PRON:0.1961 | PUNCT:0.0784 | VERB:0.1765,ADJ:0.0811 | ADP:0.0360 | ADV:0.1622 | AUX:0.0901 | CCONJ:0.0180 | DET:0.0270 | NOUN:0.1171 | NUM:0.0090 | PART:0.0541 | PRON:0.1261 | PUNCT:0.1261 | SCONJ:0.0180 | VERB:0.1351,51,111
ADJ:0.0375 | ADP:0.0625 | ADV:0.1000 | AUX:0.1125 | CCONJ:0.0375 | DET:0.0125 | NOUN:0.0750 | NUM:0.0125 | PART:0.0125 | PRON:0.1625 | PUNCT:0.1375 | SCONJ:0.0625 | SPACE:0.0125 | VERB:0.1625,ADJ:0.0630 | ADP:0.0709 | ADV:0.1339 | AUX:0.0630 | CCONJ:0.0472 | DET:0.0315 | NOUN:0.0787 | PART:0.0551 | PRON:0.1654 | PUNCT:0.1024 | SCONJ:0.0157 | VERB:0.1732,80,127
ADP:0.0833 | ADV:0.0556 | AUX:0.0833 | DET:0.0278 | NOUN:0.0556 | PART:0.0556 | PRON:0.2500 | PROPN:0.0278 | PUNCT:0.1389 | SCONJ:0.0278 | VERB:0.1944,ADJ:0.0667 | ADP:0.0519 | ADV:0.1185 | AUX:0.0593 | CCONJ:0.0296 | DET:0.0370 | NOUN:0.1037 | PART:0.0370 | PRON:0.1852 | PROPN:0.0074 | PUNCT:0.1037 | SCONJ:0.0519 | VERB:0.1481,36,135
ADJ:0.1667 | ADP:0.1667 | NOUN:0.3333 | PUNCT:0.3333,ADJ:0.0923 | ADP:0.0462 | ADV:0.1231 | AUX:0.0615 | CCONJ:0.0308 | DET:0.0231 | NOUN:0.0846 | PART:0.0462 | PRON:0.1846 | PUNCT:0.0769 | SCONJ:0.0462 | VERB:0.1846,6,130
ADP:0.0833 | ADV:0.1500 | AUX:0.0667 | DET:0.0333 | NOUN:0.1333 | NUM:0.0500 | PART:0.0667 | PRON:0.1500 | PUNCT:0.1167 | SCONJ:0.0667 | VERB:0.0833,ADJ:0.0672 | ADP:0.0504 | ADV:0.1261 | AUX:0.0672 | CCONJ:0.0420 | DET:0.0168 | NOUN:0.0504 | PART:0.0336 | PRON:0.2185 | PUNCT:0.0924 | SCONJ:0.0504 | VERB:0.1849,60,119
ADJ:0.0385 | ADP:0.0577 | ADV:0.0673 | AUX:0.0673 | CCONJ:0.0192 | DET:0.0673 | NOUN:0.0962 | PART:0.0865 | PRON:0.2115 | PUNCT:0.0962 | SCONJ:0.0385 | SPACE:0.0288 | VERB:0.1250,ADJ:0.1017 | ADP:0.0508 | ADV:0.1356 | AUX:0.0763 | CCONJ:0.0508 | DET:0.0424 | NOUN:0.0932 | PART:0.0339 | PRON:0.1525 | PUNCT:0.1186 | SCONJ:0.0339 | VERB:0.1102,104,118
ADJ:0.0300 | ADP:0.0500 | ADV:0.1700 | AUX:0.1000 | DET:0.0600 | NOUN:0.0400 | PART:0.0300 | PRON:0.2300 | PUNCT:0.0900 | SCONJ:0.0400 | SPACE:0.0200 | VERB:0.1400,ADJ:0.0932 | ADP:0.0508 | ADV:0.1102 | AUX:0.0763 | CCONJ:0.0424 | DET:0.0339 | NOUN:0.0678 | NUM:0.0085 | PART:0.0424 | PRON:0.1864 | PUNCT:0.0932 | SCONJ:0.0424 | VERB:0.1525,100,118
ADP:0.0682 | ADV:0.0455 | AUX:0.0682 | DET:0.1136 | NOUN:0.1364 | PART:0.0682 | PRON:0.2045 | PUNCT:0.1364 | SCONJ:0.0227 | VERB:0.1364,ADJ:0.1064 | ADP:0.0638 | ADV:0.1064 | AUX:0.0638 | CCONJ:0.0355 | DET:0.0213 | NOUN:0.0851 | PART:0.0496 | PRON:0.1844 | PROPN:0.0071 | PUNCT:0.1064 | SCONJ:0.0213 | SPACE:0.0071 | VERB:0.1418,44,141
ADJ:0.0556 | ADP:0.1111 | ADV:0.0556 | AUX:0.0370 | NOUN:0.1481 | NUM:0.0185 | PART:0.0370 | PRON:0.2407 | PUNCT:0.1296 | SPACE:0.0185 | VERB:0.1481,ADJ:0.0547 | ADP:0.0547 | ADV:0.1406 | AUX:0.0781 | CCONJ:0.0312 | DET:0.0234 | NOUN:0.0781 | PART:0.0312 | PRON:0.1875 | PUNCT:0.1016 | SCONJ:0.0469 | VERB:0.1719,54,128
ADJ:0.0714 | ADP:0.0714 | ADV:0.0714 | AUX:0.0952 | CCONJ:0.0238 | DET:0.0556 | INTJ:0.0159 | NOUN:0.0873 | PART:0.0556 | PRON:0.1270 | PROPN:0.0397 | PUNCT:0.0873 | SCONJ:0.0714 | SPACE:0.0079 | VERB:0.1190,ADJ:0.0662 | ADP:0.0441 | ADV:0.1250 | AUX:0.0735 | CCONJ:0.0515 | NOUN:0.0588 | PART:0.0588 | PRON:0.1912 | PROPN:0.0074 | PUNCT:0.1029 | SCONJ:0.0441 | VERB:0.1765,126,136
ADJ:0.0870 | ADP:0.0435 | ADV:0.0652 | AUX:0.0435 | CCONJ:0.0435 | DET:0.0217 | NOUN:0.0652 | PART:0.0652 | PRON:0.2609 | PUNCT:0.0870 | SCONJ:0.0652 | SPACE:0.0217 | VERB:0.1304,ADJ:0.0542 | ADP:0.0663 | ADV:0.0964 | AUX:0.0723 | CCONJ:0.0422 | DET:0.0120 | NOUN:0.0663 | PART:0.0422 | PRON:0.2289 | PUNCT:0.0964 | SCONJ:0.0663 | VERB:0.1566,46,166
ADJ:0.1047 | ADP:0.0975 | ADV:0.1119 | AUX:0.0578 | CCONJ:0.0361 | DET:0.0361 | NOUN:0.1300 | NUM:0.0072 | PART:0.0289 | PRON:0.1444 | PUNCT:0.1155 | SCONJ:0.0144 | SPACE:0.0144 | VERB:0.1011,ADJ:0.0963 | ADP:0.0296 | ADV:0.1111 | AUX:0.0667 | CCONJ:0.0593 | DET:0.0074 | NOUN:0.0667 | PART:0.0370 | PRON:0.2074 | PUNCT:0.0741 | SCONJ:0.0667 | VERB:0.1778,277,135
ADJ:0.0526 | ADP:0.1228 | ADV:0.2456 | AUX:0.0351 | CCONJ:0.0351 | DET:0.0702 | NOUN:0.1228 | PART:0.0175 | PRON:0.1053 | PUNCT:0.0702 | SCONJ:0.0175 | VERB:0.1053,ADJ:0.0952 | ADP:0.0556 | ADV:0.1111 | AUX:0.0635 | CCONJ:0.0635 | DET:0.0238 | NOUN:0.0635 | PART:0.0714 | PRON:0.1587 | PUNCT:0.1032 | SCONJ:0.0317 | VERB:0.1587,57,126
ADJ:0.1429 | ADP:0.0952 | ADV:0.0238 | AUX:0.0714 | CCONJ:0.0238 | DET:0.0476 | NOUN:0.0952 | NUM:0.0238 | PART:0.0238 | PRON:0.1429 | PUNCT:0.0952 | SCONJ:0.0476 | SPACE:0.0238 | VERB:0.1429,ADJ:0.0763 | ADP:0.0424 | ADV:0.1017 | AUX:0.0763 | CCONJ:0.0339 | DET:0.0424 | NOUN:0.0763 | PART:0.0424 | PRON:0.1864 | PUNCT:0.1102 | SCONJ:0.0508 | VERB:0.1610,42,118
ADJ:0.0672 | ADP:0.1092 | ADV:0.1429 | AUX:0.0420 | CCONJ:0.0252 | DET:0.0420 | NOUN:0.1261 | NUM:0.0084 | PART:0.0252 | PRON:0.1849 | PUNCT:0.0588 | SCONJ:0.0168 | SPACE:0.0252 | VERB:0.1261,ADJ:0.0991 | ADP:0.0541 | ADV:0.1261 | AUX:0.0541 | CCONJ:0.0270 | DET:0.0180 | NOUN:0.0811 | PART:0.0270 | PRON:0.1712 | PUNCT:0.1261 | SCONJ:0.0450 | VERB:0.1712,119,111
ADJ:0.0571 | ADP:0.0571 | ADV:0.0857 | AUX:0.0571 | DET:0.0286 | NOUN:0.0857 | PART:0.0571 | PRON:0.1714 | PROPN:0.0571 | PUNCT:0.1714 | SPACE:0.0571 | VERB:0.1143,ADJ:0.1181 | ADP:0.0630 | ADV:0.0866 | AUX:0.0787 | CCONJ:0.0315 | DET:0.0236 | NOUN:0.0866 | PART:0.0551 | PRON:0.1890 | PUNCT:0.1024 | SCONJ:0.0394 | VERB:0.1260,35,127
ADJ:0.0667 | ADP:0.0667 | ADV:0.1333 | AUX:0.0667 | CCONJ:0.0333 | NOUN:0.1333 | PRON:0.2000 | PUNCT:0.0667 | SCONJ:0.0333 | VERB:0.2000,ADJ:0.0621 | ADP:0.0690 | ADV:0.1172 | AUX:0.0690 | CCONJ:0.0414 | DET:0.0276 | NOUN:0.1103 | PART:0.0276 | PRON:0.1517 | PUNCT:0.1241 | SCONJ:0.0414 | VERB:0.1586,30,145
ADJ:0.0800 | ADP:0.1200 | ADV:0.0800 | AUX:0.0200 | CCONJ:0.0200 | DET:0.0600 | NOUN:0.0400 | PART:0.0400 | PRON:0.2200 | PUNCT:0.0800 | SCONJ:0.0400 | VERB:0.2000,ADJ:0.0841 | ADP:0.0374 | ADV:0.1402 | AUX:0.0841 | CCONJ:0.0467 | DET:0.0093 | NOUN:0.0935 | PART:0.0374 | PRON:0.1682 | PUNCT:0.1215 | SCONJ:0.0187 | VERB:0.1589,50,107
ADJ:0.0583 | ADP:0.1068 | ADV:0.0971 | AUX:0.0777 | CCONJ:0.0194 | DET:0.0874 | NOUN:0.1553 | PART:0.0388 | PRON:0.1553 | PUNCT:0.0388 | SCONJ:0.0291 | SPACE:0.0194 | VERB:0.1165,ADJ:0.0613 | ADP:0.0429 | ADV:0.1472 | AUX:0.0429 | CCONJ:0.0429 | DET:0.0184 | NOUN:0.0736 | PART:0.0429 | PRON:0.1902 | PROPN:0.0061 | PUNCT:0.1043 | SCONJ:0.0613 | VERB:0.1656,103,163
ADJ:0.0864 | ADP:0.0741 | ADV:0.1481 | AUX:0.0494 | CCONJ:0.0123 | DET:0.0123 | NOUN:0.1481 | PART:0.0123 | PRON:0.1852 | PUNCT:0.0741 | SCONJ:0.0247 | SPACE:0.0123 | VERB:0.1605,ADJ:0.0847 | ADP:0.0508 | ADV:0.1441 | AUX:0.0593 | CCONJ:0.0339 | DET:0.0085 | NOUN:0.1017 | PART:0.0508 | PRON:0.1441 | PUNCT:0.1186 | SCONJ:0.0424 | VERB:0.1610,81,118
ADJ:0.0417 | ADP:0.1667 | ADV:0.2083 | AUX:0.0417 | CCONJ:0.0833 | NOUN:0.0833 | PRON:0.1250 | PROPN:0.0417 | PUNCT:0.0833 | VERB:0.1250,ADJ:0.0781 | ADP:0.0547 | ADV:0.1719 | AUX:0.0625 | CCONJ:0.0391 | DET:0.0234 | NOUN:0.0859 | PART:0.0234 | PRON:0.1719 | PUNCT:0.1016 | SCONJ:0.0312 | VERB:0.1562,24,128
ADP:0.1538 | ADV:0.0769 | AUX:0.1538 | DET:0.0769 | NOUN:0.1538 | PRON:0.1538 | PUNCT:0.0769 | VERB:0.1538,ADJ:0.0988 | ADP:0.0291 | ADV:0.1163 | AUX:0.0756 | CCONJ:0.0407 | DET:0.0291 | NOUN:0.0756 | PART:0.0523 | PRON:0.1570 | PUNCT:0.0872 | SCONJ:0.0698 | SPACE:0.0058 | VERB:0.1628,13,172
ADV:0.1667 | AUX:0.0833 | NOUN:0.1667 | PRON:0.2500 | PUNCT:0.2500 | VERB:0.0833,ADJ:0.0750 | ADP:0.0417 | ADV:0.1667 | AUX:0.0750 | CCONJ:0.0417 | NOUN:0.0833 | PART:0.0667 | PRON:0.1417 | PUNCT:0.1083 | SCONJ:0.0333 | VERB:0.1667,12,120
ADJ:0.0429 | ADP:0.0613 | ADV:0.1595 | AUX:0.0920 | CCONJ:0.0307 | DET:0.0368 | INTJ:0.0123 | NOUN:0.0859 | PART:0.0245 | PRON:0.1718 | PUNCT:0.0920 | SCONJ:0.0307 | SPACE:0.0184 | VERB:0.1411,ADJ:0.0897 | ADP:0.0345 | ADV:0.1310 | AUX:0.0690 | CCONJ:0.0552 | DET:0.0276 | NOUN:0.0759 | PART:0.0552 | PRON:0.1586 | PUNCT:0.0966 | SCONJ:0.0414 | VERB:0.1655,163,145
ADJ:0.0167 | ADV:0.2333 | AUX:0.0667 | CCONJ:0.0500 | NOUN:0.0667 | PART:0.0500 | PRON:0.2167 | PUNCT:0.0833 | SCONJ:0.0333 | SPACE:0.0500 | VERB:0.1333,ADJ:0.0909 | ADP:0.0682 | ADV:0.1212 | AUX:0.0682 | CCONJ:0.0303 | DET:0.0303 | NOUN:0.0909 | PART:0.0606 | PRON:0.1591 | PUNCT:0.0985 | SCONJ:0.0379 | VERB:0.1439,60,132
ADJ:0.1429 | DET:0.2857 | NOUN:0.4286 | SCONJ:0.1429,ADJ:0.0588 | ADP:0.0735 | ADV:0.0882 | AUX:0.0441 | CCONJ:0.0441 | DET:0.0588 | INTJ:0.0147 | NOUN:0.1471 | PART:0.0735 | PRON:0.0735 | PROPN:0.0147 | PUNCT:0.1324 | SCONJ:0.0147 | VERB:0.1618,7,68
ADJ:0.2000 | AUX:0.1000 | CCONJ:0.1000 | DET:0.1000 | NOUN:0.2000 | PUNCT:0.2000 | VERB:0.1000,ADJ:0.0860 | ADP:0.0860 | ADV:0.1183 | AUX:0.0753 | CCONJ:0.0538 | DET:0.0645 | INTJ:0.0108 | NOUN:0.1183 | PART:0.0430 | PRON:0.0968 | PROPN:0.0108 | PUNCT:0.1075 | SCONJ:0.0108 | VERB:0.1183,10,93
ADJ:0.2000 | ADP:0.2000 | DET:0.2000 | NOUN:0.4000,ADJ:0.0444 | ADP:0.0889 | ADV:0.1111 | AUX:0.0778 | CCONJ:0.0333 | DET:0.0556 | NOUN:0.1556 | PART:0.0667 | PRON:0.0667 | PROPN:0.0111 | PUNCT:0.1111 | SCONJ:0.0111 | SPACE:0.0111 | VERB:0.1556,5,90
ADJ:0.1429 | ADP:0.1429 | ADV:0.1429 | DET:0.1429 | NOUN:0.4286,ADJ:0.0704 | ADP:0.0704 | ADV:0.1268 | AUX:0.0845 | CCONJ:0.0141 | DET:0.0282 | NOUN:0.0986 | PART:0.0704 | PRON:0.1127 | PROPN:0.0141 | PUNCT:0.1408 | SCONJ:0.0141 | VERB:0.1549,7,71
ADP:0.1250 | AUX:0.3750 | NOUN:0.2500 | PRON:0.1250 | PUNCT:0.1250,ADJ:0.0769 | ADP:0.0897 | ADV:0.0897 | AUX:0.0769 | CCONJ:0.0641 | DET:0.0256 | INTJ:0.0128 | NOUN:0.1795 | PART:0.0385 | PRON:0.0897 | PROPN:0.0128 | PUNCT:0.1026 | SCONJ:0.0128 | VERB:0.1282,8,78
ADJ:0.0952 | ADP:0.0476 | ADV:0.0952 | AUX:0.0476 | CCONJ:0.0476 | DET:0.0952 | NOUN:0.1429 | PRON:0.0952 | PUNCT:0.1905 | VERB:0.1429,ADJ:0.0583 | ADP:0.0874 | ADV:0.1359 | AUX:0.0777 | CCONJ:0.0388 | DET:0.0291 | NOUN:0.1262 | PART:0.0680 | PRON:0.0971 | PROPN:0.0097 | PUNCT:0.0971 | SCONJ:0.0194 | VERB:0.1553,21,103
ADP:0.1250 | ADV:0.1250 | DET:0.0625 | NOUN:0.2500 | PART:0.0625 | PRON:0.0625 | PUNCT:0.1250 | VERB:0.1875,ADJ:0.0685 | ADP:0.0274 | ADV:0.1370 | AUX:0.0959 | CCONJ:0.0274 | DET:0.0274 | NOUN:0.1507 | PART:0.0548 | PRON:0.1096 | PROPN:0.0137 | PUNCT:0.1233 | SCONJ:0.0274 | VERB:0.1370,16,73
ADJ:0.1149 | ADP:0.0977 | ADV:0.0920 | AUX:0.0747 | CCONJ:0.0345 | DET:0.0575 | NOUN:0.1954 | PRON:0.0977 | PROPN:0.0057 | PUNCT:0.0690 | SCONJ:0.0287 | SPACE:0.0057 | SYM:0.0057 | VERB:0.1207,ADJ:0.1029 | ADP:0.0588 | ADV:0.1324 | AUX:0.0441 | CCONJ:0.0441 | DET:0.0588 | NOUN:0.1618 | PART:0.0441 | PRON:0.0735 | PROPN:0.0147 | PUNCT:0.1471 | VERB:0.1176,174,68
ADV:0.0714 | CCONJ:0.0714 | NOUN:0.2857 | PRON:0.1429 | PUNCT:0.3571 | VERB:0.0714,ADJ:0.0957 | ADP:0.0319 | ADV:0.1277 | AUX:0.1170 | CCONJ:0.0426 | DET:0.0426 | NOUN:0.0957 | PART:0.0426 | PRON:0.1064 | PROPN:0.0106 | PUNCT:0.1170 | SCONJ:0.0213 | VERB:0.1489,14,94
ADV:0.1818 | AUX:0.1818 | CCONJ:0.0909 | NOUN:0.0909 | NUM:0.0909 | PRON:0.0909 | PUNCT:0.1818 | VERB:0.0909,ADJ:0.0649 | ADP:0.0649 | ADV:0.1558 | AUX:0.0909 | CCONJ:0.0779 | DET:0.0390 | INTJ:0.0130 | NOUN:0.1558 | PART:0.0519 | PRON:0.0519 | PROPN:0.0130 | PUNCT:0.1039 | VERB:0.1169,11,77
ADJ:0.2000 | ADP:0.2000 | DET:0.2000 | NOUN:0.3000 | PUNCT:0.1000,ADJ:0.0811 | ADP:0.0405 | ADV:0.1757 | AUX:0.0541 | CCONJ:0.0676 | DET:0.0405 | NOUN:0.1216 | PART:0.0405 | PRON:0.0541 | PROPN:0.0135 | PUNCT:0.1486 | SCONJ:0.0135 | VERB:0.1486,10,74
ADJ:0.0263 | ADP:0.1053 | ADV:0.1316 | AUX:0.0526 | CCONJ:0.0526 | DET:0.0263 | NOUN:0.2105 | PRON:0.1053 | PUNCT:0.0526 | SCONJ:0.0526 | SPACE:0.0263 | VERB:0.1579,ADJ:0.0805 | ADP:0.0460 | ADV:0.1149 | AUX:0.0690 | CCONJ:0.0345 | DET:0.0115 | NOUN:0.1379 | PART:0.0690 | PRON:0.1034 | PROPN:0.0115 | PUNCT:0.1264 | SCONJ:0.0115 | VERB:0.1839,38,87
ADJ:0.0678 | ADP:0.1356 | ADV:0.0847 | AUX:0.0508 | CCONJ:0.0339 | DET:0.0339 | NOUN:0.1695 | NUM:0.0339 | PART:0.0169 | PRON:0.0678 | PUNCT:0.1356 | SCONJ:0.0508 | VERB:0.1186,ADJ:0.0952 | ADP:0.0794 | ADV:0.1270 | AUX:0.0952 | CCONJ:0.0159 | DET:0.0317 | NOUN:0.1429 | PART:0.0635 | PRON:0.0635 | PROPN:0.0159 | PUNCT:0.0952 | SCONJ:0.0317 | VERB:0.1429,59,63
DET:1.0000,ADJ:0.0843 | ADP:0.0843 | ADV:0.1084 | AUX:0.0723 | CCONJ:0.0361 | DET:0.0241 | NOUN:0.1807 | PART:0.0602 | PRON:0.0602 | PROPN:0.0241 | PUNCT:0.1446 | VERB:0.1205,1,83
NOUN:1.0000,ADJ:0.0667 | ADP:0.1000 | ADV:0.0667 | AUX:0.0833 | CCONJ:0.0333 | DET:0.0167 | NOUN:0.1333 | PART:0.0667 | PRON:0.1167 | PROPN:0.0167 | PUNCT:0.1000 | SCONJ:0.0500 | VERB:0.1500,1,60
ADP:0.0857 | ADV:0.0857 | AUX:0.0857 | CCONJ:0.0571 | NOUN:0.1429 | NUM:0.0286 | PART:0.0286 | PRON:0.2857 | PROPN:0.0286 | SCONJ:0.0286 | VERB:0.1429,ADJ:0.0909 | ADP:0.0519 | ADV:0.1818 | AUX:0.1039 | CCONJ:0.0390 | DET:0.0130 | NOUN:0.1299 | PART:0.0519 | PRON:0.0909 | PROPN:0.0130 | PUNCT:0.1039 | SCONJ:0.0130 | VERB:0.1169,35,77
ADJ:0.0612 | ADP:0.1122 | ADV:0.0612 | AUX:0.0612 | CCONJ:0.0612 | DET:0.0408 | NOUN:0.1633 | NUM:0.0102 | PART:0.0204 | PRON:0.1224 | PUNCT:0.0510 | SCONJ:0.0510 | SPACE:0.0204 | VERB:0.1633,ADJ:0.0526 | ADP:0.0526 | ADV:0.1579 | AUX:0.0658 | CCONJ:0.0395 | DET:0.0263 | INTJ:0.0132 | NOUN:0.2105 | NUM:0.0132 | PART:0.0263 | PRON:0.0526 | PROPN:0.0132 | PUNCT:0.1447 | SCONJ:0.0132 | VERB:0.1184,98,76
ADJ:0.0566 | ADP:0.0566 | ADV:0.0755 | AUX:0.0943 | CCONJ:0.0377 | DET:0.0566 | NOUN:0.1509 | PART:0.0377 | PRON:0.1321 | PUNCT:0.0566 | SCONJ:0.0377 | SPACE:0.0189 | VERB:0.1887,ADJ:0.0860 | ADP:0.0860 | ADV:0.1613 | AUX:0.0430 | CCONJ:0.0538 | DET:0.0323 | INTJ:0.0108 | NOUN:0.1398 | PART:0.0538 | PRON:0.0538 | PROPN:0.0108 | PUNCT:0.1183 | SCONJ:0.0108 | VERB:0.1398,53,93
ADP:0.1154 | ADV:0.0385 | AUX:0.0769 | CCONJ:0.0385 | DET:0.0769 | NOUN:0.0769 | PART:0.0385 | PRON:0.1538 | PUNCT:0.1538 | SPACE:0.0769 | VERB:0.1538,ADJ:0.0897 | ADP:0.0641 | ADV:0.0769 | AUX:0.1026 | CCONJ:0.0256 | DET:0.0256 | INTJ:0.0128 | NOUN:0.1538 | PART:0.0513 | PRON:0.1154 | PROPN:0.0128 | PUNCT:0.1282 | SCONJ:0.0128 | VERB:0.1282,26,78
ADP:0.1000 | ADV:0.2000 | CCONJ:0.1000 | DET:0.1000 | NOUN:0.1000 | PRON:0.1000 | VERB:0.3000,ADJ:0.1139 | ADP:0.0506 | ADV:0.1266 | AUX:0.0380 | CCONJ:0.0633 | DET:0.0127 | NOUN:0.1392 | PART:0.0633 | PRON:0.0886 | PROPN:0.0127 | PUNCT:0.1139 | SCONJ:0.0127 | VERB:0.1646,10,79
ADJ:0.0733 | ADP:0.0659 | ADV:0.1392 | AUX:0.0403 | CCONJ:0.0183 | DET:0.0366 | NOUN:0.1538 | NUM:0.0440 | PART:0.0293 | PRON:0.1062 | PROPN:0.0183 | PUNCT:0.0989 | SCONJ:0.0220 | SPACE:0.0256 | SYM:0.0183 | VERB:0.1099,ADJ:0.0685 | ADP:0.0548 | ADV:0.1507 | AUX:0.0685 | CCONJ:0.0137 | DET:0.0411 | NOUN:0.1781 | PART:0.0411 | PRON:0.0959 | PROPN:0.0137 | PUNCT:0.1096 | SCONJ:0.0137 | VERB:0.1507,273,73
ADJ:0.1429 | ADP:0.1429 | ADV:0.1429 | DET:0.1429 | NOUN:0.1429 | PRON:0.1429 | PUNCT:0.1429,ADJ:0.0722 | ADP:0.0515 | ADV:0.1134 | AUX:0.0619 | CCONJ:0.0412 | DET:0.0412 | INTJ:0.0103 | NOUN:0.1443 | PART:0.0103 | PRON:0.1134 | PROPN:0.0103 | PUNCT:0.1959 | SCONJ:0.0206 | VERB:0.1134,7,97
ADJ:0.1429 | ADP:0.1429 | NOUN:0.2857 | NUM:0.1429 | PROPN:0.1429 | PUNCT:0.1429,ADJ:0.0833 | ADP:0.0417 | ADV:0.1111 | AUX:0.0556 | CCONJ:0.0417 | DET:0.0556 | NOUN:0.1667 | PART:0.0556 | PRON:0.0694 | PROPN:0.0139 | PUNCT:0.1389 | SCONJ:0.0139 | VERB:0.1528,7,72
NOUN:0.5000 | PUNCT:0.5000,ADJ:0.0482 | ADP:0.0843 | ADV:0.1084 | AUX:0.0723 | CCONJ:0.0361 | DET:0.0482 | NOUN:0.1566 | PART:0.0482 | PRON:0.1205 | PROPN:0.0120 | PUNCT:0.1084 | VERB:0.1566,2,83
ADJ:0.5000 | NOUN:0.5000,ADJ:0.0976 | ADP:0.0976 | ADV:0.1220 | AUX:0.0732 | CCONJ:0.0488 | DET:0.0244 | NOUN:0.1463 | PART:0.0488 | PRON:0.0854 | PROPN:0.0122 | PUNCT:0.1098 | VERB:0.1341,2,82
ADJ:0.0625 | ADP:0.0625 | ADV:0.0625 | CCONJ:0.1250 | DET:0.0312 | NOUN:0.3125 | PRON:0.0312 | PUNCT:0.1250 | SPACE:0.0625 | VERB:0.1250,ADJ:0.0588 | ADP:0.0882 | ADV:0.1176 | AUX:0.0882 | CCONJ:0.0441 | DET:0.0294 | INTJ:0.0147 | NOUN:0.0882 | PART:0.0735 | PRON:0.1176 | PROPN:0.0147 | PUNCT:0.1029 | SCONJ:0.0147 | VERB:0.1471,32,68
ADJ:0.2000 | NOUN:0.4000 | PUNCT:0.2000 | VERB:0.2000,ADJ:0.0694 | ADP:0.0972 | ADV:0.0694 | AUX:0.0556 | CCONJ:0.0417 | DET:0.0417 | NOUN:0.1806 | PART:0.0278 | PRON:0.0972 | PROPN:0.0139 | PUNCT:0.1111 | SCONJ:0.0139 | VERB:0.1806,5,72
ADP:0.3333 | NOUN:0.3333 | PROPN:0.3333,ADJ:0.1154 | ADP:0.0513 | ADV:0.1538 | AUX:0.0513 | CCONJ:0.0385 | DET:0.0513 | NOUN:0.1667 | PART:0.0256 | PRON:0.0641 | PROPN:0.0128 | PUNCT:0.1538 | SCONJ:0.0128 | VERB:0.1026,3,78
ADJ:0.2500 | ADV:0.1250 | NOUN:0.2500 | SCONJ:0.1250 | SYM:0.1250 | VERB:0.1250,ADJ:0.1184 | ADP:0.0921 | ADV:0.0921 | AUX:0.0395 | CCONJ:0.0395 | DET:0.0526 | NOUN:0.1711 | PART:0.0526 | PRON:0.0658 | PROPN:0.0132 | PUNCT:0.1184 | VERB:0.1447,8,76
ADJ:0.1429 | ADV:0.1429 | DET:0.0714 | NOUN:0.1429 | PART:0.0714 | PRON:0.0714 | PROPN:0.0714 | PUNCT:0.2143 | SPACE:0.0714,ADJ:0.1094 | ADP:0.0938 | ADV:0.1719 | AUX:0.0625 | CCONJ:0.0312 | DET:0.0156 | NOUN:0.1094 | PART:0.0781 | PRON:0.0781 | PROPN:0.0156 | PUNCT:0.1094 | VERB:0.1250,14,64
ADJ:0.0364 | ADP:0.0909 | ADV:0.2000 | AUX:0.0545 | CCONJ:0.0364 | NOUN:0.1455 | NUM:0.0545 | PART:0.0364 | PRON:0.1455 | PUNCT:0.0727 | SCONJ:0.0364 | VERB:0.0909,ADJ:0.0926 | ADP:0.0741 | ADV:0.1111 | AUX:0.0556 | CCONJ:0.0741 | DET:0.0185 | NOUN:0.1852 | PART:0.0556 | PRON:0.1111 | PUNCT:0.1111 | SCONJ:0.0185 | VERB:0.0926,55,54
ADJ:0.0541 | ADP:0.1081 | ADV:0.1486 | AUX:0.0676 | CCONJ:0.0270 | DET:0.0270 | NOUN:0.1081 | PART:0.0405 | PRON:0.0676 | PROPN:0.0270 | PUNCT:0.0946 | SCONJ:0.0270 | SPACE:0.0405 | VERB:0.1622,ADJ:0.0597 | ADP:0.1343 | ADV:0.0448 | AUX:0.0746 | CCONJ:0.0448 | DET:0.0299 | NOUN:0.1493 | PART:0.0149 | PRON:0.1642 | PUNCT:0.0896 | SCONJ:0.0597 | VERB:0.1343,74,67
ADP:0.2500 | ADV:0.0833 | NOUN:0.2500 | PRON:0.1667 | SCONJ:0.0833 | VERB:0.1667,ADJ:0.0380 | ADP:0.0886 | ADV:0.1013 | AUX:0.0633 | CCONJ:0.0506 | DET:0.0633 | INTJ:0.0127 | NOUN:0.1139 | PART:0.0253 | PRON:0.1519 | PROPN:0.0127 | PUNCT:0.1139 | SCONJ:0.0253 | VERB:0.1392,12,79
ADJ:0.0556 | ADP:0.0370 | ADV:0.1852 | AUX:0.0185 | CCONJ:0.0556 | DET:0.0185 | NOUN:0.1852 | NUM:0.0185 | PART:0.0370 | PRON:0.1296 | PUNCT:0.0556 | SCONJ:0.0185 | SPACE:0.0370 | SYM:0.0185 | VERB:0.1296,ADJ:0.0952 | ADP:0.0833 | ADV:0.0833 | AUX:0.0833 | CCONJ:0.0238 | DET:0.0238 | INTJ:0.0119 | NOUN:0.0952 | PART:0.0595 | PRON:0.1548 | PUNCT:0.1190 | SCONJ:0.0119 | VERB:0.1548,54,84
ADJ:0.0185 | ADP:0.0741 | ADV:0.1296 | AUX:0.0741 | CCONJ:0.0556 | INTJ:0.0185 | NOUN:0.1296 | NUM:0.0185 | PRON:0.1481 | PUNCT:0.1296 | SCONJ:0.0185 | SPACE:0.0185 | VERB:0.1667,ADJ:0.0370 | ADP:0.0926 | ADV:0.1111 | AUX:0.0185 | CCONJ:0.0556 | DET:0.0370 | NOUN:0.1296 | PART:0.0370 | PRON:0.1852 | PUNCT:0.1111 | SCONJ:0.0370 | VERB:0.1481,54,54
ADJ:0.1000 | ADP:0.1000 | ADV:0.1000 | PART:0.1000 | PRON:0.3000 | PUNCT:0.1000 | VERB:0.2000,ADJ:0.0857 | ADP:0.1143 | ADV:0.0714 | AUX:0.0714 | CCONJ:0.0429 | DET:0.0429 | INTJ:0.0143 | NOUN:0.1143 | PART:0.0429 | PRON:0.1143 | PUNCT:0.1000 | SCONJ:0.0286 | VERB:0.1571,10,70
ADJ:0.1333 | ADV:0.1667 | CCONJ:0.0333 | DET:0.0667 | NOUN:0.1000 | PART:0.0667 | PRON:0.1333 | PUNCT:0.1333 | SPACE:0.0333 | VERB:0.1333,ADJ:0.0746 | ADP:0.0896 | ADV:0.0896 | AUX:0.0448 | CCONJ:0.0448 | DET:0.0149 | NOUN:0.0896 | PART:0.0299 | PRON:0.1642 | PROPN:0.0299 | PUNCT:0.1343 | SCONJ:0.0448 | VERB:0.1493,30,67
ADJ:0.0735 | ADP:0.0735 | ADV:0.1213 | AUX:0.0625 | CCONJ:0.0441 | DET:0.0515 | NOUN:0.1471 | NUM:0.0110 | PART:0.0368 | PRON:0.1507 | PROPN:0.0074 | PUNCT:0.0772 | SCONJ:0.0257 | SPACE:0.0147 | VERB:0.1029,ADJ:0.0286 | ADP:0.0857 | ADV:0.1714 | AUX:0.0571 | CCONJ:0.0429 | DET:0.0429 | NOUN:0.1143 | PART:0.0714 | PRON:0.1000 | PUNCT:0.1000 | SCONJ:0.0286 | VERB:0.1571,272,70
ADJ:0.0729 | ADP:0.1146 | ADV:0.1667 | AUX:0.0417 | CCONJ:0.0208 | DET:0.0417 | NOUN:0.1562 | NUM:0.0104 | PART:0.0104 | PRON:0.1250 | PUNCT:0.1042 | SCONJ:0.0312 | SPACE:0.0104 | VERB:0.0938,ADJ:0.1084 | ADP:0.0843 | ADV:0.0602 | AUX:0.0723 | CCONJ:0.0482 | DET:0.0602 | INTJ:0.0120 | NOUN:0.1084 | PART:0.0482 | PRON:0.1325 | PUNCT:0.0964 | SCONJ:0.0361 | VERB:0.1325,96,83
ADJ:0.0233 | ADP:0.0698 | ADV:0.2558 | CCONJ:0.0698 | DET:0.0233 | NOUN:0.2326 | NUM:0.0465 | PRON:0.0465 | PROPN:0.0233 | PUNCT:0.0930 | SYM:0.0465 | VERB:0.0698,ADJ:0.0385 | ADP:0.1154 | ADV:0.1026 | AUX:0.0513 | CCONJ:0.0385 | INTJ:0.0128 | NOUN:0.1026 | PART:0.0256 | PRON:0.2051 | PUNCT:0.1154 | SCONJ:0.0385 | VERB:0.1538,43,78
ADJ:0.0127 | ADP:0.0506 | ADV:0.2405 | AUX:0.0633 | CCONJ:0.0506 | DET:0.0253 | NOUN:0.1013 | NUM:0.0380 | PART:0.0127 | PRON:0.1266 | PROPN:0.0253 | PUNCT:0.1013 | SCONJ:0.0380 | VERB:0.1139,ADJ:0.0519 | ADP:0.0779 | ADV:0.0909 | AUX:0.0649 | CCONJ:0.0519 | DET:0.0519 | NOUN:0.1299 | PART:0.0390 | PRON:0.1299 | PUNCT:0.1169 | SCONJ:0.0260 | VERB:0.1688,79,77
ADP:0.0682 | ADV:0.1136 | AUX:0.0455 | CCONJ:0.0455 | DET:0.0455 | NOUN:0.1364 | PART:0.0909 | PRON:0.1136 | PUNCT:0.1364 | SCONJ:0.0455 | VERB:0.1591,ADJ:0.0568 | ADP:0.1023 | ADV:0.0682 | AUX:0.0341 | CCONJ:0.0341 | DET:0.0341 | NOUN:0.1250 | PART:0.0568 | PRON:0.1705 | PUNCT:0.0795 | SCONJ:0.0682 | VERB:0.1705,44,88
ADJ:0.0552 | ADP:0.0828 | ADV:0.1103 | AUX:0.0345 | CCONJ:0.0345 | DET:0.0460 | INTJ:0.0023 | NOUN:0.1517 | NUM:0.0368 | PART:0.0276 | PRON:0.0713 | PROPN:0.0276 | PUNCT:0.1655 | SCONJ:0.0207 | SPACE:0.0276 | VERB:0.1057,ADJ:0.0328 | ADP:0.1148 | ADV:0.1311 | AUX:0.0492 | CCONJ:0.0328 | DET:0.0328 | INTJ:0.0164 | NOUN:0.1475 | PART:0.0328 | PRON:0.1475 | PUNCT:0.1148 | SCONJ:0.0164 | VERB:0.1311,435,61
ADJ:0.0814 | ADP:0.0988 | ADV:0.0640 | AUX:0.0233 | DET:0.0291 | NOUN:0.1860 | NUM:0.0174 | PART:0.0233 | PRON:0.1628 | PROPN:0.0116 | PUNCT:0.0872 | SCONJ:0.0698 | SPACE:0.0116 | SYM:0.0058 | VERB:0.1279,ADJ:0.0933 | ADP:0.1200 | ADV:0.1067 | AUX:0.0533 | CCONJ:0.0267 | DET:0.0267 | NOUN:0.0800 | PART:0.0400 | PRON:0.1600 | PUNCT:0.1067 | SCONJ:0.0400 | VERB:0.1467,172,75
ADJ:0.0606 | ADP:0.0303 | DET:0.0303 | NOUN:0.3030 | NUM:0.1212 | PROPN:0.0909 | PUNCT:0.2424 | SPACE:0.1212,ADJ:0.0833 | ADP:0.0595 | ADV:0.1071 | AUX:0.0357 | CCONJ:0.0476 | DET:0.0595 | NOUN:0.0833 | PART:0.0595 | PRON:0.1429 | PUNCT:0.0714 | SCONJ:0.0714 | VERB:0.1786,33,84
ADJ:0.0541 | ADP:0.1351 | ADV:0.2027 | AUX:0.0676 | CCONJ:0.0405 | DET:0.0135 | NOUN:0.1622 | NUM:0.0541 | PRON:0.0541 | PUNCT:0.0676 | SCONJ:0.0270 | SPACE:0.0270 | VERB:0.0946,ADJ:0.0471 | ADP:0.0941 | ADV:0.1647 | AUX:0.0353 | CCONJ:0.0353 | DET:0.0235 | INTJ:0.0118 | NOUN:0.1294 | PART:0.0471 | PRON:0.1412 | PUNCT:0.1059 | SCONJ:0.0118 | VERB:0.1529,74,85
ADJ:0.0851 | ADP:0.0426 | ADV:0.1277 | AUX:0.0957 | CCONJ:0.0957 | DET:0.0106 | NOUN:0.1170 | NUM:0.0319 | PART:0.0532 | PRON:0.1277 | PUNCT:0.1064 | SCONJ:0.0106 | VERB:0.0957,ADJ:0.0909 | ADP:0.0519 | ADV:0.1299 | AUX:0.0909 | CCONJ:0.0649 | DET:0.0130 | NOUN:0.1818 | PART:0.0260 | PRON:0.1039 | PUNCT:0.1169 | SCONJ:0.0260 | VERB:0.1039,94,77
ADJ:0.0575 | ADP:0.0632 | ADV:0.0862 | AUX:0.0517 | CCONJ:0.0402 | DET:0.0402 | INTJ:0.0115 | NOUN:0.1437 | PART:0.0460 | PRON:0.1552 | PUNCT:0.1264 | SCONJ:0.0230 | SYM:0.0057 | VERB:0.1494,ADJ:0.1154 | ADP:0.0865 | ADV:0.0769 | AUX:0.0577 | CCONJ:0.0481 | DET:0.0288 | INTJ:0.0096 | NOUN:0.1635 | PART:0.0385 | PRON:0.1346 | PUNCT:0.0769 | SCONJ:0.0385 | VERB:0.1250,174,104
ADJ:0.1111 | ADP:0.0370 | ADV:0.0988 | AUX:0.0741 | CCONJ:0.0494 | DET:0.0494 | INTJ:0.0123 | NOUN:0.0988 | NUM:0.0123 | PART:0.0247 | PRON:0.1481 | PUNCT:0.0988 | SCONJ:0.0617 | VERB:0.1235,ADJ:0.1100 | ADP:0.0400 | ADV:0.1000 | AUX:0.0700 | CCONJ:0.0800 | DET:0.0400 | NOUN:0.1900 | PART:0.0500 | PRON:0.1100 | PUNCT:0.1100 | SCONJ:0.0100 | VERB:0.0900,81,100
ADJ:0.0256 | ADP:0.0256 | ADV:0.0769 | AUX:0.0385 | CCONJ:0.0128 | DET:0.0256 | INTJ:0.0513 | NOUN:0.1282 | NUM:0.0897 | PART:0.0513 | PRON:0.0769 | PUNCT:0.2436 | SCONJ:0.0256 | SPACE:0.0513 | VERB:0.0769,ADJ:0.1000 | ADP:0.0600 | ADV:0.1000 | AUX:0.0600 | CCONJ:0.0300 | DET:0.0200 | NOUN:0.1700 | PART:0.0600 | PRON:0.1200 | PUNCT:0.0800 | SCONJ:0.0500 | VERB:0.1500,78,100
ADJ:0.0177 | ADP:0.1062 | ADV:0.0973 | AUX:0.0885 | CCONJ:0.0265 | DET:0.0442 | INTJ:0.0088 | NOUN:0.1770 | NUM:0.0088 | PART:0.0265 | PRON:0.1239 | PROPN:0.0177 | PUNCT:0.1150 | SCONJ:0.0354 | SPACE:0.0088 | VERB:0.0973,ADJ:0.0902 | ADP:0.0902 | ADV:0.0656 | AUX:0.0656 | CCONJ:0.0656 | DET:0.0574 | INTJ:0.0082 | NOUN:0.1557 | NUM:0.0082 | PART:0.0574 | PRON:0.1066 | PUNCT:0.0902 | SCONJ:0.0164 | VERB:0.1230,113,122
ADJ:0.0805 | ADP:0.0805 | ADV:0.0460 | AUX:0.1034 | CCONJ:0.0230 | DET:0.0805 | NOUN:0.1724 | NUM:0.0115 | PART:0.0345 | PRON:0.1149 | PUNCT:0.1034 | SCONJ:0.0230 | SPACE:0.0115 | VERB:0.1149,ADJ:0.0943 | ADP:0.0566 | ADV:0.0660 | AUX:0.0566 | CCONJ:0.0849 | DET:0.0377 | NOUN:0.1509 | PART:0.0283 | PRON:0.1415 | PROPN:0.0189 | PUNCT:0.0943 | SCONJ:0.0472 | VERB:0.1226,87,106
ADJ:0.0825 | ADP:0.1134 | ADV:0.0515 | AUX:0.0103 | CCONJ:0.0619 | DET:0.0309 | NOUN:0.1959 | PART:0.0515 | PRON:0.1237 | PROPN:0.0103 | PUNCT:0.0928 | SCONJ:0.0206 | SPACE:0.0206 | VERB:0.1340,ADJ:0.0874 | ADP:0.0874 | ADV:0.0971 | AUX:0.0583 | CCONJ:0.0680 | DET:0.0291 | INTJ:0.0097 | NOUN:0.1845 | PART:0.0388 | PRON:0.0971 | PUNCT:0.1165 | SCONJ:0.0194 | VERB:0.1068,97,103
ADJ:0.0909 | ADP:0.0826 | ADV:0.0826 | AUX:0.0909 | CCONJ:0.0165 | DET:0.0413 | NOUN:0.1322 | NUM:0.0165 | PART:0.0165 | PRON:0.1240 | PROPN:0.0165 | PUNCT:0.0909 | SCONJ:0.0661 | SPACE:0.0083 | VERB:0.1240,ADJ:0.0811 | ADP:0.1081 | ADV:0.0991 | AUX:0.0901 | CCONJ:0.0360 | DET:0.0270 | INTJ:0.0090 | NOUN:0.1982 | PART:0.0450 | PRON:0.0811 | PUNCT:0.0991 | SCONJ:0.0180 | VERB:0.1081,121,111
ADP:0.1667 | CCONJ:0.3333 | PRON:0.1667 | PROPN:0.1667 | PUNCT:0.1667,ADJ:0.1176 | ADP:0.1078 | ADV:0.0392 | AUX:0.0784 | CCONJ:0.0784 | DET:0.0392 | NOUN:0.1863 | NUM:0.0098 | PART:0.0392 | PRON:0.1078 | PROPN:0.0098 | PUNCT:0.0882 | SCONJ:0.0098 | VERB:0.0882,6,102
ADJ:0.0427 | ADP:0.0671 | ADV:0.1341 | AUX:0.0976 | CCONJ:0.0183 | DET:0.0366 | NOUN:0.0976 | NUM:0.0122 | PART:0.0793 | PRON:0.1220 | PROPN:0.0061 | PUNCT:0.1098 | SCONJ:0.0488 | SPACE:0.0183 | VERB:0.1098,ADJ:0.1129 | ADP:0.0887 | ADV:0.1129 | AUX:0.0565 | CCONJ:0.0645 | DET:0.0161 | NOUN:0.1774 | NUM:0.0081 | PART:0.0484 | PRON:0.0806 | PROPN:0.0081 | PUNCT:0.0806 | SCONJ:0.0323 | VERB:0.1129,164,124
ADJ:0.0149 | ADP:0.0149 | ADV:0.1194 | AUX:0.0448 | DET:0.0448 | NOUN:0.1343 | NUM:0.0149 | PART:0.1194 | PRON:0.1940 | PROPN:0.0149 | PUNCT:0.0597 | SCONJ:0.0149 | SPACE:0.0149 | VERB:0.1940,ADJ:0.1135 | ADP:0.0993 | ADV:0.1135 | AUX:0.0638 | CCONJ:0.0567 | DET:0.0213 | NOUN:0.1702 | PART:0.0284 | PRON:0.0922 | PROPN:0.0071 | PUNCT:0.0851 | SCONJ:0.0426 | VERB:0.1064,67,141
ADJ:0.1389 | ADP:0.0417 | ADV:0.1389 | AUX:0.0556 | CCONJ:0.0278 | DET:0.0278 | NOUN:0.1250 | NUM:0.0278 | PART:0.0417 | PRON:0.1111 | PUNCT:0.0972 | SCONJ:0.0694 | SPACE:0.0278 | VERB:0.0694,ADJ:0.0877 | ADP:0.0965 | ADV:0.0526 | AUX:0.0526 | CCONJ:0.0351 | DET:0.0351 | NOUN:0.1842 | PART:0.0526 | PRON:0.1491 | PUNCT:0.0877 | SCONJ:0.0263 | VERB:0.1404,72,114
ADJ:0.0752 | ADP:0.1429 | ADV:0.0902 | AUX:0.0451 | CCONJ:0.0226 | DET:0.0150 | INTJ:0.0075 | NOUN:0.1880 | NUM:0.0075 | PART:0.0602 | PRON:0.0902 | PROPN:0.0150 | PUNCT:0.0977 | SCONJ:0.0075 | SPACE:0.0150 | VERB:0.1203,ADJ:0.1010 | ADP:0.0505 | ADV:0.1111 | AUX:0.0303 | CCONJ:0.0606 | DET:0.0303 | INTJ:0.0101 | NOUN:0.1919 | PART:0.0404 | PRON:0.1111 | PUNCT:0.1010 | SCONJ:0.0505 | VERB:0.1111,133,99
ADJ:0.0451 | ADP:0.0752 | ADV:0.1278 | AUX:0.0602 | CCONJ:0.0226 | DET:0.0376 | NOUN:0.2030 | NUM:0.0150 | PART:0.0451 | PRON:0.0902 | PROPN:0.0150 | PUNCT:0.0827 | SCONJ:0.0526 | SPACE:0.0075 | VERB:0.1203,ADJ:0.1075 | ADP:0.0968 | ADV:0.0430 | AUX:0.0538 | CCONJ:0.0753 | DET:0.0215 | INTJ:0.0108 | NOUN:0.2258 | NUM:0.0215 | PART:0.0323 | PRON:0.0860 | PUNCT:0.0860 | SCONJ:0.0323 | VERB:0.1075,133,93
ADJ:0.0625 | ADP:0.1250 | ADV:0.0938 | AUX:0.0312 | DET:0.0625 | NOUN:0.1250 | PART:0.0312 | PRON:0.1562 | PROPN:0.0312 | PUNCT:0.0938 | SCONJ:0.0625 | SPACE:0.0312 | VERB:0.0938,ADJ:0.1316 | ADP:0.0789 | ADV:0.0351 | AUX:0.0702 | CCONJ:0.0965 | DET:0.0263 | INTJ:0.0088 | NOUN:0.1842 | PART:0.0351 | PRON:0.1140 | PROPN:0.0088 | PUNCT:0.0965 | SCONJ:0.0175 | VERB:0.0965,32,114
ADJ:0.0645 | ADP:0.0484 | ADV:0.1290 | AUX:0.0484 | CCONJ:0.0161 | DET:0.0161 | NOUN:0.1774 | NUM:0.0323 | PART:0.0645 | PRON:0.1129 | PUNCT:0.1290 | SCONJ:0.0161 | VERB:0.1452,ADJ:0.1237 | ADP:0.0722 | ADV:0.0928 | AUX:0.0722 | CCONJ:0.0722 | DET:0.0206 | NOUN:0.1753 | PART:0.0206 | PRON:0.1134 | PUNCT:0.0825 | SCONJ:0.0412 | VERB:0.1134,62,97
ADJ:0.0508 | ADP:0.0932 | ADV:0.0593 | AUX:0.0593 | CCONJ:0.0508 | DET:0.0339 | NOUN:0.2288 | PART:0.0508 | PRON:0.1271 | PUNCT:0.0763 | SCONJ:0.0254 | SPACE:0.0339 | SYM:0.0085 | VERB:0.1017,ADJ:0.0726 | ADP:0.0887 | ADV:0.1048 | AUX:0.0726 | CCONJ:0.0242 | DET:0.0161 | INTJ:0.0161 | NOUN:0.1452 | NUM:0.0081 | PART:0.0565 | PRON:0.1290 | PROPN:0.0081 | PUNCT:0.0968 | SCONJ:0.0323 | VERB:0.1290,118,124
ADJ:0.0833 | ADP:0.1250 | ADV:0.0556 | AUX:0.0625 | CCONJ:0.0486 | DET:0.0139 | NOUN:0.1806 | NUM:0.0139 | PART:0.0417 | PRON:0.1250 | PROPN:0.0139 | PUNCT:0.0903 | SCONJ:0.0347 | VERB:0.1111,ADJ:0.1014 | ADP:0.1014 | ADV:0.0580 | AUX:0.0725 | CCONJ:0.0580 | DET:0.0290 | INTJ:0.0072 | NOUN:0.1667 | NUM:0.0072 | PART:0.0435 | PRON:0.1159 | PROPN:0.0072 | PUNCT:0.0797 | SCONJ:0.0435 | VERB:0.1087,144,138
ADP:0.2174 | ADV:0.0435 | DET:0.0435 | NOUN:0.3043 | NUM:0.0435 | PRON:0.1739 | PUNCT:0.0435 | VERB:0.1304,ADJ:0.0781 | ADP:0.0625 | ADV:0.1328 | AUX:0.0703 | CCONJ:0.0234 | DET:0.0156 | NOUN:0.1641 | PART:0.0469 | PRON:0.1172 | PUNCT:0.1094 | SCONJ:0.0625 | VERB:0.1172,23,128
ADJ:0.0270 | ADP:0.1081 | ADV:0.0541 | AUX:0.1081 | DET:0.0270 | NOUN:0.2162 | PART:0.0541 | PRON:0.0811 | PUNCT:0.1081 | SCONJ:0.0811 | VERB:0.1351,ADJ:0.0887 | ADP:0.0726 | ADV:0.0806 | AUX:0.0726 | CCONJ:0.0645 | DET:0.0161 | NOUN:0.1694 | PART:0.0565 | PRON:0.1210 | PUNCT:0.0887 | SCONJ:0.0323 | VERB:0.1371,37,124
ADJ:0.0795 | ADP:0.1023 | ADV:0.0909 | AUX:0.0909 | CCONJ:0.0568 | DET:0.0227 | NOUN:0.1818 | NUM:0.0227 | PART:0.0455 | PRON:0.0682 | PUNCT:0.1023 | SCONJ:0.0341 | VERB:0.1023,ADJ:0.1078 | ADP:0.0784 | ADV:0.1275 | AUX:0.0588 | CCONJ:0.0490 | DET:0.0196 | NOUN:0.1765 | PART:0.0490 | PRON:0.0980 | PROPN:0.0098 | PUNCT:0.0686 | SCONJ:0.0490 | VERB:0.1078,88,102
ADJ:0.1395 | ADP:0.0698 | ADV:0.0698 | AUX:0.0698 | CCONJ:0.0465 | DET:0.0698 | NOUN:0.1744 | NUM:0.0116 | PART:0.0465 | PRON:0.0465 | PUNCT:0.1279 | SCONJ:0.0116 | SPACE:0.0465 | VERB:0.0698,ADJ:0.1212 | ADP:0.0606 | ADV:0.0606 | AUX:0.0707 | CCONJ:0.0303 | DET:0.0404 | NOUN:0.2020 | NUM:0.0101 | PART:0.0303 | PRON:0.1313 | PROPN:0.0101 | PUNCT:0.0909 | SCONJ:0.0303 | VERB:0.1111,86,99
ADJ:0.0735 | ADP:0.0294 | ADV:0.1029 | AUX:0.1176 | CCONJ:0.0147 | DET:0.0147 | NOUN:0.1176 | NUM:0.0147 | PART:0.0735 | PRON:0.1176 | PUNCT:0.0735 | SCONJ:0.0441 | SPACE:0.0147 | VERB:0.1912,ADJ:0.1074 | ADP:0.0744 | ADV:0.1157 | AUX:0.0413 | CCONJ:0.0496 | DET:0.0248 | INTJ:0.0083 | NOUN:0.1653 | PART:0.0413 | PRON:0.1074 | PUNCT:0.0992 | SCONJ:0.0496 | VERB:0.1157,68,121
ADJ:0.0938 | ADP:0.0625 | ADV:0.1562 | AUX:0.0625 | DET:0.0625 | NOUN:0.1875 | PRON:0.1250 | PUNCT:0.0938 | VERB:0.1562,ADJ:0.0909 | ADP:0.0496 | ADV:0.0992 | AUX:0.0744 | CCONJ:0.0496 | DET:0.0165 | NOUN:0.1488 | PART:0.0496 | PRON:0.1322 | PROPN:0.0083 | PUNCT:0.0909 | SCONJ:0.0413 | VERB:0.1488,32,121
ADJ:0.2381 | ADV:0.0952 | AUX:0.1905 | DET:0.0476 | INTJ:0.0476 | NOUN:0.0476 | NUM:0.0952 | PRON:0.0476 | PUNCT:0.1429 | VERB:0.0476,ADJ:0.1037 | ADP:0.0741 | ADV:0.0889 | AUX:0.0593 | CCONJ:0.0519 | DET:0.0370 | NOUN:0.1407 | NUM:0.0074 | PART:0.0519 | PRON:0.1259 | PROPN:0.0074 | PUNCT:0.0889 | SCONJ:0.0444 | VERB:0.1185,21,135
ADJ:0.0312 | ADP:0.1094 | ADV:0.1250 | AUX:0.0156 | DET:0.0312 | NOUN:0.2188 | NUM:0.0469 | PART:0.0156 | PRON:0.1250 | PROPN:0.0312 | PUNCT:0.0781 | SCONJ:0.0156 | SPACE:0.0156 | VERB:0.1406,ADJ:0.1058 | ADP:0.0769 | ADV:0.1154 | AUX:0.0769 | CCONJ:0.0288 | DET:0.0385 | NOUN:0.1346 | NUM:0.0096 | PART:0.0481 | PRON:0.1250 | PROPN:0.0096 | PUNCT:0.0865 | SCONJ:0.0385 | VERB:0.1058,64,104
ADJ:0.0426 | ADP:0.0979 | ADV:0.0894 | AUX:0.0638 | CCONJ:0.0468 | DET:0.0468 | NOUN:0.2340 | NUM:0.0043 | PART:0.0298 | PRON:0.1021 | PROPN:0.0043 | PUNCT:0.1021 | SCONJ:0.0128 | SPACE:0.0170 | VERB:0.1064,ADJ:0.0805 | ADP:0.0671 | ADV:0.0805 | AUX:0.0671 | CCONJ:0.0403 | DET:0.0403 | INTJ:0.0067 | NOUN:0.1678 | PART:0.0336 | PRON:0.1477 | PROPN:0.0067 | PUNCT:0.1007 | SCONJ:0.0336 | VERB:0.1275,235,149
ADJ:0.1250 | ADP:0.2500 | CCONJ:0.1250 | PRON:0.1250 | PROPN:0.1250 | SCONJ:0.1250 | VERB:0.1250,ADJ:0.0755 | ADP:0.0660 | ADV:0.0849 | AUX:0.0377 | CCONJ:0.0849 | DET:0.0283 | NOUN:0.1981 | NUM:0.0189 | PART:0.0472 | PRON:0.1038 | PROPN:0.0094 | PUNCT:0.0943 | SCONJ:0.0283 | VERB:0.1226,8,106
ADP:0.1053 | ADV:0.1053 | AUX:0.0526 | NOUN:0.2105 | PRON:0.2105 | PUNCT:0.2105 | VERB:0.1053,ADJ:0.0845 | ADP:0.0775 | ADV:0.1056 | AUX:0.0775 | CCONJ:0.0704 | DET:0.0282 | NOUN:0.1549 | PART:0.0352 | PRON:0.1408 | PUNCT:0.0845 | SCONJ:0.0352 | VERB:0.1056,19,142
ADJ:0.0577 | ADP:0.0913 | ADV:0.0817 | AUX:0.0769 | CCONJ:0.0433 | DET:0.0673 | NOUN:0.1971 | NUM:0.0096 | PART:0.0240 | PRON:0.1202 | PROPN:0.0048 | PUNCT:0.0913 | SCONJ:0.0192 | SPACE:0.0096 | VERB:0.1058,ADJ:0.1124 | ADP:0.0562 | ADV:0.1124 | AUX:0.0562 | CCONJ:0.0449 | DET:0.0337 | NOUN:0.1461 | PART:0.0562 | PRON:0.1124 | PROPN:0.0112 | PUNCT:0.1124 | SCONJ:0.0337 | VERB:0.1124,208,89
ADP:0.1053 | ADV:0.0526 | DET:0.0526 | NOUN:0.2632 | PRON:0.1053 | PROPN:0.0526 | PUNCT:0.1053 | SCONJ:0.0526 | SYM:0.1053 | VERB:0.1053,ADP:0.0820 | ADV:0.1803 | AUX:0.0656 | CCONJ:0.0328 | DET:0.0328 | NOUN:0.0984 | PRON:0.1639 | PUNCT:0.1311 | SCONJ:0.0492 | VERB:0.1639,19,61
ADJ:0.1111 | ADP:0.1111 | ADV:0.1667 | AUX:0.0556 | NOUN:0.0556 | PRON:0.2222 | PUNCT:0.0556 | SCONJ:0.0556 | VERB:0.1667,ADJ:0.0755 | ADP:0.0755 | ADV:0.1509 | AUX:0.0943 | CCONJ:0.0189 | DET:0.0377 | NOUN:0.0943 | PART:0.0377 | PRON:0.1321 | PUNCT:0.0943 | SCONJ:0.0377 | VERB:0.1509,18,53
ADJ:0.0556 | ADV:0.1111 | NOUN:0.0556 | PART:0.0556 | PRON:0.1667 | PROPN:0.0556 | PUNCT:0.1667 | SCONJ:0.0556 | SPACE:0.1111 | VERB:0.1667,ADJ:0.0392 | ADP:0.0392 | ADV:0.1961 | AUX:0.0784 | CCONJ:0.0392 | DET:0.0392 | NOUN:0.0784 | PRON:0.1373 | PUNCT:0.1176 | SCONJ:0.0588 | VERB:0.1765,18,51
ADJ:0.3333 | AUX:0.3333 | PRON:0.3333,ADJ:0.0545 | ADP:0.1091 | ADV:0.1455 | AUX:0.0727 | CCONJ:0.0182 | DET:0.0182 | INTJ:0.0182 | NOUN:0.1091 | PART:0.0182 | PRON:0.1091 | PUNCT:0.1273 | SCONJ:0.0545 | VERB:0.1455,3,55
NUM:0.2500 | PRON:0.2500 | PUNCT:0.2500 | VERB:0.2500,ADJ:0.0208 | ADP:0.0625 | ADV:0.2083 | AUX:0.0625 | CCONJ:0.0208 | DET:0.0833 | NOUN:0.1042 | PRON:0.1250 | PUNCT:0.1250 | SCONJ:0.0625 | VERB:0.1250,4,48
ADJ:0.0465 | ADP:0.0698 | ADV:0.1395 | AUX:0.0698 | CCONJ:0.0233 | DET:0.0233 | NOUN:0.0465 | PART:0.0233 | PRON:0.1395 | PROPN:0.0465 | PUNCT:0.0930 | SCONJ:0.0465 | SPACE:0.0233 | VERB:0.2093,ADJ:0.0417 | ADP:0.0833 | ADV:0.1111 | AUX:0.0417 | CCONJ:0.0417 | DET:0.0694 | NOUN:0.1528 | PART:0.0278 | PRON:0.1111 | PUNCT:0.1111 | SCONJ:0.0556 | VERB:0.1528,43,72
NOUN:0.4000 | PUNCT:0.2000 | VERB:0.4000,ADJ:0.0833 | ADP:0.0833 | ADV:0.1875 | AUX:0.0833 | CCONJ:0.0208 | DET:0.0625 | NOUN:0.0625 | PRON:0.1250 | PUNCT:0.1250 | SCONJ:0.0208 | VERB:0.1458,5,48
ADJ:0.0741 | ADP:0.1481 | ADV:0.0741 | AUX:0.0370 | CCONJ:0.0370 | NOUN:0.1481 | PRON:0.2222 | PUNCT:0.1481 | SCONJ:0.0370 | VERB:0.0741,ADJ:0.0200 | ADP:0.0600 | ADV:0.1600 | AUX:0.0800 | CCONJ:0.0400 | DET:0.0400 | NOUN:0.1000 | PRON:0.1800 | PUNCT:0.1200 | SCONJ:0.0200 | VERB:0.1800,27,50
ADJ:0.0870 | ADP:0.0435 | ADV:0.2174 | DET:0.0435 | NOUN:0.1304 | PART:0.0435 | PRON:0.0870 | PUNCT:0.1739 | VERB:0.1739,ADJ:0.0435 | ADP:0.0580 | ADV:0.1594 | AUX:0.0580 | CCONJ:0.0290 | DET:0.0435 | NOUN:0.1449 | PRON:0.1449 | PUNCT:0.1159 | SCONJ:0.0435 | VERB:0.1594,23,69
ADJ:0.0714 | ADP:0.0893 | ADV:0.1071 | AUX:0.0714 | CCONJ:0.0536 | DET:0.0536 | NOUN:0.1250 | PART:0.0179 | PRON:0.1250 | PROPN:0.0179 | PUNCT:0.0714 | SCONJ:0.0357 | VERB:0.1607,ADJ:0.0500 | ADP:0.0833 | ADV:0.1500 | AUX:0.0667 | CCONJ:0.0333 | DET:0.0500 | NOUN:0.1000 | PRON:0.1667 | PUNCT:0.1000 | SCONJ:0.0500 | VERB:0.1500,56,60
ADJ:0.0455 | ADP:0.0909 | ADV:0.1364 | AUX:0.0455 | DET:0.0455 | NOUN:0.0909 | NUM:0.0455 | PRON:0.1364 | PROPN:0.0909 | PUNCT:0.1364 | SPACE:0.0455 | VERB:0.0909,ADJ:0.0256 | ADP:0.0385 | ADV:0.1923 | AUX:0.0769 | CCONJ:0.0385 | DET:0.0256 | NOUN:0.1026 | PART:0.0128 | PRON:0.1538 | PUNCT:0.1282 | SCONJ:0.0256 | VERB:0.1795,22,78
ADJ:0.0361 | ADP:0.0723 | ADV:0.1446 | AUX:0.0241 | CCONJ:0.0120 | DET:0.0361 | NOUN:0.1325 | NUM:0.0241 | PART:0.0241 | PRON:0.1205 | PROPN:0.0482 | PUNCT:0.0964 | SCONJ:0.0120 | SPACE:0.0120 | VERB:0.2048,ADJ:0.0758 | ADP:0.0758 | ADV:0.1061 | AUX:0.0455 | CCONJ:0.0303 | DET:0.0758 | NOUN:0.1970 | PART:0.0152 | PRON:0.1212 | PUNCT:0.1061 | SCONJ:0.0152 | VERB:0.1364,83,66
ADJ:0.0172 | ADP:0.0862 | ADV:0.1034 | AUX:0.0862 | CCONJ:0.0172 | DET:0.0172 | NOUN:0.2069 | NUM:0.0517 | PART:0.0172 | PRON:0.1724 | SCONJ:0.0517 | VERB:0.1724,ADJ:0.0625 | ADP:0.1016 | ADV:0.1016 | AUX:0.0625 | CCONJ:0.0391 | DET:0.0469 | INTJ:0.0078 | NOUN:0.1562 | NUM:0.0078 | PART:0.0234 | PRON:0.1250 | PUNCT:0.0938 | SCONJ:0.0391 | VERB:0.1328,58,128
ADJ:0.1290 | ADP:0.0323 | ADV:0.1613 | AUX:0.1290 | NOUN:0.1290 | NUM:0.0323 | PART:0.0645 | PRON:0.0323 | PUNCT:0.1290 | SCONJ:0.0323 | SPACE:0.0323 | VERB:0.0968,ADJ:0.0721 | ADP:0.0811 | ADV:0.1081 | AUX:0.0631 | CCONJ:0.0270 | DET:0.0270 | NOUN:0.1622 | NUM:0.0090 | PART:0.0450 | PRON:0.1081 | PUNCT:0.0991 | SCONJ:0.0541 | VERB:0.1441,31,111
ADJ:0.0633 | ADP:0.0633 | ADV:0.0759 | AUX:0.0380 | CCONJ:0.0506 | DET:0.0253 | INTJ:0.0127 | NOUN:0.1646 | NUM:0.0127 | PART:0.0253 | PRON:0.1392 | PROPN:0.0127 | PUNCT:0.0759 | SCONJ:0.0633 | SPACE:0.0127 | VERB:0.1646,ADJ:0.0659 | ADP:0.0769 | ADV:0.0659 | AUX:0.0879 | CCONJ:0.0440 | DET:0.0220 | INTJ:0.0110 | NOUN:0.1429 | NUM:0.0110 | PART:0.0330 | PRON:0.1319 | PUNCT:0.1099 | SCONJ:0.0659 | VERB:0.1319,79,91
ADP:0.1111 | ADV:0.1111 | AUX:0.2222 | NOUN:0.2222 | PRON:0.1111 | PUNCT:0.1111 | VERB:0.1111,ADJ:0.0762 | ADP:0.0952 | ADV:0.0857 | AUX:0.0571 | CCONJ:0.0286 | DET:0.0571 | NOUN:0.1619 | PART:0.0381 | PRON:0.1048 | PUNCT:0.0857 | SCONJ:0.0667 | VERB:0.1429,9,105
ADP:0.0667 | ADV:0.0667 | CCONJ:0.0333 | DET:0.1000 | NOUN:0.1667 | PART:0.0333 | PRON:0.1667 | PUNCT:0.1000 | SCONJ:0.0667 | VERB:0.2000,ADJ:0.0621 | ADP:0.0621 | ADV:0.1241 | AUX:0.0828 | CCONJ:0.0276 | DET:0.0552 | NOUN:0.1448 | NUM:0.0138 | PART:0.0345 | PRON:0.1448 | PUNCT:0.0759 | SCONJ:0.0414 | VERB:0.1310,30,145
ADJ:0.0870 | ADP:0.0435 | ADV:0.0870 | AUX:0.0870 | NOUN:0.1304 | PART:0.0435 | PRON:0.1304 | PUNCT:0.0870 | SCONJ:0.0870 | VERB:0.2174,ADJ:0.0495 | ADP:0.1089 | ADV:0.0594 | AUX:0.0396 | CCONJ:0.0297 | DET:0.0495 | INTJ:0.0099 | NOUN:0.1980 | PART:0.0594 | PRON:0.1089 | PUNCT:0.0990 | SCONJ:0.0396 | VERB:0.1485,23,101
ADJ:0.0345 | ADP:0.0345 | ADV:0.1034 | AUX:0.0517 | CCONJ:0.0172 | DET:0.0862 | NOUN:0.2069 | NUM:0.0172 | PART:0.0345 | PRON:0.1552 | PUNCT:0.0862 | SCONJ:0.0172 | SPACE:0.0172 | VERB:0.1379,ADJ:0.0703 | ADP:0.1172 | ADV:0.1250 | AUX:0.0547 | CCONJ:0.0312 | DET:0.0312 | NOUN:0.1641 | NUM:0.0078 | PART:0.0234 | PRON:0.1406 | PUNCT:0.0938 | SCONJ:0.0312 | VERB:0.1094,58,128
ADJ:0.0862 | ADP:0.0517 | ADV:0.1034 | AUX:0.0517 | CCONJ:0.0172 | DET:0.0690 | NOUN:0.1207 | PART:0.0862 | PRON:0.1034 | PUNCT:0.0862 | SCONJ:0.0690 | SPACE:0.0172 | VERB:0.1379,ADJ:0.0631 | ADP:0.0721 | ADV:0.0991 | AUX:0.0991 | CCONJ:0.0180 | DET:0.0090 | INTJ:0.0090 | NOUN:0.1441 | NUM:0.0090 | PART:0.0270 | PRON:0.1532 | PUNCT:0.0991 | SCONJ:0.0631 | VERB:0.1351,58,111
ADJ:0.0385 | ADP:0.0769 | ADV:0.1538 | AUX:0.1154 | CCONJ:0.0192 | DET:0.0385 | NOUN:0.2115 | NUM:0.0192 | PART:0.0385 | PRON:0.0769 | PUNCT:0.0577 | SCONJ:0.0577 | VERB:0.0962,ADJ:0.1000 | ADP:0.0857 | ADV:0.1000 | AUX:0.0286 | CCONJ:0.0571 | DET:0.0571 | NOUN:0.1857 | PART:0.0143 | PRON:0.0857 | PUNCT:0.1143 | SCONJ:0.0429 | VERB:0.1286,52,70
ADJ:0.0323 | ADP:0.0645 | ADV:0.0968 | AUX:0.1129 | CCONJ:0.0484 | DET:0.0161 | NOUN:0.1613 | NUM:0.0161 | PART:0.0645 | PRON:0.1452 | PUNCT:0.0806 | SCONJ:0.0323 | VERB:0.1290,ADJ:0.0379 | ADP:0.0758 | ADV:0.1061 | AUX:0.0606 | CCONJ:0.0379 | DET:0.0606 | NOUN:0.1591 | NUM:0.0076 | PART:0.0455 | PRON:0.1136 | PUNCT:0.0833 | SCONJ:0.0530 | VERB:0.1591,62,132
ADJ:0.0380 | ADP:0.0886 | ADV:0.0886 | AUX:0.0380 | CCONJ:0.0253 | DET:0.0380 | NOUN:0.1646 | NUM:0.0127 | PART:0.0633 | PRON:0.1139 | PROPN:0.0127 | PUNCT:0.0886 | SCONJ:0.0380 | SPACE:0.0253 | VERB:0.1646,ADJ:0.0753 | ADP:0.0430 | ADV:0.0753 | AUX:0.0645 | CCONJ:0.0323 | DET:0.0538 | INTJ:0.0108 | NOUN:0.1290 | PART:0.0215 | PRON:0.1505 | PUNCT:0.1075 | SCONJ:0.0753 | VERB:0.1613,79,93
ADP:0.1250 | DET:0.1250 | NOUN:0.1250 | PRON:0.1250 | PUNCT:0.2500 | VERB:0.2500,ADJ:0.0588 | ADP:0.0882 | ADV:0.0980 | AUX:0.0392 | CCONJ:0.0392 | DET:0.0294 | NOUN:0.1961 | PART:0.0098 | PRON:0.1373 | PROPN:0.0098 | PUNCT:0.1078 | SCONJ:0.0294 | VERB:0.1569,8,102
ADJ:0.0312 | ADP:0.0625 | ADV:0.1562 | AUX:0.0625 | NOUN:0.1875 | PART:0.0312 | PRON:0.1562 | PUNCT:0.0625 | SCONJ:0.0625 | SPACE:0.0312 | VERB:0.1562,ADJ:0.0583 | ADP:0.0971 | ADV:0.0971 | AUX:0.0680 | CCONJ:0.0485 | DET:0.0097 | NOUN:0.1942 | PART:0.0097 | PRON:0.1553 | PROPN:0.0097 | PUNCT:0.1165 | SCONJ:0.0291 | VERB:0.1068,32,103
ADJ:0.1333 | ADV:0.2000 | AUX:0.0667 | NOUN:0.0667 | PRON:0.2000 | PUNCT:0.0667 | SCONJ:0.1333 | VERB:0.1333,ADJ:0.0311 | ADP:0.1056 | ADV:0.1056 | AUX:0.0311 | CCONJ:0.0559 | DET:0.0311 | NOUN:0.2112 | PART:0.0124 | PRON:0.1615 | PROPN:0.0124 | PUNCT:0.0870 | SCONJ:0.0186 | SPACE:0.0248 | VERB:0.1118,15,161
ADJ:0.1111 | ADP:0.0556 | ADV:0.0926 | AUX:0.0556 | CCONJ:0.0370 | DET:0.0185 | NOUN:0.0926 | PART:0.0370 | PRON:0.1667 | PROPN:0.0185 | PUNCT:0.0556 | SCONJ:0.0556 | SPACE:0.0185 | VERB:0.1852,ADJ:0.0440 | ADP:0.0879 | ADV:0.1374 | AUX:0.0604 | CCONJ:0.0440 | DET:0.0275 | NOUN:0.1703 | PART:0.0165 | PRON:0.1374 | PROPN:0.0055 | PUNCT:0.0824 | SCONJ:0.0440 | SPACE:0.0110 | VERB:0.1319,54,182
ADJ:0.0238 | ADP:0.0476 | ADV:0.1429 | AUX:0.1190 | DET:0.0714 | NOUN:0.1429 | PART:0.0238 | PRON:0.1429 | PUNCT:0.1190 | SCONJ:0.0238 | SPACE:0.0238 | VERB:0.1190,ADJ:0.0635 | ADP:0.0794 | ADV:0.1825 | AUX:0.0397 | CCONJ:0.0238 | DET:0.0317 | NOUN:0.1667 | PART:0.0238 | PRON:0.1349 | PROPN:0.0079 | PUNCT:0.0794 | SCONJ:0.0476 | SPACE:0.0159 | VERB:0.1032,42,126
ADJ:0.0488 | ADP:0.0488 | ADV:0.0976 | AUX:0.0732 | DET:0.0488 | NOUN:0.0976 | PART:0.0244 | PRON:0.1707 | PROPN:0.0244 | PUNCT:0.0488 | SCONJ:0.1463 | VERB:0.1707,ADJ:0.0547 | ADP:0.1016 | ADV:0.0859 | AUX:0.0391 | CCONJ:0.0547 | DET:0.0312 | NOUN:0.1797 | PART:0.0078 | PRON:0.1797 | PROPN:0.0078 | PUNCT:0.0859 | SCONJ:0.0078 | SPACE:0.0312 | VERB:0.1328,41,128
ADJ:0.1311 | ADP:0.0820 | ADV:0.1475 | AUX:0.0820 | CCONJ:0.0492 | DET:0.0328 | NOUN:0.1311 | PART:0.0328 | PRON:0.1311 | PUNCT:0.0328 | SCONJ:0.0328 | VERB:0.1148,ADJ:0.0840 | ADP:0.0924 | ADV:0.1176 | AUX:0.0252 | CCONJ:0.0420 | DET:0.0504 | NOUN:0.2017 | PART:0.0084 | PRON:0.1261 | PROPN:0.0168 | PUNCT:0.0924 | SCONJ:0.0084 | SPACE:0.0252 | VERB:0.1092,61,119
ADJ:0.0241 | ADP:0.0723 | ADV:0.0843 | AUX:0.0723 | CCONJ:0.0361 | DET:0.0361 | INTJ:0.0120 | NOUN:0.1687 | NUM:0.0120 | PART:0.0482 | PRON:0.1084 | PROPN:0.0120 | PUNCT:0.1084 | SCONJ:0.0361 | SPACE:0.0482 | VERB:0.1205,ADJ:0.0513 | ADP:0.0962 | ADV:0.1282 | AUX:0.0449 | CCONJ:0.0192 | DET:0.0321 | NOUN:0.1795 | PART:0.0192 | PRON:0.1346 | PROPN:0.0128 | PUNCT:0.1090 | SCONJ:0.0321 | SPACE:0.0128 | VERB:0.1282,83,156
ADJ:0.0500 | ADP:0.0750 | ADV:0.1250 | AUX:0.0750 | CCONJ:0.0250 | DET:0.0500 | NOUN:0.1250 | NUM:0.0250 | PART:0.0250 | PRON:0.0750 | PROPN:0.0750 | PUNCT:0.1500 | SCONJ:0.0250 | VERB:0.1000,ADJ:0.0959 | ADP:0.0685 | ADV:0.1301 | AUX:0.0616 | CCONJ:0.0548 | DET:0.0342 | NOUN:0.1781 | PART:0.0137 | PRON:0.1301 | PUNCT:0.0822 | SCONJ:0.0274 | SPACE:0.0068 | VERB:0.1164,40,146
ADJ:0.0784 | ADP:0.0588 | ADV:0.1176 | AUX:0.0980 | CCONJ:0.0392 | INTJ:0.0392 | NOUN:0.1373 | PART:0.0392 | PRON:0.1176 | PROPN:0.0196 | PUNCT:0.1176 | SCONJ:0.0588 | VERB:0.0784,ADJ:0.0233 | ADP:0.0930 | ADV:0.1395 | AUX:0.0698 | CCONJ:0.0465 | DET:0.0407 | NOUN:0.1802 | PART:0.0116 | PRON:0.1395 | PROPN:0.0058 | PUNCT:0.0756 | SCONJ:0.0465 | SPACE:0.0174 | VERB:0.1105,51,172
ADP:0.0741 | ADV:0.1111 | AUX:0.0370 | CCONJ:0.0370 | DET:0.1481 | NOUN:0.1852 | PRON:0.0741 | PUNCT:0.1111 | SCONJ:0.0370 | VERB:0.1852,ADJ:0.0609 | ADP:0.1015 | ADV:0.1015 | AUX:0.0609 | CCONJ:0.0406 | DET:0.0406 | NOUN:0.1574 | PART:0.0254 | PRON:0.1624 | PROPN:0.0051 | PUNCT:0.1015 | SCONJ:0.0051 | SPACE:0.0051 | VERB:0.1320,27,197
ADP:0.0588 | ADV:0.2941 | INTJ:0.0588 | NOUN:0.0588 | PRON:0.1765 | PUNCT:0.1765 | SCONJ:0.0588 | VERB:0.1176,ADJ:0.0915 | ADP:0.0986 | ADV:0.0915 | AUX:0.0704 | CCONJ:0.0211 | DET:0.0352 | NOUN:0.1479 | PART:0.0141 | PRON:0.1831 | PROPN:0.0070 | PUNCT:0.0845 | SCONJ:0.0211 | SPACE:0.0070 | VERB:0.1268,17,142
ADJ:0.0769 | ADV:0.2308 | AUX:0.1538 | DET:0.0769 | NOUN:0.2308 | PRON:0.0769 | PROPN:0.0769 | PUNCT:0.0769,ADJ:0.0490 | ADP:0.1049 | ADV:0.1119 | AUX:0.0420 | CCONJ:0.0350 | DET:0.0140 | NOUN:0.1958 | PART:0.0210 | PRON:0.1538 | PROPN:0.0070 | PUNCT:0.1049 | SCONJ:0.0350 | SPACE:0.0140 | VERB:0.1119,13,143
ADJ:0.0417 | ADV:0.0833 | AUX:0.0833 | DET:0.0625 | NOUN:0.2292 | PART:0.0208 | PRON:0.1042 | PROPN:0.0417 | PUNCT:0.1667 | SCONJ:0.0417 | SPACE:0.0417 | VERB:0.0833,ADJ:0.0602 | ADP:0.1325 | ADV:0.1205 | AUX:0.0241 | CCONJ:0.0241 | DET:0.0361 | NOUN:0.2289 | PART:0.0241 | PRON:0.1325 | PROPN:0.0120 | PUNCT:0.0964 | SCONJ:0.0241 | VERB:0.0843,48,83
ADJ:0.0925 | ADP:0.0856 | ADV:0.0753 | AUX:0.0616 | CCONJ:0.0308 | DET:0.0342 | INTJ:0.0068 | NOUN:0.1747 | NUM:0.0514 | PART:0.0137 | PRON:0.0719 | PROPN:0.0171 | PUNCT:0.1404 | SCONJ:0.0377 | SPACE:0.0171 | VERB:0.0890,ADJ:0.0550 | ADP:0.0459 | ADV:0.1284 | AUX:0.0826 | CCONJ:0.0459 | DET:0.0367 | NOUN:0.1284 | NUM:0.0092 | PART:0.0275 | PRON:0.1376 | PROPN:0.0092 | PUNCT:0.1009 | SCONJ:0.0367 | VERB:0.1560,292,109
ADJ:0.0968 | ADP:0.0323 | ADV:0.0968 | AUX:0.0323 | DET:0.0645 | NOUN:0.0968 | PART:0.0323 | PRON:0.0968 | PUNCT:0.2258 | SPACE:0.1290 | VERB:0.0968,ADJ:0.0957 | ADP:0.0783 | ADV:0.0957 | AUX:0.0696 | CCONJ:0.0435 | DET:0.0261 | NOUN:0.1478 | NUM:0.0087 | PART:0.0696 | PRON:0.0696 | PROPN:0.0087 | PUNCT:0.0957 | SCONJ:0.0435 | VERB:0.1478,31,115
ADJ:0.1358 | ADP:0.0988 | ADV:0.0864 | AUX:0.0617 | CCONJ:0.0370 | DET:0.0741 | NOUN:0.2099 | NUM:0.0123 | PART:0.0247 | PRON:0.0617 | PUNCT:0.0988 | SCONJ:0.0247 | SPACE:0.0123 | VERB:0.0617,ADJ:0.0952 | ADP:0.0952 | ADV:0.0952 | AUX:0.0794 | CCONJ:0.0317 | DET:0.0556 | NOUN:0.1508 | NUM:0.0159 | PART:0.0476 | PRON:0.1111 | PUNCT:0.0635 | SCONJ:0.0317 | VERB:0.1270,81,126
ADJ:0.0643 | ADP:0.0819 | ADV:0.0877 | AUX:0.0526 | CCONJ:0.0526 | DET:0.0409 | NOUN:0.2105 | PART:0.0468 | PRON:0.0643 | PROPN:0.0117 | PUNCT:0.0936 | SCONJ:0.0234 | SPACE:0.0760 | SYM:0.0058 | VERB:0.0877,ADJ:0.1111 | ADP:0.0769 | ADV:0.1197 | AUX:0.1026 | CCONJ:0.0171 | DET:0.0427 | NOUN:0.1368 | NUM:0.0085 | PART:0.0256 | PRON:0.1368 | PROPN:0.0085 | PUNCT:0.0855 | SCONJ:0.0342 | VERB:0.0940,171,117
ADJ:0.0336 | ADP:0.0756 | ADV:0.1429 | AUX:0.0420 | CCONJ:0.0420 | DET:0.0168 | INTJ:0.0168 | NOUN:0.1933 | NUM:0.0756 | PART:0.0336 | PRON:0.0672 | PROPN:0.0084 | PUNCT:0.0672 | SCONJ:0.0420 | SPACE:0.0336 | VERB:0.1092,ADJ:0.0673 | ADP:0.0865 | ADV:0.0865 | AUX:0.0673 | CCONJ:0.0577 | DET:0.0481 | NOUN:0.1442 | NUM:0.0096 | PART:0.0288 | PRON:0.1442 | PROPN:0.0096 | PUNCT:0.0769 | SCONJ:0.0385 | VERB:0.1346,119,104
ADJ:0.1007 | ADP:0.1074 | ADV:0.1141 | AUX:0.0336 | CCONJ:0.0336 | DET:0.0537 | NOUN:0.2416 | NUM:0.0336 | PART:0.0268 | PRON:0.0470 | PROPN:0.0067 | PUNCT:0.1007 | SCONJ:0.0201 | SPACE:0.0067 | SYM:0.0067 | VERB:0.0671,ADJ:0.0952 | ADP:0.0571 | ADV:0.0857 | AUX:0.1238 | CCONJ:0.0667 | DET:0.0381 | NOUN:0.1619 | NUM:0.0095 | PART:0.0286 | PRON:0.1238 | PROPN:0.0095 | PUNCT:0.0667 | SCONJ:0.0190 | VERB:0.1143,149,105
ADJ:0.2000 | ADV:0.2000 | CCONJ:0.2000 | NOUN:0.2000 | PUNCT:0.2000,ADJ:0.0632 | ADP:0.0316 | ADV:0.1474 | AUX:0.0316 | CCONJ:0.0211 | DET:0.0421 | INTJ:0.0105 | NOUN:0.1158 | NUM:0.0105 | PART:0.0211 | PRON:0.1579 | PROPN:0.0211 | PUNCT:0.1368 | SCONJ:0.0316 | VERB:0.1579,5,95
ADJ:0.0638 | ADP:0.0426 | ADV:0.1702 | AUX:0.0638 | CCONJ:0.0426 | DET:0.0213 | NOUN:0.1702 | NUM:0.0213 | PART:0.0213 | PRON:0.0851 | PROPN:0.0426 | PUNCT:0.1064 | SCONJ:0.0213 | VERB:0.1277,ADJ:0.0588 | ADP:0.0588 | ADV:0.0824 | AUX:0.0706 | CCONJ:0.0353 | DET:0.0471 | NOUN:0.1176 | NUM:0.0235 | PART:0.0235 | PRON:0.1765 | PROPN:0.0235 | PUNCT:0.1176 | SCONJ:0.0353 | VERB:0.1294,47,85
ADJ:0.0417 | ADP:0.1250 | ADV:0.1250 | AUX:0.0625 | NOUN:0.1250 | NUM:0.0417 | PART:0.0625 | PRON:0.1042 | PROPN:0.0208 | PUNCT:0.1250 | SCONJ:0.0417 | SPACE:0.0208 | VERB:0.1042,ADJ:0.0526 | ADP:0.0947 | ADV:0.0947 | AUX:0.0737 | CCONJ:0.0211 | DET:0.0316 | INTJ:0.0105 | NOUN:0.1368 | NUM:0.0105 | PART:0.0316 | PRON:0.1579 | PROPN:0.0316 | PUNCT:0.1053 | SCONJ:0.0316 | VERB:0.1158,48,95
ADJ:0.2500 | ADP:0.1250 | ADV:0.1250 | NOUN:0.2500 | PUNCT:0.2500,ADJ:0.0532 | ADP:0.0957 | ADV:0.1170 | AUX:0.0319 | CCONJ:0.0106 | DET:0.0532 | INTJ:0.0106 | NOUN:0.1277 | NUM:0.0106 | PART:0.0319 | PRON:0.1383 | PROPN:0.0213 | PUNCT:0.1170 | SCONJ:0.0319 | VERB:0.1489,8,94
ADJ:0.0476 | ADV:0.0952 | AUX:0.0476 | CCONJ:0.0476 | DET:0.0476 | NOUN:0.2381 | PRON:0.0476 | PROPN:0.0476 | PUNCT:0.2381 | SPACE:0.0476 | SYM:0.0476 | VERB:0.0476,ADJ:0.0367 | ADP:0.0734 | ADV:0.1376 | AUX:0.0642 | CCONJ:0.0367 | DET:0.0550 | INTJ:0.0092 | NOUN:0.1193 | NUM:0.0092 | PART:0.0459 | PRON:0.1468 | PROPN:0.0092 | PUNCT:0.1284 | SCONJ:0.0092 | VERB:0.1193,21,109
ADJ:0.0526 | ADP:0.1316 | ADV:0.1579 | CCONJ:0.0526 | DET:0.0263 | NOUN:0.0789 | PART:0.0263 | PRON:0.1842 | PUNCT:0.0789 | SCONJ:0.0526 | VERB:0.1579,ADJ:0.0450 | ADP:0.0811 | ADV:0.1171 | AUX:0.0811 | CCONJ:0.0180 | DET:0.0631 | INTJ:0.0090 | NOUN:0.1261 | NUM:0.0090 | PART:0.0450 | PRON:0.1261 | PROPN:0.0180 | PUNCT:0.1081 | SCONJ:0.0180 | VERB:0.1351,38,111
ADJ:0.0625 | ADP:0.0625 | ADV:0.0625 | AUX:0.0625 | CCONJ:0.0625 | DET:0.0625 | NOUN:0.1875 | PART:0.0625 | PRON:0.0625 | PUNCT:0.1250 | SCONJ:0.0625 | VERB:0.1250,ADJ:0.0968 | ADP:0.0430 | ADV:0.1828 | AUX:0.0968 | CCONJ:0.0108 | DET:0.0323 | INTJ:0.0108 | NOUN:0.1398 | NUM:0.0108 | PART:0.0108 | PRON:0.1075 | PROPN:0.0108 | PUNCT:0.1398 | SCONJ:0.0215 | VERB:0.0860,16,93
ADJ:0.0667 | ADP:0.0444 | ADV:0.1778 | AUX:0.0222 | CCONJ:0.0222 | DET:0.0667 | NOUN:0.1556 | PART:0.0444 | PRON:0.0889 | PROPN:0.0444 | PUNCT:0.0667 | SCONJ:0.0667 | VERB:0.1333,ADJ:0.0625 | ADP:0.1042 | ADV:0.1146 | AUX:0.0417 | CCONJ:0.0312 | DET:0.0312 | INTJ:0.0104 | NOUN:0.1354 | NUM:0.0104 | PART:0.0417 | PRON:0.1354 | PROPN:0.0104 | PUNCT:0.1354 | SCONJ:0.0104 | VERB:0.1250,45,96
ADJ:0.0571 | ADP:0.0714 | ADV:0.0714 | AUX:0.0286 | CCONJ:0.0286 | DET:0.0286 | NOUN:0.1571 | NUM:0.0286 | PART:0.0286 | PRON:0.1429 | PROPN:0.0286 | PUNCT:0.1429 | SCONJ:0.0143 | SPACE:0.0286 | VERB:0.1429,ADJ:0.0485 | ADP:0.0971 | ADV:0.1359 | AUX:0.0777 | CCONJ:0.0097 | DET:0.0291 | NOUN:0.1359 | NUM:0.0097 | PART:0.0485 | PRON:0.1456 | PROPN:0.0194 | PUNCT:0.1165 | SCONJ:0.0388 | VERB:0.0874,70,103
ADJ:0.0612 | ADP:0.0816 | ADV:0.1633 | AUX:0.0408 | CCONJ:0.0204 | DET:0.0612 | NOUN:0.1837 | PART:0.0204 | PRON:0.1020 | PROPN:0.0612 | PUNCT:0.0408 | SCONJ:0.0408 | VERB:0.1224,ADJ:0.0648 | ADP:0.0926 | ADV:0.1481 | AUX:0.0741 | CCONJ:0.0278 | DET:0.0556 | INTJ:0.0093 | NOUN:0.1204 | NUM:0.0093 | PART:0.0278 | PRON:0.1111 | PROPN:0.0185 | PUNCT:0.1019 | SCONJ:0.0463 | VERB:0.0926,49,108
ADP:0.0968 | ADV:0.1613 | AUX:0.0323 | DET:0.0968 | NOUN:0.1613 | PART:0.0645 | PRON:0.0323 | PROPN:0.0323 | PUNCT:0.0968 | SCONJ:0.0645 | SPACE:0.0323 | VERB:0.1290,ADJ:0.0482 | ADP:0.0843 | ADV:0.1084 | AUX:0.0482 | CCONJ:0.0361 | DET:0.0361 | INTJ:0.0120 | NOUN:0.0843 | PART:0.0241 | PRON:0.1807 | PROPN:0.0241 | PUNCT:0.1325 | SCONJ:0.0482 | VERB:0.1325,31,83
ADJ:0.0714 | ADP:0.0536 | ADV:0.1429 | AUX:0.1250 | CCONJ:0.0179 | DET:0.0179 | INTJ:0.0179 | NOUN:0.0714 | NUM:0.0179 | PRON:0.1964 | PROPN:0.0179 | PUNCT:0.0714 | SCONJ:0.0357 | SPACE:0.0179 | VERB:0.1250,ADJ:0.0723 | ADP:0.0602 | ADV:0.1566 | AUX:0.0723 | CCONJ:0.0120 | DET:0.0241 | NOUN:0.1325 | NUM:0.0120 | PART:0.0241 | PRON:0.1687 | PROPN:0.0120 | PUNCT:0.1325 | SCONJ:0.0120 | VERB:0.1084,56,83
ADJ:0.0541 | ADP:0.0541 | ADV:0.1351 | AUX:0.0270 | CCONJ:0.0541 | DET:0.0541 | NOUN:0.2162 | PART:0.0270 | PRON:0.0811 | PUNCT:0.1892 | SPACE:0.0270 | VERB:0.0811,ADJ:0.0777 | ADP:0.0388 | ADV:0.1650 | AUX:0.0583 | CCONJ:0.0388 | DET:0.0388 | INTJ:0.0097 | NOUN:0.1068 | NUM:0.0097 | PART:0.0194 | PRON:0.1553 | PROPN:0.0291 | PUNCT:0.1165 | SCONJ:0.0194 | VERB:0.1165,37,103
ADP:0.0435 | ADV:0.0870 | AUX:0.0435 | CCONJ:0.0435 | DET:0.0435 | NOUN:0.0870 | NUM:0.0870 | PRON:0.2174 | PUNCT:0.0870 | SCONJ:0.0435 | SPACE:0.0870 | VERB:0.1304,ADJ:0.0561 | ADP:0.0748 | ADV:0.2056 | AUX:0.0654 | CCONJ:0.0280 | DET:0.0467 | INTJ:0.0093 | NOUN:0.1028 | NUM:0.0093 | PART:0.0093 | PRON:0.1495 | PROPN:0.0187 | PUNCT:0.1028 | SCONJ:0.0093 | VERB:0.1121,23,107
ADJ:0.0588 | ADP:0.0756 | ADV:0.1345 | AUX:0.0336 | CCONJ:0.0336 | DET:0.0336 | INTJ:0.0084 | NOUN:0.1597 | NUM:0.0252 | PART:0.0420 | PRON:0.1008 | PROPN:0.0336 | PUNCT:0.0924 | SCONJ:0.0168 | SPACE:0.0420 | VERB:0.1092,ADJ:0.0804 | ADP:0.0714 | ADV:0.1518 | AUX:0.0357 | CCONJ:0.0357 | DET:0.0357 | NOUN:0.1518 | NUM:0.0089 | PART:0.0625 | PRON:0.0982 | PROPN:0.0089 | PUNCT:0.1071 | SCONJ:0.0357 | VERB:0.1161,119,112
ADJ:0.0506 | ADP:0.1266 | ADV:0.0759 | AUX:0.0253 | CCONJ:0.0506 | DET:0.0253 | INTJ:0.0127 | NOUN:0.2278 | NUM:0.0127 | PRON:0.0886 | PROPN:0.0380 | PUNCT:0.0886 | SCONJ:0.0127 | SPACE:0.0380 | VERB:0.1266,ADJ:0.0526 | ADP:0.0965 | ADV:0.1404 | AUX:0.0439 | CCONJ:0.0175 | DET:0.0614 | INTJ:0.0088 | NOUN:0.1579 | NUM:0.0175 | PART:0.0439 | PRON:0.1053 | PROPN:0.0175 | PUNCT:0.0965 | SCONJ:0.0175 | SPACE:0.0088 | VERB:0.1140,79,114
ADJ:0.1667 | ADV:0.0833 | NOUN:0.1667 | PART:0.0833 | PRON:0.0833 | PUNCT:0.0833 | SPACE:0.0833 | VERB:0.2500,ADJ:0.0971 | ADP:0.0874 | ADV:0.1456 | AUX:0.0680 | CCONJ:0.0291 | DET:0.0388 | NOUN:0.1553 | NUM:0.0097 | PART:0.0194 | PRON:0.1165 | PROPN:0.0194 | PUNCT:0.0971 | SCONJ:0.0388 | VERB:0.0777,12,103
ADJ:0.0708 | ADP:0.0850 | ADV:0.1020 | AUX:0.0425 | CCONJ:0.0283 | DET:0.0453 | NOUN:0.2011 | PART:0.0425 | PRON:0.0935 | PROPN:0.0283 | PUNCT:0.0850 | SCONJ:0.0283 | SPACE:0.0340 | VERB:0.1133,ADJ:0.0609 | ADP:0.0522 | ADV:0.1565 | AUX:0.0696 | CCONJ:0.0087 | DET:0.0261 | INTJ:0.0087 | NOUN:0.1304 | NUM:0.0087 | PART:0.0609 | PRON:0.1304 | PROPN:0.0261 | PUNCT:0.1130 | SCONJ:0.0348 | VERB:0.1130,353,115
ADJ:0.0909 | ADP:0.0455 | ADV:0.1364 | CCONJ:0.0455 | NOUN:0.2273 | PART:0.0455 | PRON:0.1364 | PUNCT:0.0909 | VERB:0.1818,ADJ:0.0505 | ADP:0.0202 | ADV:0.1818 | AUX:0.0606 | CCONJ:0.0505 | DET:0.0707 | INTJ:0.0101 | NOUN:0.1515 | NUM:0.0101 | PART:0.0202 | PRON:0.1010 | PROPN:0.0101 | PUNCT:0.1313 | SCONJ:0.0202 | VERB:0.1111,22,99
ADJ:0.0588 | ADP:0.0980 | ADV:0.0196 | AUX:0.0196 | CCONJ:0.0588 | DET:0.0588 | INTJ:0.0196 | NOUN:0.1961 | PART:0.0392 | PRON:0.0784 | PROPN:0.0392 | PUNCT:0.0784 | SCONJ:0.0588 | SPACE:0.0196 | VERB:0.1569,ADJ:0.0549 | ADP:0.0549 | ADV:0.1758 | AUX:0.0549 | CCONJ:0.0110 | DET:0.0440 | NOUN:0.1319 | NUM:0.0110 | PART:0.0440 | PRON:0.1099 | PROPN:0.0220 | PUNCT:0.1319 | SCONJ:0.0330 | VERB:0.1209,51,91
ADJ:0.0411 | ADP:0.0822 | ADV:0.1644 | AUX:0.0548 | CCONJ:0.0274 | DET:0.0411 | NOUN:0.1370 | PART:0.0411 | PRON:0.0959 | PUNCT:0.0822 | SCONJ:0.0548 | SPACE:0.0548 | VERB:0.1233,ADJ:0.0800 | ADP:0.0533 | ADV:0.1200 | AUX:0.0800 | CCONJ:0.0267 | DET:0.0400 | INTJ:0.0133 | NOUN:0.1067 | NUM:0.0133 | PART:0.0533 | PRON:0.0800 | PROPN:0.0267 | PUNCT:0.1333 | SCONJ:0.0533 | VERB:0.1200,73,75
ADJ:0.0755 | ADP:0.0755 | ADV:0.2453 | AUX:0.0943 | CCONJ:0.0189 | DET:0.0189 | NOUN:0.1132 | PART:0.0189 | PRON:0.0943 | PROPN:0.0189 | PUNCT:0.0755 | SCONJ:0.0377 | SPACE:0.0189 | VERB:0.0943,ADJ:0.0526 | ADP:0.0632 | ADV:0.1053 | AUX:0.0632 | CCONJ:0.0105 | DET:0.0211 | INTJ:0.0105 | NOUN:0.1158 | NUM:0.0105 | PART:0.0632 | PRON:0.1579 | PROPN:0.0211 | PUNCT:0.1263 | SCONJ:0.0526 | VERB:0.1263,53,95
ADJ:0.0196 | ADP:0.0196 | ADV:0.1569 | AUX:0.0980 | CCONJ:0.0196 | NOUN:0.1373 | PART:0.0392 | PRON:0.1765 | PROPN:0.0392 | PUNCT:0.0784 | SCONJ:0.0392 | VERB:0.1765,ADJ:0.0562 | ADP:0.0787 | ADV:0.0899 | AUX:0.0899 | CCONJ:0.0112 | DET:0.0449 | INTJ:0.0112 | NOUN:0.1348 | NUM:0.0112 | PART:0.0449 | PRON:0.1348 | PROPN:0.0225 | PUNCT:0.1124 | SCONJ:0.0337 | VERB:0.1236,51,89
ADJ:0.0824 | ADP:0.1059 | ADV:0.1412 | AUX:0.0235 | CCONJ:0.0118 | DET:0.0588 | NOUN:0.2235 | PRON:0.0824 | PROPN:0.0235 | PUNCT:0.0824 | SCONJ:0.0118 | SPACE:0.0471 | VERB:0.1059,ADJ:0.0659 | ADP:0.1209 | ADV:0.1429 | AUX:0.0440 | CCONJ:0.0220 | DET:0.0549 | INTJ:0.0110 | NOUN:0.0989 | NUM:0.0110 | PART:0.0440 | PRON:0.1099 | PROPN:0.0220 | PUNCT:0.1099 | SCONJ:0.0330 | VERB:0.1099,85,91
ADJ:0.0694 | ADP:0.0833 | ADV:0.0833 | AUX:0.0556 | CCONJ:0.0139 | DET:0.0694 | NOUN:0.1806 | PART:0.0278 | PRON:0.0833 | PROPN:0.0278 | PUNCT:0.1250 | SCONJ:0.0278 | SPACE:0.0139 | VERB:0.1389,ADJ:0.0562 | ADP:0.0899 | ADV:0.1685 | AUX:0.0674 | CCONJ:0.0112 | DET:0.0225 | NOUN:0.1573 | NUM:0.0112 | PART:0.0449 | PRON:0.1124 | PROPN:0.0225 | PUNCT:0.1124 | SCONJ:0.0112 | VERB:0.1124,72,89
