question,cosine_similarity
Vad fick du i julklapp iår sweddit?,0.35954309
"Någon annan som är ensam och full på nyårs? Sambon är med polare och mina kompisar alla bailade. (Hade bra anledningar och jag vart bjuden att joina sambon men eh, skönt med ensam tid) Nån som vill joina?!",0.66391253
"Någon annan som är ensam och full på nyårs? Sambon är med polare och mina kompisar alla bailade. (Hade bra anledningar och jag vart bjuden att joina sambon men eh, skönt med ensam tid) Nån som vill joina?!",0.5833435
"Någon annan som är ensam och full på nyårs? Sambon är med polare och mina kompisar alla bailade. (Hade bra anledningar och jag vart bjuden att joina sambon men eh, skönt med ensam tid) Nån som vill joina?!",0.6234521
"Någon annan som är ensam och full på nyårs? Sambon är med polare och mina kompisar alla bailade. (Hade bra anledningar och jag vart bjuden att joina sambon men eh, skönt med ensam tid) Nån som vill joina?!",0.25497296
"Satt på instagram och såg denna, visste direkt att den måste komma från Sweddit. Är det bara jag som blir sjukt irriterad?!",0.5017624
"Satt på instagram och såg denna, visste direkt att den måste komma från Sweddit. Är det bara jag som blir sjukt irriterad?!",0.24057335
"Satt på instagram och såg denna, visste direkt att den måste komma från Sweddit. Är det bara jag som blir sjukt irriterad?!",0.40420505
Är det verkligen ingen kanal som visar Svensson Svensson och Wallace och Gromit ikväll? Jag tittar på TV.nu men finner inget.,0.60568094
Är det verkligen ingen kanal som visar Svensson Svensson och Wallace och Gromit ikväll? Jag tittar på TV.nu men finner inget.,0.5795482
"Ensam på nyår? Hej Sweddit, I år firar jag nyår ensam. Eller, jag firar inte nyår alls - jag bojkottar det. I dag är en lördag som alla andra typ, och jag umgås inte med någon (förutom möjligtvis min katt). Bakgrunden är att jag anser nyår vara en jävla pissföreteelse rent allmänt, att jag brottas med psykisk ohälsa som tar lusten och orken till umgänge och fest ifrån mig - samt att jag i det närmsta enbart har dåliga tidigare erfarenheter från denna högtid. Nåväl, trots att jag aktivt valt att inte ansluta mig till någon fest i kväll osv. kan jag inte undvika att känna mig ensam. Va fan, jag kunde väl åtminstone bestämt nåt med en polare och bara hängt och sett en film? Eller varför inte sticka ner till stan och ta en öl eller två och åtminstone vara bland folk? Aja... I min ångest sträcker jag ut en hand, till er som också sitter själva i kväll, och som kommer se alla ""härliga"" bilder på sociala medier från diverse festligheter. Hur tänker ni kring det hela? Deppigt eller bara skönt att slippa skiten? Till sist - gott nytt år :)",0.4381595
"Ensam på nyår? Hej Sweddit, I år firar jag nyår ensam. Eller, jag firar inte nyår alls - jag bojkottar det. I dag är en lördag som alla andra typ, och jag umgås inte med någon (förutom möjligtvis min katt). Bakgrunden är att jag anser nyår vara en jävla pissföreteelse rent allmänt, att jag brottas med psykisk ohälsa som tar lusten och orken till umgänge och fest ifrån mig - samt att jag i det närmsta enbart har dåliga tidigare erfarenheter från denna högtid. Nåväl, trots att jag aktivt valt att inte ansluta mig till någon fest i kväll osv. kan jag inte undvika att känna mig ensam. Va fan, jag kunde väl åtminstone bestämt nåt med en polare och bara hängt och sett en film? Eller varför inte sticka ner till stan och ta en öl eller två och åtminstone vara bland folk? Aja... I min ångest sträcker jag ut en hand, till er som också sitter själva i kväll, och som kommer se alla ""härliga"" bilder på sociala medier från diverse festligheter. Hur tänker ni kring det hela? Deppigt eller bara skönt att slippa skiten? Till sist - gott nytt år :)",0.7360228
"Ensam på nyår? Hej Sweddit, I år firar jag nyår ensam. Eller, jag firar inte nyår alls - jag bojkottar det. I dag är en lördag som alla andra typ, och jag umgås inte med någon (förutom möjligtvis min katt). Bakgrunden är att jag anser nyår vara en jävla pissföreteelse rent allmänt, att jag brottas med psykisk ohälsa som tar lusten och orken till umgänge och fest ifrån mig - samt att jag i det närmsta enbart har dåliga tidigare erfarenheter från denna högtid. Nåväl, trots att jag aktivt valt att inte ansluta mig till någon fest i kväll osv. kan jag inte undvika att känna mig ensam. Va fan, jag kunde väl åtminstone bestämt nåt med en polare och bara hängt och sett en film? Eller varför inte sticka ner till stan och ta en öl eller två och åtminstone vara bland folk? Aja... I min ångest sträcker jag ut en hand, till er som också sitter själva i kväll, och som kommer se alla ""härliga"" bilder på sociala medier från diverse festligheter. Hur tänker ni kring det hela? Deppigt eller bara skönt att slippa skiten? Till sist - gott nytt år :)",0.7090622
"Ensam på nyår? Hej Sweddit, I år firar jag nyår ensam. Eller, jag firar inte nyår alls - jag bojkottar det. I dag är en lördag som alla andra typ, och jag umgås inte med någon (förutom möjligtvis min katt). Bakgrunden är att jag anser nyår vara en jävla pissföreteelse rent allmänt, att jag brottas med psykisk ohälsa som tar lusten och orken till umgänge och fest ifrån mig - samt att jag i det närmsta enbart har dåliga tidigare erfarenheter från denna högtid. Nåväl, trots att jag aktivt valt att inte ansluta mig till någon fest i kväll osv. kan jag inte undvika att känna mig ensam. Va fan, jag kunde väl åtminstone bestämt nåt med en polare och bara hängt och sett en film? Eller varför inte sticka ner till stan och ta en öl eller två och åtminstone vara bland folk? Aja... I min ångest sträcker jag ut en hand, till er som också sitter själva i kväll, och som kommer se alla ""härliga"" bilder på sociala medier från diverse festligheter. Hur tänker ni kring det hela? Deppigt eller bara skönt att slippa skiten? Till sist - gott nytt år :)",0.27657688
"Ensam på nyår? Hej Sweddit, I år firar jag nyår ensam. Eller, jag firar inte nyår alls - jag bojkottar det. I dag är en lördag som alla andra typ, och jag umgås inte med någon (förutom möjligtvis min katt). Bakgrunden är att jag anser nyår vara en jävla pissföreteelse rent allmänt, att jag brottas med psykisk ohälsa som tar lusten och orken till umgänge och fest ifrån mig - samt att jag i det närmsta enbart har dåliga tidigare erfarenheter från denna högtid. Nåväl, trots att jag aktivt valt att inte ansluta mig till någon fest i kväll osv. kan jag inte undvika att känna mig ensam. Va fan, jag kunde väl åtminstone bestämt nåt med en polare och bara hängt och sett en film? Eller varför inte sticka ner till stan och ta en öl eller två och åtminstone vara bland folk? Aja... I min ångest sträcker jag ut en hand, till er som också sitter själva i kväll, och som kommer se alla ""härliga"" bilder på sociala medier från diverse festligheter. Hur tänker ni kring det hela? Deppigt eller bara skönt att slippa skiten? Till sist - gott nytt år :)",0.49766216
"Sweddit, hur önskar ni era bekanta Gott Nytt år ikväll? Jag har ledsnat på att skicka SMS som ändå inte kommer fram förrän på nyårsdags förmiddag på grund av högt tryck hos teleop. I år blev det facebook redan i morse. Hur gör ni? Fejjan? SMS? Röksignaler eller Reddit?",0.28910416
"Sweddit, hur önskar ni era bekanta Gott Nytt år ikväll? Jag har ledsnat på att skicka SMS som ändå inte kommer fram förrän på nyårsdags förmiddag på grund av högt tryck hos teleop. I år blev det facebook redan i morse. Hur gör ni? Fejjan? SMS? Röksignaler eller Reddit?",0.20652032
Vad är några roliga svenska uttryck som du använder dig av? Till exempel pjäxan i pannrummet istället för plattan i mattan eller tex kalla BMW för turkräcer,0.4544214
Vad är några roliga svenska uttryck som du använder dig av? Till exempel pjäxan i pannrummet istället för plattan i mattan eller tex kalla BMW för turkräcer,0.31509957
Vad är några roliga svenska uttryck som du använder dig av? Till exempel pjäxan i pannrummet istället för plattan i mattan eller tex kalla BMW för turkräcer,0.2814843
Vad är några roliga svenska uttryck som du använder dig av? Till exempel pjäxan i pannrummet istället för plattan i mattan eller tex kalla BMW för turkräcer,0.43900162
Vad är några roliga svenska uttryck som du använder dig av? Till exempel pjäxan i pannrummet istället för plattan i mattan eller tex kalla BMW för turkräcer,0.28988683
"Vilka är era bästa synonymer för ""full""?",0.50929767
"Vilka är era bästa synonymer för ""full""?",0.44077727
"Vilka är era bästa synonymer för ""full""?",0.5343352
"Vilka är era bästa synonymer för ""full""?",0.3821659
"Vilka är era bästa synonymer för ""full""?",0.23681214
"Birk Borkason, det mest stereotypiska svenska namnet någonsin?",0.2651608
"Birk Borkason, det mest stereotypiska svenska namnet någonsin?",0.64946675
men varför?,0.20455147
Alvedon tuggtablett. Någon som märkt hur äckliga dom är? [deleted],0.68343925
Alvedon tuggtablett. Någon som märkt hur äckliga dom är? [deleted],0.69665533
Alvedon tuggtablett. Någon som märkt hur äckliga dom är? [deleted],0.22897953
Alvedon tuggtablett. Någon som märkt hur äckliga dom är? [deleted],0.6582275
"Nyår i stockholm - Var? Hej på er. Jag och flickvännen tänkte åka upp till huvudstaden över nyårshelgen, då vi båda har släkt däruppe samt är trötta på det enformiga utelivet i vår skånska småstad. Flickvännen gillar rave, underground, berlinstämning. Jag är ingen klubbmänniska, men skulle vilja uppleva något häftigt, typ queerklubb kanske. Vet att vi är jävligt sent ute, men någon kanske har något tips ändå? Bästa hälsningar, Emilpnunk",0.6156363
"Nyår i stockholm - Var? Hej på er. Jag och flickvännen tänkte åka upp till huvudstaden över nyårshelgen, då vi båda har släkt däruppe samt är trötta på det enformiga utelivet i vår skånska småstad. Flickvännen gillar rave, underground, berlinstämning. Jag är ingen klubbmänniska, men skulle vilja uppleva något häftigt, typ queerklubb kanske. Vet att vi är jävligt sent ute, men någon kanske har något tips ändå? Bästa hälsningar, Emilpnunk",0.5557821
"Nyår i stockholm - Var? Hej på er. Jag och flickvännen tänkte åka upp till huvudstaden över nyårshelgen, då vi båda har släkt däruppe samt är trötta på det enformiga utelivet i vår skånska småstad. Flickvännen gillar rave, underground, berlinstämning. Jag är ingen klubbmänniska, men skulle vilja uppleva något häftigt, typ queerklubb kanske. Vet att vi är jävligt sent ute, men någon kanske har något tips ändå? Bästa hälsningar, Emilpnunk",0.5626997
Vad kan man hitta på i Göteborg under nyår? Alla planer gick precis i kras! [deleted],0.31920764
Vad kan man hitta på i Göteborg under nyår? Alla planer gick precis i kras! [deleted],0.75880706
Vad kan man hitta på i Göteborg under nyår? Alla planer gick precis i kras! [deleted],0.51940215
Vad kan man hitta på i Göteborg under nyår? Alla planer gick precis i kras! [deleted],0.5348274
"Kan någon här snälla hjälpa mig? Jag vill inte studera på svenska. Jag har svårt för att fokusera när jag läser på svenska och kan inte sitta still (tror att jag har adhd) När jag läser på engelska så mår jag mycket bättre, läser snabbare och förstår saker bättre. Jag försökt att hitta en lösning men nu håller jag på att ge upp. Jag tog studenten förra året och har ett gymnasieexamen som jag ogillar. Jag har bra betyg, men jag bryr mig inte om det. Jag vill ha ett engelskt gymnasieexamen. Jag vill inte ta värsta lånet för att läsa om gymnasiet i t.ex. USA. Jag önskar att jag kunde plugga på egen hand för att sen dyka upp på någon engelsk skola och göra en prövning bara, typ som när svenska komvux elever gör en prövning på egen hand mot en avgift på 500kr. Jag har kontaktat nästan alla international baccalaureate skolor som finns i Sverige, men ingen av de vill lägga undan en extra stol till mig, så att jag kan dyka upp en dag och göra en prövning inom en engelsk kurs (typ som Biology A eller Psychology A). Finns det någon här som kan tipsa om något? Är tacksam..",0.53952116
"Kan någon här snälla hjälpa mig? Jag vill inte studera på svenska. Jag har svårt för att fokusera när jag läser på svenska och kan inte sitta still (tror att jag har adhd) När jag läser på engelska så mår jag mycket bättre, läser snabbare och förstår saker bättre. Jag försökt att hitta en lösning men nu håller jag på att ge upp. Jag tog studenten förra året och har ett gymnasieexamen som jag ogillar. Jag har bra betyg, men jag bryr mig inte om det. Jag vill ha ett engelskt gymnasieexamen. Jag vill inte ta värsta lånet för att läsa om gymnasiet i t.ex. USA. Jag önskar att jag kunde plugga på egen hand för att sen dyka upp på någon engelsk skola och göra en prövning bara, typ som när svenska komvux elever gör en prövning på egen hand mot en avgift på 500kr. Jag har kontaktat nästan alla international baccalaureate skolor som finns i Sverige, men ingen av de vill lägga undan en extra stol till mig, så att jag kan dyka upp en dag och göra en prövning inom en engelsk kurs (typ som Biology A eller Psychology A). Finns det någon här som kan tipsa om något? Är tacksam..",0.6674029
"Kan någon här snälla hjälpa mig? Jag vill inte studera på svenska. Jag har svårt för att fokusera när jag läser på svenska och kan inte sitta still (tror att jag har adhd) När jag läser på engelska så mår jag mycket bättre, läser snabbare och förstår saker bättre. Jag försökt att hitta en lösning men nu håller jag på att ge upp. Jag tog studenten förra året och har ett gymnasieexamen som jag ogillar. Jag har bra betyg, men jag bryr mig inte om det. Jag vill ha ett engelskt gymnasieexamen. Jag vill inte ta värsta lånet för att läsa om gymnasiet i t.ex. USA. Jag önskar att jag kunde plugga på egen hand för att sen dyka upp på någon engelsk skola och göra en prövning bara, typ som när svenska komvux elever gör en prövning på egen hand mot en avgift på 500kr. Jag har kontaktat nästan alla international baccalaureate skolor som finns i Sverige, men ingen av de vill lägga undan en extra stol till mig, så att jag kan dyka upp en dag och göra en prövning inom en engelsk kurs (typ som Biology A eller Psychology A). Finns det någon här som kan tipsa om något? Är tacksam..",0.6236185
"Kan någon här snälla hjälpa mig? Jag vill inte studera på svenska. Jag har svårt för att fokusera när jag läser på svenska och kan inte sitta still (tror att jag har adhd) När jag läser på engelska så mår jag mycket bättre, läser snabbare och förstår saker bättre. Jag försökt att hitta en lösning men nu håller jag på att ge upp. Jag tog studenten förra året och har ett gymnasieexamen som jag ogillar. Jag har bra betyg, men jag bryr mig inte om det. Jag vill ha ett engelskt gymnasieexamen. Jag vill inte ta värsta lånet för att läsa om gymnasiet i t.ex. USA. Jag önskar att jag kunde plugga på egen hand för att sen dyka upp på någon engelsk skola och göra en prövning bara, typ som när svenska komvux elever gör en prövning på egen hand mot en avgift på 500kr. Jag har kontaktat nästan alla international baccalaureate skolor som finns i Sverige, men ingen av de vill lägga undan en extra stol till mig, så att jag kan dyka upp en dag och göra en prövning inom en engelsk kurs (typ som Biology A eller Psychology A). Finns det någon här som kan tipsa om något? Är tacksam..",0.72018874
"Kan någon här snälla hjälpa mig? Jag vill inte studera på svenska. Jag har svårt för att fokusera när jag läser på svenska och kan inte sitta still (tror att jag har adhd) När jag läser på engelska så mår jag mycket bättre, läser snabbare och förstår saker bättre. Jag försökt att hitta en lösning men nu håller jag på att ge upp. Jag tog studenten förra året och har ett gymnasieexamen som jag ogillar. Jag har bra betyg, men jag bryr mig inte om det. Jag vill ha ett engelskt gymnasieexamen. Jag vill inte ta värsta lånet för att läsa om gymnasiet i t.ex. USA. Jag önskar att jag kunde plugga på egen hand för att sen dyka upp på någon engelsk skola och göra en prövning bara, typ som när svenska komvux elever gör en prövning på egen hand mot en avgift på 500kr. Jag har kontaktat nästan alla international baccalaureate skolor som finns i Sverige, men ingen av de vill lägga undan en extra stol till mig, så att jag kan dyka upp en dag och göra en prövning inom en engelsk kurs (typ som Biology A eller Psychology A). Finns det någon här som kan tipsa om något? Är tacksam..",0.6394861
Trött på att vara en fattig student/arbetare som alltid slutar månaden på omotiverad? Se hit! Folk påstår att det inte finns några snabba sätt att bli rik på. Jag hävdar motsatsen. Alla kan bli rika på adrenalin om man har tillräckligt hög risk. Därför har jag skapat /r/VargAfStureplan där vi adrenalin-pundare som bara letar efter nästa diamant kan trada bort våra pengar mot adrenalin. Målet är att alla delar sina våghalsiga börsbravader tills kontot säger 0.,0.30889547
"Vad heter ""purser"" på Svenska? Ledaren för kabinpersonal på flyg På engelska heter det purser och vi sitter å försöker klura ut om det har et motsvarande svenskt ord",0.5942247
Ska våldtäktsmän verkligen få stanna när skötsamma människor skickas hem?,0.35725293
Ska våldtäktsmän verkligen få stanna när skötsamma människor skickas hem?,0.4556498
Ska våldtäktsmän verkligen få stanna när skötsamma människor skickas hem?,0.6490538
Ska våldtäktsmän verkligen få stanna när skötsamma människor skickas hem?,0.7126863
Ska våldtäktsmän verkligen få stanna när skötsamma människor skickas hem?,0.08679028
"Främlingsfientlighet på svenska [Vad tycker ni om Henrik Alexanderssons beskrivning av Sverige? ""Ett land där alla har rätt till sin egen postmoderna verklighet. Ett land där konsensus är viktigare än rimlighet.""]",0.63853693
"Främlingsfientlighet på svenska [Vad tycker ni om Henrik Alexanderssons beskrivning av Sverige? ""Ett land där alla har rätt till sin egen postmoderna verklighet. Ett land där konsensus är viktigare än rimlighet.""]",0.6124376
"Främlingsfientlighet på svenska [Vad tycker ni om Henrik Alexanderssons beskrivning av Sverige? ""Ett land där alla har rätt till sin egen postmoderna verklighet. Ett land där konsensus är viktigare än rimlighet.""]",0.44776097
"Främlingsfientlighet på svenska [Vad tycker ni om Henrik Alexanderssons beskrivning av Sverige? ""Ett land där alla har rätt till sin egen postmoderna verklighet. Ett land där konsensus är viktigare än rimlighet.""]",0.49075797
"Främlingsfientlighet på svenska [Vad tycker ni om Henrik Alexanderssons beskrivning av Sverige? ""Ett land där alla har rätt till sin egen postmoderna verklighet. Ett land där konsensus är viktigare än rimlighet.""]",0.30420703
"""Ett land där alla har rätt till sin egen postmoderna verklighet. Ett land där konsensus är viktigare än rimlighet."" Vad tycker ni om Henrik Alexanderssons beskrivning av Sverige?",0.27440667
"""Ett land där alla har rätt till sin egen postmoderna verklighet. Ett land där konsensus är viktigare än rimlighet."" Vad tycker ni om Henrik Alexanderssons beskrivning av Sverige?",0.5149659
"""Ett land där alla har rätt till sin egen postmoderna verklighet. Ett land där konsensus är viktigare än rimlighet."" Vad tycker ni om Henrik Alexanderssons beskrivning av Sverige?",0.38195294
"""Ett land där alla har rätt till sin egen postmoderna verklighet. Ett land där konsensus är viktigare än rimlighet."" Vad tycker ni om Henrik Alexanderssons beskrivning av Sverige?",0.3006448
"""Ett land där alla har rätt till sin egen postmoderna verklighet. Ett land där konsensus är viktigare än rimlighet."" Vad tycker ni om Henrik Alexanderssons beskrivning av Sverige?",0.41999033
Wiesenthal-centret: Världsomspännande människorättsorganisation eller megafon för högerpolitik?,0.32000124
Wiesenthal-centret: Världsomspännande människorättsorganisation eller megafon för högerpolitik?,0.4334668
Wiesenthal-centret: Världsomspännande människorättsorganisation eller megafon för högerpolitik?,0.29174116
Wiesenthal-centret: Världsomspännande människorättsorganisation eller megafon för högerpolitik?,0.47377405
Jag sitter med under asylutredningar på Migrationsverket där personen jag företräder ställs frågor som ”Hur kunde du säkert veta att de personer du låg med i ditt hemland verkligen var homosexuella?” [deleted],0.37104374
"Hur skulle ni rangordna alla politiska partier i Sveriges riksdag? Här är min personliga lista: C, L, S, M, KD, MP, V, SD Note: För er som undrade, det första är det parti man gillar mest och det sista det man gillar minst.",0.527316
"Hur skulle ni rangordna alla politiska partier i Sveriges riksdag? Här är min personliga lista: C, L, S, M, KD, MP, V, SD Note: För er som undrade, det första är det parti man gillar mest och det sista det man gillar minst.",0.58377975
"Hur skulle ni rangordna alla politiska partier i Sveriges riksdag? Här är min personliga lista: C, L, S, M, KD, MP, V, SD Note: För er som undrade, det första är det parti man gillar mest och det sista det man gillar minst.",0.2501133
"Hur skulle ni rangordna alla politiska partier i Sveriges riksdag? Här är min personliga lista: C, L, S, M, KD, MP, V, SD Note: För er som undrade, det första är det parti man gillar mest och det sista det man gillar minst.",0.61744726
"Hur skulle ni rangordna alla politiska partier i Sveriges riksdag? Här är min personliga lista: C, L, S, M, KD, MP, V, SD Note: För er som undrade, det första är det parti man gillar mest och det sista det man gillar minst.",0.55964804
Vilka enskilda politiker ger bäst intryck? Jag har just nu svårt för alla våra partiledare. Ygeman känns stabil. Vilka favoriter har ni?,0.62835383
Vilka enskilda politiker ger bäst intryck? Jag har just nu svårt för alla våra partiledare. Ygeman känns stabil. Vilka favoriter har ni?,0.53235006
Vilka enskilda politiker ger bäst intryck? Jag har just nu svårt för alla våra partiledare. Ygeman känns stabil. Vilka favoriter har ni?,0.6147909
Vilka enskilda politiker ger bäst intryck? Jag har just nu svårt för alla våra partiledare. Ygeman känns stabil. Vilka favoriter har ni?,0.4638867
Vilka enskilda politiker ger bäst intryck? Jag har just nu svårt för alla våra partiledare. Ygeman känns stabil. Vilka favoriter har ni?,0.64093375
"Finns det en ideologi som fokusera kring en Frisk, hälsosam och nöjd befolkning? Jag tror att en nöjd person är en produktiv person och produktivitet kan användas i välfärden med syfte att öka produktiviteten i hela samhället. Gör man långsiktig nettovinst i produktivitet genom att lägga pengar på sjukvård, skola, företag, etc. Säg att någon är lite halvt deprimerad och bara vill sitta hemma och slacka. Så länge det blir lönsamt så ska samhället lägga stora resurser på att få personen produktiv annars ska samhället fokusera på skademinskning så att personen långsiktigt kostar samhället så lite pengar som möjligt.",0.25593388
"Finns det en ideologi som fokusera kring en Frisk, hälsosam och nöjd befolkning? Jag tror att en nöjd person är en produktiv person och produktivitet kan användas i välfärden med syfte att öka produktiviteten i hela samhället. Gör man långsiktig nettovinst i produktivitet genom att lägga pengar på sjukvård, skola, företag, etc. Säg att någon är lite halvt deprimerad och bara vill sitta hemma och slacka. Så länge det blir lönsamt så ska samhället lägga stora resurser på att få personen produktiv annars ska samhället fokusera på skademinskning så att personen långsiktigt kostar samhället så lite pengar som möjligt.",0.44684994
"Finns det en ideologi som fokusera kring en Frisk, hälsosam och nöjd befolkning? Jag tror att en nöjd person är en produktiv person och produktivitet kan användas i välfärden med syfte att öka produktiviteten i hela samhället. Gör man långsiktig nettovinst i produktivitet genom att lägga pengar på sjukvård, skola, företag, etc. Säg att någon är lite halvt deprimerad och bara vill sitta hemma och slacka. Så länge det blir lönsamt så ska samhället lägga stora resurser på att få personen produktiv annars ska samhället fokusera på skademinskning så att personen långsiktigt kostar samhället så lite pengar som möjligt.",0.3322406
"Finns det en ideologi som fokusera kring en Frisk, hälsosam och nöjd befolkning? Jag tror att en nöjd person är en produktiv person och produktivitet kan användas i välfärden med syfte att öka produktiviteten i hela samhället. Gör man långsiktig nettovinst i produktivitet genom att lägga pengar på sjukvård, skola, företag, etc. Säg att någon är lite halvt deprimerad och bara vill sitta hemma och slacka. Så länge det blir lönsamt så ska samhället lägga stora resurser på att få personen produktiv annars ska samhället fokusera på skademinskning så att personen långsiktigt kostar samhället så lite pengar som möjligt.",0.5934888
"Finns det en ideologi som fokusera kring en Frisk, hälsosam och nöjd befolkning? Jag tror att en nöjd person är en produktiv person och produktivitet kan användas i välfärden med syfte att öka produktiviteten i hela samhället. Gör man långsiktig nettovinst i produktivitet genom att lägga pengar på sjukvård, skola, företag, etc. Säg att någon är lite halvt deprimerad och bara vill sitta hemma och slacka. Så länge det blir lönsamt så ska samhället lägga stora resurser på att få personen produktiv annars ska samhället fokusera på skademinskning så att personen långsiktigt kostar samhället så lite pengar som möjligt.",0.5269825
Snus marknadsförs i USA – kommer det funka den här gången?,0.5309279
Snus marknadsförs i USA – kommer det funka den här gången?,0.5678216
Vad fick du i julklapp i år Sweddit?.,0.24711084
Vad fick du i julklapp i år Sweddit?.,0.38342437
"Det slog mig att juldagen inte har samma ""självklara"" traditioner som julafton, visst firar många julafton olika men tex julklapparna öppnas ju alltid den 24:e. Vad är juldagen för dig?",0.32379252
Vad är några roliga svenska uttryck som du använder dig av?,0.38295147
Vad är några roliga svenska uttryck som du använder dig av?,0.1771
Vad är några roliga svenska uttryck som du använder dig av?,0.4718873
"Bokhandlar i Göteborg? Kan någon rekommendera en bra bokhandeln i Göteborg med läsvänlig atmosfär? Letar efter någonstans att spendera några timmar i helgen över en kopp kaffe, utan att vara bråttom att köpa (liksom Barnes & Noble, kanske) ...",0.71809554
"Varför tappade de rödgröna makten till att börja med? Jag är 94a så är rätt ung, men jag undrar hur det kommer sig att de rödgröna har regerat Sverige under en väldigt lång period och S alltid har varit det traditionellt största partiet, så kommer Alliansen från ingenstans och plötsligt vinner, och får dessutom sitta kvar i två mandatperioder. Finns det någon speciell anledning till att Alliansen vann? Typ någon dålig reform som sossarna gjorde eller något liknande.",0.59213954
Vad är egentligen Sverigedemokraterna?,0.67214227
Vad är egentligen Sverigedemokraterna?,0.66996855
Vilka enskilda politiker ger bäst intryck?,0.55218095
Vilka enskilda politiker ger bäst intryck?,0.48798597
Vilka enskilda politiker ger bäst intryck?,0.5824421
"Lumpen – har ni gjort den? Jag tycker att vi måste blåsa lite liv i denna reddit, så jag föreslår att vi börjar snacka om det. Gjorde själv inte militärtjänst, var upptagen med andra dumma saker vid den åldern. Dock ångrar jag det väldigt mycket, tror att den hade varit en upplevelse. Åsikter/erfarenheter?",0.49189055
Kan man driva ett klockbatteri genom att utvinna energi från handledens värme? Köpte en Apple Watch och det slog mig. Borde det inte gå att omvandla den värmeenergi som handleden utsöndrar för att ladda batteriet? Någon som vet/hört något?,0.60227525
Kan man driva ett klockbatteri genom att utvinna energi från handledens värme? Köpte en Apple Watch och det slog mig. Borde det inte gå att omvandla den värmeenergi som handleden utsöndrar för att ladda batteriet? Någon som vet/hört något?,0.475738
Kan man driva ett klockbatteri genom att utvinna energi från handledens värme? Köpte en Apple Watch och det slog mig. Borde det inte gå att omvandla den värmeenergi som handleden utsöndrar för att ladda batteriet? Någon som vet/hört något?,0.420756
Kan man driva ett klockbatteri genom att utvinna energi från handledens värme? Köpte en Apple Watch och det slog mig. Borde det inte gå att omvandla den värmeenergi som handleden utsöndrar för att ladda batteriet? Någon som vet/hört något?,0.672357
Kan man driva ett klockbatteri genom att utvinna energi från handledens värme? Köpte en Apple Watch och det slog mig. Borde det inte gå att omvandla den värmeenergi som handleden utsöndrar för att ladda batteriet? Någon som vet/hört något?,0.59881324
Ifall det finns no go zoner där polisen inte färdas varför säljer man bara inte sitt knark där?,0.6141902
Ifall det finns no go zoner där polisen inte färdas varför säljer man bara inte sitt knark där?,0.366067
Ifall det finns no go zoner där polisen inte färdas varför säljer man bara inte sitt knark där?,0.3592114
Ifall det finns no go zoner där polisen inte färdas varför säljer man bara inte sitt knark där?,0.38298085
Vart är Sverige påväg? Hur kan detta accepteras?,0.45973238
Vad kallar en blind programmerare sin ledhund? SYNTAX.,0.23674831
Vad kallar en blind programmerare sin ledhund? SYNTAX.,0.08169642
Vad kallar en blind programmerare sin ledhund? SYNTAX.,0.22292887
Vad kallar en blind programmerare sin ledhund? SYNTAX.,0.26174828
Vad kallar en blind programmerare sin ledhund? SYNTAX.,0.43312111
Vad gör Sweddit med folien på smörpaketen? Jag brukar alltid ta loss all folie direkt. Vad gör ni?,0.4404049
Vad gör Sweddit med folien på smörpaketen? Jag brukar alltid ta loss all folie direkt. Vad gör ni?,0.66411877
Vad gör Sweddit med folien på smörpaketen? Jag brukar alltid ta loss all folie direkt. Vad gör ni?,0.6277324
Vad gör Sweddit med folien på smörpaketen? Jag brukar alltid ta loss all folie direkt. Vad gör ni?,0.5544648
Vad gör Sweddit med folien på smörpaketen? Jag brukar alltid ta loss all folie direkt. Vad gör ni?,0.5320034
Vilken streaming tjänst är bäst i nuläget?,0.68461764
Vilken streaming tjänst är bäst i nuläget?,0.67585164
Vilken streaming tjänst är bäst i nuläget?,0.7056471
"Har du några svenska popmusik förslag för en amerikan? Hej, mitt namn är Jake och jag är från USA! Bara en varning, använder jag Google Translate för att översätta engelska till svenska, så ledsen om jag får något fel. Tidigare idag har jag letade efter främmande pop musik att lyssna på och kom över en låt av ""Petter"" kallas ""Se på mig nu."" Jag tror att det är en fantastisk låt och vill veta mer musik som liknar det! Jag tror att många europeiska språk låter bra i popmusiken och de skandinaviska språken måste vara bäst. Dessutom märkte jag att många av låtarna på europeiska topplistor är låtar på engelska. Om du lyssnar på popmusik, lyssnar du på engelska musik? Har du en preferens för Svensk musik över engelsk musik. Jag är förvånad över att se att vår musik dominerar topplistorna i de flesta länder. Jag är mycket intresserad av att höra vilken typ av musik ni lyssna på. Svara gärna på svenska, har jag översättaren redo!",0.651578
"Har du några svenska popmusik förslag för en amerikan? Hej, mitt namn är Jake och jag är från USA! Bara en varning, använder jag Google Translate för att översätta engelska till svenska, så ledsen om jag får något fel. Tidigare idag har jag letade efter främmande pop musik att lyssna på och kom över en låt av ""Petter"" kallas ""Se på mig nu."" Jag tror att det är en fantastisk låt och vill veta mer musik som liknar det! Jag tror att många europeiska språk låter bra i popmusiken och de skandinaviska språken måste vara bäst. Dessutom märkte jag att många av låtarna på europeiska topplistor är låtar på engelska. Om du lyssnar på popmusik, lyssnar du på engelska musik? Har du en preferens för Svensk musik över engelsk musik. Jag är förvånad över att se att vår musik dominerar topplistorna i de flesta länder. Jag är mycket intresserad av att höra vilken typ av musik ni lyssna på. Svara gärna på svenska, har jag översättaren redo!",0.37237257
"Har du några svenska popmusik förslag för en amerikan? Hej, mitt namn är Jake och jag är från USA! Bara en varning, använder jag Google Translate för att översätta engelska till svenska, så ledsen om jag får något fel. Tidigare idag har jag letade efter främmande pop musik att lyssna på och kom över en låt av ""Petter"" kallas ""Se på mig nu."" Jag tror att det är en fantastisk låt och vill veta mer musik som liknar det! Jag tror att många europeiska språk låter bra i popmusiken och de skandinaviska språken måste vara bäst. Dessutom märkte jag att många av låtarna på europeiska topplistor är låtar på engelska. Om du lyssnar på popmusik, lyssnar du på engelska musik? Har du en preferens för Svensk musik över engelsk musik. Jag är förvånad över att se att vår musik dominerar topplistorna i de flesta länder. Jag är mycket intresserad av att höra vilken typ av musik ni lyssna på. Svara gärna på svenska, har jag översättaren redo!",0.523278
"Har du några svenska popmusik förslag för en amerikan? Hej, mitt namn är Jake och jag är från USA! Bara en varning, använder jag Google Translate för att översätta engelska till svenska, så ledsen om jag får något fel. Tidigare idag har jag letade efter främmande pop musik att lyssna på och kom över en låt av ""Petter"" kallas ""Se på mig nu."" Jag tror att det är en fantastisk låt och vill veta mer musik som liknar det! Jag tror att många europeiska språk låter bra i popmusiken och de skandinaviska språken måste vara bäst. Dessutom märkte jag att många av låtarna på europeiska topplistor är låtar på engelska. Om du lyssnar på popmusik, lyssnar du på engelska musik? Har du en preferens för Svensk musik över engelsk musik. Jag är förvånad över att se att vår musik dominerar topplistorna i de flesta länder. Jag är mycket intresserad av att höra vilken typ av musik ni lyssna på. Svara gärna på svenska, har jag översättaren redo!",0.7051758
"Har du några svenska popmusik förslag för en amerikan? Hej, mitt namn är Jake och jag är från USA! Bara en varning, använder jag Google Translate för att översätta engelska till svenska, så ledsen om jag får något fel. Tidigare idag har jag letade efter främmande pop musik att lyssna på och kom över en låt av ""Petter"" kallas ""Se på mig nu."" Jag tror att det är en fantastisk låt och vill veta mer musik som liknar det! Jag tror att många europeiska språk låter bra i popmusiken och de skandinaviska språken måste vara bäst. Dessutom märkte jag att många av låtarna på europeiska topplistor är låtar på engelska. Om du lyssnar på popmusik, lyssnar du på engelska musik? Har du en preferens för Svensk musik över engelsk musik. Jag är förvånad över att se att vår musik dominerar topplistorna i de flesta länder. Jag är mycket intresserad av att höra vilken typ av musik ni lyssna på. Svara gärna på svenska, har jag översättaren redo!",0.60880435
"Vi besöker dig från /r/all. Kom och besök oss, också! Vad kan gå fel? 🇸🇪🇺🇸 [deleted]",0.3392362
"Mat till event utan kylskåp, men micro? Hyfsat less på panpizzor. **edit:** shit, menade inte till andra, bara till mig då",0.57193035
"Mat till event utan kylskåp, men micro? Hyfsat less på panpizzor. **edit:** shit, menade inte till andra, bara till mig då",0.697628
"Mat till event utan kylskåp, men micro? Hyfsat less på panpizzor. **edit:** shit, menade inte till andra, bara till mig då",0.3655787
"Mat till event utan kylskåp, men micro? Hyfsat less på panpizzor. **edit:** shit, menade inte till andra, bara till mig då",0.6482961
"Mat till event utan kylskåp, men micro? Hyfsat less på panpizzor. **edit:** shit, menade inte till andra, bara till mig då",0.48257443
"Hur använder man en reseförsäkring? Hej, Jag sitter I Vancouver och jag fick enorma förseningar både tur och nu retur. Jag vet att jag har en reseförsäkring på min MasterCard, handelsbanken är bra på att säga vad som täcks och inte täcks. Tyvärr så står Det ingenstans på Hur man ska utnyttja Detta, vem man kontakta osv. Hjälp uppskattas otroligt. Jag kommer inte ens komma hem Innan nyår... Skrivet från en skittelefon med jättejobbig autocorrect",0.37391037
"Hur använder man en reseförsäkring? Hej, Jag sitter I Vancouver och jag fick enorma förseningar både tur och nu retur. Jag vet att jag har en reseförsäkring på min MasterCard, handelsbanken är bra på att säga vad som täcks och inte täcks. Tyvärr så står Det ingenstans på Hur man ska utnyttja Detta, vem man kontakta osv. Hjälp uppskattas otroligt. Jag kommer inte ens komma hem Innan nyår... Skrivet från en skittelefon med jättejobbig autocorrect",0.54962796
"Hur använder man en reseförsäkring? Hej, Jag sitter I Vancouver och jag fick enorma förseningar både tur och nu retur. Jag vet att jag har en reseförsäkring på min MasterCard, handelsbanken är bra på att säga vad som täcks och inte täcks. Tyvärr så står Det ingenstans på Hur man ska utnyttja Detta, vem man kontakta osv. Hjälp uppskattas otroligt. Jag kommer inte ens komma hem Innan nyår... Skrivet från en skittelefon med jättejobbig autocorrect",0.36264646
"Hur använder man en reseförsäkring? Hej, Jag sitter I Vancouver och jag fick enorma förseningar både tur och nu retur. Jag vet att jag har en reseförsäkring på min MasterCard, handelsbanken är bra på att säga vad som täcks och inte täcks. Tyvärr så står Det ingenstans på Hur man ska utnyttja Detta, vem man kontakta osv. Hjälp uppskattas otroligt. Jag kommer inte ens komma hem Innan nyår... Skrivet från en skittelefon med jättejobbig autocorrect",0.42314672
"Hur använder man en reseförsäkring? Hej, Jag sitter I Vancouver och jag fick enorma förseningar både tur och nu retur. Jag vet att jag har en reseförsäkring på min MasterCard, handelsbanken är bra på att säga vad som täcks och inte täcks. Tyvärr så står Det ingenstans på Hur man ska utnyttja Detta, vem man kontakta osv. Hjälp uppskattas otroligt. Jag kommer inte ens komma hem Innan nyår... Skrivet från en skittelefon med jättejobbig autocorrect",0.4016654
"Agendan bakom Reinfeldts ""Öppna era hjärtan""? Jag funderar över vad Reinfeldts mål med sitt tal ""Öppna era hjärtan"" var. Jag tror inte att han är en människoälskare och ville ta hand om så många som möjligt. Nu är jag pessimistisk av mig men en tanke jag har är att: 1. Sätta press på välfärden vilket kan ge missnöjje mot de röda partierna. 2. Han trodde att de rödgröna skulle ta över nästa mandat och ville ge dom en pressad situation. Jag kanske är ute och cyklar men jag tror inte han bara ville hjälpa människor. Vad tror ni han hade för agenda?",0.5051727
"Agendan bakom Reinfeldts ""Öppna era hjärtan""? Jag funderar över vad Reinfeldts mål med sitt tal ""Öppna era hjärtan"" var. Jag tror inte att han är en människoälskare och ville ta hand om så många som möjligt. Nu är jag pessimistisk av mig men en tanke jag har är att: 1. Sätta press på välfärden vilket kan ge missnöjje mot de röda partierna. 2. Han trodde att de rödgröna skulle ta över nästa mandat och ville ge dom en pressad situation. Jag kanske är ute och cyklar men jag tror inte han bara ville hjälpa människor. Vad tror ni han hade för agenda?",0.49302858
"Agendan bakom Reinfeldts ""Öppna era hjärtan""? Jag funderar över vad Reinfeldts mål med sitt tal ""Öppna era hjärtan"" var. Jag tror inte att han är en människoälskare och ville ta hand om så många som möjligt. Nu är jag pessimistisk av mig men en tanke jag har är att: 1. Sätta press på välfärden vilket kan ge missnöjje mot de röda partierna. 2. Han trodde att de rödgröna skulle ta över nästa mandat och ville ge dom en pressad situation. Jag kanske är ute och cyklar men jag tror inte han bara ville hjälpa människor. Vad tror ni han hade för agenda?",0.42160195
"Agendan bakom Reinfeldts ""Öppna era hjärtan""? Jag funderar över vad Reinfeldts mål med sitt tal ""Öppna era hjärtan"" var. Jag tror inte att han är en människoälskare och ville ta hand om så många som möjligt. Nu är jag pessimistisk av mig men en tanke jag har är att: 1. Sätta press på välfärden vilket kan ge missnöjje mot de röda partierna. 2. Han trodde att de rödgröna skulle ta över nästa mandat och ville ge dom en pressad situation. Jag kanske är ute och cyklar men jag tror inte han bara ville hjälpa människor. Vad tror ni han hade för agenda?",0.6256943
"Agendan bakom Reinfeldts ""Öppna era hjärtan""? Jag funderar över vad Reinfeldts mål med sitt tal ""Öppna era hjärtan"" var. Jag tror inte att han är en människoälskare och ville ta hand om så många som möjligt. Nu är jag pessimistisk av mig men en tanke jag har är att: 1. Sätta press på välfärden vilket kan ge missnöjje mot de röda partierna. 2. Han trodde att de rödgröna skulle ta över nästa mandat och ville ge dom en pressad situation. Jag kanske är ute och cyklar men jag tror inte han bara ville hjälpa människor. Vad tror ni han hade för agenda?",0.29559773
Varför står regeringen och svenska medier på al-Qaidas sida i Aleppo?,0.539196
Varför står regeringen och svenska medier på al-Qaidas sida i Aleppo?,0.5673419
Varför står regeringen och svenska medier på al-Qaidas sida i Aleppo?,0.74367267
Varför står regeringen och svenska medier på al-Qaidas sida i Aleppo?,0.56754464
Varför står regeringen och svenska medier på al-Qaidas sida i Aleppo?,0.49000588
Är det brunsmetning att peka på det uppenbara?,0.5065347
Är det brunsmetning att peka på det uppenbara?,0.53282255
Är det brunsmetning att peka på det uppenbara?,0.2858822
Är det brunsmetning att peka på det uppenbara?,0.4275958
Hade Karl Marx rätt?,0.49347168
DGS TV - Vad tänker norrmännen om Sverige?,0.48114723
"Både jag och farsan köpte konsertbiljetter till Flaming Lips (26/1) åt varandra i julklapp...har därför 2 biljetter över. Någon ängel som skulle vilja köpa dessa två, för en något billigare peng än inköpspris? Rätt olyckligt alltså... Biljetterna är fysiska och jag har definitivt möjlighet att mötas upp i hela centrala Stockholm. PMa mig om du är intresserad!",0.40205556
"Boende i en del av villa - vad är det? Jag började söka lägehnet i Stockholm 2 dagar sen för första gången. Fick 10+ meddelanden men det finns 2 som verkar bäst. Båda är om del av villa. 2:a, eget kök, badrum, egen ingång. Nära jobbet. De säger att allt är privat, jag kan typ laga mat på natten eller ha pojkvän hos mig och det inte störar någon. Ajuste, att jag har en katt är ingen problem heller. 8000SEK?? Hur är det så billigt när riktiga små 1 rum lägenheter kostar minst 9000 i det området? Min ""magkänsla"" säger att det måste finnas något ""catch"" med detta.",0.6330034
"Boende i en del av villa - vad är det? Jag började söka lägehnet i Stockholm 2 dagar sen för första gången. Fick 10+ meddelanden men det finns 2 som verkar bäst. Båda är om del av villa. 2:a, eget kök, badrum, egen ingång. Nära jobbet. De säger att allt är privat, jag kan typ laga mat på natten eller ha pojkvän hos mig och det inte störar någon. Ajuste, att jag har en katt är ingen problem heller. 8000SEK?? Hur är det så billigt när riktiga små 1 rum lägenheter kostar minst 9000 i det området? Min ""magkänsla"" säger att det måste finnas något ""catch"" med detta.",0.26929444
"Boende i en del av villa - vad är det? Jag började söka lägehnet i Stockholm 2 dagar sen för första gången. Fick 10+ meddelanden men det finns 2 som verkar bäst. Båda är om del av villa. 2:a, eget kök, badrum, egen ingång. Nära jobbet. De säger att allt är privat, jag kan typ laga mat på natten eller ha pojkvän hos mig och det inte störar någon. Ajuste, att jag har en katt är ingen problem heller. 8000SEK?? Hur är det så billigt när riktiga små 1 rum lägenheter kostar minst 9000 i det området? Min ""magkänsla"" säger att det måste finnas något ""catch"" med detta.",0.58687234
"Handla underkläder på Centralstationen? Finns det någon butik på Stockholms Centralstation där man kan köpa underkläder (för män; strumpor, kallingar)?",0.2976933
"Handla underkläder på Centralstationen? Finns det någon butik på Stockholms Centralstation där man kan köpa underkläder (för män; strumpor, kallingar)?",0.69429195
Nyår i Stockholm? Har nån tips på vad man kan hitta på på nyårsafton i Stockholm?,0.37474224
Nyår i Stockholm? Har nån tips på vad man kan hitta på på nyårsafton i Stockholm?,0.40727472
Nyår i Stockholm? Har nån tips på vad man kan hitta på på nyårsafton i Stockholm?,0.3365701
Någon som har erfarenhet av SSSB? Hejsan! Jag kommer eventuellt att få en lägenhet på Forum och undrar om det är någon som har bott där eller på andra SSSB-bostäder och skulle vilja dela med sig av sina upplevelser. Den enda informationen jag hittat är från flashback och var något daterad så allt uppskattas!,0.58372766
Någon som har erfarenhet av SSSB? Hejsan! Jag kommer eventuellt att få en lägenhet på Forum och undrar om det är någon som har bott där eller på andra SSSB-bostäder och skulle vilja dela med sig av sina upplevelser. Den enda informationen jag hittat är från flashback och var något daterad så allt uppskattas!,0.5005096
Någon som har erfarenhet av SSSB? Hejsan! Jag kommer eventuellt att få en lägenhet på Forum och undrar om det är någon som har bott där eller på andra SSSB-bostäder och skulle vilja dela med sig av sina upplevelser. Den enda informationen jag hittat är från flashback och var något daterad så allt uppskattas!,0.7788522
Någon som har erfarenhet av SSSB? Hejsan! Jag kommer eventuellt att få en lägenhet på Forum och undrar om det är någon som har bott där eller på andra SSSB-bostäder och skulle vilja dela med sig av sina upplevelser. Den enda informationen jag hittat är från flashback och var något daterad så allt uppskattas!,0.6245792
Någon som har erfarenhet av SSSB? Hejsan! Jag kommer eventuellt att få en lägenhet på Forum och undrar om det är någon som har bott där eller på andra SSSB-bostäder och skulle vilja dela med sig av sina upplevelser. Den enda informationen jag hittat är från flashback och var något daterad så allt uppskattas!,0.45181453
"bäst mobilnät i Stockholm? hej, har just nu halebop (telias nät) och tycker att det fungerar bra i Stockholm. funderar på att byta till Comviq (tele2:s och telenors nät) pga bättre pris. Är det någon som använder Comviq/tele2 och kan ge ett utlåtande om hur det funkar i STockholm?",0.7795582
"bäst mobilnät i Stockholm? hej, har just nu halebop (telias nät) och tycker att det fungerar bra i Stockholm. funderar på att byta till Comviq (tele2:s och telenors nät) pga bättre pris. Är det någon som använder Comviq/tele2 och kan ge ett utlåtande om hur det funkar i STockholm?",0.59964204
"bäst mobilnät i Stockholm? hej, har just nu halebop (telias nät) och tycker att det fungerar bra i Stockholm. funderar på att byta till Comviq (tele2:s och telenors nät) pga bättre pris. Är det någon som använder Comviq/tele2 och kan ge ett utlåtande om hur det funkar i STockholm?",0.718893
"bäst mobilnät i Stockholm? hej, har just nu halebop (telias nät) och tycker att det fungerar bra i Stockholm. funderar på att byta till Comviq (tele2:s och telenors nät) pga bättre pris. Är det någon som använder Comviq/tele2 och kan ge ett utlåtande om hur det funkar i STockholm?",0.65506935
Finns det ingen Badmintonhall i Bromma/Kungshölmen?,0.23461345
Finns det ingen Badmintonhall i Bromma/Kungshölmen?,0.5948514
Finns det ingen Badmintonhall i Bromma/Kungshölmen?,0.47509545
Tips på bra julbord i Stockholm? Var går man ut och äter kvalitets-julbord i Stockholm? (Lunch eller middag spelar ingen roll.),0.36528906
Tips på bra julbord i Stockholm? Var går man ut och äter kvalitets-julbord i Stockholm? (Lunch eller middag spelar ingen roll.),0.6564782
Tips på bra julbord i Stockholm? Var går man ut och äter kvalitets-julbord i Stockholm? (Lunch eller middag spelar ingen roll.),0.6011993
Tips på bra julbord i Stockholm? Var går man ut och äter kvalitets-julbord i Stockholm? (Lunch eller middag spelar ingen roll.),0.5139765
Tips på jobb som student i Stockholm? Någon som har tips på extrajobb som student i Stockholmsregionen? Gärna relaterat till min utbildning (ekonomi),0.35664898
Tips på jobb som student i Stockholm? Någon som har tips på extrajobb som student i Stockholmsregionen? Gärna relaterat till min utbildning (ekonomi),0.55781007
Tips på jobb som student i Stockholm? Någon som har tips på extrajobb som student i Stockholmsregionen? Gärna relaterat till min utbildning (ekonomi),0.46037734
Tips på jobb som student i Stockholm? Någon som har tips på extrajobb som student i Stockholmsregionen? Gärna relaterat till min utbildning (ekonomi),0.31293127
Tips på jobb som student i Stockholm? Någon som har tips på extrajobb som student i Stockholmsregionen? Gärna relaterat till min utbildning (ekonomi),0.75291926
Vill någon ha ett presentkort på cirka 200kr hos Dunkin Donuts? Hej kära cyberspace! Jag ska ut och resa på onsdag och har ett presentkort enligt rubriken som jag inte kommer att använda innan dess. Det går ut vid årsskiftet. Om någon vill ha det får ni gärna kommentera nedan så skickar jag ett pm. Kommer att skicka det via posten. Kortet gäller på alla DD i Stockholm.,0.16783054
Vill någon ha ett presentkort på cirka 200kr hos Dunkin Donuts? Hej kära cyberspace! Jag ska ut och resa på onsdag och har ett presentkort enligt rubriken som jag inte kommer att använda innan dess. Det går ut vid årsskiftet. Om någon vill ha det får ni gärna kommentera nedan så skickar jag ett pm. Kommer att skicka det via posten. Kortet gäller på alla DD i Stockholm.,0.35727477
Vill någon ha ett presentkort på cirka 200kr hos Dunkin Donuts? Hej kära cyberspace! Jag ska ut och resa på onsdag och har ett presentkort enligt rubriken som jag inte kommer att använda innan dess. Det går ut vid årsskiftet. Om någon vill ha det får ni gärna kommentera nedan så skickar jag ett pm. Kommer att skicka det via posten. Kortet gäller på alla DD i Stockholm.,0.21924192
Vill någon ha ett presentkort på cirka 200kr hos Dunkin Donuts? Hej kära cyberspace! Jag ska ut och resa på onsdag och har ett presentkort enligt rubriken som jag inte kommer att använda innan dess. Det går ut vid årsskiftet. Om någon vill ha det får ni gärna kommentera nedan så skickar jag ett pm. Kommer att skicka det via posten. Kortet gäller på alla DD i Stockholm.,0.4921462
Vill någon ha ett presentkort på cirka 200kr hos Dunkin Donuts? Hej kära cyberspace! Jag ska ut och resa på onsdag och har ett presentkort enligt rubriken som jag inte kommer att använda innan dess. Det går ut vid årsskiftet. Om någon vill ha det får ni gärna kommentera nedan så skickar jag ett pm. Kommer att skicka det via posten. Kortet gäller på alla DD i Stockholm.,0.41880223
"Finns det några vettiga taxibolag? Jag tycker det är svårt att veta vilka taxibolag man faktiskt kan lita på, skulle gärna vilja ha lite råd och rön angående vilka taxibolag som inte håller på med fuffens. Har börjat åka mer och mer taxi på senaste med jobbet, speciellt nu i snökaoset, men nästan bara råkat ut för otrevliga chaufförer, vissa försöker t.om. ta svarta pengar... Ge gärna lite tips och erfarenheter här så kan vi tillsammans undvika taxibolag som inte går efter taximetern eller med skatten!",0.5395701
"Finns det några vettiga taxibolag? Jag tycker det är svårt att veta vilka taxibolag man faktiskt kan lita på, skulle gärna vilja ha lite råd och rön angående vilka taxibolag som inte håller på med fuffens. Har börjat åka mer och mer taxi på senaste med jobbet, speciellt nu i snökaoset, men nästan bara råkat ut för otrevliga chaufförer, vissa försöker t.om. ta svarta pengar... Ge gärna lite tips och erfarenheter här så kan vi tillsammans undvika taxibolag som inte går efter taximetern eller med skatten!",0.5606202
"Finns det några vettiga taxibolag? Jag tycker det är svårt att veta vilka taxibolag man faktiskt kan lita på, skulle gärna vilja ha lite råd och rön angående vilka taxibolag som inte håller på med fuffens. Har börjat åka mer och mer taxi på senaste med jobbet, speciellt nu i snökaoset, men nästan bara råkat ut för otrevliga chaufförer, vissa försöker t.om. ta svarta pengar... Ge gärna lite tips och erfarenheter här så kan vi tillsammans undvika taxibolag som inte går efter taximetern eller med skatten!",0.75791705
"Finns det några vettiga taxibolag? Jag tycker det är svårt att veta vilka taxibolag man faktiskt kan lita på, skulle gärna vilja ha lite råd och rön angående vilka taxibolag som inte håller på med fuffens. Har börjat åka mer och mer taxi på senaste med jobbet, speciellt nu i snökaoset, men nästan bara råkat ut för otrevliga chaufförer, vissa försöker t.om. ta svarta pengar... Ge gärna lite tips och erfarenheter här så kan vi tillsammans undvika taxibolag som inte går efter taximetern eller med skatten!",0.6554534
"Finns det några vettiga taxibolag? Jag tycker det är svårt att veta vilka taxibolag man faktiskt kan lita på, skulle gärna vilja ha lite råd och rön angående vilka taxibolag som inte håller på med fuffens. Har börjat åka mer och mer taxi på senaste med jobbet, speciellt nu i snökaoset, men nästan bara råkat ut för otrevliga chaufförer, vissa försöker t.om. ta svarta pengar... Ge gärna lite tips och erfarenheter här så kan vi tillsammans undvika taxibolag som inte går efter taximetern eller med skatten!",0.5958333
Vad kan man hitta på i Göteborg under nyår? Alla planer gick precis i kras! [deleted],0.54290235
Vad kan man hitta på i Göteborg under nyår? Alla planer gick precis i kras! [deleted],0.5246709
Vad kan man hitta på i Göteborg under nyår? Alla planer gick precis i kras! [deleted],0.52559733
"Hej Har 24 mbit/s ner och 1mbit/s upp. Min trådlösa router är på ovanvåningen i huset och om jag sitter på nedanvåningen i vardagsrummet eller i köket är signalen helt hopplös, internet är fruktansvärt långsamt och oftast funkar det inte ens, går inte att streama klipp i 480p upplösning osv... Vad kan jag köpa för att""förlänga"" internet eller göra det""starkare""? Har läst lite om något man kan sätta i Eluttagen ..men jag är inte så duktig inom området så ni får hjälpa mig! MVH EDIT: Har denna routern Netgear CG3100",0.20946565
"Hej Har 24 mbit/s ner och 1mbit/s upp. Min trådlösa router är på ovanvåningen i huset och om jag sitter på nedanvåningen i vardagsrummet eller i köket är signalen helt hopplös, internet är fruktansvärt långsamt och oftast funkar det inte ens, går inte att streama klipp i 480p upplösning osv... Vad kan jag köpa för att""förlänga"" internet eller göra det""starkare""? Har läst lite om något man kan sätta i Eluttagen ..men jag är inte så duktig inom området så ni får hjälpa mig! MVH EDIT: Har denna routern Netgear CG3100",0.16369914
"Hej Har 24 mbit/s ner och 1mbit/s upp. Min trådlösa router är på ovanvåningen i huset och om jag sitter på nedanvåningen i vardagsrummet eller i köket är signalen helt hopplös, internet är fruktansvärt långsamt och oftast funkar det inte ens, går inte att streama klipp i 480p upplösning osv... Vad kan jag köpa för att""förlänga"" internet eller göra det""starkare""? Har läst lite om något man kan sätta i Eluttagen ..men jag är inte så duktig inom området så ni får hjälpa mig! MVH EDIT: Har denna routern Netgear CG3100",0.2618997
"Hej Har 24 mbit/s ner och 1mbit/s upp. Min trådlösa router är på ovanvåningen i huset och om jag sitter på nedanvåningen i vardagsrummet eller i köket är signalen helt hopplös, internet är fruktansvärt långsamt och oftast funkar det inte ens, går inte att streama klipp i 480p upplösning osv... Vad kan jag köpa för att""förlänga"" internet eller göra det""starkare""? Har läst lite om något man kan sätta i Eluttagen ..men jag är inte så duktig inom området så ni får hjälpa mig! MVH EDIT: Har denna routern Netgear CG3100",0.33914644
"Hej Har 24 mbit/s ner och 1mbit/s upp. Min trådlösa router är på ovanvåningen i huset och om jag sitter på nedanvåningen i vardagsrummet eller i köket är signalen helt hopplös, internet är fruktansvärt långsamt och oftast funkar det inte ens, går inte att streama klipp i 480p upplösning osv... Vad kan jag köpa för att""förlänga"" internet eller göra det""starkare""? Har läst lite om något man kan sätta i Eluttagen ..men jag är inte så duktig inom området så ni får hjälpa mig! MVH EDIT: Har denna routern Netgear CG3100",0.18890637
"Hej Har 24 mbit/s ner och 1mbit/s upp. Min trådlösa router är på ovanvåningen i huset och om jag sitter på nedanvåningen i vardagsrummet eller i köket är signalen helt hopplös, internet är fruktansvärt långsamt och oftast funkar det inte ens, går inte att streama klipp i 480p upplösning osv... Vad kan jag köpa för att""förlänga"" internet eller göra det""starkare""? Har läst lite om något man kan sätta i Eluttagen ..men jag är inte så duktig inom området så ni får hjälpa mig! MVH EDIT: Har denna routern Netgear CG3100",0.46909514
"Hej Har 24 mbit/s ner och 1mbit/s upp. Min trådlösa router är på ovanvåningen i huset och om jag sitter på nedanvåningen i vardagsrummet eller i köket är signalen helt hopplös, internet är fruktansvärt långsamt och oftast funkar det inte ens, går inte att streama klipp i 480p upplösning osv... Vad kan jag köpa för att""förlänga"" internet eller göra det""starkare""? Har läst lite om något man kan sätta i Eluttagen ..men jag är inte så duktig inom området så ni får hjälpa mig! MVH EDIT: Har denna routern Netgear CG3100",0.53850746
"Hej Har 24 mbit/s ner och 1mbit/s upp. Min trådlösa router är på ovanvåningen i huset och om jag sitter på nedanvåningen i vardagsrummet eller i köket är signalen helt hopplös, internet är fruktansvärt långsamt och oftast funkar det inte ens, går inte att streama klipp i 480p upplösning osv... Vad kan jag köpa för att""förlänga"" internet eller göra det""starkare""? Har läst lite om något man kan sätta i Eluttagen ..men jag är inte så duktig inom området så ni får hjälpa mig! MVH EDIT: Har denna routern Netgear CG3100",0.6815536
Har precis köpt en gainer och det står att man ska ha i 50 gram. Hur mycket är det i ett dl-mått?,0.37308538
Har precis köpt en gainer och det står att man ska ha i 50 gram. Hur mycket är det i ett dl-mått?,0.65683115
Har precis köpt en gainer och det står att man ska ha i 50 gram. Hur mycket är det i ett dl-mått?,0.31537846
Har precis köpt en gainer och det står att man ska ha i 50 gram. Hur mycket är det i ett dl-mått?,0.41238046
Har precis köpt en gainer och det står att man ska ha i 50 gram. Hur mycket är det i ett dl-mått?,0.54588425
Har precis köpt en gainer och det står att man ska ha i 50 gram. Hur mycket är det i ett dl-mått?,0.747879
Har precis köpt en gainer och det står att man ska ha i 50 gram. Hur mycket är det i ett dl-mått?,0.6755384
Har precis köpt en gainer och det står att man ska ha i 50 gram. Hur mycket är det i ett dl-mått?,0.7519405
Har precis köpt en gainer och det står att man ska ha i 50 gram. Hur mycket är det i ett dl-mått?,0.54818213
Har precis köpt en gainer och det står att man ska ha i 50 gram. Hur mycket är det i ett dl-mått?,0.27061623
Har precis köpt en gainer och det står att man ska ha i 50 gram. Hur mycket är det i ett dl-mått?,0.54036945
Har precis köpt en gainer och det står att man ska ha i 50 gram. Hur mycket är det i ett dl-mått?,0.2675431
Har precis köpt en gainer och det står att man ska ha i 50 gram. Hur mycket är det i ett dl-mått?,0.41056442
Har precis köpt en gainer och det står att man ska ha i 50 gram. Hur mycket är det i ett dl-mått?,0.46744156
Har precis köpt en gainer och det står att man ska ha i 50 gram. Hur mycket är det i ett dl-mått?,0.33213758
Har precis köpt en gainer och det står att man ska ha i 50 gram. Hur mycket är det i ett dl-mått?,0.37025222
Har precis köpt en gainer och det står att man ska ha i 50 gram. Hur mycket är det i ett dl-mått?,0.5860981
Har precis köpt en gainer och det står att man ska ha i 50 gram. Hur mycket är det i ett dl-mått?,0.17220491
Har precis köpt en gainer och det står att man ska ha i 50 gram. Hur mycket är det i ett dl-mått?,0.2722029
Jag kommer vagt ihåg att jag sett en serie någon gång på 80-talet i någon tidning. Jag tror det var en svensk tidning. Killen i serien hette Billy. Någon som kan tänka sig veta vilken serie det är?,0.36526716
Jag kommer vagt ihåg att jag sett en serie någon gång på 80-talet i någon tidning. Jag tror det var en svensk tidning. Killen i serien hette Billy. Någon som kan tänka sig veta vilken serie det är?,0.7687949
"Hej, Har just pluggat färdigt och sökt samt fått en traineeplats (6 månader, sedan fast anställning) på ett medelstort företag.  Vad anser ni rent generellt om traineetjänster? Är det bra att ha i sitt CV eller är det kanske bättre att skaffa en fast tjänst direkt? /S",0.6788367
"Hej, Har just pluggat färdigt och sökt samt fått en traineeplats (6 månader, sedan fast anställning) på ett medelstort företag.  Vad anser ni rent generellt om traineetjänster? Är det bra att ha i sitt CV eller är det kanske bättre att skaffa en fast tjänst direkt? /S",0.5218743
"Hej, Har just pluggat färdigt och sökt samt fått en traineeplats (6 månader, sedan fast anställning) på ett medelstort företag.  Vad anser ni rent generellt om traineetjänster? Är det bra att ha i sitt CV eller är det kanske bättre att skaffa en fast tjänst direkt? /S",0.18493447
"Tjena! Pajjade min Galaxy s2 här om dagen så nu ska jag köpa ny så frågan är vilken? Efter gallringar kvarstår dessa LG Google Nexus 5                           2989:- HTC One                                        3590:- SAMSUNG Galaxy S4 Active               3789:- SONY Experia Z                               2890:- ZTE Nubia Z5                                  2490:- Som ni ser vill jag inte ha den senaste pga priset på dessa.  är någon överlägsen och ska någon självklart bort? motivera gärna varför,  Tack så mycket alla läsare!",0.5758052
"Jag söker en psykopatisk tjej, vart hittar jag en sådan? Det enda kravet är att hon är en psykopat/sociopat/galen och att hon är relativt mentalt stabil och att hon inte är för fet eller ful. Innan ni säger något så skulle jag klassa mig själv som psykopat/Sociopat fast jag är fortfarande 'stabil'. Med Psykopat/Sociopat menar jag någon som är kapabel till att 'göra saker'.. mer kan jag inte förklara.. men liksom någon utan gränser.. Det känns som internet är för 'oseriöst' att hitta någon.. så hur ska jag göra? Kan liksom inte hänga utanför ett mentalt sjukhus för alla där verkar vara ostabilia.. hur ska jag göra?!!",0.39527825
"Jag söker en psykopatisk tjej, vart hittar jag en sådan? Det enda kravet är att hon är en psykopat/sociopat/galen och att hon är relativt mentalt stabil och att hon inte är för fet eller ful. Innan ni säger något så skulle jag klassa mig själv som psykopat/Sociopat fast jag är fortfarande 'stabil'. Med Psykopat/Sociopat menar jag någon som är kapabel till att 'göra saker'.. mer kan jag inte förklara.. men liksom någon utan gränser.. Det känns som internet är för 'oseriöst' att hitta någon.. så hur ska jag göra? Kan liksom inte hänga utanför ett mentalt sjukhus för alla där verkar vara ostabilia.. hur ska jag göra?!!",0.55902076
"Jag söker en psykopatisk tjej, vart hittar jag en sådan? Det enda kravet är att hon är en psykopat/sociopat/galen och att hon är relativt mentalt stabil och att hon inte är för fet eller ful. Innan ni säger något så skulle jag klassa mig själv som psykopat/Sociopat fast jag är fortfarande 'stabil'. Med Psykopat/Sociopat menar jag någon som är kapabel till att 'göra saker'.. mer kan jag inte förklara.. men liksom någon utan gränser.. Det känns som internet är för 'oseriöst' att hitta någon.. så hur ska jag göra? Kan liksom inte hänga utanför ett mentalt sjukhus för alla där verkar vara ostabilia.. hur ska jag göra?!!",0.41765118
"Jag söker en psykopatisk tjej, vart hittar jag en sådan? Det enda kravet är att hon är en psykopat/sociopat/galen och att hon är relativt mentalt stabil och att hon inte är för fet eller ful. Innan ni säger något så skulle jag klassa mig själv som psykopat/Sociopat fast jag är fortfarande 'stabil'. Med Psykopat/Sociopat menar jag någon som är kapabel till att 'göra saker'.. mer kan jag inte förklara.. men liksom någon utan gränser.. Det känns som internet är för 'oseriöst' att hitta någon.. så hur ska jag göra? Kan liksom inte hänga utanför ett mentalt sjukhus för alla där verkar vara ostabilia.. hur ska jag göra?!!",0.48671567
"Jag söker en psykopatisk tjej, vart hittar jag en sådan? Det enda kravet är att hon är en psykopat/sociopat/galen och att hon är relativt mentalt stabil och att hon inte är för fet eller ful. Innan ni säger något så skulle jag klassa mig själv som psykopat/Sociopat fast jag är fortfarande 'stabil'. Med Psykopat/Sociopat menar jag någon som är kapabel till att 'göra saker'.. mer kan jag inte förklara.. men liksom någon utan gränser.. Det känns som internet är för 'oseriöst' att hitta någon.. så hur ska jag göra? Kan liksom inte hänga utanför ett mentalt sjukhus för alla där verkar vara ostabilia.. hur ska jag göra?!!",0.4186024
"Jag söker en psykopatisk tjej, vart hittar jag en sådan? Det enda kravet är att hon är en psykopat/sociopat/galen och att hon är relativt mentalt stabil och att hon inte är för fet eller ful. Innan ni säger något så skulle jag klassa mig själv som psykopat/Sociopat fast jag är fortfarande 'stabil'. Med Psykopat/Sociopat menar jag någon som är kapabel till att 'göra saker'.. mer kan jag inte förklara.. men liksom någon utan gränser.. Det känns som internet är för 'oseriöst' att hitta någon.. så hur ska jag göra? Kan liksom inte hänga utanför ett mentalt sjukhus för alla där verkar vara ostabilia.. hur ska jag göra?!!",0.2890272
"Jag söker en psykopatisk tjej, vart hittar jag en sådan? Det enda kravet är att hon är en psykopat/sociopat/galen och att hon är relativt mentalt stabil och att hon inte är för fet eller ful. Innan ni säger något så skulle jag klassa mig själv som psykopat/Sociopat fast jag är fortfarande 'stabil'. Med Psykopat/Sociopat menar jag någon som är kapabel till att 'göra saker'.. mer kan jag inte förklara.. men liksom någon utan gränser.. Det känns som internet är för 'oseriöst' att hitta någon.. så hur ska jag göra? Kan liksom inte hänga utanför ett mentalt sjukhus för alla där verkar vara ostabilia.. hur ska jag göra?!!",0.3622744
"Jag söker en psykopatisk tjej, vart hittar jag en sådan? Det enda kravet är att hon är en psykopat/sociopat/galen och att hon är relativt mentalt stabil och att hon inte är för fet eller ful. Innan ni säger något så skulle jag klassa mig själv som psykopat/Sociopat fast jag är fortfarande 'stabil'. Med Psykopat/Sociopat menar jag någon som är kapabel till att 'göra saker'.. mer kan jag inte förklara.. men liksom någon utan gränser.. Det känns som internet är för 'oseriöst' att hitta någon.. så hur ska jag göra? Kan liksom inte hänga utanför ett mentalt sjukhus för alla där verkar vara ostabilia.. hur ska jag göra?!!",0.31460735
"Jag söker en psykopatisk tjej, vart hittar jag en sådan? Det enda kravet är att hon är en psykopat/sociopat/galen och att hon är relativt mentalt stabil och att hon inte är för fet eller ful. Innan ni säger något så skulle jag klassa mig själv som psykopat/Sociopat fast jag är fortfarande 'stabil'. Med Psykopat/Sociopat menar jag någon som är kapabel till att 'göra saker'.. mer kan jag inte förklara.. men liksom någon utan gränser.. Det känns som internet är för 'oseriöst' att hitta någon.. så hur ska jag göra? Kan liksom inte hänga utanför ett mentalt sjukhus för alla där verkar vara ostabilia.. hur ska jag göra?!!",0.21783838
"Jag söker en psykopatisk tjej, vart hittar jag en sådan? Det enda kravet är att hon är en psykopat/sociopat/galen och att hon är relativt mentalt stabil och att hon inte är för fet eller ful. Innan ni säger något så skulle jag klassa mig själv som psykopat/Sociopat fast jag är fortfarande 'stabil'. Med Psykopat/Sociopat menar jag någon som är kapabel till att 'göra saker'.. mer kan jag inte förklara.. men liksom någon utan gränser.. Det känns som internet är för 'oseriöst' att hitta någon.. så hur ska jag göra? Kan liksom inte hänga utanför ett mentalt sjukhus för alla där verkar vara ostabilia.. hur ska jag göra?!!",0.499176
"Jag söker en psykopatisk tjej, vart hittar jag en sådan? Det enda kravet är att hon är en psykopat/sociopat/galen och att hon är relativt mentalt stabil och att hon inte är för fet eller ful. Innan ni säger något så skulle jag klassa mig själv som psykopat/Sociopat fast jag är fortfarande 'stabil'. Med Psykopat/Sociopat menar jag någon som är kapabel till att 'göra saker'.. mer kan jag inte förklara.. men liksom någon utan gränser.. Det känns som internet är för 'oseriöst' att hitta någon.. så hur ska jag göra? Kan liksom inte hänga utanför ett mentalt sjukhus för alla där verkar vara ostabilia.. hur ska jag göra?!!",0.4885952
"Jag söker en psykopatisk tjej, vart hittar jag en sådan? Det enda kravet är att hon är en psykopat/sociopat/galen och att hon är relativt mentalt stabil och att hon inte är för fet eller ful. Innan ni säger något så skulle jag klassa mig själv som psykopat/Sociopat fast jag är fortfarande 'stabil'. Med Psykopat/Sociopat menar jag någon som är kapabel till att 'göra saker'.. mer kan jag inte förklara.. men liksom någon utan gränser.. Det känns som internet är för 'oseriöst' att hitta någon.. så hur ska jag göra? Kan liksom inte hänga utanför ett mentalt sjukhus för alla där verkar vara ostabilia.. hur ska jag göra?!!",0.5370604
"Jag söker en psykopatisk tjej, vart hittar jag en sådan? Det enda kravet är att hon är en psykopat/sociopat/galen och att hon är relativt mentalt stabil och att hon inte är för fet eller ful. Innan ni säger något så skulle jag klassa mig själv som psykopat/Sociopat fast jag är fortfarande 'stabil'. Med Psykopat/Sociopat menar jag någon som är kapabel till att 'göra saker'.. mer kan jag inte förklara.. men liksom någon utan gränser.. Det känns som internet är för 'oseriöst' att hitta någon.. så hur ska jag göra? Kan liksom inte hänga utanför ett mentalt sjukhus för alla där verkar vara ostabilia.. hur ska jag göra?!!",0.29368916
"Jag söker en psykopatisk tjej, vart hittar jag en sådan? Det enda kravet är att hon är en psykopat/sociopat/galen och att hon är relativt mentalt stabil och att hon inte är för fet eller ful. Innan ni säger något så skulle jag klassa mig själv som psykopat/Sociopat fast jag är fortfarande 'stabil'. Med Psykopat/Sociopat menar jag någon som är kapabel till att 'göra saker'.. mer kan jag inte förklara.. men liksom någon utan gränser.. Det känns som internet är för 'oseriöst' att hitta någon.. så hur ska jag göra? Kan liksom inte hänga utanför ett mentalt sjukhus för alla där verkar vara ostabilia.. hur ska jag göra?!!",0.42993334
"Jag söker en psykopatisk tjej, vart hittar jag en sådan? Det enda kravet är att hon är en psykopat/sociopat/galen och att hon är relativt mentalt stabil och att hon inte är för fet eller ful. Innan ni säger något så skulle jag klassa mig själv som psykopat/Sociopat fast jag är fortfarande 'stabil'. Med Psykopat/Sociopat menar jag någon som är kapabel till att 'göra saker'.. mer kan jag inte förklara.. men liksom någon utan gränser.. Det känns som internet är för 'oseriöst' att hitta någon.. så hur ska jag göra? Kan liksom inte hänga utanför ett mentalt sjukhus för alla där verkar vara ostabilia.. hur ska jag göra?!!",0.40982962
"Jag söker en psykopatisk tjej, vart hittar jag en sådan? Det enda kravet är att hon är en psykopat/sociopat/galen och att hon är relativt mentalt stabil och att hon inte är för fet eller ful. Innan ni säger något så skulle jag klassa mig själv som psykopat/Sociopat fast jag är fortfarande 'stabil'. Med Psykopat/Sociopat menar jag någon som är kapabel till att 'göra saker'.. mer kan jag inte förklara.. men liksom någon utan gränser.. Det känns som internet är för 'oseriöst' att hitta någon.. så hur ska jag göra? Kan liksom inte hänga utanför ett mentalt sjukhus för alla där verkar vara ostabilia.. hur ska jag göra?!!",0.18536413
"Jag söker en psykopatisk tjej, vart hittar jag en sådan? Det enda kravet är att hon är en psykopat/sociopat/galen och att hon är relativt mentalt stabil och att hon inte är för fet eller ful. Innan ni säger något så skulle jag klassa mig själv som psykopat/Sociopat fast jag är fortfarande 'stabil'. Med Psykopat/Sociopat menar jag någon som är kapabel till att 'göra saker'.. mer kan jag inte förklara.. men liksom någon utan gränser.. Det känns som internet är för 'oseriöst' att hitta någon.. så hur ska jag göra? Kan liksom inte hänga utanför ett mentalt sjukhus för alla där verkar vara ostabilia.. hur ska jag göra?!!",0.33152962
"Jag söker en psykopatisk tjej, vart hittar jag en sådan? Det enda kravet är att hon är en psykopat/sociopat/galen och att hon är relativt mentalt stabil och att hon inte är för fet eller ful. Innan ni säger något så skulle jag klassa mig själv som psykopat/Sociopat fast jag är fortfarande 'stabil'. Med Psykopat/Sociopat menar jag någon som är kapabel till att 'göra saker'.. mer kan jag inte förklara.. men liksom någon utan gränser.. Det känns som internet är för 'oseriöst' att hitta någon.. så hur ska jag göra? Kan liksom inte hänga utanför ett mentalt sjukhus för alla där verkar vara ostabilia.. hur ska jag göra?!!",0.28890398
"Jag söker en psykopatisk tjej, vart hittar jag en sådan? Det enda kravet är att hon är en psykopat/sociopat/galen och att hon är relativt mentalt stabil och att hon inte är för fet eller ful. Innan ni säger något så skulle jag klassa mig själv som psykopat/Sociopat fast jag är fortfarande 'stabil'. Med Psykopat/Sociopat menar jag någon som är kapabel till att 'göra saker'.. mer kan jag inte förklara.. men liksom någon utan gränser.. Det känns som internet är för 'oseriöst' att hitta någon.. så hur ska jag göra? Kan liksom inte hänga utanför ett mentalt sjukhus för alla där verkar vara ostabilia.. hur ska jag göra?!!",0.5972758
"Jag söker en psykopatisk tjej, vart hittar jag en sådan? Det enda kravet är att hon är en psykopat/sociopat/galen och att hon är relativt mentalt stabil och att hon inte är för fet eller ful. Innan ni säger något så skulle jag klassa mig själv som psykopat/Sociopat fast jag är fortfarande 'stabil'. Med Psykopat/Sociopat menar jag någon som är kapabel till att 'göra saker'.. mer kan jag inte förklara.. men liksom någon utan gränser.. Det känns som internet är för 'oseriöst' att hitta någon.. så hur ska jag göra? Kan liksom inte hänga utanför ett mentalt sjukhus för alla där verkar vara ostabilia.. hur ska jag göra?!!",0.34684655
"Jag söker en psykopatisk tjej, vart hittar jag en sådan? Det enda kravet är att hon är en psykopat/sociopat/galen och att hon är relativt mentalt stabil och att hon inte är för fet eller ful. Innan ni säger något så skulle jag klassa mig själv som psykopat/Sociopat fast jag är fortfarande 'stabil'. Med Psykopat/Sociopat menar jag någon som är kapabel till att 'göra saker'.. mer kan jag inte förklara.. men liksom någon utan gränser.. Det känns som internet är för 'oseriöst' att hitta någon.. så hur ska jag göra? Kan liksom inte hänga utanför ett mentalt sjukhus för alla där verkar vara ostabilia.. hur ska jag göra?!!",0.27100372
"Jag söker en psykopatisk tjej, vart hittar jag en sådan? Det enda kravet är att hon är en psykopat/sociopat/galen och att hon är relativt mentalt stabil och att hon inte är för fet eller ful. Innan ni säger något så skulle jag klassa mig själv som psykopat/Sociopat fast jag är fortfarande 'stabil'. Med Psykopat/Sociopat menar jag någon som är kapabel till att 'göra saker'.. mer kan jag inte förklara.. men liksom någon utan gränser.. Det känns som internet är för 'oseriöst' att hitta någon.. så hur ska jag göra? Kan liksom inte hänga utanför ett mentalt sjukhus för alla där verkar vara ostabilia.. hur ska jag göra?!!",0.24388821
"Jag söker en psykopatisk tjej, vart hittar jag en sådan? Det enda kravet är att hon är en psykopat/sociopat/galen och att hon är relativt mentalt stabil och att hon inte är för fet eller ful. Innan ni säger något så skulle jag klassa mig själv som psykopat/Sociopat fast jag är fortfarande 'stabil'. Med Psykopat/Sociopat menar jag någon som är kapabel till att 'göra saker'.. mer kan jag inte förklara.. men liksom någon utan gränser.. Det känns som internet är för 'oseriöst' att hitta någon.. så hur ska jag göra? Kan liksom inte hänga utanför ett mentalt sjukhus för alla där verkar vara ostabilia.. hur ska jag göra?!!",0.30862573
"Jag söker en psykopatisk tjej, vart hittar jag en sådan? Det enda kravet är att hon är en psykopat/sociopat/galen och att hon är relativt mentalt stabil och att hon inte är för fet eller ful. Innan ni säger något så skulle jag klassa mig själv som psykopat/Sociopat fast jag är fortfarande 'stabil'. Med Psykopat/Sociopat menar jag någon som är kapabel till att 'göra saker'.. mer kan jag inte förklara.. men liksom någon utan gränser.. Det känns som internet är för 'oseriöst' att hitta någon.. så hur ska jag göra? Kan liksom inte hänga utanför ett mentalt sjukhus för alla där verkar vara ostabilia.. hur ska jag göra?!!",0.50786936
"Jag söker en psykopatisk tjej, vart hittar jag en sådan? Det enda kravet är att hon är en psykopat/sociopat/galen och att hon är relativt mentalt stabil och att hon inte är för fet eller ful. Innan ni säger något så skulle jag klassa mig själv som psykopat/Sociopat fast jag är fortfarande 'stabil'. Med Psykopat/Sociopat menar jag någon som är kapabel till att 'göra saker'.. mer kan jag inte förklara.. men liksom någon utan gränser.. Det känns som internet är för 'oseriöst' att hitta någon.. så hur ska jag göra? Kan liksom inte hänga utanför ett mentalt sjukhus för alla där verkar vara ostabilia.. hur ska jag göra?!!",0.5974355
"Jag söker en psykopatisk tjej, vart hittar jag en sådan? Det enda kravet är att hon är en psykopat/sociopat/galen och att hon är relativt mentalt stabil och att hon inte är för fet eller ful. Innan ni säger något så skulle jag klassa mig själv som psykopat/Sociopat fast jag är fortfarande 'stabil'. Med Psykopat/Sociopat menar jag någon som är kapabel till att 'göra saker'.. mer kan jag inte förklara.. men liksom någon utan gränser.. Det känns som internet är för 'oseriöst' att hitta någon.. så hur ska jag göra? Kan liksom inte hänga utanför ett mentalt sjukhus för alla där verkar vara ostabilia.. hur ska jag göra?!!",0.23624864
"Om man äter massor av spaghetti som mellanmål några gånger om dagen, går man upp i vikt då? Eftersom det innehåller ju en del kolhydrater   Tänkte testa nå nytt",0.69797
"Om man äter massor av spaghetti som mellanmål några gånger om dagen, går man upp i vikt då? Eftersom det innehåller ju en del kolhydrater   Tänkte testa nå nytt",0.85142124
"Om man äter massor av spaghetti som mellanmål några gånger om dagen, går man upp i vikt då? Eftersom det innehåller ju en del kolhydrater   Tänkte testa nå nytt",0.77892685
"Om man äter massor av spaghetti som mellanmål några gånger om dagen, går man upp i vikt då? Eftersom det innehåller ju en del kolhydrater   Tänkte testa nå nytt",0.6198448
"Varit vaken hela natten på kola, nu landat på 4 xanor, för ca 2 timmar sedan, är det lugnt att röka lite dope, eller det är riskabelt? har rätt god tolerans på både benzo/opi, men pallar inte kola för att jag var efterbliven. Så frågan är, hur pass farligt är det när man röker dopet, och tagit xanor ett gäng timmar tidigare. Jag vet att blandningen är dum, men tänkte mest om det är just iv'andet som är det farliga, eller intaget är skitsamma?",0.5316781
"Varit vaken hela natten på kola, nu landat på 4 xanor, för ca 2 timmar sedan, är det lugnt att röka lite dope, eller det är riskabelt? har rätt god tolerans på både benzo/opi, men pallar inte kola för att jag var efterbliven. Så frågan är, hur pass farligt är det när man röker dopet, och tagit xanor ett gäng timmar tidigare. Jag vet att blandningen är dum, men tänkte mest om det är just iv'andet som är det farliga, eller intaget är skitsamma?",0.32041663
"Varit vaken hela natten på kola, nu landat på 4 xanor, för ca 2 timmar sedan, är det lugnt att röka lite dope, eller det är riskabelt? har rätt god tolerans på både benzo/opi, men pallar inte kola för att jag var efterbliven. Så frågan är, hur pass farligt är det när man röker dopet, och tagit xanor ett gäng timmar tidigare. Jag vet att blandningen är dum, men tänkte mest om det är just iv'andet som är det farliga, eller intaget är skitsamma?",0.38636318
"Varit vaken hela natten på kola, nu landat på 4 xanor, för ca 2 timmar sedan, är det lugnt att röka lite dope, eller det är riskabelt? har rätt god tolerans på både benzo/opi, men pallar inte kola för att jag var efterbliven. Så frågan är, hur pass farligt är det när man röker dopet, och tagit xanor ett gäng timmar tidigare. Jag vet att blandningen är dum, men tänkte mest om det är just iv'andet som är det farliga, eller intaget är skitsamma?",0.5094944
"Jag har tänkt på en sak ett tag nu. Det finns väldigt många ord som är på väg att försvinna. Till exempel dock, icke och således. Det jag undrar är om dessa ord är rätta att använda i skrift nu för tiden? När är de rätta/ej rätta att använda, till exempel i skoluppsatser? E-mail? Debattinlägg i tidningar? I böcker? Fler ord som är/inte är okej att använda längre? Stör ni er på vissa äldre ord som används av många som ni inte tycker borde vara tillåtna? Motivering med tack.",0.6164237
"Jag har tänkt på en sak ett tag nu. Det finns väldigt många ord som är på väg att försvinna. Till exempel dock, icke och således. Det jag undrar är om dessa ord är rätta att använda i skrift nu för tiden? När är de rätta/ej rätta att använda, till exempel i skoluppsatser? E-mail? Debattinlägg i tidningar? I böcker? Fler ord som är/inte är okej att använda längre? Stör ni er på vissa äldre ord som används av många som ni inte tycker borde vara tillåtna? Motivering med tack.",0.3839181
"Jag har tänkt på en sak ett tag nu. Det finns väldigt många ord som är på väg att försvinna. Till exempel dock, icke och således. Det jag undrar är om dessa ord är rätta att använda i skrift nu för tiden? När är de rätta/ej rätta att använda, till exempel i skoluppsatser? E-mail? Debattinlägg i tidningar? I böcker? Fler ord som är/inte är okej att använda längre? Stör ni er på vissa äldre ord som används av många som ni inte tycker borde vara tillåtna? Motivering med tack.",0.6693602
"Jag har tänkt på en sak ett tag nu. Det finns väldigt många ord som är på väg att försvinna. Till exempel dock, icke och således. Det jag undrar är om dessa ord är rätta att använda i skrift nu för tiden? När är de rätta/ej rätta att använda, till exempel i skoluppsatser? E-mail? Debattinlägg i tidningar? I böcker? Fler ord som är/inte är okej att använda längre? Stör ni er på vissa äldre ord som används av många som ni inte tycker borde vara tillåtna? Motivering med tack.",0.67416954
"Jag har tänkt på en sak ett tag nu. Det finns väldigt många ord som är på väg att försvinna. Till exempel dock, icke och således. Det jag undrar är om dessa ord är rätta att använda i skrift nu för tiden? När är de rätta/ej rätta att använda, till exempel i skoluppsatser? E-mail? Debattinlägg i tidningar? I böcker? Fler ord som är/inte är okej att använda längre? Stör ni er på vissa äldre ord som används av många som ni inte tycker borde vara tillåtna? Motivering med tack.",0.5128921
"Jag har tänkt på en sak ett tag nu. Det finns väldigt många ord som är på väg att försvinna. Till exempel dock, icke och således. Det jag undrar är om dessa ord är rätta att använda i skrift nu för tiden? När är de rätta/ej rätta att använda, till exempel i skoluppsatser? E-mail? Debattinlägg i tidningar? I böcker? Fler ord som är/inte är okej att använda längre? Stör ni er på vissa äldre ord som används av många som ni inte tycker borde vara tillåtna? Motivering med tack.",0.48870534
"Jag har tänkt på en sak ett tag nu. Det finns väldigt många ord som är på väg att försvinna. Till exempel dock, icke och således. Det jag undrar är om dessa ord är rätta att använda i skrift nu för tiden? När är de rätta/ej rätta att använda, till exempel i skoluppsatser? E-mail? Debattinlägg i tidningar? I böcker? Fler ord som är/inte är okej att använda längre? Stör ni er på vissa äldre ord som används av många som ni inte tycker borde vara tillåtna? Motivering med tack.",0.54331076
"Jag har tänkt på en sak ett tag nu. Det finns väldigt många ord som är på väg att försvinna. Till exempel dock, icke och således. Det jag undrar är om dessa ord är rätta att använda i skrift nu för tiden? När är de rätta/ej rätta att använda, till exempel i skoluppsatser? E-mail? Debattinlägg i tidningar? I böcker? Fler ord som är/inte är okej att använda längre? Stör ni er på vissa äldre ord som används av många som ni inte tycker borde vara tillåtna? Motivering med tack.",0.38889104
"Jag har tänkt på en sak ett tag nu. Det finns väldigt många ord som är på väg att försvinna. Till exempel dock, icke och således. Det jag undrar är om dessa ord är rätta att använda i skrift nu för tiden? När är de rätta/ej rätta att använda, till exempel i skoluppsatser? E-mail? Debattinlägg i tidningar? I böcker? Fler ord som är/inte är okej att använda längre? Stör ni er på vissa äldre ord som används av många som ni inte tycker borde vara tillåtna? Motivering med tack.",0.47401434
"Jag har tänkt på en sak ett tag nu. Det finns väldigt många ord som är på väg att försvinna. Till exempel dock, icke och således. Det jag undrar är om dessa ord är rätta att använda i skrift nu för tiden? När är de rätta/ej rätta att använda, till exempel i skoluppsatser? E-mail? Debattinlägg i tidningar? I böcker? Fler ord som är/inte är okej att använda längre? Stör ni er på vissa äldre ord som används av många som ni inte tycker borde vara tillåtna? Motivering med tack.",0.7191785
"Jag har tänkt på en sak ett tag nu. Det finns väldigt många ord som är på väg att försvinna. Till exempel dock, icke och således. Det jag undrar är om dessa ord är rätta att använda i skrift nu för tiden? När är de rätta/ej rätta att använda, till exempel i skoluppsatser? E-mail? Debattinlägg i tidningar? I böcker? Fler ord som är/inte är okej att använda längre? Stör ni er på vissa äldre ord som används av många som ni inte tycker borde vara tillåtna? Motivering med tack.",0.5035664
"Jag har tänkt på en sak ett tag nu. Det finns väldigt många ord som är på väg att försvinna. Till exempel dock, icke och således. Det jag undrar är om dessa ord är rätta att använda i skrift nu för tiden? När är de rätta/ej rätta att använda, till exempel i skoluppsatser? E-mail? Debattinlägg i tidningar? I böcker? Fler ord som är/inte är okej att använda längre? Stör ni er på vissa äldre ord som används av många som ni inte tycker borde vara tillåtna? Motivering med tack.",0.71101606
"Jag har tänkt på en sak ett tag nu. Det finns väldigt många ord som är på väg att försvinna. Till exempel dock, icke och således. Det jag undrar är om dessa ord är rätta att använda i skrift nu för tiden? När är de rätta/ej rätta att använda, till exempel i skoluppsatser? E-mail? Debattinlägg i tidningar? I böcker? Fler ord som är/inte är okej att använda längre? Stör ni er på vissa äldre ord som används av många som ni inte tycker borde vara tillåtna? Motivering med tack.",0.43131074
"Jag har tänkt på en sak ett tag nu. Det finns väldigt många ord som är på väg att försvinna. Till exempel dock, icke och således. Det jag undrar är om dessa ord är rätta att använda i skrift nu för tiden? När är de rätta/ej rätta att använda, till exempel i skoluppsatser? E-mail? Debattinlägg i tidningar? I böcker? Fler ord som är/inte är okej att använda längre? Stör ni er på vissa äldre ord som används av många som ni inte tycker borde vara tillåtna? Motivering med tack.",0.44209802
"Jag har tänkt på en sak ett tag nu. Det finns väldigt många ord som är på väg att försvinna. Till exempel dock, icke och således. Det jag undrar är om dessa ord är rätta att använda i skrift nu för tiden? När är de rätta/ej rätta att använda, till exempel i skoluppsatser? E-mail? Debattinlägg i tidningar? I böcker? Fler ord som är/inte är okej att använda längre? Stör ni er på vissa äldre ord som används av många som ni inte tycker borde vara tillåtna? Motivering med tack.",0.428906
"Jag har tänkt på en sak ett tag nu. Det finns väldigt många ord som är på väg att försvinna. Till exempel dock, icke och således. Det jag undrar är om dessa ord är rätta att använda i skrift nu för tiden? När är de rätta/ej rätta att använda, till exempel i skoluppsatser? E-mail? Debattinlägg i tidningar? I böcker? Fler ord som är/inte är okej att använda längre? Stör ni er på vissa äldre ord som används av många som ni inte tycker borde vara tillåtna? Motivering med tack.",0.53329754
"Jag har tänkt på en sak ett tag nu. Det finns väldigt många ord som är på väg att försvinna. Till exempel dock, icke och således. Det jag undrar är om dessa ord är rätta att använda i skrift nu för tiden? När är de rätta/ej rätta att använda, till exempel i skoluppsatser? E-mail? Debattinlägg i tidningar? I böcker? Fler ord som är/inte är okej att använda längre? Stör ni er på vissa äldre ord som används av många som ni inte tycker borde vara tillåtna? Motivering med tack.",0.53107214
"Jag har tänkt på en sak ett tag nu. Det finns väldigt många ord som är på väg att försvinna. Till exempel dock, icke och således. Det jag undrar är om dessa ord är rätta att använda i skrift nu för tiden? När är de rätta/ej rätta att använda, till exempel i skoluppsatser? E-mail? Debattinlägg i tidningar? I böcker? Fler ord som är/inte är okej att använda längre? Stör ni er på vissa äldre ord som används av många som ni inte tycker borde vara tillåtna? Motivering med tack.",0.4613434
"Jag har tänkt på en sak ett tag nu. Det finns väldigt många ord som är på väg att försvinna. Till exempel dock, icke och således. Det jag undrar är om dessa ord är rätta att använda i skrift nu för tiden? När är de rätta/ej rätta att använda, till exempel i skoluppsatser? E-mail? Debattinlägg i tidningar? I böcker? Fler ord som är/inte är okej att använda längre? Stör ni er på vissa äldre ord som används av många som ni inte tycker borde vara tillåtna? Motivering med tack.",0.3901993
"Jag har tänkt på en sak ett tag nu. Det finns väldigt många ord som är på väg att försvinna. Till exempel dock, icke och således. Det jag undrar är om dessa ord är rätta att använda i skrift nu för tiden? När är de rätta/ej rätta att använda, till exempel i skoluppsatser? E-mail? Debattinlägg i tidningar? I böcker? Fler ord som är/inte är okej att använda längre? Stör ni er på vissa äldre ord som används av många som ni inte tycker borde vara tillåtna? Motivering med tack.",0.47362435
"Jag har tänkt på en sak ett tag nu. Det finns väldigt många ord som är på väg att försvinna. Till exempel dock, icke och således. Det jag undrar är om dessa ord är rätta att använda i skrift nu för tiden? När är de rätta/ej rätta att använda, till exempel i skoluppsatser? E-mail? Debattinlägg i tidningar? I böcker? Fler ord som är/inte är okej att använda längre? Stör ni er på vissa äldre ord som används av många som ni inte tycker borde vara tillåtna? Motivering med tack.",0.68643844
"Jag har tänkt på en sak ett tag nu. Det finns väldigt många ord som är på väg att försvinna. Till exempel dock, icke och således. Det jag undrar är om dessa ord är rätta att använda i skrift nu för tiden? När är de rätta/ej rätta att använda, till exempel i skoluppsatser? E-mail? Debattinlägg i tidningar? I böcker? Fler ord som är/inte är okej att använda längre? Stör ni er på vissa äldre ord som används av många som ni inte tycker borde vara tillåtna? Motivering med tack.",0.5177398
"Jag har tänkt på en sak ett tag nu. Det finns väldigt många ord som är på väg att försvinna. Till exempel dock, icke och således. Det jag undrar är om dessa ord är rätta att använda i skrift nu för tiden? När är de rätta/ej rätta att använda, till exempel i skoluppsatser? E-mail? Debattinlägg i tidningar? I böcker? Fler ord som är/inte är okej att använda längre? Stör ni er på vissa äldre ord som används av många som ni inte tycker borde vara tillåtna? Motivering med tack.",0.54788554
"Jag har tänkt på en sak ett tag nu. Det finns väldigt många ord som är på väg att försvinna. Till exempel dock, icke och således. Det jag undrar är om dessa ord är rätta att använda i skrift nu för tiden? När är de rätta/ej rätta att använda, till exempel i skoluppsatser? E-mail? Debattinlägg i tidningar? I böcker? Fler ord som är/inte är okej att använda längre? Stör ni er på vissa äldre ord som används av många som ni inte tycker borde vara tillåtna? Motivering med tack.",0.40990824
"Jag har tänkt på en sak ett tag nu. Det finns väldigt många ord som är på väg att försvinna. Till exempel dock, icke och således. Det jag undrar är om dessa ord är rätta att använda i skrift nu för tiden? När är de rätta/ej rätta att använda, till exempel i skoluppsatser? E-mail? Debattinlägg i tidningar? I böcker? Fler ord som är/inte är okej att använda längre? Stör ni er på vissa äldre ord som används av många som ni inte tycker borde vara tillåtna? Motivering med tack.",0.41858768
"Jag har tänkt på en sak ett tag nu. Det finns väldigt många ord som är på väg att försvinna. Till exempel dock, icke och således. Det jag undrar är om dessa ord är rätta att använda i skrift nu för tiden? När är de rätta/ej rätta att använda, till exempel i skoluppsatser? E-mail? Debattinlägg i tidningar? I böcker? Fler ord som är/inte är okej att använda längre? Stör ni er på vissa äldre ord som används av många som ni inte tycker borde vara tillåtna? Motivering med tack.",0.54752415
"Jag har tänkt på en sak ett tag nu. Det finns väldigt många ord som är på väg att försvinna. Till exempel dock, icke och således. Det jag undrar är om dessa ord är rätta att använda i skrift nu för tiden? När är de rätta/ej rätta att använda, till exempel i skoluppsatser? E-mail? Debattinlägg i tidningar? I böcker? Fler ord som är/inte är okej att använda längre? Stör ni er på vissa äldre ord som används av många som ni inte tycker borde vara tillåtna? Motivering med tack.",0.39786604
"Jag har tänkt på en sak ett tag nu. Det finns väldigt många ord som är på väg att försvinna. Till exempel dock, icke och således. Det jag undrar är om dessa ord är rätta att använda i skrift nu för tiden? När är de rätta/ej rätta att använda, till exempel i skoluppsatser? E-mail? Debattinlägg i tidningar? I böcker? Fler ord som är/inte är okej att använda längre? Stör ni er på vissa äldre ord som används av många som ni inte tycker borde vara tillåtna? Motivering med tack.",0.58905756
"Jag har tänkt på en sak ett tag nu. Det finns väldigt många ord som är på väg att försvinna. Till exempel dock, icke och således. Det jag undrar är om dessa ord är rätta att använda i skrift nu för tiden? När är de rätta/ej rätta att använda, till exempel i skoluppsatser? E-mail? Debattinlägg i tidningar? I böcker? Fler ord som är/inte är okej att använda längre? Stör ni er på vissa äldre ord som används av många som ni inte tycker borde vara tillåtna? Motivering med tack.",0.51225877
"Jag har tänkt på en sak ett tag nu. Det finns väldigt många ord som är på väg att försvinna. Till exempel dock, icke och således. Det jag undrar är om dessa ord är rätta att använda i skrift nu för tiden? När är de rätta/ej rätta att använda, till exempel i skoluppsatser? E-mail? Debattinlägg i tidningar? I böcker? Fler ord som är/inte är okej att använda längre? Stör ni er på vissa äldre ord som används av många som ni inte tycker borde vara tillåtna? Motivering med tack.",0.30855104
"Som rubriken lyder så undrar jag verkligen vad det är som vi har som gör att vi läker från en skada. Mina skador som jag får läks tydligen jättedåligt/långsamt. Jag vet att det är normalt att det läker långsamt men för min del så tar det enormt mycket mer tid och att det ibland inte ens går över. Ett gott exempel, stukade foten lätt för en månad sedan och fortfarande kan jag känna att det sitter kvar lite. Detta var bara ett exempel av dussintals. Varför jag har det så beror nog på att jag är reumatiker, men jag tar medicin mot det varje vecka så jag känner inget från min reumatism längre. Jag tror att jag har brist på något som bidrar till läkeprocessen. Vad kan det vara?  Samt påfrestningar(även lätta) t.ex. på axlarna när man t.ex. ska träna vaderna eller träna benpress så blir det röda märken på axlarna(inte röd hudfärg, men det ser ut som""ut/inslag"" av sugmärken   som man får på halsar av tjejer. Mer som att blodet har trängt ut eller brustit(nej jag känner ingenting när jag får/rör det).",0.49630162
"Som rubriken lyder så undrar jag verkligen vad det är som vi har som gör att vi läker från en skada. Mina skador som jag får läks tydligen jättedåligt/långsamt. Jag vet att det är normalt att det läker långsamt men för min del så tar det enormt mycket mer tid och att det ibland inte ens går över. Ett gott exempel, stukade foten lätt för en månad sedan och fortfarande kan jag känna att det sitter kvar lite. Detta var bara ett exempel av dussintals. Varför jag har det så beror nog på att jag är reumatiker, men jag tar medicin mot det varje vecka så jag känner inget från min reumatism längre. Jag tror att jag har brist på något som bidrar till läkeprocessen. Vad kan det vara?  Samt påfrestningar(även lätta) t.ex. på axlarna när man t.ex. ska träna vaderna eller träna benpress så blir det röda märken på axlarna(inte röd hudfärg, men det ser ut som""ut/inslag"" av sugmärken   som man får på halsar av tjejer. Mer som att blodet har trängt ut eller brustit(nej jag känner ingenting när jag får/rör det).",0.5205991
"Som rubriken lyder så undrar jag verkligen vad det är som vi har som gör att vi läker från en skada. Mina skador som jag får läks tydligen jättedåligt/långsamt. Jag vet att det är normalt att det läker långsamt men för min del så tar det enormt mycket mer tid och att det ibland inte ens går över. Ett gott exempel, stukade foten lätt för en månad sedan och fortfarande kan jag känna att det sitter kvar lite. Detta var bara ett exempel av dussintals. Varför jag har det så beror nog på att jag är reumatiker, men jag tar medicin mot det varje vecka så jag känner inget från min reumatism längre. Jag tror att jag har brist på något som bidrar till läkeprocessen. Vad kan det vara?  Samt påfrestningar(även lätta) t.ex. på axlarna när man t.ex. ska träna vaderna eller träna benpress så blir det röda märken på axlarna(inte röd hudfärg, men det ser ut som""ut/inslag"" av sugmärken   som man får på halsar av tjejer. Mer som att blodet har trängt ut eller brustit(nej jag känner ingenting när jag får/rör det).",0.47912344
"Som rubriken lyder så undrar jag verkligen vad det är som vi har som gör att vi läker från en skada. Mina skador som jag får läks tydligen jättedåligt/långsamt. Jag vet att det är normalt att det läker långsamt men för min del så tar det enormt mycket mer tid och att det ibland inte ens går över. Ett gott exempel, stukade foten lätt för en månad sedan och fortfarande kan jag känna att det sitter kvar lite. Detta var bara ett exempel av dussintals. Varför jag har det så beror nog på att jag är reumatiker, men jag tar medicin mot det varje vecka så jag känner inget från min reumatism längre. Jag tror att jag har brist på något som bidrar till läkeprocessen. Vad kan det vara?  Samt påfrestningar(även lätta) t.ex. på axlarna när man t.ex. ska träna vaderna eller träna benpress så blir det röda märken på axlarna(inte röd hudfärg, men det ser ut som""ut/inslag"" av sugmärken   som man får på halsar av tjejer. Mer som att blodet har trängt ut eller brustit(nej jag känner ingenting när jag får/rör det).",0.49394268
"Som rubriken lyder så undrar jag verkligen vad det är som vi har som gör att vi läker från en skada. Mina skador som jag får läks tydligen jättedåligt/långsamt. Jag vet att det är normalt att det läker långsamt men för min del så tar det enormt mycket mer tid och att det ibland inte ens går över. Ett gott exempel, stukade foten lätt för en månad sedan och fortfarande kan jag känna att det sitter kvar lite. Detta var bara ett exempel av dussintals. Varför jag har det så beror nog på att jag är reumatiker, men jag tar medicin mot det varje vecka så jag känner inget från min reumatism längre. Jag tror att jag har brist på något som bidrar till läkeprocessen. Vad kan det vara?  Samt påfrestningar(även lätta) t.ex. på axlarna när man t.ex. ska träna vaderna eller träna benpress så blir det röda märken på axlarna(inte röd hudfärg, men det ser ut som""ut/inslag"" av sugmärken   som man får på halsar av tjejer. Mer som att blodet har trängt ut eller brustit(nej jag känner ingenting när jag får/rör det).",0.3229036
"Hej!  Jag och min kompis är intresserad av att åka till Frankrike, någon som vet ett bra och vackert ställe att åka till?  Något ställe där det inte är allt för dyrt med hotell, helst!  Tack i förhand!",0.85331714
"Hej!  Jag och min kompis är intresserad av att åka till Frankrike, någon som vet ett bra och vackert ställe att åka till?  Något ställe där det inte är allt för dyrt med hotell, helst!  Tack i förhand!",0.65715104
"Hej!  Jag och min kompis är intresserad av att åka till Frankrike, någon som vet ett bra och vackert ställe att åka till?  Något ställe där det inte är allt för dyrt med hotell, helst!  Tack i förhand!",0.77002543
"Hej!  Jag och min kompis är intresserad av att åka till Frankrike, någon som vet ett bra och vackert ställe att åka till?  Något ställe där det inte är allt för dyrt med hotell, helst!  Tack i förhand!",0.63995016
"Hej!  Jag och min kompis är intresserad av att åka till Frankrike, någon som vet ett bra och vackert ställe att åka till?  Något ställe där det inte är allt för dyrt med hotell, helst!  Tack i förhand!",0.7766868
"Hej!  Jag och min kompis är intresserad av att åka till Frankrike, någon som vet ett bra och vackert ställe att åka till?  Något ställe där det inte är allt för dyrt med hotell, helst!  Tack i förhand!",0.80581915
"Hej!  Jag och min kompis är intresserad av att åka till Frankrike, någon som vet ett bra och vackert ställe att åka till?  Något ställe där det inte är allt för dyrt med hotell, helst!  Tack i förhand!",0.44295943
"Hej!  Jag och min kompis är intresserad av att åka till Frankrike, någon som vet ett bra och vackert ställe att åka till?  Något ställe där det inte är allt för dyrt med hotell, helst!  Tack i förhand!",0.2331332
Advokat anses väl av allmänheten vara ett betydligt mer statusfyllt yrke än att vara åklagare. Skiljer sig den bilden inom juristkåren?,0.7319704
Advokat anses väl av allmänheten vara ett betydligt mer statusfyllt yrke än att vara åklagare. Skiljer sig den bilden inom juristkåren?,0.8141051
Advokat anses väl av allmänheten vara ett betydligt mer statusfyllt yrke än att vara åklagare. Skiljer sig den bilden inom juristkåren?,0.6709722
Advokat anses väl av allmänheten vara ett betydligt mer statusfyllt yrke än att vara åklagare. Skiljer sig den bilden inom juristkåren?,0.7052996
Advokat anses väl av allmänheten vara ett betydligt mer statusfyllt yrke än att vara åklagare. Skiljer sig den bilden inom juristkåren?,0.6871131
Advokat anses väl av allmänheten vara ett betydligt mer statusfyllt yrke än att vara åklagare. Skiljer sig den bilden inom juristkåren?,0.5527872
Advokat anses väl av allmänheten vara ett betydligt mer statusfyllt yrke än att vara åklagare. Skiljer sig den bilden inom juristkåren?,0.5990919
Advokat anses väl av allmänheten vara ett betydligt mer statusfyllt yrke än att vara åklagare. Skiljer sig den bilden inom juristkåren?,0.49708146
Advokat anses väl av allmänheten vara ett betydligt mer statusfyllt yrke än att vara åklagare. Skiljer sig den bilden inom juristkåren?,0.32322228
Advokat anses väl av allmänheten vara ett betydligt mer statusfyllt yrke än att vara åklagare. Skiljer sig den bilden inom juristkåren?,0.585355
Advokat anses väl av allmänheten vara ett betydligt mer statusfyllt yrke än att vara åklagare. Skiljer sig den bilden inom juristkåren?,0.64822435
Advokat anses väl av allmänheten vara ett betydligt mer statusfyllt yrke än att vara åklagare. Skiljer sig den bilden inom juristkåren?,0.72249234
Advokat anses väl av allmänheten vara ett betydligt mer statusfyllt yrke än att vara åklagare. Skiljer sig den bilden inom juristkåren?,0.77294123
Advokat anses väl av allmänheten vara ett betydligt mer statusfyllt yrke än att vara åklagare. Skiljer sig den bilden inom juristkåren?,0.53690434
Advokat anses väl av allmänheten vara ett betydligt mer statusfyllt yrke än att vara åklagare. Skiljer sig den bilden inom juristkåren?,0.5352652
Advokat anses väl av allmänheten vara ett betydligt mer statusfyllt yrke än att vara åklagare. Skiljer sig den bilden inom juristkåren?,0.28839356
"Har fått mitt Canon EOS 40D-hus nu och jag undrar lite grejer. 1. Vad händer när man har på/av-reglaget i mitten? Det finns nämligen tre lägen: Av, på och i mitten. Känner mig helt förvirrad. 2. När man ska ta bilder så kan man välja mellan: Ta en bild per klick, ta konternuerligt med bilder sålänge knappen hålls nere eller använda självutlösaren. Men det finns även ett annat läge där man kan ta konternuerligt med bilder men jämte den""loggan"" för att ta konternuerligt med bilder så är det ett"" H"" jämte. Vad menas med det? 3. När man ska välja bildkvalité så står det t.ex.""S"",""L"" och liknande där L är den högsta kvalitén för att fota i jpeg. Men vad menas med att det ser ut som en trappa jämte bokstaven eller en kurva, typ? Vad är det för skillnad mellan en bild tagen med""L"" och med en sådan""trappa"" jämte och att ta en bild i""L"" fast med en kurva jämte?",0.663136
"Har fått mitt Canon EOS 40D-hus nu och jag undrar lite grejer. 1. Vad händer när man har på/av-reglaget i mitten? Det finns nämligen tre lägen: Av, på och i mitten. Känner mig helt förvirrad. 2. När man ska ta bilder så kan man välja mellan: Ta en bild per klick, ta konternuerligt med bilder sålänge knappen hålls nere eller använda självutlösaren. Men det finns även ett annat läge där man kan ta konternuerligt med bilder men jämte den""loggan"" för att ta konternuerligt med bilder så är det ett"" H"" jämte. Vad menas med det? 3. När man ska välja bildkvalité så står det t.ex.""S"",""L"" och liknande där L är den högsta kvalitén för att fota i jpeg. Men vad menas med att det ser ut som en trappa jämte bokstaven eller en kurva, typ? Vad är det för skillnad mellan en bild tagen med""L"" och med en sådan""trappa"" jämte och att ta en bild i""L"" fast med en kurva jämte?",0.5490359
"Har fått mitt Canon EOS 40D-hus nu och jag undrar lite grejer. 1. Vad händer när man har på/av-reglaget i mitten? Det finns nämligen tre lägen: Av, på och i mitten. Känner mig helt förvirrad. 2. När man ska ta bilder så kan man välja mellan: Ta en bild per klick, ta konternuerligt med bilder sålänge knappen hålls nere eller använda självutlösaren. Men det finns även ett annat läge där man kan ta konternuerligt med bilder men jämte den""loggan"" för att ta konternuerligt med bilder så är det ett"" H"" jämte. Vad menas med det? 3. När man ska välja bildkvalité så står det t.ex.""S"",""L"" och liknande där L är den högsta kvalitén för att fota i jpeg. Men vad menas med att det ser ut som en trappa jämte bokstaven eller en kurva, typ? Vad är det för skillnad mellan en bild tagen med""L"" och med en sådan""trappa"" jämte och att ta en bild i""L"" fast med en kurva jämte?",0.70685005
"Har fått mitt Canon EOS 40D-hus nu och jag undrar lite grejer. 1. Vad händer när man har på/av-reglaget i mitten? Det finns nämligen tre lägen: Av, på och i mitten. Känner mig helt förvirrad. 2. När man ska ta bilder så kan man välja mellan: Ta en bild per klick, ta konternuerligt med bilder sålänge knappen hålls nere eller använda självutlösaren. Men det finns även ett annat läge där man kan ta konternuerligt med bilder men jämte den""loggan"" för att ta konternuerligt med bilder så är det ett"" H"" jämte. Vad menas med det? 3. När man ska välja bildkvalité så står det t.ex.""S"",""L"" och liknande där L är den högsta kvalitén för att fota i jpeg. Men vad menas med att det ser ut som en trappa jämte bokstaven eller en kurva, typ? Vad är det för skillnad mellan en bild tagen med""L"" och med en sådan""trappa"" jämte och att ta en bild i""L"" fast med en kurva jämte?",0.43611583
"Har fått mitt Canon EOS 40D-hus nu och jag undrar lite grejer. 1. Vad händer när man har på/av-reglaget i mitten? Det finns nämligen tre lägen: Av, på och i mitten. Känner mig helt förvirrad. 2. När man ska ta bilder så kan man välja mellan: Ta en bild per klick, ta konternuerligt med bilder sålänge knappen hålls nere eller använda självutlösaren. Men det finns även ett annat läge där man kan ta konternuerligt med bilder men jämte den""loggan"" för att ta konternuerligt med bilder så är det ett"" H"" jämte. Vad menas med det? 3. När man ska välja bildkvalité så står det t.ex.""S"",""L"" och liknande där L är den högsta kvalitén för att fota i jpeg. Men vad menas med att det ser ut som en trappa jämte bokstaven eller en kurva, typ? Vad är det för skillnad mellan en bild tagen med""L"" och med en sådan""trappa"" jämte och att ta en bild i""L"" fast med en kurva jämte?",0.4491487
"Har fått mitt Canon EOS 40D-hus nu och jag undrar lite grejer. 1. Vad händer när man har på/av-reglaget i mitten? Det finns nämligen tre lägen: Av, på och i mitten. Känner mig helt förvirrad. 2. När man ska ta bilder så kan man välja mellan: Ta en bild per klick, ta konternuerligt med bilder sålänge knappen hålls nere eller använda självutlösaren. Men det finns även ett annat läge där man kan ta konternuerligt med bilder men jämte den""loggan"" för att ta konternuerligt med bilder så är det ett"" H"" jämte. Vad menas med det? 3. När man ska välja bildkvalité så står det t.ex.""S"",""L"" och liknande där L är den högsta kvalitén för att fota i jpeg. Men vad menas med att det ser ut som en trappa jämte bokstaven eller en kurva, typ? Vad är det för skillnad mellan en bild tagen med""L"" och med en sådan""trappa"" jämte och att ta en bild i""L"" fast med en kurva jämte?",0.21843973
"Har fått mitt Canon EOS 40D-hus nu och jag undrar lite grejer. 1. Vad händer när man har på/av-reglaget i mitten? Det finns nämligen tre lägen: Av, på och i mitten. Känner mig helt förvirrad. 2. När man ska ta bilder så kan man välja mellan: Ta en bild per klick, ta konternuerligt med bilder sålänge knappen hålls nere eller använda självutlösaren. Men det finns även ett annat läge där man kan ta konternuerligt med bilder men jämte den""loggan"" för att ta konternuerligt med bilder så är det ett"" H"" jämte. Vad menas med det? 3. När man ska välja bildkvalité så står det t.ex.""S"",""L"" och liknande där L är den högsta kvalitén för att fota i jpeg. Men vad menas med att det ser ut som en trappa jämte bokstaven eller en kurva, typ? Vad är det för skillnad mellan en bild tagen med""L"" och med en sådan""trappa"" jämte och att ta en bild i""L"" fast med en kurva jämte?",0.59743655
"Har fått mitt Canon EOS 40D-hus nu och jag undrar lite grejer. 1. Vad händer när man har på/av-reglaget i mitten? Det finns nämligen tre lägen: Av, på och i mitten. Känner mig helt förvirrad. 2. När man ska ta bilder så kan man välja mellan: Ta en bild per klick, ta konternuerligt med bilder sålänge knappen hålls nere eller använda självutlösaren. Men det finns även ett annat läge där man kan ta konternuerligt med bilder men jämte den""loggan"" för att ta konternuerligt med bilder så är det ett"" H"" jämte. Vad menas med det? 3. När man ska välja bildkvalité så står det t.ex.""S"",""L"" och liknande där L är den högsta kvalitén för att fota i jpeg. Men vad menas med att det ser ut som en trappa jämte bokstaven eller en kurva, typ? Vad är det för skillnad mellan en bild tagen med""L"" och med en sådan""trappa"" jämte och att ta en bild i""L"" fast med en kurva jämte?",0.23019981
"Har fått mitt Canon EOS 40D-hus nu och jag undrar lite grejer. 1. Vad händer när man har på/av-reglaget i mitten? Det finns nämligen tre lägen: Av, på och i mitten. Känner mig helt förvirrad. 2. När man ska ta bilder så kan man välja mellan: Ta en bild per klick, ta konternuerligt med bilder sålänge knappen hålls nere eller använda självutlösaren. Men det finns även ett annat läge där man kan ta konternuerligt med bilder men jämte den""loggan"" för att ta konternuerligt med bilder så är det ett"" H"" jämte. Vad menas med det? 3. När man ska välja bildkvalité så står det t.ex.""S"",""L"" och liknande där L är den högsta kvalitén för att fota i jpeg. Men vad menas med att det ser ut som en trappa jämte bokstaven eller en kurva, typ? Vad är det för skillnad mellan en bild tagen med""L"" och med en sådan""trappa"" jämte och att ta en bild i""L"" fast med en kurva jämte?",0.33324313
"Har fått mitt Canon EOS 40D-hus nu och jag undrar lite grejer. 1. Vad händer när man har på/av-reglaget i mitten? Det finns nämligen tre lägen: Av, på och i mitten. Känner mig helt förvirrad. 2. När man ska ta bilder så kan man välja mellan: Ta en bild per klick, ta konternuerligt med bilder sålänge knappen hålls nere eller använda självutlösaren. Men det finns även ett annat läge där man kan ta konternuerligt med bilder men jämte den""loggan"" för att ta konternuerligt med bilder så är det ett"" H"" jämte. Vad menas med det? 3. När man ska välja bildkvalité så står det t.ex.""S"",""L"" och liknande där L är den högsta kvalitén för att fota i jpeg. Men vad menas med att det ser ut som en trappa jämte bokstaven eller en kurva, typ? Vad är det för skillnad mellan en bild tagen med""L"" och med en sådan""trappa"" jämte och att ta en bild i""L"" fast med en kurva jämte?",0.5108721
"Har fått mitt Canon EOS 40D-hus nu och jag undrar lite grejer. 1. Vad händer när man har på/av-reglaget i mitten? Det finns nämligen tre lägen: Av, på och i mitten. Känner mig helt förvirrad. 2. När man ska ta bilder så kan man välja mellan: Ta en bild per klick, ta konternuerligt med bilder sålänge knappen hålls nere eller använda självutlösaren. Men det finns även ett annat läge där man kan ta konternuerligt med bilder men jämte den""loggan"" för att ta konternuerligt med bilder så är det ett"" H"" jämte. Vad menas med det? 3. När man ska välja bildkvalité så står det t.ex.""S"",""L"" och liknande där L är den högsta kvalitén för att fota i jpeg. Men vad menas med att det ser ut som en trappa jämte bokstaven eller en kurva, typ? Vad är det för skillnad mellan en bild tagen med""L"" och med en sådan""trappa"" jämte och att ta en bild i""L"" fast med en kurva jämte?",0.4889221
"Har fått mitt Canon EOS 40D-hus nu och jag undrar lite grejer. 1. Vad händer när man har på/av-reglaget i mitten? Det finns nämligen tre lägen: Av, på och i mitten. Känner mig helt förvirrad. 2. När man ska ta bilder så kan man välja mellan: Ta en bild per klick, ta konternuerligt med bilder sålänge knappen hålls nere eller använda självutlösaren. Men det finns även ett annat läge där man kan ta konternuerligt med bilder men jämte den""loggan"" för att ta konternuerligt med bilder så är det ett"" H"" jämte. Vad menas med det? 3. När man ska välja bildkvalité så står det t.ex.""S"",""L"" och liknande där L är den högsta kvalitén för att fota i jpeg. Men vad menas med att det ser ut som en trappa jämte bokstaven eller en kurva, typ? Vad är det för skillnad mellan en bild tagen med""L"" och med en sådan""trappa"" jämte och att ta en bild i""L"" fast med en kurva jämte?",0.3990686
"Hej, jag funderar på att nån dag i framtiden flytta till antingen Argentina, Chile eller Filippinerna, då undrar jag, vilket är billigast helt enkelt? Nån som har bott eller bor i nåt av dessa länder?",0.48443395
"Hej, jag funderar på att nån dag i framtiden flytta till antingen Argentina, Chile eller Filippinerna, då undrar jag, vilket är billigast helt enkelt? Nån som har bott eller bor i nåt av dessa länder?",0.68514663
"Hej, jag funderar på att nån dag i framtiden flytta till antingen Argentina, Chile eller Filippinerna, då undrar jag, vilket är billigast helt enkelt? Nån som har bott eller bor i nåt av dessa länder?",0.45006377
"Hej, jag funderar på att nån dag i framtiden flytta till antingen Argentina, Chile eller Filippinerna, då undrar jag, vilket är billigast helt enkelt? Nån som har bott eller bor i nåt av dessa länder?",0.61224055
"Hej, jag funderar på att nån dag i framtiden flytta till antingen Argentina, Chile eller Filippinerna, då undrar jag, vilket är billigast helt enkelt? Nån som har bott eller bor i nåt av dessa länder?",0.24453129
"Hej, jag funderar på att nån dag i framtiden flytta till antingen Argentina, Chile eller Filippinerna, då undrar jag, vilket är billigast helt enkelt? Nån som har bott eller bor i nåt av dessa länder?",0.2373437
"Hej, jag funderar på att nån dag i framtiden flytta till antingen Argentina, Chile eller Filippinerna, då undrar jag, vilket är billigast helt enkelt? Nån som har bott eller bor i nåt av dessa länder?",0.5421821
"Hej, jag funderar på att nån dag i framtiden flytta till antingen Argentina, Chile eller Filippinerna, då undrar jag, vilket är billigast helt enkelt? Nån som har bott eller bor i nåt av dessa länder?",0.17407836
"Hej, jag funderar på att nån dag i framtiden flytta till antingen Argentina, Chile eller Filippinerna, då undrar jag, vilket är billigast helt enkelt? Nån som har bott eller bor i nåt av dessa länder?",0.36442983
"Hej, jag funderar på att nån dag i framtiden flytta till antingen Argentina, Chile eller Filippinerna, då undrar jag, vilket är billigast helt enkelt? Nån som har bott eller bor i nåt av dessa länder?",0.31284523
"Jag vet att denna tråden skall ligga i"" Droger/Läkemedel utomlands. Ta frågor om det här!"" men jag får INGEN respons på min fråga. Frågan lyder: Är det svårt att få ut tex Diazepam hos en läkare i Thailand? Om man skyller på ångest, oro eller sömnproblem. Personligen tror jag inte det men någon med erfarenhet kanske kan bekräfta. Att köpa på apotek har jag läst att det nuförtiden är ganska svårt. Men det är väl bara att prova sig fram. Admin: flytta denna om du anser det..",0.49632567
"Jag vet att denna tråden skall ligga i"" Droger/Läkemedel utomlands. Ta frågor om det här!"" men jag får INGEN respons på min fråga. Frågan lyder: Är det svårt att få ut tex Diazepam hos en läkare i Thailand? Om man skyller på ångest, oro eller sömnproblem. Personligen tror jag inte det men någon med erfarenhet kanske kan bekräfta. Att köpa på apotek har jag läst att det nuförtiden är ganska svårt. Men det är väl bara att prova sig fram. Admin: flytta denna om du anser det..",0.3221032
"Jag vet att denna tråden skall ligga i"" Droger/Läkemedel utomlands. Ta frågor om det här!"" men jag får INGEN respons på min fråga. Frågan lyder: Är det svårt att få ut tex Diazepam hos en läkare i Thailand? Om man skyller på ångest, oro eller sömnproblem. Personligen tror jag inte det men någon med erfarenhet kanske kan bekräfta. Att köpa på apotek har jag läst att det nuförtiden är ganska svårt. Men det är väl bara att prova sig fram. Admin: flytta denna om du anser det..",0.41078424
"Jag vet att denna tråden skall ligga i"" Droger/Läkemedel utomlands. Ta frågor om det här!"" men jag får INGEN respons på min fråga. Frågan lyder: Är det svårt att få ut tex Diazepam hos en läkare i Thailand? Om man skyller på ångest, oro eller sömnproblem. Personligen tror jag inte det men någon med erfarenhet kanske kan bekräfta. Att köpa på apotek har jag läst att det nuförtiden är ganska svårt. Men det är väl bara att prova sig fram. Admin: flytta denna om du anser det..",0.44352844
"Jag var på polisförhör idag, ang. lite farliga saker jag har haft hemma, som hittades vid en husrannsakan. Jag erkände allt o är beredd att ta mitt straff. Men, polisen frågade om jag skulle använda de""farliga sakerna"" mot en viss person som låt säga varit""väldigt ond"" mot en nära vän. Poliskommissarien påstod att jag skrivit om min väns händelse i nån blogg, men detta är inget man skriver ut i bloggar o jag har naturligtvis inte gjort det. Så, hur f-n kan polisen veta det? Inget koppling alls, så jag tror min telefon har blivit avlyssnad! Det måste vara det ända sättet för dem att hitta kopplingen.  Jag har varit misstänkt för terrorist-brott, då är det väl inte så ovanligt att man avlyssnar telefoner?",0.37732756
"Jag var på polisförhör idag, ang. lite farliga saker jag har haft hemma, som hittades vid en husrannsakan. Jag erkände allt o är beredd att ta mitt straff. Men, polisen frågade om jag skulle använda de""farliga sakerna"" mot en viss person som låt säga varit""väldigt ond"" mot en nära vän. Poliskommissarien påstod att jag skrivit om min väns händelse i nån blogg, men detta är inget man skriver ut i bloggar o jag har naturligtvis inte gjort det. Så, hur f-n kan polisen veta det? Inget koppling alls, så jag tror min telefon har blivit avlyssnad! Det måste vara det ända sättet för dem att hitta kopplingen.  Jag har varit misstänkt för terrorist-brott, då är det väl inte så ovanligt att man avlyssnar telefoner?",0.3372783
"Jag var på polisförhör idag, ang. lite farliga saker jag har haft hemma, som hittades vid en husrannsakan. Jag erkände allt o är beredd att ta mitt straff. Men, polisen frågade om jag skulle använda de""farliga sakerna"" mot en viss person som låt säga varit""väldigt ond"" mot en nära vän. Poliskommissarien påstod att jag skrivit om min väns händelse i nån blogg, men detta är inget man skriver ut i bloggar o jag har naturligtvis inte gjort det. Så, hur f-n kan polisen veta det? Inget koppling alls, så jag tror min telefon har blivit avlyssnad! Det måste vara det ända sättet för dem att hitta kopplingen.  Jag har varit misstänkt för terrorist-brott, då är det väl inte så ovanligt att man avlyssnar telefoner?",0.5319107
"Jag var på polisförhör idag, ang. lite farliga saker jag har haft hemma, som hittades vid en husrannsakan. Jag erkände allt o är beredd att ta mitt straff. Men, polisen frågade om jag skulle använda de""farliga sakerna"" mot en viss person som låt säga varit""väldigt ond"" mot en nära vän. Poliskommissarien påstod att jag skrivit om min väns händelse i nån blogg, men detta är inget man skriver ut i bloggar o jag har naturligtvis inte gjort det. Så, hur f-n kan polisen veta det? Inget koppling alls, så jag tror min telefon har blivit avlyssnad! Det måste vara det ända sättet för dem att hitta kopplingen.  Jag har varit misstänkt för terrorist-brott, då är det väl inte så ovanligt att man avlyssnar telefoner?",0.40415418
"Jag var på polisförhör idag, ang. lite farliga saker jag har haft hemma, som hittades vid en husrannsakan. Jag erkände allt o är beredd att ta mitt straff. Men, polisen frågade om jag skulle använda de""farliga sakerna"" mot en viss person som låt säga varit""väldigt ond"" mot en nära vän. Poliskommissarien påstod att jag skrivit om min väns händelse i nån blogg, men detta är inget man skriver ut i bloggar o jag har naturligtvis inte gjort det. Så, hur f-n kan polisen veta det? Inget koppling alls, så jag tror min telefon har blivit avlyssnad! Det måste vara det ända sättet för dem att hitta kopplingen.  Jag har varit misstänkt för terrorist-brott, då är det väl inte så ovanligt att man avlyssnar telefoner?",0.64810526
"Jag var på polisförhör idag, ang. lite farliga saker jag har haft hemma, som hittades vid en husrannsakan. Jag erkände allt o är beredd att ta mitt straff. Men, polisen frågade om jag skulle använda de""farliga sakerna"" mot en viss person som låt säga varit""väldigt ond"" mot en nära vän. Poliskommissarien påstod att jag skrivit om min väns händelse i nån blogg, men detta är inget man skriver ut i bloggar o jag har naturligtvis inte gjort det. Så, hur f-n kan polisen veta det? Inget koppling alls, så jag tror min telefon har blivit avlyssnad! Det måste vara det ända sättet för dem att hitta kopplingen.  Jag har varit misstänkt för terrorist-brott, då är det väl inte så ovanligt att man avlyssnar telefoner?",0.6616303
"Jag var på polisförhör idag, ang. lite farliga saker jag har haft hemma, som hittades vid en husrannsakan. Jag erkände allt o är beredd att ta mitt straff. Men, polisen frågade om jag skulle använda de""farliga sakerna"" mot en viss person som låt säga varit""väldigt ond"" mot en nära vän. Poliskommissarien påstod att jag skrivit om min väns händelse i nån blogg, men detta är inget man skriver ut i bloggar o jag har naturligtvis inte gjort det. Så, hur f-n kan polisen veta det? Inget koppling alls, så jag tror min telefon har blivit avlyssnad! Det måste vara det ända sättet för dem att hitta kopplingen.  Jag har varit misstänkt för terrorist-brott, då är det väl inte så ovanligt att man avlyssnar telefoner?",0.6419436
Jag talade med en vän som berättade att det nyligen varit uppe i rätten angående några som hade anordnat en fest med slutet sällskap som polisen stoppat. Detta gick upp till rätten och enligt domen ska det ha dömts till arrangörernas fördel. Jag vet dock inte vart man kan hitta information om detta. Någon som känner till fallet och/eller eventuellt har information om vart jag kan tänkas hitta fallet?,0.32050315
Jag talade med en vän som berättade att det nyligen varit uppe i rätten angående några som hade anordnat en fest med slutet sällskap som polisen stoppat. Detta gick upp till rätten och enligt domen ska det ha dömts till arrangörernas fördel. Jag vet dock inte vart man kan hitta information om detta. Någon som känner till fallet och/eller eventuellt har information om vart jag kan tänkas hitta fallet?,0.2845365
Jag talade med en vän som berättade att det nyligen varit uppe i rätten angående några som hade anordnat en fest med slutet sällskap som polisen stoppat. Detta gick upp till rätten och enligt domen ska det ha dömts till arrangörernas fördel. Jag vet dock inte vart man kan hitta information om detta. Någon som känner till fallet och/eller eventuellt har information om vart jag kan tänkas hitta fallet?,0.21048102
Jag talade med en vän som berättade att det nyligen varit uppe i rätten angående några som hade anordnat en fest med slutet sällskap som polisen stoppat. Detta gick upp till rätten och enligt domen ska det ha dömts till arrangörernas fördel. Jag vet dock inte vart man kan hitta information om detta. Någon som känner till fallet och/eller eventuellt har information om vart jag kan tänkas hitta fallet?,0.2694504
Jag talade med en vän som berättade att det nyligen varit uppe i rätten angående några som hade anordnat en fest med slutet sällskap som polisen stoppat. Detta gick upp till rätten och enligt domen ska det ha dömts till arrangörernas fördel. Jag vet dock inte vart man kan hitta information om detta. Någon som känner till fallet och/eller eventuellt har information om vart jag kan tänkas hitta fallet?,0.35136384
"Hej! Hur hård är en""elitfotbollsplan"" egentligen jämfört med en vanlig fotbollsplan på valfri idrottsplats? Tycker bollarna verkar studsa så ruskigt högt hela tiden. Kan ju verkar vara lite konstigt att fråga om, men det är så att jag tycker min boll verkar studsa dåligt även om jag använder samma boll (Nike T90 Tracer) som i de flesta stora ligor. Hur hårt ska man pumpa bollen om man inte har någon tryckmätare? Ska den knappt gå att pressa ihop eller ska den vara lite mjukare? Det jag frågar är alltså om det är planens hårdhet eller rätt tryck i bollen som gör skillnaden i hur högt en boll studsar? Är ruskigt dåligt formulerat och kan låta dumt men jag hoppas ni förstår vad jag menar.",0.35521197
"Hej! Hur hård är en""elitfotbollsplan"" egentligen jämfört med en vanlig fotbollsplan på valfri idrottsplats? Tycker bollarna verkar studsa så ruskigt högt hela tiden. Kan ju verkar vara lite konstigt att fråga om, men det är så att jag tycker min boll verkar studsa dåligt även om jag använder samma boll (Nike T90 Tracer) som i de flesta stora ligor. Hur hårt ska man pumpa bollen om man inte har någon tryckmätare? Ska den knappt gå att pressa ihop eller ska den vara lite mjukare? Det jag frågar är alltså om det är planens hårdhet eller rätt tryck i bollen som gör skillnaden i hur högt en boll studsar? Är ruskigt dåligt formulerat och kan låta dumt men jag hoppas ni förstår vad jag menar.",0.69891953
"Hej! Hur hård är en""elitfotbollsplan"" egentligen jämfört med en vanlig fotbollsplan på valfri idrottsplats? Tycker bollarna verkar studsa så ruskigt högt hela tiden. Kan ju verkar vara lite konstigt att fråga om, men det är så att jag tycker min boll verkar studsa dåligt även om jag använder samma boll (Nike T90 Tracer) som i de flesta stora ligor. Hur hårt ska man pumpa bollen om man inte har någon tryckmätare? Ska den knappt gå att pressa ihop eller ska den vara lite mjukare? Det jag frågar är alltså om det är planens hårdhet eller rätt tryck i bollen som gör skillnaden i hur högt en boll studsar? Är ruskigt dåligt formulerat och kan låta dumt men jag hoppas ni förstår vad jag menar.",0.4839496
"Hej! Hur hård är en""elitfotbollsplan"" egentligen jämfört med en vanlig fotbollsplan på valfri idrottsplats? Tycker bollarna verkar studsa så ruskigt högt hela tiden. Kan ju verkar vara lite konstigt att fråga om, men det är så att jag tycker min boll verkar studsa dåligt även om jag använder samma boll (Nike T90 Tracer) som i de flesta stora ligor. Hur hårt ska man pumpa bollen om man inte har någon tryckmätare? Ska den knappt gå att pressa ihop eller ska den vara lite mjukare? Det jag frågar är alltså om det är planens hårdhet eller rätt tryck i bollen som gör skillnaden i hur högt en boll studsar? Är ruskigt dåligt formulerat och kan låta dumt men jag hoppas ni förstår vad jag menar.",0.6263832
"Hej! Hur hård är en""elitfotbollsplan"" egentligen jämfört med en vanlig fotbollsplan på valfri idrottsplats? Tycker bollarna verkar studsa så ruskigt högt hela tiden. Kan ju verkar vara lite konstigt att fråga om, men det är så att jag tycker min boll verkar studsa dåligt även om jag använder samma boll (Nike T90 Tracer) som i de flesta stora ligor. Hur hårt ska man pumpa bollen om man inte har någon tryckmätare? Ska den knappt gå att pressa ihop eller ska den vara lite mjukare? Det jag frågar är alltså om det är planens hårdhet eller rätt tryck i bollen som gör skillnaden i hur högt en boll studsar? Är ruskigt dåligt formulerat och kan låta dumt men jag hoppas ni förstår vad jag menar.",0.5718159
"Alright, jag och ett kompisgäng ska snart iväg till Magaluf och jag funderade på att förgylla resan med lite weed. Jag hade då tänkt att jag tar weedet i en liten ziplock plastpåse, som jag sedan stoppar in i en fylld schampoflaska eller dylikt (flaskan är självklart opak). Flaskan kommer ligga i en väska som jag checkar in. Jag antar att det inte kommer lukta något alls om jag ser till att tvätta flaskans utsida ordentlig och kanske även lägga flaskan i en plastpåse? Inte fan kommer dom se någonting via röntgen heller, tror ni det skulle funka? Det andra jag undrar över är reglerna för att ta med sig alkohol till Sverige. Om jag vill ta med mig några flaskor sprit från Magaluf, säg 5-6, finns det något som står i vägen för det? Lägg märke till att jag bara är 18, antar att detta påverkar. Uppskattar alla svar och tips!",0.47248518
"Alright, jag och ett kompisgäng ska snart iväg till Magaluf och jag funderade på att förgylla resan med lite weed. Jag hade då tänkt att jag tar weedet i en liten ziplock plastpåse, som jag sedan stoppar in i en fylld schampoflaska eller dylikt (flaskan är självklart opak). Flaskan kommer ligga i en väska som jag checkar in. Jag antar att det inte kommer lukta något alls om jag ser till att tvätta flaskans utsida ordentlig och kanske även lägga flaskan i en plastpåse? Inte fan kommer dom se någonting via röntgen heller, tror ni det skulle funka? Det andra jag undrar över är reglerna för att ta med sig alkohol till Sverige. Om jag vill ta med mig några flaskor sprit från Magaluf, säg 5-6, finns det något som står i vägen för det? Lägg märke till att jag bara är 18, antar att detta påverkar. Uppskattar alla svar och tips!",0.4690527
"Alright, jag och ett kompisgäng ska snart iväg till Magaluf och jag funderade på att förgylla resan med lite weed. Jag hade då tänkt att jag tar weedet i en liten ziplock plastpåse, som jag sedan stoppar in i en fylld schampoflaska eller dylikt (flaskan är självklart opak). Flaskan kommer ligga i en väska som jag checkar in. Jag antar att det inte kommer lukta något alls om jag ser till att tvätta flaskans utsida ordentlig och kanske även lägga flaskan i en plastpåse? Inte fan kommer dom se någonting via röntgen heller, tror ni det skulle funka? Det andra jag undrar över är reglerna för att ta med sig alkohol till Sverige. Om jag vill ta med mig några flaskor sprit från Magaluf, säg 5-6, finns det något som står i vägen för det? Lägg märke till att jag bara är 18, antar att detta påverkar. Uppskattar alla svar och tips!",0.56294614
"Alright, jag och ett kompisgäng ska snart iväg till Magaluf och jag funderade på att förgylla resan med lite weed. Jag hade då tänkt att jag tar weedet i en liten ziplock plastpåse, som jag sedan stoppar in i en fylld schampoflaska eller dylikt (flaskan är självklart opak). Flaskan kommer ligga i en väska som jag checkar in. Jag antar att det inte kommer lukta något alls om jag ser till att tvätta flaskans utsida ordentlig och kanske även lägga flaskan i en plastpåse? Inte fan kommer dom se någonting via röntgen heller, tror ni det skulle funka? Det andra jag undrar över är reglerna för att ta med sig alkohol till Sverige. Om jag vill ta med mig några flaskor sprit från Magaluf, säg 5-6, finns det något som står i vägen för det? Lägg märke till att jag bara är 18, antar att detta påverkar. Uppskattar alla svar och tips!",0.37498456
"Alright, jag och ett kompisgäng ska snart iväg till Magaluf och jag funderade på att förgylla resan med lite weed. Jag hade då tänkt att jag tar weedet i en liten ziplock plastpåse, som jag sedan stoppar in i en fylld schampoflaska eller dylikt (flaskan är självklart opak). Flaskan kommer ligga i en väska som jag checkar in. Jag antar att det inte kommer lukta något alls om jag ser till att tvätta flaskans utsida ordentlig och kanske även lägga flaskan i en plastpåse? Inte fan kommer dom se någonting via röntgen heller, tror ni det skulle funka? Det andra jag undrar över är reglerna för att ta med sig alkohol till Sverige. Om jag vill ta med mig några flaskor sprit från Magaluf, säg 5-6, finns det något som står i vägen för det? Lägg märke till att jag bara är 18, antar att detta påverkar. Uppskattar alla svar och tips!",0.5845666
"Alright, jag och ett kompisgäng ska snart iväg till Magaluf och jag funderade på att förgylla resan med lite weed. Jag hade då tänkt att jag tar weedet i en liten ziplock plastpåse, som jag sedan stoppar in i en fylld schampoflaska eller dylikt (flaskan är självklart opak). Flaskan kommer ligga i en väska som jag checkar in. Jag antar att det inte kommer lukta något alls om jag ser till att tvätta flaskans utsida ordentlig och kanske även lägga flaskan i en plastpåse? Inte fan kommer dom se någonting via röntgen heller, tror ni det skulle funka? Det andra jag undrar över är reglerna för att ta med sig alkohol till Sverige. Om jag vill ta med mig några flaskor sprit från Magaluf, säg 5-6, finns det något som står i vägen för det? Lägg märke till att jag bara är 18, antar att detta påverkar. Uppskattar alla svar och tips!",0.4570767
"Alright, jag och ett kompisgäng ska snart iväg till Magaluf och jag funderade på att förgylla resan med lite weed. Jag hade då tänkt att jag tar weedet i en liten ziplock plastpåse, som jag sedan stoppar in i en fylld schampoflaska eller dylikt (flaskan är självklart opak). Flaskan kommer ligga i en väska som jag checkar in. Jag antar att det inte kommer lukta något alls om jag ser till att tvätta flaskans utsida ordentlig och kanske även lägga flaskan i en plastpåse? Inte fan kommer dom se någonting via röntgen heller, tror ni det skulle funka? Det andra jag undrar över är reglerna för att ta med sig alkohol till Sverige. Om jag vill ta med mig några flaskor sprit från Magaluf, säg 5-6, finns det något som står i vägen för det? Lägg märke till att jag bara är 18, antar att detta påverkar. Uppskattar alla svar och tips!",0.58402586
"Alright, jag och ett kompisgäng ska snart iväg till Magaluf och jag funderade på att förgylla resan med lite weed. Jag hade då tänkt att jag tar weedet i en liten ziplock plastpåse, som jag sedan stoppar in i en fylld schampoflaska eller dylikt (flaskan är självklart opak). Flaskan kommer ligga i en väska som jag checkar in. Jag antar att det inte kommer lukta något alls om jag ser till att tvätta flaskans utsida ordentlig och kanske även lägga flaskan i en plastpåse? Inte fan kommer dom se någonting via röntgen heller, tror ni det skulle funka? Det andra jag undrar över är reglerna för att ta med sig alkohol till Sverige. Om jag vill ta med mig några flaskor sprit från Magaluf, säg 5-6, finns det något som står i vägen för det? Lägg märke till att jag bara är 18, antar att detta påverkar. Uppskattar alla svar och tips!",0.47144362
"Alright, jag och ett kompisgäng ska snart iväg till Magaluf och jag funderade på att förgylla resan med lite weed. Jag hade då tänkt att jag tar weedet i en liten ziplock plastpåse, som jag sedan stoppar in i en fylld schampoflaska eller dylikt (flaskan är självklart opak). Flaskan kommer ligga i en väska som jag checkar in. Jag antar att det inte kommer lukta något alls om jag ser till att tvätta flaskans utsida ordentlig och kanske även lägga flaskan i en plastpåse? Inte fan kommer dom se någonting via röntgen heller, tror ni det skulle funka? Det andra jag undrar över är reglerna för att ta med sig alkohol till Sverige. Om jag vill ta med mig några flaskor sprit från Magaluf, säg 5-6, finns det något som står i vägen för det? Lägg märke till att jag bara är 18, antar att detta påverkar. Uppskattar alla svar och tips!",0.58499324
"Alright, jag och ett kompisgäng ska snart iväg till Magaluf och jag funderade på att förgylla resan med lite weed. Jag hade då tänkt att jag tar weedet i en liten ziplock plastpåse, som jag sedan stoppar in i en fylld schampoflaska eller dylikt (flaskan är självklart opak). Flaskan kommer ligga i en väska som jag checkar in. Jag antar att det inte kommer lukta något alls om jag ser till att tvätta flaskans utsida ordentlig och kanske även lägga flaskan i en plastpåse? Inte fan kommer dom se någonting via röntgen heller, tror ni det skulle funka? Det andra jag undrar över är reglerna för att ta med sig alkohol till Sverige. Om jag vill ta med mig några flaskor sprit från Magaluf, säg 5-6, finns det något som står i vägen för det? Lägg märke till att jag bara är 18, antar att detta påverkar. Uppskattar alla svar och tips!",0.506138
"Alright, jag och ett kompisgäng ska snart iväg till Magaluf och jag funderade på att förgylla resan med lite weed. Jag hade då tänkt att jag tar weedet i en liten ziplock plastpåse, som jag sedan stoppar in i en fylld schampoflaska eller dylikt (flaskan är självklart opak). Flaskan kommer ligga i en väska som jag checkar in. Jag antar att det inte kommer lukta något alls om jag ser till att tvätta flaskans utsida ordentlig och kanske även lägga flaskan i en plastpåse? Inte fan kommer dom se någonting via röntgen heller, tror ni det skulle funka? Det andra jag undrar över är reglerna för att ta med sig alkohol till Sverige. Om jag vill ta med mig några flaskor sprit från Magaluf, säg 5-6, finns det något som står i vägen för det? Lägg märke till att jag bara är 18, antar att detta påverkar. Uppskattar alla svar och tips!",0.41275293
"Alright, jag och ett kompisgäng ska snart iväg till Magaluf och jag funderade på att förgylla resan med lite weed. Jag hade då tänkt att jag tar weedet i en liten ziplock plastpåse, som jag sedan stoppar in i en fylld schampoflaska eller dylikt (flaskan är självklart opak). Flaskan kommer ligga i en väska som jag checkar in. Jag antar att det inte kommer lukta något alls om jag ser till att tvätta flaskans utsida ordentlig och kanske även lägga flaskan i en plastpåse? Inte fan kommer dom se någonting via röntgen heller, tror ni det skulle funka? Det andra jag undrar över är reglerna för att ta med sig alkohol till Sverige. Om jag vill ta med mig några flaskor sprit från Magaluf, säg 5-6, finns det något som står i vägen för det? Lägg märke till att jag bara är 18, antar att detta påverkar. Uppskattar alla svar och tips!",0.3152073
"Alright, jag och ett kompisgäng ska snart iväg till Magaluf och jag funderade på att förgylla resan med lite weed. Jag hade då tänkt att jag tar weedet i en liten ziplock plastpåse, som jag sedan stoppar in i en fylld schampoflaska eller dylikt (flaskan är självklart opak). Flaskan kommer ligga i en väska som jag checkar in. Jag antar att det inte kommer lukta något alls om jag ser till att tvätta flaskans utsida ordentlig och kanske även lägga flaskan i en plastpåse? Inte fan kommer dom se någonting via röntgen heller, tror ni det skulle funka? Det andra jag undrar över är reglerna för att ta med sig alkohol till Sverige. Om jag vill ta med mig några flaskor sprit från Magaluf, säg 5-6, finns det något som står i vägen för det? Lägg märke till att jag bara är 18, antar att detta påverkar. Uppskattar alla svar och tips!",0.48851618
"Alright, jag och ett kompisgäng ska snart iväg till Magaluf och jag funderade på att förgylla resan med lite weed. Jag hade då tänkt att jag tar weedet i en liten ziplock plastpåse, som jag sedan stoppar in i en fylld schampoflaska eller dylikt (flaskan är självklart opak). Flaskan kommer ligga i en väska som jag checkar in. Jag antar att det inte kommer lukta något alls om jag ser till att tvätta flaskans utsida ordentlig och kanske även lägga flaskan i en plastpåse? Inte fan kommer dom se någonting via röntgen heller, tror ni det skulle funka? Det andra jag undrar över är reglerna för att ta med sig alkohol till Sverige. Om jag vill ta med mig några flaskor sprit från Magaluf, säg 5-6, finns det något som står i vägen för det? Lägg märke till att jag bara är 18, antar att detta påverkar. Uppskattar alla svar och tips!",0.5087722
"Alright, jag och ett kompisgäng ska snart iväg till Magaluf och jag funderade på att förgylla resan med lite weed. Jag hade då tänkt att jag tar weedet i en liten ziplock plastpåse, som jag sedan stoppar in i en fylld schampoflaska eller dylikt (flaskan är självklart opak). Flaskan kommer ligga i en väska som jag checkar in. Jag antar att det inte kommer lukta något alls om jag ser till att tvätta flaskans utsida ordentlig och kanske även lägga flaskan i en plastpåse? Inte fan kommer dom se någonting via röntgen heller, tror ni det skulle funka? Det andra jag undrar över är reglerna för att ta med sig alkohol till Sverige. Om jag vill ta med mig några flaskor sprit från Magaluf, säg 5-6, finns det något som står i vägen för det? Lägg märke till att jag bara är 18, antar att detta påverkar. Uppskattar alla svar och tips!",0.5547265
"Alright, jag och ett kompisgäng ska snart iväg till Magaluf och jag funderade på att förgylla resan med lite weed. Jag hade då tänkt att jag tar weedet i en liten ziplock plastpåse, som jag sedan stoppar in i en fylld schampoflaska eller dylikt (flaskan är självklart opak). Flaskan kommer ligga i en väska som jag checkar in. Jag antar att det inte kommer lukta något alls om jag ser till att tvätta flaskans utsida ordentlig och kanske även lägga flaskan i en plastpåse? Inte fan kommer dom se någonting via röntgen heller, tror ni det skulle funka? Det andra jag undrar över är reglerna för att ta med sig alkohol till Sverige. Om jag vill ta med mig några flaskor sprit från Magaluf, säg 5-6, finns det något som står i vägen för det? Lägg märke till att jag bara är 18, antar att detta påverkar. Uppskattar alla svar och tips!",0.6948679
"Alright, jag och ett kompisgäng ska snart iväg till Magaluf och jag funderade på att förgylla resan med lite weed. Jag hade då tänkt att jag tar weedet i en liten ziplock plastpåse, som jag sedan stoppar in i en fylld schampoflaska eller dylikt (flaskan är självklart opak). Flaskan kommer ligga i en väska som jag checkar in. Jag antar att det inte kommer lukta något alls om jag ser till att tvätta flaskans utsida ordentlig och kanske även lägga flaskan i en plastpåse? Inte fan kommer dom se någonting via röntgen heller, tror ni det skulle funka? Det andra jag undrar över är reglerna för att ta med sig alkohol till Sverige. Om jag vill ta med mig några flaskor sprit från Magaluf, säg 5-6, finns det något som står i vägen för det? Lägg märke till att jag bara är 18, antar att detta påverkar. Uppskattar alla svar och tips!",0.36724088
"Alright, jag och ett kompisgäng ska snart iväg till Magaluf och jag funderade på att förgylla resan med lite weed. Jag hade då tänkt att jag tar weedet i en liten ziplock plastpåse, som jag sedan stoppar in i en fylld schampoflaska eller dylikt (flaskan är självklart opak). Flaskan kommer ligga i en väska som jag checkar in. Jag antar att det inte kommer lukta något alls om jag ser till att tvätta flaskans utsida ordentlig och kanske även lägga flaskan i en plastpåse? Inte fan kommer dom se någonting via röntgen heller, tror ni det skulle funka? Det andra jag undrar över är reglerna för att ta med sig alkohol till Sverige. Om jag vill ta med mig några flaskor sprit från Magaluf, säg 5-6, finns det något som står i vägen för det? Lägg märke till att jag bara är 18, antar att detta påverkar. Uppskattar alla svar och tips!",0.42007464
"The title says it all, tänkte om nån visste varför?",0.25976437
"The title says it all, tänkte om nån visste varför?",0.14201859
"The title says it all, tänkte om nån visste varför?",0.17715034
"The title says it all, tänkte om nån visste varför?",0.23683804
"The title says it all, tänkte om nån visste varför?",0.28642732
"The title says it all, tänkte om nån visste varför?",0.26145458
"The title says it all, tänkte om nån visste varför?",0.17817387
"The title says it all, tänkte om nån visste varför?",0.17395371
"The title says it all, tänkte om nån visste varför?",0.088493764
"The title says it all, tänkte om nån visste varför?",0.30520797
"The title says it all, tänkte om nån visste varför?",0.41688716
"The title says it all, tänkte om nån visste varför?",0.20321676
"The title says it all, tänkte om nån visste varför?",0.116229706
"The title says it all, tänkte om nån visste varför?",0.11161856
"The title says it all, tänkte om nån visste varför?",0.2707258
"Nån som vet vart man hittar schyssta modeller? Vill ha ungt och fräscht till lesbisk porr, har kollat runt lite men det är ju fan omöjligt att hitta nåt med sökmotor när det är porr inblandat. tacksam om nån har lite info",0.54767907
"Nån som vet vart man hittar schyssta modeller? Vill ha ungt och fräscht till lesbisk porr, har kollat runt lite men det är ju fan omöjligt att hitta nåt med sökmotor när det är porr inblandat. tacksam om nån har lite info",0.047959544
"Nån som vet vart man hittar schyssta modeller? Vill ha ungt och fräscht till lesbisk porr, har kollat runt lite men det är ju fan omöjligt att hitta nåt med sökmotor när det är porr inblandat. tacksam om nån har lite info",0.3968907
"Nån som vet vart man hittar schyssta modeller? Vill ha ungt och fräscht till lesbisk porr, har kollat runt lite men det är ju fan omöjligt att hitta nåt med sökmotor när det är porr inblandat. tacksam om nån har lite info",0.19510612
"Nån som vet vart man hittar schyssta modeller? Vill ha ungt och fräscht till lesbisk porr, har kollat runt lite men det är ju fan omöjligt att hitta nåt med sökmotor när det är porr inblandat. tacksam om nån har lite info",0.7079476
"Nån som vet vart man hittar schyssta modeller? Vill ha ungt och fräscht till lesbisk porr, har kollat runt lite men det är ju fan omöjligt att hitta nåt med sökmotor när det är porr inblandat. tacksam om nån har lite info",0.33386236
"Nån som vet vart man hittar schyssta modeller? Vill ha ungt och fräscht till lesbisk porr, har kollat runt lite men det är ju fan omöjligt att hitta nåt med sökmotor när det är porr inblandat. tacksam om nån har lite info",0.36280113
"Nån som vet vart man hittar schyssta modeller? Vill ha ungt och fräscht till lesbisk porr, har kollat runt lite men det är ju fan omöjligt att hitta nåt med sökmotor när det är porr inblandat. tacksam om nån har lite info",0.22606641
"Nån som vet vart man hittar schyssta modeller? Vill ha ungt och fräscht till lesbisk porr, har kollat runt lite men det är ju fan omöjligt att hitta nåt med sökmotor när det är porr inblandat. tacksam om nån har lite info",0.2805289
"Finns det någon annan bra röst än denna microsoft sam eller vad dem heter, som man hör på att dem låter helt robotaktiga. Tänkte ha på en video ett par röster kanske. Då jag inte själv har bra röst & mikrofon och inte känner någon som har något av det och inte tänker betala någon okänd att göra det (då det ändå inte kommer vara SÅ seriöst), så funderar jag på om det finns något program där jag kan mixtra ihop någon robotröst. Helst ingen robotaktig, om det är det, så ska det helst också vara en tjejröst, en snygg   (på den där sidan som var postad på FB förut, kommer inte ihåg vart, iaf var det ett sammarbetespel som massa FB'are spelade där man skulle göra några uppgifter och försöka göra så inte den framför en dör, då dör hela ledet på 4 pers), på den sidan fanns det någon snygg röst, som lät lite som en robot (fast var säkert inspelad och editerad). Iallafall något annat än denna microsoft sam osv.",0.440402
"Finns det någon annan bra röst än denna microsoft sam eller vad dem heter, som man hör på att dem låter helt robotaktiga. Tänkte ha på en video ett par röster kanske. Då jag inte själv har bra röst & mikrofon och inte känner någon som har något av det och inte tänker betala någon okänd att göra det (då det ändå inte kommer vara SÅ seriöst), så funderar jag på om det finns något program där jag kan mixtra ihop någon robotröst. Helst ingen robotaktig, om det är det, så ska det helst också vara en tjejröst, en snygg   (på den där sidan som var postad på FB förut, kommer inte ihåg vart, iaf var det ett sammarbetespel som massa FB'are spelade där man skulle göra några uppgifter och försöka göra så inte den framför en dör, då dör hela ledet på 4 pers), på den sidan fanns det någon snygg röst, som lät lite som en robot (fast var säkert inspelad och editerad). Iallafall något annat än denna microsoft sam osv.",0.525541
"Finns det någon annan bra röst än denna microsoft sam eller vad dem heter, som man hör på att dem låter helt robotaktiga. Tänkte ha på en video ett par röster kanske. Då jag inte själv har bra röst & mikrofon och inte känner någon som har något av det och inte tänker betala någon okänd att göra det (då det ändå inte kommer vara SÅ seriöst), så funderar jag på om det finns något program där jag kan mixtra ihop någon robotröst. Helst ingen robotaktig, om det är det, så ska det helst också vara en tjejröst, en snygg   (på den där sidan som var postad på FB förut, kommer inte ihåg vart, iaf var det ett sammarbetespel som massa FB'are spelade där man skulle göra några uppgifter och försöka göra så inte den framför en dör, då dör hela ledet på 4 pers), på den sidan fanns det någon snygg röst, som lät lite som en robot (fast var säkert inspelad och editerad). Iallafall något annat än denna microsoft sam osv.",0.398104
"Finns det någon annan bra röst än denna microsoft sam eller vad dem heter, som man hör på att dem låter helt robotaktiga. Tänkte ha på en video ett par röster kanske. Då jag inte själv har bra röst & mikrofon och inte känner någon som har något av det och inte tänker betala någon okänd att göra det (då det ändå inte kommer vara SÅ seriöst), så funderar jag på om det finns något program där jag kan mixtra ihop någon robotröst. Helst ingen robotaktig, om det är det, så ska det helst också vara en tjejröst, en snygg   (på den där sidan som var postad på FB förut, kommer inte ihåg vart, iaf var det ett sammarbetespel som massa FB'are spelade där man skulle göra några uppgifter och försöka göra så inte den framför en dör, då dör hela ledet på 4 pers), på den sidan fanns det någon snygg röst, som lät lite som en robot (fast var säkert inspelad och editerad). Iallafall något annat än denna microsoft sam osv.",0.33051527
"Finns det någon annan bra röst än denna microsoft sam eller vad dem heter, som man hör på att dem låter helt robotaktiga. Tänkte ha på en video ett par röster kanske. Då jag inte själv har bra röst & mikrofon och inte känner någon som har något av det och inte tänker betala någon okänd att göra det (då det ändå inte kommer vara SÅ seriöst), så funderar jag på om det finns något program där jag kan mixtra ihop någon robotröst. Helst ingen robotaktig, om det är det, så ska det helst också vara en tjejröst, en snygg   (på den där sidan som var postad på FB förut, kommer inte ihåg vart, iaf var det ett sammarbetespel som massa FB'are spelade där man skulle göra några uppgifter och försöka göra så inte den framför en dör, då dör hela ledet på 4 pers), på den sidan fanns det någon snygg röst, som lät lite som en robot (fast var säkert inspelad och editerad). Iallafall något annat än denna microsoft sam osv.",0.1828272
"Finns det någon annan bra röst än denna microsoft sam eller vad dem heter, som man hör på att dem låter helt robotaktiga. Tänkte ha på en video ett par röster kanske. Då jag inte själv har bra röst & mikrofon och inte känner någon som har något av det och inte tänker betala någon okänd att göra det (då det ändå inte kommer vara SÅ seriöst), så funderar jag på om det finns något program där jag kan mixtra ihop någon robotröst. Helst ingen robotaktig, om det är det, så ska det helst också vara en tjejröst, en snygg   (på den där sidan som var postad på FB förut, kommer inte ihåg vart, iaf var det ett sammarbetespel som massa FB'are spelade där man skulle göra några uppgifter och försöka göra så inte den framför en dör, då dör hela ledet på 4 pers), på den sidan fanns det någon snygg röst, som lät lite som en robot (fast var säkert inspelad och editerad). Iallafall något annat än denna microsoft sam osv.",0.25024503
"Finns det någon annan bra röst än denna microsoft sam eller vad dem heter, som man hör på att dem låter helt robotaktiga. Tänkte ha på en video ett par röster kanske. Då jag inte själv har bra röst & mikrofon och inte känner någon som har något av det och inte tänker betala någon okänd att göra det (då det ändå inte kommer vara SÅ seriöst), så funderar jag på om det finns något program där jag kan mixtra ihop någon robotröst. Helst ingen robotaktig, om det är det, så ska det helst också vara en tjejröst, en snygg   (på den där sidan som var postad på FB förut, kommer inte ihåg vart, iaf var det ett sammarbetespel som massa FB'are spelade där man skulle göra några uppgifter och försöka göra så inte den framför en dör, då dör hela ledet på 4 pers), på den sidan fanns det någon snygg röst, som lät lite som en robot (fast var säkert inspelad och editerad). Iallafall något annat än denna microsoft sam osv.",0.30558133
"Finns det någon annan bra röst än denna microsoft sam eller vad dem heter, som man hör på att dem låter helt robotaktiga. Tänkte ha på en video ett par röster kanske. Då jag inte själv har bra röst & mikrofon och inte känner någon som har något av det och inte tänker betala någon okänd att göra det (då det ändå inte kommer vara SÅ seriöst), så funderar jag på om det finns något program där jag kan mixtra ihop någon robotröst. Helst ingen robotaktig, om det är det, så ska det helst också vara en tjejröst, en snygg   (på den där sidan som var postad på FB förut, kommer inte ihåg vart, iaf var det ett sammarbetespel som massa FB'are spelade där man skulle göra några uppgifter och försöka göra så inte den framför en dör, då dör hela ledet på 4 pers), på den sidan fanns det någon snygg röst, som lät lite som en robot (fast var säkert inspelad och editerad). Iallafall något annat än denna microsoft sam osv.",0.41226518
"Finns det någon annan bra röst än denna microsoft sam eller vad dem heter, som man hör på att dem låter helt robotaktiga. Tänkte ha på en video ett par röster kanske. Då jag inte själv har bra röst & mikrofon och inte känner någon som har något av det och inte tänker betala någon okänd att göra det (då det ändå inte kommer vara SÅ seriöst), så funderar jag på om det finns något program där jag kan mixtra ihop någon robotröst. Helst ingen robotaktig, om det är det, så ska det helst också vara en tjejröst, en snygg   (på den där sidan som var postad på FB förut, kommer inte ihåg vart, iaf var det ett sammarbetespel som massa FB'are spelade där man skulle göra några uppgifter och försöka göra så inte den framför en dör, då dör hela ledet på 4 pers), på den sidan fanns det någon snygg röst, som lät lite som en robot (fast var säkert inspelad och editerad). Iallafall något annat än denna microsoft sam osv.",0.2804457
"Finns det någon annan bra röst än denna microsoft sam eller vad dem heter, som man hör på att dem låter helt robotaktiga. Tänkte ha på en video ett par röster kanske. Då jag inte själv har bra röst & mikrofon och inte känner någon som har något av det och inte tänker betala någon okänd att göra det (då det ändå inte kommer vara SÅ seriöst), så funderar jag på om det finns något program där jag kan mixtra ihop någon robotröst. Helst ingen robotaktig, om det är det, så ska det helst också vara en tjejröst, en snygg   (på den där sidan som var postad på FB förut, kommer inte ihåg vart, iaf var det ett sammarbetespel som massa FB'are spelade där man skulle göra några uppgifter och försöka göra så inte den framför en dör, då dör hela ledet på 4 pers), på den sidan fanns det någon snygg röst, som lät lite som en robot (fast var säkert inspelad och editerad). Iallafall något annat än denna microsoft sam osv.",0.30222523
"Finns det någon annan bra röst än denna microsoft sam eller vad dem heter, som man hör på att dem låter helt robotaktiga. Tänkte ha på en video ett par röster kanske. Då jag inte själv har bra röst & mikrofon och inte känner någon som har något av det och inte tänker betala någon okänd att göra det (då det ändå inte kommer vara SÅ seriöst), så funderar jag på om det finns något program där jag kan mixtra ihop någon robotröst. Helst ingen robotaktig, om det är det, så ska det helst också vara en tjejröst, en snygg   (på den där sidan som var postad på FB förut, kommer inte ihåg vart, iaf var det ett sammarbetespel som massa FB'are spelade där man skulle göra några uppgifter och försöka göra så inte den framför en dör, då dör hela ledet på 4 pers), på den sidan fanns det någon snygg röst, som lät lite som en robot (fast var säkert inspelad och editerad). Iallafall något annat än denna microsoft sam osv.",0.44883162
"Finns det någon annan bra röst än denna microsoft sam eller vad dem heter, som man hör på att dem låter helt robotaktiga. Tänkte ha på en video ett par röster kanske. Då jag inte själv har bra röst & mikrofon och inte känner någon som har något av det och inte tänker betala någon okänd att göra det (då det ändå inte kommer vara SÅ seriöst), så funderar jag på om det finns något program där jag kan mixtra ihop någon robotröst. Helst ingen robotaktig, om det är det, så ska det helst också vara en tjejröst, en snygg   (på den där sidan som var postad på FB förut, kommer inte ihåg vart, iaf var det ett sammarbetespel som massa FB'are spelade där man skulle göra några uppgifter och försöka göra så inte den framför en dör, då dör hela ledet på 4 pers), på den sidan fanns det någon snygg röst, som lät lite som en robot (fast var säkert inspelad och editerad). Iallafall något annat än denna microsoft sam osv.",0.26685557
"Finns det någon annan bra röst än denna microsoft sam eller vad dem heter, som man hör på att dem låter helt robotaktiga. Tänkte ha på en video ett par röster kanske. Då jag inte själv har bra röst & mikrofon och inte känner någon som har något av det och inte tänker betala någon okänd att göra det (då det ändå inte kommer vara SÅ seriöst), så funderar jag på om det finns något program där jag kan mixtra ihop någon robotröst. Helst ingen robotaktig, om det är det, så ska det helst också vara en tjejröst, en snygg   (på den där sidan som var postad på FB förut, kommer inte ihåg vart, iaf var det ett sammarbetespel som massa FB'are spelade där man skulle göra några uppgifter och försöka göra så inte den framför en dör, då dör hela ledet på 4 pers), på den sidan fanns det någon snygg röst, som lät lite som en robot (fast var säkert inspelad och editerad). Iallafall något annat än denna microsoft sam osv.",0.07095438
"Finns det någon annan bra röst än denna microsoft sam eller vad dem heter, som man hör på att dem låter helt robotaktiga. Tänkte ha på en video ett par röster kanske. Då jag inte själv har bra röst & mikrofon och inte känner någon som har något av det och inte tänker betala någon okänd att göra det (då det ändå inte kommer vara SÅ seriöst), så funderar jag på om det finns något program där jag kan mixtra ihop någon robotröst. Helst ingen robotaktig, om det är det, så ska det helst också vara en tjejröst, en snygg   (på den där sidan som var postad på FB förut, kommer inte ihåg vart, iaf var det ett sammarbetespel som massa FB'are spelade där man skulle göra några uppgifter och försöka göra så inte den framför en dör, då dör hela ledet på 4 pers), på den sidan fanns det någon snygg röst, som lät lite som en robot (fast var säkert inspelad och editerad). Iallafall något annat än denna microsoft sam osv.",0.29927704
"Är så att jag har ätit koffeintabletter nu några dagar och har märkt att jag har blivit lugnare och kunnat koncentrera mig bättre. Jag brukar annars lida av ångest m.m. men efter att jag tagit några koffeintabletter tänker jag mer koncetrerat när det gäller studier och annat. Det kommer inte upp lika mycket negativa tankar heller. Vad är det koffeinet gör så att jag mår bra? Har läst runt lite och tydligen ska koffein kunna skapa mer ångest, men har inte sett något om att det dämpar det. Kan det här betyda att koffeinet släpper ut något hormon eller liknande som jag har brit av annars, vad gör koffeinet med mig?",0.7183717
"Är så att jag har ätit koffeintabletter nu några dagar och har märkt att jag har blivit lugnare och kunnat koncentrera mig bättre. Jag brukar annars lida av ångest m.m. men efter att jag tagit några koffeintabletter tänker jag mer koncetrerat när det gäller studier och annat. Det kommer inte upp lika mycket negativa tankar heller. Vad är det koffeinet gör så att jag mår bra? Har läst runt lite och tydligen ska koffein kunna skapa mer ångest, men har inte sett något om att det dämpar det. Kan det här betyda att koffeinet släpper ut något hormon eller liknande som jag har brit av annars, vad gör koffeinet med mig?",0.72509694
"Är så att jag har ätit koffeintabletter nu några dagar och har märkt att jag har blivit lugnare och kunnat koncentrera mig bättre. Jag brukar annars lida av ångest m.m. men efter att jag tagit några koffeintabletter tänker jag mer koncetrerat när det gäller studier och annat. Det kommer inte upp lika mycket negativa tankar heller. Vad är det koffeinet gör så att jag mår bra? Har läst runt lite och tydligen ska koffein kunna skapa mer ångest, men har inte sett något om att det dämpar det. Kan det här betyda att koffeinet släpper ut något hormon eller liknande som jag har brit av annars, vad gör koffeinet med mig?",0.69692993
"Är så att jag har ätit koffeintabletter nu några dagar och har märkt att jag har blivit lugnare och kunnat koncentrera mig bättre. Jag brukar annars lida av ångest m.m. men efter att jag tagit några koffeintabletter tänker jag mer koncetrerat när det gäller studier och annat. Det kommer inte upp lika mycket negativa tankar heller. Vad är det koffeinet gör så att jag mår bra? Har läst runt lite och tydligen ska koffein kunna skapa mer ångest, men har inte sett något om att det dämpar det. Kan det här betyda att koffeinet släpper ut något hormon eller liknande som jag har brit av annars, vad gör koffeinet med mig?",0.6115253
"Är så att jag har ätit koffeintabletter nu några dagar och har märkt att jag har blivit lugnare och kunnat koncentrera mig bättre. Jag brukar annars lida av ångest m.m. men efter att jag tagit några koffeintabletter tänker jag mer koncetrerat när det gäller studier och annat. Det kommer inte upp lika mycket negativa tankar heller. Vad är det koffeinet gör så att jag mår bra? Har läst runt lite och tydligen ska koffein kunna skapa mer ångest, men har inte sett något om att det dämpar det. Kan det här betyda att koffeinet släpper ut något hormon eller liknande som jag har brit av annars, vad gör koffeinet med mig?",0.62886465
"Är så att jag har ätit koffeintabletter nu några dagar och har märkt att jag har blivit lugnare och kunnat koncentrera mig bättre. Jag brukar annars lida av ångest m.m. men efter att jag tagit några koffeintabletter tänker jag mer koncetrerat när det gäller studier och annat. Det kommer inte upp lika mycket negativa tankar heller. Vad är det koffeinet gör så att jag mår bra? Har läst runt lite och tydligen ska koffein kunna skapa mer ångest, men har inte sett något om att det dämpar det. Kan det här betyda att koffeinet släpper ut något hormon eller liknande som jag har brit av annars, vad gör koffeinet med mig?",0.6217209
"Är så att jag har ätit koffeintabletter nu några dagar och har märkt att jag har blivit lugnare och kunnat koncentrera mig bättre. Jag brukar annars lida av ångest m.m. men efter att jag tagit några koffeintabletter tänker jag mer koncetrerat när det gäller studier och annat. Det kommer inte upp lika mycket negativa tankar heller. Vad är det koffeinet gör så att jag mår bra? Har läst runt lite och tydligen ska koffein kunna skapa mer ångest, men har inte sett något om att det dämpar det. Kan det här betyda att koffeinet släpper ut något hormon eller liknande som jag har brit av annars, vad gör koffeinet med mig?",0.45564407
"Är så att jag har ätit koffeintabletter nu några dagar och har märkt att jag har blivit lugnare och kunnat koncentrera mig bättre. Jag brukar annars lida av ångest m.m. men efter att jag tagit några koffeintabletter tänker jag mer koncetrerat när det gäller studier och annat. Det kommer inte upp lika mycket negativa tankar heller. Vad är det koffeinet gör så att jag mår bra? Har läst runt lite och tydligen ska koffein kunna skapa mer ångest, men har inte sett något om att det dämpar det. Kan det här betyda att koffeinet släpper ut något hormon eller liknande som jag har brit av annars, vad gör koffeinet med mig?",0.47441232
"Är så att jag har ätit koffeintabletter nu några dagar och har märkt att jag har blivit lugnare och kunnat koncentrera mig bättre. Jag brukar annars lida av ångest m.m. men efter att jag tagit några koffeintabletter tänker jag mer koncetrerat när det gäller studier och annat. Det kommer inte upp lika mycket negativa tankar heller. Vad är det koffeinet gör så att jag mår bra? Har läst runt lite och tydligen ska koffein kunna skapa mer ångest, men har inte sett något om att det dämpar det. Kan det här betyda att koffeinet släpper ut något hormon eller liknande som jag har brit av annars, vad gör koffeinet med mig?",0.316783
"Är så att jag har ätit koffeintabletter nu några dagar och har märkt att jag har blivit lugnare och kunnat koncentrera mig bättre. Jag brukar annars lida av ångest m.m. men efter att jag tagit några koffeintabletter tänker jag mer koncetrerat när det gäller studier och annat. Det kommer inte upp lika mycket negativa tankar heller. Vad är det koffeinet gör så att jag mår bra? Har läst runt lite och tydligen ska koffein kunna skapa mer ångest, men har inte sett något om att det dämpar det. Kan det här betyda att koffeinet släpper ut något hormon eller liknande som jag har brit av annars, vad gör koffeinet med mig?",0.7685157
"Är så att jag har ätit koffeintabletter nu några dagar och har märkt att jag har blivit lugnare och kunnat koncentrera mig bättre. Jag brukar annars lida av ångest m.m. men efter att jag tagit några koffeintabletter tänker jag mer koncetrerat när det gäller studier och annat. Det kommer inte upp lika mycket negativa tankar heller. Vad är det koffeinet gör så att jag mår bra? Har läst runt lite och tydligen ska koffein kunna skapa mer ångest, men har inte sett något om att det dämpar det. Kan det här betyda att koffeinet släpper ut något hormon eller liknande som jag har brit av annars, vad gör koffeinet med mig?",0.69201815
"Är så att jag har ätit koffeintabletter nu några dagar och har märkt att jag har blivit lugnare och kunnat koncentrera mig bättre. Jag brukar annars lida av ångest m.m. men efter att jag tagit några koffeintabletter tänker jag mer koncetrerat när det gäller studier och annat. Det kommer inte upp lika mycket negativa tankar heller. Vad är det koffeinet gör så att jag mår bra? Har läst runt lite och tydligen ska koffein kunna skapa mer ångest, men har inte sett något om att det dämpar det. Kan det här betyda att koffeinet släpper ut något hormon eller liknande som jag har brit av annars, vad gör koffeinet med mig?",0.77448654
"Jag har en kompis som har en gammal Sony reciever (STR-DE 225) som slutade fungera helt plötsligt för någon vecka sedan. Ljudet bara försvann helt plötsligt medans han lyssnade på musik. Och blir det inget ljud vad vi än gör. Inga högtalarkanaler eller hörlursutgången fungerar. Allting verkar fungera korrekt i övrigt, söka kanaler på radion, byta mellan olika ingångar osv. Får inte ens något brus i högtalarna även om man höjer till max. Skruvade upp den häromdagen och tog en titt på säkringen, men den var (tyvärr) hel. Hittade ingen annan säkring, så det är nog något annat fel. Såg inte heller någonting som verkade ha brunnit, läckande kondensator eller så. Har någon några förslag på vad det kan vara som är fel eller något vi kan testa? Något man kan fixa själv med lite pill och en lödpenna kanske ?",0.18471411
"Jag har en kompis som har en gammal Sony reciever (STR-DE 225) som slutade fungera helt plötsligt för någon vecka sedan. Ljudet bara försvann helt plötsligt medans han lyssnade på musik. Och blir det inget ljud vad vi än gör. Inga högtalarkanaler eller hörlursutgången fungerar. Allting verkar fungera korrekt i övrigt, söka kanaler på radion, byta mellan olika ingångar osv. Får inte ens något brus i högtalarna även om man höjer till max. Skruvade upp den häromdagen och tog en titt på säkringen, men den var (tyvärr) hel. Hittade ingen annan säkring, så det är nog något annat fel. Såg inte heller någonting som verkade ha brunnit, läckande kondensator eller så. Har någon några förslag på vad det kan vara som är fel eller något vi kan testa? Något man kan fixa själv med lite pill och en lödpenna kanske ?",0.50521195
"Jag har en kompis som har en gammal Sony reciever (STR-DE 225) som slutade fungera helt plötsligt för någon vecka sedan. Ljudet bara försvann helt plötsligt medans han lyssnade på musik. Och blir det inget ljud vad vi än gör. Inga högtalarkanaler eller hörlursutgången fungerar. Allting verkar fungera korrekt i övrigt, söka kanaler på radion, byta mellan olika ingångar osv. Får inte ens något brus i högtalarna även om man höjer till max. Skruvade upp den häromdagen och tog en titt på säkringen, men den var (tyvärr) hel. Hittade ingen annan säkring, så det är nog något annat fel. Såg inte heller någonting som verkade ha brunnit, läckande kondensator eller så. Har någon några förslag på vad det kan vara som är fel eller något vi kan testa? Något man kan fixa själv med lite pill och en lödpenna kanske ?",0.42440337
"Jag har en kompis som har en gammal Sony reciever (STR-DE 225) som slutade fungera helt plötsligt för någon vecka sedan. Ljudet bara försvann helt plötsligt medans han lyssnade på musik. Och blir det inget ljud vad vi än gör. Inga högtalarkanaler eller hörlursutgången fungerar. Allting verkar fungera korrekt i övrigt, söka kanaler på radion, byta mellan olika ingångar osv. Får inte ens något brus i högtalarna även om man höjer till max. Skruvade upp den häromdagen och tog en titt på säkringen, men den var (tyvärr) hel. Hittade ingen annan säkring, så det är nog något annat fel. Såg inte heller någonting som verkade ha brunnit, läckande kondensator eller så. Har någon några förslag på vad det kan vara som är fel eller något vi kan testa? Något man kan fixa själv med lite pill och en lödpenna kanske ?",0.51905155
"Jag har en kompis som har en gammal Sony reciever (STR-DE 225) som slutade fungera helt plötsligt för någon vecka sedan. Ljudet bara försvann helt plötsligt medans han lyssnade på musik. Och blir det inget ljud vad vi än gör. Inga högtalarkanaler eller hörlursutgången fungerar. Allting verkar fungera korrekt i övrigt, söka kanaler på radion, byta mellan olika ingångar osv. Får inte ens något brus i högtalarna även om man höjer till max. Skruvade upp den häromdagen och tog en titt på säkringen, men den var (tyvärr) hel. Hittade ingen annan säkring, så det är nog något annat fel. Såg inte heller någonting som verkade ha brunnit, läckande kondensator eller så. Har någon några förslag på vad det kan vara som är fel eller något vi kan testa? Något man kan fixa själv med lite pill och en lödpenna kanske ?",0.47456604
"Jag har en kompis som har en gammal Sony reciever (STR-DE 225) som slutade fungera helt plötsligt för någon vecka sedan. Ljudet bara försvann helt plötsligt medans han lyssnade på musik. Och blir det inget ljud vad vi än gör. Inga högtalarkanaler eller hörlursutgången fungerar. Allting verkar fungera korrekt i övrigt, söka kanaler på radion, byta mellan olika ingångar osv. Får inte ens något brus i högtalarna även om man höjer till max. Skruvade upp den häromdagen och tog en titt på säkringen, men den var (tyvärr) hel. Hittade ingen annan säkring, så det är nog något annat fel. Såg inte heller någonting som verkade ha brunnit, läckande kondensator eller så. Har någon några förslag på vad det kan vara som är fel eller något vi kan testa? Något man kan fixa själv med lite pill och en lödpenna kanske ?",0.6108157
Ska man ha den? Den verkar klart bättre än tidigare varianter.  Synpunkter?,0.3595361
Ska man ha den? Den verkar klart bättre än tidigare varianter.  Synpunkter?,0.35736778
Ska man ha den? Den verkar klart bättre än tidigare varianter.  Synpunkter?,0.44397673
Ska man ha den? Den verkar klart bättre än tidigare varianter.  Synpunkter?,0.3791291
Ska man ha den? Den verkar klart bättre än tidigare varianter.  Synpunkter?,0.2645942
Ska man ha den? Den verkar klart bättre än tidigare varianter.  Synpunkter?,0.22840396
Ska man ha den? Den verkar klart bättre än tidigare varianter.  Synpunkter?,0.48018435
Ska man ha den? Den verkar klart bättre än tidigare varianter.  Synpunkter?,0.43680578
Ska man ha den? Den verkar klart bättre än tidigare varianter.  Synpunkter?,0.67505693
Ska man ha den? Den verkar klart bättre än tidigare varianter.  Synpunkter?,0.4303782
"hoj oj!=) kollade ghost rider filmer på youtube och försökte leta upp hans nyaste film från 2009 som fortfarande inte har kommit ut, så är det de att han håller på med någon jävligt stort? eller är det de att han har gått i pansion?  hörde även att han blev tagen och fick 300tim samhälles tjänst och att alla cyklar blev tagna i en razzia",0.43532932
"hoj oj!=) kollade ghost rider filmer på youtube och försökte leta upp hans nyaste film från 2009 som fortfarande inte har kommit ut, så är det de att han håller på med någon jävligt stort? eller är det de att han har gått i pansion?  hörde även att han blev tagen och fick 300tim samhälles tjänst och att alla cyklar blev tagna i en razzia",0.45270857
"hoj oj!=) kollade ghost rider filmer på youtube och försökte leta upp hans nyaste film från 2009 som fortfarande inte har kommit ut, så är det de att han håller på med någon jävligt stort? eller är det de att han har gått i pansion?  hörde även att han blev tagen och fick 300tim samhälles tjänst och att alla cyklar blev tagna i en razzia",0.27317464
"hoj oj!=) kollade ghost rider filmer på youtube och försökte leta upp hans nyaste film från 2009 som fortfarande inte har kommit ut, så är det de att han håller på med någon jävligt stort? eller är det de att han har gått i pansion?  hörde även att han blev tagen och fick 300tim samhälles tjänst och att alla cyklar blev tagna i en razzia",0.26011544
"hoj oj!=) kollade ghost rider filmer på youtube och försökte leta upp hans nyaste film från 2009 som fortfarande inte har kommit ut, så är det de att han håller på med någon jävligt stort? eller är det de att han har gått i pansion?  hörde även att han blev tagen och fick 300tim samhälles tjänst och att alla cyklar blev tagna i en razzia",0.23863246
"hoj oj!=) kollade ghost rider filmer på youtube och försökte leta upp hans nyaste film från 2009 som fortfarande inte har kommit ut, så är det de att han håller på med någon jävligt stort? eller är det de att han har gått i pansion?  hörde även att han blev tagen och fick 300tim samhälles tjänst och att alla cyklar blev tagna i en razzia",0.47394818
"hoj oj!=) kollade ghost rider filmer på youtube och försökte leta upp hans nyaste film från 2009 som fortfarande inte har kommit ut, så är det de att han håller på med någon jävligt stort? eller är det de att han har gått i pansion?  hörde även att han blev tagen och fick 300tim samhälles tjänst och att alla cyklar blev tagna i en razzia",0.40759784
"hoj oj!=) kollade ghost rider filmer på youtube och försökte leta upp hans nyaste film från 2009 som fortfarande inte har kommit ut, så är det de att han håller på med någon jävligt stort? eller är det de att han har gått i pansion?  hörde även att han blev tagen och fick 300tim samhälles tjänst och att alla cyklar blev tagna i en razzia",0.40799886
"hoj oj!=) kollade ghost rider filmer på youtube och försökte leta upp hans nyaste film från 2009 som fortfarande inte har kommit ut, så är det de att han håller på med någon jävligt stort? eller är det de att han har gått i pansion?  hörde även att han blev tagen och fick 300tim samhälles tjänst och att alla cyklar blev tagna i en razzia",0.62198657
"hoj oj!=) kollade ghost rider filmer på youtube och försökte leta upp hans nyaste film från 2009 som fortfarande inte har kommit ut, så är det de att han håller på med någon jävligt stort? eller är det de att han har gått i pansion?  hörde även att han blev tagen och fick 300tim samhälles tjänst och att alla cyklar blev tagna i en razzia",0.40622687
"hoj oj!=) kollade ghost rider filmer på youtube och försökte leta upp hans nyaste film från 2009 som fortfarande inte har kommit ut, så är det de att han håller på med någon jävligt stort? eller är det de att han har gått i pansion?  hörde även att han blev tagen och fick 300tim samhälles tjänst och att alla cyklar blev tagna i en razzia",0.32497323
"Utgår från kommunvalsresultatet och min undran är varför har det gått så dåligt i följande kommuner, resultat under 1%. Bjurholm, Arjeplog,  Danderyd,  Dorotea, Norsjö, Piteå, Ragunda, Storuman,  Tanum  Vilhelmina,  Årjäng,  Åsele, Överkalix, Övertorneå.   Som ni ser är det nästan uteslutande småkommuner i norrlands inland. Undantaget rika Danderyd samt Tanum och Årjäng i Västsverige samt den lilla norrländska kuststaden Piteå.  Varför har Sd varit så framgångsrika i följande kommuner med över 10%. Bjuv,  Borlänge,  Bromölla, Burlöv, Eslöv, Helsingborg, Hässleholm, Hörby, Höör, Karlskrona, Klippan, Kristianstad, Landskrona, Malmö, Osby, Sjöbo, Skurup, Svalöv, Svedala,  Söderhamn,  Sölvesborg, Tomelilla, Trelleborg, Åstorp, Örkelljunga, Östra Göinge.  Idel Skånska samt ett par Blekingekommuner. Men Borlänge och Söderhamn måste förklaras närmare.  Det borde finnas FB medlemmar över hela landet som är bekanta med de lokala förhållandena och som kan dela med sig av sina kännedom.",0.5559877
"Utgår från kommunvalsresultatet och min undran är varför har det gått så dåligt i följande kommuner, resultat under 1%. Bjurholm, Arjeplog,  Danderyd,  Dorotea, Norsjö, Piteå, Ragunda, Storuman,  Tanum  Vilhelmina,  Årjäng,  Åsele, Överkalix, Övertorneå.   Som ni ser är det nästan uteslutande småkommuner i norrlands inland. Undantaget rika Danderyd samt Tanum och Årjäng i Västsverige samt den lilla norrländska kuststaden Piteå.  Varför har Sd varit så framgångsrika i följande kommuner med över 10%. Bjuv,  Borlänge,  Bromölla, Burlöv, Eslöv, Helsingborg, Hässleholm, Hörby, Höör, Karlskrona, Klippan, Kristianstad, Landskrona, Malmö, Osby, Sjöbo, Skurup, Svalöv, Svedala,  Söderhamn,  Sölvesborg, Tomelilla, Trelleborg, Åstorp, Örkelljunga, Östra Göinge.  Idel Skånska samt ett par Blekingekommuner. Men Borlänge och Söderhamn måste förklaras närmare.  Det borde finnas FB medlemmar över hela landet som är bekanta med de lokala förhållandena och som kan dela med sig av sina kännedom.",0.7828149
"Utgår från kommunvalsresultatet och min undran är varför har det gått så dåligt i följande kommuner, resultat under 1%. Bjurholm, Arjeplog,  Danderyd,  Dorotea, Norsjö, Piteå, Ragunda, Storuman,  Tanum  Vilhelmina,  Årjäng,  Åsele, Överkalix, Övertorneå.   Som ni ser är det nästan uteslutande småkommuner i norrlands inland. Undantaget rika Danderyd samt Tanum och Årjäng i Västsverige samt den lilla norrländska kuststaden Piteå.  Varför har Sd varit så framgångsrika i följande kommuner med över 10%. Bjuv,  Borlänge,  Bromölla, Burlöv, Eslöv, Helsingborg, Hässleholm, Hörby, Höör, Karlskrona, Klippan, Kristianstad, Landskrona, Malmö, Osby, Sjöbo, Skurup, Svalöv, Svedala,  Söderhamn,  Sölvesborg, Tomelilla, Trelleborg, Åstorp, Örkelljunga, Östra Göinge.  Idel Skånska samt ett par Blekingekommuner. Men Borlänge och Söderhamn måste förklaras närmare.  Det borde finnas FB medlemmar över hela landet som är bekanta med de lokala förhållandena och som kan dela med sig av sina kännedom.",0.47342834
"Utgår från kommunvalsresultatet och min undran är varför har det gått så dåligt i följande kommuner, resultat under 1%. Bjurholm, Arjeplog,  Danderyd,  Dorotea, Norsjö, Piteå, Ragunda, Storuman,  Tanum  Vilhelmina,  Årjäng,  Åsele, Överkalix, Övertorneå.   Som ni ser är det nästan uteslutande småkommuner i norrlands inland. Undantaget rika Danderyd samt Tanum och Årjäng i Västsverige samt den lilla norrländska kuststaden Piteå.  Varför har Sd varit så framgångsrika i följande kommuner med över 10%. Bjuv,  Borlänge,  Bromölla, Burlöv, Eslöv, Helsingborg, Hässleholm, Hörby, Höör, Karlskrona, Klippan, Kristianstad, Landskrona, Malmö, Osby, Sjöbo, Skurup, Svalöv, Svedala,  Söderhamn,  Sölvesborg, Tomelilla, Trelleborg, Åstorp, Örkelljunga, Östra Göinge.  Idel Skånska samt ett par Blekingekommuner. Men Borlänge och Söderhamn måste förklaras närmare.  Det borde finnas FB medlemmar över hela landet som är bekanta med de lokala förhållandena och som kan dela med sig av sina kännedom.",0.37337965
"Utgår från kommunvalsresultatet och min undran är varför har det gått så dåligt i följande kommuner, resultat under 1%. Bjurholm, Arjeplog,  Danderyd,  Dorotea, Norsjö, Piteå, Ragunda, Storuman,  Tanum  Vilhelmina,  Årjäng,  Åsele, Överkalix, Övertorneå.   Som ni ser är det nästan uteslutande småkommuner i norrlands inland. Undantaget rika Danderyd samt Tanum och Årjäng i Västsverige samt den lilla norrländska kuststaden Piteå.  Varför har Sd varit så framgångsrika i följande kommuner med över 10%. Bjuv,  Borlänge,  Bromölla, Burlöv, Eslöv, Helsingborg, Hässleholm, Hörby, Höör, Karlskrona, Klippan, Kristianstad, Landskrona, Malmö, Osby, Sjöbo, Skurup, Svalöv, Svedala,  Söderhamn,  Sölvesborg, Tomelilla, Trelleborg, Åstorp, Örkelljunga, Östra Göinge.  Idel Skånska samt ett par Blekingekommuner. Men Borlänge och Söderhamn måste förklaras närmare.  Det borde finnas FB medlemmar över hela landet som är bekanta med de lokala förhållandena och som kan dela med sig av sina kännedom.",0.66509163
"Utgår från kommunvalsresultatet och min undran är varför har det gått så dåligt i följande kommuner, resultat under 1%. Bjurholm, Arjeplog,  Danderyd,  Dorotea, Norsjö, Piteå, Ragunda, Storuman,  Tanum  Vilhelmina,  Årjäng,  Åsele, Överkalix, Övertorneå.   Som ni ser är det nästan uteslutande småkommuner i norrlands inland. Undantaget rika Danderyd samt Tanum och Årjäng i Västsverige samt den lilla norrländska kuststaden Piteå.  Varför har Sd varit så framgångsrika i följande kommuner med över 10%. Bjuv,  Borlänge,  Bromölla, Burlöv, Eslöv, Helsingborg, Hässleholm, Hörby, Höör, Karlskrona, Klippan, Kristianstad, Landskrona, Malmö, Osby, Sjöbo, Skurup, Svalöv, Svedala,  Söderhamn,  Sölvesborg, Tomelilla, Trelleborg, Åstorp, Örkelljunga, Östra Göinge.  Idel Skånska samt ett par Blekingekommuner. Men Borlänge och Söderhamn måste förklaras närmare.  Det borde finnas FB medlemmar över hela landet som är bekanta med de lokala förhållandena och som kan dela med sig av sina kännedom.",0.473648
"Utgår från kommunvalsresultatet och min undran är varför har det gått så dåligt i följande kommuner, resultat under 1%. Bjurholm, Arjeplog,  Danderyd,  Dorotea, Norsjö, Piteå, Ragunda, Storuman,  Tanum  Vilhelmina,  Årjäng,  Åsele, Överkalix, Övertorneå.   Som ni ser är det nästan uteslutande småkommuner i norrlands inland. Undantaget rika Danderyd samt Tanum och Årjäng i Västsverige samt den lilla norrländska kuststaden Piteå.  Varför har Sd varit så framgångsrika i följande kommuner med över 10%. Bjuv,  Borlänge,  Bromölla, Burlöv, Eslöv, Helsingborg, Hässleholm, Hörby, Höör, Karlskrona, Klippan, Kristianstad, Landskrona, Malmö, Osby, Sjöbo, Skurup, Svalöv, Svedala,  Söderhamn,  Sölvesborg, Tomelilla, Trelleborg, Åstorp, Örkelljunga, Östra Göinge.  Idel Skånska samt ett par Blekingekommuner. Men Borlänge och Söderhamn måste förklaras närmare.  Det borde finnas FB medlemmar över hela landet som är bekanta med de lokala förhållandena och som kan dela med sig av sina kännedom.",0.6442548
"Utgår från kommunvalsresultatet och min undran är varför har det gått så dåligt i följande kommuner, resultat under 1%. Bjurholm, Arjeplog,  Danderyd,  Dorotea, Norsjö, Piteå, Ragunda, Storuman,  Tanum  Vilhelmina,  Årjäng,  Åsele, Överkalix, Övertorneå.   Som ni ser är det nästan uteslutande småkommuner i norrlands inland. Undantaget rika Danderyd samt Tanum och Årjäng i Västsverige samt den lilla norrländska kuststaden Piteå.  Varför har Sd varit så framgångsrika i följande kommuner med över 10%. Bjuv,  Borlänge,  Bromölla, Burlöv, Eslöv, Helsingborg, Hässleholm, Hörby, Höör, Karlskrona, Klippan, Kristianstad, Landskrona, Malmö, Osby, Sjöbo, Skurup, Svalöv, Svedala,  Söderhamn,  Sölvesborg, Tomelilla, Trelleborg, Åstorp, Örkelljunga, Östra Göinge.  Idel Skånska samt ett par Blekingekommuner. Men Borlänge och Söderhamn måste förklaras närmare.  Det borde finnas FB medlemmar över hela landet som är bekanta med de lokala förhållandena och som kan dela med sig av sina kännedom.",0.536752
"Utgår från kommunvalsresultatet och min undran är varför har det gått så dåligt i följande kommuner, resultat under 1%. Bjurholm, Arjeplog,  Danderyd,  Dorotea, Norsjö, Piteå, Ragunda, Storuman,  Tanum  Vilhelmina,  Årjäng,  Åsele, Överkalix, Övertorneå.   Som ni ser är det nästan uteslutande småkommuner i norrlands inland. Undantaget rika Danderyd samt Tanum och Årjäng i Västsverige samt den lilla norrländska kuststaden Piteå.  Varför har Sd varit så framgångsrika i följande kommuner med över 10%. Bjuv,  Borlänge,  Bromölla, Burlöv, Eslöv, Helsingborg, Hässleholm, Hörby, Höör, Karlskrona, Klippan, Kristianstad, Landskrona, Malmö, Osby, Sjöbo, Skurup, Svalöv, Svedala,  Söderhamn,  Sölvesborg, Tomelilla, Trelleborg, Åstorp, Örkelljunga, Östra Göinge.  Idel Skånska samt ett par Blekingekommuner. Men Borlänge och Söderhamn måste förklaras närmare.  Det borde finnas FB medlemmar över hela landet som är bekanta med de lokala förhållandena och som kan dela med sig av sina kännedom.",0.68947846
"Utgår från kommunvalsresultatet och min undran är varför har det gått så dåligt i följande kommuner, resultat under 1%. Bjurholm, Arjeplog,  Danderyd,  Dorotea, Norsjö, Piteå, Ragunda, Storuman,  Tanum  Vilhelmina,  Årjäng,  Åsele, Överkalix, Övertorneå.   Som ni ser är det nästan uteslutande småkommuner i norrlands inland. Undantaget rika Danderyd samt Tanum och Årjäng i Västsverige samt den lilla norrländska kuststaden Piteå.  Varför har Sd varit så framgångsrika i följande kommuner med över 10%. Bjuv,  Borlänge,  Bromölla, Burlöv, Eslöv, Helsingborg, Hässleholm, Hörby, Höör, Karlskrona, Klippan, Kristianstad, Landskrona, Malmö, Osby, Sjöbo, Skurup, Svalöv, Svedala,  Söderhamn,  Sölvesborg, Tomelilla, Trelleborg, Åstorp, Örkelljunga, Östra Göinge.  Idel Skånska samt ett par Blekingekommuner. Men Borlänge och Söderhamn måste förklaras närmare.  Det borde finnas FB medlemmar över hela landet som är bekanta med de lokala förhållandena och som kan dela med sig av sina kännedom.",0.5768341
"Utgår från kommunvalsresultatet och min undran är varför har det gått så dåligt i följande kommuner, resultat under 1%. Bjurholm, Arjeplog,  Danderyd,  Dorotea, Norsjö, Piteå, Ragunda, Storuman,  Tanum  Vilhelmina,  Årjäng,  Åsele, Överkalix, Övertorneå.   Som ni ser är det nästan uteslutande småkommuner i norrlands inland. Undantaget rika Danderyd samt Tanum och Årjäng i Västsverige samt den lilla norrländska kuststaden Piteå.  Varför har Sd varit så framgångsrika i följande kommuner med över 10%. Bjuv,  Borlänge,  Bromölla, Burlöv, Eslöv, Helsingborg, Hässleholm, Hörby, Höör, Karlskrona, Klippan, Kristianstad, Landskrona, Malmö, Osby, Sjöbo, Skurup, Svalöv, Svedala,  Söderhamn,  Sölvesborg, Tomelilla, Trelleborg, Åstorp, Örkelljunga, Östra Göinge.  Idel Skånska samt ett par Blekingekommuner. Men Borlänge och Söderhamn måste förklaras närmare.  Det borde finnas FB medlemmar över hela landet som är bekanta med de lokala förhållandena och som kan dela med sig av sina kännedom.",0.5002077
"Utgår från kommunvalsresultatet och min undran är varför har det gått så dåligt i följande kommuner, resultat under 1%. Bjurholm, Arjeplog,  Danderyd,  Dorotea, Norsjö, Piteå, Ragunda, Storuman,  Tanum  Vilhelmina,  Årjäng,  Åsele, Överkalix, Övertorneå.   Som ni ser är det nästan uteslutande småkommuner i norrlands inland. Undantaget rika Danderyd samt Tanum och Årjäng i Västsverige samt den lilla norrländska kuststaden Piteå.  Varför har Sd varit så framgångsrika i följande kommuner med över 10%. Bjuv,  Borlänge,  Bromölla, Burlöv, Eslöv, Helsingborg, Hässleholm, Hörby, Höör, Karlskrona, Klippan, Kristianstad, Landskrona, Malmö, Osby, Sjöbo, Skurup, Svalöv, Svedala,  Söderhamn,  Sölvesborg, Tomelilla, Trelleborg, Åstorp, Örkelljunga, Östra Göinge.  Idel Skånska samt ett par Blekingekommuner. Men Borlänge och Söderhamn måste förklaras närmare.  Det borde finnas FB medlemmar över hela landet som är bekanta med de lokala förhållandena och som kan dela med sig av sina kännedom.",0.5279728
"Utgår från kommunvalsresultatet och min undran är varför har det gått så dåligt i följande kommuner, resultat under 1%. Bjurholm, Arjeplog,  Danderyd,  Dorotea, Norsjö, Piteå, Ragunda, Storuman,  Tanum  Vilhelmina,  Årjäng,  Åsele, Överkalix, Övertorneå.   Som ni ser är det nästan uteslutande småkommuner i norrlands inland. Undantaget rika Danderyd samt Tanum och Årjäng i Västsverige samt den lilla norrländska kuststaden Piteå.  Varför har Sd varit så framgångsrika i följande kommuner med över 10%. Bjuv,  Borlänge,  Bromölla, Burlöv, Eslöv, Helsingborg, Hässleholm, Hörby, Höör, Karlskrona, Klippan, Kristianstad, Landskrona, Malmö, Osby, Sjöbo, Skurup, Svalöv, Svedala,  Söderhamn,  Sölvesborg, Tomelilla, Trelleborg, Åstorp, Örkelljunga, Östra Göinge.  Idel Skånska samt ett par Blekingekommuner. Men Borlänge och Söderhamn måste förklaras närmare.  Det borde finnas FB medlemmar över hela landet som är bekanta med de lokala förhållandena och som kan dela med sig av sina kännedom.",0.57350785
Var ett tag jag så en dokumentär där en ung flicka hade otroligt många personligheter minns också att hon skrev dagbok och där fick man se hur det ändrades i texten av dem olika personligheterna. var länge sen jag såg den vill gärna ta och se den igen. någon som vet vilken dokumentär jag menar?,0.3119039
Var ett tag jag så en dokumentär där en ung flicka hade otroligt många personligheter minns också att hon skrev dagbok och där fick man se hur det ändrades i texten av dem olika personligheterna. var länge sen jag såg den vill gärna ta och se den igen. någon som vet vilken dokumentär jag menar?,0.4296215
Var ett tag jag så en dokumentär där en ung flicka hade otroligt många personligheter minns också att hon skrev dagbok och där fick man se hur det ändrades i texten av dem olika personligheterna. var länge sen jag såg den vill gärna ta och se den igen. någon som vet vilken dokumentär jag menar?,0.44900072
Var ett tag jag så en dokumentär där en ung flicka hade otroligt många personligheter minns också att hon skrev dagbok och där fick man se hur det ändrades i texten av dem olika personligheterna. var länge sen jag såg den vill gärna ta och se den igen. någon som vet vilken dokumentär jag menar?,0.38207626
Var ett tag jag så en dokumentär där en ung flicka hade otroligt många personligheter minns också att hon skrev dagbok och där fick man se hur det ändrades i texten av dem olika personligheterna. var länge sen jag såg den vill gärna ta och se den igen. någon som vet vilken dokumentär jag menar?,0.36177197
hur tar man reda på vart en rättegång håller hus o vilken tid den är.,0.6673902
hur tar man reda på vart en rättegång håller hus o vilken tid den är.,0.6232159
hur tar man reda på vart en rättegång håller hus o vilken tid den är.,0.49295914
"Har funderat lite på det här med kosthållning vid graviditet, varför de flesta kvinnor insisterar på att undvika vissa saker när dom är gravida. Dom tre sakerna jag främst tänker på är östersjöfisk, opastöriserade mejerivaror och rött kött. Östersjöfisken kan jag köpa, antar att det har att göra med miljögifterna? Även om det känns lite överdrivet, knappast att man föder en utvecklingsstörd unge för att man får i sig en östersjöfisk en gång i kvartalet (snittkonsumtionen skulle jag gissa). Men de andra två är lite mer oförklarliga, opastöriserade mejerivaror och rött kött. Varför ska man inte äta dessa, någon som vet? Folk får gärna komma med fler saker man inte ska äta och varför.. Är varken kvinna eller gravid men jag har alltid tyckt att kvinnor som undviker dessa saker överdriver men jag skulle gärna vilja få det förklarat så kanske man ändrar åsikt.",0.53406835
"Har funderat lite på det här med kosthållning vid graviditet, varför de flesta kvinnor insisterar på att undvika vissa saker när dom är gravida. Dom tre sakerna jag främst tänker på är östersjöfisk, opastöriserade mejerivaror och rött kött. Östersjöfisken kan jag köpa, antar att det har att göra med miljögifterna? Även om det känns lite överdrivet, knappast att man föder en utvecklingsstörd unge för att man får i sig en östersjöfisk en gång i kvartalet (snittkonsumtionen skulle jag gissa). Men de andra två är lite mer oförklarliga, opastöriserade mejerivaror och rött kött. Varför ska man inte äta dessa, någon som vet? Folk får gärna komma med fler saker man inte ska äta och varför.. Är varken kvinna eller gravid men jag har alltid tyckt att kvinnor som undviker dessa saker överdriver men jag skulle gärna vilja få det förklarat så kanske man ändrar åsikt.",0.6347953
"Har funderat lite på det här med kosthållning vid graviditet, varför de flesta kvinnor insisterar på att undvika vissa saker när dom är gravida. Dom tre sakerna jag främst tänker på är östersjöfisk, opastöriserade mejerivaror och rött kött. Östersjöfisken kan jag köpa, antar att det har att göra med miljögifterna? Även om det känns lite överdrivet, knappast att man föder en utvecklingsstörd unge för att man får i sig en östersjöfisk en gång i kvartalet (snittkonsumtionen skulle jag gissa). Men de andra två är lite mer oförklarliga, opastöriserade mejerivaror och rött kött. Varför ska man inte äta dessa, någon som vet? Folk får gärna komma med fler saker man inte ska äta och varför.. Är varken kvinna eller gravid men jag har alltid tyckt att kvinnor som undviker dessa saker överdriver men jag skulle gärna vilja få det förklarat så kanske man ändrar åsikt.",0.6040697
"Har funderat lite på det här med kosthållning vid graviditet, varför de flesta kvinnor insisterar på att undvika vissa saker när dom är gravida. Dom tre sakerna jag främst tänker på är östersjöfisk, opastöriserade mejerivaror och rött kött. Östersjöfisken kan jag köpa, antar att det har att göra med miljögifterna? Även om det känns lite överdrivet, knappast att man föder en utvecklingsstörd unge för att man får i sig en östersjöfisk en gång i kvartalet (snittkonsumtionen skulle jag gissa). Men de andra två är lite mer oförklarliga, opastöriserade mejerivaror och rött kött. Varför ska man inte äta dessa, någon som vet? Folk får gärna komma med fler saker man inte ska äta och varför.. Är varken kvinna eller gravid men jag har alltid tyckt att kvinnor som undviker dessa saker överdriver men jag skulle gärna vilja få det förklarat så kanske man ändrar åsikt.",0.5582474
"Har funderat lite på det här med kosthållning vid graviditet, varför de flesta kvinnor insisterar på att undvika vissa saker när dom är gravida. Dom tre sakerna jag främst tänker på är östersjöfisk, opastöriserade mejerivaror och rött kött. Östersjöfisken kan jag köpa, antar att det har att göra med miljögifterna? Även om det känns lite överdrivet, knappast att man föder en utvecklingsstörd unge för att man får i sig en östersjöfisk en gång i kvartalet (snittkonsumtionen skulle jag gissa). Men de andra två är lite mer oförklarliga, opastöriserade mejerivaror och rött kött. Varför ska man inte äta dessa, någon som vet? Folk får gärna komma med fler saker man inte ska äta och varför.. Är varken kvinna eller gravid men jag har alltid tyckt att kvinnor som undviker dessa saker överdriver men jag skulle gärna vilja få det förklarat så kanske man ändrar åsikt.",0.55668867
"Har funderat lite på det här med kosthållning vid graviditet, varför de flesta kvinnor insisterar på att undvika vissa saker när dom är gravida. Dom tre sakerna jag främst tänker på är östersjöfisk, opastöriserade mejerivaror och rött kött. Östersjöfisken kan jag köpa, antar att det har att göra med miljögifterna? Även om det känns lite överdrivet, knappast att man föder en utvecklingsstörd unge för att man får i sig en östersjöfisk en gång i kvartalet (snittkonsumtionen skulle jag gissa). Men de andra två är lite mer oförklarliga, opastöriserade mejerivaror och rött kött. Varför ska man inte äta dessa, någon som vet? Folk får gärna komma med fler saker man inte ska äta och varför.. Är varken kvinna eller gravid men jag har alltid tyckt att kvinnor som undviker dessa saker överdriver men jag skulle gärna vilja få det förklarat så kanske man ändrar åsikt.",0.6042303
"Har funderat lite på det här med kosthållning vid graviditet, varför de flesta kvinnor insisterar på att undvika vissa saker när dom är gravida. Dom tre sakerna jag främst tänker på är östersjöfisk, opastöriserade mejerivaror och rött kött. Östersjöfisken kan jag köpa, antar att det har att göra med miljögifterna? Även om det känns lite överdrivet, knappast att man föder en utvecklingsstörd unge för att man får i sig en östersjöfisk en gång i kvartalet (snittkonsumtionen skulle jag gissa). Men de andra två är lite mer oförklarliga, opastöriserade mejerivaror och rött kött. Varför ska man inte äta dessa, någon som vet? Folk får gärna komma med fler saker man inte ska äta och varför.. Är varken kvinna eller gravid men jag har alltid tyckt att kvinnor som undviker dessa saker överdriver men jag skulle gärna vilja få det förklarat så kanske man ändrar åsikt.",0.34129825
"Har funderat lite på det här med kosthållning vid graviditet, varför de flesta kvinnor insisterar på att undvika vissa saker när dom är gravida. Dom tre sakerna jag främst tänker på är östersjöfisk, opastöriserade mejerivaror och rött kött. Östersjöfisken kan jag köpa, antar att det har att göra med miljögifterna? Även om det känns lite överdrivet, knappast att man föder en utvecklingsstörd unge för att man får i sig en östersjöfisk en gång i kvartalet (snittkonsumtionen skulle jag gissa). Men de andra två är lite mer oförklarliga, opastöriserade mejerivaror och rött kött. Varför ska man inte äta dessa, någon som vet? Folk får gärna komma med fler saker man inte ska äta och varför.. Är varken kvinna eller gravid men jag har alltid tyckt att kvinnor som undviker dessa saker överdriver men jag skulle gärna vilja få det förklarat så kanske man ändrar åsikt.",0.57475877
"Har funderat lite på det här med kosthållning vid graviditet, varför de flesta kvinnor insisterar på att undvika vissa saker när dom är gravida. Dom tre sakerna jag främst tänker på är östersjöfisk, opastöriserade mejerivaror och rött kött. Östersjöfisken kan jag köpa, antar att det har att göra med miljögifterna? Även om det känns lite överdrivet, knappast att man föder en utvecklingsstörd unge för att man får i sig en östersjöfisk en gång i kvartalet (snittkonsumtionen skulle jag gissa). Men de andra två är lite mer oförklarliga, opastöriserade mejerivaror och rött kött. Varför ska man inte äta dessa, någon som vet? Folk får gärna komma med fler saker man inte ska äta och varför.. Är varken kvinna eller gravid men jag har alltid tyckt att kvinnor som undviker dessa saker överdriver men jag skulle gärna vilja få det förklarat så kanske man ändrar åsikt.",0.5898011
"Har funderat lite på det här med kosthållning vid graviditet, varför de flesta kvinnor insisterar på att undvika vissa saker när dom är gravida. Dom tre sakerna jag främst tänker på är östersjöfisk, opastöriserade mejerivaror och rött kött. Östersjöfisken kan jag köpa, antar att det har att göra med miljögifterna? Även om det känns lite överdrivet, knappast att man föder en utvecklingsstörd unge för att man får i sig en östersjöfisk en gång i kvartalet (snittkonsumtionen skulle jag gissa). Men de andra två är lite mer oförklarliga, opastöriserade mejerivaror och rött kött. Varför ska man inte äta dessa, någon som vet? Folk får gärna komma med fler saker man inte ska äta och varför.. Är varken kvinna eller gravid men jag har alltid tyckt att kvinnor som undviker dessa saker överdriver men jag skulle gärna vilja få det förklarat så kanske man ändrar åsikt.",0.69375443
"Har funderat lite på det här med kosthållning vid graviditet, varför de flesta kvinnor insisterar på att undvika vissa saker när dom är gravida. Dom tre sakerna jag främst tänker på är östersjöfisk, opastöriserade mejerivaror och rött kött. Östersjöfisken kan jag köpa, antar att det har att göra med miljögifterna? Även om det känns lite överdrivet, knappast att man föder en utvecklingsstörd unge för att man får i sig en östersjöfisk en gång i kvartalet (snittkonsumtionen skulle jag gissa). Men de andra två är lite mer oförklarliga, opastöriserade mejerivaror och rött kött. Varför ska man inte äta dessa, någon som vet? Folk får gärna komma med fler saker man inte ska äta och varför.. Är varken kvinna eller gravid men jag har alltid tyckt att kvinnor som undviker dessa saker överdriver men jag skulle gärna vilja få det förklarat så kanske man ändrar åsikt.",0.79610693
"Har funderat lite på det här med kosthållning vid graviditet, varför de flesta kvinnor insisterar på att undvika vissa saker när dom är gravida. Dom tre sakerna jag främst tänker på är östersjöfisk, opastöriserade mejerivaror och rött kött. Östersjöfisken kan jag köpa, antar att det har att göra med miljögifterna? Även om det känns lite överdrivet, knappast att man föder en utvecklingsstörd unge för att man får i sig en östersjöfisk en gång i kvartalet (snittkonsumtionen skulle jag gissa). Men de andra två är lite mer oförklarliga, opastöriserade mejerivaror och rött kött. Varför ska man inte äta dessa, någon som vet? Folk får gärna komma med fler saker man inte ska äta och varför.. Är varken kvinna eller gravid men jag har alltid tyckt att kvinnor som undviker dessa saker överdriver men jag skulle gärna vilja få det förklarat så kanske man ändrar åsikt.",0.81368446
"Har funderat lite på det här med kosthållning vid graviditet, varför de flesta kvinnor insisterar på att undvika vissa saker när dom är gravida. Dom tre sakerna jag främst tänker på är östersjöfisk, opastöriserade mejerivaror och rött kött. Östersjöfisken kan jag köpa, antar att det har att göra med miljögifterna? Även om det känns lite överdrivet, knappast att man föder en utvecklingsstörd unge för att man får i sig en östersjöfisk en gång i kvartalet (snittkonsumtionen skulle jag gissa). Men de andra två är lite mer oförklarliga, opastöriserade mejerivaror och rött kött. Varför ska man inte äta dessa, någon som vet? Folk får gärna komma med fler saker man inte ska äta och varför.. Är varken kvinna eller gravid men jag har alltid tyckt att kvinnor som undviker dessa saker överdriver men jag skulle gärna vilja få det förklarat så kanske man ändrar åsikt.",0.52909327
"Har funderat lite på det här med kosthållning vid graviditet, varför de flesta kvinnor insisterar på att undvika vissa saker när dom är gravida. Dom tre sakerna jag främst tänker på är östersjöfisk, opastöriserade mejerivaror och rött kött. Östersjöfisken kan jag köpa, antar att det har att göra med miljögifterna? Även om det känns lite överdrivet, knappast att man föder en utvecklingsstörd unge för att man får i sig en östersjöfisk en gång i kvartalet (snittkonsumtionen skulle jag gissa). Men de andra två är lite mer oförklarliga, opastöriserade mejerivaror och rött kött. Varför ska man inte äta dessa, någon som vet? Folk får gärna komma med fler saker man inte ska äta och varför.. Är varken kvinna eller gravid men jag har alltid tyckt att kvinnor som undviker dessa saker överdriver men jag skulle gärna vilja få det förklarat så kanske man ändrar åsikt.",0.4573655
"Har funderat lite på det här med kosthållning vid graviditet, varför de flesta kvinnor insisterar på att undvika vissa saker när dom är gravida. Dom tre sakerna jag främst tänker på är östersjöfisk, opastöriserade mejerivaror och rött kött. Östersjöfisken kan jag köpa, antar att det har att göra med miljögifterna? Även om det känns lite överdrivet, knappast att man föder en utvecklingsstörd unge för att man får i sig en östersjöfisk en gång i kvartalet (snittkonsumtionen skulle jag gissa). Men de andra två är lite mer oförklarliga, opastöriserade mejerivaror och rött kött. Varför ska man inte äta dessa, någon som vet? Folk får gärna komma med fler saker man inte ska äta och varför.. Är varken kvinna eller gravid men jag har alltid tyckt att kvinnor som undviker dessa saker överdriver men jag skulle gärna vilja få det förklarat så kanske man ändrar åsikt.",0.34952226
"Har funderat lite på det här med kosthållning vid graviditet, varför de flesta kvinnor insisterar på att undvika vissa saker när dom är gravida. Dom tre sakerna jag främst tänker på är östersjöfisk, opastöriserade mejerivaror och rött kött. Östersjöfisken kan jag köpa, antar att det har att göra med miljögifterna? Även om det känns lite överdrivet, knappast att man föder en utvecklingsstörd unge för att man får i sig en östersjöfisk en gång i kvartalet (snittkonsumtionen skulle jag gissa). Men de andra två är lite mer oförklarliga, opastöriserade mejerivaror och rött kött. Varför ska man inte äta dessa, någon som vet? Folk får gärna komma med fler saker man inte ska äta och varför.. Är varken kvinna eller gravid men jag har alltid tyckt att kvinnor som undviker dessa saker överdriver men jag skulle gärna vilja få det förklarat så kanske man ändrar åsikt.",0.462399
"Har funderat lite på det här med kosthållning vid graviditet, varför de flesta kvinnor insisterar på att undvika vissa saker när dom är gravida. Dom tre sakerna jag främst tänker på är östersjöfisk, opastöriserade mejerivaror och rött kött. Östersjöfisken kan jag köpa, antar att det har att göra med miljögifterna? Även om det känns lite överdrivet, knappast att man föder en utvecklingsstörd unge för att man får i sig en östersjöfisk en gång i kvartalet (snittkonsumtionen skulle jag gissa). Men de andra två är lite mer oförklarliga, opastöriserade mejerivaror och rött kött. Varför ska man inte äta dessa, någon som vet? Folk får gärna komma med fler saker man inte ska äta och varför.. Är varken kvinna eller gravid men jag har alltid tyckt att kvinnor som undviker dessa saker överdriver men jag skulle gärna vilja få det förklarat så kanske man ändrar åsikt.",0.49474883
"Har funderat lite på det här med kosthållning vid graviditet, varför de flesta kvinnor insisterar på att undvika vissa saker när dom är gravida. Dom tre sakerna jag främst tänker på är östersjöfisk, opastöriserade mejerivaror och rött kött. Östersjöfisken kan jag köpa, antar att det har att göra med miljögifterna? Även om det känns lite överdrivet, knappast att man föder en utvecklingsstörd unge för att man får i sig en östersjöfisk en gång i kvartalet (snittkonsumtionen skulle jag gissa). Men de andra två är lite mer oförklarliga, opastöriserade mejerivaror och rött kött. Varför ska man inte äta dessa, någon som vet? Folk får gärna komma med fler saker man inte ska äta och varför.. Är varken kvinna eller gravid men jag har alltid tyckt att kvinnor som undviker dessa saker överdriver men jag skulle gärna vilja få det förklarat så kanske man ändrar åsikt.",0.51205003
"Har funderat lite på det här med kosthållning vid graviditet, varför de flesta kvinnor insisterar på att undvika vissa saker när dom är gravida. Dom tre sakerna jag främst tänker på är östersjöfisk, opastöriserade mejerivaror och rött kött. Östersjöfisken kan jag köpa, antar att det har att göra med miljögifterna? Även om det känns lite överdrivet, knappast att man föder en utvecklingsstörd unge för att man får i sig en östersjöfisk en gång i kvartalet (snittkonsumtionen skulle jag gissa). Men de andra två är lite mer oförklarliga, opastöriserade mejerivaror och rött kött. Varför ska man inte äta dessa, någon som vet? Folk får gärna komma med fler saker man inte ska äta och varför.. Är varken kvinna eller gravid men jag har alltid tyckt att kvinnor som undviker dessa saker överdriver men jag skulle gärna vilja få det förklarat så kanske man ändrar åsikt.",0.47920537
"Har funderat lite på det här med kosthållning vid graviditet, varför de flesta kvinnor insisterar på att undvika vissa saker när dom är gravida. Dom tre sakerna jag främst tänker på är östersjöfisk, opastöriserade mejerivaror och rött kött. Östersjöfisken kan jag köpa, antar att det har att göra med miljögifterna? Även om det känns lite överdrivet, knappast att man föder en utvecklingsstörd unge för att man får i sig en östersjöfisk en gång i kvartalet (snittkonsumtionen skulle jag gissa). Men de andra två är lite mer oförklarliga, opastöriserade mejerivaror och rött kött. Varför ska man inte äta dessa, någon som vet? Folk får gärna komma med fler saker man inte ska äta och varför.. Är varken kvinna eller gravid men jag har alltid tyckt att kvinnor som undviker dessa saker överdriver men jag skulle gärna vilja få det förklarat så kanske man ändrar åsikt.",0.62388444
"Har funderat lite på det här med kosthållning vid graviditet, varför de flesta kvinnor insisterar på att undvika vissa saker när dom är gravida. Dom tre sakerna jag främst tänker på är östersjöfisk, opastöriserade mejerivaror och rött kött. Östersjöfisken kan jag köpa, antar att det har att göra med miljögifterna? Även om det känns lite överdrivet, knappast att man föder en utvecklingsstörd unge för att man får i sig en östersjöfisk en gång i kvartalet (snittkonsumtionen skulle jag gissa). Men de andra två är lite mer oförklarliga, opastöriserade mejerivaror och rött kött. Varför ska man inte äta dessa, någon som vet? Folk får gärna komma med fler saker man inte ska äta och varför.. Är varken kvinna eller gravid men jag har alltid tyckt att kvinnor som undviker dessa saker överdriver men jag skulle gärna vilja få det förklarat så kanske man ändrar åsikt.",0.50719225
"Har funderat lite på det här med kosthållning vid graviditet, varför de flesta kvinnor insisterar på att undvika vissa saker när dom är gravida. Dom tre sakerna jag främst tänker på är östersjöfisk, opastöriserade mejerivaror och rött kött. Östersjöfisken kan jag köpa, antar att det har att göra med miljögifterna? Även om det känns lite överdrivet, knappast att man föder en utvecklingsstörd unge för att man får i sig en östersjöfisk en gång i kvartalet (snittkonsumtionen skulle jag gissa). Men de andra två är lite mer oförklarliga, opastöriserade mejerivaror och rött kött. Varför ska man inte äta dessa, någon som vet? Folk får gärna komma med fler saker man inte ska äta och varför.. Är varken kvinna eller gravid men jag har alltid tyckt att kvinnor som undviker dessa saker överdriver men jag skulle gärna vilja få det förklarat så kanske man ändrar åsikt.",0.58906895
"Har funderat lite på det här med kosthållning vid graviditet, varför de flesta kvinnor insisterar på att undvika vissa saker när dom är gravida. Dom tre sakerna jag främst tänker på är östersjöfisk, opastöriserade mejerivaror och rött kött. Östersjöfisken kan jag köpa, antar att det har att göra med miljögifterna? Även om det känns lite överdrivet, knappast att man föder en utvecklingsstörd unge för att man får i sig en östersjöfisk en gång i kvartalet (snittkonsumtionen skulle jag gissa). Men de andra två är lite mer oförklarliga, opastöriserade mejerivaror och rött kött. Varför ska man inte äta dessa, någon som vet? Folk får gärna komma med fler saker man inte ska äta och varför.. Är varken kvinna eller gravid men jag har alltid tyckt att kvinnor som undviker dessa saker överdriver men jag skulle gärna vilja få det förklarat så kanske man ändrar åsikt.",0.42025414
"Har funderat lite på det här med kosthållning vid graviditet, varför de flesta kvinnor insisterar på att undvika vissa saker när dom är gravida. Dom tre sakerna jag främst tänker på är östersjöfisk, opastöriserade mejerivaror och rött kött. Östersjöfisken kan jag köpa, antar att det har att göra med miljögifterna? Även om det känns lite överdrivet, knappast att man föder en utvecklingsstörd unge för att man får i sig en östersjöfisk en gång i kvartalet (snittkonsumtionen skulle jag gissa). Men de andra två är lite mer oförklarliga, opastöriserade mejerivaror och rött kött. Varför ska man inte äta dessa, någon som vet? Folk får gärna komma med fler saker man inte ska äta och varför.. Är varken kvinna eller gravid men jag har alltid tyckt att kvinnor som undviker dessa saker överdriver men jag skulle gärna vilja få det förklarat så kanske man ändrar åsikt.",0.6279068
"Har funderat lite på det här med kosthållning vid graviditet, varför de flesta kvinnor insisterar på att undvika vissa saker när dom är gravida. Dom tre sakerna jag främst tänker på är östersjöfisk, opastöriserade mejerivaror och rött kött. Östersjöfisken kan jag köpa, antar att det har att göra med miljögifterna? Även om det känns lite överdrivet, knappast att man föder en utvecklingsstörd unge för att man får i sig en östersjöfisk en gång i kvartalet (snittkonsumtionen skulle jag gissa). Men de andra två är lite mer oförklarliga, opastöriserade mejerivaror och rött kött. Varför ska man inte äta dessa, någon som vet? Folk får gärna komma med fler saker man inte ska äta och varför.. Är varken kvinna eller gravid men jag har alltid tyckt att kvinnor som undviker dessa saker överdriver men jag skulle gärna vilja få det förklarat så kanske man ändrar åsikt.",0.47243193
"Har funderat lite på det här med kosthållning vid graviditet, varför de flesta kvinnor insisterar på att undvika vissa saker när dom är gravida. Dom tre sakerna jag främst tänker på är östersjöfisk, opastöriserade mejerivaror och rött kött. Östersjöfisken kan jag köpa, antar att det har att göra med miljögifterna? Även om det känns lite överdrivet, knappast att man föder en utvecklingsstörd unge för att man får i sig en östersjöfisk en gång i kvartalet (snittkonsumtionen skulle jag gissa). Men de andra två är lite mer oförklarliga, opastöriserade mejerivaror och rött kött. Varför ska man inte äta dessa, någon som vet? Folk får gärna komma med fler saker man inte ska äta och varför.. Är varken kvinna eller gravid men jag har alltid tyckt att kvinnor som undviker dessa saker överdriver men jag skulle gärna vilja få det förklarat så kanske man ändrar åsikt.",0.6135225
"Har funderat lite på det här med kosthållning vid graviditet, varför de flesta kvinnor insisterar på att undvika vissa saker när dom är gravida. Dom tre sakerna jag främst tänker på är östersjöfisk, opastöriserade mejerivaror och rött kött. Östersjöfisken kan jag köpa, antar att det har att göra med miljögifterna? Även om det känns lite överdrivet, knappast att man föder en utvecklingsstörd unge för att man får i sig en östersjöfisk en gång i kvartalet (snittkonsumtionen skulle jag gissa). Men de andra två är lite mer oförklarliga, opastöriserade mejerivaror och rött kött. Varför ska man inte äta dessa, någon som vet? Folk får gärna komma med fler saker man inte ska äta och varför.. Är varken kvinna eller gravid men jag har alltid tyckt att kvinnor som undviker dessa saker överdriver men jag skulle gärna vilja få det förklarat så kanske man ändrar åsikt.",0.6881753
"Har funderat lite på det här med kosthållning vid graviditet, varför de flesta kvinnor insisterar på att undvika vissa saker när dom är gravida. Dom tre sakerna jag främst tänker på är östersjöfisk, opastöriserade mejerivaror och rött kött. Östersjöfisken kan jag köpa, antar att det har att göra med miljögifterna? Även om det känns lite överdrivet, knappast att man föder en utvecklingsstörd unge för att man får i sig en östersjöfisk en gång i kvartalet (snittkonsumtionen skulle jag gissa). Men de andra två är lite mer oförklarliga, opastöriserade mejerivaror och rött kött. Varför ska man inte äta dessa, någon som vet? Folk får gärna komma med fler saker man inte ska äta och varför.. Är varken kvinna eller gravid men jag har alltid tyckt att kvinnor som undviker dessa saker överdriver men jag skulle gärna vilja få det förklarat så kanske man ändrar åsikt.",0.39541256
"Har funderat lite på det här med kosthållning vid graviditet, varför de flesta kvinnor insisterar på att undvika vissa saker när dom är gravida. Dom tre sakerna jag främst tänker på är östersjöfisk, opastöriserade mejerivaror och rött kött. Östersjöfisken kan jag köpa, antar att det har att göra med miljögifterna? Även om det känns lite överdrivet, knappast att man föder en utvecklingsstörd unge för att man får i sig en östersjöfisk en gång i kvartalet (snittkonsumtionen skulle jag gissa). Men de andra två är lite mer oförklarliga, opastöriserade mejerivaror och rött kött. Varför ska man inte äta dessa, någon som vet? Folk får gärna komma med fler saker man inte ska äta och varför.. Är varken kvinna eller gravid men jag har alltid tyckt att kvinnor som undviker dessa saker överdriver men jag skulle gärna vilja få det förklarat så kanske man ändrar åsikt.",0.22069848
"Har funderat lite på det här med kosthållning vid graviditet, varför de flesta kvinnor insisterar på att undvika vissa saker när dom är gravida. Dom tre sakerna jag främst tänker på är östersjöfisk, opastöriserade mejerivaror och rött kött. Östersjöfisken kan jag köpa, antar att det har att göra med miljögifterna? Även om det känns lite överdrivet, knappast att man föder en utvecklingsstörd unge för att man får i sig en östersjöfisk en gång i kvartalet (snittkonsumtionen skulle jag gissa). Men de andra två är lite mer oförklarliga, opastöriserade mejerivaror och rött kött. Varför ska man inte äta dessa, någon som vet? Folk får gärna komma med fler saker man inte ska äta och varför.. Är varken kvinna eller gravid men jag har alltid tyckt att kvinnor som undviker dessa saker överdriver men jag skulle gärna vilja få det förklarat så kanske man ändrar åsikt.",0.41800493
"Jag har haft sömnparalyser i snitt en gång i månaden sedan jag var 14 år. I vissa perioder en gång i veckan.  Nu är det så här att ibland är det så obehagliga hallucinationer att jag skriker på hjälp. I mitt huvud låter det som om jag skriker men vet inte om det bara är""mummel"" utifrån då jag är paralyserad. De senaste gångerna har kudden och täcket förvandlats till monster med vassa tänder och ser ytterst bissart ut. Inatt var det en lång man som pratade som min pappa, han stod och lutade sig över mig klädd i en vit hjälm, blå overall med grått ansikte utan ögon och mun.  Då skrek jag och anledningen till att jag undrar detta är att jag bor i ett lyhört hus tillsammans med fyra andra personer. Idag har jag lite ångest då jag inte vet hur mycket det lät när jag""skrek"". Detta hände ca tre på natten och vet åtminstone att den personen som bor närmast mig i kollektivet var vaken. Vill ju inte direkt fråga henne om jag skrek under natten... Men vill ju inte heller om människor hörde mig tro att jag är galen som skriker""Nej, sluta!!!"" mitt i natten... Så min fråga är om någon har upplevt och hört någon annan skrika under sömnparalys? eller hur upplever du när du skriker under sömnparalys? har någon hört dig skrika under en sömnparalys? hur låter det?",0.81135076
"Jag har haft sömnparalyser i snitt en gång i månaden sedan jag var 14 år. I vissa perioder en gång i veckan.  Nu är det så här att ibland är det så obehagliga hallucinationer att jag skriker på hjälp. I mitt huvud låter det som om jag skriker men vet inte om det bara är""mummel"" utifrån då jag är paralyserad. De senaste gångerna har kudden och täcket förvandlats till monster med vassa tänder och ser ytterst bissart ut. Inatt var det en lång man som pratade som min pappa, han stod och lutade sig över mig klädd i en vit hjälm, blå overall med grått ansikte utan ögon och mun.  Då skrek jag och anledningen till att jag undrar detta är att jag bor i ett lyhört hus tillsammans med fyra andra personer. Idag har jag lite ångest då jag inte vet hur mycket det lät när jag""skrek"". Detta hände ca tre på natten och vet åtminstone att den personen som bor närmast mig i kollektivet var vaken. Vill ju inte direkt fråga henne om jag skrek under natten... Men vill ju inte heller om människor hörde mig tro att jag är galen som skriker""Nej, sluta!!!"" mitt i natten... Så min fråga är om någon har upplevt och hört någon annan skrika under sömnparalys? eller hur upplever du när du skriker under sömnparalys? har någon hört dig skrika under en sömnparalys? hur låter det?",0.48331887
"Jag har haft sömnparalyser i snitt en gång i månaden sedan jag var 14 år. I vissa perioder en gång i veckan.  Nu är det så här att ibland är det så obehagliga hallucinationer att jag skriker på hjälp. I mitt huvud låter det som om jag skriker men vet inte om det bara är""mummel"" utifrån då jag är paralyserad. De senaste gångerna har kudden och täcket förvandlats till monster med vassa tänder och ser ytterst bissart ut. Inatt var det en lång man som pratade som min pappa, han stod och lutade sig över mig klädd i en vit hjälm, blå overall med grått ansikte utan ögon och mun.  Då skrek jag och anledningen till att jag undrar detta är att jag bor i ett lyhört hus tillsammans med fyra andra personer. Idag har jag lite ångest då jag inte vet hur mycket det lät när jag""skrek"". Detta hände ca tre på natten och vet åtminstone att den personen som bor närmast mig i kollektivet var vaken. Vill ju inte direkt fråga henne om jag skrek under natten... Men vill ju inte heller om människor hörde mig tro att jag är galen som skriker""Nej, sluta!!!"" mitt i natten... Så min fråga är om någon har upplevt och hört någon annan skrika under sömnparalys? eller hur upplever du när du skriker under sömnparalys? har någon hört dig skrika under en sömnparalys? hur låter det?",0.6895714
"Jag har haft sömnparalyser i snitt en gång i månaden sedan jag var 14 år. I vissa perioder en gång i veckan.  Nu är det så här att ibland är det så obehagliga hallucinationer att jag skriker på hjälp. I mitt huvud låter det som om jag skriker men vet inte om det bara är""mummel"" utifrån då jag är paralyserad. De senaste gångerna har kudden och täcket förvandlats till monster med vassa tänder och ser ytterst bissart ut. Inatt var det en lång man som pratade som min pappa, han stod och lutade sig över mig klädd i en vit hjälm, blå overall med grått ansikte utan ögon och mun.  Då skrek jag och anledningen till att jag undrar detta är att jag bor i ett lyhört hus tillsammans med fyra andra personer. Idag har jag lite ångest då jag inte vet hur mycket det lät när jag""skrek"". Detta hände ca tre på natten och vet åtminstone att den personen som bor närmast mig i kollektivet var vaken. Vill ju inte direkt fråga henne om jag skrek under natten... Men vill ju inte heller om människor hörde mig tro att jag är galen som skriker""Nej, sluta!!!"" mitt i natten... Så min fråga är om någon har upplevt och hört någon annan skrika under sömnparalys? eller hur upplever du när du skriker under sömnparalys? har någon hört dig skrika under en sömnparalys? hur låter det?",0.64841044
"Jag har haft sömnparalyser i snitt en gång i månaden sedan jag var 14 år. I vissa perioder en gång i veckan.  Nu är det så här att ibland är det så obehagliga hallucinationer att jag skriker på hjälp. I mitt huvud låter det som om jag skriker men vet inte om det bara är""mummel"" utifrån då jag är paralyserad. De senaste gångerna har kudden och täcket förvandlats till monster med vassa tänder och ser ytterst bissart ut. Inatt var det en lång man som pratade som min pappa, han stod och lutade sig över mig klädd i en vit hjälm, blå overall med grått ansikte utan ögon och mun.  Då skrek jag och anledningen till att jag undrar detta är att jag bor i ett lyhört hus tillsammans med fyra andra personer. Idag har jag lite ångest då jag inte vet hur mycket det lät när jag""skrek"". Detta hände ca tre på natten och vet åtminstone att den personen som bor närmast mig i kollektivet var vaken. Vill ju inte direkt fråga henne om jag skrek under natten... Men vill ju inte heller om människor hörde mig tro att jag är galen som skriker""Nej, sluta!!!"" mitt i natten... Så min fråga är om någon har upplevt och hört någon annan skrika under sömnparalys? eller hur upplever du när du skriker under sömnparalys? har någon hört dig skrika under en sömnparalys? hur låter det?",0.583303
"Jag har haft sömnparalyser i snitt en gång i månaden sedan jag var 14 år. I vissa perioder en gång i veckan.  Nu är det så här att ibland är det så obehagliga hallucinationer att jag skriker på hjälp. I mitt huvud låter det som om jag skriker men vet inte om det bara är""mummel"" utifrån då jag är paralyserad. De senaste gångerna har kudden och täcket förvandlats till monster med vassa tänder och ser ytterst bissart ut. Inatt var det en lång man som pratade som min pappa, han stod och lutade sig över mig klädd i en vit hjälm, blå overall med grått ansikte utan ögon och mun.  Då skrek jag och anledningen till att jag undrar detta är att jag bor i ett lyhört hus tillsammans med fyra andra personer. Idag har jag lite ångest då jag inte vet hur mycket det lät när jag""skrek"". Detta hände ca tre på natten och vet åtminstone att den personen som bor närmast mig i kollektivet var vaken. Vill ju inte direkt fråga henne om jag skrek under natten... Men vill ju inte heller om människor hörde mig tro att jag är galen som skriker""Nej, sluta!!!"" mitt i natten... Så min fråga är om någon har upplevt och hört någon annan skrika under sömnparalys? eller hur upplever du när du skriker under sömnparalys? har någon hört dig skrika under en sömnparalys? hur låter det?",0.7997364
"Jag har haft sömnparalyser i snitt en gång i månaden sedan jag var 14 år. I vissa perioder en gång i veckan.  Nu är det så här att ibland är det så obehagliga hallucinationer att jag skriker på hjälp. I mitt huvud låter det som om jag skriker men vet inte om det bara är""mummel"" utifrån då jag är paralyserad. De senaste gångerna har kudden och täcket förvandlats till monster med vassa tänder och ser ytterst bissart ut. Inatt var det en lång man som pratade som min pappa, han stod och lutade sig över mig klädd i en vit hjälm, blå overall med grått ansikte utan ögon och mun.  Då skrek jag och anledningen till att jag undrar detta är att jag bor i ett lyhört hus tillsammans med fyra andra personer. Idag har jag lite ångest då jag inte vet hur mycket det lät när jag""skrek"". Detta hände ca tre på natten och vet åtminstone att den personen som bor närmast mig i kollektivet var vaken. Vill ju inte direkt fråga henne om jag skrek under natten... Men vill ju inte heller om människor hörde mig tro att jag är galen som skriker""Nej, sluta!!!"" mitt i natten... Så min fråga är om någon har upplevt och hört någon annan skrika under sömnparalys? eller hur upplever du när du skriker under sömnparalys? har någon hört dig skrika under en sömnparalys? hur låter det?",0.36414826
"Konstig fråga kan tyckas men undar en sak.  Finns det nåt varmt land i Europa som ligger nära Sverige i levnadsstandard och utveckling? Nåt med liknande löner, arbeten och kostnader samt folk med liknande tankesätt och uppförande. Gärna sol året om eller största delen, ingen vinter och minusgrader. Ge mig lite tips, funderar på att leta jobb utomlands pga hälsan men tycker de flesta länder neråt Europa är stökiga och verkar lite efter.",0.5804055
"Konstig fråga kan tyckas men undar en sak.  Finns det nåt varmt land i Europa som ligger nära Sverige i levnadsstandard och utveckling? Nåt med liknande löner, arbeten och kostnader samt folk med liknande tankesätt och uppförande. Gärna sol året om eller största delen, ingen vinter och minusgrader. Ge mig lite tips, funderar på att leta jobb utomlands pga hälsan men tycker de flesta länder neråt Europa är stökiga och verkar lite efter.",0.42773625
"Konstig fråga kan tyckas men undar en sak.  Finns det nåt varmt land i Europa som ligger nära Sverige i levnadsstandard och utveckling? Nåt med liknande löner, arbeten och kostnader samt folk med liknande tankesätt och uppförande. Gärna sol året om eller största delen, ingen vinter och minusgrader. Ge mig lite tips, funderar på att leta jobb utomlands pga hälsan men tycker de flesta länder neråt Europa är stökiga och verkar lite efter.",0.61757356
"Konstig fråga kan tyckas men undar en sak.  Finns det nåt varmt land i Europa som ligger nära Sverige i levnadsstandard och utveckling? Nåt med liknande löner, arbeten och kostnader samt folk med liknande tankesätt och uppförande. Gärna sol året om eller största delen, ingen vinter och minusgrader. Ge mig lite tips, funderar på att leta jobb utomlands pga hälsan men tycker de flesta länder neråt Europa är stökiga och verkar lite efter.",0.65168595
"Konstig fråga kan tyckas men undar en sak.  Finns det nåt varmt land i Europa som ligger nära Sverige i levnadsstandard och utveckling? Nåt med liknande löner, arbeten och kostnader samt folk med liknande tankesätt och uppförande. Gärna sol året om eller största delen, ingen vinter och minusgrader. Ge mig lite tips, funderar på att leta jobb utomlands pga hälsan men tycker de flesta länder neråt Europa är stökiga och verkar lite efter.",0.62387204
"Konstig fråga kan tyckas men undar en sak.  Finns det nåt varmt land i Europa som ligger nära Sverige i levnadsstandard och utveckling? Nåt med liknande löner, arbeten och kostnader samt folk med liknande tankesätt och uppförande. Gärna sol året om eller största delen, ingen vinter och minusgrader. Ge mig lite tips, funderar på att leta jobb utomlands pga hälsan men tycker de flesta länder neråt Europa är stökiga och verkar lite efter.",0.76271063
"Konstig fråga kan tyckas men undar en sak.  Finns det nåt varmt land i Europa som ligger nära Sverige i levnadsstandard och utveckling? Nåt med liknande löner, arbeten och kostnader samt folk med liknande tankesätt och uppförande. Gärna sol året om eller största delen, ingen vinter och minusgrader. Ge mig lite tips, funderar på att leta jobb utomlands pga hälsan men tycker de flesta länder neråt Europa är stökiga och verkar lite efter.",0.7289622
"Konstig fråga kan tyckas men undar en sak.  Finns det nåt varmt land i Europa som ligger nära Sverige i levnadsstandard och utveckling? Nåt med liknande löner, arbeten och kostnader samt folk med liknande tankesätt och uppförande. Gärna sol året om eller största delen, ingen vinter och minusgrader. Ge mig lite tips, funderar på att leta jobb utomlands pga hälsan men tycker de flesta länder neråt Europa är stökiga och verkar lite efter.",0.6591985
"Konstig fråga kan tyckas men undar en sak.  Finns det nåt varmt land i Europa som ligger nära Sverige i levnadsstandard och utveckling? Nåt med liknande löner, arbeten och kostnader samt folk med liknande tankesätt och uppförande. Gärna sol året om eller största delen, ingen vinter och minusgrader. Ge mig lite tips, funderar på att leta jobb utomlands pga hälsan men tycker de flesta länder neråt Europa är stökiga och verkar lite efter.",0.5712468
"Konstig fråga kan tyckas men undar en sak.  Finns det nåt varmt land i Europa som ligger nära Sverige i levnadsstandard och utveckling? Nåt med liknande löner, arbeten och kostnader samt folk med liknande tankesätt och uppförande. Gärna sol året om eller största delen, ingen vinter och minusgrader. Ge mig lite tips, funderar på att leta jobb utomlands pga hälsan men tycker de flesta länder neråt Europa är stökiga och verkar lite efter.",0.58793455
"Konstig fråga kan tyckas men undar en sak.  Finns det nåt varmt land i Europa som ligger nära Sverige i levnadsstandard och utveckling? Nåt med liknande löner, arbeten och kostnader samt folk med liknande tankesätt och uppförande. Gärna sol året om eller största delen, ingen vinter och minusgrader. Ge mig lite tips, funderar på att leta jobb utomlands pga hälsan men tycker de flesta länder neråt Europa är stökiga och verkar lite efter.",0.4357646
"Konstig fråga kan tyckas men undar en sak.  Finns det nåt varmt land i Europa som ligger nära Sverige i levnadsstandard och utveckling? Nåt med liknande löner, arbeten och kostnader samt folk med liknande tankesätt och uppförande. Gärna sol året om eller största delen, ingen vinter och minusgrader. Ge mig lite tips, funderar på att leta jobb utomlands pga hälsan men tycker de flesta länder neråt Europa är stökiga och verkar lite efter.",0.7244568
"Konstig fråga kan tyckas men undar en sak.  Finns det nåt varmt land i Europa som ligger nära Sverige i levnadsstandard och utveckling? Nåt med liknande löner, arbeten och kostnader samt folk med liknande tankesätt och uppförande. Gärna sol året om eller största delen, ingen vinter och minusgrader. Ge mig lite tips, funderar på att leta jobb utomlands pga hälsan men tycker de flesta länder neråt Europa är stökiga och verkar lite efter.",0.40223253
"Konstig fråga kan tyckas men undar en sak.  Finns det nåt varmt land i Europa som ligger nära Sverige i levnadsstandard och utveckling? Nåt med liknande löner, arbeten och kostnader samt folk med liknande tankesätt och uppförande. Gärna sol året om eller största delen, ingen vinter och minusgrader. Ge mig lite tips, funderar på att leta jobb utomlands pga hälsan men tycker de flesta länder neråt Europa är stökiga och verkar lite efter.",0.6045711
"Konstig fråga kan tyckas men undar en sak.  Finns det nåt varmt land i Europa som ligger nära Sverige i levnadsstandard och utveckling? Nåt med liknande löner, arbeten och kostnader samt folk med liknande tankesätt och uppförande. Gärna sol året om eller största delen, ingen vinter och minusgrader. Ge mig lite tips, funderar på att leta jobb utomlands pga hälsan men tycker de flesta länder neråt Europa är stökiga och verkar lite efter.",0.73615205
"Konstig fråga kan tyckas men undar en sak.  Finns det nåt varmt land i Europa som ligger nära Sverige i levnadsstandard och utveckling? Nåt med liknande löner, arbeten och kostnader samt folk med liknande tankesätt och uppförande. Gärna sol året om eller största delen, ingen vinter och minusgrader. Ge mig lite tips, funderar på att leta jobb utomlands pga hälsan men tycker de flesta länder neråt Europa är stökiga och verkar lite efter.",0.5543014
"Konstig fråga kan tyckas men undar en sak.  Finns det nåt varmt land i Europa som ligger nära Sverige i levnadsstandard och utveckling? Nåt med liknande löner, arbeten och kostnader samt folk med liknande tankesätt och uppförande. Gärna sol året om eller största delen, ingen vinter och minusgrader. Ge mig lite tips, funderar på att leta jobb utomlands pga hälsan men tycker de flesta länder neråt Europa är stökiga och verkar lite efter.",0.7742644
"Konstig fråga kan tyckas men undar en sak.  Finns det nåt varmt land i Europa som ligger nära Sverige i levnadsstandard och utveckling? Nåt med liknande löner, arbeten och kostnader samt folk med liknande tankesätt och uppförande. Gärna sol året om eller största delen, ingen vinter och minusgrader. Ge mig lite tips, funderar på att leta jobb utomlands pga hälsan men tycker de flesta länder neråt Europa är stökiga och verkar lite efter.",0.5972243
Hej.  Jag undrar om någon här vet hur man blir frisör?  Eller om det finns någon billig väg att gå förutom att gå en svindyr utbildning.  Kan man gå någon annan väg för att bli det? Typ  Praktik.  Berätta gärna om egna erfarenheter.,0.73082197
Hej.  Jag undrar om någon här vet hur man blir frisör?  Eller om det finns någon billig väg att gå förutom att gå en svindyr utbildning.  Kan man gå någon annan väg för att bli det? Typ  Praktik.  Berätta gärna om egna erfarenheter.,0.40422988
Hej.  Jag undrar om någon här vet hur man blir frisör?  Eller om det finns någon billig väg att gå förutom att gå en svindyr utbildning.  Kan man gå någon annan väg för att bli det? Typ  Praktik.  Berätta gärna om egna erfarenheter.,0.56377673
Hej.  Jag undrar om någon här vet hur man blir frisör?  Eller om det finns någon billig väg att gå förutom att gå en svindyr utbildning.  Kan man gå någon annan väg för att bli det? Typ  Praktik.  Berätta gärna om egna erfarenheter.,0.62178767
Hej.  Jag undrar om någon här vet hur man blir frisör?  Eller om det finns någon billig väg att gå förutom att gå en svindyr utbildning.  Kan man gå någon annan väg för att bli det? Typ  Praktik.  Berätta gärna om egna erfarenheter.,0.5022241
Hej.  Jag undrar om någon här vet hur man blir frisör?  Eller om det finns någon billig väg att gå förutom att gå en svindyr utbildning.  Kan man gå någon annan väg för att bli det? Typ  Praktik.  Berätta gärna om egna erfarenheter.,0.4833573
Hej.  Jag undrar om någon här vet hur man blir frisör?  Eller om det finns någon billig väg att gå förutom att gå en svindyr utbildning.  Kan man gå någon annan väg för att bli det? Typ  Praktik.  Berätta gärna om egna erfarenheter.,0.5954019
Hej.  Jag undrar om någon här vet hur man blir frisör?  Eller om det finns någon billig väg att gå förutom att gå en svindyr utbildning.  Kan man gå någon annan väg för att bli det? Typ  Praktik.  Berätta gärna om egna erfarenheter.,0.49223125
"Som tur är har jag fått en tid på vårdcentralen på onsdag och ska ta upp detta + lite andra saker som hör till med en läkare, men tänkte fråga här och se om någon kanske kan hjälpa mig lindra oron lite? Jag har det senaste halvåret mått väldigt dåligt av olika anledningar, ätit oregelbundet och slarvat mycket med det mesta.. mitt liv har präglats av oro och ångest under den här tiden. Till slut sa min kropp ifrån och det visade sig att jag har fått magkatarr. I sex dagar har jag ätit omeprazol mot det här+ halsbränna, det har funkat sådär hittills.. jag läste bipackssedeln innan jag tog första dosen och såg vilka reaktioner man kan få om man är allergisk. Nässelutslag, svårigheter att svälja och svimningskänslor m.m. Nu är det så att jag har märkt av att jag har någon typ av utslag på magen och på bröstet, men jag är osäker på om det kommer från medicin eller om det är självförvållat. Ibland svider det till i magen på mig och bränner i bröstet och när jag känner det så har jag en tendens att börja klia mig där.. inte våldsamt men länge (ingen aning om varför jag gör så haha). Svårigheter att svälja tror jag inte riktigt att jag har, däremot  ont i halsen till och från och det kan kännas som en klump i halsen speciellt på morgonen. Detta brukar försvinna om jag tar en halstablett eller dricker något varmt. Jag har som sagt levt med oro och ångest under en längre tid och även utvecklat panikångest till följd av detta.. så jag blir lite konfunderad, känslan i halsen och svimningskänslorna kanske hör ihop med ångesten och utslagen med kliandet?",0.5407217
"Som tur är har jag fått en tid på vårdcentralen på onsdag och ska ta upp detta + lite andra saker som hör till med en läkare, men tänkte fråga här och se om någon kanske kan hjälpa mig lindra oron lite? Jag har det senaste halvåret mått väldigt dåligt av olika anledningar, ätit oregelbundet och slarvat mycket med det mesta.. mitt liv har präglats av oro och ångest under den här tiden. Till slut sa min kropp ifrån och det visade sig att jag har fått magkatarr. I sex dagar har jag ätit omeprazol mot det här+ halsbränna, det har funkat sådär hittills.. jag läste bipackssedeln innan jag tog första dosen och såg vilka reaktioner man kan få om man är allergisk. Nässelutslag, svårigheter att svälja och svimningskänslor m.m. Nu är det så att jag har märkt av att jag har någon typ av utslag på magen och på bröstet, men jag är osäker på om det kommer från medicin eller om det är självförvållat. Ibland svider det till i magen på mig och bränner i bröstet och när jag känner det så har jag en tendens att börja klia mig där.. inte våldsamt men länge (ingen aning om varför jag gör så haha). Svårigheter att svälja tror jag inte riktigt att jag har, däremot  ont i halsen till och från och det kan kännas som en klump i halsen speciellt på morgonen. Detta brukar försvinna om jag tar en halstablett eller dricker något varmt. Jag har som sagt levt med oro och ångest under en längre tid och även utvecklat panikångest till följd av detta.. så jag blir lite konfunderad, känslan i halsen och svimningskänslorna kanske hör ihop med ångesten och utslagen med kliandet?",0.65243256
"Som tur är har jag fått en tid på vårdcentralen på onsdag och ska ta upp detta + lite andra saker som hör till med en läkare, men tänkte fråga här och se om någon kanske kan hjälpa mig lindra oron lite? Jag har det senaste halvåret mått väldigt dåligt av olika anledningar, ätit oregelbundet och slarvat mycket med det mesta.. mitt liv har präglats av oro och ångest under den här tiden. Till slut sa min kropp ifrån och det visade sig att jag har fått magkatarr. I sex dagar har jag ätit omeprazol mot det här+ halsbränna, det har funkat sådär hittills.. jag läste bipackssedeln innan jag tog första dosen och såg vilka reaktioner man kan få om man är allergisk. Nässelutslag, svårigheter att svälja och svimningskänslor m.m. Nu är det så att jag har märkt av att jag har någon typ av utslag på magen och på bröstet, men jag är osäker på om det kommer från medicin eller om det är självförvållat. Ibland svider det till i magen på mig och bränner i bröstet och när jag känner det så har jag en tendens att börja klia mig där.. inte våldsamt men länge (ingen aning om varför jag gör så haha). Svårigheter att svälja tror jag inte riktigt att jag har, däremot  ont i halsen till och från och det kan kännas som en klump i halsen speciellt på morgonen. Detta brukar försvinna om jag tar en halstablett eller dricker något varmt. Jag har som sagt levt med oro och ångest under en längre tid och även utvecklat panikångest till följd av detta.. så jag blir lite konfunderad, känslan i halsen och svimningskänslorna kanske hör ihop med ångesten och utslagen med kliandet?",0.47479796
"Som tur är har jag fått en tid på vårdcentralen på onsdag och ska ta upp detta + lite andra saker som hör till med en läkare, men tänkte fråga här och se om någon kanske kan hjälpa mig lindra oron lite? Jag har det senaste halvåret mått väldigt dåligt av olika anledningar, ätit oregelbundet och slarvat mycket med det mesta.. mitt liv har präglats av oro och ångest under den här tiden. Till slut sa min kropp ifrån och det visade sig att jag har fått magkatarr. I sex dagar har jag ätit omeprazol mot det här+ halsbränna, det har funkat sådär hittills.. jag läste bipackssedeln innan jag tog första dosen och såg vilka reaktioner man kan få om man är allergisk. Nässelutslag, svårigheter att svälja och svimningskänslor m.m. Nu är det så att jag har märkt av att jag har någon typ av utslag på magen och på bröstet, men jag är osäker på om det kommer från medicin eller om det är självförvållat. Ibland svider det till i magen på mig och bränner i bröstet och när jag känner det så har jag en tendens att börja klia mig där.. inte våldsamt men länge (ingen aning om varför jag gör så haha). Svårigheter att svälja tror jag inte riktigt att jag har, däremot  ont i halsen till och från och det kan kännas som en klump i halsen speciellt på morgonen. Detta brukar försvinna om jag tar en halstablett eller dricker något varmt. Jag har som sagt levt med oro och ångest under en längre tid och även utvecklat panikångest till följd av detta.. så jag blir lite konfunderad, känslan i halsen och svimningskänslorna kanske hör ihop med ångesten och utslagen med kliandet?",0.56210303
"Som tur är har jag fått en tid på vårdcentralen på onsdag och ska ta upp detta + lite andra saker som hör till med en läkare, men tänkte fråga här och se om någon kanske kan hjälpa mig lindra oron lite? Jag har det senaste halvåret mått väldigt dåligt av olika anledningar, ätit oregelbundet och slarvat mycket med det mesta.. mitt liv har präglats av oro och ångest under den här tiden. Till slut sa min kropp ifrån och det visade sig att jag har fått magkatarr. I sex dagar har jag ätit omeprazol mot det här+ halsbränna, det har funkat sådär hittills.. jag läste bipackssedeln innan jag tog första dosen och såg vilka reaktioner man kan få om man är allergisk. Nässelutslag, svårigheter att svälja och svimningskänslor m.m. Nu är det så att jag har märkt av att jag har någon typ av utslag på magen och på bröstet, men jag är osäker på om det kommer från medicin eller om det är självförvållat. Ibland svider det till i magen på mig och bränner i bröstet och när jag känner det så har jag en tendens att börja klia mig där.. inte våldsamt men länge (ingen aning om varför jag gör så haha). Svårigheter att svälja tror jag inte riktigt att jag har, däremot  ont i halsen till och från och det kan kännas som en klump i halsen speciellt på morgonen. Detta brukar försvinna om jag tar en halstablett eller dricker något varmt. Jag har som sagt levt med oro och ångest under en längre tid och även utvecklat panikångest till följd av detta.. så jag blir lite konfunderad, känslan i halsen och svimningskänslorna kanske hör ihop med ångesten och utslagen med kliandet?",0.6758529
"Som tur är har jag fått en tid på vårdcentralen på onsdag och ska ta upp detta + lite andra saker som hör till med en läkare, men tänkte fråga här och se om någon kanske kan hjälpa mig lindra oron lite? Jag har det senaste halvåret mått väldigt dåligt av olika anledningar, ätit oregelbundet och slarvat mycket med det mesta.. mitt liv har präglats av oro och ångest under den här tiden. Till slut sa min kropp ifrån och det visade sig att jag har fått magkatarr. I sex dagar har jag ätit omeprazol mot det här+ halsbränna, det har funkat sådär hittills.. jag läste bipackssedeln innan jag tog första dosen och såg vilka reaktioner man kan få om man är allergisk. Nässelutslag, svårigheter att svälja och svimningskänslor m.m. Nu är det så att jag har märkt av att jag har någon typ av utslag på magen och på bröstet, men jag är osäker på om det kommer från medicin eller om det är självförvållat. Ibland svider det till i magen på mig och bränner i bröstet och när jag känner det så har jag en tendens att börja klia mig där.. inte våldsamt men länge (ingen aning om varför jag gör så haha). Svårigheter att svälja tror jag inte riktigt att jag har, däremot  ont i halsen till och från och det kan kännas som en klump i halsen speciellt på morgonen. Detta brukar försvinna om jag tar en halstablett eller dricker något varmt. Jag har som sagt levt med oro och ångest under en längre tid och även utvecklat panikångest till följd av detta.. så jag blir lite konfunderad, känslan i halsen och svimningskänslorna kanske hör ihop med ångesten och utslagen med kliandet?",0.4956041
"Som tur är har jag fått en tid på vårdcentralen på onsdag och ska ta upp detta + lite andra saker som hör till med en läkare, men tänkte fråga här och se om någon kanske kan hjälpa mig lindra oron lite? Jag har det senaste halvåret mått väldigt dåligt av olika anledningar, ätit oregelbundet och slarvat mycket med det mesta.. mitt liv har präglats av oro och ångest under den här tiden. Till slut sa min kropp ifrån och det visade sig att jag har fått magkatarr. I sex dagar har jag ätit omeprazol mot det här+ halsbränna, det har funkat sådär hittills.. jag läste bipackssedeln innan jag tog första dosen och såg vilka reaktioner man kan få om man är allergisk. Nässelutslag, svårigheter att svälja och svimningskänslor m.m. Nu är det så att jag har märkt av att jag har någon typ av utslag på magen och på bröstet, men jag är osäker på om det kommer från medicin eller om det är självförvållat. Ibland svider det till i magen på mig och bränner i bröstet och när jag känner det så har jag en tendens att börja klia mig där.. inte våldsamt men länge (ingen aning om varför jag gör så haha). Svårigheter att svälja tror jag inte riktigt att jag har, däremot  ont i halsen till och från och det kan kännas som en klump i halsen speciellt på morgonen. Detta brukar försvinna om jag tar en halstablett eller dricker något varmt. Jag har som sagt levt med oro och ångest under en längre tid och även utvecklat panikångest till följd av detta.. så jag blir lite konfunderad, känslan i halsen och svimningskänslorna kanske hör ihop med ångesten och utslagen med kliandet?",0.5080878
"Som tur är har jag fått en tid på vårdcentralen på onsdag och ska ta upp detta + lite andra saker som hör till med en läkare, men tänkte fråga här och se om någon kanske kan hjälpa mig lindra oron lite? Jag har det senaste halvåret mått väldigt dåligt av olika anledningar, ätit oregelbundet och slarvat mycket med det mesta.. mitt liv har präglats av oro och ångest under den här tiden. Till slut sa min kropp ifrån och det visade sig att jag har fått magkatarr. I sex dagar har jag ätit omeprazol mot det här+ halsbränna, det har funkat sådär hittills.. jag läste bipackssedeln innan jag tog första dosen och såg vilka reaktioner man kan få om man är allergisk. Nässelutslag, svårigheter att svälja och svimningskänslor m.m. Nu är det så att jag har märkt av att jag har någon typ av utslag på magen och på bröstet, men jag är osäker på om det kommer från medicin eller om det är självförvållat. Ibland svider det till i magen på mig och bränner i bröstet och när jag känner det så har jag en tendens att börja klia mig där.. inte våldsamt men länge (ingen aning om varför jag gör så haha). Svårigheter att svälja tror jag inte riktigt att jag har, däremot  ont i halsen till och från och det kan kännas som en klump i halsen speciellt på morgonen. Detta brukar försvinna om jag tar en halstablett eller dricker något varmt. Jag har som sagt levt med oro och ångest under en längre tid och även utvecklat panikångest till följd av detta.. så jag blir lite konfunderad, känslan i halsen och svimningskänslorna kanske hör ihop med ångesten och utslagen med kliandet?",0.6069504
"Som tur är har jag fått en tid på vårdcentralen på onsdag och ska ta upp detta + lite andra saker som hör till med en läkare, men tänkte fråga här och se om någon kanske kan hjälpa mig lindra oron lite? Jag har det senaste halvåret mått väldigt dåligt av olika anledningar, ätit oregelbundet och slarvat mycket med det mesta.. mitt liv har präglats av oro och ångest under den här tiden. Till slut sa min kropp ifrån och det visade sig att jag har fått magkatarr. I sex dagar har jag ätit omeprazol mot det här+ halsbränna, det har funkat sådär hittills.. jag läste bipackssedeln innan jag tog första dosen och såg vilka reaktioner man kan få om man är allergisk. Nässelutslag, svårigheter att svälja och svimningskänslor m.m. Nu är det så att jag har märkt av att jag har någon typ av utslag på magen och på bröstet, men jag är osäker på om det kommer från medicin eller om det är självförvållat. Ibland svider det till i magen på mig och bränner i bröstet och när jag känner det så har jag en tendens att börja klia mig där.. inte våldsamt men länge (ingen aning om varför jag gör så haha). Svårigheter att svälja tror jag inte riktigt att jag har, däremot  ont i halsen till och från och det kan kännas som en klump i halsen speciellt på morgonen. Detta brukar försvinna om jag tar en halstablett eller dricker något varmt. Jag har som sagt levt med oro och ångest under en längre tid och även utvecklat panikångest till följd av detta.. så jag blir lite konfunderad, känslan i halsen och svimningskänslorna kanske hör ihop med ångesten och utslagen med kliandet?",0.7067344
"Som tur är har jag fått en tid på vårdcentralen på onsdag och ska ta upp detta + lite andra saker som hör till med en läkare, men tänkte fråga här och se om någon kanske kan hjälpa mig lindra oron lite? Jag har det senaste halvåret mått väldigt dåligt av olika anledningar, ätit oregelbundet och slarvat mycket med det mesta.. mitt liv har präglats av oro och ångest under den här tiden. Till slut sa min kropp ifrån och det visade sig att jag har fått magkatarr. I sex dagar har jag ätit omeprazol mot det här+ halsbränna, det har funkat sådär hittills.. jag läste bipackssedeln innan jag tog första dosen och såg vilka reaktioner man kan få om man är allergisk. Nässelutslag, svårigheter att svälja och svimningskänslor m.m. Nu är det så att jag har märkt av att jag har någon typ av utslag på magen och på bröstet, men jag är osäker på om det kommer från medicin eller om det är självförvållat. Ibland svider det till i magen på mig och bränner i bröstet och när jag känner det så har jag en tendens att börja klia mig där.. inte våldsamt men länge (ingen aning om varför jag gör så haha). Svårigheter att svälja tror jag inte riktigt att jag har, däremot  ont i halsen till och från och det kan kännas som en klump i halsen speciellt på morgonen. Detta brukar försvinna om jag tar en halstablett eller dricker något varmt. Jag har som sagt levt med oro och ångest under en längre tid och även utvecklat panikångest till följd av detta.. så jag blir lite konfunderad, känslan i halsen och svimningskänslorna kanske hör ihop med ångesten och utslagen med kliandet?",0.53722715
"Som tur är har jag fått en tid på vårdcentralen på onsdag och ska ta upp detta + lite andra saker som hör till med en läkare, men tänkte fråga här och se om någon kanske kan hjälpa mig lindra oron lite? Jag har det senaste halvåret mått väldigt dåligt av olika anledningar, ätit oregelbundet och slarvat mycket med det mesta.. mitt liv har präglats av oro och ångest under den här tiden. Till slut sa min kropp ifrån och det visade sig att jag har fått magkatarr. I sex dagar har jag ätit omeprazol mot det här+ halsbränna, det har funkat sådär hittills.. jag läste bipackssedeln innan jag tog första dosen och såg vilka reaktioner man kan få om man är allergisk. Nässelutslag, svårigheter att svälja och svimningskänslor m.m. Nu är det så att jag har märkt av att jag har någon typ av utslag på magen och på bröstet, men jag är osäker på om det kommer från medicin eller om det är självförvållat. Ibland svider det till i magen på mig och bränner i bröstet och när jag känner det så har jag en tendens att börja klia mig där.. inte våldsamt men länge (ingen aning om varför jag gör så haha). Svårigheter att svälja tror jag inte riktigt att jag har, däremot  ont i halsen till och från och det kan kännas som en klump i halsen speciellt på morgonen. Detta brukar försvinna om jag tar en halstablett eller dricker något varmt. Jag har som sagt levt med oro och ångest under en längre tid och även utvecklat panikångest till följd av detta.. så jag blir lite konfunderad, känslan i halsen och svimningskänslorna kanske hör ihop med ångesten och utslagen med kliandet?",0.54833084
"Som tur är har jag fått en tid på vårdcentralen på onsdag och ska ta upp detta + lite andra saker som hör till med en läkare, men tänkte fråga här och se om någon kanske kan hjälpa mig lindra oron lite? Jag har det senaste halvåret mått väldigt dåligt av olika anledningar, ätit oregelbundet och slarvat mycket med det mesta.. mitt liv har präglats av oro och ångest under den här tiden. Till slut sa min kropp ifrån och det visade sig att jag har fått magkatarr. I sex dagar har jag ätit omeprazol mot det här+ halsbränna, det har funkat sådär hittills.. jag läste bipackssedeln innan jag tog första dosen och såg vilka reaktioner man kan få om man är allergisk. Nässelutslag, svårigheter att svälja och svimningskänslor m.m. Nu är det så att jag har märkt av att jag har någon typ av utslag på magen och på bröstet, men jag är osäker på om det kommer från medicin eller om det är självförvållat. Ibland svider det till i magen på mig och bränner i bröstet och när jag känner det så har jag en tendens att börja klia mig där.. inte våldsamt men länge (ingen aning om varför jag gör så haha). Svårigheter att svälja tror jag inte riktigt att jag har, däremot  ont i halsen till och från och det kan kännas som en klump i halsen speciellt på morgonen. Detta brukar försvinna om jag tar en halstablett eller dricker något varmt. Jag har som sagt levt med oro och ångest under en längre tid och även utvecklat panikångest till följd av detta.. så jag blir lite konfunderad, känslan i halsen och svimningskänslorna kanske hör ihop med ångesten och utslagen med kliandet?",0.34494042
"Som tur är har jag fått en tid på vårdcentralen på onsdag och ska ta upp detta + lite andra saker som hör till med en läkare, men tänkte fråga här och se om någon kanske kan hjälpa mig lindra oron lite? Jag har det senaste halvåret mått väldigt dåligt av olika anledningar, ätit oregelbundet och slarvat mycket med det mesta.. mitt liv har präglats av oro och ångest under den här tiden. Till slut sa min kropp ifrån och det visade sig att jag har fått magkatarr. I sex dagar har jag ätit omeprazol mot det här+ halsbränna, det har funkat sådär hittills.. jag läste bipackssedeln innan jag tog första dosen och såg vilka reaktioner man kan få om man är allergisk. Nässelutslag, svårigheter att svälja och svimningskänslor m.m. Nu är det så att jag har märkt av att jag har någon typ av utslag på magen och på bröstet, men jag är osäker på om det kommer från medicin eller om det är självförvållat. Ibland svider det till i magen på mig och bränner i bröstet och när jag känner det så har jag en tendens att börja klia mig där.. inte våldsamt men länge (ingen aning om varför jag gör så haha). Svårigheter att svälja tror jag inte riktigt att jag har, däremot  ont i halsen till och från och det kan kännas som en klump i halsen speciellt på morgonen. Detta brukar försvinna om jag tar en halstablett eller dricker något varmt. Jag har som sagt levt med oro och ångest under en längre tid och även utvecklat panikångest till följd av detta.. så jag blir lite konfunderad, känslan i halsen och svimningskänslorna kanske hör ihop med ångesten och utslagen med kliandet?",0.64107347
"Som tur är har jag fått en tid på vårdcentralen på onsdag och ska ta upp detta + lite andra saker som hör till med en läkare, men tänkte fråga här och se om någon kanske kan hjälpa mig lindra oron lite? Jag har det senaste halvåret mått väldigt dåligt av olika anledningar, ätit oregelbundet och slarvat mycket med det mesta.. mitt liv har präglats av oro och ångest under den här tiden. Till slut sa min kropp ifrån och det visade sig att jag har fått magkatarr. I sex dagar har jag ätit omeprazol mot det här+ halsbränna, det har funkat sådär hittills.. jag läste bipackssedeln innan jag tog första dosen och såg vilka reaktioner man kan få om man är allergisk. Nässelutslag, svårigheter att svälja och svimningskänslor m.m. Nu är det så att jag har märkt av att jag har någon typ av utslag på magen och på bröstet, men jag är osäker på om det kommer från medicin eller om det är självförvållat. Ibland svider det till i magen på mig och bränner i bröstet och när jag känner det så har jag en tendens att börja klia mig där.. inte våldsamt men länge (ingen aning om varför jag gör så haha). Svårigheter att svälja tror jag inte riktigt att jag har, däremot  ont i halsen till och från och det kan kännas som en klump i halsen speciellt på morgonen. Detta brukar försvinna om jag tar en halstablett eller dricker något varmt. Jag har som sagt levt med oro och ångest under en längre tid och även utvecklat panikångest till följd av detta.. så jag blir lite konfunderad, känslan i halsen och svimningskänslorna kanske hör ihop med ångesten och utslagen med kliandet?",0.6771741
"Som tur är har jag fått en tid på vårdcentralen på onsdag och ska ta upp detta + lite andra saker som hör till med en läkare, men tänkte fråga här och se om någon kanske kan hjälpa mig lindra oron lite? Jag har det senaste halvåret mått väldigt dåligt av olika anledningar, ätit oregelbundet och slarvat mycket med det mesta.. mitt liv har präglats av oro och ångest under den här tiden. Till slut sa min kropp ifrån och det visade sig att jag har fått magkatarr. I sex dagar har jag ätit omeprazol mot det här+ halsbränna, det har funkat sådär hittills.. jag läste bipackssedeln innan jag tog första dosen och såg vilka reaktioner man kan få om man är allergisk. Nässelutslag, svårigheter att svälja och svimningskänslor m.m. Nu är det så att jag har märkt av att jag har någon typ av utslag på magen och på bröstet, men jag är osäker på om det kommer från medicin eller om det är självförvållat. Ibland svider det till i magen på mig och bränner i bröstet och när jag känner det så har jag en tendens att börja klia mig där.. inte våldsamt men länge (ingen aning om varför jag gör så haha). Svårigheter att svälja tror jag inte riktigt att jag har, däremot  ont i halsen till och från och det kan kännas som en klump i halsen speciellt på morgonen. Detta brukar försvinna om jag tar en halstablett eller dricker något varmt. Jag har som sagt levt med oro och ångest under en längre tid och även utvecklat panikångest till följd av detta.. så jag blir lite konfunderad, känslan i halsen och svimningskänslorna kanske hör ihop med ångesten och utslagen med kliandet?",0.40205675
"Som tur är har jag fått en tid på vårdcentralen på onsdag och ska ta upp detta + lite andra saker som hör till med en läkare, men tänkte fråga här och se om någon kanske kan hjälpa mig lindra oron lite? Jag har det senaste halvåret mått väldigt dåligt av olika anledningar, ätit oregelbundet och slarvat mycket med det mesta.. mitt liv har präglats av oro och ångest under den här tiden. Till slut sa min kropp ifrån och det visade sig att jag har fått magkatarr. I sex dagar har jag ätit omeprazol mot det här+ halsbränna, det har funkat sådär hittills.. jag läste bipackssedeln innan jag tog första dosen och såg vilka reaktioner man kan få om man är allergisk. Nässelutslag, svårigheter att svälja och svimningskänslor m.m. Nu är det så att jag har märkt av att jag har någon typ av utslag på magen och på bröstet, men jag är osäker på om det kommer från medicin eller om det är självförvållat. Ibland svider det till i magen på mig och bränner i bröstet och när jag känner det så har jag en tendens att börja klia mig där.. inte våldsamt men länge (ingen aning om varför jag gör så haha). Svårigheter att svälja tror jag inte riktigt att jag har, däremot  ont i halsen till och från och det kan kännas som en klump i halsen speciellt på morgonen. Detta brukar försvinna om jag tar en halstablett eller dricker något varmt. Jag har som sagt levt med oro och ångest under en längre tid och även utvecklat panikångest till följd av detta.. så jag blir lite konfunderad, känslan i halsen och svimningskänslorna kanske hör ihop med ångesten och utslagen med kliandet?",0.43932742
"Som tur är har jag fått en tid på vårdcentralen på onsdag och ska ta upp detta + lite andra saker som hör till med en läkare, men tänkte fråga här och se om någon kanske kan hjälpa mig lindra oron lite? Jag har det senaste halvåret mått väldigt dåligt av olika anledningar, ätit oregelbundet och slarvat mycket med det mesta.. mitt liv har präglats av oro och ångest under den här tiden. Till slut sa min kropp ifrån och det visade sig att jag har fått magkatarr. I sex dagar har jag ätit omeprazol mot det här+ halsbränna, det har funkat sådär hittills.. jag läste bipackssedeln innan jag tog första dosen och såg vilka reaktioner man kan få om man är allergisk. Nässelutslag, svårigheter att svälja och svimningskänslor m.m. Nu är det så att jag har märkt av att jag har någon typ av utslag på magen och på bröstet, men jag är osäker på om det kommer från medicin eller om det är självförvållat. Ibland svider det till i magen på mig och bränner i bröstet och när jag känner det så har jag en tendens att börja klia mig där.. inte våldsamt men länge (ingen aning om varför jag gör så haha). Svårigheter att svälja tror jag inte riktigt att jag har, däremot  ont i halsen till och från och det kan kännas som en klump i halsen speciellt på morgonen. Detta brukar försvinna om jag tar en halstablett eller dricker något varmt. Jag har som sagt levt med oro och ångest under en längre tid och även utvecklat panikångest till följd av detta.. så jag blir lite konfunderad, känslan i halsen och svimningskänslorna kanske hör ihop med ångesten och utslagen med kliandet?",0.5898449
"Som tur är har jag fått en tid på vårdcentralen på onsdag och ska ta upp detta + lite andra saker som hör till med en läkare, men tänkte fråga här och se om någon kanske kan hjälpa mig lindra oron lite? Jag har det senaste halvåret mått väldigt dåligt av olika anledningar, ätit oregelbundet och slarvat mycket med det mesta.. mitt liv har präglats av oro och ångest under den här tiden. Till slut sa min kropp ifrån och det visade sig att jag har fått magkatarr. I sex dagar har jag ätit omeprazol mot det här+ halsbränna, det har funkat sådär hittills.. jag läste bipackssedeln innan jag tog första dosen och såg vilka reaktioner man kan få om man är allergisk. Nässelutslag, svårigheter att svälja och svimningskänslor m.m. Nu är det så att jag har märkt av att jag har någon typ av utslag på magen och på bröstet, men jag är osäker på om det kommer från medicin eller om det är självförvållat. Ibland svider det till i magen på mig och bränner i bröstet och när jag känner det så har jag en tendens att börja klia mig där.. inte våldsamt men länge (ingen aning om varför jag gör så haha). Svårigheter att svälja tror jag inte riktigt att jag har, däremot  ont i halsen till och från och det kan kännas som en klump i halsen speciellt på morgonen. Detta brukar försvinna om jag tar en halstablett eller dricker något varmt. Jag har som sagt levt med oro och ångest under en längre tid och även utvecklat panikångest till följd av detta.. så jag blir lite konfunderad, känslan i halsen och svimningskänslorna kanske hör ihop med ångesten och utslagen med kliandet?",0.46099263
"Som tur är har jag fått en tid på vårdcentralen på onsdag och ska ta upp detta + lite andra saker som hör till med en läkare, men tänkte fråga här och se om någon kanske kan hjälpa mig lindra oron lite? Jag har det senaste halvåret mått väldigt dåligt av olika anledningar, ätit oregelbundet och slarvat mycket med det mesta.. mitt liv har präglats av oro och ångest under den här tiden. Till slut sa min kropp ifrån och det visade sig att jag har fått magkatarr. I sex dagar har jag ätit omeprazol mot det här+ halsbränna, det har funkat sådär hittills.. jag läste bipackssedeln innan jag tog första dosen och såg vilka reaktioner man kan få om man är allergisk. Nässelutslag, svårigheter att svälja och svimningskänslor m.m. Nu är det så att jag har märkt av att jag har någon typ av utslag på magen och på bröstet, men jag är osäker på om det kommer från medicin eller om det är självförvållat. Ibland svider det till i magen på mig och bränner i bröstet och när jag känner det så har jag en tendens att börja klia mig där.. inte våldsamt men länge (ingen aning om varför jag gör så haha). Svårigheter att svälja tror jag inte riktigt att jag har, däremot  ont i halsen till och från och det kan kännas som en klump i halsen speciellt på morgonen. Detta brukar försvinna om jag tar en halstablett eller dricker något varmt. Jag har som sagt levt med oro och ångest under en längre tid och även utvecklat panikångest till följd av detta.. så jag blir lite konfunderad, känslan i halsen och svimningskänslorna kanske hör ihop med ångesten och utslagen med kliandet?",0.60364246
"Som tur är har jag fått en tid på vårdcentralen på onsdag och ska ta upp detta + lite andra saker som hör till med en läkare, men tänkte fråga här och se om någon kanske kan hjälpa mig lindra oron lite? Jag har det senaste halvåret mått väldigt dåligt av olika anledningar, ätit oregelbundet och slarvat mycket med det mesta.. mitt liv har präglats av oro och ångest under den här tiden. Till slut sa min kropp ifrån och det visade sig att jag har fått magkatarr. I sex dagar har jag ätit omeprazol mot det här+ halsbränna, det har funkat sådär hittills.. jag läste bipackssedeln innan jag tog första dosen och såg vilka reaktioner man kan få om man är allergisk. Nässelutslag, svårigheter att svälja och svimningskänslor m.m. Nu är det så att jag har märkt av att jag har någon typ av utslag på magen och på bröstet, men jag är osäker på om det kommer från medicin eller om det är självförvållat. Ibland svider det till i magen på mig och bränner i bröstet och när jag känner det så har jag en tendens att börja klia mig där.. inte våldsamt men länge (ingen aning om varför jag gör så haha). Svårigheter att svälja tror jag inte riktigt att jag har, däremot  ont i halsen till och från och det kan kännas som en klump i halsen speciellt på morgonen. Detta brukar försvinna om jag tar en halstablett eller dricker något varmt. Jag har som sagt levt med oro och ångest under en längre tid och även utvecklat panikångest till följd av detta.. så jag blir lite konfunderad, känslan i halsen och svimningskänslorna kanske hör ihop med ångesten och utslagen med kliandet?",0.5221853
"Som tur är har jag fått en tid på vårdcentralen på onsdag och ska ta upp detta + lite andra saker som hör till med en läkare, men tänkte fråga här och se om någon kanske kan hjälpa mig lindra oron lite? Jag har det senaste halvåret mått väldigt dåligt av olika anledningar, ätit oregelbundet och slarvat mycket med det mesta.. mitt liv har präglats av oro och ångest under den här tiden. Till slut sa min kropp ifrån och det visade sig att jag har fått magkatarr. I sex dagar har jag ätit omeprazol mot det här+ halsbränna, det har funkat sådär hittills.. jag läste bipackssedeln innan jag tog första dosen och såg vilka reaktioner man kan få om man är allergisk. Nässelutslag, svårigheter att svälja och svimningskänslor m.m. Nu är det så att jag har märkt av att jag har någon typ av utslag på magen och på bröstet, men jag är osäker på om det kommer från medicin eller om det är självförvållat. Ibland svider det till i magen på mig och bränner i bröstet och när jag känner det så har jag en tendens att börja klia mig där.. inte våldsamt men länge (ingen aning om varför jag gör så haha). Svårigheter att svälja tror jag inte riktigt att jag har, däremot  ont i halsen till och från och det kan kännas som en klump i halsen speciellt på morgonen. Detta brukar försvinna om jag tar en halstablett eller dricker något varmt. Jag har som sagt levt med oro och ångest under en längre tid och även utvecklat panikångest till följd av detta.. så jag blir lite konfunderad, känslan i halsen och svimningskänslorna kanske hör ihop med ångesten och utslagen med kliandet?",0.67766714
"Som tur är har jag fått en tid på vårdcentralen på onsdag och ska ta upp detta + lite andra saker som hör till med en läkare, men tänkte fråga här och se om någon kanske kan hjälpa mig lindra oron lite? Jag har det senaste halvåret mått väldigt dåligt av olika anledningar, ätit oregelbundet och slarvat mycket med det mesta.. mitt liv har präglats av oro och ångest under den här tiden. Till slut sa min kropp ifrån och det visade sig att jag har fått magkatarr. I sex dagar har jag ätit omeprazol mot det här+ halsbränna, det har funkat sådär hittills.. jag läste bipackssedeln innan jag tog första dosen och såg vilka reaktioner man kan få om man är allergisk. Nässelutslag, svårigheter att svälja och svimningskänslor m.m. Nu är det så att jag har märkt av att jag har någon typ av utslag på magen och på bröstet, men jag är osäker på om det kommer från medicin eller om det är självförvållat. Ibland svider det till i magen på mig och bränner i bröstet och när jag känner det så har jag en tendens att börja klia mig där.. inte våldsamt men länge (ingen aning om varför jag gör så haha). Svårigheter att svälja tror jag inte riktigt att jag har, däremot  ont i halsen till och från och det kan kännas som en klump i halsen speciellt på morgonen. Detta brukar försvinna om jag tar en halstablett eller dricker något varmt. Jag har som sagt levt med oro och ångest under en längre tid och även utvecklat panikångest till följd av detta.. så jag blir lite konfunderad, känslan i halsen och svimningskänslorna kanske hör ihop med ångesten och utslagen med kliandet?",0.4825849
"Som tur är har jag fått en tid på vårdcentralen på onsdag och ska ta upp detta + lite andra saker som hör till med en läkare, men tänkte fråga här och se om någon kanske kan hjälpa mig lindra oron lite? Jag har det senaste halvåret mått väldigt dåligt av olika anledningar, ätit oregelbundet och slarvat mycket med det mesta.. mitt liv har präglats av oro och ångest under den här tiden. Till slut sa min kropp ifrån och det visade sig att jag har fått magkatarr. I sex dagar har jag ätit omeprazol mot det här+ halsbränna, det har funkat sådär hittills.. jag läste bipackssedeln innan jag tog första dosen och såg vilka reaktioner man kan få om man är allergisk. Nässelutslag, svårigheter att svälja och svimningskänslor m.m. Nu är det så att jag har märkt av att jag har någon typ av utslag på magen och på bröstet, men jag är osäker på om det kommer från medicin eller om det är självförvållat. Ibland svider det till i magen på mig och bränner i bröstet och när jag känner det så har jag en tendens att börja klia mig där.. inte våldsamt men länge (ingen aning om varför jag gör så haha). Svårigheter att svälja tror jag inte riktigt att jag har, däremot  ont i halsen till och från och det kan kännas som en klump i halsen speciellt på morgonen. Detta brukar försvinna om jag tar en halstablett eller dricker något varmt. Jag har som sagt levt med oro och ångest under en längre tid och även utvecklat panikångest till följd av detta.. så jag blir lite konfunderad, känslan i halsen och svimningskänslorna kanske hör ihop med ångesten och utslagen med kliandet?",0.67850673
"Som tur är har jag fått en tid på vårdcentralen på onsdag och ska ta upp detta + lite andra saker som hör till med en läkare, men tänkte fråga här och se om någon kanske kan hjälpa mig lindra oron lite? Jag har det senaste halvåret mått väldigt dåligt av olika anledningar, ätit oregelbundet och slarvat mycket med det mesta.. mitt liv har präglats av oro och ångest under den här tiden. Till slut sa min kropp ifrån och det visade sig att jag har fått magkatarr. I sex dagar har jag ätit omeprazol mot det här+ halsbränna, det har funkat sådär hittills.. jag läste bipackssedeln innan jag tog första dosen och såg vilka reaktioner man kan få om man är allergisk. Nässelutslag, svårigheter att svälja och svimningskänslor m.m. Nu är det så att jag har märkt av att jag har någon typ av utslag på magen och på bröstet, men jag är osäker på om det kommer från medicin eller om det är självförvållat. Ibland svider det till i magen på mig och bränner i bröstet och när jag känner det så har jag en tendens att börja klia mig där.. inte våldsamt men länge (ingen aning om varför jag gör så haha). Svårigheter att svälja tror jag inte riktigt att jag har, däremot  ont i halsen till och från och det kan kännas som en klump i halsen speciellt på morgonen. Detta brukar försvinna om jag tar en halstablett eller dricker något varmt. Jag har som sagt levt med oro och ångest under en längre tid och även utvecklat panikångest till följd av detta.. så jag blir lite konfunderad, känslan i halsen och svimningskänslorna kanske hör ihop med ångesten och utslagen med kliandet?",0.5828731
"Som tur är har jag fått en tid på vårdcentralen på onsdag och ska ta upp detta + lite andra saker som hör till med en läkare, men tänkte fråga här och se om någon kanske kan hjälpa mig lindra oron lite? Jag har det senaste halvåret mått väldigt dåligt av olika anledningar, ätit oregelbundet och slarvat mycket med det mesta.. mitt liv har präglats av oro och ångest under den här tiden. Till slut sa min kropp ifrån och det visade sig att jag har fått magkatarr. I sex dagar har jag ätit omeprazol mot det här+ halsbränna, det har funkat sådär hittills.. jag läste bipackssedeln innan jag tog första dosen och såg vilka reaktioner man kan få om man är allergisk. Nässelutslag, svårigheter att svälja och svimningskänslor m.m. Nu är det så att jag har märkt av att jag har någon typ av utslag på magen och på bröstet, men jag är osäker på om det kommer från medicin eller om det är självförvållat. Ibland svider det till i magen på mig och bränner i bröstet och när jag känner det så har jag en tendens att börja klia mig där.. inte våldsamt men länge (ingen aning om varför jag gör så haha). Svårigheter att svälja tror jag inte riktigt att jag har, däremot  ont i halsen till och från och det kan kännas som en klump i halsen speciellt på morgonen. Detta brukar försvinna om jag tar en halstablett eller dricker något varmt. Jag har som sagt levt med oro och ångest under en längre tid och även utvecklat panikångest till följd av detta.. så jag blir lite konfunderad, känslan i halsen och svimningskänslorna kanske hör ihop med ångesten och utslagen med kliandet?",0.48055983
"Som tur är har jag fått en tid på vårdcentralen på onsdag och ska ta upp detta + lite andra saker som hör till med en läkare, men tänkte fråga här och se om någon kanske kan hjälpa mig lindra oron lite? Jag har det senaste halvåret mått väldigt dåligt av olika anledningar, ätit oregelbundet och slarvat mycket med det mesta.. mitt liv har präglats av oro och ångest under den här tiden. Till slut sa min kropp ifrån och det visade sig att jag har fått magkatarr. I sex dagar har jag ätit omeprazol mot det här+ halsbränna, det har funkat sådär hittills.. jag läste bipackssedeln innan jag tog första dosen och såg vilka reaktioner man kan få om man är allergisk. Nässelutslag, svårigheter att svälja och svimningskänslor m.m. Nu är det så att jag har märkt av att jag har någon typ av utslag på magen och på bröstet, men jag är osäker på om det kommer från medicin eller om det är självförvållat. Ibland svider det till i magen på mig och bränner i bröstet och när jag känner det så har jag en tendens att börja klia mig där.. inte våldsamt men länge (ingen aning om varför jag gör så haha). Svårigheter att svälja tror jag inte riktigt att jag har, däremot  ont i halsen till och från och det kan kännas som en klump i halsen speciellt på morgonen. Detta brukar försvinna om jag tar en halstablett eller dricker något varmt. Jag har som sagt levt med oro och ångest under en längre tid och även utvecklat panikångest till följd av detta.. så jag blir lite konfunderad, känslan i halsen och svimningskänslorna kanske hör ihop med ångesten och utslagen med kliandet?",0.58603114
"Som tur är har jag fått en tid på vårdcentralen på onsdag och ska ta upp detta + lite andra saker som hör till med en läkare, men tänkte fråga här och se om någon kanske kan hjälpa mig lindra oron lite? Jag har det senaste halvåret mått väldigt dåligt av olika anledningar, ätit oregelbundet och slarvat mycket med det mesta.. mitt liv har präglats av oro och ångest under den här tiden. Till slut sa min kropp ifrån och det visade sig att jag har fått magkatarr. I sex dagar har jag ätit omeprazol mot det här+ halsbränna, det har funkat sådär hittills.. jag läste bipackssedeln innan jag tog första dosen och såg vilka reaktioner man kan få om man är allergisk. Nässelutslag, svårigheter att svälja och svimningskänslor m.m. Nu är det så att jag har märkt av att jag har någon typ av utslag på magen och på bröstet, men jag är osäker på om det kommer från medicin eller om det är självförvållat. Ibland svider det till i magen på mig och bränner i bröstet och när jag känner det så har jag en tendens att börja klia mig där.. inte våldsamt men länge (ingen aning om varför jag gör så haha). Svårigheter att svälja tror jag inte riktigt att jag har, däremot  ont i halsen till och från och det kan kännas som en klump i halsen speciellt på morgonen. Detta brukar försvinna om jag tar en halstablett eller dricker något varmt. Jag har som sagt levt med oro och ångest under en längre tid och även utvecklat panikångest till följd av detta.. så jag blir lite konfunderad, känslan i halsen och svimningskänslorna kanske hör ihop med ångesten och utslagen med kliandet?",0.49148077
"Som tur är har jag fått en tid på vårdcentralen på onsdag och ska ta upp detta + lite andra saker som hör till med en läkare, men tänkte fråga här och se om någon kanske kan hjälpa mig lindra oron lite? Jag har det senaste halvåret mått väldigt dåligt av olika anledningar, ätit oregelbundet och slarvat mycket med det mesta.. mitt liv har präglats av oro och ångest under den här tiden. Till slut sa min kropp ifrån och det visade sig att jag har fått magkatarr. I sex dagar har jag ätit omeprazol mot det här+ halsbränna, det har funkat sådär hittills.. jag läste bipackssedeln innan jag tog första dosen och såg vilka reaktioner man kan få om man är allergisk. Nässelutslag, svårigheter att svälja och svimningskänslor m.m. Nu är det så att jag har märkt av att jag har någon typ av utslag på magen och på bröstet, men jag är osäker på om det kommer från medicin eller om det är självförvållat. Ibland svider det till i magen på mig och bränner i bröstet och när jag känner det så har jag en tendens att börja klia mig där.. inte våldsamt men länge (ingen aning om varför jag gör så haha). Svårigheter att svälja tror jag inte riktigt att jag har, däremot  ont i halsen till och från och det kan kännas som en klump i halsen speciellt på morgonen. Detta brukar försvinna om jag tar en halstablett eller dricker något varmt. Jag har som sagt levt med oro och ångest under en längre tid och även utvecklat panikångest till följd av detta.. så jag blir lite konfunderad, känslan i halsen och svimningskänslorna kanske hör ihop med ångesten och utslagen med kliandet?",0.5170038
"Som tur är har jag fått en tid på vårdcentralen på onsdag och ska ta upp detta + lite andra saker som hör till med en läkare, men tänkte fråga här och se om någon kanske kan hjälpa mig lindra oron lite? Jag har det senaste halvåret mått väldigt dåligt av olika anledningar, ätit oregelbundet och slarvat mycket med det mesta.. mitt liv har präglats av oro och ångest under den här tiden. Till slut sa min kropp ifrån och det visade sig att jag har fått magkatarr. I sex dagar har jag ätit omeprazol mot det här+ halsbränna, det har funkat sådär hittills.. jag läste bipackssedeln innan jag tog första dosen och såg vilka reaktioner man kan få om man är allergisk. Nässelutslag, svårigheter att svälja och svimningskänslor m.m. Nu är det så att jag har märkt av att jag har någon typ av utslag på magen och på bröstet, men jag är osäker på om det kommer från medicin eller om det är självförvållat. Ibland svider det till i magen på mig och bränner i bröstet och när jag känner det så har jag en tendens att börja klia mig där.. inte våldsamt men länge (ingen aning om varför jag gör så haha). Svårigheter att svälja tror jag inte riktigt att jag har, däremot  ont i halsen till och från och det kan kännas som en klump i halsen speciellt på morgonen. Detta brukar försvinna om jag tar en halstablett eller dricker något varmt. Jag har som sagt levt med oro och ångest under en längre tid och även utvecklat panikångest till följd av detta.. så jag blir lite konfunderad, känslan i halsen och svimningskänslorna kanske hör ihop med ångesten och utslagen med kliandet?",0.37872696
"Som tur är har jag fått en tid på vårdcentralen på onsdag och ska ta upp detta + lite andra saker som hör till med en läkare, men tänkte fråga här och se om någon kanske kan hjälpa mig lindra oron lite? Jag har det senaste halvåret mått väldigt dåligt av olika anledningar, ätit oregelbundet och slarvat mycket med det mesta.. mitt liv har präglats av oro och ångest under den här tiden. Till slut sa min kropp ifrån och det visade sig att jag har fått magkatarr. I sex dagar har jag ätit omeprazol mot det här+ halsbränna, det har funkat sådär hittills.. jag läste bipackssedeln innan jag tog första dosen och såg vilka reaktioner man kan få om man är allergisk. Nässelutslag, svårigheter att svälja och svimningskänslor m.m. Nu är det så att jag har märkt av att jag har någon typ av utslag på magen och på bröstet, men jag är osäker på om det kommer från medicin eller om det är självförvållat. Ibland svider det till i magen på mig och bränner i bröstet och när jag känner det så har jag en tendens att börja klia mig där.. inte våldsamt men länge (ingen aning om varför jag gör så haha). Svårigheter att svälja tror jag inte riktigt att jag har, däremot  ont i halsen till och från och det kan kännas som en klump i halsen speciellt på morgonen. Detta brukar försvinna om jag tar en halstablett eller dricker något varmt. Jag har som sagt levt med oro och ångest under en längre tid och även utvecklat panikångest till följd av detta.. så jag blir lite konfunderad, känslan i halsen och svimningskänslorna kanske hör ihop med ångesten och utslagen med kliandet?",0.5668355
"Hej! Sitter här och har precis sugit i mig en bong. Och har kommit på att jag blir påverkad jävligt lätt av hasch, som för övrigt är rätt ekonomiskt. Iallafall, jag mätte upp o,35 på vågen och tog en tredjedel av detta rent i bongen (älskar att röka rent, avskyr nikotin och allt som har med det att göra). Nu är jag mycket bäng. Jag har ju precis inköpt vågen (förresten brukar jag inte sitta och väga det, bara kul nu när man hade våg), och därför aldrig riktigt vetat hur mycket jag sugit i mig. Min fråga är ju då: Hur mycket brukar ni stoppa i när ni röker? Förresten, jag vet mycket väl hur det känns att röka för mycket då jag har gjort det ett flertal gånger.",0.7532977
"Hej! Sitter här och har precis sugit i mig en bong. Och har kommit på att jag blir påverkad jävligt lätt av hasch, som för övrigt är rätt ekonomiskt. Iallafall, jag mätte upp o,35 på vågen och tog en tredjedel av detta rent i bongen (älskar att röka rent, avskyr nikotin och allt som har med det att göra). Nu är jag mycket bäng. Jag har ju precis inköpt vågen (förresten brukar jag inte sitta och väga det, bara kul nu när man hade våg), och därför aldrig riktigt vetat hur mycket jag sugit i mig. Min fråga är ju då: Hur mycket brukar ni stoppa i när ni röker? Förresten, jag vet mycket väl hur det känns att röka för mycket då jag har gjort det ett flertal gånger.",0.68801653
"Hej! Sitter här och har precis sugit i mig en bong. Och har kommit på att jag blir påverkad jävligt lätt av hasch, som för övrigt är rätt ekonomiskt. Iallafall, jag mätte upp o,35 på vågen och tog en tredjedel av detta rent i bongen (älskar att röka rent, avskyr nikotin och allt som har med det att göra). Nu är jag mycket bäng. Jag har ju precis inköpt vågen (förresten brukar jag inte sitta och väga det, bara kul nu när man hade våg), och därför aldrig riktigt vetat hur mycket jag sugit i mig. Min fråga är ju då: Hur mycket brukar ni stoppa i när ni röker? Förresten, jag vet mycket väl hur det känns att röka för mycket då jag har gjort det ett flertal gånger.",0.4680469
"Hej! Sitter här och har precis sugit i mig en bong. Och har kommit på att jag blir påverkad jävligt lätt av hasch, som för övrigt är rätt ekonomiskt. Iallafall, jag mätte upp o,35 på vågen och tog en tredjedel av detta rent i bongen (älskar att röka rent, avskyr nikotin och allt som har med det att göra). Nu är jag mycket bäng. Jag har ju precis inköpt vågen (förresten brukar jag inte sitta och väga det, bara kul nu när man hade våg), och därför aldrig riktigt vetat hur mycket jag sugit i mig. Min fråga är ju då: Hur mycket brukar ni stoppa i när ni röker? Förresten, jag vet mycket väl hur det känns att röka för mycket då jag har gjort det ett flertal gånger.",0.6430232
"Hej! Sitter här och har precis sugit i mig en bong. Och har kommit på att jag blir påverkad jävligt lätt av hasch, som för övrigt är rätt ekonomiskt. Iallafall, jag mätte upp o,35 på vågen och tog en tredjedel av detta rent i bongen (älskar att röka rent, avskyr nikotin och allt som har med det att göra). Nu är jag mycket bäng. Jag har ju precis inköpt vågen (förresten brukar jag inte sitta och väga det, bara kul nu när man hade våg), och därför aldrig riktigt vetat hur mycket jag sugit i mig. Min fråga är ju då: Hur mycket brukar ni stoppa i när ni röker? Förresten, jag vet mycket väl hur det känns att röka för mycket då jag har gjort det ett flertal gånger.",0.6250361
"Hej! Sitter här och har precis sugit i mig en bong. Och har kommit på att jag blir påverkad jävligt lätt av hasch, som för övrigt är rätt ekonomiskt. Iallafall, jag mätte upp o,35 på vågen och tog en tredjedel av detta rent i bongen (älskar att röka rent, avskyr nikotin och allt som har med det att göra). Nu är jag mycket bäng. Jag har ju precis inköpt vågen (förresten brukar jag inte sitta och väga det, bara kul nu när man hade våg), och därför aldrig riktigt vetat hur mycket jag sugit i mig. Min fråga är ju då: Hur mycket brukar ni stoppa i när ni röker? Förresten, jag vet mycket väl hur det känns att röka för mycket då jag har gjort det ett flertal gånger.",0.4391901
"Hej! Sitter här och har precis sugit i mig en bong. Och har kommit på att jag blir påverkad jävligt lätt av hasch, som för övrigt är rätt ekonomiskt. Iallafall, jag mätte upp o,35 på vågen och tog en tredjedel av detta rent i bongen (älskar att röka rent, avskyr nikotin och allt som har med det att göra). Nu är jag mycket bäng. Jag har ju precis inköpt vågen (förresten brukar jag inte sitta och väga det, bara kul nu när man hade våg), och därför aldrig riktigt vetat hur mycket jag sugit i mig. Min fråga är ju då: Hur mycket brukar ni stoppa i när ni röker? Förresten, jag vet mycket väl hur det känns att röka för mycket då jag har gjort det ett flertal gånger.",0.5337043
"Hej! Sitter här och har precis sugit i mig en bong. Och har kommit på att jag blir påverkad jävligt lätt av hasch, som för övrigt är rätt ekonomiskt. Iallafall, jag mätte upp o,35 på vågen och tog en tredjedel av detta rent i bongen (älskar att röka rent, avskyr nikotin och allt som har med det att göra). Nu är jag mycket bäng. Jag har ju precis inköpt vågen (förresten brukar jag inte sitta och väga det, bara kul nu när man hade våg), och därför aldrig riktigt vetat hur mycket jag sugit i mig. Min fråga är ju då: Hur mycket brukar ni stoppa i när ni röker? Förresten, jag vet mycket väl hur det känns att röka för mycket då jag har gjort det ett flertal gånger.",0.5560671
"Hej! Sitter här och har precis sugit i mig en bong. Och har kommit på att jag blir påverkad jävligt lätt av hasch, som för övrigt är rätt ekonomiskt. Iallafall, jag mätte upp o,35 på vågen och tog en tredjedel av detta rent i bongen (älskar att röka rent, avskyr nikotin och allt som har med det att göra). Nu är jag mycket bäng. Jag har ju precis inköpt vågen (förresten brukar jag inte sitta och väga det, bara kul nu när man hade våg), och därför aldrig riktigt vetat hur mycket jag sugit i mig. Min fråga är ju då: Hur mycket brukar ni stoppa i när ni röker? Förresten, jag vet mycket väl hur det känns att röka för mycket då jag har gjort det ett flertal gånger.",0.6145452
"Hej! Sitter här och har precis sugit i mig en bong. Och har kommit på att jag blir påverkad jävligt lätt av hasch, som för övrigt är rätt ekonomiskt. Iallafall, jag mätte upp o,35 på vågen och tog en tredjedel av detta rent i bongen (älskar att röka rent, avskyr nikotin och allt som har med det att göra). Nu är jag mycket bäng. Jag har ju precis inköpt vågen (förresten brukar jag inte sitta och väga det, bara kul nu när man hade våg), och därför aldrig riktigt vetat hur mycket jag sugit i mig. Min fråga är ju då: Hur mycket brukar ni stoppa i när ni röker? Förresten, jag vet mycket väl hur det känns att röka för mycket då jag har gjort det ett flertal gånger.",0.47153908
"Hej! Sitter här och har precis sugit i mig en bong. Och har kommit på att jag blir påverkad jävligt lätt av hasch, som för övrigt är rätt ekonomiskt. Iallafall, jag mätte upp o,35 på vågen och tog en tredjedel av detta rent i bongen (älskar att röka rent, avskyr nikotin och allt som har med det att göra). Nu är jag mycket bäng. Jag har ju precis inköpt vågen (förresten brukar jag inte sitta och väga det, bara kul nu när man hade våg), och därför aldrig riktigt vetat hur mycket jag sugit i mig. Min fråga är ju då: Hur mycket brukar ni stoppa i när ni röker? Förresten, jag vet mycket väl hur det känns att röka för mycket då jag har gjort det ett flertal gånger.",0.5678655
"Hej! Sitter här och har precis sugit i mig en bong. Och har kommit på att jag blir påverkad jävligt lätt av hasch, som för övrigt är rätt ekonomiskt. Iallafall, jag mätte upp o,35 på vågen och tog en tredjedel av detta rent i bongen (älskar att röka rent, avskyr nikotin och allt som har med det att göra). Nu är jag mycket bäng. Jag har ju precis inköpt vågen (förresten brukar jag inte sitta och väga det, bara kul nu när man hade våg), och därför aldrig riktigt vetat hur mycket jag sugit i mig. Min fråga är ju då: Hur mycket brukar ni stoppa i när ni röker? Förresten, jag vet mycket väl hur det känns att röka för mycket då jag har gjort det ett flertal gånger.",0.42293608
"Hej! Sitter här och har precis sugit i mig en bong. Och har kommit på att jag blir påverkad jävligt lätt av hasch, som för övrigt är rätt ekonomiskt. Iallafall, jag mätte upp o,35 på vågen och tog en tredjedel av detta rent i bongen (älskar att röka rent, avskyr nikotin och allt som har med det att göra). Nu är jag mycket bäng. Jag har ju precis inköpt vågen (förresten brukar jag inte sitta och väga det, bara kul nu när man hade våg), och därför aldrig riktigt vetat hur mycket jag sugit i mig. Min fråga är ju då: Hur mycket brukar ni stoppa i när ni röker? Förresten, jag vet mycket väl hur det känns att röka för mycket då jag har gjort det ett flertal gånger.",0.693145
"Hej! Sitter här och har precis sugit i mig en bong. Och har kommit på att jag blir påverkad jävligt lätt av hasch, som för övrigt är rätt ekonomiskt. Iallafall, jag mätte upp o,35 på vågen och tog en tredjedel av detta rent i bongen (älskar att röka rent, avskyr nikotin och allt som har med det att göra). Nu är jag mycket bäng. Jag har ju precis inköpt vågen (förresten brukar jag inte sitta och väga det, bara kul nu när man hade våg), och därför aldrig riktigt vetat hur mycket jag sugit i mig. Min fråga är ju då: Hur mycket brukar ni stoppa i när ni röker? Förresten, jag vet mycket väl hur det känns att röka för mycket då jag har gjort det ett flertal gånger.",0.48625386
"Hej! Sitter här och har precis sugit i mig en bong. Och har kommit på att jag blir påverkad jävligt lätt av hasch, som för övrigt är rätt ekonomiskt. Iallafall, jag mätte upp o,35 på vågen och tog en tredjedel av detta rent i bongen (älskar att röka rent, avskyr nikotin och allt som har med det att göra). Nu är jag mycket bäng. Jag har ju precis inköpt vågen (förresten brukar jag inte sitta och väga det, bara kul nu när man hade våg), och därför aldrig riktigt vetat hur mycket jag sugit i mig. Min fråga är ju då: Hur mycket brukar ni stoppa i när ni röker? Förresten, jag vet mycket väl hur det känns att röka för mycket då jag har gjort det ett flertal gånger.",0.5647794
"Hej! Sitter här och har precis sugit i mig en bong. Och har kommit på att jag blir påverkad jävligt lätt av hasch, som för övrigt är rätt ekonomiskt. Iallafall, jag mätte upp o,35 på vågen och tog en tredjedel av detta rent i bongen (älskar att röka rent, avskyr nikotin och allt som har med det att göra). Nu är jag mycket bäng. Jag har ju precis inköpt vågen (förresten brukar jag inte sitta och väga det, bara kul nu när man hade våg), och därför aldrig riktigt vetat hur mycket jag sugit i mig. Min fråga är ju då: Hur mycket brukar ni stoppa i när ni röker? Förresten, jag vet mycket väl hur det känns att röka för mycket då jag har gjort det ett flertal gånger.",0.5767237
"Hej! Sitter här och har precis sugit i mig en bong. Och har kommit på att jag blir påverkad jävligt lätt av hasch, som för övrigt är rätt ekonomiskt. Iallafall, jag mätte upp o,35 på vågen och tog en tredjedel av detta rent i bongen (älskar att röka rent, avskyr nikotin och allt som har med det att göra). Nu är jag mycket bäng. Jag har ju precis inköpt vågen (förresten brukar jag inte sitta och väga det, bara kul nu när man hade våg), och därför aldrig riktigt vetat hur mycket jag sugit i mig. Min fråga är ju då: Hur mycket brukar ni stoppa i när ni röker? Förresten, jag vet mycket väl hur det känns att röka för mycket då jag har gjort det ett flertal gånger.",0.46264213
"Hej! Sitter här och har precis sugit i mig en bong. Och har kommit på att jag blir påverkad jävligt lätt av hasch, som för övrigt är rätt ekonomiskt. Iallafall, jag mätte upp o,35 på vågen och tog en tredjedel av detta rent i bongen (älskar att röka rent, avskyr nikotin och allt som har med det att göra). Nu är jag mycket bäng. Jag har ju precis inköpt vågen (förresten brukar jag inte sitta och väga det, bara kul nu när man hade våg), och därför aldrig riktigt vetat hur mycket jag sugit i mig. Min fråga är ju då: Hur mycket brukar ni stoppa i när ni röker? Förresten, jag vet mycket väl hur det känns att röka för mycket då jag har gjort det ett flertal gånger.",0.6805434
"Hej! Sitter här och har precis sugit i mig en bong. Och har kommit på att jag blir påverkad jävligt lätt av hasch, som för övrigt är rätt ekonomiskt. Iallafall, jag mätte upp o,35 på vågen och tog en tredjedel av detta rent i bongen (älskar att röka rent, avskyr nikotin och allt som har med det att göra). Nu är jag mycket bäng. Jag har ju precis inköpt vågen (förresten brukar jag inte sitta och väga det, bara kul nu när man hade våg), och därför aldrig riktigt vetat hur mycket jag sugit i mig. Min fråga är ju då: Hur mycket brukar ni stoppa i när ni röker? Förresten, jag vet mycket väl hur det känns att röka för mycket då jag har gjort det ett flertal gånger.",0.47063828
"Hej! Sitter här och har precis sugit i mig en bong. Och har kommit på att jag blir påverkad jävligt lätt av hasch, som för övrigt är rätt ekonomiskt. Iallafall, jag mätte upp o,35 på vågen och tog en tredjedel av detta rent i bongen (älskar att röka rent, avskyr nikotin och allt som har med det att göra). Nu är jag mycket bäng. Jag har ju precis inköpt vågen (förresten brukar jag inte sitta och väga det, bara kul nu när man hade våg), och därför aldrig riktigt vetat hur mycket jag sugit i mig. Min fråga är ju då: Hur mycket brukar ni stoppa i när ni röker? Förresten, jag vet mycket väl hur det känns att röka för mycket då jag har gjort det ett flertal gånger.",0.34847623
"Hej! Sitter här och har precis sugit i mig en bong. Och har kommit på att jag blir påverkad jävligt lätt av hasch, som för övrigt är rätt ekonomiskt. Iallafall, jag mätte upp o,35 på vågen och tog en tredjedel av detta rent i bongen (älskar att röka rent, avskyr nikotin och allt som har med det att göra). Nu är jag mycket bäng. Jag har ju precis inköpt vågen (förresten brukar jag inte sitta och väga det, bara kul nu när man hade våg), och därför aldrig riktigt vetat hur mycket jag sugit i mig. Min fråga är ju då: Hur mycket brukar ni stoppa i när ni röker? Förresten, jag vet mycket väl hur det känns att röka för mycket då jag har gjort det ett flertal gånger.",0.598076
"Hej! Sitter här och har precis sugit i mig en bong. Och har kommit på att jag blir påverkad jävligt lätt av hasch, som för övrigt är rätt ekonomiskt. Iallafall, jag mätte upp o,35 på vågen och tog en tredjedel av detta rent i bongen (älskar att röka rent, avskyr nikotin och allt som har med det att göra). Nu är jag mycket bäng. Jag har ju precis inköpt vågen (förresten brukar jag inte sitta och väga det, bara kul nu när man hade våg), och därför aldrig riktigt vetat hur mycket jag sugit i mig. Min fråga är ju då: Hur mycket brukar ni stoppa i när ni röker? Förresten, jag vet mycket väl hur det känns att röka för mycket då jag har gjort det ett flertal gånger.",0.5453031
"Hej! Sitter här och har precis sugit i mig en bong. Och har kommit på att jag blir påverkad jävligt lätt av hasch, som för övrigt är rätt ekonomiskt. Iallafall, jag mätte upp o,35 på vågen och tog en tredjedel av detta rent i bongen (älskar att röka rent, avskyr nikotin och allt som har med det att göra). Nu är jag mycket bäng. Jag har ju precis inköpt vågen (förresten brukar jag inte sitta och väga det, bara kul nu när man hade våg), och därför aldrig riktigt vetat hur mycket jag sugit i mig. Min fråga är ju då: Hur mycket brukar ni stoppa i när ni röker? Förresten, jag vet mycket väl hur det känns att röka för mycket då jag har gjort det ett flertal gånger.",0.5200805
"Hej! Sitter här och har precis sugit i mig en bong. Och har kommit på att jag blir påverkad jävligt lätt av hasch, som för övrigt är rätt ekonomiskt. Iallafall, jag mätte upp o,35 på vågen och tog en tredjedel av detta rent i bongen (älskar att röka rent, avskyr nikotin och allt som har med det att göra). Nu är jag mycket bäng. Jag har ju precis inköpt vågen (förresten brukar jag inte sitta och väga det, bara kul nu när man hade våg), och därför aldrig riktigt vetat hur mycket jag sugit i mig. Min fråga är ju då: Hur mycket brukar ni stoppa i när ni röker? Förresten, jag vet mycket väl hur det känns att röka för mycket då jag har gjort det ett flertal gånger.",0.539552
"Hej! Sitter här och har precis sugit i mig en bong. Och har kommit på att jag blir påverkad jävligt lätt av hasch, som för övrigt är rätt ekonomiskt. Iallafall, jag mätte upp o,35 på vågen och tog en tredjedel av detta rent i bongen (älskar att röka rent, avskyr nikotin och allt som har med det att göra). Nu är jag mycket bäng. Jag har ju precis inköpt vågen (förresten brukar jag inte sitta och väga det, bara kul nu när man hade våg), och därför aldrig riktigt vetat hur mycket jag sugit i mig. Min fråga är ju då: Hur mycket brukar ni stoppa i när ni röker? Förresten, jag vet mycket väl hur det känns att röka för mycket då jag har gjort det ett flertal gånger.",0.5303254
"Hej! Sitter här och har precis sugit i mig en bong. Och har kommit på att jag blir påverkad jävligt lätt av hasch, som för övrigt är rätt ekonomiskt. Iallafall, jag mätte upp o,35 på vågen och tog en tredjedel av detta rent i bongen (älskar att röka rent, avskyr nikotin och allt som har med det att göra). Nu är jag mycket bäng. Jag har ju precis inköpt vågen (förresten brukar jag inte sitta och väga det, bara kul nu när man hade våg), och därför aldrig riktigt vetat hur mycket jag sugit i mig. Min fråga är ju då: Hur mycket brukar ni stoppa i när ni röker? Förresten, jag vet mycket väl hur det känns att röka för mycket då jag har gjort det ett flertal gånger.",0.50847834
"Hej! Sitter här och har precis sugit i mig en bong. Och har kommit på att jag blir påverkad jävligt lätt av hasch, som för övrigt är rätt ekonomiskt. Iallafall, jag mätte upp o,35 på vågen och tog en tredjedel av detta rent i bongen (älskar att röka rent, avskyr nikotin och allt som har med det att göra). Nu är jag mycket bäng. Jag har ju precis inköpt vågen (förresten brukar jag inte sitta och väga det, bara kul nu när man hade våg), och därför aldrig riktigt vetat hur mycket jag sugit i mig. Min fråga är ju då: Hur mycket brukar ni stoppa i när ni röker? Förresten, jag vet mycket väl hur det känns att röka för mycket då jag har gjort det ett flertal gånger.",0.40912277
"Hej! Sitter här och har precis sugit i mig en bong. Och har kommit på att jag blir påverkad jävligt lätt av hasch, som för övrigt är rätt ekonomiskt. Iallafall, jag mätte upp o,35 på vågen och tog en tredjedel av detta rent i bongen (älskar att röka rent, avskyr nikotin och allt som har med det att göra). Nu är jag mycket bäng. Jag har ju precis inköpt vågen (förresten brukar jag inte sitta och väga det, bara kul nu när man hade våg), och därför aldrig riktigt vetat hur mycket jag sugit i mig. Min fråga är ju då: Hur mycket brukar ni stoppa i när ni röker? Förresten, jag vet mycket väl hur det känns att röka för mycket då jag har gjort det ett flertal gånger.",0.58596003
"Hej! Sitter här och har precis sugit i mig en bong. Och har kommit på att jag blir påverkad jävligt lätt av hasch, som för övrigt är rätt ekonomiskt. Iallafall, jag mätte upp o,35 på vågen och tog en tredjedel av detta rent i bongen (älskar att röka rent, avskyr nikotin och allt som har med det att göra). Nu är jag mycket bäng. Jag har ju precis inköpt vågen (förresten brukar jag inte sitta och väga det, bara kul nu när man hade våg), och därför aldrig riktigt vetat hur mycket jag sugit i mig. Min fråga är ju då: Hur mycket brukar ni stoppa i när ni röker? Förresten, jag vet mycket väl hur det känns att röka för mycket då jag har gjort det ett flertal gånger.",0.46541038
"Hej! Sitter här och har precis sugit i mig en bong. Och har kommit på att jag blir påverkad jävligt lätt av hasch, som för övrigt är rätt ekonomiskt. Iallafall, jag mätte upp o,35 på vågen och tog en tredjedel av detta rent i bongen (älskar att röka rent, avskyr nikotin och allt som har med det att göra). Nu är jag mycket bäng. Jag har ju precis inköpt vågen (förresten brukar jag inte sitta och väga det, bara kul nu när man hade våg), och därför aldrig riktigt vetat hur mycket jag sugit i mig. Min fråga är ju då: Hur mycket brukar ni stoppa i när ni röker? Förresten, jag vet mycket väl hur det känns att röka för mycket då jag har gjort det ett flertal gånger.",0.3313293
"Stopp vid Odenplan för tunnelbanans gröna linje 17, 18 och 19 sedan kl 0:08 på grund av ordningsproblem.",0.4791355
"Stopp vid Odenplan för tunnelbanans gröna linje 17, 18 och 19 sedan kl 0:08 på grund av ordningsproblem.",0.40758598
"Stopp vid Odenplan för tunnelbanans gröna linje 17, 18 och 19 sedan kl 0:08 på grund av ordningsproblem.",0.35622603
"Stopp vid Odenplan för tunnelbanans gröna linje 17, 18 och 19 sedan kl 0:08 på grund av ordningsproblem.",0.5372344
"Stopp vid Odenplan för tunnelbanans gröna linje 17, 18 och 19 sedan kl 0:08 på grund av ordningsproblem.",0.3039528
Ingen som vet vart man kan köpa Stenströms under bara skjortor - på internet?,0.100118056
Ingen som vet vart man kan köpa Stenströms under bara skjortor - på internet?,0.49840292
Ingen som vet vart man kan köpa Stenströms under bara skjortor - på internet?,0.48755372
"Hej! Någon som är haj på det här med kontantinsatsen när man köper lägenhet? Jag har hört väldigt mycket olika om detta ett tag. Vissa säger att man inte får ta lån på kontantinsatsen längre utan det är bara till att spara pengar. Men andra har även sagt att vissa banker godkänner topplån på kontantinsatsen. Hur fungerar det? Jag ska på en jobbintervju imorn angående en fast tjänst och jag har ju drömmar nu om att kanske kunna köpa en bostadsrätt nu. För den drömmen kan väl inte vara omöjlig om man har fast tjänst, det är ju så det går till eller fungerar det inte så i dagens samhälle längre?? /Kajsa",0.7893566
"Hej! Någon som är haj på det här med kontantinsatsen när man köper lägenhet? Jag har hört väldigt mycket olika om detta ett tag. Vissa säger att man inte får ta lån på kontantinsatsen längre utan det är bara till att spara pengar. Men andra har även sagt att vissa banker godkänner topplån på kontantinsatsen. Hur fungerar det? Jag ska på en jobbintervju imorn angående en fast tjänst och jag har ju drömmar nu om att kanske kunna köpa en bostadsrätt nu. För den drömmen kan väl inte vara omöjlig om man har fast tjänst, det är ju så det går till eller fungerar det inte så i dagens samhälle längre?? /Kajsa",0.663736
"Hej! Någon som är haj på det här med kontantinsatsen när man köper lägenhet? Jag har hört väldigt mycket olika om detta ett tag. Vissa säger att man inte får ta lån på kontantinsatsen längre utan det är bara till att spara pengar. Men andra har även sagt att vissa banker godkänner topplån på kontantinsatsen. Hur fungerar det? Jag ska på en jobbintervju imorn angående en fast tjänst och jag har ju drömmar nu om att kanske kunna köpa en bostadsrätt nu. För den drömmen kan väl inte vara omöjlig om man har fast tjänst, det är ju så det går till eller fungerar det inte så i dagens samhälle längre?? /Kajsa",0.5446657
"Hej! Någon som är haj på det här med kontantinsatsen när man köper lägenhet? Jag har hört väldigt mycket olika om detta ett tag. Vissa säger att man inte får ta lån på kontantinsatsen längre utan det är bara till att spara pengar. Men andra har även sagt att vissa banker godkänner topplån på kontantinsatsen. Hur fungerar det? Jag ska på en jobbintervju imorn angående en fast tjänst och jag har ju drömmar nu om att kanske kunna köpa en bostadsrätt nu. För den drömmen kan väl inte vara omöjlig om man har fast tjänst, det är ju så det går till eller fungerar det inte så i dagens samhälle längre?? /Kajsa",0.5742949
"Hej! Någon som är haj på det här med kontantinsatsen när man köper lägenhet? Jag har hört väldigt mycket olika om detta ett tag. Vissa säger att man inte får ta lån på kontantinsatsen längre utan det är bara till att spara pengar. Men andra har även sagt att vissa banker godkänner topplån på kontantinsatsen. Hur fungerar det? Jag ska på en jobbintervju imorn angående en fast tjänst och jag har ju drömmar nu om att kanske kunna köpa en bostadsrätt nu. För den drömmen kan väl inte vara omöjlig om man har fast tjänst, det är ju så det går till eller fungerar det inte så i dagens samhälle längre?? /Kajsa",0.7709613
"Hej! Någon som är haj på det här med kontantinsatsen när man köper lägenhet? Jag har hört väldigt mycket olika om detta ett tag. Vissa säger att man inte får ta lån på kontantinsatsen längre utan det är bara till att spara pengar. Men andra har även sagt att vissa banker godkänner topplån på kontantinsatsen. Hur fungerar det? Jag ska på en jobbintervju imorn angående en fast tjänst och jag har ju drömmar nu om att kanske kunna köpa en bostadsrätt nu. För den drömmen kan väl inte vara omöjlig om man har fast tjänst, det är ju så det går till eller fungerar det inte så i dagens samhälle längre?? /Kajsa",0.7191906
"Hej! Någon som är haj på det här med kontantinsatsen när man köper lägenhet? Jag har hört väldigt mycket olika om detta ett tag. Vissa säger att man inte får ta lån på kontantinsatsen längre utan det är bara till att spara pengar. Men andra har även sagt att vissa banker godkänner topplån på kontantinsatsen. Hur fungerar det? Jag ska på en jobbintervju imorn angående en fast tjänst och jag har ju drömmar nu om att kanske kunna köpa en bostadsrätt nu. För den drömmen kan väl inte vara omöjlig om man har fast tjänst, det är ju så det går till eller fungerar det inte så i dagens samhälle längre?? /Kajsa",0.6386391
"Hej! Någon som är haj på det här med kontantinsatsen när man köper lägenhet? Jag har hört väldigt mycket olika om detta ett tag. Vissa säger att man inte får ta lån på kontantinsatsen längre utan det är bara till att spara pengar. Men andra har även sagt att vissa banker godkänner topplån på kontantinsatsen. Hur fungerar det? Jag ska på en jobbintervju imorn angående en fast tjänst och jag har ju drömmar nu om att kanske kunna köpa en bostadsrätt nu. För den drömmen kan väl inte vara omöjlig om man har fast tjänst, det är ju så det går till eller fungerar det inte så i dagens samhälle längre?? /Kajsa",0.6610742
"Hej! Någon som är haj på det här med kontantinsatsen när man köper lägenhet? Jag har hört väldigt mycket olika om detta ett tag. Vissa säger att man inte får ta lån på kontantinsatsen längre utan det är bara till att spara pengar. Men andra har även sagt att vissa banker godkänner topplån på kontantinsatsen. Hur fungerar det? Jag ska på en jobbintervju imorn angående en fast tjänst och jag har ju drömmar nu om att kanske kunna köpa en bostadsrätt nu. För den drömmen kan väl inte vara omöjlig om man har fast tjänst, det är ju så det går till eller fungerar det inte så i dagens samhälle längre?? /Kajsa",0.50359213
"Hej! Någon som är haj på det här med kontantinsatsen när man köper lägenhet? Jag har hört väldigt mycket olika om detta ett tag. Vissa säger att man inte får ta lån på kontantinsatsen längre utan det är bara till att spara pengar. Men andra har även sagt att vissa banker godkänner topplån på kontantinsatsen. Hur fungerar det? Jag ska på en jobbintervju imorn angående en fast tjänst och jag har ju drömmar nu om att kanske kunna köpa en bostadsrätt nu. För den drömmen kan väl inte vara omöjlig om man har fast tjänst, det är ju så det går till eller fungerar det inte så i dagens samhälle längre?? /Kajsa",0.76795864
"Hej! Någon som är haj på det här med kontantinsatsen när man köper lägenhet? Jag har hört väldigt mycket olika om detta ett tag. Vissa säger att man inte får ta lån på kontantinsatsen längre utan det är bara till att spara pengar. Men andra har även sagt att vissa banker godkänner topplån på kontantinsatsen. Hur fungerar det? Jag ska på en jobbintervju imorn angående en fast tjänst och jag har ju drömmar nu om att kanske kunna köpa en bostadsrätt nu. För den drömmen kan väl inte vara omöjlig om man har fast tjänst, det är ju så det går till eller fungerar det inte så i dagens samhälle längre?? /Kajsa",0.573185
"Hej! Någon som är haj på det här med kontantinsatsen när man köper lägenhet? Jag har hört väldigt mycket olika om detta ett tag. Vissa säger att man inte får ta lån på kontantinsatsen längre utan det är bara till att spara pengar. Men andra har även sagt att vissa banker godkänner topplån på kontantinsatsen. Hur fungerar det? Jag ska på en jobbintervju imorn angående en fast tjänst och jag har ju drömmar nu om att kanske kunna köpa en bostadsrätt nu. För den drömmen kan väl inte vara omöjlig om man har fast tjänst, det är ju så det går till eller fungerar det inte så i dagens samhälle längre?? /Kajsa",0.50654155
"Hej! Någon som är haj på det här med kontantinsatsen när man köper lägenhet? Jag har hört väldigt mycket olika om detta ett tag. Vissa säger att man inte får ta lån på kontantinsatsen längre utan det är bara till att spara pengar. Men andra har även sagt att vissa banker godkänner topplån på kontantinsatsen. Hur fungerar det? Jag ska på en jobbintervju imorn angående en fast tjänst och jag har ju drömmar nu om att kanske kunna köpa en bostadsrätt nu. För den drömmen kan väl inte vara omöjlig om man har fast tjänst, det är ju så det går till eller fungerar det inte så i dagens samhälle längre?? /Kajsa",0.47245055
"Hej! Någon som är haj på det här med kontantinsatsen när man köper lägenhet? Jag har hört väldigt mycket olika om detta ett tag. Vissa säger att man inte får ta lån på kontantinsatsen längre utan det är bara till att spara pengar. Men andra har även sagt att vissa banker godkänner topplån på kontantinsatsen. Hur fungerar det? Jag ska på en jobbintervju imorn angående en fast tjänst och jag har ju drömmar nu om att kanske kunna köpa en bostadsrätt nu. För den drömmen kan väl inte vara omöjlig om man har fast tjänst, det är ju så det går till eller fungerar det inte så i dagens samhälle längre?? /Kajsa",0.3800589
"Hej! Någon som är haj på det här med kontantinsatsen när man köper lägenhet? Jag har hört väldigt mycket olika om detta ett tag. Vissa säger att man inte får ta lån på kontantinsatsen längre utan det är bara till att spara pengar. Men andra har även sagt att vissa banker godkänner topplån på kontantinsatsen. Hur fungerar det? Jag ska på en jobbintervju imorn angående en fast tjänst och jag har ju drömmar nu om att kanske kunna köpa en bostadsrätt nu. För den drömmen kan väl inte vara omöjlig om man har fast tjänst, det är ju så det går till eller fungerar det inte så i dagens samhälle längre?? /Kajsa",0.66955066
"Hej! Någon som är haj på det här med kontantinsatsen när man köper lägenhet? Jag har hört väldigt mycket olika om detta ett tag. Vissa säger att man inte får ta lån på kontantinsatsen längre utan det är bara till att spara pengar. Men andra har även sagt att vissa banker godkänner topplån på kontantinsatsen. Hur fungerar det? Jag ska på en jobbintervju imorn angående en fast tjänst och jag har ju drömmar nu om att kanske kunna köpa en bostadsrätt nu. För den drömmen kan väl inte vara omöjlig om man har fast tjänst, det är ju så det går till eller fungerar det inte så i dagens samhälle längre?? /Kajsa",0.71063375
"Hej! Någon som är haj på det här med kontantinsatsen när man köper lägenhet? Jag har hört väldigt mycket olika om detta ett tag. Vissa säger att man inte får ta lån på kontantinsatsen längre utan det är bara till att spara pengar. Men andra har även sagt att vissa banker godkänner topplån på kontantinsatsen. Hur fungerar det? Jag ska på en jobbintervju imorn angående en fast tjänst och jag har ju drömmar nu om att kanske kunna köpa en bostadsrätt nu. För den drömmen kan väl inte vara omöjlig om man har fast tjänst, det är ju så det går till eller fungerar det inte så i dagens samhälle längre?? /Kajsa",0.6668782
någon som har lyckats och vet hur man gör? vet att det ska fungera men jag har pillat runt i månader utan att lyckas...,0.2538219
någon som har lyckats och vet hur man gör? vet att det ska fungera men jag har pillat runt i månader utan att lyckas...,0.13797323
någon som har lyckats och vet hur man gör? vet att det ska fungera men jag har pillat runt i månader utan att lyckas...,0.2603252
någon som har lyckats och vet hur man gör? vet att det ska fungera men jag har pillat runt i månader utan att lyckas...,0.38658345
någon som har lyckats och vet hur man gör? vet att det ska fungera men jag har pillat runt i månader utan att lyckas...,0.41064858
"Har rätt hårda sömnproblem och har framförallt svårt att sova och är oftast vaken +20h innan jag kan sova. Detta resulterar ju såklart i att jag inte har någon dygnsrytm alls utan den blir konstant förskjuten.  Har kört imovan och stilnoct ett tag med båda dessa preparat är nu verkninglösa och jag sommnar ej av dem. Har även provat alla de andra mildare preparaten (propavan, Sobril, circadin, theralen , atarax m.f)  Äter ritalin mot adhd, Har gjort 3 tidigare försök med metylfenidatyl preparat men det har vart för mycket bieffekter så jag har fått lägga ner. Ett sista försök med Ritalin kapslar nu innan jag får metamina.  Men nu till frågan, Då de inte lyckas få ordning på min sömn och det känns som det inte går frammåt så tog jag saken i egna händer och satt i natt och leta runt efter prepparat som jag tror skulle kunna fungera.  nitrazepam tror jag skulle kunna vara ett alternativ och jag sa det över telefon till min kontakt på npf enheten som är en sjuksköterska. Hon sa då att nitrazepam och Ritalin m.f  inte va bra ihop ?  Tyckte de lät konstigt och hittar inge information om det när jag googlar iaf. Någon som vet något om detta eller är det hon som yrar ? Mvh",0.53078234
"Har rätt hårda sömnproblem och har framförallt svårt att sova och är oftast vaken +20h innan jag kan sova. Detta resulterar ju såklart i att jag inte har någon dygnsrytm alls utan den blir konstant förskjuten.  Har kört imovan och stilnoct ett tag med båda dessa preparat är nu verkninglösa och jag sommnar ej av dem. Har även provat alla de andra mildare preparaten (propavan, Sobril, circadin, theralen , atarax m.f)  Äter ritalin mot adhd, Har gjort 3 tidigare försök med metylfenidatyl preparat men det har vart för mycket bieffekter så jag har fått lägga ner. Ett sista försök med Ritalin kapslar nu innan jag får metamina.  Men nu till frågan, Då de inte lyckas få ordning på min sömn och det känns som det inte går frammåt så tog jag saken i egna händer och satt i natt och leta runt efter prepparat som jag tror skulle kunna fungera.  nitrazepam tror jag skulle kunna vara ett alternativ och jag sa det över telefon till min kontakt på npf enheten som är en sjuksköterska. Hon sa då att nitrazepam och Ritalin m.f  inte va bra ihop ?  Tyckte de lät konstigt och hittar inge information om det när jag googlar iaf. Någon som vet något om detta eller är det hon som yrar ? Mvh",0.6224843
"Har rätt hårda sömnproblem och har framförallt svårt att sova och är oftast vaken +20h innan jag kan sova. Detta resulterar ju såklart i att jag inte har någon dygnsrytm alls utan den blir konstant förskjuten.  Har kört imovan och stilnoct ett tag med båda dessa preparat är nu verkninglösa och jag sommnar ej av dem. Har även provat alla de andra mildare preparaten (propavan, Sobril, circadin, theralen , atarax m.f)  Äter ritalin mot adhd, Har gjort 3 tidigare försök med metylfenidatyl preparat men det har vart för mycket bieffekter så jag har fått lägga ner. Ett sista försök med Ritalin kapslar nu innan jag får metamina.  Men nu till frågan, Då de inte lyckas få ordning på min sömn och det känns som det inte går frammåt så tog jag saken i egna händer och satt i natt och leta runt efter prepparat som jag tror skulle kunna fungera.  nitrazepam tror jag skulle kunna vara ett alternativ och jag sa det över telefon till min kontakt på npf enheten som är en sjuksköterska. Hon sa då att nitrazepam och Ritalin m.f  inte va bra ihop ?  Tyckte de lät konstigt och hittar inge information om det när jag googlar iaf. Någon som vet något om detta eller är det hon som yrar ? Mvh",0.6612644
"Har rätt hårda sömnproblem och har framförallt svårt att sova och är oftast vaken +20h innan jag kan sova. Detta resulterar ju såklart i att jag inte har någon dygnsrytm alls utan den blir konstant förskjuten.  Har kört imovan och stilnoct ett tag med båda dessa preparat är nu verkninglösa och jag sommnar ej av dem. Har även provat alla de andra mildare preparaten (propavan, Sobril, circadin, theralen , atarax m.f)  Äter ritalin mot adhd, Har gjort 3 tidigare försök med metylfenidatyl preparat men det har vart för mycket bieffekter så jag har fått lägga ner. Ett sista försök med Ritalin kapslar nu innan jag får metamina.  Men nu till frågan, Då de inte lyckas få ordning på min sömn och det känns som det inte går frammåt så tog jag saken i egna händer och satt i natt och leta runt efter prepparat som jag tror skulle kunna fungera.  nitrazepam tror jag skulle kunna vara ett alternativ och jag sa det över telefon till min kontakt på npf enheten som är en sjuksköterska. Hon sa då att nitrazepam och Ritalin m.f  inte va bra ihop ?  Tyckte de lät konstigt och hittar inge information om det när jag googlar iaf. Någon som vet något om detta eller är det hon som yrar ? Mvh",0.772796
"Har rätt hårda sömnproblem och har framförallt svårt att sova och är oftast vaken +20h innan jag kan sova. Detta resulterar ju såklart i att jag inte har någon dygnsrytm alls utan den blir konstant förskjuten.  Har kört imovan och stilnoct ett tag med båda dessa preparat är nu verkninglösa och jag sommnar ej av dem. Har även provat alla de andra mildare preparaten (propavan, Sobril, circadin, theralen , atarax m.f)  Äter ritalin mot adhd, Har gjort 3 tidigare försök med metylfenidatyl preparat men det har vart för mycket bieffekter så jag har fått lägga ner. Ett sista försök med Ritalin kapslar nu innan jag får metamina.  Men nu till frågan, Då de inte lyckas få ordning på min sömn och det känns som det inte går frammåt så tog jag saken i egna händer och satt i natt och leta runt efter prepparat som jag tror skulle kunna fungera.  nitrazepam tror jag skulle kunna vara ett alternativ och jag sa det över telefon till min kontakt på npf enheten som är en sjuksköterska. Hon sa då att nitrazepam och Ritalin m.f  inte va bra ihop ?  Tyckte de lät konstigt och hittar inge information om det när jag googlar iaf. Någon som vet något om detta eller är det hon som yrar ? Mvh",0.74676657
"Har rätt hårda sömnproblem och har framförallt svårt att sova och är oftast vaken +20h innan jag kan sova. Detta resulterar ju såklart i att jag inte har någon dygnsrytm alls utan den blir konstant förskjuten.  Har kört imovan och stilnoct ett tag med båda dessa preparat är nu verkninglösa och jag sommnar ej av dem. Har även provat alla de andra mildare preparaten (propavan, Sobril, circadin, theralen , atarax m.f)  Äter ritalin mot adhd, Har gjort 3 tidigare försök med metylfenidatyl preparat men det har vart för mycket bieffekter så jag har fått lägga ner. Ett sista försök med Ritalin kapslar nu innan jag får metamina.  Men nu till frågan, Då de inte lyckas få ordning på min sömn och det känns som det inte går frammåt så tog jag saken i egna händer och satt i natt och leta runt efter prepparat som jag tror skulle kunna fungera.  nitrazepam tror jag skulle kunna vara ett alternativ och jag sa det över telefon till min kontakt på npf enheten som är en sjuksköterska. Hon sa då att nitrazepam och Ritalin m.f  inte va bra ihop ?  Tyckte de lät konstigt och hittar inge information om det när jag googlar iaf. Någon som vet något om detta eller är det hon som yrar ? Mvh",0.5752
"Hej jag undrar kort och gott, finns där möjlighet som jag då menar ekonomiskt för en normalsvensson som kanske vill slänga ut några kr på att få sitt mobilskal specialtillverkat dock inte bara utseende som färg utan form på knappar. Och vad tror ni det hade kostat då? Hade det också gått tror ni att gå lite längre, typ om man vill flytta några knappar, inte ta bort helt eller ersätta med andra utan flytta.",0.49039847
"Hej jag undrar kort och gott, finns där möjlighet som jag då menar ekonomiskt för en normalsvensson som kanske vill slänga ut några kr på att få sitt mobilskal specialtillverkat dock inte bara utseende som färg utan form på knappar. Och vad tror ni det hade kostat då? Hade det också gått tror ni att gå lite längre, typ om man vill flytta några knappar, inte ta bort helt eller ersätta med andra utan flytta.",0.3672092
"Undrar om det är någon som har gynekomasti? Eller har opererat sig för det, hur blev resultatet i såfall? Och hur mycket kostade det?",0.17943226
"Undrar om det är någon som har gynekomasti? Eller har opererat sig för det, hur blev resultatet i såfall? Och hur mycket kostade det?",0.06582517
"Många är ivriga att påpeka att cannabis är mindre farligt än dom flesta andra droger, men hur stor respekt har ni för drogen i fråga egentligen? Jag kan erkänna att jag kan röka cb 2-3 dagar i sträck och det finns ingen annan drog jag skulle göra det med. Ändå har jag respekt för drogen och har jag haft ett sådant""race"" så gör jag några veckors uppehåll efteråt. Men oftast röker jag 1-3 ggr per månad vilket inte är så farligt tycker jag. Men är det fel att ha mindre respekt för cb än för andra droger? Hur är det för er? Även om många påstår att dom har lika stor respekt för alla droger så har jag väldigt svårt att tro på det. Cannabis kan kännas så vardagligt vilket inte ex heroin gör, iaf inte för mig. Vad säger ni andra? Har ni tillräckligt stor respekt för drogen, om man nu som psykiskt stabil person ens behöver ha det?",0.8092197
"Många är ivriga att påpeka att cannabis är mindre farligt än dom flesta andra droger, men hur stor respekt har ni för drogen i fråga egentligen? Jag kan erkänna att jag kan röka cb 2-3 dagar i sträck och det finns ingen annan drog jag skulle göra det med. Ändå har jag respekt för drogen och har jag haft ett sådant""race"" så gör jag några veckors uppehåll efteråt. Men oftast röker jag 1-3 ggr per månad vilket inte är så farligt tycker jag. Men är det fel att ha mindre respekt för cb än för andra droger? Hur är det för er? Även om många påstår att dom har lika stor respekt för alla droger så har jag väldigt svårt att tro på det. Cannabis kan kännas så vardagligt vilket inte ex heroin gör, iaf inte för mig. Vad säger ni andra? Har ni tillräckligt stor respekt för drogen, om man nu som psykiskt stabil person ens behöver ha det?",0.66027784
"Många är ivriga att påpeka att cannabis är mindre farligt än dom flesta andra droger, men hur stor respekt har ni för drogen i fråga egentligen? Jag kan erkänna att jag kan röka cb 2-3 dagar i sträck och det finns ingen annan drog jag skulle göra det med. Ändå har jag respekt för drogen och har jag haft ett sådant""race"" så gör jag några veckors uppehåll efteråt. Men oftast röker jag 1-3 ggr per månad vilket inte är så farligt tycker jag. Men är det fel att ha mindre respekt för cb än för andra droger? Hur är det för er? Även om många påstår att dom har lika stor respekt för alla droger så har jag väldigt svårt att tro på det. Cannabis kan kännas så vardagligt vilket inte ex heroin gör, iaf inte för mig. Vad säger ni andra? Har ni tillräckligt stor respekt för drogen, om man nu som psykiskt stabil person ens behöver ha det?",0.5767328
"Många är ivriga att påpeka att cannabis är mindre farligt än dom flesta andra droger, men hur stor respekt har ni för drogen i fråga egentligen? Jag kan erkänna att jag kan röka cb 2-3 dagar i sträck och det finns ingen annan drog jag skulle göra det med. Ändå har jag respekt för drogen och har jag haft ett sådant""race"" så gör jag några veckors uppehåll efteråt. Men oftast röker jag 1-3 ggr per månad vilket inte är så farligt tycker jag. Men är det fel att ha mindre respekt för cb än för andra droger? Hur är det för er? Även om många påstår att dom har lika stor respekt för alla droger så har jag väldigt svårt att tro på det. Cannabis kan kännas så vardagligt vilket inte ex heroin gör, iaf inte för mig. Vad säger ni andra? Har ni tillräckligt stor respekt för drogen, om man nu som psykiskt stabil person ens behöver ha det?",0.62330556
"Många är ivriga att påpeka att cannabis är mindre farligt än dom flesta andra droger, men hur stor respekt har ni för drogen i fråga egentligen? Jag kan erkänna att jag kan röka cb 2-3 dagar i sträck och det finns ingen annan drog jag skulle göra det med. Ändå har jag respekt för drogen och har jag haft ett sådant""race"" så gör jag några veckors uppehåll efteråt. Men oftast röker jag 1-3 ggr per månad vilket inte är så farligt tycker jag. Men är det fel att ha mindre respekt för cb än för andra droger? Hur är det för er? Även om många påstår att dom har lika stor respekt för alla droger så har jag väldigt svårt att tro på det. Cannabis kan kännas så vardagligt vilket inte ex heroin gör, iaf inte för mig. Vad säger ni andra? Har ni tillräckligt stor respekt för drogen, om man nu som psykiskt stabil person ens behöver ha det?",0.80337954
"Många är ivriga att påpeka att cannabis är mindre farligt än dom flesta andra droger, men hur stor respekt har ni för drogen i fråga egentligen? Jag kan erkänna att jag kan röka cb 2-3 dagar i sträck och det finns ingen annan drog jag skulle göra det med. Ändå har jag respekt för drogen och har jag haft ett sådant""race"" så gör jag några veckors uppehåll efteråt. Men oftast röker jag 1-3 ggr per månad vilket inte är så farligt tycker jag. Men är det fel att ha mindre respekt för cb än för andra droger? Hur är det för er? Även om många påstår att dom har lika stor respekt för alla droger så har jag väldigt svårt att tro på det. Cannabis kan kännas så vardagligt vilket inte ex heroin gör, iaf inte för mig. Vad säger ni andra? Har ni tillräckligt stor respekt för drogen, om man nu som psykiskt stabil person ens behöver ha det?",0.46430486
"Många är ivriga att påpeka att cannabis är mindre farligt än dom flesta andra droger, men hur stor respekt har ni för drogen i fråga egentligen? Jag kan erkänna att jag kan röka cb 2-3 dagar i sträck och det finns ingen annan drog jag skulle göra det med. Ändå har jag respekt för drogen och har jag haft ett sådant""race"" så gör jag några veckors uppehåll efteråt. Men oftast röker jag 1-3 ggr per månad vilket inte är så farligt tycker jag. Men är det fel att ha mindre respekt för cb än för andra droger? Hur är det för er? Även om många påstår att dom har lika stor respekt för alla droger så har jag väldigt svårt att tro på det. Cannabis kan kännas så vardagligt vilket inte ex heroin gör, iaf inte för mig. Vad säger ni andra? Har ni tillräckligt stor respekt för drogen, om man nu som psykiskt stabil person ens behöver ha det?",0.63160396
"Många är ivriga att påpeka att cannabis är mindre farligt än dom flesta andra droger, men hur stor respekt har ni för drogen i fråga egentligen? Jag kan erkänna att jag kan röka cb 2-3 dagar i sträck och det finns ingen annan drog jag skulle göra det med. Ändå har jag respekt för drogen och har jag haft ett sådant""race"" så gör jag några veckors uppehåll efteråt. Men oftast röker jag 1-3 ggr per månad vilket inte är så farligt tycker jag. Men är det fel att ha mindre respekt för cb än för andra droger? Hur är det för er? Även om många påstår att dom har lika stor respekt för alla droger så har jag väldigt svårt att tro på det. Cannabis kan kännas så vardagligt vilket inte ex heroin gör, iaf inte för mig. Vad säger ni andra? Har ni tillräckligt stor respekt för drogen, om man nu som psykiskt stabil person ens behöver ha det?",0.27356997
"Många är ivriga att påpeka att cannabis är mindre farligt än dom flesta andra droger, men hur stor respekt har ni för drogen i fråga egentligen? Jag kan erkänna att jag kan röka cb 2-3 dagar i sträck och det finns ingen annan drog jag skulle göra det med. Ändå har jag respekt för drogen och har jag haft ett sådant""race"" så gör jag några veckors uppehåll efteråt. Men oftast röker jag 1-3 ggr per månad vilket inte är så farligt tycker jag. Men är det fel att ha mindre respekt för cb än för andra droger? Hur är det för er? Även om många påstår att dom har lika stor respekt för alla droger så har jag väldigt svårt att tro på det. Cannabis kan kännas så vardagligt vilket inte ex heroin gör, iaf inte för mig. Vad säger ni andra? Har ni tillräckligt stor respekt för drogen, om man nu som psykiskt stabil person ens behöver ha det?",0.49509034
"Många är ivriga att påpeka att cannabis är mindre farligt än dom flesta andra droger, men hur stor respekt har ni för drogen i fråga egentligen? Jag kan erkänna att jag kan röka cb 2-3 dagar i sträck och det finns ingen annan drog jag skulle göra det med. Ändå har jag respekt för drogen och har jag haft ett sådant""race"" så gör jag några veckors uppehåll efteråt. Men oftast röker jag 1-3 ggr per månad vilket inte är så farligt tycker jag. Men är det fel att ha mindre respekt för cb än för andra droger? Hur är det för er? Även om många påstår att dom har lika stor respekt för alla droger så har jag väldigt svårt att tro på det. Cannabis kan kännas så vardagligt vilket inte ex heroin gör, iaf inte för mig. Vad säger ni andra? Har ni tillräckligt stor respekt för drogen, om man nu som psykiskt stabil person ens behöver ha det?",0.6528438
"Många är ivriga att påpeka att cannabis är mindre farligt än dom flesta andra droger, men hur stor respekt har ni för drogen i fråga egentligen? Jag kan erkänna att jag kan röka cb 2-3 dagar i sträck och det finns ingen annan drog jag skulle göra det med. Ändå har jag respekt för drogen och har jag haft ett sådant""race"" så gör jag några veckors uppehåll efteråt. Men oftast röker jag 1-3 ggr per månad vilket inte är så farligt tycker jag. Men är det fel att ha mindre respekt för cb än för andra droger? Hur är det för er? Även om många påstår att dom har lika stor respekt för alla droger så har jag väldigt svårt att tro på det. Cannabis kan kännas så vardagligt vilket inte ex heroin gör, iaf inte för mig. Vad säger ni andra? Har ni tillräckligt stor respekt för drogen, om man nu som psykiskt stabil person ens behöver ha det?",0.7708901
"Många är ivriga att påpeka att cannabis är mindre farligt än dom flesta andra droger, men hur stor respekt har ni för drogen i fråga egentligen? Jag kan erkänna att jag kan röka cb 2-3 dagar i sträck och det finns ingen annan drog jag skulle göra det med. Ändå har jag respekt för drogen och har jag haft ett sådant""race"" så gör jag några veckors uppehåll efteråt. Men oftast röker jag 1-3 ggr per månad vilket inte är så farligt tycker jag. Men är det fel att ha mindre respekt för cb än för andra droger? Hur är det för er? Även om många påstår att dom har lika stor respekt för alla droger så har jag väldigt svårt att tro på det. Cannabis kan kännas så vardagligt vilket inte ex heroin gör, iaf inte för mig. Vad säger ni andra? Har ni tillräckligt stor respekt för drogen, om man nu som psykiskt stabil person ens behöver ha det?",0.7198174
"Många är ivriga att påpeka att cannabis är mindre farligt än dom flesta andra droger, men hur stor respekt har ni för drogen i fråga egentligen? Jag kan erkänna att jag kan röka cb 2-3 dagar i sträck och det finns ingen annan drog jag skulle göra det med. Ändå har jag respekt för drogen och har jag haft ett sådant""race"" så gör jag några veckors uppehåll efteråt. Men oftast röker jag 1-3 ggr per månad vilket inte är så farligt tycker jag. Men är det fel att ha mindre respekt för cb än för andra droger? Hur är det för er? Även om många påstår att dom har lika stor respekt för alla droger så har jag väldigt svårt att tro på det. Cannabis kan kännas så vardagligt vilket inte ex heroin gör, iaf inte för mig. Vad säger ni andra? Har ni tillräckligt stor respekt för drogen, om man nu som psykiskt stabil person ens behöver ha det?",0.5096677
"Många är ivriga att påpeka att cannabis är mindre farligt än dom flesta andra droger, men hur stor respekt har ni för drogen i fråga egentligen? Jag kan erkänna att jag kan röka cb 2-3 dagar i sträck och det finns ingen annan drog jag skulle göra det med. Ändå har jag respekt för drogen och har jag haft ett sådant""race"" så gör jag några veckors uppehåll efteråt. Men oftast röker jag 1-3 ggr per månad vilket inte är så farligt tycker jag. Men är det fel att ha mindre respekt för cb än för andra droger? Hur är det för er? Även om många påstår att dom har lika stor respekt för alla droger så har jag väldigt svårt att tro på det. Cannabis kan kännas så vardagligt vilket inte ex heroin gör, iaf inte för mig. Vad säger ni andra? Har ni tillräckligt stor respekt för drogen, om man nu som psykiskt stabil person ens behöver ha det?",0.2524783
"Många är ivriga att påpeka att cannabis är mindre farligt än dom flesta andra droger, men hur stor respekt har ni för drogen i fråga egentligen? Jag kan erkänna att jag kan röka cb 2-3 dagar i sträck och det finns ingen annan drog jag skulle göra det med. Ändå har jag respekt för drogen och har jag haft ett sådant""race"" så gör jag några veckors uppehåll efteråt. Men oftast röker jag 1-3 ggr per månad vilket inte är så farligt tycker jag. Men är det fel att ha mindre respekt för cb än för andra droger? Hur är det för er? Även om många påstår att dom har lika stor respekt för alla droger så har jag väldigt svårt att tro på det. Cannabis kan kännas så vardagligt vilket inte ex heroin gör, iaf inte för mig. Vad säger ni andra? Har ni tillräckligt stor respekt för drogen, om man nu som psykiskt stabil person ens behöver ha det?",0.65256166
"Många är ivriga att påpeka att cannabis är mindre farligt än dom flesta andra droger, men hur stor respekt har ni för drogen i fråga egentligen? Jag kan erkänna att jag kan röka cb 2-3 dagar i sträck och det finns ingen annan drog jag skulle göra det med. Ändå har jag respekt för drogen och har jag haft ett sådant""race"" så gör jag några veckors uppehåll efteråt. Men oftast röker jag 1-3 ggr per månad vilket inte är så farligt tycker jag. Men är det fel att ha mindre respekt för cb än för andra droger? Hur är det för er? Även om många påstår att dom har lika stor respekt för alla droger så har jag väldigt svårt att tro på det. Cannabis kan kännas så vardagligt vilket inte ex heroin gör, iaf inte för mig. Vad säger ni andra? Har ni tillräckligt stor respekt för drogen, om man nu som psykiskt stabil person ens behöver ha det?",0.30861306
"Många är ivriga att påpeka att cannabis är mindre farligt än dom flesta andra droger, men hur stor respekt har ni för drogen i fråga egentligen? Jag kan erkänna att jag kan röka cb 2-3 dagar i sträck och det finns ingen annan drog jag skulle göra det med. Ändå har jag respekt för drogen och har jag haft ett sådant""race"" så gör jag några veckors uppehåll efteråt. Men oftast röker jag 1-3 ggr per månad vilket inte är så farligt tycker jag. Men är det fel att ha mindre respekt för cb än för andra droger? Hur är det för er? Även om många påstår att dom har lika stor respekt för alla droger så har jag väldigt svårt att tro på det. Cannabis kan kännas så vardagligt vilket inte ex heroin gör, iaf inte för mig. Vad säger ni andra? Har ni tillräckligt stor respekt för drogen, om man nu som psykiskt stabil person ens behöver ha det?",0.7447565
"Många är ivriga att påpeka att cannabis är mindre farligt än dom flesta andra droger, men hur stor respekt har ni för drogen i fråga egentligen? Jag kan erkänna att jag kan röka cb 2-3 dagar i sträck och det finns ingen annan drog jag skulle göra det med. Ändå har jag respekt för drogen och har jag haft ett sådant""race"" så gör jag några veckors uppehåll efteråt. Men oftast röker jag 1-3 ggr per månad vilket inte är så farligt tycker jag. Men är det fel att ha mindre respekt för cb än för andra droger? Hur är det för er? Även om många påstår att dom har lika stor respekt för alla droger så har jag väldigt svårt att tro på det. Cannabis kan kännas så vardagligt vilket inte ex heroin gör, iaf inte för mig. Vad säger ni andra? Har ni tillräckligt stor respekt för drogen, om man nu som psykiskt stabil person ens behöver ha det?",0.60595
"Många är ivriga att påpeka att cannabis är mindre farligt än dom flesta andra droger, men hur stor respekt har ni för drogen i fråga egentligen? Jag kan erkänna att jag kan röka cb 2-3 dagar i sträck och det finns ingen annan drog jag skulle göra det med. Ändå har jag respekt för drogen och har jag haft ett sådant""race"" så gör jag några veckors uppehåll efteråt. Men oftast röker jag 1-3 ggr per månad vilket inte är så farligt tycker jag. Men är det fel att ha mindre respekt för cb än för andra droger? Hur är det för er? Även om många påstår att dom har lika stor respekt för alla droger så har jag väldigt svårt att tro på det. Cannabis kan kännas så vardagligt vilket inte ex heroin gör, iaf inte för mig. Vad säger ni andra? Har ni tillräckligt stor respekt för drogen, om man nu som psykiskt stabil person ens behöver ha det?",0.5865096
"Många är ivriga att påpeka att cannabis är mindre farligt än dom flesta andra droger, men hur stor respekt har ni för drogen i fråga egentligen? Jag kan erkänna att jag kan röka cb 2-3 dagar i sträck och det finns ingen annan drog jag skulle göra det med. Ändå har jag respekt för drogen och har jag haft ett sådant""race"" så gör jag några veckors uppehåll efteråt. Men oftast röker jag 1-3 ggr per månad vilket inte är så farligt tycker jag. Men är det fel att ha mindre respekt för cb än för andra droger? Hur är det för er? Även om många påstår att dom har lika stor respekt för alla droger så har jag väldigt svårt att tro på det. Cannabis kan kännas så vardagligt vilket inte ex heroin gör, iaf inte för mig. Vad säger ni andra? Har ni tillräckligt stor respekt för drogen, om man nu som psykiskt stabil person ens behöver ha det?",0.6667267
"Många är ivriga att påpeka att cannabis är mindre farligt än dom flesta andra droger, men hur stor respekt har ni för drogen i fråga egentligen? Jag kan erkänna att jag kan röka cb 2-3 dagar i sträck och det finns ingen annan drog jag skulle göra det med. Ändå har jag respekt för drogen och har jag haft ett sådant""race"" så gör jag några veckors uppehåll efteråt. Men oftast röker jag 1-3 ggr per månad vilket inte är så farligt tycker jag. Men är det fel att ha mindre respekt för cb än för andra droger? Hur är det för er? Även om många påstår att dom har lika stor respekt för alla droger så har jag väldigt svårt att tro på det. Cannabis kan kännas så vardagligt vilket inte ex heroin gör, iaf inte för mig. Vad säger ni andra? Har ni tillräckligt stor respekt för drogen, om man nu som psykiskt stabil person ens behöver ha det?",0.41872174
"Många är ivriga att påpeka att cannabis är mindre farligt än dom flesta andra droger, men hur stor respekt har ni för drogen i fråga egentligen? Jag kan erkänna att jag kan röka cb 2-3 dagar i sträck och det finns ingen annan drog jag skulle göra det med. Ändå har jag respekt för drogen och har jag haft ett sådant""race"" så gör jag några veckors uppehåll efteråt. Men oftast röker jag 1-3 ggr per månad vilket inte är så farligt tycker jag. Men är det fel att ha mindre respekt för cb än för andra droger? Hur är det för er? Även om många påstår att dom har lika stor respekt för alla droger så har jag väldigt svårt att tro på det. Cannabis kan kännas så vardagligt vilket inte ex heroin gör, iaf inte för mig. Vad säger ni andra? Har ni tillräckligt stor respekt för drogen, om man nu som psykiskt stabil person ens behöver ha det?",0.58483285
"Många är ivriga att påpeka att cannabis är mindre farligt än dom flesta andra droger, men hur stor respekt har ni för drogen i fråga egentligen? Jag kan erkänna att jag kan röka cb 2-3 dagar i sträck och det finns ingen annan drog jag skulle göra det med. Ändå har jag respekt för drogen och har jag haft ett sådant""race"" så gör jag några veckors uppehåll efteråt. Men oftast röker jag 1-3 ggr per månad vilket inte är så farligt tycker jag. Men är det fel att ha mindre respekt för cb än för andra droger? Hur är det för er? Även om många påstår att dom har lika stor respekt för alla droger så har jag väldigt svårt att tro på det. Cannabis kan kännas så vardagligt vilket inte ex heroin gör, iaf inte för mig. Vad säger ni andra? Har ni tillräckligt stor respekt för drogen, om man nu som psykiskt stabil person ens behöver ha det?",0.6547377
"Många är ivriga att påpeka att cannabis är mindre farligt än dom flesta andra droger, men hur stor respekt har ni för drogen i fråga egentligen? Jag kan erkänna att jag kan röka cb 2-3 dagar i sträck och det finns ingen annan drog jag skulle göra det med. Ändå har jag respekt för drogen och har jag haft ett sådant""race"" så gör jag några veckors uppehåll efteråt. Men oftast röker jag 1-3 ggr per månad vilket inte är så farligt tycker jag. Men är det fel att ha mindre respekt för cb än för andra droger? Hur är det för er? Även om många påstår att dom har lika stor respekt för alla droger så har jag väldigt svårt att tro på det. Cannabis kan kännas så vardagligt vilket inte ex heroin gör, iaf inte för mig. Vad säger ni andra? Har ni tillräckligt stor respekt för drogen, om man nu som psykiskt stabil person ens behöver ha det?",0.6733743
"Många är ivriga att påpeka att cannabis är mindre farligt än dom flesta andra droger, men hur stor respekt har ni för drogen i fråga egentligen? Jag kan erkänna att jag kan röka cb 2-3 dagar i sträck och det finns ingen annan drog jag skulle göra det med. Ändå har jag respekt för drogen och har jag haft ett sådant""race"" så gör jag några veckors uppehåll efteråt. Men oftast röker jag 1-3 ggr per månad vilket inte är så farligt tycker jag. Men är det fel att ha mindre respekt för cb än för andra droger? Hur är det för er? Även om många påstår att dom har lika stor respekt för alla droger så har jag väldigt svårt att tro på det. Cannabis kan kännas så vardagligt vilket inte ex heroin gör, iaf inte för mig. Vad säger ni andra? Har ni tillräckligt stor respekt för drogen, om man nu som psykiskt stabil person ens behöver ha det?",0.46691412
"Många är ivriga att påpeka att cannabis är mindre farligt än dom flesta andra droger, men hur stor respekt har ni för drogen i fråga egentligen? Jag kan erkänna att jag kan röka cb 2-3 dagar i sträck och det finns ingen annan drog jag skulle göra det med. Ändå har jag respekt för drogen och har jag haft ett sådant""race"" så gör jag några veckors uppehåll efteråt. Men oftast röker jag 1-3 ggr per månad vilket inte är så farligt tycker jag. Men är det fel att ha mindre respekt för cb än för andra droger? Hur är det för er? Även om många påstår att dom har lika stor respekt för alla droger så har jag väldigt svårt att tro på det. Cannabis kan kännas så vardagligt vilket inte ex heroin gör, iaf inte för mig. Vad säger ni andra? Har ni tillräckligt stor respekt för drogen, om man nu som psykiskt stabil person ens behöver ha det?",0.64765555
"Många är ivriga att påpeka att cannabis är mindre farligt än dom flesta andra droger, men hur stor respekt har ni för drogen i fråga egentligen? Jag kan erkänna att jag kan röka cb 2-3 dagar i sträck och det finns ingen annan drog jag skulle göra det med. Ändå har jag respekt för drogen och har jag haft ett sådant""race"" så gör jag några veckors uppehåll efteråt. Men oftast röker jag 1-3 ggr per månad vilket inte är så farligt tycker jag. Men är det fel att ha mindre respekt för cb än för andra droger? Hur är det för er? Även om många påstår att dom har lika stor respekt för alla droger så har jag väldigt svårt att tro på det. Cannabis kan kännas så vardagligt vilket inte ex heroin gör, iaf inte för mig. Vad säger ni andra? Har ni tillräckligt stor respekt för drogen, om man nu som psykiskt stabil person ens behöver ha det?",0.61658144
"Många är ivriga att påpeka att cannabis är mindre farligt än dom flesta andra droger, men hur stor respekt har ni för drogen i fråga egentligen? Jag kan erkänna att jag kan röka cb 2-3 dagar i sträck och det finns ingen annan drog jag skulle göra det med. Ändå har jag respekt för drogen och har jag haft ett sådant""race"" så gör jag några veckors uppehåll efteråt. Men oftast röker jag 1-3 ggr per månad vilket inte är så farligt tycker jag. Men är det fel att ha mindre respekt för cb än för andra droger? Hur är det för er? Även om många påstår att dom har lika stor respekt för alla droger så har jag väldigt svårt att tro på det. Cannabis kan kännas så vardagligt vilket inte ex heroin gör, iaf inte för mig. Vad säger ni andra? Har ni tillräckligt stor respekt för drogen, om man nu som psykiskt stabil person ens behöver ha det?",0.4634216
"Många är ivriga att påpeka att cannabis är mindre farligt än dom flesta andra droger, men hur stor respekt har ni för drogen i fråga egentligen? Jag kan erkänna att jag kan röka cb 2-3 dagar i sträck och det finns ingen annan drog jag skulle göra det med. Ändå har jag respekt för drogen och har jag haft ett sådant""race"" så gör jag några veckors uppehåll efteråt. Men oftast röker jag 1-3 ggr per månad vilket inte är så farligt tycker jag. Men är det fel att ha mindre respekt för cb än för andra droger? Hur är det för er? Även om många påstår att dom har lika stor respekt för alla droger så har jag väldigt svårt att tro på det. Cannabis kan kännas så vardagligt vilket inte ex heroin gör, iaf inte för mig. Vad säger ni andra? Har ni tillräckligt stor respekt för drogen, om man nu som psykiskt stabil person ens behöver ha det?",0.4809132
"Många är ivriga att påpeka att cannabis är mindre farligt än dom flesta andra droger, men hur stor respekt har ni för drogen i fråga egentligen? Jag kan erkänna att jag kan röka cb 2-3 dagar i sträck och det finns ingen annan drog jag skulle göra det med. Ändå har jag respekt för drogen och har jag haft ett sådant""race"" så gör jag några veckors uppehåll efteråt. Men oftast röker jag 1-3 ggr per månad vilket inte är så farligt tycker jag. Men är det fel att ha mindre respekt för cb än för andra droger? Hur är det för er? Även om många påstår att dom har lika stor respekt för alla droger så har jag väldigt svårt att tro på det. Cannabis kan kännas så vardagligt vilket inte ex heroin gör, iaf inte för mig. Vad säger ni andra? Har ni tillräckligt stor respekt för drogen, om man nu som psykiskt stabil person ens behöver ha det?",0.7876543
"Låt säga att någon i sverige vill flytta till indien och någon i indien vill flytta till sverige. Då tycker man ju att det bör finnas någon hemsida där man kan ''byta'' medborgarskap med varandra. Förutsatt att den andre har likgiltlig utbildning så att den inte lever på soc i det andra landet och kostar pengar för staten.  Har en känsla över att detta inte går, och varför isåfall?",0.26239783
"Låt säga att någon i sverige vill flytta till indien och någon i indien vill flytta till sverige. Då tycker man ju att det bör finnas någon hemsida där man kan ''byta'' medborgarskap med varandra. Förutsatt att den andre har likgiltlig utbildning så att den inte lever på soc i det andra landet och kostar pengar för staten.  Har en känsla över att detta inte går, och varför isåfall?",0.67158246
"Låt säga att någon i sverige vill flytta till indien och någon i indien vill flytta till sverige. Då tycker man ju att det bör finnas någon hemsida där man kan ''byta'' medborgarskap med varandra. Förutsatt att den andre har likgiltlig utbildning så att den inte lever på soc i det andra landet och kostar pengar för staten.  Har en känsla över att detta inte går, och varför isåfall?",0.6516855
"Låt säga att någon i sverige vill flytta till indien och någon i indien vill flytta till sverige. Då tycker man ju att det bör finnas någon hemsida där man kan ''byta'' medborgarskap med varandra. Förutsatt att den andre har likgiltlig utbildning så att den inte lever på soc i det andra landet och kostar pengar för staten.  Har en känsla över att detta inte går, och varför isåfall?",0.18130139
"Låt säga att någon i sverige vill flytta till indien och någon i indien vill flytta till sverige. Då tycker man ju att det bör finnas någon hemsida där man kan ''byta'' medborgarskap med varandra. Förutsatt att den andre har likgiltlig utbildning så att den inte lever på soc i det andra landet och kostar pengar för staten.  Har en känsla över att detta inte går, och varför isåfall?",0.18343118
"Låt säga att någon i sverige vill flytta till indien och någon i indien vill flytta till sverige. Då tycker man ju att det bör finnas någon hemsida där man kan ''byta'' medborgarskap med varandra. Förutsatt att den andre har likgiltlig utbildning så att den inte lever på soc i det andra landet och kostar pengar för staten.  Har en känsla över att detta inte går, och varför isåfall?",0.7488415
"Låt säga att någon i sverige vill flytta till indien och någon i indien vill flytta till sverige. Då tycker man ju att det bör finnas någon hemsida där man kan ''byta'' medborgarskap med varandra. Förutsatt att den andre har likgiltlig utbildning så att den inte lever på soc i det andra landet och kostar pengar för staten.  Har en känsla över att detta inte går, och varför isåfall?",0.3840256
Idag tog jag bussen in till stan (Jönköping) och jag såg två ambulanser framför oss och bussen stannade. Bredvid ambulanserna satt ambulansmännen och gjorde hjärt-lungräddning på en person på trottoaren.  Detta var 10:00 idag.  Vet någon vad som hänt? Jag har kollat på Jnytt.se men jag kan inte hitta något.,0.721627
Idag tog jag bussen in till stan (Jönköping) och jag såg två ambulanser framför oss och bussen stannade. Bredvid ambulanserna satt ambulansmännen och gjorde hjärt-lungräddning på en person på trottoaren.  Detta var 10:00 idag.  Vet någon vad som hänt? Jag har kollat på Jnytt.se men jag kan inte hitta något.,0.54321706
"Hejhej käre tiltare. Någon som vet ifall några nya nerladdningsbara klienter till mac har släppts? Hitills vet jag bara om Full tilt. En innom EU hade varit götta. Vet att det finns en tråd, men tills dom fixar sök så korspostar jag och postar nytt. /fl.",0.48323882
"Hejhej käre tiltare. Någon som vet ifall några nya nerladdningsbara klienter till mac har släppts? Hitills vet jag bara om Full tilt. En innom EU hade varit götta. Vet att det finns en tråd, men tills dom fixar sök så korspostar jag och postar nytt. /fl.",0.29889858
"Hejhej käre tiltare. Någon som vet ifall några nya nerladdningsbara klienter till mac har släppts? Hitills vet jag bara om Full tilt. En innom EU hade varit götta. Vet att det finns en tråd, men tills dom fixar sök så korspostar jag och postar nytt. /fl.",0.25077718
"Hejhej käre tiltare. Någon som vet ifall några nya nerladdningsbara klienter till mac har släppts? Hitills vet jag bara om Full tilt. En innom EU hade varit götta. Vet att det finns en tråd, men tills dom fixar sök så korspostar jag och postar nytt. /fl.",0.30887416
"Hejhej käre tiltare. Någon som vet ifall några nya nerladdningsbara klienter till mac har släppts? Hitills vet jag bara om Full tilt. En innom EU hade varit götta. Vet att det finns en tråd, men tills dom fixar sök så korspostar jag och postar nytt. /fl.",0.29073805
"Hejhej käre tiltare. Någon som vet ifall några nya nerladdningsbara klienter till mac har släppts? Hitills vet jag bara om Full tilt. En innom EU hade varit götta. Vet att det finns en tråd, men tills dom fixar sök så korspostar jag och postar nytt. /fl.",0.4617784
"Hejhej käre tiltare. Någon som vet ifall några nya nerladdningsbara klienter till mac har släppts? Hitills vet jag bara om Full tilt. En innom EU hade varit götta. Vet att det finns en tråd, men tills dom fixar sök så korspostar jag och postar nytt. /fl.",0.39911035
"Hejhej käre tiltare. Någon som vet ifall några nya nerladdningsbara klienter till mac har släppts? Hitills vet jag bara om Full tilt. En innom EU hade varit götta. Vet att det finns en tråd, men tills dom fixar sök så korspostar jag och postar nytt. /fl.",0.34552267
"Hejhej käre tiltare. Någon som vet ifall några nya nerladdningsbara klienter till mac har släppts? Hitills vet jag bara om Full tilt. En innom EU hade varit götta. Vet att det finns en tråd, men tills dom fixar sök så korspostar jag och postar nytt. /fl.",0.35352623
"Hejhej käre tiltare. Någon som vet ifall några nya nerladdningsbara klienter till mac har släppts? Hitills vet jag bara om Full tilt. En innom EU hade varit götta. Vet att det finns en tråd, men tills dom fixar sök så korspostar jag och postar nytt. /fl.",0.6102414
"Jag har alltid velat lära mig laga mat från grunden och skulle vilja jobba ett par år som kock men jag vill inte jobba på en vanlig restaurang med jobb på kvällar och nätter. Utan jag skulle vilja jobba på en lunchrestaurang eller liknande, i värsta fall kanske en skolkök. Min fråga är hur stor chans det är till jobb om man inte vill jobba på vanlig restaurang?",0.63440466
"Jag har alltid velat lära mig laga mat från grunden och skulle vilja jobba ett par år som kock men jag vill inte jobba på en vanlig restaurang med jobb på kvällar och nätter. Utan jag skulle vilja jobba på en lunchrestaurang eller liknande, i värsta fall kanske en skolkök. Min fråga är hur stor chans det är till jobb om man inte vill jobba på vanlig restaurang?",0.55117875
"Jag har alltid velat lära mig laga mat från grunden och skulle vilja jobba ett par år som kock men jag vill inte jobba på en vanlig restaurang med jobb på kvällar och nätter. Utan jag skulle vilja jobba på en lunchrestaurang eller liknande, i värsta fall kanske en skolkök. Min fråga är hur stor chans det är till jobb om man inte vill jobba på vanlig restaurang?",0.4915672
"Jag har alltid velat lära mig laga mat från grunden och skulle vilja jobba ett par år som kock men jag vill inte jobba på en vanlig restaurang med jobb på kvällar och nätter. Utan jag skulle vilja jobba på en lunchrestaurang eller liknande, i värsta fall kanske en skolkök. Min fråga är hur stor chans det är till jobb om man inte vill jobba på vanlig restaurang?",0.71442187
"Jag har alltid velat lära mig laga mat från grunden och skulle vilja jobba ett par år som kock men jag vill inte jobba på en vanlig restaurang med jobb på kvällar och nätter. Utan jag skulle vilja jobba på en lunchrestaurang eller liknande, i värsta fall kanske en skolkök. Min fråga är hur stor chans det är till jobb om man inte vill jobba på vanlig restaurang?",0.27510998
"Jag har alltid velat lära mig laga mat från grunden och skulle vilja jobba ett par år som kock men jag vill inte jobba på en vanlig restaurang med jobb på kvällar och nätter. Utan jag skulle vilja jobba på en lunchrestaurang eller liknande, i värsta fall kanske en skolkök. Min fråga är hur stor chans det är till jobb om man inte vill jobba på vanlig restaurang?",0.62394255
"Jag har alltid velat lära mig laga mat från grunden och skulle vilja jobba ett par år som kock men jag vill inte jobba på en vanlig restaurang med jobb på kvällar och nätter. Utan jag skulle vilja jobba på en lunchrestaurang eller liknande, i värsta fall kanske en skolkök. Min fråga är hur stor chans det är till jobb om man inte vill jobba på vanlig restaurang?",0.7287907
"Jag har alltid velat lära mig laga mat från grunden och skulle vilja jobba ett par år som kock men jag vill inte jobba på en vanlig restaurang med jobb på kvällar och nätter. Utan jag skulle vilja jobba på en lunchrestaurang eller liknande, i värsta fall kanske en skolkök. Min fråga är hur stor chans det är till jobb om man inte vill jobba på vanlig restaurang?",0.677482
"Jag har alltid velat lära mig laga mat från grunden och skulle vilja jobba ett par år som kock men jag vill inte jobba på en vanlig restaurang med jobb på kvällar och nätter. Utan jag skulle vilja jobba på en lunchrestaurang eller liknande, i värsta fall kanske en skolkök. Min fråga är hur stor chans det är till jobb om man inte vill jobba på vanlig restaurang?",0.65089226
"Jag har alltid velat lära mig laga mat från grunden och skulle vilja jobba ett par år som kock men jag vill inte jobba på en vanlig restaurang med jobb på kvällar och nätter. Utan jag skulle vilja jobba på en lunchrestaurang eller liknande, i värsta fall kanske en skolkök. Min fråga är hur stor chans det är till jobb om man inte vill jobba på vanlig restaurang?",0.734323
"Jag har alltid velat lära mig laga mat från grunden och skulle vilja jobba ett par år som kock men jag vill inte jobba på en vanlig restaurang med jobb på kvällar och nätter. Utan jag skulle vilja jobba på en lunchrestaurang eller liknande, i värsta fall kanske en skolkök. Min fråga är hur stor chans det är till jobb om man inte vill jobba på vanlig restaurang?",0.6027551
"Hej! Detta ämne har säkert varit uppe förut.  Men jag hittade inget när jag sökte.    Så, varför händer det ofta att vissa människor inte känner något första gången de röker? Jag har själv har rökt ett par gånger (gör det inte längre då jag inte uppskattade ruset) och första gången jag rökte blev jag hög, och det var ingen placebo vill jag lova.",0.2825224
"Hej! Detta ämne har säkert varit uppe förut.  Men jag hittade inget när jag sökte.    Så, varför händer det ofta att vissa människor inte känner något första gången de röker? Jag har själv har rökt ett par gånger (gör det inte längre då jag inte uppskattade ruset) och första gången jag rökte blev jag hög, och det var ingen placebo vill jag lova.",0.6979919
"Hej! Detta ämne har säkert varit uppe förut.  Men jag hittade inget när jag sökte.    Så, varför händer det ofta att vissa människor inte känner något första gången de röker? Jag har själv har rökt ett par gånger (gör det inte längre då jag inte uppskattade ruset) och första gången jag rökte blev jag hög, och det var ingen placebo vill jag lova.",0.7997561
"Hej! Detta ämne har säkert varit uppe förut.  Men jag hittade inget när jag sökte.    Så, varför händer det ofta att vissa människor inte känner något första gången de röker? Jag har själv har rökt ett par gånger (gör det inte längre då jag inte uppskattade ruset) och första gången jag rökte blev jag hög, och det var ingen placebo vill jag lova.",0.22377644
"Hej! Detta ämne har säkert varit uppe förut.  Men jag hittade inget när jag sökte.    Så, varför händer det ofta att vissa människor inte känner något första gången de röker? Jag har själv har rökt ett par gånger (gör det inte längre då jag inte uppskattade ruset) och första gången jag rökte blev jag hög, och det var ingen placebo vill jag lova.",0.5820841
"Hej! Detta ämne har säkert varit uppe förut.  Men jag hittade inget när jag sökte.    Så, varför händer det ofta att vissa människor inte känner något första gången de röker? Jag har själv har rökt ett par gånger (gör det inte längre då jag inte uppskattade ruset) och första gången jag rökte blev jag hög, och det var ingen placebo vill jag lova.",0.69170344
"Hej! Detta ämne har säkert varit uppe förut.  Men jag hittade inget när jag sökte.    Så, varför händer det ofta att vissa människor inte känner något första gången de röker? Jag har själv har rökt ett par gånger (gör det inte längre då jag inte uppskattade ruset) och första gången jag rökte blev jag hög, och det var ingen placebo vill jag lova.",0.680357
"Hej! Detta ämne har säkert varit uppe förut.  Men jag hittade inget när jag sökte.    Så, varför händer det ofta att vissa människor inte känner något första gången de röker? Jag har själv har rökt ett par gånger (gör det inte längre då jag inte uppskattade ruset) och första gången jag rökte blev jag hög, och det var ingen placebo vill jag lova.",0.6679468
"Hej! Detta ämne har säkert varit uppe förut.  Men jag hittade inget när jag sökte.    Så, varför händer det ofta att vissa människor inte känner något första gången de röker? Jag har själv har rökt ett par gånger (gör det inte längre då jag inte uppskattade ruset) och första gången jag rökte blev jag hög, och det var ingen placebo vill jag lova.",0.30611974
"Hej! Detta ämne har säkert varit uppe förut.  Men jag hittade inget när jag sökte.    Så, varför händer det ofta att vissa människor inte känner något första gången de röker? Jag har själv har rökt ett par gånger (gör det inte längre då jag inte uppskattade ruset) och första gången jag rökte blev jag hög, och det var ingen placebo vill jag lova.",0.11335693
"Hej! Detta ämne har säkert varit uppe förut.  Men jag hittade inget när jag sökte.    Så, varför händer det ofta att vissa människor inte känner något första gången de röker? Jag har själv har rökt ett par gånger (gör det inte längre då jag inte uppskattade ruset) och första gången jag rökte blev jag hög, och det var ingen placebo vill jag lova.",0.73157865
"Hej! Detta ämne har säkert varit uppe förut.  Men jag hittade inget när jag sökte.    Så, varför händer det ofta att vissa människor inte känner något första gången de röker? Jag har själv har rökt ett par gånger (gör det inte längre då jag inte uppskattade ruset) och första gången jag rökte blev jag hög, och det var ingen placebo vill jag lova.",0.3156513
"Hej! Detta ämne har säkert varit uppe förut.  Men jag hittade inget när jag sökte.    Så, varför händer det ofta att vissa människor inte känner något första gången de röker? Jag har själv har rökt ett par gånger (gör det inte längre då jag inte uppskattade ruset) och första gången jag rökte blev jag hög, och det var ingen placebo vill jag lova.",0.4997509
"Hej! Detta ämne har säkert varit uppe förut.  Men jag hittade inget när jag sökte.    Så, varför händer det ofta att vissa människor inte känner något första gången de röker? Jag har själv har rökt ett par gånger (gör det inte längre då jag inte uppskattade ruset) och första gången jag rökte blev jag hög, och det var ingen placebo vill jag lova.",0.68640125
"Hej! Detta ämne har säkert varit uppe förut.  Men jag hittade inget när jag sökte.    Så, varför händer det ofta att vissa människor inte känner något första gången de röker? Jag har själv har rökt ett par gånger (gör det inte längre då jag inte uppskattade ruset) och första gången jag rökte blev jag hög, och det var ingen placebo vill jag lova.",0.34922522
"Hej! Detta ämne har säkert varit uppe förut.  Men jag hittade inget när jag sökte.    Så, varför händer det ofta att vissa människor inte känner något första gången de röker? Jag har själv har rökt ett par gånger (gör det inte längre då jag inte uppskattade ruset) och första gången jag rökte blev jag hög, och det var ingen placebo vill jag lova.",0.34615427
"Hej! Detta ämne har säkert varit uppe förut.  Men jag hittade inget när jag sökte.    Så, varför händer det ofta att vissa människor inte känner något första gången de röker? Jag har själv har rökt ett par gånger (gör det inte längre då jag inte uppskattade ruset) och första gången jag rökte blev jag hög, och det var ingen placebo vill jag lova.",0.20203362
"Hej! Detta ämne har säkert varit uppe förut.  Men jag hittade inget när jag sökte.    Så, varför händer det ofta att vissa människor inte känner något första gången de röker? Jag har själv har rökt ett par gånger (gör det inte längre då jag inte uppskattade ruset) och första gången jag rökte blev jag hög, och det var ingen placebo vill jag lova.",0.2566495
"Hej! Detta ämne har säkert varit uppe förut.  Men jag hittade inget när jag sökte.    Så, varför händer det ofta att vissa människor inte känner något första gången de röker? Jag har själv har rökt ett par gånger (gör det inte längre då jag inte uppskattade ruset) och första gången jag rökte blev jag hög, och det var ingen placebo vill jag lova.",0.6677141
"Hej! Detta ämne har säkert varit uppe förut.  Men jag hittade inget när jag sökte.    Så, varför händer det ofta att vissa människor inte känner något första gången de röker? Jag har själv har rökt ett par gånger (gör det inte längre då jag inte uppskattade ruset) och första gången jag rökte blev jag hög, och det var ingen placebo vill jag lova.",0.37076896
"Hej! Detta ämne har säkert varit uppe förut.  Men jag hittade inget när jag sökte.    Så, varför händer det ofta att vissa människor inte känner något första gången de röker? Jag har själv har rökt ett par gånger (gör det inte längre då jag inte uppskattade ruset) och första gången jag rökte blev jag hög, och det var ingen placebo vill jag lova.",0.6749542
"Hej! Detta ämne har säkert varit uppe förut.  Men jag hittade inget när jag sökte.    Så, varför händer det ofta att vissa människor inte känner något första gången de röker? Jag har själv har rökt ett par gånger (gör det inte längre då jag inte uppskattade ruset) och första gången jag rökte blev jag hög, och det var ingen placebo vill jag lova.",0.75815344
"Hej! Detta ämne har säkert varit uppe förut.  Men jag hittade inget när jag sökte.    Så, varför händer det ofta att vissa människor inte känner något första gången de röker? Jag har själv har rökt ett par gånger (gör det inte längre då jag inte uppskattade ruset) och första gången jag rökte blev jag hög, och det var ingen placebo vill jag lova.",0.43638414
"Hej! Detta ämne har säkert varit uppe förut.  Men jag hittade inget när jag sökte.    Så, varför händer det ofta att vissa människor inte känner något första gången de röker? Jag har själv har rökt ett par gånger (gör det inte längre då jag inte uppskattade ruset) och första gången jag rökte blev jag hög, och det var ingen placebo vill jag lova.",0.615699
"Hej! Detta ämne har säkert varit uppe förut.  Men jag hittade inget när jag sökte.    Så, varför händer det ofta att vissa människor inte känner något första gången de röker? Jag har själv har rökt ett par gånger (gör det inte längre då jag inte uppskattade ruset) och första gången jag rökte blev jag hög, och det var ingen placebo vill jag lova.",0.44406426
"Hej! Detta ämne har säkert varit uppe förut.  Men jag hittade inget när jag sökte.    Så, varför händer det ofta att vissa människor inte känner något första gången de röker? Jag har själv har rökt ett par gånger (gör det inte längre då jag inte uppskattade ruset) och första gången jag rökte blev jag hög, och det var ingen placebo vill jag lova.",0.7031479
"Hej! Detta ämne har säkert varit uppe förut.  Men jag hittade inget när jag sökte.    Så, varför händer det ofta att vissa människor inte känner något första gången de röker? Jag har själv har rökt ett par gånger (gör det inte längre då jag inte uppskattade ruset) och första gången jag rökte blev jag hög, och det var ingen placebo vill jag lova.",0.28747767
"Hej! Detta ämne har säkert varit uppe förut.  Men jag hittade inget när jag sökte.    Så, varför händer det ofta att vissa människor inte känner något första gången de röker? Jag har själv har rökt ett par gånger (gör det inte längre då jag inte uppskattade ruset) och första gången jag rökte blev jag hög, och det var ingen placebo vill jag lova.",0.6089761
"Jag befinner mig i Stockholm för tillfället och skulle vilja ha tips på affärer som säljer diverse brädspel, t.ex. Diplomacy eller Settlers of Catan. De vanliga affärerna tycks inte ha dessa spel. Tacksam för svar!",0.41107303
"Jag befinner mig i Stockholm för tillfället och skulle vilja ha tips på affärer som säljer diverse brädspel, t.ex. Diplomacy eller Settlers of Catan. De vanliga affärerna tycks inte ha dessa spel. Tacksam för svar!",0.30252814
"Jag befinner mig i Stockholm för tillfället och skulle vilja ha tips på affärer som säljer diverse brädspel, t.ex. Diplomacy eller Settlers of Catan. De vanliga affärerna tycks inte ha dessa spel. Tacksam för svar!",0.6330302
"Jag befinner mig i Stockholm för tillfället och skulle vilja ha tips på affärer som säljer diverse brädspel, t.ex. Diplomacy eller Settlers of Catan. De vanliga affärerna tycks inte ha dessa spel. Tacksam för svar!",0.5725052
"Jag befinner mig i Stockholm för tillfället och skulle vilja ha tips på affärer som säljer diverse brädspel, t.ex. Diplomacy eller Settlers of Catan. De vanliga affärerna tycks inte ha dessa spel. Tacksam för svar!",0.5948815
"Jag befinner mig i Stockholm för tillfället och skulle vilja ha tips på affärer som säljer diverse brädspel, t.ex. Diplomacy eller Settlers of Catan. De vanliga affärerna tycks inte ha dessa spel. Tacksam för svar!",0.49751148
"Jag befinner mig i Stockholm för tillfället och skulle vilja ha tips på affärer som säljer diverse brädspel, t.ex. Diplomacy eller Settlers of Catan. De vanliga affärerna tycks inte ha dessa spel. Tacksam för svar!",0.48822433
"Jag befinner mig i Stockholm för tillfället och skulle vilja ha tips på affärer som säljer diverse brädspel, t.ex. Diplomacy eller Settlers of Catan. De vanliga affärerna tycks inte ha dessa spel. Tacksam för svar!",0.37817752
"Jag befinner mig i Stockholm för tillfället och skulle vilja ha tips på affärer som säljer diverse brädspel, t.ex. Diplomacy eller Settlers of Catan. De vanliga affärerna tycks inte ha dessa spel. Tacksam för svar!",0.5708402
"Jag befinner mig i Stockholm för tillfället och skulle vilja ha tips på affärer som säljer diverse brädspel, t.ex. Diplomacy eller Settlers of Catan. De vanliga affärerna tycks inte ha dessa spel. Tacksam för svar!",0.45142198
"Jag befinner mig i Stockholm för tillfället och skulle vilja ha tips på affärer som säljer diverse brädspel, t.ex. Diplomacy eller Settlers of Catan. De vanliga affärerna tycks inte ha dessa spel. Tacksam för svar!",0.7332227
"Jag befinner mig i Stockholm för tillfället och skulle vilja ha tips på affärer som säljer diverse brädspel, t.ex. Diplomacy eller Settlers of Catan. De vanliga affärerna tycks inte ha dessa spel. Tacksam för svar!",0.37038192
"Vet ej om frågan varit uppe förut.  Borde migrationsverket fråga nyanlända om vad de tycker om Lars Vilks?  Är det en dum fråga? Extrema islamister kan ju för ett ögonblick säga""fel saker"" på en intervju. Så jag tycker den borde ställas. Vad tycker ni FB:are?",0.43798086
"Vet ej om frågan varit uppe förut.  Borde migrationsverket fråga nyanlända om vad de tycker om Lars Vilks?  Är det en dum fråga? Extrema islamister kan ju för ett ögonblick säga""fel saker"" på en intervju. Så jag tycker den borde ställas. Vad tycker ni FB:are?",0.546306
"Vet ej om frågan varit uppe förut.  Borde migrationsverket fråga nyanlända om vad de tycker om Lars Vilks?  Är det en dum fråga? Extrema islamister kan ju för ett ögonblick säga""fel saker"" på en intervju. Så jag tycker den borde ställas. Vad tycker ni FB:are?",0.30279255
"Vet ej om frågan varit uppe förut.  Borde migrationsverket fråga nyanlända om vad de tycker om Lars Vilks?  Är det en dum fråga? Extrema islamister kan ju för ett ögonblick säga""fel saker"" på en intervju. Så jag tycker den borde ställas. Vad tycker ni FB:are?",0.39990652
"Vet ej om frågan varit uppe förut.  Borde migrationsverket fråga nyanlända om vad de tycker om Lars Vilks?  Är det en dum fråga? Extrema islamister kan ju för ett ögonblick säga""fel saker"" på en intervju. Så jag tycker den borde ställas. Vad tycker ni FB:are?",0.62496376
"Vet ej om frågan varit uppe förut.  Borde migrationsverket fråga nyanlända om vad de tycker om Lars Vilks?  Är det en dum fråga? Extrema islamister kan ju för ett ögonblick säga""fel saker"" på en intervju. Så jag tycker den borde ställas. Vad tycker ni FB:are?",0.6015183
"Vet ej om frågan varit uppe förut.  Borde migrationsverket fråga nyanlända om vad de tycker om Lars Vilks?  Är det en dum fråga? Extrema islamister kan ju för ett ögonblick säga""fel saker"" på en intervju. Så jag tycker den borde ställas. Vad tycker ni FB:are?",0.5870311
"Vet ej om frågan varit uppe förut.  Borde migrationsverket fråga nyanlända om vad de tycker om Lars Vilks?  Är det en dum fråga? Extrema islamister kan ju för ett ögonblick säga""fel saker"" på en intervju. Så jag tycker den borde ställas. Vad tycker ni FB:are?",0.34926817
"Vet ej om frågan varit uppe förut.  Borde migrationsverket fråga nyanlända om vad de tycker om Lars Vilks?  Är det en dum fråga? Extrema islamister kan ju för ett ögonblick säga""fel saker"" på en intervju. Så jag tycker den borde ställas. Vad tycker ni FB:are?",0.44504362
"Vet ej om frågan varit uppe förut.  Borde migrationsverket fråga nyanlända om vad de tycker om Lars Vilks?  Är det en dum fråga? Extrema islamister kan ju för ett ögonblick säga""fel saker"" på en intervju. Så jag tycker den borde ställas. Vad tycker ni FB:are?",0.43120545
"Vet ej om frågan varit uppe förut.  Borde migrationsverket fråga nyanlända om vad de tycker om Lars Vilks?  Är det en dum fråga? Extrema islamister kan ju för ett ögonblick säga""fel saker"" på en intervju. Så jag tycker den borde ställas. Vad tycker ni FB:are?",0.38553777
"Vet ej om frågan varit uppe förut.  Borde migrationsverket fråga nyanlända om vad de tycker om Lars Vilks?  Är det en dum fråga? Extrema islamister kan ju för ett ögonblick säga""fel saker"" på en intervju. Så jag tycker den borde ställas. Vad tycker ni FB:are?",0.43737325
"Vet ej om frågan varit uppe förut.  Borde migrationsverket fråga nyanlända om vad de tycker om Lars Vilks?  Är det en dum fråga? Extrema islamister kan ju för ett ögonblick säga""fel saker"" på en intervju. Så jag tycker den borde ställas. Vad tycker ni FB:are?",0.52005637
"Vet ej om frågan varit uppe förut.  Borde migrationsverket fråga nyanlända om vad de tycker om Lars Vilks?  Är det en dum fråga? Extrema islamister kan ju för ett ögonblick säga""fel saker"" på en intervju. Så jag tycker den borde ställas. Vad tycker ni FB:are?",0.45303577
"Vet ej om frågan varit uppe förut.  Borde migrationsverket fråga nyanlända om vad de tycker om Lars Vilks?  Är det en dum fråga? Extrema islamister kan ju för ett ögonblick säga""fel saker"" på en intervju. Så jag tycker den borde ställas. Vad tycker ni FB:are?",0.29311877
"Vet ej om frågan varit uppe förut.  Borde migrationsverket fråga nyanlända om vad de tycker om Lars Vilks?  Är det en dum fråga? Extrema islamister kan ju för ett ögonblick säga""fel saker"" på en intervju. Så jag tycker den borde ställas. Vad tycker ni FB:are?",0.4463432
"Vet ej om frågan varit uppe förut.  Borde migrationsverket fråga nyanlända om vad de tycker om Lars Vilks?  Är det en dum fråga? Extrema islamister kan ju för ett ögonblick säga""fel saker"" på en intervju. Så jag tycker den borde ställas. Vad tycker ni FB:are?",0.38772446
"Vet ej om frågan varit uppe förut.  Borde migrationsverket fråga nyanlända om vad de tycker om Lars Vilks?  Är det en dum fråga? Extrema islamister kan ju för ett ögonblick säga""fel saker"" på en intervju. Så jag tycker den borde ställas. Vad tycker ni FB:are?",0.36786675
"Vet ej om frågan varit uppe förut.  Borde migrationsverket fråga nyanlända om vad de tycker om Lars Vilks?  Är det en dum fråga? Extrema islamister kan ju för ett ögonblick säga""fel saker"" på en intervju. Så jag tycker den borde ställas. Vad tycker ni FB:are?",0.23126459
"Vet ej om frågan varit uppe förut.  Borde migrationsverket fråga nyanlända om vad de tycker om Lars Vilks?  Är det en dum fråga? Extrema islamister kan ju för ett ögonblick säga""fel saker"" på en intervju. Så jag tycker den borde ställas. Vad tycker ni FB:are?",0.3122057
"Vet ej om frågan varit uppe förut.  Borde migrationsverket fråga nyanlända om vad de tycker om Lars Vilks?  Är det en dum fråga? Extrema islamister kan ju för ett ögonblick säga""fel saker"" på en intervju. Så jag tycker den borde ställas. Vad tycker ni FB:are?",0.5511754
"Vet ej om frågan varit uppe förut.  Borde migrationsverket fråga nyanlända om vad de tycker om Lars Vilks?  Är det en dum fråga? Extrema islamister kan ju för ett ögonblick säga""fel saker"" på en intervju. Så jag tycker den borde ställas. Vad tycker ni FB:are?",0.59807247
"Vet ej om frågan varit uppe förut.  Borde migrationsverket fråga nyanlända om vad de tycker om Lars Vilks?  Är det en dum fråga? Extrema islamister kan ju för ett ögonblick säga""fel saker"" på en intervju. Så jag tycker den borde ställas. Vad tycker ni FB:are?",0.30677706
"Vet ej om frågan varit uppe förut.  Borde migrationsverket fråga nyanlända om vad de tycker om Lars Vilks?  Är det en dum fråga? Extrema islamister kan ju för ett ögonblick säga""fel saker"" på en intervju. Så jag tycker den borde ställas. Vad tycker ni FB:are?",0.2133678
"Vet ej om frågan varit uppe förut.  Borde migrationsverket fråga nyanlända om vad de tycker om Lars Vilks?  Är det en dum fråga? Extrema islamister kan ju för ett ögonblick säga""fel saker"" på en intervju. Så jag tycker den borde ställas. Vad tycker ni FB:are?",0.53763837
"Vet ej om frågan varit uppe förut.  Borde migrationsverket fråga nyanlända om vad de tycker om Lars Vilks?  Är det en dum fråga? Extrema islamister kan ju för ett ögonblick säga""fel saker"" på en intervju. Så jag tycker den borde ställas. Vad tycker ni FB:are?",0.23913291
Någon som vet? Tänker eftersom dom har jour osv så lär det ju va mer än 40 timmar i veckan iallafall?,0.32173407
"Hej! Jag har försökt klura ut varför jag känner som jag gör, och jag vet att många delar samma tankar, men jag har försökt hitta svar. Hur kommer det sig att när man blivit dumpad, och man försöker ta sig fram i livet och gå vidare, så känner man ingen lust till andra kvinnor. Loggar man in på dejtingsidor så känns det inte givande ändå, för de kvinnor man ser på bild är liksom inte snygga.  Dom ser bra ut men det bildas ingen kemi eller intresse.  Jag tycker det är läskigt att jag kan efter en relation med en tjej jag tyckt varit den snyggaste jag någonsin varit med (och det var hon), inte känner någon som helst lust till en annan kvinna. Jag kan inte ens bli upphetsad av att slänga på en porrfilm, för tjejen i filmen är liksom inte... snygg? Eller ja hon är snygg men jag attraheras inte på samma sätt.  Hur länge går man med sådana här tankar? Är det olika? Jag vill inte vara låst till en kvinna som ändå slängt ut mig, som inte vill ha mig, som inte älskar mig. Varför ska jag slösa min energi och tid på att ständigt tänka på henne, se henne som ett helgon? Se henne som den enda kvinnan i världen som jag kan tänka mig bli attraherad och upphetsad av? Hur tusan hittar man tillbaka till sig själv, när man på stan eller krogen kunde se läckerbitar och bara frossas av deras utseende? Just nu finns det ingen tjej i samhället som matchar mitt ex, och hon var ändå en jävla psykopat som person, men hon hade just utseendet. Borde inte hennes psykopatiska sida göra henne o attraktiv? Eller är man som kille bunden till just att tänka med könsorganet? Bara för hon var snygg men var en psykopat så måste min hjärna ändå vara bunden till henne? Där hennes utseende slår ut alla andra tjejers, och dessutom får dom att verka ointressanta till den grad att man inte ens blir intresserad av att lära känna personen i fråga vare sig det har med sex eller inte att göra. Jag blev behandlad som skit, hon körde över mig totalt. Ändå finns hon i mina tankar och ändå är det henne jag ser/fantiserar/jämför med när jag ser andra tjejer.  Ska det vara så? Ligger det i mig? Självförtroendet?  Helt absurt! Blir man behandlad som skit borde det inte vara lättare att gå vidare och direkt bli intresserad av andra tjejer? hur kan man vara så låst till en person som varit så jävla dum mot en? Till den grad att andra inte intresserar en för fem öre. Nu har det inte gått så lång tid heller, dessutom har det varit mycket i mellan. Men kan det vara så att jag efter allt som har hänt, måste hitta tillbaka till mig själv innan intresse för andra kan väckas till liv?",0.58567643
"Så här är det, för ett par dagar sedan gick jag förbi en tjej när man promenerade en dag. Hon rastade sin hund och tog ingen speciell ögonkontakt med mig, jag lade inte så mycket märke till det och gick vidare. Nästa dag, eller två dagar därefter gick jag samma väg och träffar på samma tjej som är ute och går med sin hund. Och nu märker jag det; hon är faktiskt rätt söt! Kom sedan på att jag kanske borde ha sagt hej eller liknande, lite för sent bara. Jag har ett flertal gånger gått samma väg (i ett par dagar) som jag har gjort innan men jag har inte sett henne. Kanske borde jag bara skicka ett mail på Facebook, eller ska man stå ute i regnet och vänta på att hon går förbi?  Det lutar nog mot att jag skriver något till henne ikväll, hur formulerar jag det då? ""-Jag såg dig innan igår och jag undrar om vi kunde träffas?? (a)""  Brukar tjejer reagera positivt på att man tar kontakt med dom via Facebook?  Har någon av er varit i en liknande situation? Tack för all eventuell hjälp..",0.1802172
"Så här är det, för ett par dagar sedan gick jag förbi en tjej när man promenerade en dag. Hon rastade sin hund och tog ingen speciell ögonkontakt med mig, jag lade inte så mycket märke till det och gick vidare. Nästa dag, eller två dagar därefter gick jag samma väg och träffar på samma tjej som är ute och går med sin hund. Och nu märker jag det; hon är faktiskt rätt söt! Kom sedan på att jag kanske borde ha sagt hej eller liknande, lite för sent bara. Jag har ett flertal gånger gått samma väg (i ett par dagar) som jag har gjort innan men jag har inte sett henne. Kanske borde jag bara skicka ett mail på Facebook, eller ska man stå ute i regnet och vänta på att hon går förbi?  Det lutar nog mot att jag skriver något till henne ikväll, hur formulerar jag det då? ""-Jag såg dig innan igår och jag undrar om vi kunde träffas?? (a)""  Brukar tjejer reagera positivt på att man tar kontakt med dom via Facebook?  Har någon av er varit i en liknande situation? Tack för all eventuell hjälp..",0.5289335
"Så här är det, för ett par dagar sedan gick jag förbi en tjej när man promenerade en dag. Hon rastade sin hund och tog ingen speciell ögonkontakt med mig, jag lade inte så mycket märke till det och gick vidare. Nästa dag, eller två dagar därefter gick jag samma väg och träffar på samma tjej som är ute och går med sin hund. Och nu märker jag det; hon är faktiskt rätt söt! Kom sedan på att jag kanske borde ha sagt hej eller liknande, lite för sent bara. Jag har ett flertal gånger gått samma väg (i ett par dagar) som jag har gjort innan men jag har inte sett henne. Kanske borde jag bara skicka ett mail på Facebook, eller ska man stå ute i regnet och vänta på att hon går förbi?  Det lutar nog mot att jag skriver något till henne ikväll, hur formulerar jag det då? ""-Jag såg dig innan igår och jag undrar om vi kunde träffas?? (a)""  Brukar tjejer reagera positivt på att man tar kontakt med dom via Facebook?  Har någon av er varit i en liknande situation? Tack för all eventuell hjälp..",0.36579645
"Så här är det, för ett par dagar sedan gick jag förbi en tjej när man promenerade en dag. Hon rastade sin hund och tog ingen speciell ögonkontakt med mig, jag lade inte så mycket märke till det och gick vidare. Nästa dag, eller två dagar därefter gick jag samma väg och träffar på samma tjej som är ute och går med sin hund. Och nu märker jag det; hon är faktiskt rätt söt! Kom sedan på att jag kanske borde ha sagt hej eller liknande, lite för sent bara. Jag har ett flertal gånger gått samma väg (i ett par dagar) som jag har gjort innan men jag har inte sett henne. Kanske borde jag bara skicka ett mail på Facebook, eller ska man stå ute i regnet och vänta på att hon går förbi?  Det lutar nog mot att jag skriver något till henne ikväll, hur formulerar jag det då? ""-Jag såg dig innan igår och jag undrar om vi kunde träffas?? (a)""  Brukar tjejer reagera positivt på att man tar kontakt med dom via Facebook?  Har någon av er varit i en liknande situation? Tack för all eventuell hjälp..",0.6520974
"Så här är det, för ett par dagar sedan gick jag förbi en tjej när man promenerade en dag. Hon rastade sin hund och tog ingen speciell ögonkontakt med mig, jag lade inte så mycket märke till det och gick vidare. Nästa dag, eller två dagar därefter gick jag samma väg och träffar på samma tjej som är ute och går med sin hund. Och nu märker jag det; hon är faktiskt rätt söt! Kom sedan på att jag kanske borde ha sagt hej eller liknande, lite för sent bara. Jag har ett flertal gånger gått samma väg (i ett par dagar) som jag har gjort innan men jag har inte sett henne. Kanske borde jag bara skicka ett mail på Facebook, eller ska man stå ute i regnet och vänta på att hon går förbi?  Det lutar nog mot att jag skriver något till henne ikväll, hur formulerar jag det då? ""-Jag såg dig innan igår och jag undrar om vi kunde träffas?? (a)""  Brukar tjejer reagera positivt på att man tar kontakt med dom via Facebook?  Har någon av er varit i en liknande situation? Tack för all eventuell hjälp..",0.7716737
"Så här är det, för ett par dagar sedan gick jag förbi en tjej när man promenerade en dag. Hon rastade sin hund och tog ingen speciell ögonkontakt med mig, jag lade inte så mycket märke till det och gick vidare. Nästa dag, eller två dagar därefter gick jag samma väg och träffar på samma tjej som är ute och går med sin hund. Och nu märker jag det; hon är faktiskt rätt söt! Kom sedan på att jag kanske borde ha sagt hej eller liknande, lite för sent bara. Jag har ett flertal gånger gått samma väg (i ett par dagar) som jag har gjort innan men jag har inte sett henne. Kanske borde jag bara skicka ett mail på Facebook, eller ska man stå ute i regnet och vänta på att hon går förbi?  Det lutar nog mot att jag skriver något till henne ikväll, hur formulerar jag det då? ""-Jag såg dig innan igår och jag undrar om vi kunde träffas?? (a)""  Brukar tjejer reagera positivt på att man tar kontakt med dom via Facebook?  Har någon av er varit i en liknande situation? Tack för all eventuell hjälp..",0.23214474
"Så här är det, för ett par dagar sedan gick jag förbi en tjej när man promenerade en dag. Hon rastade sin hund och tog ingen speciell ögonkontakt med mig, jag lade inte så mycket märke till det och gick vidare. Nästa dag, eller två dagar därefter gick jag samma väg och träffar på samma tjej som är ute och går med sin hund. Och nu märker jag det; hon är faktiskt rätt söt! Kom sedan på att jag kanske borde ha sagt hej eller liknande, lite för sent bara. Jag har ett flertal gånger gått samma väg (i ett par dagar) som jag har gjort innan men jag har inte sett henne. Kanske borde jag bara skicka ett mail på Facebook, eller ska man stå ute i regnet och vänta på att hon går förbi?  Det lutar nog mot att jag skriver något till henne ikväll, hur formulerar jag det då? ""-Jag såg dig innan igår och jag undrar om vi kunde träffas?? (a)""  Brukar tjejer reagera positivt på att man tar kontakt med dom via Facebook?  Har någon av er varit i en liknande situation? Tack för all eventuell hjälp..",0.69704634
"Så här är det, för ett par dagar sedan gick jag förbi en tjej när man promenerade en dag. Hon rastade sin hund och tog ingen speciell ögonkontakt med mig, jag lade inte så mycket märke till det och gick vidare. Nästa dag, eller två dagar därefter gick jag samma väg och träffar på samma tjej som är ute och går med sin hund. Och nu märker jag det; hon är faktiskt rätt söt! Kom sedan på att jag kanske borde ha sagt hej eller liknande, lite för sent bara. Jag har ett flertal gånger gått samma väg (i ett par dagar) som jag har gjort innan men jag har inte sett henne. Kanske borde jag bara skicka ett mail på Facebook, eller ska man stå ute i regnet och vänta på att hon går förbi?  Det lutar nog mot att jag skriver något till henne ikväll, hur formulerar jag det då? ""-Jag såg dig innan igår och jag undrar om vi kunde träffas?? (a)""  Brukar tjejer reagera positivt på att man tar kontakt med dom via Facebook?  Har någon av er varit i en liknande situation? Tack för all eventuell hjälp..",0.519263
"Så här är det, för ett par dagar sedan gick jag förbi en tjej när man promenerade en dag. Hon rastade sin hund och tog ingen speciell ögonkontakt med mig, jag lade inte så mycket märke till det och gick vidare. Nästa dag, eller två dagar därefter gick jag samma väg och träffar på samma tjej som är ute och går med sin hund. Och nu märker jag det; hon är faktiskt rätt söt! Kom sedan på att jag kanske borde ha sagt hej eller liknande, lite för sent bara. Jag har ett flertal gånger gått samma väg (i ett par dagar) som jag har gjort innan men jag har inte sett henne. Kanske borde jag bara skicka ett mail på Facebook, eller ska man stå ute i regnet och vänta på att hon går förbi?  Det lutar nog mot att jag skriver något till henne ikväll, hur formulerar jag det då? ""-Jag såg dig innan igår och jag undrar om vi kunde träffas?? (a)""  Brukar tjejer reagera positivt på att man tar kontakt med dom via Facebook?  Har någon av er varit i en liknande situation? Tack för all eventuell hjälp..",0.7307981
"Så här är det, för ett par dagar sedan gick jag förbi en tjej när man promenerade en dag. Hon rastade sin hund och tog ingen speciell ögonkontakt med mig, jag lade inte så mycket märke till det och gick vidare. Nästa dag, eller två dagar därefter gick jag samma väg och träffar på samma tjej som är ute och går med sin hund. Och nu märker jag det; hon är faktiskt rätt söt! Kom sedan på att jag kanske borde ha sagt hej eller liknande, lite för sent bara. Jag har ett flertal gånger gått samma väg (i ett par dagar) som jag har gjort innan men jag har inte sett henne. Kanske borde jag bara skicka ett mail på Facebook, eller ska man stå ute i regnet och vänta på att hon går förbi?  Det lutar nog mot att jag skriver något till henne ikväll, hur formulerar jag det då? ""-Jag såg dig innan igår och jag undrar om vi kunde träffas?? (a)""  Brukar tjejer reagera positivt på att man tar kontakt med dom via Facebook?  Har någon av er varit i en liknande situation? Tack för all eventuell hjälp..",0.6463087
"Så här är det, för ett par dagar sedan gick jag förbi en tjej när man promenerade en dag. Hon rastade sin hund och tog ingen speciell ögonkontakt med mig, jag lade inte så mycket märke till det och gick vidare. Nästa dag, eller två dagar därefter gick jag samma väg och träffar på samma tjej som är ute och går med sin hund. Och nu märker jag det; hon är faktiskt rätt söt! Kom sedan på att jag kanske borde ha sagt hej eller liknande, lite för sent bara. Jag har ett flertal gånger gått samma väg (i ett par dagar) som jag har gjort innan men jag har inte sett henne. Kanske borde jag bara skicka ett mail på Facebook, eller ska man stå ute i regnet och vänta på att hon går förbi?  Det lutar nog mot att jag skriver något till henne ikväll, hur formulerar jag det då? ""-Jag såg dig innan igår och jag undrar om vi kunde träffas?? (a)""  Brukar tjejer reagera positivt på att man tar kontakt med dom via Facebook?  Har någon av er varit i en liknande situation? Tack för all eventuell hjälp..",0.67334807
"Så här är det, för ett par dagar sedan gick jag förbi en tjej när man promenerade en dag. Hon rastade sin hund och tog ingen speciell ögonkontakt med mig, jag lade inte så mycket märke till det och gick vidare. Nästa dag, eller två dagar därefter gick jag samma väg och träffar på samma tjej som är ute och går med sin hund. Och nu märker jag det; hon är faktiskt rätt söt! Kom sedan på att jag kanske borde ha sagt hej eller liknande, lite för sent bara. Jag har ett flertal gånger gått samma väg (i ett par dagar) som jag har gjort innan men jag har inte sett henne. Kanske borde jag bara skicka ett mail på Facebook, eller ska man stå ute i regnet och vänta på att hon går förbi?  Det lutar nog mot att jag skriver något till henne ikväll, hur formulerar jag det då? ""-Jag såg dig innan igår och jag undrar om vi kunde träffas?? (a)""  Brukar tjejer reagera positivt på att man tar kontakt med dom via Facebook?  Har någon av er varit i en liknande situation? Tack för all eventuell hjälp..",0.41058552
"Så här är det, för ett par dagar sedan gick jag förbi en tjej när man promenerade en dag. Hon rastade sin hund och tog ingen speciell ögonkontakt med mig, jag lade inte så mycket märke till det och gick vidare. Nästa dag, eller två dagar därefter gick jag samma väg och träffar på samma tjej som är ute och går med sin hund. Och nu märker jag det; hon är faktiskt rätt söt! Kom sedan på att jag kanske borde ha sagt hej eller liknande, lite för sent bara. Jag har ett flertal gånger gått samma väg (i ett par dagar) som jag har gjort innan men jag har inte sett henne. Kanske borde jag bara skicka ett mail på Facebook, eller ska man stå ute i regnet och vänta på att hon går förbi?  Det lutar nog mot att jag skriver något till henne ikväll, hur formulerar jag det då? ""-Jag såg dig innan igår och jag undrar om vi kunde träffas?? (a)""  Brukar tjejer reagera positivt på att man tar kontakt med dom via Facebook?  Har någon av er varit i en liknande situation? Tack för all eventuell hjälp..",0.4821229
"Så här är det, för ett par dagar sedan gick jag förbi en tjej när man promenerade en dag. Hon rastade sin hund och tog ingen speciell ögonkontakt med mig, jag lade inte så mycket märke till det och gick vidare. Nästa dag, eller två dagar därefter gick jag samma väg och träffar på samma tjej som är ute och går med sin hund. Och nu märker jag det; hon är faktiskt rätt söt! Kom sedan på att jag kanske borde ha sagt hej eller liknande, lite för sent bara. Jag har ett flertal gånger gått samma väg (i ett par dagar) som jag har gjort innan men jag har inte sett henne. Kanske borde jag bara skicka ett mail på Facebook, eller ska man stå ute i regnet och vänta på att hon går förbi?  Det lutar nog mot att jag skriver något till henne ikväll, hur formulerar jag det då? ""-Jag såg dig innan igår och jag undrar om vi kunde träffas?? (a)""  Brukar tjejer reagera positivt på att man tar kontakt med dom via Facebook?  Har någon av er varit i en liknande situation? Tack för all eventuell hjälp..",0.61944103
"Så här är det, för ett par dagar sedan gick jag förbi en tjej när man promenerade en dag. Hon rastade sin hund och tog ingen speciell ögonkontakt med mig, jag lade inte så mycket märke till det och gick vidare. Nästa dag, eller två dagar därefter gick jag samma väg och träffar på samma tjej som är ute och går med sin hund. Och nu märker jag det; hon är faktiskt rätt söt! Kom sedan på att jag kanske borde ha sagt hej eller liknande, lite för sent bara. Jag har ett flertal gånger gått samma väg (i ett par dagar) som jag har gjort innan men jag har inte sett henne. Kanske borde jag bara skicka ett mail på Facebook, eller ska man stå ute i regnet och vänta på att hon går förbi?  Det lutar nog mot att jag skriver något till henne ikväll, hur formulerar jag det då? ""-Jag såg dig innan igår och jag undrar om vi kunde träffas?? (a)""  Brukar tjejer reagera positivt på att man tar kontakt med dom via Facebook?  Har någon av er varit i en liknande situation? Tack för all eventuell hjälp..",0.59377724
"Så här är det, för ett par dagar sedan gick jag förbi en tjej när man promenerade en dag. Hon rastade sin hund och tog ingen speciell ögonkontakt med mig, jag lade inte så mycket märke till det och gick vidare. Nästa dag, eller två dagar därefter gick jag samma väg och träffar på samma tjej som är ute och går med sin hund. Och nu märker jag det; hon är faktiskt rätt söt! Kom sedan på att jag kanske borde ha sagt hej eller liknande, lite för sent bara. Jag har ett flertal gånger gått samma väg (i ett par dagar) som jag har gjort innan men jag har inte sett henne. Kanske borde jag bara skicka ett mail på Facebook, eller ska man stå ute i regnet och vänta på att hon går förbi?  Det lutar nog mot att jag skriver något till henne ikväll, hur formulerar jag det då? ""-Jag såg dig innan igår och jag undrar om vi kunde träffas?? (a)""  Brukar tjejer reagera positivt på att man tar kontakt med dom via Facebook?  Har någon av er varit i en liknande situation? Tack för all eventuell hjälp..",0.30473086
"Allt var frid och fröjd, men en dag slutade Internet fungera. Det konstigaste var att nätverkskortet försvunnit ur datorn trots att det fanns under enhetshanteraren.  När en kunnig man (som normalt jobbar med it-support på ett stort företag) varit hemma hos mig i tre timmar och desperat försökt fixa det så slutade det med att han säger -Formatera skiten så blir det bra. Jag laddade ner XP sp3 efter att blivit rekommenderad det här på FB. (Xp var det OS datorn hade innan) Läser en Guide hur man ska göra, följer den till punkt och pricka, datorn går inte att formatera alls.  kan inte komma tillbaka till den gamla installationen av XP heller då den tydligen försvunnit.  Skriver i den stora tråden om att formatera datorer, får svar att det beror på att något är fel i maskinen Hur felsöker jag en dator undrar jag nu. hur ser jag vilken del det är som inte fungerar som den ska? Alla interna dela sitter på samma ställe som dom satt när datorn köptes ny.  Har försökt felsöka med Bios, men hittar inget som ser fel ut.",0.59421474
"Allt var frid och fröjd, men en dag slutade Internet fungera. Det konstigaste var att nätverkskortet försvunnit ur datorn trots att det fanns under enhetshanteraren.  När en kunnig man (som normalt jobbar med it-support på ett stort företag) varit hemma hos mig i tre timmar och desperat försökt fixa det så slutade det med att han säger -Formatera skiten så blir det bra. Jag laddade ner XP sp3 efter att blivit rekommenderad det här på FB. (Xp var det OS datorn hade innan) Läser en Guide hur man ska göra, följer den till punkt och pricka, datorn går inte att formatera alls.  kan inte komma tillbaka till den gamla installationen av XP heller då den tydligen försvunnit.  Skriver i den stora tråden om att formatera datorer, får svar att det beror på att något är fel i maskinen Hur felsöker jag en dator undrar jag nu. hur ser jag vilken del det är som inte fungerar som den ska? Alla interna dela sitter på samma ställe som dom satt när datorn köptes ny.  Har försökt felsöka med Bios, men hittar inget som ser fel ut.",0.4866752
"Allt var frid och fröjd, men en dag slutade Internet fungera. Det konstigaste var att nätverkskortet försvunnit ur datorn trots att det fanns under enhetshanteraren.  När en kunnig man (som normalt jobbar med it-support på ett stort företag) varit hemma hos mig i tre timmar och desperat försökt fixa det så slutade det med att han säger -Formatera skiten så blir det bra. Jag laddade ner XP sp3 efter att blivit rekommenderad det här på FB. (Xp var det OS datorn hade innan) Läser en Guide hur man ska göra, följer den till punkt och pricka, datorn går inte att formatera alls.  kan inte komma tillbaka till den gamla installationen av XP heller då den tydligen försvunnit.  Skriver i den stora tråden om att formatera datorer, får svar att det beror på att något är fel i maskinen Hur felsöker jag en dator undrar jag nu. hur ser jag vilken del det är som inte fungerar som den ska? Alla interna dela sitter på samma ställe som dom satt när datorn köptes ny.  Har försökt felsöka med Bios, men hittar inget som ser fel ut.",0.43677002
"Allt var frid och fröjd, men en dag slutade Internet fungera. Det konstigaste var att nätverkskortet försvunnit ur datorn trots att det fanns under enhetshanteraren.  När en kunnig man (som normalt jobbar med it-support på ett stort företag) varit hemma hos mig i tre timmar och desperat försökt fixa det så slutade det med att han säger -Formatera skiten så blir det bra. Jag laddade ner XP sp3 efter att blivit rekommenderad det här på FB. (Xp var det OS datorn hade innan) Läser en Guide hur man ska göra, följer den till punkt och pricka, datorn går inte att formatera alls.  kan inte komma tillbaka till den gamla installationen av XP heller då den tydligen försvunnit.  Skriver i den stora tråden om att formatera datorer, får svar att det beror på att något är fel i maskinen Hur felsöker jag en dator undrar jag nu. hur ser jag vilken del det är som inte fungerar som den ska? Alla interna dela sitter på samma ställe som dom satt när datorn köptes ny.  Har försökt felsöka med Bios, men hittar inget som ser fel ut.",0.62694645
"Allt var frid och fröjd, men en dag slutade Internet fungera. Det konstigaste var att nätverkskortet försvunnit ur datorn trots att det fanns under enhetshanteraren.  När en kunnig man (som normalt jobbar med it-support på ett stort företag) varit hemma hos mig i tre timmar och desperat försökt fixa det så slutade det med att han säger -Formatera skiten så blir det bra. Jag laddade ner XP sp3 efter att blivit rekommenderad det här på FB. (Xp var det OS datorn hade innan) Läser en Guide hur man ska göra, följer den till punkt och pricka, datorn går inte att formatera alls.  kan inte komma tillbaka till den gamla installationen av XP heller då den tydligen försvunnit.  Skriver i den stora tråden om att formatera datorer, får svar att det beror på att något är fel i maskinen Hur felsöker jag en dator undrar jag nu. hur ser jag vilken del det är som inte fungerar som den ska? Alla interna dela sitter på samma ställe som dom satt när datorn köptes ny.  Har försökt felsöka med Bios, men hittar inget som ser fel ut.",0.56800973
"Allt var frid och fröjd, men en dag slutade Internet fungera. Det konstigaste var att nätverkskortet försvunnit ur datorn trots att det fanns under enhetshanteraren.  När en kunnig man (som normalt jobbar med it-support på ett stort företag) varit hemma hos mig i tre timmar och desperat försökt fixa det så slutade det med att han säger -Formatera skiten så blir det bra. Jag laddade ner XP sp3 efter att blivit rekommenderad det här på FB. (Xp var det OS datorn hade innan) Läser en Guide hur man ska göra, följer den till punkt och pricka, datorn går inte att formatera alls.  kan inte komma tillbaka till den gamla installationen av XP heller då den tydligen försvunnit.  Skriver i den stora tråden om att formatera datorer, får svar att det beror på att något är fel i maskinen Hur felsöker jag en dator undrar jag nu. hur ser jag vilken del det är som inte fungerar som den ska? Alla interna dela sitter på samma ställe som dom satt när datorn köptes ny.  Har försökt felsöka med Bios, men hittar inget som ser fel ut.",0.40506482
"Allt var frid och fröjd, men en dag slutade Internet fungera. Det konstigaste var att nätverkskortet försvunnit ur datorn trots att det fanns under enhetshanteraren.  När en kunnig man (som normalt jobbar med it-support på ett stort företag) varit hemma hos mig i tre timmar och desperat försökt fixa det så slutade det med att han säger -Formatera skiten så blir det bra. Jag laddade ner XP sp3 efter att blivit rekommenderad det här på FB. (Xp var det OS datorn hade innan) Läser en Guide hur man ska göra, följer den till punkt och pricka, datorn går inte att formatera alls.  kan inte komma tillbaka till den gamla installationen av XP heller då den tydligen försvunnit.  Skriver i den stora tråden om att formatera datorer, får svar att det beror på att något är fel i maskinen Hur felsöker jag en dator undrar jag nu. hur ser jag vilken del det är som inte fungerar som den ska? Alla interna dela sitter på samma ställe som dom satt när datorn köptes ny.  Har försökt felsöka med Bios, men hittar inget som ser fel ut.",0.36097187
"Allt var frid och fröjd, men en dag slutade Internet fungera. Det konstigaste var att nätverkskortet försvunnit ur datorn trots att det fanns under enhetshanteraren.  När en kunnig man (som normalt jobbar med it-support på ett stort företag) varit hemma hos mig i tre timmar och desperat försökt fixa det så slutade det med att han säger -Formatera skiten så blir det bra. Jag laddade ner XP sp3 efter att blivit rekommenderad det här på FB. (Xp var det OS datorn hade innan) Läser en Guide hur man ska göra, följer den till punkt och pricka, datorn går inte att formatera alls.  kan inte komma tillbaka till den gamla installationen av XP heller då den tydligen försvunnit.  Skriver i den stora tråden om att formatera datorer, får svar att det beror på att något är fel i maskinen Hur felsöker jag en dator undrar jag nu. hur ser jag vilken del det är som inte fungerar som den ska? Alla interna dela sitter på samma ställe som dom satt när datorn köptes ny.  Har försökt felsöka med Bios, men hittar inget som ser fel ut.",0.21598163
"Allt var frid och fröjd, men en dag slutade Internet fungera. Det konstigaste var att nätverkskortet försvunnit ur datorn trots att det fanns under enhetshanteraren.  När en kunnig man (som normalt jobbar med it-support på ett stort företag) varit hemma hos mig i tre timmar och desperat försökt fixa det så slutade det med att han säger -Formatera skiten så blir det bra. Jag laddade ner XP sp3 efter att blivit rekommenderad det här på FB. (Xp var det OS datorn hade innan) Läser en Guide hur man ska göra, följer den till punkt och pricka, datorn går inte att formatera alls.  kan inte komma tillbaka till den gamla installationen av XP heller då den tydligen försvunnit.  Skriver i den stora tråden om att formatera datorer, får svar att det beror på att något är fel i maskinen Hur felsöker jag en dator undrar jag nu. hur ser jag vilken del det är som inte fungerar som den ska? Alla interna dela sitter på samma ställe som dom satt när datorn köptes ny.  Har försökt felsöka med Bios, men hittar inget som ser fel ut.",0.5039153
"Allt var frid och fröjd, men en dag slutade Internet fungera. Det konstigaste var att nätverkskortet försvunnit ur datorn trots att det fanns under enhetshanteraren.  När en kunnig man (som normalt jobbar med it-support på ett stort företag) varit hemma hos mig i tre timmar och desperat försökt fixa det så slutade det med att han säger -Formatera skiten så blir det bra. Jag laddade ner XP sp3 efter att blivit rekommenderad det här på FB. (Xp var det OS datorn hade innan) Läser en Guide hur man ska göra, följer den till punkt och pricka, datorn går inte att formatera alls.  kan inte komma tillbaka till den gamla installationen av XP heller då den tydligen försvunnit.  Skriver i den stora tråden om att formatera datorer, får svar att det beror på att något är fel i maskinen Hur felsöker jag en dator undrar jag nu. hur ser jag vilken del det är som inte fungerar som den ska? Alla interna dela sitter på samma ställe som dom satt när datorn köptes ny.  Har försökt felsöka med Bios, men hittar inget som ser fel ut.",0.5313318
"Allt var frid och fröjd, men en dag slutade Internet fungera. Det konstigaste var att nätverkskortet försvunnit ur datorn trots att det fanns under enhetshanteraren.  När en kunnig man (som normalt jobbar med it-support på ett stort företag) varit hemma hos mig i tre timmar och desperat försökt fixa det så slutade det med att han säger -Formatera skiten så blir det bra. Jag laddade ner XP sp3 efter att blivit rekommenderad det här på FB. (Xp var det OS datorn hade innan) Läser en Guide hur man ska göra, följer den till punkt och pricka, datorn går inte att formatera alls.  kan inte komma tillbaka till den gamla installationen av XP heller då den tydligen försvunnit.  Skriver i den stora tråden om att formatera datorer, får svar att det beror på att något är fel i maskinen Hur felsöker jag en dator undrar jag nu. hur ser jag vilken del det är som inte fungerar som den ska? Alla interna dela sitter på samma ställe som dom satt när datorn köptes ny.  Har försökt felsöka med Bios, men hittar inget som ser fel ut.",0.10976119
"Allt var frid och fröjd, men en dag slutade Internet fungera. Det konstigaste var att nätverkskortet försvunnit ur datorn trots att det fanns under enhetshanteraren.  När en kunnig man (som normalt jobbar med it-support på ett stort företag) varit hemma hos mig i tre timmar och desperat försökt fixa det så slutade det med att han säger -Formatera skiten så blir det bra. Jag laddade ner XP sp3 efter att blivit rekommenderad det här på FB. (Xp var det OS datorn hade innan) Läser en Guide hur man ska göra, följer den till punkt och pricka, datorn går inte att formatera alls.  kan inte komma tillbaka till den gamla installationen av XP heller då den tydligen försvunnit.  Skriver i den stora tråden om att formatera datorer, får svar att det beror på att något är fel i maskinen Hur felsöker jag en dator undrar jag nu. hur ser jag vilken del det är som inte fungerar som den ska? Alla interna dela sitter på samma ställe som dom satt när datorn köptes ny.  Har försökt felsöka med Bios, men hittar inget som ser fel ut.",0.2884543
"Allt var frid och fröjd, men en dag slutade Internet fungera. Det konstigaste var att nätverkskortet försvunnit ur datorn trots att det fanns under enhetshanteraren.  När en kunnig man (som normalt jobbar med it-support på ett stort företag) varit hemma hos mig i tre timmar och desperat försökt fixa det så slutade det med att han säger -Formatera skiten så blir det bra. Jag laddade ner XP sp3 efter att blivit rekommenderad det här på FB. (Xp var det OS datorn hade innan) Läser en Guide hur man ska göra, följer den till punkt och pricka, datorn går inte att formatera alls.  kan inte komma tillbaka till den gamla installationen av XP heller då den tydligen försvunnit.  Skriver i den stora tråden om att formatera datorer, får svar att det beror på att något är fel i maskinen Hur felsöker jag en dator undrar jag nu. hur ser jag vilken del det är som inte fungerar som den ska? Alla interna dela sitter på samma ställe som dom satt när datorn köptes ny.  Har försökt felsöka med Bios, men hittar inget som ser fel ut.",0.33124518
"Allt var frid och fröjd, men en dag slutade Internet fungera. Det konstigaste var att nätverkskortet försvunnit ur datorn trots att det fanns under enhetshanteraren.  När en kunnig man (som normalt jobbar med it-support på ett stort företag) varit hemma hos mig i tre timmar och desperat försökt fixa det så slutade det med att han säger -Formatera skiten så blir det bra. Jag laddade ner XP sp3 efter att blivit rekommenderad det här på FB. (Xp var det OS datorn hade innan) Läser en Guide hur man ska göra, följer den till punkt och pricka, datorn går inte att formatera alls.  kan inte komma tillbaka till den gamla installationen av XP heller då den tydligen försvunnit.  Skriver i den stora tråden om att formatera datorer, får svar att det beror på att något är fel i maskinen Hur felsöker jag en dator undrar jag nu. hur ser jag vilken del det är som inte fungerar som den ska? Alla interna dela sitter på samma ställe som dom satt när datorn köptes ny.  Har försökt felsöka med Bios, men hittar inget som ser fel ut.",0.2793916
"Allt var frid och fröjd, men en dag slutade Internet fungera. Det konstigaste var att nätverkskortet försvunnit ur datorn trots att det fanns under enhetshanteraren.  När en kunnig man (som normalt jobbar med it-support på ett stort företag) varit hemma hos mig i tre timmar och desperat försökt fixa det så slutade det med att han säger -Formatera skiten så blir det bra. Jag laddade ner XP sp3 efter att blivit rekommenderad det här på FB. (Xp var det OS datorn hade innan) Läser en Guide hur man ska göra, följer den till punkt och pricka, datorn går inte att formatera alls.  kan inte komma tillbaka till den gamla installationen av XP heller då den tydligen försvunnit.  Skriver i den stora tråden om att formatera datorer, får svar att det beror på att något är fel i maskinen Hur felsöker jag en dator undrar jag nu. hur ser jag vilken del det är som inte fungerar som den ska? Alla interna dela sitter på samma ställe som dom satt när datorn köptes ny.  Har försökt felsöka med Bios, men hittar inget som ser fel ut.",0.3433661
"Allt var frid och fröjd, men en dag slutade Internet fungera. Det konstigaste var att nätverkskortet försvunnit ur datorn trots att det fanns under enhetshanteraren.  När en kunnig man (som normalt jobbar med it-support på ett stort företag) varit hemma hos mig i tre timmar och desperat försökt fixa det så slutade det med att han säger -Formatera skiten så blir det bra. Jag laddade ner XP sp3 efter att blivit rekommenderad det här på FB. (Xp var det OS datorn hade innan) Läser en Guide hur man ska göra, följer den till punkt och pricka, datorn går inte att formatera alls.  kan inte komma tillbaka till den gamla installationen av XP heller då den tydligen försvunnit.  Skriver i den stora tråden om att formatera datorer, får svar att det beror på att något är fel i maskinen Hur felsöker jag en dator undrar jag nu. hur ser jag vilken del det är som inte fungerar som den ska? Alla interna dela sitter på samma ställe som dom satt när datorn köptes ny.  Har försökt felsöka med Bios, men hittar inget som ser fel ut.",0.12542284
"Allt var frid och fröjd, men en dag slutade Internet fungera. Det konstigaste var att nätverkskortet försvunnit ur datorn trots att det fanns under enhetshanteraren.  När en kunnig man (som normalt jobbar med it-support på ett stort företag) varit hemma hos mig i tre timmar och desperat försökt fixa det så slutade det med att han säger -Formatera skiten så blir det bra. Jag laddade ner XP sp3 efter att blivit rekommenderad det här på FB. (Xp var det OS datorn hade innan) Läser en Guide hur man ska göra, följer den till punkt och pricka, datorn går inte att formatera alls.  kan inte komma tillbaka till den gamla installationen av XP heller då den tydligen försvunnit.  Skriver i den stora tråden om att formatera datorer, får svar att det beror på att något är fel i maskinen Hur felsöker jag en dator undrar jag nu. hur ser jag vilken del det är som inte fungerar som den ska? Alla interna dela sitter på samma ställe som dom satt när datorn köptes ny.  Har försökt felsöka med Bios, men hittar inget som ser fel ut.",0.48296857
"Allt var frid och fröjd, men en dag slutade Internet fungera. Det konstigaste var att nätverkskortet försvunnit ur datorn trots att det fanns under enhetshanteraren.  När en kunnig man (som normalt jobbar med it-support på ett stort företag) varit hemma hos mig i tre timmar och desperat försökt fixa det så slutade det med att han säger -Formatera skiten så blir det bra. Jag laddade ner XP sp3 efter att blivit rekommenderad det här på FB. (Xp var det OS datorn hade innan) Läser en Guide hur man ska göra, följer den till punkt och pricka, datorn går inte att formatera alls.  kan inte komma tillbaka till den gamla installationen av XP heller då den tydligen försvunnit.  Skriver i den stora tråden om att formatera datorer, får svar att det beror på att något är fel i maskinen Hur felsöker jag en dator undrar jag nu. hur ser jag vilken del det är som inte fungerar som den ska? Alla interna dela sitter på samma ställe som dom satt när datorn köptes ny.  Har försökt felsöka med Bios, men hittar inget som ser fel ut.",0.2977817
"Allt var frid och fröjd, men en dag slutade Internet fungera. Det konstigaste var att nätverkskortet försvunnit ur datorn trots att det fanns under enhetshanteraren.  När en kunnig man (som normalt jobbar med it-support på ett stort företag) varit hemma hos mig i tre timmar och desperat försökt fixa det så slutade det med att han säger -Formatera skiten så blir det bra. Jag laddade ner XP sp3 efter att blivit rekommenderad det här på FB. (Xp var det OS datorn hade innan) Läser en Guide hur man ska göra, följer den till punkt och pricka, datorn går inte att formatera alls.  kan inte komma tillbaka till den gamla installationen av XP heller då den tydligen försvunnit.  Skriver i den stora tråden om att formatera datorer, får svar att det beror på att något är fel i maskinen Hur felsöker jag en dator undrar jag nu. hur ser jag vilken del det är som inte fungerar som den ska? Alla interna dela sitter på samma ställe som dom satt när datorn köptes ny.  Har försökt felsöka med Bios, men hittar inget som ser fel ut.",0.3387422
"Allt var frid och fröjd, men en dag slutade Internet fungera. Det konstigaste var att nätverkskortet försvunnit ur datorn trots att det fanns under enhetshanteraren.  När en kunnig man (som normalt jobbar med it-support på ett stort företag) varit hemma hos mig i tre timmar och desperat försökt fixa det så slutade det med att han säger -Formatera skiten så blir det bra. Jag laddade ner XP sp3 efter att blivit rekommenderad det här på FB. (Xp var det OS datorn hade innan) Läser en Guide hur man ska göra, följer den till punkt och pricka, datorn går inte att formatera alls.  kan inte komma tillbaka till den gamla installationen av XP heller då den tydligen försvunnit.  Skriver i den stora tråden om att formatera datorer, får svar att det beror på att något är fel i maskinen Hur felsöker jag en dator undrar jag nu. hur ser jag vilken del det är som inte fungerar som den ska? Alla interna dela sitter på samma ställe som dom satt när datorn köptes ny.  Har försökt felsöka med Bios, men hittar inget som ser fel ut.",0.38041428
"Allt var frid och fröjd, men en dag slutade Internet fungera. Det konstigaste var att nätverkskortet försvunnit ur datorn trots att det fanns under enhetshanteraren.  När en kunnig man (som normalt jobbar med it-support på ett stort företag) varit hemma hos mig i tre timmar och desperat försökt fixa det så slutade det med att han säger -Formatera skiten så blir det bra. Jag laddade ner XP sp3 efter att blivit rekommenderad det här på FB. (Xp var det OS datorn hade innan) Läser en Guide hur man ska göra, följer den till punkt och pricka, datorn går inte att formatera alls.  kan inte komma tillbaka till den gamla installationen av XP heller då den tydligen försvunnit.  Skriver i den stora tråden om att formatera datorer, får svar att det beror på att något är fel i maskinen Hur felsöker jag en dator undrar jag nu. hur ser jag vilken del det är som inte fungerar som den ska? Alla interna dela sitter på samma ställe som dom satt när datorn köptes ny.  Har försökt felsöka med Bios, men hittar inget som ser fel ut.",0.23429821
"Allt var frid och fröjd, men en dag slutade Internet fungera. Det konstigaste var att nätverkskortet försvunnit ur datorn trots att det fanns under enhetshanteraren.  När en kunnig man (som normalt jobbar med it-support på ett stort företag) varit hemma hos mig i tre timmar och desperat försökt fixa det så slutade det med att han säger -Formatera skiten så blir det bra. Jag laddade ner XP sp3 efter att blivit rekommenderad det här på FB. (Xp var det OS datorn hade innan) Läser en Guide hur man ska göra, följer den till punkt och pricka, datorn går inte att formatera alls.  kan inte komma tillbaka till den gamla installationen av XP heller då den tydligen försvunnit.  Skriver i den stora tråden om att formatera datorer, får svar att det beror på att något är fel i maskinen Hur felsöker jag en dator undrar jag nu. hur ser jag vilken del det är som inte fungerar som den ska? Alla interna dela sitter på samma ställe som dom satt när datorn köptes ny.  Har försökt felsöka med Bios, men hittar inget som ser fel ut.",0.38770568
"Allt var frid och fröjd, men en dag slutade Internet fungera. Det konstigaste var att nätverkskortet försvunnit ur datorn trots att det fanns under enhetshanteraren.  När en kunnig man (som normalt jobbar med it-support på ett stort företag) varit hemma hos mig i tre timmar och desperat försökt fixa det så slutade det med att han säger -Formatera skiten så blir det bra. Jag laddade ner XP sp3 efter att blivit rekommenderad det här på FB. (Xp var det OS datorn hade innan) Läser en Guide hur man ska göra, följer den till punkt och pricka, datorn går inte att formatera alls.  kan inte komma tillbaka till den gamla installationen av XP heller då den tydligen försvunnit.  Skriver i den stora tråden om att formatera datorer, får svar att det beror på att något är fel i maskinen Hur felsöker jag en dator undrar jag nu. hur ser jag vilken del det är som inte fungerar som den ska? Alla interna dela sitter på samma ställe som dom satt när datorn köptes ny.  Har försökt felsöka med Bios, men hittar inget som ser fel ut.",0.10350963
"Allt var frid och fröjd, men en dag slutade Internet fungera. Det konstigaste var att nätverkskortet försvunnit ur datorn trots att det fanns under enhetshanteraren.  När en kunnig man (som normalt jobbar med it-support på ett stort företag) varit hemma hos mig i tre timmar och desperat försökt fixa det så slutade det med att han säger -Formatera skiten så blir det bra. Jag laddade ner XP sp3 efter att blivit rekommenderad det här på FB. (Xp var det OS datorn hade innan) Läser en Guide hur man ska göra, följer den till punkt och pricka, datorn går inte att formatera alls.  kan inte komma tillbaka till den gamla installationen av XP heller då den tydligen försvunnit.  Skriver i den stora tråden om att formatera datorer, får svar att det beror på att något är fel i maskinen Hur felsöker jag en dator undrar jag nu. hur ser jag vilken del det är som inte fungerar som den ska? Alla interna dela sitter på samma ställe som dom satt när datorn köptes ny.  Har försökt felsöka med Bios, men hittar inget som ser fel ut.",0.74169904
"Allt var frid och fröjd, men en dag slutade Internet fungera. Det konstigaste var att nätverkskortet försvunnit ur datorn trots att det fanns under enhetshanteraren.  När en kunnig man (som normalt jobbar med it-support på ett stort företag) varit hemma hos mig i tre timmar och desperat försökt fixa det så slutade det med att han säger -Formatera skiten så blir det bra. Jag laddade ner XP sp3 efter att blivit rekommenderad det här på FB. (Xp var det OS datorn hade innan) Läser en Guide hur man ska göra, följer den till punkt och pricka, datorn går inte att formatera alls.  kan inte komma tillbaka till den gamla installationen av XP heller då den tydligen försvunnit.  Skriver i den stora tråden om att formatera datorer, får svar att det beror på att något är fel i maskinen Hur felsöker jag en dator undrar jag nu. hur ser jag vilken del det är som inte fungerar som den ska? Alla interna dela sitter på samma ställe som dom satt när datorn köptes ny.  Har försökt felsöka med Bios, men hittar inget som ser fel ut.",0.40116188
"Allt var frid och fröjd, men en dag slutade Internet fungera. Det konstigaste var att nätverkskortet försvunnit ur datorn trots att det fanns under enhetshanteraren.  När en kunnig man (som normalt jobbar med it-support på ett stort företag) varit hemma hos mig i tre timmar och desperat försökt fixa det så slutade det med att han säger -Formatera skiten så blir det bra. Jag laddade ner XP sp3 efter att blivit rekommenderad det här på FB. (Xp var det OS datorn hade innan) Läser en Guide hur man ska göra, följer den till punkt och pricka, datorn går inte att formatera alls.  kan inte komma tillbaka till den gamla installationen av XP heller då den tydligen försvunnit.  Skriver i den stora tråden om att formatera datorer, får svar att det beror på att något är fel i maskinen Hur felsöker jag en dator undrar jag nu. hur ser jag vilken del det är som inte fungerar som den ska? Alla interna dela sitter på samma ställe som dom satt när datorn köptes ny.  Har försökt felsöka med Bios, men hittar inget som ser fel ut.",0.37332392
"Allt var frid och fröjd, men en dag slutade Internet fungera. Det konstigaste var att nätverkskortet försvunnit ur datorn trots att det fanns under enhetshanteraren.  När en kunnig man (som normalt jobbar med it-support på ett stort företag) varit hemma hos mig i tre timmar och desperat försökt fixa det så slutade det med att han säger -Formatera skiten så blir det bra. Jag laddade ner XP sp3 efter att blivit rekommenderad det här på FB. (Xp var det OS datorn hade innan) Läser en Guide hur man ska göra, följer den till punkt och pricka, datorn går inte att formatera alls.  kan inte komma tillbaka till den gamla installationen av XP heller då den tydligen försvunnit.  Skriver i den stora tråden om att formatera datorer, får svar att det beror på att något är fel i maskinen Hur felsöker jag en dator undrar jag nu. hur ser jag vilken del det är som inte fungerar som den ska? Alla interna dela sitter på samma ställe som dom satt när datorn köptes ny.  Har försökt felsöka med Bios, men hittar inget som ser fel ut.",0.15723777
"Allt var frid och fröjd, men en dag slutade Internet fungera. Det konstigaste var att nätverkskortet försvunnit ur datorn trots att det fanns under enhetshanteraren.  När en kunnig man (som normalt jobbar med it-support på ett stort företag) varit hemma hos mig i tre timmar och desperat försökt fixa det så slutade det med att han säger -Formatera skiten så blir det bra. Jag laddade ner XP sp3 efter att blivit rekommenderad det här på FB. (Xp var det OS datorn hade innan) Läser en Guide hur man ska göra, följer den till punkt och pricka, datorn går inte att formatera alls.  kan inte komma tillbaka till den gamla installationen av XP heller då den tydligen försvunnit.  Skriver i den stora tråden om att formatera datorer, får svar att det beror på att något är fel i maskinen Hur felsöker jag en dator undrar jag nu. hur ser jag vilken del det är som inte fungerar som den ska? Alla interna dela sitter på samma ställe som dom satt när datorn köptes ny.  Har försökt felsöka med Bios, men hittar inget som ser fel ut.",0.60068053
"Allt var frid och fröjd, men en dag slutade Internet fungera. Det konstigaste var att nätverkskortet försvunnit ur datorn trots att det fanns under enhetshanteraren.  När en kunnig man (som normalt jobbar med it-support på ett stort företag) varit hemma hos mig i tre timmar och desperat försökt fixa det så slutade det med att han säger -Formatera skiten så blir det bra. Jag laddade ner XP sp3 efter att blivit rekommenderad det här på FB. (Xp var det OS datorn hade innan) Läser en Guide hur man ska göra, följer den till punkt och pricka, datorn går inte att formatera alls.  kan inte komma tillbaka till den gamla installationen av XP heller då den tydligen försvunnit.  Skriver i den stora tråden om att formatera datorer, får svar att det beror på att något är fel i maskinen Hur felsöker jag en dator undrar jag nu. hur ser jag vilken del det är som inte fungerar som den ska? Alla interna dela sitter på samma ställe som dom satt när datorn köptes ny.  Har försökt felsöka med Bios, men hittar inget som ser fel ut.",0.42815995
"Allt var frid och fröjd, men en dag slutade Internet fungera. Det konstigaste var att nätverkskortet försvunnit ur datorn trots att det fanns under enhetshanteraren.  När en kunnig man (som normalt jobbar med it-support på ett stort företag) varit hemma hos mig i tre timmar och desperat försökt fixa det så slutade det med att han säger -Formatera skiten så blir det bra. Jag laddade ner XP sp3 efter att blivit rekommenderad det här på FB. (Xp var det OS datorn hade innan) Läser en Guide hur man ska göra, följer den till punkt och pricka, datorn går inte att formatera alls.  kan inte komma tillbaka till den gamla installationen av XP heller då den tydligen försvunnit.  Skriver i den stora tråden om att formatera datorer, får svar att det beror på att något är fel i maskinen Hur felsöker jag en dator undrar jag nu. hur ser jag vilken del det är som inte fungerar som den ska? Alla interna dela sitter på samma ställe som dom satt när datorn köptes ny.  Har försökt felsöka med Bios, men hittar inget som ser fel ut.",0.6553388
"Hello ! Någon som har bra koll på varifrån i Europa man flyger billigast till Bangkok direkt (eller ev max 1 stop) Alternativen jag är intressearad av är 1:Stockholm 2:Köpenhamn 3:Helsingfors 4:Oslo 5:Frankfurt 6:Amsterdam 7:Munchen Varför jag frågar,är att jag har poäng med både SAS och Norwegian som berättigar mig till en ToR till en av dessa städer och TROR mig kunna spara några kronor för att slippa (betala) anslutningsflyg från Göteborg (Landvetter) via en av dessa städer, Flygbolagen till Bangkok ser jag helst med Thai SAS Finnish air KLM Lufthansa Qatar Ev Norwegian Alltså dom mer etablerade bolagen Och ja jag vet jag kan söka runt som en dåre,men tänkte någon har bra koll på branschen och kan ge ett litet tips    Får själv känslan av att  Finnish från Helsingfors kan ge ett bra pris likaså Norwegian Men är det inte nämnvärt billigare kan jag tänka mig Thai eller SAS från någon av städerna jag nämnt Det rör sig om i höst/vinter så det finns god tid för att ge tips ;-) I höstas/vintras åkte jag från Köpenhamn med Thai för 7500:- 2 månader över jul nyår tänkte mig spara in nån tusenlapp eller 2 denna gång om det går! Någon?",0.5303376
"Hello ! Någon som har bra koll på varifrån i Europa man flyger billigast till Bangkok direkt (eller ev max 1 stop) Alternativen jag är intressearad av är 1:Stockholm 2:Köpenhamn 3:Helsingfors 4:Oslo 5:Frankfurt 6:Amsterdam 7:Munchen Varför jag frågar,är att jag har poäng med både SAS och Norwegian som berättigar mig till en ToR till en av dessa städer och TROR mig kunna spara några kronor för att slippa (betala) anslutningsflyg från Göteborg (Landvetter) via en av dessa städer, Flygbolagen till Bangkok ser jag helst med Thai SAS Finnish air KLM Lufthansa Qatar Ev Norwegian Alltså dom mer etablerade bolagen Och ja jag vet jag kan söka runt som en dåre,men tänkte någon har bra koll på branschen och kan ge ett litet tips    Får själv känslan av att  Finnish från Helsingfors kan ge ett bra pris likaså Norwegian Men är det inte nämnvärt billigare kan jag tänka mig Thai eller SAS från någon av städerna jag nämnt Det rör sig om i höst/vinter så det finns god tid för att ge tips ;-) I höstas/vintras åkte jag från Köpenhamn med Thai för 7500:- 2 månader över jul nyår tänkte mig spara in nån tusenlapp eller 2 denna gång om det går! Någon?",0.46545225
"Hello ! Någon som har bra koll på varifrån i Europa man flyger billigast till Bangkok direkt (eller ev max 1 stop) Alternativen jag är intressearad av är 1:Stockholm 2:Köpenhamn 3:Helsingfors 4:Oslo 5:Frankfurt 6:Amsterdam 7:Munchen Varför jag frågar,är att jag har poäng med både SAS och Norwegian som berättigar mig till en ToR till en av dessa städer och TROR mig kunna spara några kronor för att slippa (betala) anslutningsflyg från Göteborg (Landvetter) via en av dessa städer, Flygbolagen till Bangkok ser jag helst med Thai SAS Finnish air KLM Lufthansa Qatar Ev Norwegian Alltså dom mer etablerade bolagen Och ja jag vet jag kan söka runt som en dåre,men tänkte någon har bra koll på branschen och kan ge ett litet tips    Får själv känslan av att  Finnish från Helsingfors kan ge ett bra pris likaså Norwegian Men är det inte nämnvärt billigare kan jag tänka mig Thai eller SAS från någon av städerna jag nämnt Det rör sig om i höst/vinter så det finns god tid för att ge tips ;-) I höstas/vintras åkte jag från Köpenhamn med Thai för 7500:- 2 månader över jul nyår tänkte mig spara in nån tusenlapp eller 2 denna gång om det går! Någon?",0.4573001
"Hello ! Någon som har bra koll på varifrån i Europa man flyger billigast till Bangkok direkt (eller ev max 1 stop) Alternativen jag är intressearad av är 1:Stockholm 2:Köpenhamn 3:Helsingfors 4:Oslo 5:Frankfurt 6:Amsterdam 7:Munchen Varför jag frågar,är att jag har poäng med både SAS och Norwegian som berättigar mig till en ToR till en av dessa städer och TROR mig kunna spara några kronor för att slippa (betala) anslutningsflyg från Göteborg (Landvetter) via en av dessa städer, Flygbolagen till Bangkok ser jag helst med Thai SAS Finnish air KLM Lufthansa Qatar Ev Norwegian Alltså dom mer etablerade bolagen Och ja jag vet jag kan söka runt som en dåre,men tänkte någon har bra koll på branschen och kan ge ett litet tips    Får själv känslan av att  Finnish från Helsingfors kan ge ett bra pris likaså Norwegian Men är det inte nämnvärt billigare kan jag tänka mig Thai eller SAS från någon av städerna jag nämnt Det rör sig om i höst/vinter så det finns god tid för att ge tips ;-) I höstas/vintras åkte jag från Köpenhamn med Thai för 7500:- 2 månader över jul nyår tänkte mig spara in nån tusenlapp eller 2 denna gång om det går! Någon?",0.5523907
"Det är så att jag kör extern skärm och har då locket stängt. När jag skypear så hör folk mig väldigt dåligt. Hjälper det om jag lyfter upp locket/vart sitter micken? En annan fråga när vi ändå är igång - Jag trodde det var samma mic i iMac som Macbook? men den är uppenbarligen mycket sämre. Jag kunde gå runt fritt i rummet, till och med en bra bit därifrån min iMac stod och folk hörde mig perfekt fortfarande. Men med Macbooken så är det inte alls samma sak.",0.7334507
"Det är så att jag kör extern skärm och har då locket stängt. När jag skypear så hör folk mig väldigt dåligt. Hjälper det om jag lyfter upp locket/vart sitter micken? En annan fråga när vi ändå är igång - Jag trodde det var samma mic i iMac som Macbook? men den är uppenbarligen mycket sämre. Jag kunde gå runt fritt i rummet, till och med en bra bit därifrån min iMac stod och folk hörde mig perfekt fortfarande. Men med Macbooken så är det inte alls samma sak.",0.26496696
"Det är så att jag kör extern skärm och har då locket stängt. När jag skypear så hör folk mig väldigt dåligt. Hjälper det om jag lyfter upp locket/vart sitter micken? En annan fråga när vi ändå är igång - Jag trodde det var samma mic i iMac som Macbook? men den är uppenbarligen mycket sämre. Jag kunde gå runt fritt i rummet, till och med en bra bit därifrån min iMac stod och folk hörde mig perfekt fortfarande. Men med Macbooken så är det inte alls samma sak.",0.08715192
"Det är så att jag kör extern skärm och har då locket stängt. När jag skypear så hör folk mig väldigt dåligt. Hjälper det om jag lyfter upp locket/vart sitter micken? En annan fråga när vi ändå är igång - Jag trodde det var samma mic i iMac som Macbook? men den är uppenbarligen mycket sämre. Jag kunde gå runt fritt i rummet, till och med en bra bit därifrån min iMac stod och folk hörde mig perfekt fortfarande. Men med Macbooken så är det inte alls samma sak.",0.59737283
"Det är så att jag kör extern skärm och har då locket stängt. När jag skypear så hör folk mig väldigt dåligt. Hjälper det om jag lyfter upp locket/vart sitter micken? En annan fråga när vi ändå är igång - Jag trodde det var samma mic i iMac som Macbook? men den är uppenbarligen mycket sämre. Jag kunde gå runt fritt i rummet, till och med en bra bit därifrån min iMac stod och folk hörde mig perfekt fortfarande. Men med Macbooken så är det inte alls samma sak.",0.41809887
"Det är så att jag kör extern skärm och har då locket stängt. När jag skypear så hör folk mig väldigt dåligt. Hjälper det om jag lyfter upp locket/vart sitter micken? En annan fråga när vi ändå är igång - Jag trodde det var samma mic i iMac som Macbook? men den är uppenbarligen mycket sämre. Jag kunde gå runt fritt i rummet, till och med en bra bit därifrån min iMac stod och folk hörde mig perfekt fortfarande. Men med Macbooken så är det inte alls samma sak.",0.26250228
"Det är så att jag kör extern skärm och har då locket stängt. När jag skypear så hör folk mig väldigt dåligt. Hjälper det om jag lyfter upp locket/vart sitter micken? En annan fråga när vi ändå är igång - Jag trodde det var samma mic i iMac som Macbook? men den är uppenbarligen mycket sämre. Jag kunde gå runt fritt i rummet, till och med en bra bit därifrån min iMac stod och folk hörde mig perfekt fortfarande. Men med Macbooken så är det inte alls samma sak.",0.56220686
"Det är så att jag kör extern skärm och har då locket stängt. När jag skypear så hör folk mig väldigt dåligt. Hjälper det om jag lyfter upp locket/vart sitter micken? En annan fråga när vi ändå är igång - Jag trodde det var samma mic i iMac som Macbook? men den är uppenbarligen mycket sämre. Jag kunde gå runt fritt i rummet, till och med en bra bit därifrån min iMac stod och folk hörde mig perfekt fortfarande. Men med Macbooken så är det inte alls samma sak.",0.28315
"Det är så att jag kör extern skärm och har då locket stängt. När jag skypear så hör folk mig väldigt dåligt. Hjälper det om jag lyfter upp locket/vart sitter micken? En annan fråga när vi ändå är igång - Jag trodde det var samma mic i iMac som Macbook? men den är uppenbarligen mycket sämre. Jag kunde gå runt fritt i rummet, till och med en bra bit därifrån min iMac stod och folk hörde mig perfekt fortfarande. Men med Macbooken så är det inte alls samma sak.",0.4543826
"Det är så att jag kör extern skärm och har då locket stängt. När jag skypear så hör folk mig väldigt dåligt. Hjälper det om jag lyfter upp locket/vart sitter micken? En annan fråga när vi ändå är igång - Jag trodde det var samma mic i iMac som Macbook? men den är uppenbarligen mycket sämre. Jag kunde gå runt fritt i rummet, till och med en bra bit därifrån min iMac stod och folk hörde mig perfekt fortfarande. Men med Macbooken så är det inte alls samma sak.",0.61864495
"Det är så att jag kör extern skärm och har då locket stängt. När jag skypear så hör folk mig väldigt dåligt. Hjälper det om jag lyfter upp locket/vart sitter micken? En annan fråga när vi ändå är igång - Jag trodde det var samma mic i iMac som Macbook? men den är uppenbarligen mycket sämre. Jag kunde gå runt fritt i rummet, till och med en bra bit därifrån min iMac stod och folk hörde mig perfekt fortfarande. Men med Macbooken så är det inte alls samma sak.",0.5673112
"Det är så att jag kör extern skärm och har då locket stängt. När jag skypear så hör folk mig väldigt dåligt. Hjälper det om jag lyfter upp locket/vart sitter micken? En annan fråga när vi ändå är igång - Jag trodde det var samma mic i iMac som Macbook? men den är uppenbarligen mycket sämre. Jag kunde gå runt fritt i rummet, till och med en bra bit därifrån min iMac stod och folk hörde mig perfekt fortfarande. Men med Macbooken så är det inte alls samma sak.",0.19719182
"Det är så att jag kör extern skärm och har då locket stängt. När jag skypear så hör folk mig väldigt dåligt. Hjälper det om jag lyfter upp locket/vart sitter micken? En annan fråga när vi ändå är igång - Jag trodde det var samma mic i iMac som Macbook? men den är uppenbarligen mycket sämre. Jag kunde gå runt fritt i rummet, till och med en bra bit därifrån min iMac stod och folk hörde mig perfekt fortfarande. Men med Macbooken så är det inte alls samma sak.",0.5296691
"Det är så att jag kör extern skärm och har då locket stängt. När jag skypear så hör folk mig väldigt dåligt. Hjälper det om jag lyfter upp locket/vart sitter micken? En annan fråga när vi ändå är igång - Jag trodde det var samma mic i iMac som Macbook? men den är uppenbarligen mycket sämre. Jag kunde gå runt fritt i rummet, till och med en bra bit därifrån min iMac stod och folk hörde mig perfekt fortfarande. Men med Macbooken så är det inte alls samma sak.",0.5661231
"Det är så att jag kör extern skärm och har då locket stängt. När jag skypear så hör folk mig väldigt dåligt. Hjälper det om jag lyfter upp locket/vart sitter micken? En annan fråga när vi ändå är igång - Jag trodde det var samma mic i iMac som Macbook? men den är uppenbarligen mycket sämre. Jag kunde gå runt fritt i rummet, till och med en bra bit därifrån min iMac stod och folk hörde mig perfekt fortfarande. Men med Macbooken så är det inte alls samma sak.",0.59219587
"Det är så att jag kör extern skärm och har då locket stängt. När jag skypear så hör folk mig väldigt dåligt. Hjälper det om jag lyfter upp locket/vart sitter micken? En annan fråga när vi ändå är igång - Jag trodde det var samma mic i iMac som Macbook? men den är uppenbarligen mycket sämre. Jag kunde gå runt fritt i rummet, till och med en bra bit därifrån min iMac stod och folk hörde mig perfekt fortfarande. Men med Macbooken så är det inte alls samma sak.",0.5427216
"Det är så att jag kör extern skärm och har då locket stängt. När jag skypear så hör folk mig väldigt dåligt. Hjälper det om jag lyfter upp locket/vart sitter micken? En annan fråga när vi ändå är igång - Jag trodde det var samma mic i iMac som Macbook? men den är uppenbarligen mycket sämre. Jag kunde gå runt fritt i rummet, till och med en bra bit därifrån min iMac stod och folk hörde mig perfekt fortfarande. Men med Macbooken så är det inte alls samma sak.",0.30048198
"Det är så att jag kör extern skärm och har då locket stängt. När jag skypear så hör folk mig väldigt dåligt. Hjälper det om jag lyfter upp locket/vart sitter micken? En annan fråga när vi ändå är igång - Jag trodde det var samma mic i iMac som Macbook? men den är uppenbarligen mycket sämre. Jag kunde gå runt fritt i rummet, till och med en bra bit därifrån min iMac stod och folk hörde mig perfekt fortfarande. Men med Macbooken så är det inte alls samma sak.",0.769444
"Det är så att jag kör extern skärm och har då locket stängt. När jag skypear så hör folk mig väldigt dåligt. Hjälper det om jag lyfter upp locket/vart sitter micken? En annan fråga när vi ändå är igång - Jag trodde det var samma mic i iMac som Macbook? men den är uppenbarligen mycket sämre. Jag kunde gå runt fritt i rummet, till och med en bra bit därifrån min iMac stod och folk hörde mig perfekt fortfarande. Men med Macbooken så är det inte alls samma sak.",0.5442901
"Bakgrundsfakta,  sammanfattning i fet text Tog student 2011 och jobbade i stort sätt hela året efter i hopp om att komma iväg på någon nice resa. Blev aldrig riktigt av så tänkte egentligen köra resa i höst, men sen blev det att alla polare började plugga på annan ort så jag hakade på dem. Kanske inte det smartaste eftersom jag knappt visste vad jag sökt. Pluggar i alla fall systemvetenskap nu och har gjort det drygt en månad. Har kommit till underfund med att det kanske inte riktigt är min grej. Kodningen och systemutveckligen har dock inte börjat än så tänkte ge det en chans, men känns mycket mer teoretiskt än vad jag tänkt mig. Känns kanske lite som att jag hetsade fram studierna, och inte riktigt är studiemotiverad eftersom det finns så mycket jag vill göra innan egentligen. Har riktigt mycket i skolan om dagarna och började fundera på om man inte borde unna sig lite mer innan högskolan, t.ex. säsonga i något varmt land eller varför inte i alperna. Jag är samtidigt lite sugen på att plugga, men har inte en aning om vad. Jag är intresserad av allt som egentligen har med redigering och datorer och göra, men också att hålla mig aktiv. Gillar extremsporter och att prova på nya saker, besöka nya platser etc. Sitter hellre en hel dag och redigerar en skatefilm på datorn än att plugga ekonomi en timma, om man nu kan jämföra så olika saker. För övrigt läste jag ekonomi på gymnasiet och gick ut med ca 19,3 i betyg med merit. Jag är sammanfattningsvis sugen på göra nya saker och besöka nya platser, men vet inte riktigt vad jag ska studera. Gillar att fota / filma i coola miljöer för att sedan lägga mycket fokus på redigeringen. Gillar också att skapa hemsidor etc och kan sitta i flera timmar med småpill. Det jag behöver hjälp med är helt enkelt vad ni, flashback, tror är något för mig?! Kan vara alltifrån att plugga i USA eller Lund till att resa jorden runt eller volontära i Afrika! Sorry för lång text.",0.41699553
"Hej! I slutet av denna månad åker jag själv till Barcelona för att festa, sola, bada och leta jobb. Det lite tråkiga är att jag inte får med någon av mina polare. Så, är det någon som vet om det finns något forum där man kan bekanta sig med folk som befinner sig i eller tänker resa till Barcelona (eller andra ställen, såklart)? Ingen man söker kvinna-grej, utan helt enkelt för att träffa lite nya polare att festa med och så. Man eller kvinna, svensk eller inte. Spelar ingen roll. Har ni några tips?",0.51140153
"Hej! I slutet av denna månad åker jag själv till Barcelona för att festa, sola, bada och leta jobb. Det lite tråkiga är att jag inte får med någon av mina polare. Så, är det någon som vet om det finns något forum där man kan bekanta sig med folk som befinner sig i eller tänker resa till Barcelona (eller andra ställen, såklart)? Ingen man söker kvinna-grej, utan helt enkelt för att träffa lite nya polare att festa med och så. Man eller kvinna, svensk eller inte. Spelar ingen roll. Har ni några tips?",0.51529145
"Hej! I slutet av denna månad åker jag själv till Barcelona för att festa, sola, bada och leta jobb. Det lite tråkiga är att jag inte får med någon av mina polare. Så, är det någon som vet om det finns något forum där man kan bekanta sig med folk som befinner sig i eller tänker resa till Barcelona (eller andra ställen, såklart)? Ingen man söker kvinna-grej, utan helt enkelt för att träffa lite nya polare att festa med och så. Man eller kvinna, svensk eller inte. Spelar ingen roll. Har ni några tips?",0.36038676
"Hej! I slutet av denna månad åker jag själv till Barcelona för att festa, sola, bada och leta jobb. Det lite tråkiga är att jag inte får med någon av mina polare. Så, är det någon som vet om det finns något forum där man kan bekanta sig med folk som befinner sig i eller tänker resa till Barcelona (eller andra ställen, såklart)? Ingen man söker kvinna-grej, utan helt enkelt för att träffa lite nya polare att festa med och så. Man eller kvinna, svensk eller inte. Spelar ingen roll. Har ni några tips?",0.2143406
"Hej! I slutet av denna månad åker jag själv till Barcelona för att festa, sola, bada och leta jobb. Det lite tråkiga är att jag inte får med någon av mina polare. Så, är det någon som vet om det finns något forum där man kan bekanta sig med folk som befinner sig i eller tänker resa till Barcelona (eller andra ställen, såklart)? Ingen man söker kvinna-grej, utan helt enkelt för att träffa lite nya polare att festa med och så. Man eller kvinna, svensk eller inte. Spelar ingen roll. Har ni några tips?",0.27707794
"Hej! I slutet av denna månad åker jag själv till Barcelona för att festa, sola, bada och leta jobb. Det lite tråkiga är att jag inte får med någon av mina polare. Så, är det någon som vet om det finns något forum där man kan bekanta sig med folk som befinner sig i eller tänker resa till Barcelona (eller andra ställen, såklart)? Ingen man söker kvinna-grej, utan helt enkelt för att träffa lite nya polare att festa med och så. Man eller kvinna, svensk eller inte. Spelar ingen roll. Har ni några tips?",0.31149358
"Hej! I slutet av denna månad åker jag själv till Barcelona för att festa, sola, bada och leta jobb. Det lite tråkiga är att jag inte får med någon av mina polare. Så, är det någon som vet om det finns något forum där man kan bekanta sig med folk som befinner sig i eller tänker resa till Barcelona (eller andra ställen, såklart)? Ingen man söker kvinna-grej, utan helt enkelt för att träffa lite nya polare att festa med och så. Man eller kvinna, svensk eller inte. Spelar ingen roll. Har ni några tips?",0.4421581
"Hej! I slutet av denna månad åker jag själv till Barcelona för att festa, sola, bada och leta jobb. Det lite tråkiga är att jag inte får med någon av mina polare. Så, är det någon som vet om det finns något forum där man kan bekanta sig med folk som befinner sig i eller tänker resa till Barcelona (eller andra ställen, såklart)? Ingen man söker kvinna-grej, utan helt enkelt för att träffa lite nya polare att festa med och så. Man eller kvinna, svensk eller inte. Spelar ingen roll. Har ni några tips?",0.4336166
"Hej! I slutet av denna månad åker jag själv till Barcelona för att festa, sola, bada och leta jobb. Det lite tråkiga är att jag inte får med någon av mina polare. Så, är det någon som vet om det finns något forum där man kan bekanta sig med folk som befinner sig i eller tänker resa till Barcelona (eller andra ställen, såklart)? Ingen man söker kvinna-grej, utan helt enkelt för att träffa lite nya polare att festa med och så. Man eller kvinna, svensk eller inte. Spelar ingen roll. Har ni några tips?",0.2410698
"Hej! I slutet av denna månad åker jag själv till Barcelona för att festa, sola, bada och leta jobb. Det lite tråkiga är att jag inte får med någon av mina polare. Så, är det någon som vet om det finns något forum där man kan bekanta sig med folk som befinner sig i eller tänker resa till Barcelona (eller andra ställen, såklart)? Ingen man söker kvinna-grej, utan helt enkelt för att träffa lite nya polare att festa med och så. Man eller kvinna, svensk eller inte. Spelar ingen roll. Har ni några tips?",0.4039005
"Hej! I slutet av denna månad åker jag själv till Barcelona för att festa, sola, bada och leta jobb. Det lite tråkiga är att jag inte får med någon av mina polare. Så, är det någon som vet om det finns något forum där man kan bekanta sig med folk som befinner sig i eller tänker resa till Barcelona (eller andra ställen, såklart)? Ingen man söker kvinna-grej, utan helt enkelt för att träffa lite nya polare att festa med och så. Man eller kvinna, svensk eller inte. Spelar ingen roll. Har ni några tips?",0.39496878
"Hej! Jag kommer tillsvidare använda min fars bil, men problemet är att jag bor i Göteborg och det enda tänkbara (kostnadsfråga) parkeringsalternativet för mig är boendeparkering. För att kunna erhålla ett boendeparkeringstillstånd i Göteborg måste bilen vara registrerad på mig vilket skulle resultera i helt vansinniga försäkringskostnader. Min fråga är nu om jag kan registrera bilen på mig under någon vecka, ansöka om boendeparkeringstillstånd och därefter skriva över bilen på min far igen? Tror ni detta skulle fungera? Avaktiveras boendeparkeringstillståndet per automatik?Någon som testat detta själv?  Finns det någon här som arbetar som parkeringsvakt, hur noga kontrolleras detta? Kommer det upp automatiskt då boendetillståndet scannas/kontrolleras? Andra tips? Tacksam för svar!",0.6195351
"Hej! Jag kommer tillsvidare använda min fars bil, men problemet är att jag bor i Göteborg och det enda tänkbara (kostnadsfråga) parkeringsalternativet för mig är boendeparkering. För att kunna erhålla ett boendeparkeringstillstånd i Göteborg måste bilen vara registrerad på mig vilket skulle resultera i helt vansinniga försäkringskostnader. Min fråga är nu om jag kan registrera bilen på mig under någon vecka, ansöka om boendeparkeringstillstånd och därefter skriva över bilen på min far igen? Tror ni detta skulle fungera? Avaktiveras boendeparkeringstillståndet per automatik?Någon som testat detta själv?  Finns det någon här som arbetar som parkeringsvakt, hur noga kontrolleras detta? Kommer det upp automatiskt då boendetillståndet scannas/kontrolleras? Andra tips? Tacksam för svar!",0.5969213
"Hej! Jag kommer tillsvidare använda min fars bil, men problemet är att jag bor i Göteborg och det enda tänkbara (kostnadsfråga) parkeringsalternativet för mig är boendeparkering. För att kunna erhålla ett boendeparkeringstillstånd i Göteborg måste bilen vara registrerad på mig vilket skulle resultera i helt vansinniga försäkringskostnader. Min fråga är nu om jag kan registrera bilen på mig under någon vecka, ansöka om boendeparkeringstillstånd och därefter skriva över bilen på min far igen? Tror ni detta skulle fungera? Avaktiveras boendeparkeringstillståndet per automatik?Någon som testat detta själv?  Finns det någon här som arbetar som parkeringsvakt, hur noga kontrolleras detta? Kommer det upp automatiskt då boendetillståndet scannas/kontrolleras? Andra tips? Tacksam för svar!",0.66141033
"I vissa trådar här på Flashback ser man ett stort agg emot vita kvinnor som särar på benen för en mörk man, men nästan aldrig tvärtom. Utan att gå in och värdera huruvida rasism är fel eller ej (en diskussion för sig), undrar jag bara varför det är så här? Varför är det aldrig några tjejer från SMR som klagar över att arabiska flickor lurar ner de käcka svenska gossarna i rasblandning? Varför gör NSF ingen propaganda med en svart kvinna som kladdar på en vit man? Kort sagt varför är det alltid en manlig främling som antastar en vit kvinna?",0.38848323
"I vissa trådar här på Flashback ser man ett stort agg emot vita kvinnor som särar på benen för en mörk man, men nästan aldrig tvärtom. Utan att gå in och värdera huruvida rasism är fel eller ej (en diskussion för sig), undrar jag bara varför det är så här? Varför är det aldrig några tjejer från SMR som klagar över att arabiska flickor lurar ner de käcka svenska gossarna i rasblandning? Varför gör NSF ingen propaganda med en svart kvinna som kladdar på en vit man? Kort sagt varför är det alltid en manlig främling som antastar en vit kvinna?",0.57613534
"I vissa trådar här på Flashback ser man ett stort agg emot vita kvinnor som särar på benen för en mörk man, men nästan aldrig tvärtom. Utan att gå in och värdera huruvida rasism är fel eller ej (en diskussion för sig), undrar jag bara varför det är så här? Varför är det aldrig några tjejer från SMR som klagar över att arabiska flickor lurar ner de käcka svenska gossarna i rasblandning? Varför gör NSF ingen propaganda med en svart kvinna som kladdar på en vit man? Kort sagt varför är det alltid en manlig främling som antastar en vit kvinna?",0.48687875
"I vissa trådar här på Flashback ser man ett stort agg emot vita kvinnor som särar på benen för en mörk man, men nästan aldrig tvärtom. Utan att gå in och värdera huruvida rasism är fel eller ej (en diskussion för sig), undrar jag bara varför det är så här? Varför är det aldrig några tjejer från SMR som klagar över att arabiska flickor lurar ner de käcka svenska gossarna i rasblandning? Varför gör NSF ingen propaganda med en svart kvinna som kladdar på en vit man? Kort sagt varför är det alltid en manlig främling som antastar en vit kvinna?",0.49575037
"I vissa trådar här på Flashback ser man ett stort agg emot vita kvinnor som särar på benen för en mörk man, men nästan aldrig tvärtom. Utan att gå in och värdera huruvida rasism är fel eller ej (en diskussion för sig), undrar jag bara varför det är så här? Varför är det aldrig några tjejer från SMR som klagar över att arabiska flickor lurar ner de käcka svenska gossarna i rasblandning? Varför gör NSF ingen propaganda med en svart kvinna som kladdar på en vit man? Kort sagt varför är det alltid en manlig främling som antastar en vit kvinna?",0.5978787
"I vissa trådar här på Flashback ser man ett stort agg emot vita kvinnor som särar på benen för en mörk man, men nästan aldrig tvärtom. Utan att gå in och värdera huruvida rasism är fel eller ej (en diskussion för sig), undrar jag bara varför det är så här? Varför är det aldrig några tjejer från SMR som klagar över att arabiska flickor lurar ner de käcka svenska gossarna i rasblandning? Varför gör NSF ingen propaganda med en svart kvinna som kladdar på en vit man? Kort sagt varför är det alltid en manlig främling som antastar en vit kvinna?",0.50666547
"I vissa trådar här på Flashback ser man ett stort agg emot vita kvinnor som särar på benen för en mörk man, men nästan aldrig tvärtom. Utan att gå in och värdera huruvida rasism är fel eller ej (en diskussion för sig), undrar jag bara varför det är så här? Varför är det aldrig några tjejer från SMR som klagar över att arabiska flickor lurar ner de käcka svenska gossarna i rasblandning? Varför gör NSF ingen propaganda med en svart kvinna som kladdar på en vit man? Kort sagt varför är det alltid en manlig främling som antastar en vit kvinna?",0.20253727
"I vissa trådar här på Flashback ser man ett stort agg emot vita kvinnor som särar på benen för en mörk man, men nästan aldrig tvärtom. Utan att gå in och värdera huruvida rasism är fel eller ej (en diskussion för sig), undrar jag bara varför det är så här? Varför är det aldrig några tjejer från SMR som klagar över att arabiska flickor lurar ner de käcka svenska gossarna i rasblandning? Varför gör NSF ingen propaganda med en svart kvinna som kladdar på en vit man? Kort sagt varför är det alltid en manlig främling som antastar en vit kvinna?",0.28199583
"I vissa trådar här på Flashback ser man ett stort agg emot vita kvinnor som särar på benen för en mörk man, men nästan aldrig tvärtom. Utan att gå in och värdera huruvida rasism är fel eller ej (en diskussion för sig), undrar jag bara varför det är så här? Varför är det aldrig några tjejer från SMR som klagar över att arabiska flickor lurar ner de käcka svenska gossarna i rasblandning? Varför gör NSF ingen propaganda med en svart kvinna som kladdar på en vit man? Kort sagt varför är det alltid en manlig främling som antastar en vit kvinna?",0.48428583
"I vissa trådar här på Flashback ser man ett stort agg emot vita kvinnor som särar på benen för en mörk man, men nästan aldrig tvärtom. Utan att gå in och värdera huruvida rasism är fel eller ej (en diskussion för sig), undrar jag bara varför det är så här? Varför är det aldrig några tjejer från SMR som klagar över att arabiska flickor lurar ner de käcka svenska gossarna i rasblandning? Varför gör NSF ingen propaganda med en svart kvinna som kladdar på en vit man? Kort sagt varför är det alltid en manlig främling som antastar en vit kvinna?",0.36000317
"I vissa trådar här på Flashback ser man ett stort agg emot vita kvinnor som särar på benen för en mörk man, men nästan aldrig tvärtom. Utan att gå in och värdera huruvida rasism är fel eller ej (en diskussion för sig), undrar jag bara varför det är så här? Varför är det aldrig några tjejer från SMR som klagar över att arabiska flickor lurar ner de käcka svenska gossarna i rasblandning? Varför gör NSF ingen propaganda med en svart kvinna som kladdar på en vit man? Kort sagt varför är det alltid en manlig främling som antastar en vit kvinna?",0.4520073
"I vissa trådar här på Flashback ser man ett stort agg emot vita kvinnor som särar på benen för en mörk man, men nästan aldrig tvärtom. Utan att gå in och värdera huruvida rasism är fel eller ej (en diskussion för sig), undrar jag bara varför det är så här? Varför är det aldrig några tjejer från SMR som klagar över att arabiska flickor lurar ner de käcka svenska gossarna i rasblandning? Varför gör NSF ingen propaganda med en svart kvinna som kladdar på en vit man? Kort sagt varför är det alltid en manlig främling som antastar en vit kvinna?",0.32777965
"I vissa trådar här på Flashback ser man ett stort agg emot vita kvinnor som särar på benen för en mörk man, men nästan aldrig tvärtom. Utan att gå in och värdera huruvida rasism är fel eller ej (en diskussion för sig), undrar jag bara varför det är så här? Varför är det aldrig några tjejer från SMR som klagar över att arabiska flickor lurar ner de käcka svenska gossarna i rasblandning? Varför gör NSF ingen propaganda med en svart kvinna som kladdar på en vit man? Kort sagt varför är det alltid en manlig främling som antastar en vit kvinna?",0.5378187
"I vissa trådar här på Flashback ser man ett stort agg emot vita kvinnor som särar på benen för en mörk man, men nästan aldrig tvärtom. Utan att gå in och värdera huruvida rasism är fel eller ej (en diskussion för sig), undrar jag bara varför det är så här? Varför är det aldrig några tjejer från SMR som klagar över att arabiska flickor lurar ner de käcka svenska gossarna i rasblandning? Varför gör NSF ingen propaganda med en svart kvinna som kladdar på en vit man? Kort sagt varför är det alltid en manlig främling som antastar en vit kvinna?",0.5054699
"I vissa trådar här på Flashback ser man ett stort agg emot vita kvinnor som särar på benen för en mörk man, men nästan aldrig tvärtom. Utan att gå in och värdera huruvida rasism är fel eller ej (en diskussion för sig), undrar jag bara varför det är så här? Varför är det aldrig några tjejer från SMR som klagar över att arabiska flickor lurar ner de käcka svenska gossarna i rasblandning? Varför gör NSF ingen propaganda med en svart kvinna som kladdar på en vit man? Kort sagt varför är det alltid en manlig främling som antastar en vit kvinna?",0.4790481
"I vissa trådar här på Flashback ser man ett stort agg emot vita kvinnor som särar på benen för en mörk man, men nästan aldrig tvärtom. Utan att gå in och värdera huruvida rasism är fel eller ej (en diskussion för sig), undrar jag bara varför det är så här? Varför är det aldrig några tjejer från SMR som klagar över att arabiska flickor lurar ner de käcka svenska gossarna i rasblandning? Varför gör NSF ingen propaganda med en svart kvinna som kladdar på en vit man? Kort sagt varför är det alltid en manlig främling som antastar en vit kvinna?",0.5670751
"I vissa trådar här på Flashback ser man ett stort agg emot vita kvinnor som särar på benen för en mörk man, men nästan aldrig tvärtom. Utan att gå in och värdera huruvida rasism är fel eller ej (en diskussion för sig), undrar jag bara varför det är så här? Varför är det aldrig några tjejer från SMR som klagar över att arabiska flickor lurar ner de käcka svenska gossarna i rasblandning? Varför gör NSF ingen propaganda med en svart kvinna som kladdar på en vit man? Kort sagt varför är det alltid en manlig främling som antastar en vit kvinna?",0.6074648
"I vissa trådar här på Flashback ser man ett stort agg emot vita kvinnor som särar på benen för en mörk man, men nästan aldrig tvärtom. Utan att gå in och värdera huruvida rasism är fel eller ej (en diskussion för sig), undrar jag bara varför det är så här? Varför är det aldrig några tjejer från SMR som klagar över att arabiska flickor lurar ner de käcka svenska gossarna i rasblandning? Varför gör NSF ingen propaganda med en svart kvinna som kladdar på en vit man? Kort sagt varför är det alltid en manlig främling som antastar en vit kvinna?",0.60098743
"I vissa trådar här på Flashback ser man ett stort agg emot vita kvinnor som särar på benen för en mörk man, men nästan aldrig tvärtom. Utan att gå in och värdera huruvida rasism är fel eller ej (en diskussion för sig), undrar jag bara varför det är så här? Varför är det aldrig några tjejer från SMR som klagar över att arabiska flickor lurar ner de käcka svenska gossarna i rasblandning? Varför gör NSF ingen propaganda med en svart kvinna som kladdar på en vit man? Kort sagt varför är det alltid en manlig främling som antastar en vit kvinna?",0.27697134
"I vissa trådar här på Flashback ser man ett stort agg emot vita kvinnor som särar på benen för en mörk man, men nästan aldrig tvärtom. Utan att gå in och värdera huruvida rasism är fel eller ej (en diskussion för sig), undrar jag bara varför det är så här? Varför är det aldrig några tjejer från SMR som klagar över att arabiska flickor lurar ner de käcka svenska gossarna i rasblandning? Varför gör NSF ingen propaganda med en svart kvinna som kladdar på en vit man? Kort sagt varför är det alltid en manlig främling som antastar en vit kvinna?",0.33311528
"I vissa trådar här på Flashback ser man ett stort agg emot vita kvinnor som särar på benen för en mörk man, men nästan aldrig tvärtom. Utan att gå in och värdera huruvida rasism är fel eller ej (en diskussion för sig), undrar jag bara varför det är så här? Varför är det aldrig några tjejer från SMR som klagar över att arabiska flickor lurar ner de käcka svenska gossarna i rasblandning? Varför gör NSF ingen propaganda med en svart kvinna som kladdar på en vit man? Kort sagt varför är det alltid en manlig främling som antastar en vit kvinna?",0.4052208
"I vissa trådar här på Flashback ser man ett stort agg emot vita kvinnor som särar på benen för en mörk man, men nästan aldrig tvärtom. Utan att gå in och värdera huruvida rasism är fel eller ej (en diskussion för sig), undrar jag bara varför det är så här? Varför är det aldrig några tjejer från SMR som klagar över att arabiska flickor lurar ner de käcka svenska gossarna i rasblandning? Varför gör NSF ingen propaganda med en svart kvinna som kladdar på en vit man? Kort sagt varför är det alltid en manlig främling som antastar en vit kvinna?",0.67901355
"I vissa trådar här på Flashback ser man ett stort agg emot vita kvinnor som särar på benen för en mörk man, men nästan aldrig tvärtom. Utan att gå in och värdera huruvida rasism är fel eller ej (en diskussion för sig), undrar jag bara varför det är så här? Varför är det aldrig några tjejer från SMR som klagar över att arabiska flickor lurar ner de käcka svenska gossarna i rasblandning? Varför gör NSF ingen propaganda med en svart kvinna som kladdar på en vit man? Kort sagt varför är det alltid en manlig främling som antastar en vit kvinna?",0.56047446
"I vissa trådar här på Flashback ser man ett stort agg emot vita kvinnor som särar på benen för en mörk man, men nästan aldrig tvärtom. Utan att gå in och värdera huruvida rasism är fel eller ej (en diskussion för sig), undrar jag bara varför det är så här? Varför är det aldrig några tjejer från SMR som klagar över att arabiska flickor lurar ner de käcka svenska gossarna i rasblandning? Varför gör NSF ingen propaganda med en svart kvinna som kladdar på en vit man? Kort sagt varför är det alltid en manlig främling som antastar en vit kvinna?",0.47041392
"I vissa trådar här på Flashback ser man ett stort agg emot vita kvinnor som särar på benen för en mörk man, men nästan aldrig tvärtom. Utan att gå in och värdera huruvida rasism är fel eller ej (en diskussion för sig), undrar jag bara varför det är så här? Varför är det aldrig några tjejer från SMR som klagar över att arabiska flickor lurar ner de käcka svenska gossarna i rasblandning? Varför gör NSF ingen propaganda med en svart kvinna som kladdar på en vit man? Kort sagt varför är det alltid en manlig främling som antastar en vit kvinna?",0.4394362
"I vissa trådar här på Flashback ser man ett stort agg emot vita kvinnor som särar på benen för en mörk man, men nästan aldrig tvärtom. Utan att gå in och värdera huruvida rasism är fel eller ej (en diskussion för sig), undrar jag bara varför det är så här? Varför är det aldrig några tjejer från SMR som klagar över att arabiska flickor lurar ner de käcka svenska gossarna i rasblandning? Varför gör NSF ingen propaganda med en svart kvinna som kladdar på en vit man? Kort sagt varför är det alltid en manlig främling som antastar en vit kvinna?",0.7261247
"I vissa trådar här på Flashback ser man ett stort agg emot vita kvinnor som särar på benen för en mörk man, men nästan aldrig tvärtom. Utan att gå in och värdera huruvida rasism är fel eller ej (en diskussion för sig), undrar jag bara varför det är så här? Varför är det aldrig några tjejer från SMR som klagar över att arabiska flickor lurar ner de käcka svenska gossarna i rasblandning? Varför gör NSF ingen propaganda med en svart kvinna som kladdar på en vit man? Kort sagt varför är det alltid en manlig främling som antastar en vit kvinna?",0.50622463
"I vissa trådar här på Flashback ser man ett stort agg emot vita kvinnor som särar på benen för en mörk man, men nästan aldrig tvärtom. Utan att gå in och värdera huruvida rasism är fel eller ej (en diskussion för sig), undrar jag bara varför det är så här? Varför är det aldrig några tjejer från SMR som klagar över att arabiska flickor lurar ner de käcka svenska gossarna i rasblandning? Varför gör NSF ingen propaganda med en svart kvinna som kladdar på en vit man? Kort sagt varför är det alltid en manlig främling som antastar en vit kvinna?",0.47199148
"I vissa trådar här på Flashback ser man ett stort agg emot vita kvinnor som särar på benen för en mörk man, men nästan aldrig tvärtom. Utan att gå in och värdera huruvida rasism är fel eller ej (en diskussion för sig), undrar jag bara varför det är så här? Varför är det aldrig några tjejer från SMR som klagar över att arabiska flickor lurar ner de käcka svenska gossarna i rasblandning? Varför gör NSF ingen propaganda med en svart kvinna som kladdar på en vit man? Kort sagt varför är det alltid en manlig främling som antastar en vit kvinna?",0.40054607
"I vissa trådar här på Flashback ser man ett stort agg emot vita kvinnor som särar på benen för en mörk man, men nästan aldrig tvärtom. Utan att gå in och värdera huruvida rasism är fel eller ej (en diskussion för sig), undrar jag bara varför det är så här? Varför är det aldrig några tjejer från SMR som klagar över att arabiska flickor lurar ner de käcka svenska gossarna i rasblandning? Varför gör NSF ingen propaganda med en svart kvinna som kladdar på en vit man? Kort sagt varför är det alltid en manlig främling som antastar en vit kvinna?",0.13449484
"Tänkte att det skulle vara kul att veta vilka färdiga såser/dressing ni gillar. En simpel rangordning av de olika sorterarna och eftersom tråden ligger under""färdigmat och halvfabrikat"" vill jag icke se något hemlagat!  I sann flashbacksanda börjar undertecknad. [1] HP-sås - Här har vi enligt mig världens godaste såsjävel, jag är beroende. Den fungerar till i princip allt. När jag besökte ÖoB hittade jag en ketchupflaska fast med HP-sås i. Vilken lycka  . [2] En dressing som jag nyligen upptäckte. Kavlis Amerikanska French hot dog sås. Även den fungerar till extremt mycket. På mackan, pizzan eller varför inte till köttfärssåsen? [3] Lohmanders Bea - När det vankas grillat och Lohmanders inte finns på bordet kan jag lika gärna slänga köttet och beställa en pizza eller dylikt.   [4] O´Learys Hickory Smoke Barbecue Sauce även den är ett måste till köttet! Gärna i absurda mängder. Tänk sås med kött. Givetvis är jag ett stort fan av Heinz ketchup och Slotts senap men båda känns såpass vanliga att dom inte behöver nämnas. Seså vad gillar  ni? /En ungkarl som gillar sås",0.48968264
"Tänkte att det skulle vara kul att veta vilka färdiga såser/dressing ni gillar. En simpel rangordning av de olika sorterarna och eftersom tråden ligger under""färdigmat och halvfabrikat"" vill jag icke se något hemlagat!  I sann flashbacksanda börjar undertecknad. [1] HP-sås - Här har vi enligt mig världens godaste såsjävel, jag är beroende. Den fungerar till i princip allt. När jag besökte ÖoB hittade jag en ketchupflaska fast med HP-sås i. Vilken lycka  . [2] En dressing som jag nyligen upptäckte. Kavlis Amerikanska French hot dog sås. Även den fungerar till extremt mycket. På mackan, pizzan eller varför inte till köttfärssåsen? [3] Lohmanders Bea - När det vankas grillat och Lohmanders inte finns på bordet kan jag lika gärna slänga köttet och beställa en pizza eller dylikt.   [4] O´Learys Hickory Smoke Barbecue Sauce även den är ett måste till köttet! Gärna i absurda mängder. Tänk sås med kött. Givetvis är jag ett stort fan av Heinz ketchup och Slotts senap men båda känns såpass vanliga att dom inte behöver nämnas. Seså vad gillar  ni? /En ungkarl som gillar sås",0.6078671
"Tänkte att det skulle vara kul att veta vilka färdiga såser/dressing ni gillar. En simpel rangordning av de olika sorterarna och eftersom tråden ligger under""färdigmat och halvfabrikat"" vill jag icke se något hemlagat!  I sann flashbacksanda börjar undertecknad. [1] HP-sås - Här har vi enligt mig världens godaste såsjävel, jag är beroende. Den fungerar till i princip allt. När jag besökte ÖoB hittade jag en ketchupflaska fast med HP-sås i. Vilken lycka  . [2] En dressing som jag nyligen upptäckte. Kavlis Amerikanska French hot dog sås. Även den fungerar till extremt mycket. På mackan, pizzan eller varför inte till köttfärssåsen? [3] Lohmanders Bea - När det vankas grillat och Lohmanders inte finns på bordet kan jag lika gärna slänga köttet och beställa en pizza eller dylikt.   [4] O´Learys Hickory Smoke Barbecue Sauce även den är ett måste till köttet! Gärna i absurda mängder. Tänk sås med kött. Givetvis är jag ett stort fan av Heinz ketchup och Slotts senap men båda känns såpass vanliga att dom inte behöver nämnas. Seså vad gillar  ni? /En ungkarl som gillar sås",0.79564273
"Tänkte att det skulle vara kul att veta vilka färdiga såser/dressing ni gillar. En simpel rangordning av de olika sorterarna och eftersom tråden ligger under""färdigmat och halvfabrikat"" vill jag icke se något hemlagat!  I sann flashbacksanda börjar undertecknad. [1] HP-sås - Här har vi enligt mig världens godaste såsjävel, jag är beroende. Den fungerar till i princip allt. När jag besökte ÖoB hittade jag en ketchupflaska fast med HP-sås i. Vilken lycka  . [2] En dressing som jag nyligen upptäckte. Kavlis Amerikanska French hot dog sås. Även den fungerar till extremt mycket. På mackan, pizzan eller varför inte till köttfärssåsen? [3] Lohmanders Bea - När det vankas grillat och Lohmanders inte finns på bordet kan jag lika gärna slänga köttet och beställa en pizza eller dylikt.   [4] O´Learys Hickory Smoke Barbecue Sauce även den är ett måste till köttet! Gärna i absurda mängder. Tänk sås med kött. Givetvis är jag ett stort fan av Heinz ketchup och Slotts senap men båda känns såpass vanliga att dom inte behöver nämnas. Seså vad gillar  ni? /En ungkarl som gillar sås",0.64231956
"Tänkte att det skulle vara kul att veta vilka färdiga såser/dressing ni gillar. En simpel rangordning av de olika sorterarna och eftersom tråden ligger under""färdigmat och halvfabrikat"" vill jag icke se något hemlagat!  I sann flashbacksanda börjar undertecknad. [1] HP-sås - Här har vi enligt mig världens godaste såsjävel, jag är beroende. Den fungerar till i princip allt. När jag besökte ÖoB hittade jag en ketchupflaska fast med HP-sås i. Vilken lycka  . [2] En dressing som jag nyligen upptäckte. Kavlis Amerikanska French hot dog sås. Även den fungerar till extremt mycket. På mackan, pizzan eller varför inte till köttfärssåsen? [3] Lohmanders Bea - När det vankas grillat och Lohmanders inte finns på bordet kan jag lika gärna slänga köttet och beställa en pizza eller dylikt.   [4] O´Learys Hickory Smoke Barbecue Sauce även den är ett måste till köttet! Gärna i absurda mängder. Tänk sås med kött. Givetvis är jag ett stort fan av Heinz ketchup och Slotts senap men båda känns såpass vanliga att dom inte behöver nämnas. Seså vad gillar  ni? /En ungkarl som gillar sås",0.49201378
"Tänkte att det skulle vara kul att veta vilka färdiga såser/dressing ni gillar. En simpel rangordning av de olika sorterarna och eftersom tråden ligger under""färdigmat och halvfabrikat"" vill jag icke se något hemlagat!  I sann flashbacksanda börjar undertecknad. [1] HP-sås - Här har vi enligt mig världens godaste såsjävel, jag är beroende. Den fungerar till i princip allt. När jag besökte ÖoB hittade jag en ketchupflaska fast med HP-sås i. Vilken lycka  . [2] En dressing som jag nyligen upptäckte. Kavlis Amerikanska French hot dog sås. Även den fungerar till extremt mycket. På mackan, pizzan eller varför inte till köttfärssåsen? [3] Lohmanders Bea - När det vankas grillat och Lohmanders inte finns på bordet kan jag lika gärna slänga köttet och beställa en pizza eller dylikt.   [4] O´Learys Hickory Smoke Barbecue Sauce även den är ett måste till köttet! Gärna i absurda mängder. Tänk sås med kött. Givetvis är jag ett stort fan av Heinz ketchup och Slotts senap men båda känns såpass vanliga att dom inte behöver nämnas. Seså vad gillar  ni? /En ungkarl som gillar sås",0.636564
"Tänkte att det skulle vara kul att veta vilka färdiga såser/dressing ni gillar. En simpel rangordning av de olika sorterarna och eftersom tråden ligger under""färdigmat och halvfabrikat"" vill jag icke se något hemlagat!  I sann flashbacksanda börjar undertecknad. [1] HP-sås - Här har vi enligt mig världens godaste såsjävel, jag är beroende. Den fungerar till i princip allt. När jag besökte ÖoB hittade jag en ketchupflaska fast med HP-sås i. Vilken lycka  . [2] En dressing som jag nyligen upptäckte. Kavlis Amerikanska French hot dog sås. Även den fungerar till extremt mycket. På mackan, pizzan eller varför inte till köttfärssåsen? [3] Lohmanders Bea - När det vankas grillat och Lohmanders inte finns på bordet kan jag lika gärna slänga köttet och beställa en pizza eller dylikt.   [4] O´Learys Hickory Smoke Barbecue Sauce även den är ett måste till köttet! Gärna i absurda mängder. Tänk sås med kött. Givetvis är jag ett stort fan av Heinz ketchup och Slotts senap men båda känns såpass vanliga att dom inte behöver nämnas. Seså vad gillar  ni? /En ungkarl som gillar sås",0.6666523
"Tänkte att det skulle vara kul att veta vilka färdiga såser/dressing ni gillar. En simpel rangordning av de olika sorterarna och eftersom tråden ligger under""färdigmat och halvfabrikat"" vill jag icke se något hemlagat!  I sann flashbacksanda börjar undertecknad. [1] HP-sås - Här har vi enligt mig världens godaste såsjävel, jag är beroende. Den fungerar till i princip allt. När jag besökte ÖoB hittade jag en ketchupflaska fast med HP-sås i. Vilken lycka  . [2] En dressing som jag nyligen upptäckte. Kavlis Amerikanska French hot dog sås. Även den fungerar till extremt mycket. På mackan, pizzan eller varför inte till köttfärssåsen? [3] Lohmanders Bea - När det vankas grillat och Lohmanders inte finns på bordet kan jag lika gärna slänga köttet och beställa en pizza eller dylikt.   [4] O´Learys Hickory Smoke Barbecue Sauce även den är ett måste till köttet! Gärna i absurda mängder. Tänk sås med kött. Givetvis är jag ett stort fan av Heinz ketchup och Slotts senap men båda känns såpass vanliga att dom inte behöver nämnas. Seså vad gillar  ni? /En ungkarl som gillar sås",0.64683825
"Tänkte att det skulle vara kul att veta vilka färdiga såser/dressing ni gillar. En simpel rangordning av de olika sorterarna och eftersom tråden ligger under""färdigmat och halvfabrikat"" vill jag icke se något hemlagat!  I sann flashbacksanda börjar undertecknad. [1] HP-sås - Här har vi enligt mig världens godaste såsjävel, jag är beroende. Den fungerar till i princip allt. När jag besökte ÖoB hittade jag en ketchupflaska fast med HP-sås i. Vilken lycka  . [2] En dressing som jag nyligen upptäckte. Kavlis Amerikanska French hot dog sås. Även den fungerar till extremt mycket. På mackan, pizzan eller varför inte till köttfärssåsen? [3] Lohmanders Bea - När det vankas grillat och Lohmanders inte finns på bordet kan jag lika gärna slänga köttet och beställa en pizza eller dylikt.   [4] O´Learys Hickory Smoke Barbecue Sauce även den är ett måste till köttet! Gärna i absurda mängder. Tänk sås med kött. Givetvis är jag ett stort fan av Heinz ketchup och Slotts senap men båda känns såpass vanliga att dom inte behöver nämnas. Seså vad gillar  ni? /En ungkarl som gillar sås",0.62185967
"Tänkte att det skulle vara kul att veta vilka färdiga såser/dressing ni gillar. En simpel rangordning av de olika sorterarna och eftersom tråden ligger under""färdigmat och halvfabrikat"" vill jag icke se något hemlagat!  I sann flashbacksanda börjar undertecknad. [1] HP-sås - Här har vi enligt mig världens godaste såsjävel, jag är beroende. Den fungerar till i princip allt. När jag besökte ÖoB hittade jag en ketchupflaska fast med HP-sås i. Vilken lycka  . [2] En dressing som jag nyligen upptäckte. Kavlis Amerikanska French hot dog sås. Även den fungerar till extremt mycket. På mackan, pizzan eller varför inte till köttfärssåsen? [3] Lohmanders Bea - När det vankas grillat och Lohmanders inte finns på bordet kan jag lika gärna slänga köttet och beställa en pizza eller dylikt.   [4] O´Learys Hickory Smoke Barbecue Sauce även den är ett måste till köttet! Gärna i absurda mängder. Tänk sås med kött. Givetvis är jag ett stort fan av Heinz ketchup och Slotts senap men båda känns såpass vanliga att dom inte behöver nämnas. Seså vad gillar  ni? /En ungkarl som gillar sås",0.611261
"Tänkte att det skulle vara kul att veta vilka färdiga såser/dressing ni gillar. En simpel rangordning av de olika sorterarna och eftersom tråden ligger under""färdigmat och halvfabrikat"" vill jag icke se något hemlagat!  I sann flashbacksanda börjar undertecknad. [1] HP-sås - Här har vi enligt mig världens godaste såsjävel, jag är beroende. Den fungerar till i princip allt. När jag besökte ÖoB hittade jag en ketchupflaska fast med HP-sås i. Vilken lycka  . [2] En dressing som jag nyligen upptäckte. Kavlis Amerikanska French hot dog sås. Även den fungerar till extremt mycket. På mackan, pizzan eller varför inte till köttfärssåsen? [3] Lohmanders Bea - När det vankas grillat och Lohmanders inte finns på bordet kan jag lika gärna slänga köttet och beställa en pizza eller dylikt.   [4] O´Learys Hickory Smoke Barbecue Sauce även den är ett måste till köttet! Gärna i absurda mängder. Tänk sås med kött. Givetvis är jag ett stort fan av Heinz ketchup och Slotts senap men båda känns såpass vanliga att dom inte behöver nämnas. Seså vad gillar  ni? /En ungkarl som gillar sås",0.72140026
"Tänkte att det skulle vara kul att veta vilka färdiga såser/dressing ni gillar. En simpel rangordning av de olika sorterarna och eftersom tråden ligger under""färdigmat och halvfabrikat"" vill jag icke se något hemlagat!  I sann flashbacksanda börjar undertecknad. [1] HP-sås - Här har vi enligt mig världens godaste såsjävel, jag är beroende. Den fungerar till i princip allt. När jag besökte ÖoB hittade jag en ketchupflaska fast med HP-sås i. Vilken lycka  . [2] En dressing som jag nyligen upptäckte. Kavlis Amerikanska French hot dog sås. Även den fungerar till extremt mycket. På mackan, pizzan eller varför inte till köttfärssåsen? [3] Lohmanders Bea - När det vankas grillat och Lohmanders inte finns på bordet kan jag lika gärna slänga köttet och beställa en pizza eller dylikt.   [4] O´Learys Hickory Smoke Barbecue Sauce även den är ett måste till köttet! Gärna i absurda mängder. Tänk sås med kött. Givetvis är jag ett stort fan av Heinz ketchup och Slotts senap men båda känns såpass vanliga att dom inte behöver nämnas. Seså vad gillar  ni? /En ungkarl som gillar sås",0.4917102
"Tänkte att det skulle vara kul att veta vilka färdiga såser/dressing ni gillar. En simpel rangordning av de olika sorterarna och eftersom tråden ligger under""färdigmat och halvfabrikat"" vill jag icke se något hemlagat!  I sann flashbacksanda börjar undertecknad. [1] HP-sås - Här har vi enligt mig världens godaste såsjävel, jag är beroende. Den fungerar till i princip allt. När jag besökte ÖoB hittade jag en ketchupflaska fast med HP-sås i. Vilken lycka  . [2] En dressing som jag nyligen upptäckte. Kavlis Amerikanska French hot dog sås. Även den fungerar till extremt mycket. På mackan, pizzan eller varför inte till köttfärssåsen? [3] Lohmanders Bea - När det vankas grillat och Lohmanders inte finns på bordet kan jag lika gärna slänga köttet och beställa en pizza eller dylikt.   [4] O´Learys Hickory Smoke Barbecue Sauce även den är ett måste till köttet! Gärna i absurda mängder. Tänk sås med kött. Givetvis är jag ett stort fan av Heinz ketchup och Slotts senap men båda känns såpass vanliga att dom inte behöver nämnas. Seså vad gillar  ni? /En ungkarl som gillar sås",0.6370944
"Tänkte att det skulle vara kul att veta vilka färdiga såser/dressing ni gillar. En simpel rangordning av de olika sorterarna och eftersom tråden ligger under""färdigmat och halvfabrikat"" vill jag icke se något hemlagat!  I sann flashbacksanda börjar undertecknad. [1] HP-sås - Här har vi enligt mig världens godaste såsjävel, jag är beroende. Den fungerar till i princip allt. När jag besökte ÖoB hittade jag en ketchupflaska fast med HP-sås i. Vilken lycka  . [2] En dressing som jag nyligen upptäckte. Kavlis Amerikanska French hot dog sås. Även den fungerar till extremt mycket. På mackan, pizzan eller varför inte till köttfärssåsen? [3] Lohmanders Bea - När det vankas grillat och Lohmanders inte finns på bordet kan jag lika gärna slänga köttet och beställa en pizza eller dylikt.   [4] O´Learys Hickory Smoke Barbecue Sauce även den är ett måste till köttet! Gärna i absurda mängder. Tänk sås med kött. Givetvis är jag ett stort fan av Heinz ketchup och Slotts senap men båda känns såpass vanliga att dom inte behöver nämnas. Seså vad gillar  ni? /En ungkarl som gillar sås",0.21094957
"Tänkte att det skulle vara kul att veta vilka färdiga såser/dressing ni gillar. En simpel rangordning av de olika sorterarna och eftersom tråden ligger under""färdigmat och halvfabrikat"" vill jag icke se något hemlagat!  I sann flashbacksanda börjar undertecknad. [1] HP-sås - Här har vi enligt mig världens godaste såsjävel, jag är beroende. Den fungerar till i princip allt. När jag besökte ÖoB hittade jag en ketchupflaska fast med HP-sås i. Vilken lycka  . [2] En dressing som jag nyligen upptäckte. Kavlis Amerikanska French hot dog sås. Även den fungerar till extremt mycket. På mackan, pizzan eller varför inte till köttfärssåsen? [3] Lohmanders Bea - När det vankas grillat och Lohmanders inte finns på bordet kan jag lika gärna slänga köttet och beställa en pizza eller dylikt.   [4] O´Learys Hickory Smoke Barbecue Sauce även den är ett måste till köttet! Gärna i absurda mängder. Tänk sås med kött. Givetvis är jag ett stort fan av Heinz ketchup och Slotts senap men båda känns såpass vanliga att dom inte behöver nämnas. Seså vad gillar  ni? /En ungkarl som gillar sås",0.5318185
"Tänkte att det skulle vara kul att veta vilka färdiga såser/dressing ni gillar. En simpel rangordning av de olika sorterarna och eftersom tråden ligger under""färdigmat och halvfabrikat"" vill jag icke se något hemlagat!  I sann flashbacksanda börjar undertecknad. [1] HP-sås - Här har vi enligt mig världens godaste såsjävel, jag är beroende. Den fungerar till i princip allt. När jag besökte ÖoB hittade jag en ketchupflaska fast med HP-sås i. Vilken lycka  . [2] En dressing som jag nyligen upptäckte. Kavlis Amerikanska French hot dog sås. Även den fungerar till extremt mycket. På mackan, pizzan eller varför inte till köttfärssåsen? [3] Lohmanders Bea - När det vankas grillat och Lohmanders inte finns på bordet kan jag lika gärna slänga köttet och beställa en pizza eller dylikt.   [4] O´Learys Hickory Smoke Barbecue Sauce även den är ett måste till köttet! Gärna i absurda mängder. Tänk sås med kött. Givetvis är jag ett stort fan av Heinz ketchup och Slotts senap men båda känns såpass vanliga att dom inte behöver nämnas. Seså vad gillar  ni? /En ungkarl som gillar sås",0.7461798
"Tänkte att det skulle vara kul att veta vilka färdiga såser/dressing ni gillar. En simpel rangordning av de olika sorterarna och eftersom tråden ligger under""färdigmat och halvfabrikat"" vill jag icke se något hemlagat!  I sann flashbacksanda börjar undertecknad. [1] HP-sås - Här har vi enligt mig världens godaste såsjävel, jag är beroende. Den fungerar till i princip allt. När jag besökte ÖoB hittade jag en ketchupflaska fast med HP-sås i. Vilken lycka  . [2] En dressing som jag nyligen upptäckte. Kavlis Amerikanska French hot dog sås. Även den fungerar till extremt mycket. På mackan, pizzan eller varför inte till köttfärssåsen? [3] Lohmanders Bea - När det vankas grillat och Lohmanders inte finns på bordet kan jag lika gärna slänga köttet och beställa en pizza eller dylikt.   [4] O´Learys Hickory Smoke Barbecue Sauce även den är ett måste till köttet! Gärna i absurda mängder. Tänk sås med kött. Givetvis är jag ett stort fan av Heinz ketchup och Slotts senap men båda känns såpass vanliga att dom inte behöver nämnas. Seså vad gillar  ni? /En ungkarl som gillar sås",0.38733733
"Tänkte att det skulle vara kul att veta vilka färdiga såser/dressing ni gillar. En simpel rangordning av de olika sorterarna och eftersom tråden ligger under""färdigmat och halvfabrikat"" vill jag icke se något hemlagat!  I sann flashbacksanda börjar undertecknad. [1] HP-sås - Här har vi enligt mig världens godaste såsjävel, jag är beroende. Den fungerar till i princip allt. När jag besökte ÖoB hittade jag en ketchupflaska fast med HP-sås i. Vilken lycka  . [2] En dressing som jag nyligen upptäckte. Kavlis Amerikanska French hot dog sås. Även den fungerar till extremt mycket. På mackan, pizzan eller varför inte till köttfärssåsen? [3] Lohmanders Bea - När det vankas grillat och Lohmanders inte finns på bordet kan jag lika gärna slänga köttet och beställa en pizza eller dylikt.   [4] O´Learys Hickory Smoke Barbecue Sauce även den är ett måste till köttet! Gärna i absurda mängder. Tänk sås med kött. Givetvis är jag ett stort fan av Heinz ketchup och Slotts senap men båda känns såpass vanliga att dom inte behöver nämnas. Seså vad gillar  ni? /En ungkarl som gillar sås",0.63016295
"Tänkte att det skulle vara kul att veta vilka färdiga såser/dressing ni gillar. En simpel rangordning av de olika sorterarna och eftersom tråden ligger under""färdigmat och halvfabrikat"" vill jag icke se något hemlagat!  I sann flashbacksanda börjar undertecknad. [1] HP-sås - Här har vi enligt mig världens godaste såsjävel, jag är beroende. Den fungerar till i princip allt. När jag besökte ÖoB hittade jag en ketchupflaska fast med HP-sås i. Vilken lycka  . [2] En dressing som jag nyligen upptäckte. Kavlis Amerikanska French hot dog sås. Även den fungerar till extremt mycket. På mackan, pizzan eller varför inte till köttfärssåsen? [3] Lohmanders Bea - När det vankas grillat och Lohmanders inte finns på bordet kan jag lika gärna slänga köttet och beställa en pizza eller dylikt.   [4] O´Learys Hickory Smoke Barbecue Sauce även den är ett måste till köttet! Gärna i absurda mängder. Tänk sås med kött. Givetvis är jag ett stort fan av Heinz ketchup och Slotts senap men båda känns såpass vanliga att dom inte behöver nämnas. Seså vad gillar  ni? /En ungkarl som gillar sås",0.64095634
"Tänkte att det skulle vara kul att veta vilka färdiga såser/dressing ni gillar. En simpel rangordning av de olika sorterarna och eftersom tråden ligger under""färdigmat och halvfabrikat"" vill jag icke se något hemlagat!  I sann flashbacksanda börjar undertecknad. [1] HP-sås - Här har vi enligt mig världens godaste såsjävel, jag är beroende. Den fungerar till i princip allt. När jag besökte ÖoB hittade jag en ketchupflaska fast med HP-sås i. Vilken lycka  . [2] En dressing som jag nyligen upptäckte. Kavlis Amerikanska French hot dog sås. Även den fungerar till extremt mycket. På mackan, pizzan eller varför inte till köttfärssåsen? [3] Lohmanders Bea - När det vankas grillat och Lohmanders inte finns på bordet kan jag lika gärna slänga köttet och beställa en pizza eller dylikt.   [4] O´Learys Hickory Smoke Barbecue Sauce även den är ett måste till köttet! Gärna i absurda mängder. Tänk sås med kött. Givetvis är jag ett stort fan av Heinz ketchup och Slotts senap men båda känns såpass vanliga att dom inte behöver nämnas. Seså vad gillar  ni? /En ungkarl som gillar sås",0.48095202
"Tänkte att det skulle vara kul att veta vilka färdiga såser/dressing ni gillar. En simpel rangordning av de olika sorterarna och eftersom tråden ligger under""färdigmat och halvfabrikat"" vill jag icke se något hemlagat!  I sann flashbacksanda börjar undertecknad. [1] HP-sås - Här har vi enligt mig världens godaste såsjävel, jag är beroende. Den fungerar till i princip allt. När jag besökte ÖoB hittade jag en ketchupflaska fast med HP-sås i. Vilken lycka  . [2] En dressing som jag nyligen upptäckte. Kavlis Amerikanska French hot dog sås. Även den fungerar till extremt mycket. På mackan, pizzan eller varför inte till köttfärssåsen? [3] Lohmanders Bea - När det vankas grillat och Lohmanders inte finns på bordet kan jag lika gärna slänga köttet och beställa en pizza eller dylikt.   [4] O´Learys Hickory Smoke Barbecue Sauce även den är ett måste till köttet! Gärna i absurda mängder. Tänk sås med kött. Givetvis är jag ett stort fan av Heinz ketchup och Slotts senap men båda känns såpass vanliga att dom inte behöver nämnas. Seså vad gillar  ni? /En ungkarl som gillar sås",0.65278167
"Tänkte att det skulle vara kul att veta vilka färdiga såser/dressing ni gillar. En simpel rangordning av de olika sorterarna och eftersom tråden ligger under""färdigmat och halvfabrikat"" vill jag icke se något hemlagat!  I sann flashbacksanda börjar undertecknad. [1] HP-sås - Här har vi enligt mig världens godaste såsjävel, jag är beroende. Den fungerar till i princip allt. När jag besökte ÖoB hittade jag en ketchupflaska fast med HP-sås i. Vilken lycka  . [2] En dressing som jag nyligen upptäckte. Kavlis Amerikanska French hot dog sås. Även den fungerar till extremt mycket. På mackan, pizzan eller varför inte till köttfärssåsen? [3] Lohmanders Bea - När det vankas grillat och Lohmanders inte finns på bordet kan jag lika gärna slänga köttet och beställa en pizza eller dylikt.   [4] O´Learys Hickory Smoke Barbecue Sauce även den är ett måste till köttet! Gärna i absurda mängder. Tänk sås med kött. Givetvis är jag ett stort fan av Heinz ketchup och Slotts senap men båda känns såpass vanliga att dom inte behöver nämnas. Seså vad gillar  ni? /En ungkarl som gillar sås",0.7134187
"Tänkte att det skulle vara kul att veta vilka färdiga såser/dressing ni gillar. En simpel rangordning av de olika sorterarna och eftersom tråden ligger under""färdigmat och halvfabrikat"" vill jag icke se något hemlagat!  I sann flashbacksanda börjar undertecknad. [1] HP-sås - Här har vi enligt mig världens godaste såsjävel, jag är beroende. Den fungerar till i princip allt. När jag besökte ÖoB hittade jag en ketchupflaska fast med HP-sås i. Vilken lycka  . [2] En dressing som jag nyligen upptäckte. Kavlis Amerikanska French hot dog sås. Även den fungerar till extremt mycket. På mackan, pizzan eller varför inte till köttfärssåsen? [3] Lohmanders Bea - När det vankas grillat och Lohmanders inte finns på bordet kan jag lika gärna slänga köttet och beställa en pizza eller dylikt.   [4] O´Learys Hickory Smoke Barbecue Sauce även den är ett måste till köttet! Gärna i absurda mängder. Tänk sås med kött. Givetvis är jag ett stort fan av Heinz ketchup och Slotts senap men båda känns såpass vanliga att dom inte behöver nämnas. Seså vad gillar  ni? /En ungkarl som gillar sås",0.5817472
"Tänkte att det skulle vara kul att veta vilka färdiga såser/dressing ni gillar. En simpel rangordning av de olika sorterarna och eftersom tråden ligger under""färdigmat och halvfabrikat"" vill jag icke se något hemlagat!  I sann flashbacksanda börjar undertecknad. [1] HP-sås - Här har vi enligt mig världens godaste såsjävel, jag är beroende. Den fungerar till i princip allt. När jag besökte ÖoB hittade jag en ketchupflaska fast med HP-sås i. Vilken lycka  . [2] En dressing som jag nyligen upptäckte. Kavlis Amerikanska French hot dog sås. Även den fungerar till extremt mycket. På mackan, pizzan eller varför inte till köttfärssåsen? [3] Lohmanders Bea - När det vankas grillat och Lohmanders inte finns på bordet kan jag lika gärna slänga köttet och beställa en pizza eller dylikt.   [4] O´Learys Hickory Smoke Barbecue Sauce även den är ett måste till köttet! Gärna i absurda mängder. Tänk sås med kött. Givetvis är jag ett stort fan av Heinz ketchup och Slotts senap men båda känns såpass vanliga att dom inte behöver nämnas. Seså vad gillar  ni? /En ungkarl som gillar sås",0.5743277
"Tänkte att det skulle vara kul att veta vilka färdiga såser/dressing ni gillar. En simpel rangordning av de olika sorterarna och eftersom tråden ligger under""färdigmat och halvfabrikat"" vill jag icke se något hemlagat!  I sann flashbacksanda börjar undertecknad. [1] HP-sås - Här har vi enligt mig världens godaste såsjävel, jag är beroende. Den fungerar till i princip allt. När jag besökte ÖoB hittade jag en ketchupflaska fast med HP-sås i. Vilken lycka  . [2] En dressing som jag nyligen upptäckte. Kavlis Amerikanska French hot dog sås. Även den fungerar till extremt mycket. På mackan, pizzan eller varför inte till köttfärssåsen? [3] Lohmanders Bea - När det vankas grillat och Lohmanders inte finns på bordet kan jag lika gärna slänga köttet och beställa en pizza eller dylikt.   [4] O´Learys Hickory Smoke Barbecue Sauce även den är ett måste till köttet! Gärna i absurda mängder. Tänk sås med kött. Givetvis är jag ett stort fan av Heinz ketchup och Slotts senap men båda känns såpass vanliga att dom inte behöver nämnas. Seså vad gillar  ni? /En ungkarl som gillar sås",0.75800484
"Tänkte att det skulle vara kul att veta vilka färdiga såser/dressing ni gillar. En simpel rangordning av de olika sorterarna och eftersom tråden ligger under""färdigmat och halvfabrikat"" vill jag icke se något hemlagat!  I sann flashbacksanda börjar undertecknad. [1] HP-sås - Här har vi enligt mig världens godaste såsjävel, jag är beroende. Den fungerar till i princip allt. När jag besökte ÖoB hittade jag en ketchupflaska fast med HP-sås i. Vilken lycka  . [2] En dressing som jag nyligen upptäckte. Kavlis Amerikanska French hot dog sås. Även den fungerar till extremt mycket. På mackan, pizzan eller varför inte till köttfärssåsen? [3] Lohmanders Bea - När det vankas grillat och Lohmanders inte finns på bordet kan jag lika gärna slänga köttet och beställa en pizza eller dylikt.   [4] O´Learys Hickory Smoke Barbecue Sauce även den är ett måste till köttet! Gärna i absurda mängder. Tänk sås med kött. Givetvis är jag ett stort fan av Heinz ketchup och Slotts senap men båda känns såpass vanliga att dom inte behöver nämnas. Seså vad gillar  ni? /En ungkarl som gillar sås",0.66393197
"Tänkte att det skulle vara kul att veta vilka färdiga såser/dressing ni gillar. En simpel rangordning av de olika sorterarna och eftersom tråden ligger under""färdigmat och halvfabrikat"" vill jag icke se något hemlagat!  I sann flashbacksanda börjar undertecknad. [1] HP-sås - Här har vi enligt mig världens godaste såsjävel, jag är beroende. Den fungerar till i princip allt. När jag besökte ÖoB hittade jag en ketchupflaska fast med HP-sås i. Vilken lycka  . [2] En dressing som jag nyligen upptäckte. Kavlis Amerikanska French hot dog sås. Även den fungerar till extremt mycket. På mackan, pizzan eller varför inte till köttfärssåsen? [3] Lohmanders Bea - När det vankas grillat och Lohmanders inte finns på bordet kan jag lika gärna slänga köttet och beställa en pizza eller dylikt.   [4] O´Learys Hickory Smoke Barbecue Sauce även den är ett måste till köttet! Gärna i absurda mängder. Tänk sås med kött. Givetvis är jag ett stort fan av Heinz ketchup och Slotts senap men båda känns såpass vanliga att dom inte behöver nämnas. Seså vad gillar  ni? /En ungkarl som gillar sås",0.48062533
"Tänkte att det skulle vara kul att veta vilka färdiga såser/dressing ni gillar. En simpel rangordning av de olika sorterarna och eftersom tråden ligger under""färdigmat och halvfabrikat"" vill jag icke se något hemlagat!  I sann flashbacksanda börjar undertecknad. [1] HP-sås - Här har vi enligt mig världens godaste såsjävel, jag är beroende. Den fungerar till i princip allt. När jag besökte ÖoB hittade jag en ketchupflaska fast med HP-sås i. Vilken lycka  . [2] En dressing som jag nyligen upptäckte. Kavlis Amerikanska French hot dog sås. Även den fungerar till extremt mycket. På mackan, pizzan eller varför inte till köttfärssåsen? [3] Lohmanders Bea - När det vankas grillat och Lohmanders inte finns på bordet kan jag lika gärna slänga köttet och beställa en pizza eller dylikt.   [4] O´Learys Hickory Smoke Barbecue Sauce även den är ett måste till köttet! Gärna i absurda mängder. Tänk sås med kött. Givetvis är jag ett stort fan av Heinz ketchup och Slotts senap men båda känns såpass vanliga att dom inte behöver nämnas. Seså vad gillar  ni? /En ungkarl som gillar sås",0.44472826
"Tänkte att det skulle vara kul att veta vilka färdiga såser/dressing ni gillar. En simpel rangordning av de olika sorterarna och eftersom tråden ligger under""färdigmat och halvfabrikat"" vill jag icke se något hemlagat!  I sann flashbacksanda börjar undertecknad. [1] HP-sås - Här har vi enligt mig världens godaste såsjävel, jag är beroende. Den fungerar till i princip allt. När jag besökte ÖoB hittade jag en ketchupflaska fast med HP-sås i. Vilken lycka  . [2] En dressing som jag nyligen upptäckte. Kavlis Amerikanska French hot dog sås. Även den fungerar till extremt mycket. På mackan, pizzan eller varför inte till köttfärssåsen? [3] Lohmanders Bea - När det vankas grillat och Lohmanders inte finns på bordet kan jag lika gärna slänga köttet och beställa en pizza eller dylikt.   [4] O´Learys Hickory Smoke Barbecue Sauce även den är ett måste till köttet! Gärna i absurda mängder. Tänk sås med kött. Givetvis är jag ett stort fan av Heinz ketchup och Slotts senap men båda känns såpass vanliga att dom inte behöver nämnas. Seså vad gillar  ni? /En ungkarl som gillar sås",0.5009489
"Tänkte att det skulle vara kul att veta vilka färdiga såser/dressing ni gillar. En simpel rangordning av de olika sorterarna och eftersom tråden ligger under""färdigmat och halvfabrikat"" vill jag icke se något hemlagat!  I sann flashbacksanda börjar undertecknad. [1] HP-sås - Här har vi enligt mig världens godaste såsjävel, jag är beroende. Den fungerar till i princip allt. När jag besökte ÖoB hittade jag en ketchupflaska fast med HP-sås i. Vilken lycka  . [2] En dressing som jag nyligen upptäckte. Kavlis Amerikanska French hot dog sås. Även den fungerar till extremt mycket. På mackan, pizzan eller varför inte till köttfärssåsen? [3] Lohmanders Bea - När det vankas grillat och Lohmanders inte finns på bordet kan jag lika gärna slänga köttet och beställa en pizza eller dylikt.   [4] O´Learys Hickory Smoke Barbecue Sauce även den är ett måste till köttet! Gärna i absurda mängder. Tänk sås med kött. Givetvis är jag ett stort fan av Heinz ketchup och Slotts senap men båda känns såpass vanliga att dom inte behöver nämnas. Seså vad gillar  ni? /En ungkarl som gillar sås",0.45772684
Råkade få i mig härsken allroundkrydda och undrar nu vad det kan få för konsekvenser.,0.7358291
Råkade få i mig härsken allroundkrydda och undrar nu vad det kan få för konsekvenser.,0.53411514
Råkade få i mig härsken allroundkrydda och undrar nu vad det kan få för konsekvenser.,0.43796515
Råkade få i mig härsken allroundkrydda och undrar nu vad det kan få för konsekvenser.,0.6963357
Råkade få i mig härsken allroundkrydda och undrar nu vad det kan få för konsekvenser.,0.39082703
Råkade få i mig härsken allroundkrydda och undrar nu vad det kan få för konsekvenser.,0.6486213
Råkade få i mig härsken allroundkrydda och undrar nu vad det kan få för konsekvenser.,0.7705385
Råkade få i mig härsken allroundkrydda och undrar nu vad det kan få för konsekvenser.,0.65248007
Råkade få i mig härsken allroundkrydda och undrar nu vad det kan få för konsekvenser.,0.29252255
"Fullgjort varnplik, tanker inte anvanda vapnet i kriminella syften och ar numera en skotsam person.  Gillar inte vapen pa ett satt sa att jag dreglar over, eller laser nyheter om dem. Men ett intresse finns. Gillar att skjuta(pa tavla) och har gjort det sa lange jag minns. Nu verkar det som att jag pga utlandsvistelse(inkl. en del prickskytte   ) just missar""nyborjarkursen"" pa min lokala psk. Kommer inte heller att ha tid(ny utlandsvistelse) att installa mig for den andra av tva kurser som startar per ar. Samma sak galler antagligen nasta ar. Undrar darfor foljande: -Kontrolleras mitt innehav av vapenlicens nar jag kommer till en ny psk-bana med eget vapen och ammunition? -Vad kan straffet tankas bli om jag blir anmald? Olaga vapeninnehav och konfiskerat vapen, visst. Men sen...? Bor jag ha vapnet(Glock 17 (m/88)) isarplockat nar det forvaras hemma eller transporteras i bil till/fran skjutbana? (Tanker pa ev. straff. Transporterar ogarna ett laddat vapen utan uppsikt) Forvaring i hemmet sker i vapenskap.",0.6863629
"Fullgjort varnplik, tanker inte anvanda vapnet i kriminella syften och ar numera en skotsam person.  Gillar inte vapen pa ett satt sa att jag dreglar over, eller laser nyheter om dem. Men ett intresse finns. Gillar att skjuta(pa tavla) och har gjort det sa lange jag minns. Nu verkar det som att jag pga utlandsvistelse(inkl. en del prickskytte   ) just missar""nyborjarkursen"" pa min lokala psk. Kommer inte heller att ha tid(ny utlandsvistelse) att installa mig for den andra av tva kurser som startar per ar. Samma sak galler antagligen nasta ar. Undrar darfor foljande: -Kontrolleras mitt innehav av vapenlicens nar jag kommer till en ny psk-bana med eget vapen och ammunition? -Vad kan straffet tankas bli om jag blir anmald? Olaga vapeninnehav och konfiskerat vapen, visst. Men sen...? Bor jag ha vapnet(Glock 17 (m/88)) isarplockat nar det forvaras hemma eller transporteras i bil till/fran skjutbana? (Tanker pa ev. straff. Transporterar ogarna ett laddat vapen utan uppsikt) Forvaring i hemmet sker i vapenskap.",0.5848903
"Fullgjort varnplik, tanker inte anvanda vapnet i kriminella syften och ar numera en skotsam person.  Gillar inte vapen pa ett satt sa att jag dreglar over, eller laser nyheter om dem. Men ett intresse finns. Gillar att skjuta(pa tavla) och har gjort det sa lange jag minns. Nu verkar det som att jag pga utlandsvistelse(inkl. en del prickskytte   ) just missar""nyborjarkursen"" pa min lokala psk. Kommer inte heller att ha tid(ny utlandsvistelse) att installa mig for den andra av tva kurser som startar per ar. Samma sak galler antagligen nasta ar. Undrar darfor foljande: -Kontrolleras mitt innehav av vapenlicens nar jag kommer till en ny psk-bana med eget vapen och ammunition? -Vad kan straffet tankas bli om jag blir anmald? Olaga vapeninnehav och konfiskerat vapen, visst. Men sen...? Bor jag ha vapnet(Glock 17 (m/88)) isarplockat nar det forvaras hemma eller transporteras i bil till/fran skjutbana? (Tanker pa ev. straff. Transporterar ogarna ett laddat vapen utan uppsikt) Forvaring i hemmet sker i vapenskap.",0.26398814
"Fullgjort varnplik, tanker inte anvanda vapnet i kriminella syften och ar numera en skotsam person.  Gillar inte vapen pa ett satt sa att jag dreglar over, eller laser nyheter om dem. Men ett intresse finns. Gillar att skjuta(pa tavla) och har gjort det sa lange jag minns. Nu verkar det som att jag pga utlandsvistelse(inkl. en del prickskytte   ) just missar""nyborjarkursen"" pa min lokala psk. Kommer inte heller att ha tid(ny utlandsvistelse) att installa mig for den andra av tva kurser som startar per ar. Samma sak galler antagligen nasta ar. Undrar darfor foljande: -Kontrolleras mitt innehav av vapenlicens nar jag kommer till en ny psk-bana med eget vapen och ammunition? -Vad kan straffet tankas bli om jag blir anmald? Olaga vapeninnehav och konfiskerat vapen, visst. Men sen...? Bor jag ha vapnet(Glock 17 (m/88)) isarplockat nar det forvaras hemma eller transporteras i bil till/fran skjutbana? (Tanker pa ev. straff. Transporterar ogarna ett laddat vapen utan uppsikt) Forvaring i hemmet sker i vapenskap.",0.17404063
"Fullgjort varnplik, tanker inte anvanda vapnet i kriminella syften och ar numera en skotsam person.  Gillar inte vapen pa ett satt sa att jag dreglar over, eller laser nyheter om dem. Men ett intresse finns. Gillar att skjuta(pa tavla) och har gjort det sa lange jag minns. Nu verkar det som att jag pga utlandsvistelse(inkl. en del prickskytte   ) just missar""nyborjarkursen"" pa min lokala psk. Kommer inte heller att ha tid(ny utlandsvistelse) att installa mig for den andra av tva kurser som startar per ar. Samma sak galler antagligen nasta ar. Undrar darfor foljande: -Kontrolleras mitt innehav av vapenlicens nar jag kommer till en ny psk-bana med eget vapen och ammunition? -Vad kan straffet tankas bli om jag blir anmald? Olaga vapeninnehav och konfiskerat vapen, visst. Men sen...? Bor jag ha vapnet(Glock 17 (m/88)) isarplockat nar det forvaras hemma eller transporteras i bil till/fran skjutbana? (Tanker pa ev. straff. Transporterar ogarna ett laddat vapen utan uppsikt) Forvaring i hemmet sker i vapenskap.",0.6983144
"Fullgjort varnplik, tanker inte anvanda vapnet i kriminella syften och ar numera en skotsam person.  Gillar inte vapen pa ett satt sa att jag dreglar over, eller laser nyheter om dem. Men ett intresse finns. Gillar att skjuta(pa tavla) och har gjort det sa lange jag minns. Nu verkar det som att jag pga utlandsvistelse(inkl. en del prickskytte   ) just missar""nyborjarkursen"" pa min lokala psk. Kommer inte heller att ha tid(ny utlandsvistelse) att installa mig for den andra av tva kurser som startar per ar. Samma sak galler antagligen nasta ar. Undrar darfor foljande: -Kontrolleras mitt innehav av vapenlicens nar jag kommer till en ny psk-bana med eget vapen och ammunition? -Vad kan straffet tankas bli om jag blir anmald? Olaga vapeninnehav och konfiskerat vapen, visst. Men sen...? Bor jag ha vapnet(Glock 17 (m/88)) isarplockat nar det forvaras hemma eller transporteras i bil till/fran skjutbana? (Tanker pa ev. straff. Transporterar ogarna ett laddat vapen utan uppsikt) Forvaring i hemmet sker i vapenskap.",0.5911422
"Fullgjort varnplik, tanker inte anvanda vapnet i kriminella syften och ar numera en skotsam person.  Gillar inte vapen pa ett satt sa att jag dreglar over, eller laser nyheter om dem. Men ett intresse finns. Gillar att skjuta(pa tavla) och har gjort det sa lange jag minns. Nu verkar det som att jag pga utlandsvistelse(inkl. en del prickskytte   ) just missar""nyborjarkursen"" pa min lokala psk. Kommer inte heller att ha tid(ny utlandsvistelse) att installa mig for den andra av tva kurser som startar per ar. Samma sak galler antagligen nasta ar. Undrar darfor foljande: -Kontrolleras mitt innehav av vapenlicens nar jag kommer till en ny psk-bana med eget vapen och ammunition? -Vad kan straffet tankas bli om jag blir anmald? Olaga vapeninnehav och konfiskerat vapen, visst. Men sen...? Bor jag ha vapnet(Glock 17 (m/88)) isarplockat nar det forvaras hemma eller transporteras i bil till/fran skjutbana? (Tanker pa ev. straff. Transporterar ogarna ett laddat vapen utan uppsikt) Forvaring i hemmet sker i vapenskap.",0.70201916
"Fullgjort varnplik, tanker inte anvanda vapnet i kriminella syften och ar numera en skotsam person.  Gillar inte vapen pa ett satt sa att jag dreglar over, eller laser nyheter om dem. Men ett intresse finns. Gillar att skjuta(pa tavla) och har gjort det sa lange jag minns. Nu verkar det som att jag pga utlandsvistelse(inkl. en del prickskytte   ) just missar""nyborjarkursen"" pa min lokala psk. Kommer inte heller att ha tid(ny utlandsvistelse) att installa mig for den andra av tva kurser som startar per ar. Samma sak galler antagligen nasta ar. Undrar darfor foljande: -Kontrolleras mitt innehav av vapenlicens nar jag kommer till en ny psk-bana med eget vapen och ammunition? -Vad kan straffet tankas bli om jag blir anmald? Olaga vapeninnehav och konfiskerat vapen, visst. Men sen...? Bor jag ha vapnet(Glock 17 (m/88)) isarplockat nar det forvaras hemma eller transporteras i bil till/fran skjutbana? (Tanker pa ev. straff. Transporterar ogarna ett laddat vapen utan uppsikt) Forvaring i hemmet sker i vapenskap.",0.58715117
"Fullgjort varnplik, tanker inte anvanda vapnet i kriminella syften och ar numera en skotsam person.  Gillar inte vapen pa ett satt sa att jag dreglar over, eller laser nyheter om dem. Men ett intresse finns. Gillar att skjuta(pa tavla) och har gjort det sa lange jag minns. Nu verkar det som att jag pga utlandsvistelse(inkl. en del prickskytte   ) just missar""nyborjarkursen"" pa min lokala psk. Kommer inte heller att ha tid(ny utlandsvistelse) att installa mig for den andra av tva kurser som startar per ar. Samma sak galler antagligen nasta ar. Undrar darfor foljande: -Kontrolleras mitt innehav av vapenlicens nar jag kommer till en ny psk-bana med eget vapen och ammunition? -Vad kan straffet tankas bli om jag blir anmald? Olaga vapeninnehav och konfiskerat vapen, visst. Men sen...? Bor jag ha vapnet(Glock 17 (m/88)) isarplockat nar det forvaras hemma eller transporteras i bil till/fran skjutbana? (Tanker pa ev. straff. Transporterar ogarna ett laddat vapen utan uppsikt) Forvaring i hemmet sker i vapenskap.",0.46062842
"Fullgjort varnplik, tanker inte anvanda vapnet i kriminella syften och ar numera en skotsam person.  Gillar inte vapen pa ett satt sa att jag dreglar over, eller laser nyheter om dem. Men ett intresse finns. Gillar att skjuta(pa tavla) och har gjort det sa lange jag minns. Nu verkar det som att jag pga utlandsvistelse(inkl. en del prickskytte   ) just missar""nyborjarkursen"" pa min lokala psk. Kommer inte heller att ha tid(ny utlandsvistelse) att installa mig for den andra av tva kurser som startar per ar. Samma sak galler antagligen nasta ar. Undrar darfor foljande: -Kontrolleras mitt innehav av vapenlicens nar jag kommer till en ny psk-bana med eget vapen och ammunition? -Vad kan straffet tankas bli om jag blir anmald? Olaga vapeninnehav och konfiskerat vapen, visst. Men sen...? Bor jag ha vapnet(Glock 17 (m/88)) isarplockat nar det forvaras hemma eller transporteras i bil till/fran skjutbana? (Tanker pa ev. straff. Transporterar ogarna ett laddat vapen utan uppsikt) Forvaring i hemmet sker i vapenskap.",0.5316358
"Fullgjort varnplik, tanker inte anvanda vapnet i kriminella syften och ar numera en skotsam person.  Gillar inte vapen pa ett satt sa att jag dreglar over, eller laser nyheter om dem. Men ett intresse finns. Gillar att skjuta(pa tavla) och har gjort det sa lange jag minns. Nu verkar det som att jag pga utlandsvistelse(inkl. en del prickskytte   ) just missar""nyborjarkursen"" pa min lokala psk. Kommer inte heller att ha tid(ny utlandsvistelse) att installa mig for den andra av tva kurser som startar per ar. Samma sak galler antagligen nasta ar. Undrar darfor foljande: -Kontrolleras mitt innehav av vapenlicens nar jag kommer till en ny psk-bana med eget vapen och ammunition? -Vad kan straffet tankas bli om jag blir anmald? Olaga vapeninnehav och konfiskerat vapen, visst. Men sen...? Bor jag ha vapnet(Glock 17 (m/88)) isarplockat nar det forvaras hemma eller transporteras i bil till/fran skjutbana? (Tanker pa ev. straff. Transporterar ogarna ett laddat vapen utan uppsikt) Forvaring i hemmet sker i vapenskap.",0.46020558
"Fullgjort varnplik, tanker inte anvanda vapnet i kriminella syften och ar numera en skotsam person.  Gillar inte vapen pa ett satt sa att jag dreglar over, eller laser nyheter om dem. Men ett intresse finns. Gillar att skjuta(pa tavla) och har gjort det sa lange jag minns. Nu verkar det som att jag pga utlandsvistelse(inkl. en del prickskytte   ) just missar""nyborjarkursen"" pa min lokala psk. Kommer inte heller att ha tid(ny utlandsvistelse) att installa mig for den andra av tva kurser som startar per ar. Samma sak galler antagligen nasta ar. Undrar darfor foljande: -Kontrolleras mitt innehav av vapenlicens nar jag kommer till en ny psk-bana med eget vapen och ammunition? -Vad kan straffet tankas bli om jag blir anmald? Olaga vapeninnehav och konfiskerat vapen, visst. Men sen...? Bor jag ha vapnet(Glock 17 (m/88)) isarplockat nar det forvaras hemma eller transporteras i bil till/fran skjutbana? (Tanker pa ev. straff. Transporterar ogarna ett laddat vapen utan uppsikt) Forvaring i hemmet sker i vapenskap.",0.7045984
"Fullgjort varnplik, tanker inte anvanda vapnet i kriminella syften och ar numera en skotsam person.  Gillar inte vapen pa ett satt sa att jag dreglar over, eller laser nyheter om dem. Men ett intresse finns. Gillar att skjuta(pa tavla) och har gjort det sa lange jag minns. Nu verkar det som att jag pga utlandsvistelse(inkl. en del prickskytte   ) just missar""nyborjarkursen"" pa min lokala psk. Kommer inte heller att ha tid(ny utlandsvistelse) att installa mig for den andra av tva kurser som startar per ar. Samma sak galler antagligen nasta ar. Undrar darfor foljande: -Kontrolleras mitt innehav av vapenlicens nar jag kommer till en ny psk-bana med eget vapen och ammunition? -Vad kan straffet tankas bli om jag blir anmald? Olaga vapeninnehav och konfiskerat vapen, visst. Men sen...? Bor jag ha vapnet(Glock 17 (m/88)) isarplockat nar det forvaras hemma eller transporteras i bil till/fran skjutbana? (Tanker pa ev. straff. Transporterar ogarna ett laddat vapen utan uppsikt) Forvaring i hemmet sker i vapenskap.",0.56495845
"Fullgjort varnplik, tanker inte anvanda vapnet i kriminella syften och ar numera en skotsam person.  Gillar inte vapen pa ett satt sa att jag dreglar over, eller laser nyheter om dem. Men ett intresse finns. Gillar att skjuta(pa tavla) och har gjort det sa lange jag minns. Nu verkar det som att jag pga utlandsvistelse(inkl. en del prickskytte   ) just missar""nyborjarkursen"" pa min lokala psk. Kommer inte heller att ha tid(ny utlandsvistelse) att installa mig for den andra av tva kurser som startar per ar. Samma sak galler antagligen nasta ar. Undrar darfor foljande: -Kontrolleras mitt innehav av vapenlicens nar jag kommer till en ny psk-bana med eget vapen och ammunition? -Vad kan straffet tankas bli om jag blir anmald? Olaga vapeninnehav och konfiskerat vapen, visst. Men sen...? Bor jag ha vapnet(Glock 17 (m/88)) isarplockat nar det forvaras hemma eller transporteras i bil till/fran skjutbana? (Tanker pa ev. straff. Transporterar ogarna ett laddat vapen utan uppsikt) Forvaring i hemmet sker i vapenskap.",0.5466582
"Fullgjort varnplik, tanker inte anvanda vapnet i kriminella syften och ar numera en skotsam person.  Gillar inte vapen pa ett satt sa att jag dreglar over, eller laser nyheter om dem. Men ett intresse finns. Gillar att skjuta(pa tavla) och har gjort det sa lange jag minns. Nu verkar det som att jag pga utlandsvistelse(inkl. en del prickskytte   ) just missar""nyborjarkursen"" pa min lokala psk. Kommer inte heller att ha tid(ny utlandsvistelse) att installa mig for den andra av tva kurser som startar per ar. Samma sak galler antagligen nasta ar. Undrar darfor foljande: -Kontrolleras mitt innehav av vapenlicens nar jag kommer till en ny psk-bana med eget vapen och ammunition? -Vad kan straffet tankas bli om jag blir anmald? Olaga vapeninnehav och konfiskerat vapen, visst. Men sen...? Bor jag ha vapnet(Glock 17 (m/88)) isarplockat nar det forvaras hemma eller transporteras i bil till/fran skjutbana? (Tanker pa ev. straff. Transporterar ogarna ett laddat vapen utan uppsikt) Forvaring i hemmet sker i vapenskap.",0.78349435
"Fullgjort varnplik, tanker inte anvanda vapnet i kriminella syften och ar numera en skotsam person.  Gillar inte vapen pa ett satt sa att jag dreglar over, eller laser nyheter om dem. Men ett intresse finns. Gillar att skjuta(pa tavla) och har gjort det sa lange jag minns. Nu verkar det som att jag pga utlandsvistelse(inkl. en del prickskytte   ) just missar""nyborjarkursen"" pa min lokala psk. Kommer inte heller att ha tid(ny utlandsvistelse) att installa mig for den andra av tva kurser som startar per ar. Samma sak galler antagligen nasta ar. Undrar darfor foljande: -Kontrolleras mitt innehav av vapenlicens nar jag kommer till en ny psk-bana med eget vapen och ammunition? -Vad kan straffet tankas bli om jag blir anmald? Olaga vapeninnehav och konfiskerat vapen, visst. Men sen...? Bor jag ha vapnet(Glock 17 (m/88)) isarplockat nar det forvaras hemma eller transporteras i bil till/fran skjutbana? (Tanker pa ev. straff. Transporterar ogarna ett laddat vapen utan uppsikt) Forvaring i hemmet sker i vapenskap.",0.6542074
"Fullgjort varnplik, tanker inte anvanda vapnet i kriminella syften och ar numera en skotsam person.  Gillar inte vapen pa ett satt sa att jag dreglar over, eller laser nyheter om dem. Men ett intresse finns. Gillar att skjuta(pa tavla) och har gjort det sa lange jag minns. Nu verkar det som att jag pga utlandsvistelse(inkl. en del prickskytte   ) just missar""nyborjarkursen"" pa min lokala psk. Kommer inte heller att ha tid(ny utlandsvistelse) att installa mig for den andra av tva kurser som startar per ar. Samma sak galler antagligen nasta ar. Undrar darfor foljande: -Kontrolleras mitt innehav av vapenlicens nar jag kommer till en ny psk-bana med eget vapen och ammunition? -Vad kan straffet tankas bli om jag blir anmald? Olaga vapeninnehav och konfiskerat vapen, visst. Men sen...? Bor jag ha vapnet(Glock 17 (m/88)) isarplockat nar det forvaras hemma eller transporteras i bil till/fran skjutbana? (Tanker pa ev. straff. Transporterar ogarna ett laddat vapen utan uppsikt) Forvaring i hemmet sker i vapenskap.",0.60176355
"Fullgjort varnplik, tanker inte anvanda vapnet i kriminella syften och ar numera en skotsam person.  Gillar inte vapen pa ett satt sa att jag dreglar over, eller laser nyheter om dem. Men ett intresse finns. Gillar att skjuta(pa tavla) och har gjort det sa lange jag minns. Nu verkar det som att jag pga utlandsvistelse(inkl. en del prickskytte   ) just missar""nyborjarkursen"" pa min lokala psk. Kommer inte heller att ha tid(ny utlandsvistelse) att installa mig for den andra av tva kurser som startar per ar. Samma sak galler antagligen nasta ar. Undrar darfor foljande: -Kontrolleras mitt innehav av vapenlicens nar jag kommer till en ny psk-bana med eget vapen och ammunition? -Vad kan straffet tankas bli om jag blir anmald? Olaga vapeninnehav och konfiskerat vapen, visst. Men sen...? Bor jag ha vapnet(Glock 17 (m/88)) isarplockat nar det forvaras hemma eller transporteras i bil till/fran skjutbana? (Tanker pa ev. straff. Transporterar ogarna ett laddat vapen utan uppsikt) Forvaring i hemmet sker i vapenskap.",0.60319686
"Fullgjort varnplik, tanker inte anvanda vapnet i kriminella syften och ar numera en skotsam person.  Gillar inte vapen pa ett satt sa att jag dreglar over, eller laser nyheter om dem. Men ett intresse finns. Gillar att skjuta(pa tavla) och har gjort det sa lange jag minns. Nu verkar det som att jag pga utlandsvistelse(inkl. en del prickskytte   ) just missar""nyborjarkursen"" pa min lokala psk. Kommer inte heller att ha tid(ny utlandsvistelse) att installa mig for den andra av tva kurser som startar per ar. Samma sak galler antagligen nasta ar. Undrar darfor foljande: -Kontrolleras mitt innehav av vapenlicens nar jag kommer till en ny psk-bana med eget vapen och ammunition? -Vad kan straffet tankas bli om jag blir anmald? Olaga vapeninnehav och konfiskerat vapen, visst. Men sen...? Bor jag ha vapnet(Glock 17 (m/88)) isarplockat nar det forvaras hemma eller transporteras i bil till/fran skjutbana? (Tanker pa ev. straff. Transporterar ogarna ett laddat vapen utan uppsikt) Forvaring i hemmet sker i vapenskap.",0.53359514
"Fullgjort varnplik, tanker inte anvanda vapnet i kriminella syften och ar numera en skotsam person.  Gillar inte vapen pa ett satt sa att jag dreglar over, eller laser nyheter om dem. Men ett intresse finns. Gillar att skjuta(pa tavla) och har gjort det sa lange jag minns. Nu verkar det som att jag pga utlandsvistelse(inkl. en del prickskytte   ) just missar""nyborjarkursen"" pa min lokala psk. Kommer inte heller att ha tid(ny utlandsvistelse) att installa mig for den andra av tva kurser som startar per ar. Samma sak galler antagligen nasta ar. Undrar darfor foljande: -Kontrolleras mitt innehav av vapenlicens nar jag kommer till en ny psk-bana med eget vapen och ammunition? -Vad kan straffet tankas bli om jag blir anmald? Olaga vapeninnehav och konfiskerat vapen, visst. Men sen...? Bor jag ha vapnet(Glock 17 (m/88)) isarplockat nar det forvaras hemma eller transporteras i bil till/fran skjutbana? (Tanker pa ev. straff. Transporterar ogarna ett laddat vapen utan uppsikt) Forvaring i hemmet sker i vapenskap.",0.43889135
"Fullgjort varnplik, tanker inte anvanda vapnet i kriminella syften och ar numera en skotsam person.  Gillar inte vapen pa ett satt sa att jag dreglar over, eller laser nyheter om dem. Men ett intresse finns. Gillar att skjuta(pa tavla) och har gjort det sa lange jag minns. Nu verkar det som att jag pga utlandsvistelse(inkl. en del prickskytte   ) just missar""nyborjarkursen"" pa min lokala psk. Kommer inte heller att ha tid(ny utlandsvistelse) att installa mig for den andra av tva kurser som startar per ar. Samma sak galler antagligen nasta ar. Undrar darfor foljande: -Kontrolleras mitt innehav av vapenlicens nar jag kommer till en ny psk-bana med eget vapen och ammunition? -Vad kan straffet tankas bli om jag blir anmald? Olaga vapeninnehav och konfiskerat vapen, visst. Men sen...? Bor jag ha vapnet(Glock 17 (m/88)) isarplockat nar det forvaras hemma eller transporteras i bil till/fran skjutbana? (Tanker pa ev. straff. Transporterar ogarna ett laddat vapen utan uppsikt) Forvaring i hemmet sker i vapenskap.",0.5002874
"Fullgjort varnplik, tanker inte anvanda vapnet i kriminella syften och ar numera en skotsam person.  Gillar inte vapen pa ett satt sa att jag dreglar over, eller laser nyheter om dem. Men ett intresse finns. Gillar att skjuta(pa tavla) och har gjort det sa lange jag minns. Nu verkar det som att jag pga utlandsvistelse(inkl. en del prickskytte   ) just missar""nyborjarkursen"" pa min lokala psk. Kommer inte heller att ha tid(ny utlandsvistelse) att installa mig for den andra av tva kurser som startar per ar. Samma sak galler antagligen nasta ar. Undrar darfor foljande: -Kontrolleras mitt innehav av vapenlicens nar jag kommer till en ny psk-bana med eget vapen och ammunition? -Vad kan straffet tankas bli om jag blir anmald? Olaga vapeninnehav och konfiskerat vapen, visst. Men sen...? Bor jag ha vapnet(Glock 17 (m/88)) isarplockat nar det forvaras hemma eller transporteras i bil till/fran skjutbana? (Tanker pa ev. straff. Transporterar ogarna ett laddat vapen utan uppsikt) Forvaring i hemmet sker i vapenskap.",0.7556063
"Fullgjort varnplik, tanker inte anvanda vapnet i kriminella syften och ar numera en skotsam person.  Gillar inte vapen pa ett satt sa att jag dreglar over, eller laser nyheter om dem. Men ett intresse finns. Gillar att skjuta(pa tavla) och har gjort det sa lange jag minns. Nu verkar det som att jag pga utlandsvistelse(inkl. en del prickskytte   ) just missar""nyborjarkursen"" pa min lokala psk. Kommer inte heller att ha tid(ny utlandsvistelse) att installa mig for den andra av tva kurser som startar per ar. Samma sak galler antagligen nasta ar. Undrar darfor foljande: -Kontrolleras mitt innehav av vapenlicens nar jag kommer till en ny psk-bana med eget vapen och ammunition? -Vad kan straffet tankas bli om jag blir anmald? Olaga vapeninnehav och konfiskerat vapen, visst. Men sen...? Bor jag ha vapnet(Glock 17 (m/88)) isarplockat nar det forvaras hemma eller transporteras i bil till/fran skjutbana? (Tanker pa ev. straff. Transporterar ogarna ett laddat vapen utan uppsikt) Forvaring i hemmet sker i vapenskap.",0.65786
"Fullgjort varnplik, tanker inte anvanda vapnet i kriminella syften och ar numera en skotsam person.  Gillar inte vapen pa ett satt sa att jag dreglar over, eller laser nyheter om dem. Men ett intresse finns. Gillar att skjuta(pa tavla) och har gjort det sa lange jag minns. Nu verkar det som att jag pga utlandsvistelse(inkl. en del prickskytte   ) just missar""nyborjarkursen"" pa min lokala psk. Kommer inte heller att ha tid(ny utlandsvistelse) att installa mig for den andra av tva kurser som startar per ar. Samma sak galler antagligen nasta ar. Undrar darfor foljande: -Kontrolleras mitt innehav av vapenlicens nar jag kommer till en ny psk-bana med eget vapen och ammunition? -Vad kan straffet tankas bli om jag blir anmald? Olaga vapeninnehav och konfiskerat vapen, visst. Men sen...? Bor jag ha vapnet(Glock 17 (m/88)) isarplockat nar det forvaras hemma eller transporteras i bil till/fran skjutbana? (Tanker pa ev. straff. Transporterar ogarna ett laddat vapen utan uppsikt) Forvaring i hemmet sker i vapenskap.",0.5162585
"Fullgjort varnplik, tanker inte anvanda vapnet i kriminella syften och ar numera en skotsam person.  Gillar inte vapen pa ett satt sa att jag dreglar over, eller laser nyheter om dem. Men ett intresse finns. Gillar att skjuta(pa tavla) och har gjort det sa lange jag minns. Nu verkar det som att jag pga utlandsvistelse(inkl. en del prickskytte   ) just missar""nyborjarkursen"" pa min lokala psk. Kommer inte heller att ha tid(ny utlandsvistelse) att installa mig for den andra av tva kurser som startar per ar. Samma sak galler antagligen nasta ar. Undrar darfor foljande: -Kontrolleras mitt innehav av vapenlicens nar jag kommer till en ny psk-bana med eget vapen och ammunition? -Vad kan straffet tankas bli om jag blir anmald? Olaga vapeninnehav och konfiskerat vapen, visst. Men sen...? Bor jag ha vapnet(Glock 17 (m/88)) isarplockat nar det forvaras hemma eller transporteras i bil till/fran skjutbana? (Tanker pa ev. straff. Transporterar ogarna ett laddat vapen utan uppsikt) Forvaring i hemmet sker i vapenskap.",0.607067
"Fullgjort varnplik, tanker inte anvanda vapnet i kriminella syften och ar numera en skotsam person.  Gillar inte vapen pa ett satt sa att jag dreglar over, eller laser nyheter om dem. Men ett intresse finns. Gillar att skjuta(pa tavla) och har gjort det sa lange jag minns. Nu verkar det som att jag pga utlandsvistelse(inkl. en del prickskytte   ) just missar""nyborjarkursen"" pa min lokala psk. Kommer inte heller att ha tid(ny utlandsvistelse) att installa mig for den andra av tva kurser som startar per ar. Samma sak galler antagligen nasta ar. Undrar darfor foljande: -Kontrolleras mitt innehav av vapenlicens nar jag kommer till en ny psk-bana med eget vapen och ammunition? -Vad kan straffet tankas bli om jag blir anmald? Olaga vapeninnehav och konfiskerat vapen, visst. Men sen...? Bor jag ha vapnet(Glock 17 (m/88)) isarplockat nar det forvaras hemma eller transporteras i bil till/fran skjutbana? (Tanker pa ev. straff. Transporterar ogarna ett laddat vapen utan uppsikt) Forvaring i hemmet sker i vapenskap.",0.42344385
"Fullgjort varnplik, tanker inte anvanda vapnet i kriminella syften och ar numera en skotsam person.  Gillar inte vapen pa ett satt sa att jag dreglar over, eller laser nyheter om dem. Men ett intresse finns. Gillar att skjuta(pa tavla) och har gjort det sa lange jag minns. Nu verkar det som att jag pga utlandsvistelse(inkl. en del prickskytte   ) just missar""nyborjarkursen"" pa min lokala psk. Kommer inte heller att ha tid(ny utlandsvistelse) att installa mig for den andra av tva kurser som startar per ar. Samma sak galler antagligen nasta ar. Undrar darfor foljande: -Kontrolleras mitt innehav av vapenlicens nar jag kommer till en ny psk-bana med eget vapen och ammunition? -Vad kan straffet tankas bli om jag blir anmald? Olaga vapeninnehav och konfiskerat vapen, visst. Men sen...? Bor jag ha vapnet(Glock 17 (m/88)) isarplockat nar det forvaras hemma eller transporteras i bil till/fran skjutbana? (Tanker pa ev. straff. Transporterar ogarna ett laddat vapen utan uppsikt) Forvaring i hemmet sker i vapenskap.",0.13724336
"Fullgjort varnplik, tanker inte anvanda vapnet i kriminella syften och ar numera en skotsam person.  Gillar inte vapen pa ett satt sa att jag dreglar over, eller laser nyheter om dem. Men ett intresse finns. Gillar att skjuta(pa tavla) och har gjort det sa lange jag minns. Nu verkar det som att jag pga utlandsvistelse(inkl. en del prickskytte   ) just missar""nyborjarkursen"" pa min lokala psk. Kommer inte heller att ha tid(ny utlandsvistelse) att installa mig for den andra av tva kurser som startar per ar. Samma sak galler antagligen nasta ar. Undrar darfor foljande: -Kontrolleras mitt innehav av vapenlicens nar jag kommer till en ny psk-bana med eget vapen och ammunition? -Vad kan straffet tankas bli om jag blir anmald? Olaga vapeninnehav och konfiskerat vapen, visst. Men sen...? Bor jag ha vapnet(Glock 17 (m/88)) isarplockat nar det forvaras hemma eller transporteras i bil till/fran skjutbana? (Tanker pa ev. straff. Transporterar ogarna ett laddat vapen utan uppsikt) Forvaring i hemmet sker i vapenskap.",0.4613359
"Som rubriken lyder, jag skulle vara tacksam om ngn här inne vill rekommendera ngn bra hemsida där man snabbt och enkelt kan slå på ortsnamn och deras historiska betydelse.  Ex. Eskilstuna = Eskil(konung) och tuna (inhägnad) Tack på förhand för alla tips  PS: Eskil är ett namn och betyder inte konung som så, men det var en konung som bodde där....",0.26162583
"Som rubriken lyder, jag skulle vara tacksam om ngn här inne vill rekommendera ngn bra hemsida där man snabbt och enkelt kan slå på ortsnamn och deras historiska betydelse.  Ex. Eskilstuna = Eskil(konung) och tuna (inhägnad) Tack på förhand för alla tips  PS: Eskil är ett namn och betyder inte konung som så, men det var en konung som bodde där....",0.28192392
"Som rubriken lyder, jag skulle vara tacksam om ngn här inne vill rekommendera ngn bra hemsida där man snabbt och enkelt kan slå på ortsnamn och deras historiska betydelse.  Ex. Eskilstuna = Eskil(konung) och tuna (inhägnad) Tack på förhand för alla tips  PS: Eskil är ett namn och betyder inte konung som så, men det var en konung som bodde där....",0.4405476
"Ska till tattoexpo i gbg, undrar bara hurvida några artister kommer att göra tatueringar på plats eller inte, man lär ju bli sugen när man gå där iafall. Har aldrig varit på ett tattoexpo innan så.",0.696586
"Ska till tattoexpo i gbg, undrar bara hurvida några artister kommer att göra tatueringar på plats eller inte, man lär ju bli sugen när man gå där iafall. Har aldrig varit på ett tattoexpo innan så.",0.08618331
"Buggar har ju alltid funnits och PC-spel brukar ha mer såna eftersom dessa måste fungera med all modern hårdvara medan konsolspel är optimerade för standardiserad hårdvara... Sen har ju spelen blivit mer komplicerade med tiden och detta kanske gör att de får mer buggar också, men jag får ändå känslan av att många tillverkare av PC-spel har väldigt ont om pengar och därför blir tvungna att släppa spelen innan de riktigt är klara... Ni minns kanske Hellgate: London?? Det hade kunnat bli något helt fantastiskt men då det släpptes var det löjligt fyllt med buggar... Det var ett helt okej spel som hade en fräsch idé och en stark atmosfär, vilket gör det extra synd att det var så buggigt... Dessa buggar färgade ju också recensioner och bytte ut hypen mot besvikelse... Tydligen sålde spelet inte tillräckligt bra heller, för tillverkarna Flagship Studios har nu gått i konkurs... STALKER var ett annat spel som hypades något alldeles otroligt, men då det kom hade man skalat bort en hel del av det som utlovades i spelet... Buggar fanns det däremot ingen brist på! Vad är orsaken till att PC-tillverkarna har det så svårt?? Piratkopiering?? Fast det har ju alltid funnits och åtminstone de senaste fem åren har även gemene man laddat ner spel (istället för att bränna skivor och föra över på disketter som man gjorde förr)... Beror buggigheten och tillverkarnas dåliga ekonomi på att hårdvaran och spelen är så avancerade idag att det nästan är omöjligt att lyckas få bort buggarna innan det är dags för spelet att släppas?? Eller är det helt enkelt så att konsolerna hade något av en svacka i och med Sega Saturn, Dreamcast, GameCube och andra konsoler som det inte gick så bra för - och att konsolerna helt enkelt har återfått sin storhet igen?? 1. Hur ser PC-spelens framtid ut?? Kommer man att införa mer och mer avancerad Digital Rights Management med jobbiga kopieringsskydd och krav på att man måste koppla upp sig till internet för att kunna spela spel man köpt hederligt?? Bara för att tillverkarna inte längre litar på sina kunder... Detta gör att spelen inte längre fungerar självständigt på spelarens dator och om man t.ex. spelar i sommarstugan som har el men inte internet så kan man inte installera många moderna spel... Spelet Spore är i min mening ett skräckexempel på såna tillvägagångssätt, för att installera Spore måste man kopla upp sig på nätet och då man installerat spelet tre gånger får man inte göra det mer! Sjukt! 2. Eller kommer PC-speltillverkarna att dra sig bort från grafiktunga spel och istället satsa på strategi och rollspel för en äldre publik?? Under 90-talet spelade man äventyrspel med avancerat språk, djupa rollspel, tunga strategispel och komplicerade simulatorer... Innan de 3D-accelererande grafikkorten blev vanliga var grafiken inte alls grejen med PC... Kommer vi att återgå till såna tider igen?? 3. Eller kommer PC att bli otrendigt och hamna i en svår sits mellan Macintosh och konsoler... Mac-användarna hävdar aggressivt att det enda tillfället där man inte skall välja Mac-framför PC är då man vill spela spel, samtidigt som konsolanvändarna aggressivt hävdar att PC-spel är försenade, buggiga och aldrig lever upp till vad tillverkarna lovat... Vad tror ni?? Jag hoppas på alternativ 2 i alla fall, att PC-speltillverkarna helt enkelt byter målgrupp och ger spelen mer djup... Folk är inte så grafikkåta som tillverkarna tycks tro... Visst, folk vill inte ha fula spel, men grafiskt enkla spel som är välgjorda kan faktiskt se väldigt estetiskt tilltalande ut, definitivt mer attraktiva än grafiskt komplicerade spel som buggar!",0.47121632
"Buggar har ju alltid funnits och PC-spel brukar ha mer såna eftersom dessa måste fungera med all modern hårdvara medan konsolspel är optimerade för standardiserad hårdvara... Sen har ju spelen blivit mer komplicerade med tiden och detta kanske gör att de får mer buggar också, men jag får ändå känslan av att många tillverkare av PC-spel har väldigt ont om pengar och därför blir tvungna att släppa spelen innan de riktigt är klara... Ni minns kanske Hellgate: London?? Det hade kunnat bli något helt fantastiskt men då det släpptes var det löjligt fyllt med buggar... Det var ett helt okej spel som hade en fräsch idé och en stark atmosfär, vilket gör det extra synd att det var så buggigt... Dessa buggar färgade ju också recensioner och bytte ut hypen mot besvikelse... Tydligen sålde spelet inte tillräckligt bra heller, för tillverkarna Flagship Studios har nu gått i konkurs... STALKER var ett annat spel som hypades något alldeles otroligt, men då det kom hade man skalat bort en hel del av det som utlovades i spelet... Buggar fanns det däremot ingen brist på! Vad är orsaken till att PC-tillverkarna har det så svårt?? Piratkopiering?? Fast det har ju alltid funnits och åtminstone de senaste fem åren har även gemene man laddat ner spel (istället för att bränna skivor och föra över på disketter som man gjorde förr)... Beror buggigheten och tillverkarnas dåliga ekonomi på att hårdvaran och spelen är så avancerade idag att det nästan är omöjligt att lyckas få bort buggarna innan det är dags för spelet att släppas?? Eller är det helt enkelt så att konsolerna hade något av en svacka i och med Sega Saturn, Dreamcast, GameCube och andra konsoler som det inte gick så bra för - och att konsolerna helt enkelt har återfått sin storhet igen?? 1. Hur ser PC-spelens framtid ut?? Kommer man att införa mer och mer avancerad Digital Rights Management med jobbiga kopieringsskydd och krav på att man måste koppla upp sig till internet för att kunna spela spel man köpt hederligt?? Bara för att tillverkarna inte längre litar på sina kunder... Detta gör att spelen inte längre fungerar självständigt på spelarens dator och om man t.ex. spelar i sommarstugan som har el men inte internet så kan man inte installera många moderna spel... Spelet Spore är i min mening ett skräckexempel på såna tillvägagångssätt, för att installera Spore måste man kopla upp sig på nätet och då man installerat spelet tre gånger får man inte göra det mer! Sjukt! 2. Eller kommer PC-speltillverkarna att dra sig bort från grafiktunga spel och istället satsa på strategi och rollspel för en äldre publik?? Under 90-talet spelade man äventyrspel med avancerat språk, djupa rollspel, tunga strategispel och komplicerade simulatorer... Innan de 3D-accelererande grafikkorten blev vanliga var grafiken inte alls grejen med PC... Kommer vi att återgå till såna tider igen?? 3. Eller kommer PC att bli otrendigt och hamna i en svår sits mellan Macintosh och konsoler... Mac-användarna hävdar aggressivt att det enda tillfället där man inte skall välja Mac-framför PC är då man vill spela spel, samtidigt som konsolanvändarna aggressivt hävdar att PC-spel är försenade, buggiga och aldrig lever upp till vad tillverkarna lovat... Vad tror ni?? Jag hoppas på alternativ 2 i alla fall, att PC-speltillverkarna helt enkelt byter målgrupp och ger spelen mer djup... Folk är inte så grafikkåta som tillverkarna tycks tro... Visst, folk vill inte ha fula spel, men grafiskt enkla spel som är välgjorda kan faktiskt se väldigt estetiskt tilltalande ut, definitivt mer attraktiva än grafiskt komplicerade spel som buggar!",0.7547712
"Buggar har ju alltid funnits och PC-spel brukar ha mer såna eftersom dessa måste fungera med all modern hårdvara medan konsolspel är optimerade för standardiserad hårdvara... Sen har ju spelen blivit mer komplicerade med tiden och detta kanske gör att de får mer buggar också, men jag får ändå känslan av att många tillverkare av PC-spel har väldigt ont om pengar och därför blir tvungna att släppa spelen innan de riktigt är klara... Ni minns kanske Hellgate: London?? Det hade kunnat bli något helt fantastiskt men då det släpptes var det löjligt fyllt med buggar... Det var ett helt okej spel som hade en fräsch idé och en stark atmosfär, vilket gör det extra synd att det var så buggigt... Dessa buggar färgade ju också recensioner och bytte ut hypen mot besvikelse... Tydligen sålde spelet inte tillräckligt bra heller, för tillverkarna Flagship Studios har nu gått i konkurs... STALKER var ett annat spel som hypades något alldeles otroligt, men då det kom hade man skalat bort en hel del av det som utlovades i spelet... Buggar fanns det däremot ingen brist på! Vad är orsaken till att PC-tillverkarna har det så svårt?? Piratkopiering?? Fast det har ju alltid funnits och åtminstone de senaste fem åren har även gemene man laddat ner spel (istället för att bränna skivor och föra över på disketter som man gjorde förr)... Beror buggigheten och tillverkarnas dåliga ekonomi på att hårdvaran och spelen är så avancerade idag att det nästan är omöjligt att lyckas få bort buggarna innan det är dags för spelet att släppas?? Eller är det helt enkelt så att konsolerna hade något av en svacka i och med Sega Saturn, Dreamcast, GameCube och andra konsoler som det inte gick så bra för - och att konsolerna helt enkelt har återfått sin storhet igen?? 1. Hur ser PC-spelens framtid ut?? Kommer man att införa mer och mer avancerad Digital Rights Management med jobbiga kopieringsskydd och krav på att man måste koppla upp sig till internet för att kunna spela spel man köpt hederligt?? Bara för att tillverkarna inte längre litar på sina kunder... Detta gör att spelen inte längre fungerar självständigt på spelarens dator och om man t.ex. spelar i sommarstugan som har el men inte internet så kan man inte installera många moderna spel... Spelet Spore är i min mening ett skräckexempel på såna tillvägagångssätt, för att installera Spore måste man kopla upp sig på nätet och då man installerat spelet tre gånger får man inte göra det mer! Sjukt! 2. Eller kommer PC-speltillverkarna att dra sig bort från grafiktunga spel och istället satsa på strategi och rollspel för en äldre publik?? Under 90-talet spelade man äventyrspel med avancerat språk, djupa rollspel, tunga strategispel och komplicerade simulatorer... Innan de 3D-accelererande grafikkorten blev vanliga var grafiken inte alls grejen med PC... Kommer vi att återgå till såna tider igen?? 3. Eller kommer PC att bli otrendigt och hamna i en svår sits mellan Macintosh och konsoler... Mac-användarna hävdar aggressivt att det enda tillfället där man inte skall välja Mac-framför PC är då man vill spela spel, samtidigt som konsolanvändarna aggressivt hävdar att PC-spel är försenade, buggiga och aldrig lever upp till vad tillverkarna lovat... Vad tror ni?? Jag hoppas på alternativ 2 i alla fall, att PC-speltillverkarna helt enkelt byter målgrupp och ger spelen mer djup... Folk är inte så grafikkåta som tillverkarna tycks tro... Visst, folk vill inte ha fula spel, men grafiskt enkla spel som är välgjorda kan faktiskt se väldigt estetiskt tilltalande ut, definitivt mer attraktiva än grafiskt komplicerade spel som buggar!",0.7398271
"Buggar har ju alltid funnits och PC-spel brukar ha mer såna eftersom dessa måste fungera med all modern hårdvara medan konsolspel är optimerade för standardiserad hårdvara... Sen har ju spelen blivit mer komplicerade med tiden och detta kanske gör att de får mer buggar också, men jag får ändå känslan av att många tillverkare av PC-spel har väldigt ont om pengar och därför blir tvungna att släppa spelen innan de riktigt är klara... Ni minns kanske Hellgate: London?? Det hade kunnat bli något helt fantastiskt men då det släpptes var det löjligt fyllt med buggar... Det var ett helt okej spel som hade en fräsch idé och en stark atmosfär, vilket gör det extra synd att det var så buggigt... Dessa buggar färgade ju också recensioner och bytte ut hypen mot besvikelse... Tydligen sålde spelet inte tillräckligt bra heller, för tillverkarna Flagship Studios har nu gått i konkurs... STALKER var ett annat spel som hypades något alldeles otroligt, men då det kom hade man skalat bort en hel del av det som utlovades i spelet... Buggar fanns det däremot ingen brist på! Vad är orsaken till att PC-tillverkarna har det så svårt?? Piratkopiering?? Fast det har ju alltid funnits och åtminstone de senaste fem åren har även gemene man laddat ner spel (istället för att bränna skivor och föra över på disketter som man gjorde förr)... Beror buggigheten och tillverkarnas dåliga ekonomi på att hårdvaran och spelen är så avancerade idag att det nästan är omöjligt att lyckas få bort buggarna innan det är dags för spelet att släppas?? Eller är det helt enkelt så att konsolerna hade något av en svacka i och med Sega Saturn, Dreamcast, GameCube och andra konsoler som det inte gick så bra för - och att konsolerna helt enkelt har återfått sin storhet igen?? 1. Hur ser PC-spelens framtid ut?? Kommer man att införa mer och mer avancerad Digital Rights Management med jobbiga kopieringsskydd och krav på att man måste koppla upp sig till internet för att kunna spela spel man köpt hederligt?? Bara för att tillverkarna inte längre litar på sina kunder... Detta gör att spelen inte längre fungerar självständigt på spelarens dator och om man t.ex. spelar i sommarstugan som har el men inte internet så kan man inte installera många moderna spel... Spelet Spore är i min mening ett skräckexempel på såna tillvägagångssätt, för att installera Spore måste man kopla upp sig på nätet och då man installerat spelet tre gånger får man inte göra det mer! Sjukt! 2. Eller kommer PC-speltillverkarna att dra sig bort från grafiktunga spel och istället satsa på strategi och rollspel för en äldre publik?? Under 90-talet spelade man äventyrspel med avancerat språk, djupa rollspel, tunga strategispel och komplicerade simulatorer... Innan de 3D-accelererande grafikkorten blev vanliga var grafiken inte alls grejen med PC... Kommer vi att återgå till såna tider igen?? 3. Eller kommer PC att bli otrendigt och hamna i en svår sits mellan Macintosh och konsoler... Mac-användarna hävdar aggressivt att det enda tillfället där man inte skall välja Mac-framför PC är då man vill spela spel, samtidigt som konsolanvändarna aggressivt hävdar att PC-spel är försenade, buggiga och aldrig lever upp till vad tillverkarna lovat... Vad tror ni?? Jag hoppas på alternativ 2 i alla fall, att PC-speltillverkarna helt enkelt byter målgrupp och ger spelen mer djup... Folk är inte så grafikkåta som tillverkarna tycks tro... Visst, folk vill inte ha fula spel, men grafiskt enkla spel som är välgjorda kan faktiskt se väldigt estetiskt tilltalande ut, definitivt mer attraktiva än grafiskt komplicerade spel som buggar!",0.64611685
"Buggar har ju alltid funnits och PC-spel brukar ha mer såna eftersom dessa måste fungera med all modern hårdvara medan konsolspel är optimerade för standardiserad hårdvara... Sen har ju spelen blivit mer komplicerade med tiden och detta kanske gör att de får mer buggar också, men jag får ändå känslan av att många tillverkare av PC-spel har väldigt ont om pengar och därför blir tvungna att släppa spelen innan de riktigt är klara... Ni minns kanske Hellgate: London?? Det hade kunnat bli något helt fantastiskt men då det släpptes var det löjligt fyllt med buggar... Det var ett helt okej spel som hade en fräsch idé och en stark atmosfär, vilket gör det extra synd att det var så buggigt... Dessa buggar färgade ju också recensioner och bytte ut hypen mot besvikelse... Tydligen sålde spelet inte tillräckligt bra heller, för tillverkarna Flagship Studios har nu gått i konkurs... STALKER var ett annat spel som hypades något alldeles otroligt, men då det kom hade man skalat bort en hel del av det som utlovades i spelet... Buggar fanns det däremot ingen brist på! Vad är orsaken till att PC-tillverkarna har det så svårt?? Piratkopiering?? Fast det har ju alltid funnits och åtminstone de senaste fem åren har även gemene man laddat ner spel (istället för att bränna skivor och föra över på disketter som man gjorde förr)... Beror buggigheten och tillverkarnas dåliga ekonomi på att hårdvaran och spelen är så avancerade idag att det nästan är omöjligt att lyckas få bort buggarna innan det är dags för spelet att släppas?? Eller är det helt enkelt så att konsolerna hade något av en svacka i och med Sega Saturn, Dreamcast, GameCube och andra konsoler som det inte gick så bra för - och att konsolerna helt enkelt har återfått sin storhet igen?? 1. Hur ser PC-spelens framtid ut?? Kommer man att införa mer och mer avancerad Digital Rights Management med jobbiga kopieringsskydd och krav på att man måste koppla upp sig till internet för att kunna spela spel man köpt hederligt?? Bara för att tillverkarna inte längre litar på sina kunder... Detta gör att spelen inte längre fungerar självständigt på spelarens dator och om man t.ex. spelar i sommarstugan som har el men inte internet så kan man inte installera många moderna spel... Spelet Spore är i min mening ett skräckexempel på såna tillvägagångssätt, för att installera Spore måste man kopla upp sig på nätet och då man installerat spelet tre gånger får man inte göra det mer! Sjukt! 2. Eller kommer PC-speltillverkarna att dra sig bort från grafiktunga spel och istället satsa på strategi och rollspel för en äldre publik?? Under 90-talet spelade man äventyrspel med avancerat språk, djupa rollspel, tunga strategispel och komplicerade simulatorer... Innan de 3D-accelererande grafikkorten blev vanliga var grafiken inte alls grejen med PC... Kommer vi att återgå till såna tider igen?? 3. Eller kommer PC att bli otrendigt och hamna i en svår sits mellan Macintosh och konsoler... Mac-användarna hävdar aggressivt att det enda tillfället där man inte skall välja Mac-framför PC är då man vill spela spel, samtidigt som konsolanvändarna aggressivt hävdar att PC-spel är försenade, buggiga och aldrig lever upp till vad tillverkarna lovat... Vad tror ni?? Jag hoppas på alternativ 2 i alla fall, att PC-speltillverkarna helt enkelt byter målgrupp och ger spelen mer djup... Folk är inte så grafikkåta som tillverkarna tycks tro... Visst, folk vill inte ha fula spel, men grafiskt enkla spel som är välgjorda kan faktiskt se väldigt estetiskt tilltalande ut, definitivt mer attraktiva än grafiskt komplicerade spel som buggar!",0.72201014
"Buggar har ju alltid funnits och PC-spel brukar ha mer såna eftersom dessa måste fungera med all modern hårdvara medan konsolspel är optimerade för standardiserad hårdvara... Sen har ju spelen blivit mer komplicerade med tiden och detta kanske gör att de får mer buggar också, men jag får ändå känslan av att många tillverkare av PC-spel har väldigt ont om pengar och därför blir tvungna att släppa spelen innan de riktigt är klara... Ni minns kanske Hellgate: London?? Det hade kunnat bli något helt fantastiskt men då det släpptes var det löjligt fyllt med buggar... Det var ett helt okej spel som hade en fräsch idé och en stark atmosfär, vilket gör det extra synd att det var så buggigt... Dessa buggar färgade ju också recensioner och bytte ut hypen mot besvikelse... Tydligen sålde spelet inte tillräckligt bra heller, för tillverkarna Flagship Studios har nu gått i konkurs... STALKER var ett annat spel som hypades något alldeles otroligt, men då det kom hade man skalat bort en hel del av det som utlovades i spelet... Buggar fanns det däremot ingen brist på! Vad är orsaken till att PC-tillverkarna har det så svårt?? Piratkopiering?? Fast det har ju alltid funnits och åtminstone de senaste fem åren har även gemene man laddat ner spel (istället för att bränna skivor och föra över på disketter som man gjorde förr)... Beror buggigheten och tillverkarnas dåliga ekonomi på att hårdvaran och spelen är så avancerade idag att det nästan är omöjligt att lyckas få bort buggarna innan det är dags för spelet att släppas?? Eller är det helt enkelt så att konsolerna hade något av en svacka i och med Sega Saturn, Dreamcast, GameCube och andra konsoler som det inte gick så bra för - och att konsolerna helt enkelt har återfått sin storhet igen?? 1. Hur ser PC-spelens framtid ut?? Kommer man att införa mer och mer avancerad Digital Rights Management med jobbiga kopieringsskydd och krav på att man måste koppla upp sig till internet för att kunna spela spel man köpt hederligt?? Bara för att tillverkarna inte längre litar på sina kunder... Detta gör att spelen inte längre fungerar självständigt på spelarens dator och om man t.ex. spelar i sommarstugan som har el men inte internet så kan man inte installera många moderna spel... Spelet Spore är i min mening ett skräckexempel på såna tillvägagångssätt, för att installera Spore måste man kopla upp sig på nätet och då man installerat spelet tre gånger får man inte göra det mer! Sjukt! 2. Eller kommer PC-speltillverkarna att dra sig bort från grafiktunga spel och istället satsa på strategi och rollspel för en äldre publik?? Under 90-talet spelade man äventyrspel med avancerat språk, djupa rollspel, tunga strategispel och komplicerade simulatorer... Innan de 3D-accelererande grafikkorten blev vanliga var grafiken inte alls grejen med PC... Kommer vi att återgå till såna tider igen?? 3. Eller kommer PC att bli otrendigt och hamna i en svår sits mellan Macintosh och konsoler... Mac-användarna hävdar aggressivt att det enda tillfället där man inte skall välja Mac-framför PC är då man vill spela spel, samtidigt som konsolanvändarna aggressivt hävdar att PC-spel är försenade, buggiga och aldrig lever upp till vad tillverkarna lovat... Vad tror ni?? Jag hoppas på alternativ 2 i alla fall, att PC-speltillverkarna helt enkelt byter målgrupp och ger spelen mer djup... Folk är inte så grafikkåta som tillverkarna tycks tro... Visst, folk vill inte ha fula spel, men grafiskt enkla spel som är välgjorda kan faktiskt se väldigt estetiskt tilltalande ut, definitivt mer attraktiva än grafiskt komplicerade spel som buggar!",0.56791735
"Buggar har ju alltid funnits och PC-spel brukar ha mer såna eftersom dessa måste fungera med all modern hårdvara medan konsolspel är optimerade för standardiserad hårdvara... Sen har ju spelen blivit mer komplicerade med tiden och detta kanske gör att de får mer buggar också, men jag får ändå känslan av att många tillverkare av PC-spel har väldigt ont om pengar och därför blir tvungna att släppa spelen innan de riktigt är klara... Ni minns kanske Hellgate: London?? Det hade kunnat bli något helt fantastiskt men då det släpptes var det löjligt fyllt med buggar... Det var ett helt okej spel som hade en fräsch idé och en stark atmosfär, vilket gör det extra synd att det var så buggigt... Dessa buggar färgade ju också recensioner och bytte ut hypen mot besvikelse... Tydligen sålde spelet inte tillräckligt bra heller, för tillverkarna Flagship Studios har nu gått i konkurs... STALKER var ett annat spel som hypades något alldeles otroligt, men då det kom hade man skalat bort en hel del av det som utlovades i spelet... Buggar fanns det däremot ingen brist på! Vad är orsaken till att PC-tillverkarna har det så svårt?? Piratkopiering?? Fast det har ju alltid funnits och åtminstone de senaste fem åren har även gemene man laddat ner spel (istället för att bränna skivor och föra över på disketter som man gjorde förr)... Beror buggigheten och tillverkarnas dåliga ekonomi på att hårdvaran och spelen är så avancerade idag att det nästan är omöjligt att lyckas få bort buggarna innan det är dags för spelet att släppas?? Eller är det helt enkelt så att konsolerna hade något av en svacka i och med Sega Saturn, Dreamcast, GameCube och andra konsoler som det inte gick så bra för - och att konsolerna helt enkelt har återfått sin storhet igen?? 1. Hur ser PC-spelens framtid ut?? Kommer man att införa mer och mer avancerad Digital Rights Management med jobbiga kopieringsskydd och krav på att man måste koppla upp sig till internet för att kunna spela spel man köpt hederligt?? Bara för att tillverkarna inte längre litar på sina kunder... Detta gör att spelen inte längre fungerar självständigt på spelarens dator och om man t.ex. spelar i sommarstugan som har el men inte internet så kan man inte installera många moderna spel... Spelet Spore är i min mening ett skräckexempel på såna tillvägagångssätt, för att installera Spore måste man kopla upp sig på nätet och då man installerat spelet tre gånger får man inte göra det mer! Sjukt! 2. Eller kommer PC-speltillverkarna att dra sig bort från grafiktunga spel och istället satsa på strategi och rollspel för en äldre publik?? Under 90-talet spelade man äventyrspel med avancerat språk, djupa rollspel, tunga strategispel och komplicerade simulatorer... Innan de 3D-accelererande grafikkorten blev vanliga var grafiken inte alls grejen med PC... Kommer vi att återgå till såna tider igen?? 3. Eller kommer PC att bli otrendigt och hamna i en svår sits mellan Macintosh och konsoler... Mac-användarna hävdar aggressivt att det enda tillfället där man inte skall välja Mac-framför PC är då man vill spela spel, samtidigt som konsolanvändarna aggressivt hävdar att PC-spel är försenade, buggiga och aldrig lever upp till vad tillverkarna lovat... Vad tror ni?? Jag hoppas på alternativ 2 i alla fall, att PC-speltillverkarna helt enkelt byter målgrupp och ger spelen mer djup... Folk är inte så grafikkåta som tillverkarna tycks tro... Visst, folk vill inte ha fula spel, men grafiskt enkla spel som är välgjorda kan faktiskt se väldigt estetiskt tilltalande ut, definitivt mer attraktiva än grafiskt komplicerade spel som buggar!",0.50313437
"Buggar har ju alltid funnits och PC-spel brukar ha mer såna eftersom dessa måste fungera med all modern hårdvara medan konsolspel är optimerade för standardiserad hårdvara... Sen har ju spelen blivit mer komplicerade med tiden och detta kanske gör att de får mer buggar också, men jag får ändå känslan av att många tillverkare av PC-spel har väldigt ont om pengar och därför blir tvungna att släppa spelen innan de riktigt är klara... Ni minns kanske Hellgate: London?? Det hade kunnat bli något helt fantastiskt men då det släpptes var det löjligt fyllt med buggar... Det var ett helt okej spel som hade en fräsch idé och en stark atmosfär, vilket gör det extra synd att det var så buggigt... Dessa buggar färgade ju också recensioner och bytte ut hypen mot besvikelse... Tydligen sålde spelet inte tillräckligt bra heller, för tillverkarna Flagship Studios har nu gått i konkurs... STALKER var ett annat spel som hypades något alldeles otroligt, men då det kom hade man skalat bort en hel del av det som utlovades i spelet... Buggar fanns det däremot ingen brist på! Vad är orsaken till att PC-tillverkarna har det så svårt?? Piratkopiering?? Fast det har ju alltid funnits och åtminstone de senaste fem åren har även gemene man laddat ner spel (istället för att bränna skivor och föra över på disketter som man gjorde förr)... Beror buggigheten och tillverkarnas dåliga ekonomi på att hårdvaran och spelen är så avancerade idag att det nästan är omöjligt att lyckas få bort buggarna innan det är dags för spelet att släppas?? Eller är det helt enkelt så att konsolerna hade något av en svacka i och med Sega Saturn, Dreamcast, GameCube och andra konsoler som det inte gick så bra för - och att konsolerna helt enkelt har återfått sin storhet igen?? 1. Hur ser PC-spelens framtid ut?? Kommer man att införa mer och mer avancerad Digital Rights Management med jobbiga kopieringsskydd och krav på att man måste koppla upp sig till internet för att kunna spela spel man köpt hederligt?? Bara för att tillverkarna inte längre litar på sina kunder... Detta gör att spelen inte längre fungerar självständigt på spelarens dator och om man t.ex. spelar i sommarstugan som har el men inte internet så kan man inte installera många moderna spel... Spelet Spore är i min mening ett skräckexempel på såna tillvägagångssätt, för att installera Spore måste man kopla upp sig på nätet och då man installerat spelet tre gånger får man inte göra det mer! Sjukt! 2. Eller kommer PC-speltillverkarna att dra sig bort från grafiktunga spel och istället satsa på strategi och rollspel för en äldre publik?? Under 90-talet spelade man äventyrspel med avancerat språk, djupa rollspel, tunga strategispel och komplicerade simulatorer... Innan de 3D-accelererande grafikkorten blev vanliga var grafiken inte alls grejen med PC... Kommer vi att återgå till såna tider igen?? 3. Eller kommer PC att bli otrendigt och hamna i en svår sits mellan Macintosh och konsoler... Mac-användarna hävdar aggressivt att det enda tillfället där man inte skall välja Mac-framför PC är då man vill spela spel, samtidigt som konsolanvändarna aggressivt hävdar att PC-spel är försenade, buggiga och aldrig lever upp till vad tillverkarna lovat... Vad tror ni?? Jag hoppas på alternativ 2 i alla fall, att PC-speltillverkarna helt enkelt byter målgrupp och ger spelen mer djup... Folk är inte så grafikkåta som tillverkarna tycks tro... Visst, folk vill inte ha fula spel, men grafiskt enkla spel som är välgjorda kan faktiskt se väldigt estetiskt tilltalande ut, definitivt mer attraktiva än grafiskt komplicerade spel som buggar!",0.7843775
"Buggar har ju alltid funnits och PC-spel brukar ha mer såna eftersom dessa måste fungera med all modern hårdvara medan konsolspel är optimerade för standardiserad hårdvara... Sen har ju spelen blivit mer komplicerade med tiden och detta kanske gör att de får mer buggar också, men jag får ändå känslan av att många tillverkare av PC-spel har väldigt ont om pengar och därför blir tvungna att släppa spelen innan de riktigt är klara... Ni minns kanske Hellgate: London?? Det hade kunnat bli något helt fantastiskt men då det släpptes var det löjligt fyllt med buggar... Det var ett helt okej spel som hade en fräsch idé och en stark atmosfär, vilket gör det extra synd att det var så buggigt... Dessa buggar färgade ju också recensioner och bytte ut hypen mot besvikelse... Tydligen sålde spelet inte tillräckligt bra heller, för tillverkarna Flagship Studios har nu gått i konkurs... STALKER var ett annat spel som hypades något alldeles otroligt, men då det kom hade man skalat bort en hel del av det som utlovades i spelet... Buggar fanns det däremot ingen brist på! Vad är orsaken till att PC-tillverkarna har det så svårt?? Piratkopiering?? Fast det har ju alltid funnits och åtminstone de senaste fem åren har även gemene man laddat ner spel (istället för att bränna skivor och föra över på disketter som man gjorde förr)... Beror buggigheten och tillverkarnas dåliga ekonomi på att hårdvaran och spelen är så avancerade idag att det nästan är omöjligt att lyckas få bort buggarna innan det är dags för spelet att släppas?? Eller är det helt enkelt så att konsolerna hade något av en svacka i och med Sega Saturn, Dreamcast, GameCube och andra konsoler som det inte gick så bra för - och att konsolerna helt enkelt har återfått sin storhet igen?? 1. Hur ser PC-spelens framtid ut?? Kommer man att införa mer och mer avancerad Digital Rights Management med jobbiga kopieringsskydd och krav på att man måste koppla upp sig till internet för att kunna spela spel man köpt hederligt?? Bara för att tillverkarna inte längre litar på sina kunder... Detta gör att spelen inte längre fungerar självständigt på spelarens dator och om man t.ex. spelar i sommarstugan som har el men inte internet så kan man inte installera många moderna spel... Spelet Spore är i min mening ett skräckexempel på såna tillvägagångssätt, för att installera Spore måste man kopla upp sig på nätet och då man installerat spelet tre gånger får man inte göra det mer! Sjukt! 2. Eller kommer PC-speltillverkarna att dra sig bort från grafiktunga spel och istället satsa på strategi och rollspel för en äldre publik?? Under 90-talet spelade man äventyrspel med avancerat språk, djupa rollspel, tunga strategispel och komplicerade simulatorer... Innan de 3D-accelererande grafikkorten blev vanliga var grafiken inte alls grejen med PC... Kommer vi att återgå till såna tider igen?? 3. Eller kommer PC att bli otrendigt och hamna i en svår sits mellan Macintosh och konsoler... Mac-användarna hävdar aggressivt att det enda tillfället där man inte skall välja Mac-framför PC är då man vill spela spel, samtidigt som konsolanvändarna aggressivt hävdar att PC-spel är försenade, buggiga och aldrig lever upp till vad tillverkarna lovat... Vad tror ni?? Jag hoppas på alternativ 2 i alla fall, att PC-speltillverkarna helt enkelt byter målgrupp och ger spelen mer djup... Folk är inte så grafikkåta som tillverkarna tycks tro... Visst, folk vill inte ha fula spel, men grafiskt enkla spel som är välgjorda kan faktiskt se väldigt estetiskt tilltalande ut, definitivt mer attraktiva än grafiskt komplicerade spel som buggar!",0.7012491
"Buggar har ju alltid funnits och PC-spel brukar ha mer såna eftersom dessa måste fungera med all modern hårdvara medan konsolspel är optimerade för standardiserad hårdvara... Sen har ju spelen blivit mer komplicerade med tiden och detta kanske gör att de får mer buggar också, men jag får ändå känslan av att många tillverkare av PC-spel har väldigt ont om pengar och därför blir tvungna att släppa spelen innan de riktigt är klara... Ni minns kanske Hellgate: London?? Det hade kunnat bli något helt fantastiskt men då det släpptes var det löjligt fyllt med buggar... Det var ett helt okej spel som hade en fräsch idé och en stark atmosfär, vilket gör det extra synd att det var så buggigt... Dessa buggar färgade ju också recensioner och bytte ut hypen mot besvikelse... Tydligen sålde spelet inte tillräckligt bra heller, för tillverkarna Flagship Studios har nu gått i konkurs... STALKER var ett annat spel som hypades något alldeles otroligt, men då det kom hade man skalat bort en hel del av det som utlovades i spelet... Buggar fanns det däremot ingen brist på! Vad är orsaken till att PC-tillverkarna har det så svårt?? Piratkopiering?? Fast det har ju alltid funnits och åtminstone de senaste fem åren har även gemene man laddat ner spel (istället för att bränna skivor och föra över på disketter som man gjorde förr)... Beror buggigheten och tillverkarnas dåliga ekonomi på att hårdvaran och spelen är så avancerade idag att det nästan är omöjligt att lyckas få bort buggarna innan det är dags för spelet att släppas?? Eller är det helt enkelt så att konsolerna hade något av en svacka i och med Sega Saturn, Dreamcast, GameCube och andra konsoler som det inte gick så bra för - och att konsolerna helt enkelt har återfått sin storhet igen?? 1. Hur ser PC-spelens framtid ut?? Kommer man att införa mer och mer avancerad Digital Rights Management med jobbiga kopieringsskydd och krav på att man måste koppla upp sig till internet för att kunna spela spel man köpt hederligt?? Bara för att tillverkarna inte längre litar på sina kunder... Detta gör att spelen inte längre fungerar självständigt på spelarens dator och om man t.ex. spelar i sommarstugan som har el men inte internet så kan man inte installera många moderna spel... Spelet Spore är i min mening ett skräckexempel på såna tillvägagångssätt, för att installera Spore måste man kopla upp sig på nätet och då man installerat spelet tre gånger får man inte göra det mer! Sjukt! 2. Eller kommer PC-speltillverkarna att dra sig bort från grafiktunga spel och istället satsa på strategi och rollspel för en äldre publik?? Under 90-talet spelade man äventyrspel med avancerat språk, djupa rollspel, tunga strategispel och komplicerade simulatorer... Innan de 3D-accelererande grafikkorten blev vanliga var grafiken inte alls grejen med PC... Kommer vi att återgå till såna tider igen?? 3. Eller kommer PC att bli otrendigt och hamna i en svår sits mellan Macintosh och konsoler... Mac-användarna hävdar aggressivt att det enda tillfället där man inte skall välja Mac-framför PC är då man vill spela spel, samtidigt som konsolanvändarna aggressivt hävdar att PC-spel är försenade, buggiga och aldrig lever upp till vad tillverkarna lovat... Vad tror ni?? Jag hoppas på alternativ 2 i alla fall, att PC-speltillverkarna helt enkelt byter målgrupp och ger spelen mer djup... Folk är inte så grafikkåta som tillverkarna tycks tro... Visst, folk vill inte ha fula spel, men grafiskt enkla spel som är välgjorda kan faktiskt se väldigt estetiskt tilltalande ut, definitivt mer attraktiva än grafiskt komplicerade spel som buggar!",0.26828313
"Ja som frågan lyder, finns det ett kassaservice register? Det är så att hyresvärden kräver ett antal bevis då han inte ser att pengarna har gått in. Har bevis från mitt bank konto då jag skickat in, men inte från kassa service, då jag trodde det var självklart det inte skulle bli nåt fel. Dumt att det ska kunna bli fel på flera sådana, eller så bluffar han. Skulle vilja ta fram ett antal bevis för hela innebörden, men går det att få fram bevis från kassa service då jag kastat kvittona?",0.18223432
"Ja som frågan lyder, finns det ett kassaservice register? Det är så att hyresvärden kräver ett antal bevis då han inte ser att pengarna har gått in. Har bevis från mitt bank konto då jag skickat in, men inte från kassa service, då jag trodde det var självklart det inte skulle bli nåt fel. Dumt att det ska kunna bli fel på flera sådana, eller så bluffar han. Skulle vilja ta fram ett antal bevis för hela innebörden, men går det att få fram bevis från kassa service då jag kastat kvittona?",0.16003603
"Ja som frågan lyder, finns det ett kassaservice register? Det är så att hyresvärden kräver ett antal bevis då han inte ser att pengarna har gått in. Har bevis från mitt bank konto då jag skickat in, men inte från kassa service, då jag trodde det var självklart det inte skulle bli nåt fel. Dumt att det ska kunna bli fel på flera sådana, eller så bluffar han. Skulle vilja ta fram ett antal bevis för hela innebörden, men går det att få fram bevis från kassa service då jag kastat kvittona?",0.5408195
"Ja som frågan lyder, finns det ett kassaservice register? Det är så att hyresvärden kräver ett antal bevis då han inte ser att pengarna har gått in. Har bevis från mitt bank konto då jag skickat in, men inte från kassa service, då jag trodde det var självklart det inte skulle bli nåt fel. Dumt att det ska kunna bli fel på flera sådana, eller så bluffar han. Skulle vilja ta fram ett antal bevis för hela innebörden, men går det att få fram bevis från kassa service då jag kastat kvittona?",0.15753213
"Tja! Jag skrev idag ett ganska viktigt brev på datorn som jag tänker skicka till en ganska viktig tjänsteman imorgon från min mobil med android med gmail.  Hur kan jag få mailet till min telefon för att kunna skickas till min lärare från mobilen imorgon.  (Har mobilen på språng, men inte datorn.) Jag mailade mig själv så jag har mailet i min inkorg, men hur gör jag sedan.  Jag vet inte ens hur man kopierar texten från det mailet. Jag har testat att dubbeklicka texten, inget händer.",0.6122229
"Tja! Jag skrev idag ett ganska viktigt brev på datorn som jag tänker skicka till en ganska viktig tjänsteman imorgon från min mobil med android med gmail.  Hur kan jag få mailet till min telefon för att kunna skickas till min lärare från mobilen imorgon.  (Har mobilen på språng, men inte datorn.) Jag mailade mig själv så jag har mailet i min inkorg, men hur gör jag sedan.  Jag vet inte ens hur man kopierar texten från det mailet. Jag har testat att dubbeklicka texten, inget händer.",0.7015177
"Tja! Jag skrev idag ett ganska viktigt brev på datorn som jag tänker skicka till en ganska viktig tjänsteman imorgon från min mobil med android med gmail.  Hur kan jag få mailet till min telefon för att kunna skickas till min lärare från mobilen imorgon.  (Har mobilen på språng, men inte datorn.) Jag mailade mig själv så jag har mailet i min inkorg, men hur gör jag sedan.  Jag vet inte ens hur man kopierar texten från det mailet. Jag har testat att dubbeklicka texten, inget händer.",0.23989789
"Tja! Jag skrev idag ett ganska viktigt brev på datorn som jag tänker skicka till en ganska viktig tjänsteman imorgon från min mobil med android med gmail.  Hur kan jag få mailet till min telefon för att kunna skickas till min lärare från mobilen imorgon.  (Har mobilen på språng, men inte datorn.) Jag mailade mig själv så jag har mailet i min inkorg, men hur gör jag sedan.  Jag vet inte ens hur man kopierar texten från det mailet. Jag har testat att dubbeklicka texten, inget händer.",0.5559323
"Tja! Jag skrev idag ett ganska viktigt brev på datorn som jag tänker skicka till en ganska viktig tjänsteman imorgon från min mobil med android med gmail.  Hur kan jag få mailet till min telefon för att kunna skickas till min lärare från mobilen imorgon.  (Har mobilen på språng, men inte datorn.) Jag mailade mig själv så jag har mailet i min inkorg, men hur gör jag sedan.  Jag vet inte ens hur man kopierar texten från det mailet. Jag har testat att dubbeklicka texten, inget händer.",0.13422343
"Tja! Jag skrev idag ett ganska viktigt brev på datorn som jag tänker skicka till en ganska viktig tjänsteman imorgon från min mobil med android med gmail.  Hur kan jag få mailet till min telefon för att kunna skickas till min lärare från mobilen imorgon.  (Har mobilen på språng, men inte datorn.) Jag mailade mig själv så jag har mailet i min inkorg, men hur gör jag sedan.  Jag vet inte ens hur man kopierar texten från det mailet. Jag har testat att dubbeklicka texten, inget händer.",0.48452044
"Tja! Jag skrev idag ett ganska viktigt brev på datorn som jag tänker skicka till en ganska viktig tjänsteman imorgon från min mobil med android med gmail.  Hur kan jag få mailet till min telefon för att kunna skickas till min lärare från mobilen imorgon.  (Har mobilen på språng, men inte datorn.) Jag mailade mig själv så jag har mailet i min inkorg, men hur gör jag sedan.  Jag vet inte ens hur man kopierar texten från det mailet. Jag har testat att dubbeklicka texten, inget händer.",0.21324718
"Har beställt lite saker till min bil ifrån USA. Har betalt via paypal och fick ett mail ifrån USPS där det står såhär sedan den 16:e Class: Priority Mail International Parcels Service(s): International Parcels Status: Electronic Shipping Info Received The U.S. Postal Service was electronically notified by the shipper on September 17, 2009 to expect your package for mailing. This does not indicate receipt by the USPS or the actual mailing date. Delivery status information will be provided if / when available. Information, if available, is updated periodically throughout the day. Please check again later.  kan inte se vad som hänt, får inget svar ifrån USPS via mail, kan det ta lång tid innan man får sina saker??? ///G",0.31213582
"Träffade en tjej under ett par månader och i cirka 4 månader efter det så har vi träffats flera gånger i veckan och gjort saker m.m. Sen för en vecka sedan så bestämde hon sig för att göra slut med mig och anledningen var att hon inte hade några känslor för mig och aldrig hade haft.  Har varit helt knäckt och deprimerad i en vecka nu och vet inte vad jag ska ta mig till, hade hon gett mig en riktig anledning till varför kunde jag ha accepterat det men jag fattar verkligen inte varför hon gör slut med mig, hon säger att hon inte hade några känslor för mig och att hon inte kan tvinga fram dom. Visst det kan jag förstå men hon har tidigare sagt att hon älskar mig, hon har visat avundsjuka när andra tjejer har varit på mig, och har varit fast besluten om att hon vill ha mig för sig själv.  Tyckte allt gick bra tills någon vecka innan hon gjorde slut med mig då hon aldrig hörde av sig, och när jag tog kontakt med henne så fick jag bara korta svar och en massa bortförklaringar till varför hon inte kunde träffas. Är det bara jag som tycker detta är sjukt skumt att det kommer från ingenstans? Och jag kan inte släppa det då jag fortfarande älskar henne så otroligt mycket, har gråtit mig till sömn varenda natt sen dess och kan med lätthet säga att de har varit den värsta veckan i mitt liv.",0.6906838
"Träffade en tjej under ett par månader och i cirka 4 månader efter det så har vi träffats flera gånger i veckan och gjort saker m.m. Sen för en vecka sedan så bestämde hon sig för att göra slut med mig och anledningen var att hon inte hade några känslor för mig och aldrig hade haft.  Har varit helt knäckt och deprimerad i en vecka nu och vet inte vad jag ska ta mig till, hade hon gett mig en riktig anledning till varför kunde jag ha accepterat det men jag fattar verkligen inte varför hon gör slut med mig, hon säger att hon inte hade några känslor för mig och att hon inte kan tvinga fram dom. Visst det kan jag förstå men hon har tidigare sagt att hon älskar mig, hon har visat avundsjuka när andra tjejer har varit på mig, och har varit fast besluten om att hon vill ha mig för sig själv.  Tyckte allt gick bra tills någon vecka innan hon gjorde slut med mig då hon aldrig hörde av sig, och när jag tog kontakt med henne så fick jag bara korta svar och en massa bortförklaringar till varför hon inte kunde träffas. Är det bara jag som tycker detta är sjukt skumt att det kommer från ingenstans? Och jag kan inte släppa det då jag fortfarande älskar henne så otroligt mycket, har gråtit mig till sömn varenda natt sen dess och kan med lätthet säga att de har varit den värsta veckan i mitt liv.",0.6142162
"Träffade en tjej under ett par månader och i cirka 4 månader efter det så har vi träffats flera gånger i veckan och gjort saker m.m. Sen för en vecka sedan så bestämde hon sig för att göra slut med mig och anledningen var att hon inte hade några känslor för mig och aldrig hade haft.  Har varit helt knäckt och deprimerad i en vecka nu och vet inte vad jag ska ta mig till, hade hon gett mig en riktig anledning till varför kunde jag ha accepterat det men jag fattar verkligen inte varför hon gör slut med mig, hon säger att hon inte hade några känslor för mig och att hon inte kan tvinga fram dom. Visst det kan jag förstå men hon har tidigare sagt att hon älskar mig, hon har visat avundsjuka när andra tjejer har varit på mig, och har varit fast besluten om att hon vill ha mig för sig själv.  Tyckte allt gick bra tills någon vecka innan hon gjorde slut med mig då hon aldrig hörde av sig, och när jag tog kontakt med henne så fick jag bara korta svar och en massa bortförklaringar till varför hon inte kunde träffas. Är det bara jag som tycker detta är sjukt skumt att det kommer från ingenstans? Och jag kan inte släppa det då jag fortfarande älskar henne så otroligt mycket, har gråtit mig till sömn varenda natt sen dess och kan med lätthet säga att de har varit den värsta veckan i mitt liv.",0.59518325
"Träffade en tjej under ett par månader och i cirka 4 månader efter det så har vi träffats flera gånger i veckan och gjort saker m.m. Sen för en vecka sedan så bestämde hon sig för att göra slut med mig och anledningen var att hon inte hade några känslor för mig och aldrig hade haft.  Har varit helt knäckt och deprimerad i en vecka nu och vet inte vad jag ska ta mig till, hade hon gett mig en riktig anledning till varför kunde jag ha accepterat det men jag fattar verkligen inte varför hon gör slut med mig, hon säger att hon inte hade några känslor för mig och att hon inte kan tvinga fram dom. Visst det kan jag förstå men hon har tidigare sagt att hon älskar mig, hon har visat avundsjuka när andra tjejer har varit på mig, och har varit fast besluten om att hon vill ha mig för sig själv.  Tyckte allt gick bra tills någon vecka innan hon gjorde slut med mig då hon aldrig hörde av sig, och när jag tog kontakt med henne så fick jag bara korta svar och en massa bortförklaringar till varför hon inte kunde träffas. Är det bara jag som tycker detta är sjukt skumt att det kommer från ingenstans? Och jag kan inte släppa det då jag fortfarande älskar henne så otroligt mycket, har gråtit mig till sömn varenda natt sen dess och kan med lätthet säga att de har varit den värsta veckan i mitt liv.",0.6621001
"Träffade en tjej under ett par månader och i cirka 4 månader efter det så har vi träffats flera gånger i veckan och gjort saker m.m. Sen för en vecka sedan så bestämde hon sig för att göra slut med mig och anledningen var att hon inte hade några känslor för mig och aldrig hade haft.  Har varit helt knäckt och deprimerad i en vecka nu och vet inte vad jag ska ta mig till, hade hon gett mig en riktig anledning till varför kunde jag ha accepterat det men jag fattar verkligen inte varför hon gör slut med mig, hon säger att hon inte hade några känslor för mig och att hon inte kan tvinga fram dom. Visst det kan jag förstå men hon har tidigare sagt att hon älskar mig, hon har visat avundsjuka när andra tjejer har varit på mig, och har varit fast besluten om att hon vill ha mig för sig själv.  Tyckte allt gick bra tills någon vecka innan hon gjorde slut med mig då hon aldrig hörde av sig, och när jag tog kontakt med henne så fick jag bara korta svar och en massa bortförklaringar till varför hon inte kunde träffas. Är det bara jag som tycker detta är sjukt skumt att det kommer från ingenstans? Och jag kan inte släppa det då jag fortfarande älskar henne så otroligt mycket, har gråtit mig till sömn varenda natt sen dess och kan med lätthet säga att de har varit den värsta veckan i mitt liv.",0.5092537
"Träffade en tjej under ett par månader och i cirka 4 månader efter det så har vi träffats flera gånger i veckan och gjort saker m.m. Sen för en vecka sedan så bestämde hon sig för att göra slut med mig och anledningen var att hon inte hade några känslor för mig och aldrig hade haft.  Har varit helt knäckt och deprimerad i en vecka nu och vet inte vad jag ska ta mig till, hade hon gett mig en riktig anledning till varför kunde jag ha accepterat det men jag fattar verkligen inte varför hon gör slut med mig, hon säger att hon inte hade några känslor för mig och att hon inte kan tvinga fram dom. Visst det kan jag förstå men hon har tidigare sagt att hon älskar mig, hon har visat avundsjuka när andra tjejer har varit på mig, och har varit fast besluten om att hon vill ha mig för sig själv.  Tyckte allt gick bra tills någon vecka innan hon gjorde slut med mig då hon aldrig hörde av sig, och när jag tog kontakt med henne så fick jag bara korta svar och en massa bortförklaringar till varför hon inte kunde träffas. Är det bara jag som tycker detta är sjukt skumt att det kommer från ingenstans? Och jag kan inte släppa det då jag fortfarande älskar henne så otroligt mycket, har gråtit mig till sömn varenda natt sen dess och kan med lätthet säga att de har varit den värsta veckan i mitt liv.",0.31358936
"Träffade en tjej under ett par månader och i cirka 4 månader efter det så har vi träffats flera gånger i veckan och gjort saker m.m. Sen för en vecka sedan så bestämde hon sig för att göra slut med mig och anledningen var att hon inte hade några känslor för mig och aldrig hade haft.  Har varit helt knäckt och deprimerad i en vecka nu och vet inte vad jag ska ta mig till, hade hon gett mig en riktig anledning till varför kunde jag ha accepterat det men jag fattar verkligen inte varför hon gör slut med mig, hon säger att hon inte hade några känslor för mig och att hon inte kan tvinga fram dom. Visst det kan jag förstå men hon har tidigare sagt att hon älskar mig, hon har visat avundsjuka när andra tjejer har varit på mig, och har varit fast besluten om att hon vill ha mig för sig själv.  Tyckte allt gick bra tills någon vecka innan hon gjorde slut med mig då hon aldrig hörde av sig, och när jag tog kontakt med henne så fick jag bara korta svar och en massa bortförklaringar till varför hon inte kunde träffas. Är det bara jag som tycker detta är sjukt skumt att det kommer från ingenstans? Och jag kan inte släppa det då jag fortfarande älskar henne så otroligt mycket, har gråtit mig till sömn varenda natt sen dess och kan med lätthet säga att de har varit den värsta veckan i mitt liv.",0.70145744
"Träffade en tjej under ett par månader och i cirka 4 månader efter det så har vi träffats flera gånger i veckan och gjort saker m.m. Sen för en vecka sedan så bestämde hon sig för att göra slut med mig och anledningen var att hon inte hade några känslor för mig och aldrig hade haft.  Har varit helt knäckt och deprimerad i en vecka nu och vet inte vad jag ska ta mig till, hade hon gett mig en riktig anledning till varför kunde jag ha accepterat det men jag fattar verkligen inte varför hon gör slut med mig, hon säger att hon inte hade några känslor för mig och att hon inte kan tvinga fram dom. Visst det kan jag förstå men hon har tidigare sagt att hon älskar mig, hon har visat avundsjuka när andra tjejer har varit på mig, och har varit fast besluten om att hon vill ha mig för sig själv.  Tyckte allt gick bra tills någon vecka innan hon gjorde slut med mig då hon aldrig hörde av sig, och när jag tog kontakt med henne så fick jag bara korta svar och en massa bortförklaringar till varför hon inte kunde träffas. Är det bara jag som tycker detta är sjukt skumt att det kommer från ingenstans? Och jag kan inte släppa det då jag fortfarande älskar henne så otroligt mycket, har gråtit mig till sömn varenda natt sen dess och kan med lätthet säga att de har varit den värsta veckan i mitt liv.",0.40451247
"Träffade en tjej under ett par månader och i cirka 4 månader efter det så har vi träffats flera gånger i veckan och gjort saker m.m. Sen för en vecka sedan så bestämde hon sig för att göra slut med mig och anledningen var att hon inte hade några känslor för mig och aldrig hade haft.  Har varit helt knäckt och deprimerad i en vecka nu och vet inte vad jag ska ta mig till, hade hon gett mig en riktig anledning till varför kunde jag ha accepterat det men jag fattar verkligen inte varför hon gör slut med mig, hon säger att hon inte hade några känslor för mig och att hon inte kan tvinga fram dom. Visst det kan jag förstå men hon har tidigare sagt att hon älskar mig, hon har visat avundsjuka när andra tjejer har varit på mig, och har varit fast besluten om att hon vill ha mig för sig själv.  Tyckte allt gick bra tills någon vecka innan hon gjorde slut med mig då hon aldrig hörde av sig, och när jag tog kontakt med henne så fick jag bara korta svar och en massa bortförklaringar till varför hon inte kunde träffas. Är det bara jag som tycker detta är sjukt skumt att det kommer från ingenstans? Och jag kan inte släppa det då jag fortfarande älskar henne så otroligt mycket, har gråtit mig till sömn varenda natt sen dess och kan med lätthet säga att de har varit den värsta veckan i mitt liv.",0.23448294
"Träffade en tjej under ett par månader och i cirka 4 månader efter det så har vi träffats flera gånger i veckan och gjort saker m.m. Sen för en vecka sedan så bestämde hon sig för att göra slut med mig och anledningen var att hon inte hade några känslor för mig och aldrig hade haft.  Har varit helt knäckt och deprimerad i en vecka nu och vet inte vad jag ska ta mig till, hade hon gett mig en riktig anledning till varför kunde jag ha accepterat det men jag fattar verkligen inte varför hon gör slut med mig, hon säger att hon inte hade några känslor för mig och att hon inte kan tvinga fram dom. Visst det kan jag förstå men hon har tidigare sagt att hon älskar mig, hon har visat avundsjuka när andra tjejer har varit på mig, och har varit fast besluten om att hon vill ha mig för sig själv.  Tyckte allt gick bra tills någon vecka innan hon gjorde slut med mig då hon aldrig hörde av sig, och när jag tog kontakt med henne så fick jag bara korta svar och en massa bortförklaringar till varför hon inte kunde träffas. Är det bara jag som tycker detta är sjukt skumt att det kommer från ingenstans? Och jag kan inte släppa det då jag fortfarande älskar henne så otroligt mycket, har gråtit mig till sömn varenda natt sen dess och kan med lätthet säga att de har varit den värsta veckan i mitt liv.",0.56895417
"Träffade en tjej under ett par månader och i cirka 4 månader efter det så har vi träffats flera gånger i veckan och gjort saker m.m. Sen för en vecka sedan så bestämde hon sig för att göra slut med mig och anledningen var att hon inte hade några känslor för mig och aldrig hade haft.  Har varit helt knäckt och deprimerad i en vecka nu och vet inte vad jag ska ta mig till, hade hon gett mig en riktig anledning till varför kunde jag ha accepterat det men jag fattar verkligen inte varför hon gör slut med mig, hon säger att hon inte hade några känslor för mig och att hon inte kan tvinga fram dom. Visst det kan jag förstå men hon har tidigare sagt att hon älskar mig, hon har visat avundsjuka när andra tjejer har varit på mig, och har varit fast besluten om att hon vill ha mig för sig själv.  Tyckte allt gick bra tills någon vecka innan hon gjorde slut med mig då hon aldrig hörde av sig, och när jag tog kontakt med henne så fick jag bara korta svar och en massa bortförklaringar till varför hon inte kunde träffas. Är det bara jag som tycker detta är sjukt skumt att det kommer från ingenstans? Och jag kan inte släppa det då jag fortfarande älskar henne så otroligt mycket, har gråtit mig till sömn varenda natt sen dess och kan med lätthet säga att de har varit den värsta veckan i mitt liv.",0.6272043
"Träffade en tjej under ett par månader och i cirka 4 månader efter det så har vi träffats flera gånger i veckan och gjort saker m.m. Sen för en vecka sedan så bestämde hon sig för att göra slut med mig och anledningen var att hon inte hade några känslor för mig och aldrig hade haft.  Har varit helt knäckt och deprimerad i en vecka nu och vet inte vad jag ska ta mig till, hade hon gett mig en riktig anledning till varför kunde jag ha accepterat det men jag fattar verkligen inte varför hon gör slut med mig, hon säger att hon inte hade några känslor för mig och att hon inte kan tvinga fram dom. Visst det kan jag förstå men hon har tidigare sagt att hon älskar mig, hon har visat avundsjuka när andra tjejer har varit på mig, och har varit fast besluten om att hon vill ha mig för sig själv.  Tyckte allt gick bra tills någon vecka innan hon gjorde slut med mig då hon aldrig hörde av sig, och när jag tog kontakt med henne så fick jag bara korta svar och en massa bortförklaringar till varför hon inte kunde träffas. Är det bara jag som tycker detta är sjukt skumt att det kommer från ingenstans? Och jag kan inte släppa det då jag fortfarande älskar henne så otroligt mycket, har gråtit mig till sömn varenda natt sen dess och kan med lätthet säga att de har varit den värsta veckan i mitt liv.",0.39477456
"Träffade en tjej under ett par månader och i cirka 4 månader efter det så har vi träffats flera gånger i veckan och gjort saker m.m. Sen för en vecka sedan så bestämde hon sig för att göra slut med mig och anledningen var att hon inte hade några känslor för mig och aldrig hade haft.  Har varit helt knäckt och deprimerad i en vecka nu och vet inte vad jag ska ta mig till, hade hon gett mig en riktig anledning till varför kunde jag ha accepterat det men jag fattar verkligen inte varför hon gör slut med mig, hon säger att hon inte hade några känslor för mig och att hon inte kan tvinga fram dom. Visst det kan jag förstå men hon har tidigare sagt att hon älskar mig, hon har visat avundsjuka när andra tjejer har varit på mig, och har varit fast besluten om att hon vill ha mig för sig själv.  Tyckte allt gick bra tills någon vecka innan hon gjorde slut med mig då hon aldrig hörde av sig, och när jag tog kontakt med henne så fick jag bara korta svar och en massa bortförklaringar till varför hon inte kunde träffas. Är det bara jag som tycker detta är sjukt skumt att det kommer från ingenstans? Och jag kan inte släppa det då jag fortfarande älskar henne så otroligt mycket, har gråtit mig till sömn varenda natt sen dess och kan med lätthet säga att de har varit den värsta veckan i mitt liv.",0.59527975
"Träffade en tjej under ett par månader och i cirka 4 månader efter det så har vi träffats flera gånger i veckan och gjort saker m.m. Sen för en vecka sedan så bestämde hon sig för att göra slut med mig och anledningen var att hon inte hade några känslor för mig och aldrig hade haft.  Har varit helt knäckt och deprimerad i en vecka nu och vet inte vad jag ska ta mig till, hade hon gett mig en riktig anledning till varför kunde jag ha accepterat det men jag fattar verkligen inte varför hon gör slut med mig, hon säger att hon inte hade några känslor för mig och att hon inte kan tvinga fram dom. Visst det kan jag förstå men hon har tidigare sagt att hon älskar mig, hon har visat avundsjuka när andra tjejer har varit på mig, och har varit fast besluten om att hon vill ha mig för sig själv.  Tyckte allt gick bra tills någon vecka innan hon gjorde slut med mig då hon aldrig hörde av sig, och när jag tog kontakt med henne så fick jag bara korta svar och en massa bortförklaringar till varför hon inte kunde träffas. Är det bara jag som tycker detta är sjukt skumt att det kommer från ingenstans? Och jag kan inte släppa det då jag fortfarande älskar henne så otroligt mycket, har gråtit mig till sömn varenda natt sen dess och kan med lätthet säga att de har varit den värsta veckan i mitt liv.",0.41422123
"Träffade en tjej under ett par månader och i cirka 4 månader efter det så har vi träffats flera gånger i veckan och gjort saker m.m. Sen för en vecka sedan så bestämde hon sig för att göra slut med mig och anledningen var att hon inte hade några känslor för mig och aldrig hade haft.  Har varit helt knäckt och deprimerad i en vecka nu och vet inte vad jag ska ta mig till, hade hon gett mig en riktig anledning till varför kunde jag ha accepterat det men jag fattar verkligen inte varför hon gör slut med mig, hon säger att hon inte hade några känslor för mig och att hon inte kan tvinga fram dom. Visst det kan jag förstå men hon har tidigare sagt att hon älskar mig, hon har visat avundsjuka när andra tjejer har varit på mig, och har varit fast besluten om att hon vill ha mig för sig själv.  Tyckte allt gick bra tills någon vecka innan hon gjorde slut med mig då hon aldrig hörde av sig, och när jag tog kontakt med henne så fick jag bara korta svar och en massa bortförklaringar till varför hon inte kunde träffas. Är det bara jag som tycker detta är sjukt skumt att det kommer från ingenstans? Och jag kan inte släppa det då jag fortfarande älskar henne så otroligt mycket, har gråtit mig till sömn varenda natt sen dess och kan med lätthet säga att de har varit den värsta veckan i mitt liv.",0.46970102
"Träffade en tjej under ett par månader och i cirka 4 månader efter det så har vi träffats flera gånger i veckan och gjort saker m.m. Sen för en vecka sedan så bestämde hon sig för att göra slut med mig och anledningen var att hon inte hade några känslor för mig och aldrig hade haft.  Har varit helt knäckt och deprimerad i en vecka nu och vet inte vad jag ska ta mig till, hade hon gett mig en riktig anledning till varför kunde jag ha accepterat det men jag fattar verkligen inte varför hon gör slut med mig, hon säger att hon inte hade några känslor för mig och att hon inte kan tvinga fram dom. Visst det kan jag förstå men hon har tidigare sagt att hon älskar mig, hon har visat avundsjuka när andra tjejer har varit på mig, och har varit fast besluten om att hon vill ha mig för sig själv.  Tyckte allt gick bra tills någon vecka innan hon gjorde slut med mig då hon aldrig hörde av sig, och när jag tog kontakt med henne så fick jag bara korta svar och en massa bortförklaringar till varför hon inte kunde träffas. Är det bara jag som tycker detta är sjukt skumt att det kommer från ingenstans? Och jag kan inte släppa det då jag fortfarande älskar henne så otroligt mycket, har gråtit mig till sömn varenda natt sen dess och kan med lätthet säga att de har varit den värsta veckan i mitt liv.",0.4908842
"Träffade en tjej under ett par månader och i cirka 4 månader efter det så har vi träffats flera gånger i veckan och gjort saker m.m. Sen för en vecka sedan så bestämde hon sig för att göra slut med mig och anledningen var att hon inte hade några känslor för mig och aldrig hade haft.  Har varit helt knäckt och deprimerad i en vecka nu och vet inte vad jag ska ta mig till, hade hon gett mig en riktig anledning till varför kunde jag ha accepterat det men jag fattar verkligen inte varför hon gör slut med mig, hon säger att hon inte hade några känslor för mig och att hon inte kan tvinga fram dom. Visst det kan jag förstå men hon har tidigare sagt att hon älskar mig, hon har visat avundsjuka när andra tjejer har varit på mig, och har varit fast besluten om att hon vill ha mig för sig själv.  Tyckte allt gick bra tills någon vecka innan hon gjorde slut med mig då hon aldrig hörde av sig, och när jag tog kontakt med henne så fick jag bara korta svar och en massa bortförklaringar till varför hon inte kunde träffas. Är det bara jag som tycker detta är sjukt skumt att det kommer från ingenstans? Och jag kan inte släppa det då jag fortfarande älskar henne så otroligt mycket, har gråtit mig till sömn varenda natt sen dess och kan med lätthet säga att de har varit den värsta veckan i mitt liv.",0.42253834
"Träffade en tjej under ett par månader och i cirka 4 månader efter det så har vi träffats flera gånger i veckan och gjort saker m.m. Sen för en vecka sedan så bestämde hon sig för att göra slut med mig och anledningen var att hon inte hade några känslor för mig och aldrig hade haft.  Har varit helt knäckt och deprimerad i en vecka nu och vet inte vad jag ska ta mig till, hade hon gett mig en riktig anledning till varför kunde jag ha accepterat det men jag fattar verkligen inte varför hon gör slut med mig, hon säger att hon inte hade några känslor för mig och att hon inte kan tvinga fram dom. Visst det kan jag förstå men hon har tidigare sagt att hon älskar mig, hon har visat avundsjuka när andra tjejer har varit på mig, och har varit fast besluten om att hon vill ha mig för sig själv.  Tyckte allt gick bra tills någon vecka innan hon gjorde slut med mig då hon aldrig hörde av sig, och när jag tog kontakt med henne så fick jag bara korta svar och en massa bortförklaringar till varför hon inte kunde träffas. Är det bara jag som tycker detta är sjukt skumt att det kommer från ingenstans? Och jag kan inte släppa det då jag fortfarande älskar henne så otroligt mycket, har gråtit mig till sömn varenda natt sen dess och kan med lätthet säga att de har varit den värsta veckan i mitt liv.",0.7769575
"Träffade en tjej under ett par månader och i cirka 4 månader efter det så har vi träffats flera gånger i veckan och gjort saker m.m. Sen för en vecka sedan så bestämde hon sig för att göra slut med mig och anledningen var att hon inte hade några känslor för mig och aldrig hade haft.  Har varit helt knäckt och deprimerad i en vecka nu och vet inte vad jag ska ta mig till, hade hon gett mig en riktig anledning till varför kunde jag ha accepterat det men jag fattar verkligen inte varför hon gör slut med mig, hon säger att hon inte hade några känslor för mig och att hon inte kan tvinga fram dom. Visst det kan jag förstå men hon har tidigare sagt att hon älskar mig, hon har visat avundsjuka när andra tjejer har varit på mig, och har varit fast besluten om att hon vill ha mig för sig själv.  Tyckte allt gick bra tills någon vecka innan hon gjorde slut med mig då hon aldrig hörde av sig, och när jag tog kontakt med henne så fick jag bara korta svar och en massa bortförklaringar till varför hon inte kunde träffas. Är det bara jag som tycker detta är sjukt skumt att det kommer från ingenstans? Och jag kan inte släppa det då jag fortfarande älskar henne så otroligt mycket, har gråtit mig till sömn varenda natt sen dess och kan med lätthet säga att de har varit den värsta veckan i mitt liv.",0.5361214
"Träffade en tjej under ett par månader och i cirka 4 månader efter det så har vi träffats flera gånger i veckan och gjort saker m.m. Sen för en vecka sedan så bestämde hon sig för att göra slut med mig och anledningen var att hon inte hade några känslor för mig och aldrig hade haft.  Har varit helt knäckt och deprimerad i en vecka nu och vet inte vad jag ska ta mig till, hade hon gett mig en riktig anledning till varför kunde jag ha accepterat det men jag fattar verkligen inte varför hon gör slut med mig, hon säger att hon inte hade några känslor för mig och att hon inte kan tvinga fram dom. Visst det kan jag förstå men hon har tidigare sagt att hon älskar mig, hon har visat avundsjuka när andra tjejer har varit på mig, och har varit fast besluten om att hon vill ha mig för sig själv.  Tyckte allt gick bra tills någon vecka innan hon gjorde slut med mig då hon aldrig hörde av sig, och när jag tog kontakt med henne så fick jag bara korta svar och en massa bortförklaringar till varför hon inte kunde träffas. Är det bara jag som tycker detta är sjukt skumt att det kommer från ingenstans? Och jag kan inte släppa det då jag fortfarande älskar henne så otroligt mycket, har gråtit mig till sömn varenda natt sen dess och kan med lätthet säga att de har varit den värsta veckan i mitt liv.",0.42117918
"Träffade en tjej under ett par månader och i cirka 4 månader efter det så har vi träffats flera gånger i veckan och gjort saker m.m. Sen för en vecka sedan så bestämde hon sig för att göra slut med mig och anledningen var att hon inte hade några känslor för mig och aldrig hade haft.  Har varit helt knäckt och deprimerad i en vecka nu och vet inte vad jag ska ta mig till, hade hon gett mig en riktig anledning till varför kunde jag ha accepterat det men jag fattar verkligen inte varför hon gör slut med mig, hon säger att hon inte hade några känslor för mig och att hon inte kan tvinga fram dom. Visst det kan jag förstå men hon har tidigare sagt att hon älskar mig, hon har visat avundsjuka när andra tjejer har varit på mig, och har varit fast besluten om att hon vill ha mig för sig själv.  Tyckte allt gick bra tills någon vecka innan hon gjorde slut med mig då hon aldrig hörde av sig, och när jag tog kontakt med henne så fick jag bara korta svar och en massa bortförklaringar till varför hon inte kunde träffas. Är det bara jag som tycker detta är sjukt skumt att det kommer från ingenstans? Och jag kan inte släppa det då jag fortfarande älskar henne så otroligt mycket, har gråtit mig till sömn varenda natt sen dess och kan med lätthet säga att de har varit den värsta veckan i mitt liv.",0.2923264
"Träffade en tjej under ett par månader och i cirka 4 månader efter det så har vi träffats flera gånger i veckan och gjort saker m.m. Sen för en vecka sedan så bestämde hon sig för att göra slut med mig och anledningen var att hon inte hade några känslor för mig och aldrig hade haft.  Har varit helt knäckt och deprimerad i en vecka nu och vet inte vad jag ska ta mig till, hade hon gett mig en riktig anledning till varför kunde jag ha accepterat det men jag fattar verkligen inte varför hon gör slut med mig, hon säger att hon inte hade några känslor för mig och att hon inte kan tvinga fram dom. Visst det kan jag förstå men hon har tidigare sagt att hon älskar mig, hon har visat avundsjuka när andra tjejer har varit på mig, och har varit fast besluten om att hon vill ha mig för sig själv.  Tyckte allt gick bra tills någon vecka innan hon gjorde slut med mig då hon aldrig hörde av sig, och när jag tog kontakt med henne så fick jag bara korta svar och en massa bortförklaringar till varför hon inte kunde träffas. Är det bara jag som tycker detta är sjukt skumt att det kommer från ingenstans? Och jag kan inte släppa det då jag fortfarande älskar henne så otroligt mycket, har gråtit mig till sömn varenda natt sen dess och kan med lätthet säga att de har varit den värsta veckan i mitt liv.",0.3817053
"Träffade en tjej under ett par månader och i cirka 4 månader efter det så har vi träffats flera gånger i veckan och gjort saker m.m. Sen för en vecka sedan så bestämde hon sig för att göra slut med mig och anledningen var att hon inte hade några känslor för mig och aldrig hade haft.  Har varit helt knäckt och deprimerad i en vecka nu och vet inte vad jag ska ta mig till, hade hon gett mig en riktig anledning till varför kunde jag ha accepterat det men jag fattar verkligen inte varför hon gör slut med mig, hon säger att hon inte hade några känslor för mig och att hon inte kan tvinga fram dom. Visst det kan jag förstå men hon har tidigare sagt att hon älskar mig, hon har visat avundsjuka när andra tjejer har varit på mig, och har varit fast besluten om att hon vill ha mig för sig själv.  Tyckte allt gick bra tills någon vecka innan hon gjorde slut med mig då hon aldrig hörde av sig, och när jag tog kontakt med henne så fick jag bara korta svar och en massa bortförklaringar till varför hon inte kunde träffas. Är det bara jag som tycker detta är sjukt skumt att det kommer från ingenstans? Och jag kan inte släppa det då jag fortfarande älskar henne så otroligt mycket, har gråtit mig till sömn varenda natt sen dess och kan med lätthet säga att de har varit den värsta veckan i mitt liv.",0.42114827
"Träffade en tjej under ett par månader och i cirka 4 månader efter det så har vi träffats flera gånger i veckan och gjort saker m.m. Sen för en vecka sedan så bestämde hon sig för att göra slut med mig och anledningen var att hon inte hade några känslor för mig och aldrig hade haft.  Har varit helt knäckt och deprimerad i en vecka nu och vet inte vad jag ska ta mig till, hade hon gett mig en riktig anledning till varför kunde jag ha accepterat det men jag fattar verkligen inte varför hon gör slut med mig, hon säger att hon inte hade några känslor för mig och att hon inte kan tvinga fram dom. Visst det kan jag förstå men hon har tidigare sagt att hon älskar mig, hon har visat avundsjuka när andra tjejer har varit på mig, och har varit fast besluten om att hon vill ha mig för sig själv.  Tyckte allt gick bra tills någon vecka innan hon gjorde slut med mig då hon aldrig hörde av sig, och när jag tog kontakt med henne så fick jag bara korta svar och en massa bortförklaringar till varför hon inte kunde träffas. Är det bara jag som tycker detta är sjukt skumt att det kommer från ingenstans? Och jag kan inte släppa det då jag fortfarande älskar henne så otroligt mycket, har gråtit mig till sömn varenda natt sen dess och kan med lätthet säga att de har varit den värsta veckan i mitt liv.",0.4615668
"Träffade en tjej under ett par månader och i cirka 4 månader efter det så har vi träffats flera gånger i veckan och gjort saker m.m. Sen för en vecka sedan så bestämde hon sig för att göra slut med mig och anledningen var att hon inte hade några känslor för mig och aldrig hade haft.  Har varit helt knäckt och deprimerad i en vecka nu och vet inte vad jag ska ta mig till, hade hon gett mig en riktig anledning till varför kunde jag ha accepterat det men jag fattar verkligen inte varför hon gör slut med mig, hon säger att hon inte hade några känslor för mig och att hon inte kan tvinga fram dom. Visst det kan jag förstå men hon har tidigare sagt att hon älskar mig, hon har visat avundsjuka när andra tjejer har varit på mig, och har varit fast besluten om att hon vill ha mig för sig själv.  Tyckte allt gick bra tills någon vecka innan hon gjorde slut med mig då hon aldrig hörde av sig, och när jag tog kontakt med henne så fick jag bara korta svar och en massa bortförklaringar till varför hon inte kunde träffas. Är det bara jag som tycker detta är sjukt skumt att det kommer från ingenstans? Och jag kan inte släppa det då jag fortfarande älskar henne så otroligt mycket, har gråtit mig till sömn varenda natt sen dess och kan med lätthet säga att de har varit den värsta veckan i mitt liv.",0.6562467
"Träffade en tjej under ett par månader och i cirka 4 månader efter det så har vi träffats flera gånger i veckan och gjort saker m.m. Sen för en vecka sedan så bestämde hon sig för att göra slut med mig och anledningen var att hon inte hade några känslor för mig och aldrig hade haft.  Har varit helt knäckt och deprimerad i en vecka nu och vet inte vad jag ska ta mig till, hade hon gett mig en riktig anledning till varför kunde jag ha accepterat det men jag fattar verkligen inte varför hon gör slut med mig, hon säger att hon inte hade några känslor för mig och att hon inte kan tvinga fram dom. Visst det kan jag förstå men hon har tidigare sagt att hon älskar mig, hon har visat avundsjuka när andra tjejer har varit på mig, och har varit fast besluten om att hon vill ha mig för sig själv.  Tyckte allt gick bra tills någon vecka innan hon gjorde slut med mig då hon aldrig hörde av sig, och när jag tog kontakt med henne så fick jag bara korta svar och en massa bortförklaringar till varför hon inte kunde träffas. Är det bara jag som tycker detta är sjukt skumt att det kommer från ingenstans? Och jag kan inte släppa det då jag fortfarande älskar henne så otroligt mycket, har gråtit mig till sömn varenda natt sen dess och kan med lätthet säga att de har varit den värsta veckan i mitt liv.",0.3684555
"Träffade en tjej under ett par månader och i cirka 4 månader efter det så har vi träffats flera gånger i veckan och gjort saker m.m. Sen för en vecka sedan så bestämde hon sig för att göra slut med mig och anledningen var att hon inte hade några känslor för mig och aldrig hade haft.  Har varit helt knäckt och deprimerad i en vecka nu och vet inte vad jag ska ta mig till, hade hon gett mig en riktig anledning till varför kunde jag ha accepterat det men jag fattar verkligen inte varför hon gör slut med mig, hon säger att hon inte hade några känslor för mig och att hon inte kan tvinga fram dom. Visst det kan jag förstå men hon har tidigare sagt att hon älskar mig, hon har visat avundsjuka när andra tjejer har varit på mig, och har varit fast besluten om att hon vill ha mig för sig själv.  Tyckte allt gick bra tills någon vecka innan hon gjorde slut med mig då hon aldrig hörde av sig, och när jag tog kontakt med henne så fick jag bara korta svar och en massa bortförklaringar till varför hon inte kunde träffas. Är det bara jag som tycker detta är sjukt skumt att det kommer från ingenstans? Och jag kan inte släppa det då jag fortfarande älskar henne så otroligt mycket, har gråtit mig till sömn varenda natt sen dess och kan med lätthet säga att de har varit den värsta veckan i mitt liv.",0.43813393
"Träffade en tjej under ett par månader och i cirka 4 månader efter det så har vi träffats flera gånger i veckan och gjort saker m.m. Sen för en vecka sedan så bestämde hon sig för att göra slut med mig och anledningen var att hon inte hade några känslor för mig och aldrig hade haft.  Har varit helt knäckt och deprimerad i en vecka nu och vet inte vad jag ska ta mig till, hade hon gett mig en riktig anledning till varför kunde jag ha accepterat det men jag fattar verkligen inte varför hon gör slut med mig, hon säger att hon inte hade några känslor för mig och att hon inte kan tvinga fram dom. Visst det kan jag förstå men hon har tidigare sagt att hon älskar mig, hon har visat avundsjuka när andra tjejer har varit på mig, och har varit fast besluten om att hon vill ha mig för sig själv.  Tyckte allt gick bra tills någon vecka innan hon gjorde slut med mig då hon aldrig hörde av sig, och när jag tog kontakt med henne så fick jag bara korta svar och en massa bortförklaringar till varför hon inte kunde träffas. Är det bara jag som tycker detta är sjukt skumt att det kommer från ingenstans? Och jag kan inte släppa det då jag fortfarande älskar henne så otroligt mycket, har gråtit mig till sömn varenda natt sen dess och kan med lätthet säga att de har varit den värsta veckan i mitt liv.",0.47296947
"Träffade en tjej under ett par månader och i cirka 4 månader efter det så har vi träffats flera gånger i veckan och gjort saker m.m. Sen för en vecka sedan så bestämde hon sig för att göra slut med mig och anledningen var att hon inte hade några känslor för mig och aldrig hade haft.  Har varit helt knäckt och deprimerad i en vecka nu och vet inte vad jag ska ta mig till, hade hon gett mig en riktig anledning till varför kunde jag ha accepterat det men jag fattar verkligen inte varför hon gör slut med mig, hon säger att hon inte hade några känslor för mig och att hon inte kan tvinga fram dom. Visst det kan jag förstå men hon har tidigare sagt att hon älskar mig, hon har visat avundsjuka när andra tjejer har varit på mig, och har varit fast besluten om att hon vill ha mig för sig själv.  Tyckte allt gick bra tills någon vecka innan hon gjorde slut med mig då hon aldrig hörde av sig, och när jag tog kontakt med henne så fick jag bara korta svar och en massa bortförklaringar till varför hon inte kunde träffas. Är det bara jag som tycker detta är sjukt skumt att det kommer från ingenstans? Och jag kan inte släppa det då jag fortfarande älskar henne så otroligt mycket, har gråtit mig till sömn varenda natt sen dess och kan med lätthet säga att de har varit den värsta veckan i mitt liv.",0.42743456
"Träffade en tjej under ett par månader och i cirka 4 månader efter det så har vi träffats flera gånger i veckan och gjort saker m.m. Sen för en vecka sedan så bestämde hon sig för att göra slut med mig och anledningen var att hon inte hade några känslor för mig och aldrig hade haft.  Har varit helt knäckt och deprimerad i en vecka nu och vet inte vad jag ska ta mig till, hade hon gett mig en riktig anledning till varför kunde jag ha accepterat det men jag fattar verkligen inte varför hon gör slut med mig, hon säger att hon inte hade några känslor för mig och att hon inte kan tvinga fram dom. Visst det kan jag förstå men hon har tidigare sagt att hon älskar mig, hon har visat avundsjuka när andra tjejer har varit på mig, och har varit fast besluten om att hon vill ha mig för sig själv.  Tyckte allt gick bra tills någon vecka innan hon gjorde slut med mig då hon aldrig hörde av sig, och när jag tog kontakt med henne så fick jag bara korta svar och en massa bortförklaringar till varför hon inte kunde träffas. Är det bara jag som tycker detta är sjukt skumt att det kommer från ingenstans? Och jag kan inte släppa det då jag fortfarande älskar henne så otroligt mycket, har gråtit mig till sömn varenda natt sen dess och kan med lätthet säga att de har varit den värsta veckan i mitt liv.",0.35394004
"Ja vad säger ni? Om man kunde jobba som precis vad som helst som t.ex att runka, se på film - vad som helst, vad hade ni jobbar som? Jag hade nog jobbat med att slö sönder saker på olika sätt. Det är ett bra sätt att avstressa lite och till viss del så tränar man sig själv lite.",0.24667665
"Ja vad säger ni? Om man kunde jobba som precis vad som helst som t.ex att runka, se på film - vad som helst, vad hade ni jobbar som? Jag hade nog jobbat med att slö sönder saker på olika sätt. Det är ett bra sätt att avstressa lite och till viss del så tränar man sig själv lite.",0.3906956
"Ja vad säger ni? Om man kunde jobba som precis vad som helst som t.ex att runka, se på film - vad som helst, vad hade ni jobbar som? Jag hade nog jobbat med att slö sönder saker på olika sätt. Det är ett bra sätt att avstressa lite och till viss del så tränar man sig själv lite.",0.15099284
"Ja vad säger ni? Om man kunde jobba som precis vad som helst som t.ex att runka, se på film - vad som helst, vad hade ni jobbar som? Jag hade nog jobbat med att slö sönder saker på olika sätt. Det är ett bra sätt att avstressa lite och till viss del så tränar man sig själv lite.",0.048954993
"Ja vad säger ni? Om man kunde jobba som precis vad som helst som t.ex att runka, se på film - vad som helst, vad hade ni jobbar som? Jag hade nog jobbat med att slö sönder saker på olika sätt. Det är ett bra sätt att avstressa lite och till viss del så tränar man sig själv lite.",0.33012754
"Ja vad säger ni? Om man kunde jobba som precis vad som helst som t.ex att runka, se på film - vad som helst, vad hade ni jobbar som? Jag hade nog jobbat med att slö sönder saker på olika sätt. Det är ett bra sätt att avstressa lite och till viss del så tränar man sig själv lite.",0.092283115
"Ja vad säger ni? Om man kunde jobba som precis vad som helst som t.ex att runka, se på film - vad som helst, vad hade ni jobbar som? Jag hade nog jobbat med att slö sönder saker på olika sätt. Det är ett bra sätt att avstressa lite och till viss del så tränar man sig själv lite.",0.26166216
"Ja vad säger ni? Om man kunde jobba som precis vad som helst som t.ex att runka, se på film - vad som helst, vad hade ni jobbar som? Jag hade nog jobbat med att slö sönder saker på olika sätt. Det är ett bra sätt att avstressa lite och till viss del så tränar man sig själv lite.",0.39955223
"Ja vad säger ni? Om man kunde jobba som precis vad som helst som t.ex att runka, se på film - vad som helst, vad hade ni jobbar som? Jag hade nog jobbat med att slö sönder saker på olika sätt. Det är ett bra sätt att avstressa lite och till viss del så tränar man sig själv lite.",0.11076127
"Ja vad säger ni? Om man kunde jobba som precis vad som helst som t.ex att runka, se på film - vad som helst, vad hade ni jobbar som? Jag hade nog jobbat med att slö sönder saker på olika sätt. Det är ett bra sätt att avstressa lite och till viss del så tränar man sig själv lite.",0.5338156
"Ja vad säger ni? Om man kunde jobba som precis vad som helst som t.ex att runka, se på film - vad som helst, vad hade ni jobbar som? Jag hade nog jobbat med att slö sönder saker på olika sätt. Det är ett bra sätt att avstressa lite och till viss del så tränar man sig själv lite.",0.03195765
"Ja vad säger ni? Om man kunde jobba som precis vad som helst som t.ex att runka, se på film - vad som helst, vad hade ni jobbar som? Jag hade nog jobbat med att slö sönder saker på olika sätt. Det är ett bra sätt att avstressa lite och till viss del så tränar man sig själv lite.",0.41320577
"Ja vad säger ni? Om man kunde jobba som precis vad som helst som t.ex att runka, se på film - vad som helst, vad hade ni jobbar som? Jag hade nog jobbat med att slö sönder saker på olika sätt. Det är ett bra sätt att avstressa lite och till viss del så tränar man sig själv lite.",0.67186797
"Ja vad säger ni? Om man kunde jobba som precis vad som helst som t.ex att runka, se på film - vad som helst, vad hade ni jobbar som? Jag hade nog jobbat med att slö sönder saker på olika sätt. Det är ett bra sätt att avstressa lite och till viss del så tränar man sig själv lite.",0.090911746
"Ja vad säger ni? Om man kunde jobba som precis vad som helst som t.ex att runka, se på film - vad som helst, vad hade ni jobbar som? Jag hade nog jobbat med att slö sönder saker på olika sätt. Det är ett bra sätt att avstressa lite och till viss del så tränar man sig själv lite.",0.244012
"Ja vad säger ni? Om man kunde jobba som precis vad som helst som t.ex att runka, se på film - vad som helst, vad hade ni jobbar som? Jag hade nog jobbat med att slö sönder saker på olika sätt. Det är ett bra sätt att avstressa lite och till viss del så tränar man sig själv lite.",0.51220644
"Ja vad säger ni? Om man kunde jobba som precis vad som helst som t.ex att runka, se på film - vad som helst, vad hade ni jobbar som? Jag hade nog jobbat med att slö sönder saker på olika sätt. Det är ett bra sätt att avstressa lite och till viss del så tränar man sig själv lite.",0.39216158
"Ja vad säger ni? Om man kunde jobba som precis vad som helst som t.ex att runka, se på film - vad som helst, vad hade ni jobbar som? Jag hade nog jobbat med att slö sönder saker på olika sätt. Det är ett bra sätt att avstressa lite och till viss del så tränar man sig själv lite.",0.3452872
"Ja vad säger ni? Om man kunde jobba som precis vad som helst som t.ex att runka, se på film - vad som helst, vad hade ni jobbar som? Jag hade nog jobbat med att slö sönder saker på olika sätt. Det är ett bra sätt att avstressa lite och till viss del så tränar man sig själv lite.",0.48937178
"Ja vad säger ni? Om man kunde jobba som precis vad som helst som t.ex att runka, se på film - vad som helst, vad hade ni jobbar som? Jag hade nog jobbat med att slö sönder saker på olika sätt. Det är ett bra sätt att avstressa lite och till viss del så tränar man sig själv lite.",0.19053556
"Ja vad säger ni? Om man kunde jobba som precis vad som helst som t.ex att runka, se på film - vad som helst, vad hade ni jobbar som? Jag hade nog jobbat med att slö sönder saker på olika sätt. Det är ett bra sätt att avstressa lite och till viss del så tränar man sig själv lite.",0.2477836
"Ja vad säger ni? Om man kunde jobba som precis vad som helst som t.ex att runka, se på film - vad som helst, vad hade ni jobbar som? Jag hade nog jobbat med att slö sönder saker på olika sätt. Det är ett bra sätt att avstressa lite och till viss del så tränar man sig själv lite.",0.15023512
"Ja vad säger ni? Om man kunde jobba som precis vad som helst som t.ex att runka, se på film - vad som helst, vad hade ni jobbar som? Jag hade nog jobbat med att slö sönder saker på olika sätt. Det är ett bra sätt att avstressa lite och till viss del så tränar man sig själv lite.",0.2211998
"Ja vad säger ni? Om man kunde jobba som precis vad som helst som t.ex att runka, se på film - vad som helst, vad hade ni jobbar som? Jag hade nog jobbat med att slö sönder saker på olika sätt. Det är ett bra sätt att avstressa lite och till viss del så tränar man sig själv lite.",0.14263436
"Ja vad säger ni? Om man kunde jobba som precis vad som helst som t.ex att runka, se på film - vad som helst, vad hade ni jobbar som? Jag hade nog jobbat med att slö sönder saker på olika sätt. Det är ett bra sätt att avstressa lite och till viss del så tränar man sig själv lite.",0.337209
"Ja vad säger ni? Om man kunde jobba som precis vad som helst som t.ex att runka, se på film - vad som helst, vad hade ni jobbar som? Jag hade nog jobbat med att slö sönder saker på olika sätt. Det är ett bra sätt att avstressa lite och till viss del så tränar man sig själv lite.",0.14944994
"Ja vad säger ni? Om man kunde jobba som precis vad som helst som t.ex att runka, se på film - vad som helst, vad hade ni jobbar som? Jag hade nog jobbat med att slö sönder saker på olika sätt. Det är ett bra sätt att avstressa lite och till viss del så tränar man sig själv lite.",0.13542597
"Ja vad säger ni? Om man kunde jobba som precis vad som helst som t.ex att runka, se på film - vad som helst, vad hade ni jobbar som? Jag hade nog jobbat med att slö sönder saker på olika sätt. Det är ett bra sätt att avstressa lite och till viss del så tränar man sig själv lite.",0.11355406
"Ja vad säger ni? Om man kunde jobba som precis vad som helst som t.ex att runka, se på film - vad som helst, vad hade ni jobbar som? Jag hade nog jobbat med att slö sönder saker på olika sätt. Det är ett bra sätt att avstressa lite och till viss del så tränar man sig själv lite.",0.4541672
"Ja vad säger ni? Om man kunde jobba som precis vad som helst som t.ex att runka, se på film - vad som helst, vad hade ni jobbar som? Jag hade nog jobbat med att slö sönder saker på olika sätt. Det är ett bra sätt att avstressa lite och till viss del så tränar man sig själv lite.",0.22173345
"Intresserad av hur Er drog vardag ser ut.. Här kommer min.. Vardagar när jag jobbar kör jag ca 300mg kodein.  Tar oftast detta vid 10 tiden på jobbet efter fika och en macka. Sedan fyller jag på vid 15 tiden med 100mg till.  Tar en 10a Valium på kvällen för att kunna slappna av och sova. När jag vill flumma på så blir det ca 500mg kodein + lite valium.. Sedan skiter jag ca 1-2 gång i veckan efter jag tryck i mig 15 droppar laxeberal. Har hållt på i ca 1,5 år i stort sätt daglien, haft några uppehåll på några dagar, samt några längre på 1 -3 veckor.",0.67876405
"Intresserad av hur Er drog vardag ser ut.. Här kommer min.. Vardagar när jag jobbar kör jag ca 300mg kodein.  Tar oftast detta vid 10 tiden på jobbet efter fika och en macka. Sedan fyller jag på vid 15 tiden med 100mg till.  Tar en 10a Valium på kvällen för att kunna slappna av och sova. När jag vill flumma på så blir det ca 500mg kodein + lite valium.. Sedan skiter jag ca 1-2 gång i veckan efter jag tryck i mig 15 droppar laxeberal. Har hållt på i ca 1,5 år i stort sätt daglien, haft några uppehåll på några dagar, samt några längre på 1 -3 veckor.",0.60760057
"Intresserad av hur Er drog vardag ser ut.. Här kommer min.. Vardagar när jag jobbar kör jag ca 300mg kodein.  Tar oftast detta vid 10 tiden på jobbet efter fika och en macka. Sedan fyller jag på vid 15 tiden med 100mg till.  Tar en 10a Valium på kvällen för att kunna slappna av och sova. När jag vill flumma på så blir det ca 500mg kodein + lite valium.. Sedan skiter jag ca 1-2 gång i veckan efter jag tryck i mig 15 droppar laxeberal. Har hållt på i ca 1,5 år i stort sätt daglien, haft några uppehåll på några dagar, samt några längre på 1 -3 veckor.",0.41738194
"Intresserad av hur Er drog vardag ser ut.. Här kommer min.. Vardagar när jag jobbar kör jag ca 300mg kodein.  Tar oftast detta vid 10 tiden på jobbet efter fika och en macka. Sedan fyller jag på vid 15 tiden med 100mg till.  Tar en 10a Valium på kvällen för att kunna slappna av och sova. När jag vill flumma på så blir det ca 500mg kodein + lite valium.. Sedan skiter jag ca 1-2 gång i veckan efter jag tryck i mig 15 droppar laxeberal. Har hållt på i ca 1,5 år i stort sätt daglien, haft några uppehåll på några dagar, samt några längre på 1 -3 veckor.",0.63717675
"Intresserad av hur Er drog vardag ser ut.. Här kommer min.. Vardagar när jag jobbar kör jag ca 300mg kodein.  Tar oftast detta vid 10 tiden på jobbet efter fika och en macka. Sedan fyller jag på vid 15 tiden med 100mg till.  Tar en 10a Valium på kvällen för att kunna slappna av och sova. När jag vill flumma på så blir det ca 500mg kodein + lite valium.. Sedan skiter jag ca 1-2 gång i veckan efter jag tryck i mig 15 droppar laxeberal. Har hållt på i ca 1,5 år i stort sätt daglien, haft några uppehåll på några dagar, samt några längre på 1 -3 veckor.",0.6190652
"Intresserad av hur Er drog vardag ser ut.. Här kommer min.. Vardagar när jag jobbar kör jag ca 300mg kodein.  Tar oftast detta vid 10 tiden på jobbet efter fika och en macka. Sedan fyller jag på vid 15 tiden med 100mg till.  Tar en 10a Valium på kvällen för att kunna slappna av och sova. När jag vill flumma på så blir det ca 500mg kodein + lite valium.. Sedan skiter jag ca 1-2 gång i veckan efter jag tryck i mig 15 droppar laxeberal. Har hållt på i ca 1,5 år i stort sätt daglien, haft några uppehåll på några dagar, samt några längre på 1 -3 veckor.",0.19443935
"Intresserad av hur Er drog vardag ser ut.. Här kommer min.. Vardagar när jag jobbar kör jag ca 300mg kodein.  Tar oftast detta vid 10 tiden på jobbet efter fika och en macka. Sedan fyller jag på vid 15 tiden med 100mg till.  Tar en 10a Valium på kvällen för att kunna slappna av och sova. När jag vill flumma på så blir det ca 500mg kodein + lite valium.. Sedan skiter jag ca 1-2 gång i veckan efter jag tryck i mig 15 droppar laxeberal. Har hållt på i ca 1,5 år i stort sätt daglien, haft några uppehåll på några dagar, samt några längre på 1 -3 veckor.",0.27576652
"Intresserad av hur Er drog vardag ser ut.. Här kommer min.. Vardagar när jag jobbar kör jag ca 300mg kodein.  Tar oftast detta vid 10 tiden på jobbet efter fika och en macka. Sedan fyller jag på vid 15 tiden med 100mg till.  Tar en 10a Valium på kvällen för att kunna slappna av och sova. När jag vill flumma på så blir det ca 500mg kodein + lite valium.. Sedan skiter jag ca 1-2 gång i veckan efter jag tryck i mig 15 droppar laxeberal. Har hållt på i ca 1,5 år i stort sätt daglien, haft några uppehåll på några dagar, samt några längre på 1 -3 veckor.",0.73169553
"Intresserad av hur Er drog vardag ser ut.. Här kommer min.. Vardagar när jag jobbar kör jag ca 300mg kodein.  Tar oftast detta vid 10 tiden på jobbet efter fika och en macka. Sedan fyller jag på vid 15 tiden med 100mg till.  Tar en 10a Valium på kvällen för att kunna slappna av och sova. När jag vill flumma på så blir det ca 500mg kodein + lite valium.. Sedan skiter jag ca 1-2 gång i veckan efter jag tryck i mig 15 droppar laxeberal. Har hållt på i ca 1,5 år i stort sätt daglien, haft några uppehåll på några dagar, samt några längre på 1 -3 veckor.",0.5423681
"Intresserad av hur Er drog vardag ser ut.. Här kommer min.. Vardagar när jag jobbar kör jag ca 300mg kodein.  Tar oftast detta vid 10 tiden på jobbet efter fika och en macka. Sedan fyller jag på vid 15 tiden med 100mg till.  Tar en 10a Valium på kvällen för att kunna slappna av och sova. När jag vill flumma på så blir det ca 500mg kodein + lite valium.. Sedan skiter jag ca 1-2 gång i veckan efter jag tryck i mig 15 droppar laxeberal. Har hållt på i ca 1,5 år i stort sätt daglien, haft några uppehåll på några dagar, samt några längre på 1 -3 veckor.",0.59144604
"Intresserad av hur Er drog vardag ser ut.. Här kommer min.. Vardagar när jag jobbar kör jag ca 300mg kodein.  Tar oftast detta vid 10 tiden på jobbet efter fika och en macka. Sedan fyller jag på vid 15 tiden med 100mg till.  Tar en 10a Valium på kvällen för att kunna slappna av och sova. När jag vill flumma på så blir det ca 500mg kodein + lite valium.. Sedan skiter jag ca 1-2 gång i veckan efter jag tryck i mig 15 droppar laxeberal. Har hållt på i ca 1,5 år i stort sätt daglien, haft några uppehåll på några dagar, samt några längre på 1 -3 veckor.",0.69240725
"Intresserad av hur Er drog vardag ser ut.. Här kommer min.. Vardagar när jag jobbar kör jag ca 300mg kodein.  Tar oftast detta vid 10 tiden på jobbet efter fika och en macka. Sedan fyller jag på vid 15 tiden med 100mg till.  Tar en 10a Valium på kvällen för att kunna slappna av och sova. När jag vill flumma på så blir det ca 500mg kodein + lite valium.. Sedan skiter jag ca 1-2 gång i veckan efter jag tryck i mig 15 droppar laxeberal. Har hållt på i ca 1,5 år i stort sätt daglien, haft några uppehåll på några dagar, samt några längre på 1 -3 veckor.",0.54489815
"Intresserad av hur Er drog vardag ser ut.. Här kommer min.. Vardagar när jag jobbar kör jag ca 300mg kodein.  Tar oftast detta vid 10 tiden på jobbet efter fika och en macka. Sedan fyller jag på vid 15 tiden med 100mg till.  Tar en 10a Valium på kvällen för att kunna slappna av och sova. När jag vill flumma på så blir det ca 500mg kodein + lite valium.. Sedan skiter jag ca 1-2 gång i veckan efter jag tryck i mig 15 droppar laxeberal. Har hållt på i ca 1,5 år i stort sätt daglien, haft några uppehåll på några dagar, samt några längre på 1 -3 veckor.",0.63352776
"Intresserad av hur Er drog vardag ser ut.. Här kommer min.. Vardagar när jag jobbar kör jag ca 300mg kodein.  Tar oftast detta vid 10 tiden på jobbet efter fika och en macka. Sedan fyller jag på vid 15 tiden med 100mg till.  Tar en 10a Valium på kvällen för att kunna slappna av och sova. När jag vill flumma på så blir det ca 500mg kodein + lite valium.. Sedan skiter jag ca 1-2 gång i veckan efter jag tryck i mig 15 droppar laxeberal. Har hållt på i ca 1,5 år i stort sätt daglien, haft några uppehåll på några dagar, samt några längre på 1 -3 veckor.",0.65989316
"Intresserad av hur Er drog vardag ser ut.. Här kommer min.. Vardagar när jag jobbar kör jag ca 300mg kodein.  Tar oftast detta vid 10 tiden på jobbet efter fika och en macka. Sedan fyller jag på vid 15 tiden med 100mg till.  Tar en 10a Valium på kvällen för att kunna slappna av och sova. När jag vill flumma på så blir det ca 500mg kodein + lite valium.. Sedan skiter jag ca 1-2 gång i veckan efter jag tryck i mig 15 droppar laxeberal. Har hållt på i ca 1,5 år i stort sätt daglien, haft några uppehåll på några dagar, samt några längre på 1 -3 veckor.",0.56756395
"Intresserad av hur Er drog vardag ser ut.. Här kommer min.. Vardagar när jag jobbar kör jag ca 300mg kodein.  Tar oftast detta vid 10 tiden på jobbet efter fika och en macka. Sedan fyller jag på vid 15 tiden med 100mg till.  Tar en 10a Valium på kvällen för att kunna slappna av och sova. När jag vill flumma på så blir det ca 500mg kodein + lite valium.. Sedan skiter jag ca 1-2 gång i veckan efter jag tryck i mig 15 droppar laxeberal. Har hållt på i ca 1,5 år i stort sätt daglien, haft några uppehåll på några dagar, samt några längre på 1 -3 veckor.",0.6767242
"Hejsan.. varför finns det ingen lag om att tex människor under 18,20år inte får skaffa barn,ta hand om ett barn? finns det lagar på att man inte får tvinga på någon en abort? eller göra någon mot en annan persons vilja? Jag tycker det är för jävligt att tjejer som är 14-15år blir gravida och får behålla barnet... varför :S",0.885729
"Hejsan.. varför finns det ingen lag om att tex människor under 18,20år inte får skaffa barn,ta hand om ett barn? finns det lagar på att man inte får tvinga på någon en abort? eller göra någon mot en annan persons vilja? Jag tycker det är för jävligt att tjejer som är 14-15år blir gravida och får behålla barnet... varför :S",0.81667465
"Hejsan.. varför finns det ingen lag om att tex människor under 18,20år inte får skaffa barn,ta hand om ett barn? finns det lagar på att man inte får tvinga på någon en abort? eller göra någon mot en annan persons vilja? Jag tycker det är för jävligt att tjejer som är 14-15år blir gravida och får behålla barnet... varför :S",0.7811948
"Hejsan.. varför finns det ingen lag om att tex människor under 18,20år inte får skaffa barn,ta hand om ett barn? finns det lagar på att man inte får tvinga på någon en abort? eller göra någon mot en annan persons vilja? Jag tycker det är för jävligt att tjejer som är 14-15år blir gravida och får behålla barnet... varför :S",0.74911046
"Hejsan.. varför finns det ingen lag om att tex människor under 18,20år inte får skaffa barn,ta hand om ett barn? finns det lagar på att man inte får tvinga på någon en abort? eller göra någon mot en annan persons vilja? Jag tycker det är för jävligt att tjejer som är 14-15år blir gravida och får behålla barnet... varför :S",0.79444593
"Hejsan.. varför finns det ingen lag om att tex människor under 18,20år inte får skaffa barn,ta hand om ett barn? finns det lagar på att man inte får tvinga på någon en abort? eller göra någon mot en annan persons vilja? Jag tycker det är för jävligt att tjejer som är 14-15år blir gravida och får behålla barnet... varför :S",0.7675083
"Hejsan.. varför finns det ingen lag om att tex människor under 18,20år inte får skaffa barn,ta hand om ett barn? finns det lagar på att man inte får tvinga på någon en abort? eller göra någon mot en annan persons vilja? Jag tycker det är för jävligt att tjejer som är 14-15år blir gravida och får behålla barnet... varför :S",0.652757
"Hejsan.. varför finns det ingen lag om att tex människor under 18,20år inte får skaffa barn,ta hand om ett barn? finns det lagar på att man inte får tvinga på någon en abort? eller göra någon mot en annan persons vilja? Jag tycker det är för jävligt att tjejer som är 14-15år blir gravida och får behålla barnet... varför :S",0.6189765
"Hejsan.. varför finns det ingen lag om att tex människor under 18,20år inte får skaffa barn,ta hand om ett barn? finns det lagar på att man inte får tvinga på någon en abort? eller göra någon mot en annan persons vilja? Jag tycker det är för jävligt att tjejer som är 14-15år blir gravida och får behålla barnet... varför :S",0.1337521
"Hejsan.. varför finns det ingen lag om att tex människor under 18,20år inte får skaffa barn,ta hand om ett barn? finns det lagar på att man inte får tvinga på någon en abort? eller göra någon mot en annan persons vilja? Jag tycker det är för jävligt att tjejer som är 14-15år blir gravida och får behålla barnet... varför :S",0.6482221
"Hejsan.. varför finns det ingen lag om att tex människor under 18,20år inte får skaffa barn,ta hand om ett barn? finns det lagar på att man inte får tvinga på någon en abort? eller göra någon mot en annan persons vilja? Jag tycker det är för jävligt att tjejer som är 14-15år blir gravida och får behålla barnet... varför :S",0.6896149
"Hejsan.. varför finns det ingen lag om att tex människor under 18,20år inte får skaffa barn,ta hand om ett barn? finns det lagar på att man inte får tvinga på någon en abort? eller göra någon mot en annan persons vilja? Jag tycker det är för jävligt att tjejer som är 14-15år blir gravida och får behålla barnet... varför :S",0.6031412
"Hejsan.. varför finns det ingen lag om att tex människor under 18,20år inte får skaffa barn,ta hand om ett barn? finns det lagar på att man inte får tvinga på någon en abort? eller göra någon mot en annan persons vilja? Jag tycker det är för jävligt att tjejer som är 14-15år blir gravida och får behålla barnet... varför :S",0.5752405
"Hejsan.. varför finns det ingen lag om att tex människor under 18,20år inte får skaffa barn,ta hand om ett barn? finns det lagar på att man inte får tvinga på någon en abort? eller göra någon mot en annan persons vilja? Jag tycker det är för jävligt att tjejer som är 14-15år blir gravida och får behålla barnet... varför :S",0.4391372
"Hejsan.. varför finns det ingen lag om att tex människor under 18,20år inte får skaffa barn,ta hand om ett barn? finns det lagar på att man inte får tvinga på någon en abort? eller göra någon mot en annan persons vilja? Jag tycker det är för jävligt att tjejer som är 14-15år blir gravida och får behålla barnet... varför :S",0.5599381
"Hejsan.. varför finns det ingen lag om att tex människor under 18,20år inte får skaffa barn,ta hand om ett barn? finns det lagar på att man inte får tvinga på någon en abort? eller göra någon mot en annan persons vilja? Jag tycker det är för jävligt att tjejer som är 14-15år blir gravida och får behålla barnet... varför :S",0.64615965
"Hejsan.. varför finns det ingen lag om att tex människor under 18,20år inte får skaffa barn,ta hand om ett barn? finns det lagar på att man inte får tvinga på någon en abort? eller göra någon mot en annan persons vilja? Jag tycker det är för jävligt att tjejer som är 14-15år blir gravida och får behålla barnet... varför :S",0.81108373
"Hejsan.. varför finns det ingen lag om att tex människor under 18,20år inte får skaffa barn,ta hand om ett barn? finns det lagar på att man inte får tvinga på någon en abort? eller göra någon mot en annan persons vilja? Jag tycker det är för jävligt att tjejer som är 14-15år blir gravida och får behålla barnet... varför :S",0.447373
"Hejsan.. varför finns det ingen lag om att tex människor under 18,20år inte får skaffa barn,ta hand om ett barn? finns det lagar på att man inte får tvinga på någon en abort? eller göra någon mot en annan persons vilja? Jag tycker det är för jävligt att tjejer som är 14-15år blir gravida och får behålla barnet... varför :S",0.37873235
"Hejsan.. varför finns det ingen lag om att tex människor under 18,20år inte får skaffa barn,ta hand om ett barn? finns det lagar på att man inte får tvinga på någon en abort? eller göra någon mot en annan persons vilja? Jag tycker det är för jävligt att tjejer som är 14-15år blir gravida och får behålla barnet... varför :S",0.79432636
"Hejsan.. varför finns det ingen lag om att tex människor under 18,20år inte får skaffa barn,ta hand om ett barn? finns det lagar på att man inte får tvinga på någon en abort? eller göra någon mot en annan persons vilja? Jag tycker det är för jävligt att tjejer som är 14-15år blir gravida och får behålla barnet... varför :S",0.7814299
"Hejsan.. varför finns det ingen lag om att tex människor under 18,20år inte får skaffa barn,ta hand om ett barn? finns det lagar på att man inte får tvinga på någon en abort? eller göra någon mot en annan persons vilja? Jag tycker det är för jävligt att tjejer som är 14-15år blir gravida och får behålla barnet... varför :S",0.74118435
"Hejsan.. varför finns det ingen lag om att tex människor under 18,20år inte får skaffa barn,ta hand om ett barn? finns det lagar på att man inte får tvinga på någon en abort? eller göra någon mot en annan persons vilja? Jag tycker det är för jävligt att tjejer som är 14-15år blir gravida och får behålla barnet... varför :S",0.77030987
"Hejsan.. varför finns det ingen lag om att tex människor under 18,20år inte får skaffa barn,ta hand om ett barn? finns det lagar på att man inte får tvinga på någon en abort? eller göra någon mot en annan persons vilja? Jag tycker det är för jävligt att tjejer som är 14-15år blir gravida och får behålla barnet... varför :S",0.5057373
"Hejsan.. varför finns det ingen lag om att tex människor under 18,20år inte får skaffa barn,ta hand om ett barn? finns det lagar på att man inte får tvinga på någon en abort? eller göra någon mot en annan persons vilja? Jag tycker det är för jävligt att tjejer som är 14-15år blir gravida och får behålla barnet... varför :S",0.5380952
"Hejsan.. varför finns det ingen lag om att tex människor under 18,20år inte får skaffa barn,ta hand om ett barn? finns det lagar på att man inte får tvinga på någon en abort? eller göra någon mot en annan persons vilja? Jag tycker det är för jävligt att tjejer som är 14-15år blir gravida och får behålla barnet... varför :S",0.51969236
"Hejsan.. varför finns det ingen lag om att tex människor under 18,20år inte får skaffa barn,ta hand om ett barn? finns det lagar på att man inte får tvinga på någon en abort? eller göra någon mot en annan persons vilja? Jag tycker det är för jävligt att tjejer som är 14-15år blir gravida och får behålla barnet... varför :S",0.5110222
"Hejsan.. varför finns det ingen lag om att tex människor under 18,20år inte får skaffa barn,ta hand om ett barn? finns det lagar på att man inte får tvinga på någon en abort? eller göra någon mot en annan persons vilja? Jag tycker det är för jävligt att tjejer som är 14-15år blir gravida och får behålla barnet... varför :S",0.1566891
"Hejsan.. varför finns det ingen lag om att tex människor under 18,20år inte får skaffa barn,ta hand om ett barn? finns det lagar på att man inte får tvinga på någon en abort? eller göra någon mot en annan persons vilja? Jag tycker det är för jävligt att tjejer som är 14-15år blir gravida och får behålla barnet... varför :S",0.59568226
"Hejsan.. varför finns det ingen lag om att tex människor under 18,20år inte får skaffa barn,ta hand om ett barn? finns det lagar på att man inte får tvinga på någon en abort? eller göra någon mot en annan persons vilja? Jag tycker det är för jävligt att tjejer som är 14-15år blir gravida och får behålla barnet... varför :S",0.5662358
Finns denna underbara klass kvar? Har letat som en tok det senaste halvåret i alla möjliga mataffärer och städer men inte hittat.,0.3522403
Finns denna underbara klass kvar? Har letat som en tok det senaste halvåret i alla möjliga mataffärer och städer men inte hittat.,0.49679855
Finns denna underbara klass kvar? Har letat som en tok det senaste halvåret i alla möjliga mataffärer och städer men inte hittat.,0.41347525
Finns denna underbara klass kvar? Har letat som en tok det senaste halvåret i alla möjliga mataffärer och städer men inte hittat.,0.21160951
Finns denna underbara klass kvar? Har letat som en tok det senaste halvåret i alla möjliga mataffärer och städer men inte hittat.,0.4430533
Finns denna underbara klass kvar? Har letat som en tok det senaste halvåret i alla möjliga mataffärer och städer men inte hittat.,0.5602193
Finns denna underbara klass kvar? Har letat som en tok det senaste halvåret i alla möjliga mataffärer och städer men inte hittat.,0.3220634
Finns denna underbara klass kvar? Har letat som en tok det senaste halvåret i alla möjliga mataffärer och städer men inte hittat.,0.48741347
Finns denna underbara klass kvar? Har letat som en tok det senaste halvåret i alla möjliga mataffärer och städer men inte hittat.,0.42209584
Finns denna underbara klass kvar? Har letat som en tok det senaste halvåret i alla möjliga mataffärer och städer men inte hittat.,0.5915464
Finns denna underbara klass kvar? Har letat som en tok det senaste halvåret i alla möjliga mataffärer och städer men inte hittat.,0.6074387
Finns denna underbara klass kvar? Har letat som en tok det senaste halvåret i alla möjliga mataffärer och städer men inte hittat.,0.46430925
"Hej Jag undrar ifall det går att låna vi säger 200 000 för att köpa en båt för ca 400 000, ifall man inte har en inkomst men har en lägenhet för 2 000 000 som säkerhet. Jag menar båten är ju försäkrad och den kommer ju aldrig sjunka 50 % i värde så det ska ju inte vara några problem att betala tillbaka, och om det på nåt sätt skulle skita sig med båten så finns ju fortfarande lägenheten som säkerhet. Vad tror ni, skulle det här lånet beviljas och vad tror ni räntan skulle bli om vi lägger upp lånet på säg 36 månader?",0.5720042
"Hej Jag undrar ifall det går att låna vi säger 200 000 för att köpa en båt för ca 400 000, ifall man inte har en inkomst men har en lägenhet för 2 000 000 som säkerhet. Jag menar båten är ju försäkrad och den kommer ju aldrig sjunka 50 % i värde så det ska ju inte vara några problem att betala tillbaka, och om det på nåt sätt skulle skita sig med båten så finns ju fortfarande lägenheten som säkerhet. Vad tror ni, skulle det här lånet beviljas och vad tror ni räntan skulle bli om vi lägger upp lånet på säg 36 månader?",0.4990582
"Hej Jag undrar ifall det går att låna vi säger 200 000 för att köpa en båt för ca 400 000, ifall man inte har en inkomst men har en lägenhet för 2 000 000 som säkerhet. Jag menar båten är ju försäkrad och den kommer ju aldrig sjunka 50 % i värde så det ska ju inte vara några problem att betala tillbaka, och om det på nåt sätt skulle skita sig med båten så finns ju fortfarande lägenheten som säkerhet. Vad tror ni, skulle det här lånet beviljas och vad tror ni räntan skulle bli om vi lägger upp lånet på säg 36 månader?",0.6704429
"Hej Jag undrar ifall det går att låna vi säger 200 000 för att köpa en båt för ca 400 000, ifall man inte har en inkomst men har en lägenhet för 2 000 000 som säkerhet. Jag menar båten är ju försäkrad och den kommer ju aldrig sjunka 50 % i värde så det ska ju inte vara några problem att betala tillbaka, och om det på nåt sätt skulle skita sig med båten så finns ju fortfarande lägenheten som säkerhet. Vad tror ni, skulle det här lånet beviljas och vad tror ni räntan skulle bli om vi lägger upp lånet på säg 36 månader?",0.5650731
"Hej Jag undrar ifall det går att låna vi säger 200 000 för att köpa en båt för ca 400 000, ifall man inte har en inkomst men har en lägenhet för 2 000 000 som säkerhet. Jag menar båten är ju försäkrad och den kommer ju aldrig sjunka 50 % i värde så det ska ju inte vara några problem att betala tillbaka, och om det på nåt sätt skulle skita sig med båten så finns ju fortfarande lägenheten som säkerhet. Vad tror ni, skulle det här lånet beviljas och vad tror ni räntan skulle bli om vi lägger upp lånet på säg 36 månader?",0.59587765
"Hej Jag undrar ifall det går att låna vi säger 200 000 för att köpa en båt för ca 400 000, ifall man inte har en inkomst men har en lägenhet för 2 000 000 som säkerhet. Jag menar båten är ju försäkrad och den kommer ju aldrig sjunka 50 % i värde så det ska ju inte vara några problem att betala tillbaka, och om det på nåt sätt skulle skita sig med båten så finns ju fortfarande lägenheten som säkerhet. Vad tror ni, skulle det här lånet beviljas och vad tror ni räntan skulle bli om vi lägger upp lånet på säg 36 månader?",0.5820964
"Hej Jag undrar ifall det går att låna vi säger 200 000 för att köpa en båt för ca 400 000, ifall man inte har en inkomst men har en lägenhet för 2 000 000 som säkerhet. Jag menar båten är ju försäkrad och den kommer ju aldrig sjunka 50 % i värde så det ska ju inte vara några problem att betala tillbaka, och om det på nåt sätt skulle skita sig med båten så finns ju fortfarande lägenheten som säkerhet. Vad tror ni, skulle det här lånet beviljas och vad tror ni räntan skulle bli om vi lägger upp lånet på säg 36 månader?",0.6942783
"Hej Jag undrar ifall det går att låna vi säger 200 000 för att köpa en båt för ca 400 000, ifall man inte har en inkomst men har en lägenhet för 2 000 000 som säkerhet. Jag menar båten är ju försäkrad och den kommer ju aldrig sjunka 50 % i värde så det ska ju inte vara några problem att betala tillbaka, och om det på nåt sätt skulle skita sig med båten så finns ju fortfarande lägenheten som säkerhet. Vad tror ni, skulle det här lånet beviljas och vad tror ni räntan skulle bli om vi lägger upp lånet på säg 36 månader?",0.6605203
"Hej Jag undrar ifall det går att låna vi säger 200 000 för att köpa en båt för ca 400 000, ifall man inte har en inkomst men har en lägenhet för 2 000 000 som säkerhet. Jag menar båten är ju försäkrad och den kommer ju aldrig sjunka 50 % i värde så det ska ju inte vara några problem att betala tillbaka, och om det på nåt sätt skulle skita sig med båten så finns ju fortfarande lägenheten som säkerhet. Vad tror ni, skulle det här lånet beviljas och vad tror ni räntan skulle bli om vi lägger upp lånet på säg 36 månader?",0.53667665
"Hej Jag undrar ifall det går att låna vi säger 200 000 för att köpa en båt för ca 400 000, ifall man inte har en inkomst men har en lägenhet för 2 000 000 som säkerhet. Jag menar båten är ju försäkrad och den kommer ju aldrig sjunka 50 % i värde så det ska ju inte vara några problem att betala tillbaka, och om det på nåt sätt skulle skita sig med båten så finns ju fortfarande lägenheten som säkerhet. Vad tror ni, skulle det här lånet beviljas och vad tror ni räntan skulle bli om vi lägger upp lånet på säg 36 månader?",0.58338225
"Hej Jag undrar ifall det går att låna vi säger 200 000 för att köpa en båt för ca 400 000, ifall man inte har en inkomst men har en lägenhet för 2 000 000 som säkerhet. Jag menar båten är ju försäkrad och den kommer ju aldrig sjunka 50 % i värde så det ska ju inte vara några problem att betala tillbaka, och om det på nåt sätt skulle skita sig med båten så finns ju fortfarande lägenheten som säkerhet. Vad tror ni, skulle det här lånet beviljas och vad tror ni räntan skulle bli om vi lägger upp lånet på säg 36 månader?",0.71023124
"Är moderaterna rätt parti för mig eller passar jag bättre in på något annat parti? Ställ gärna frågor fall jag har glömt nämna åsikter inom ett visst område. Energi: Starkt  för  kärnkraften, förstår inte hur man kan vara emot det med dagens teknik. Brottsbekämpning: Hårdare straff för grova brott t.ex. mord. Försvaret: Satsa mer på försvaret och snarare utöka än att lägga ner. Skatt: Alla ska ha samma procentuella skatt förutom låginkomstarbetare som bör betala mindre skatt(<16,000/mån). Procentenheten ska inte ökas för att man tjänar mer. t.ex. samma % skatt för både en som tjänar 20,000/mån och en som tjänar 60,000/mån. Infrastruktur: Satsa mer på att lägga tågräls i Sverige. Invandring: Tydliga och strikta krav på att lära sig det svenska språket.  Det ska inte invandra fler personer än vi har bostäder och jobb till.  Bättre spridning av de invandrade i landet för snabbare och lättare integration i det svenska samhället. Undvika skapande av t.ex. Rosengård. I Sverige gäller svensk lag. Begår man nåt grövre brott inom de första 10 åren ska de bli utkastad ur landet direkt. Skola: Lärarna ska få mer befogenheter när det gäller säga till elever och få allmän ordning i lektionsalen, speciellt vid årskurs 3-9.  Avskaffa fribeloppet. Enskilda forskare och forskningsområden ska värderas utifrån vetenskaplig kvalitet och inte politiker. Tack Zealiot",0.34668115
"Är moderaterna rätt parti för mig eller passar jag bättre in på något annat parti? Ställ gärna frågor fall jag har glömt nämna åsikter inom ett visst område. Energi: Starkt  för  kärnkraften, förstår inte hur man kan vara emot det med dagens teknik. Brottsbekämpning: Hårdare straff för grova brott t.ex. mord. Försvaret: Satsa mer på försvaret och snarare utöka än att lägga ner. Skatt: Alla ska ha samma procentuella skatt förutom låginkomstarbetare som bör betala mindre skatt(<16,000/mån). Procentenheten ska inte ökas för att man tjänar mer. t.ex. samma % skatt för både en som tjänar 20,000/mån och en som tjänar 60,000/mån. Infrastruktur: Satsa mer på att lägga tågräls i Sverige. Invandring: Tydliga och strikta krav på att lära sig det svenska språket.  Det ska inte invandra fler personer än vi har bostäder och jobb till.  Bättre spridning av de invandrade i landet för snabbare och lättare integration i det svenska samhället. Undvika skapande av t.ex. Rosengård. I Sverige gäller svensk lag. Begår man nåt grövre brott inom de första 10 åren ska de bli utkastad ur landet direkt. Skola: Lärarna ska få mer befogenheter när det gäller säga till elever och få allmän ordning i lektionsalen, speciellt vid årskurs 3-9.  Avskaffa fribeloppet. Enskilda forskare och forskningsområden ska värderas utifrån vetenskaplig kvalitet och inte politiker. Tack Zealiot",0.33976364
"Är moderaterna rätt parti för mig eller passar jag bättre in på något annat parti? Ställ gärna frågor fall jag har glömt nämna åsikter inom ett visst område. Energi: Starkt  för  kärnkraften, förstår inte hur man kan vara emot det med dagens teknik. Brottsbekämpning: Hårdare straff för grova brott t.ex. mord. Försvaret: Satsa mer på försvaret och snarare utöka än att lägga ner. Skatt: Alla ska ha samma procentuella skatt förutom låginkomstarbetare som bör betala mindre skatt(<16,000/mån). Procentenheten ska inte ökas för att man tjänar mer. t.ex. samma % skatt för både en som tjänar 20,000/mån och en som tjänar 60,000/mån. Infrastruktur: Satsa mer på att lägga tågräls i Sverige. Invandring: Tydliga och strikta krav på att lära sig det svenska språket.  Det ska inte invandra fler personer än vi har bostäder och jobb till.  Bättre spridning av de invandrade i landet för snabbare och lättare integration i det svenska samhället. Undvika skapande av t.ex. Rosengård. I Sverige gäller svensk lag. Begår man nåt grövre brott inom de första 10 åren ska de bli utkastad ur landet direkt. Skola: Lärarna ska få mer befogenheter när det gäller säga till elever och få allmän ordning i lektionsalen, speciellt vid årskurs 3-9.  Avskaffa fribeloppet. Enskilda forskare och forskningsområden ska värderas utifrån vetenskaplig kvalitet och inte politiker. Tack Zealiot",0.29970282
"Är moderaterna rätt parti för mig eller passar jag bättre in på något annat parti? Ställ gärna frågor fall jag har glömt nämna åsikter inom ett visst område. Energi: Starkt  för  kärnkraften, förstår inte hur man kan vara emot det med dagens teknik. Brottsbekämpning: Hårdare straff för grova brott t.ex. mord. Försvaret: Satsa mer på försvaret och snarare utöka än att lägga ner. Skatt: Alla ska ha samma procentuella skatt förutom låginkomstarbetare som bör betala mindre skatt(<16,000/mån). Procentenheten ska inte ökas för att man tjänar mer. t.ex. samma % skatt för både en som tjänar 20,000/mån och en som tjänar 60,000/mån. Infrastruktur: Satsa mer på att lägga tågräls i Sverige. Invandring: Tydliga och strikta krav på att lära sig det svenska språket.  Det ska inte invandra fler personer än vi har bostäder och jobb till.  Bättre spridning av de invandrade i landet för snabbare och lättare integration i det svenska samhället. Undvika skapande av t.ex. Rosengård. I Sverige gäller svensk lag. Begår man nåt grövre brott inom de första 10 åren ska de bli utkastad ur landet direkt. Skola: Lärarna ska få mer befogenheter när det gäller säga till elever och få allmän ordning i lektionsalen, speciellt vid årskurs 3-9.  Avskaffa fribeloppet. Enskilda forskare och forskningsområden ska värderas utifrån vetenskaplig kvalitet och inte politiker. Tack Zealiot",0.48123795
"Är moderaterna rätt parti för mig eller passar jag bättre in på något annat parti? Ställ gärna frågor fall jag har glömt nämna åsikter inom ett visst område. Energi: Starkt  för  kärnkraften, förstår inte hur man kan vara emot det med dagens teknik. Brottsbekämpning: Hårdare straff för grova brott t.ex. mord. Försvaret: Satsa mer på försvaret och snarare utöka än att lägga ner. Skatt: Alla ska ha samma procentuella skatt förutom låginkomstarbetare som bör betala mindre skatt(<16,000/mån). Procentenheten ska inte ökas för att man tjänar mer. t.ex. samma % skatt för både en som tjänar 20,000/mån och en som tjänar 60,000/mån. Infrastruktur: Satsa mer på att lägga tågräls i Sverige. Invandring: Tydliga och strikta krav på att lära sig det svenska språket.  Det ska inte invandra fler personer än vi har bostäder och jobb till.  Bättre spridning av de invandrade i landet för snabbare och lättare integration i det svenska samhället. Undvika skapande av t.ex. Rosengård. I Sverige gäller svensk lag. Begår man nåt grövre brott inom de första 10 åren ska de bli utkastad ur landet direkt. Skola: Lärarna ska få mer befogenheter när det gäller säga till elever och få allmän ordning i lektionsalen, speciellt vid årskurs 3-9.  Avskaffa fribeloppet. Enskilda forskare och forskningsområden ska värderas utifrån vetenskaplig kvalitet och inte politiker. Tack Zealiot",0.5711764
"Är moderaterna rätt parti för mig eller passar jag bättre in på något annat parti? Ställ gärna frågor fall jag har glömt nämna åsikter inom ett visst område. Energi: Starkt  för  kärnkraften, förstår inte hur man kan vara emot det med dagens teknik. Brottsbekämpning: Hårdare straff för grova brott t.ex. mord. Försvaret: Satsa mer på försvaret och snarare utöka än att lägga ner. Skatt: Alla ska ha samma procentuella skatt förutom låginkomstarbetare som bör betala mindre skatt(<16,000/mån). Procentenheten ska inte ökas för att man tjänar mer. t.ex. samma % skatt för både en som tjänar 20,000/mån och en som tjänar 60,000/mån. Infrastruktur: Satsa mer på att lägga tågräls i Sverige. Invandring: Tydliga och strikta krav på att lära sig det svenska språket.  Det ska inte invandra fler personer än vi har bostäder och jobb till.  Bättre spridning av de invandrade i landet för snabbare och lättare integration i det svenska samhället. Undvika skapande av t.ex. Rosengård. I Sverige gäller svensk lag. Begår man nåt grövre brott inom de första 10 åren ska de bli utkastad ur landet direkt. Skola: Lärarna ska få mer befogenheter när det gäller säga till elever och få allmän ordning i lektionsalen, speciellt vid årskurs 3-9.  Avskaffa fribeloppet. Enskilda forskare och forskningsområden ska värderas utifrån vetenskaplig kvalitet och inte politiker. Tack Zealiot",0.5488496
"Är moderaterna rätt parti för mig eller passar jag bättre in på något annat parti? Ställ gärna frågor fall jag har glömt nämna åsikter inom ett visst område. Energi: Starkt  för  kärnkraften, förstår inte hur man kan vara emot det med dagens teknik. Brottsbekämpning: Hårdare straff för grova brott t.ex. mord. Försvaret: Satsa mer på försvaret och snarare utöka än att lägga ner. Skatt: Alla ska ha samma procentuella skatt förutom låginkomstarbetare som bör betala mindre skatt(<16,000/mån). Procentenheten ska inte ökas för att man tjänar mer. t.ex. samma % skatt för både en som tjänar 20,000/mån och en som tjänar 60,000/mån. Infrastruktur: Satsa mer på att lägga tågräls i Sverige. Invandring: Tydliga och strikta krav på att lära sig det svenska språket.  Det ska inte invandra fler personer än vi har bostäder och jobb till.  Bättre spridning av de invandrade i landet för snabbare och lättare integration i det svenska samhället. Undvika skapande av t.ex. Rosengård. I Sverige gäller svensk lag. Begår man nåt grövre brott inom de första 10 åren ska de bli utkastad ur landet direkt. Skola: Lärarna ska få mer befogenheter när det gäller säga till elever och få allmän ordning i lektionsalen, speciellt vid årskurs 3-9.  Avskaffa fribeloppet. Enskilda forskare och forskningsområden ska värderas utifrån vetenskaplig kvalitet och inte politiker. Tack Zealiot",0.38180223
"Är moderaterna rätt parti för mig eller passar jag bättre in på något annat parti? Ställ gärna frågor fall jag har glömt nämna åsikter inom ett visst område. Energi: Starkt  för  kärnkraften, förstår inte hur man kan vara emot det med dagens teknik. Brottsbekämpning: Hårdare straff för grova brott t.ex. mord. Försvaret: Satsa mer på försvaret och snarare utöka än att lägga ner. Skatt: Alla ska ha samma procentuella skatt förutom låginkomstarbetare som bör betala mindre skatt(<16,000/mån). Procentenheten ska inte ökas för att man tjänar mer. t.ex. samma % skatt för både en som tjänar 20,000/mån och en som tjänar 60,000/mån. Infrastruktur: Satsa mer på att lägga tågräls i Sverige. Invandring: Tydliga och strikta krav på att lära sig det svenska språket.  Det ska inte invandra fler personer än vi har bostäder och jobb till.  Bättre spridning av de invandrade i landet för snabbare och lättare integration i det svenska samhället. Undvika skapande av t.ex. Rosengård. I Sverige gäller svensk lag. Begår man nåt grövre brott inom de första 10 åren ska de bli utkastad ur landet direkt. Skola: Lärarna ska få mer befogenheter när det gäller säga till elever och få allmän ordning i lektionsalen, speciellt vid årskurs 3-9.  Avskaffa fribeloppet. Enskilda forskare och forskningsområden ska värderas utifrån vetenskaplig kvalitet och inte politiker. Tack Zealiot",0.69654036
"Är moderaterna rätt parti för mig eller passar jag bättre in på något annat parti? Ställ gärna frågor fall jag har glömt nämna åsikter inom ett visst område. Energi: Starkt  för  kärnkraften, förstår inte hur man kan vara emot det med dagens teknik. Brottsbekämpning: Hårdare straff för grova brott t.ex. mord. Försvaret: Satsa mer på försvaret och snarare utöka än att lägga ner. Skatt: Alla ska ha samma procentuella skatt förutom låginkomstarbetare som bör betala mindre skatt(<16,000/mån). Procentenheten ska inte ökas för att man tjänar mer. t.ex. samma % skatt för både en som tjänar 20,000/mån och en som tjänar 60,000/mån. Infrastruktur: Satsa mer på att lägga tågräls i Sverige. Invandring: Tydliga och strikta krav på att lära sig det svenska språket.  Det ska inte invandra fler personer än vi har bostäder och jobb till.  Bättre spridning av de invandrade i landet för snabbare och lättare integration i det svenska samhället. Undvika skapande av t.ex. Rosengård. I Sverige gäller svensk lag. Begår man nåt grövre brott inom de första 10 åren ska de bli utkastad ur landet direkt. Skola: Lärarna ska få mer befogenheter när det gäller säga till elever och få allmän ordning i lektionsalen, speciellt vid årskurs 3-9.  Avskaffa fribeloppet. Enskilda forskare och forskningsområden ska värderas utifrån vetenskaplig kvalitet och inte politiker. Tack Zealiot",0.5806398
"Är moderaterna rätt parti för mig eller passar jag bättre in på något annat parti? Ställ gärna frågor fall jag har glömt nämna åsikter inom ett visst område. Energi: Starkt  för  kärnkraften, förstår inte hur man kan vara emot det med dagens teknik. Brottsbekämpning: Hårdare straff för grova brott t.ex. mord. Försvaret: Satsa mer på försvaret och snarare utöka än att lägga ner. Skatt: Alla ska ha samma procentuella skatt förutom låginkomstarbetare som bör betala mindre skatt(<16,000/mån). Procentenheten ska inte ökas för att man tjänar mer. t.ex. samma % skatt för både en som tjänar 20,000/mån och en som tjänar 60,000/mån. Infrastruktur: Satsa mer på att lägga tågräls i Sverige. Invandring: Tydliga och strikta krav på att lära sig det svenska språket.  Det ska inte invandra fler personer än vi har bostäder och jobb till.  Bättre spridning av de invandrade i landet för snabbare och lättare integration i det svenska samhället. Undvika skapande av t.ex. Rosengård. I Sverige gäller svensk lag. Begår man nåt grövre brott inom de första 10 åren ska de bli utkastad ur landet direkt. Skola: Lärarna ska få mer befogenheter när det gäller säga till elever och få allmän ordning i lektionsalen, speciellt vid årskurs 3-9.  Avskaffa fribeloppet. Enskilda forskare och forskningsområden ska värderas utifrån vetenskaplig kvalitet och inte politiker. Tack Zealiot",0.58239657
"Är moderaterna rätt parti för mig eller passar jag bättre in på något annat parti? Ställ gärna frågor fall jag har glömt nämna åsikter inom ett visst område. Energi: Starkt  för  kärnkraften, förstår inte hur man kan vara emot det med dagens teknik. Brottsbekämpning: Hårdare straff för grova brott t.ex. mord. Försvaret: Satsa mer på försvaret och snarare utöka än att lägga ner. Skatt: Alla ska ha samma procentuella skatt förutom låginkomstarbetare som bör betala mindre skatt(<16,000/mån). Procentenheten ska inte ökas för att man tjänar mer. t.ex. samma % skatt för både en som tjänar 20,000/mån och en som tjänar 60,000/mån. Infrastruktur: Satsa mer på att lägga tågräls i Sverige. Invandring: Tydliga och strikta krav på att lära sig det svenska språket.  Det ska inte invandra fler personer än vi har bostäder och jobb till.  Bättre spridning av de invandrade i landet för snabbare och lättare integration i det svenska samhället. Undvika skapande av t.ex. Rosengård. I Sverige gäller svensk lag. Begår man nåt grövre brott inom de första 10 åren ska de bli utkastad ur landet direkt. Skola: Lärarna ska få mer befogenheter när det gäller säga till elever och få allmän ordning i lektionsalen, speciellt vid årskurs 3-9.  Avskaffa fribeloppet. Enskilda forskare och forskningsområden ska värderas utifrån vetenskaplig kvalitet och inte politiker. Tack Zealiot",0.5923175
"Är moderaterna rätt parti för mig eller passar jag bättre in på något annat parti? Ställ gärna frågor fall jag har glömt nämna åsikter inom ett visst område. Energi: Starkt  för  kärnkraften, förstår inte hur man kan vara emot det med dagens teknik. Brottsbekämpning: Hårdare straff för grova brott t.ex. mord. Försvaret: Satsa mer på försvaret och snarare utöka än att lägga ner. Skatt: Alla ska ha samma procentuella skatt förutom låginkomstarbetare som bör betala mindre skatt(<16,000/mån). Procentenheten ska inte ökas för att man tjänar mer. t.ex. samma % skatt för både en som tjänar 20,000/mån och en som tjänar 60,000/mån. Infrastruktur: Satsa mer på att lägga tågräls i Sverige. Invandring: Tydliga och strikta krav på att lära sig det svenska språket.  Det ska inte invandra fler personer än vi har bostäder och jobb till.  Bättre spridning av de invandrade i landet för snabbare och lättare integration i det svenska samhället. Undvika skapande av t.ex. Rosengård. I Sverige gäller svensk lag. Begår man nåt grövre brott inom de första 10 åren ska de bli utkastad ur landet direkt. Skola: Lärarna ska få mer befogenheter när det gäller säga till elever och få allmän ordning i lektionsalen, speciellt vid årskurs 3-9.  Avskaffa fribeloppet. Enskilda forskare och forskningsområden ska värderas utifrån vetenskaplig kvalitet och inte politiker. Tack Zealiot",0.7263099
"Är moderaterna rätt parti för mig eller passar jag bättre in på något annat parti? Ställ gärna frågor fall jag har glömt nämna åsikter inom ett visst område. Energi: Starkt  för  kärnkraften, förstår inte hur man kan vara emot det med dagens teknik. Brottsbekämpning: Hårdare straff för grova brott t.ex. mord. Försvaret: Satsa mer på försvaret och snarare utöka än att lägga ner. Skatt: Alla ska ha samma procentuella skatt förutom låginkomstarbetare som bör betala mindre skatt(<16,000/mån). Procentenheten ska inte ökas för att man tjänar mer. t.ex. samma % skatt för både en som tjänar 20,000/mån och en som tjänar 60,000/mån. Infrastruktur: Satsa mer på att lägga tågräls i Sverige. Invandring: Tydliga och strikta krav på att lära sig det svenska språket.  Det ska inte invandra fler personer än vi har bostäder och jobb till.  Bättre spridning av de invandrade i landet för snabbare och lättare integration i det svenska samhället. Undvika skapande av t.ex. Rosengård. I Sverige gäller svensk lag. Begår man nåt grövre brott inom de första 10 åren ska de bli utkastad ur landet direkt. Skola: Lärarna ska få mer befogenheter när det gäller säga till elever och få allmän ordning i lektionsalen, speciellt vid årskurs 3-9.  Avskaffa fribeloppet. Enskilda forskare och forskningsområden ska värderas utifrån vetenskaplig kvalitet och inte politiker. Tack Zealiot",0.4302003
"Är moderaterna rätt parti för mig eller passar jag bättre in på något annat parti? Ställ gärna frågor fall jag har glömt nämna åsikter inom ett visst område. Energi: Starkt  för  kärnkraften, förstår inte hur man kan vara emot det med dagens teknik. Brottsbekämpning: Hårdare straff för grova brott t.ex. mord. Försvaret: Satsa mer på försvaret och snarare utöka än att lägga ner. Skatt: Alla ska ha samma procentuella skatt förutom låginkomstarbetare som bör betala mindre skatt(<16,000/mån). Procentenheten ska inte ökas för att man tjänar mer. t.ex. samma % skatt för både en som tjänar 20,000/mån och en som tjänar 60,000/mån. Infrastruktur: Satsa mer på att lägga tågräls i Sverige. Invandring: Tydliga och strikta krav på att lära sig det svenska språket.  Det ska inte invandra fler personer än vi har bostäder och jobb till.  Bättre spridning av de invandrade i landet för snabbare och lättare integration i det svenska samhället. Undvika skapande av t.ex. Rosengård. I Sverige gäller svensk lag. Begår man nåt grövre brott inom de första 10 åren ska de bli utkastad ur landet direkt. Skola: Lärarna ska få mer befogenheter när det gäller säga till elever och få allmän ordning i lektionsalen, speciellt vid årskurs 3-9.  Avskaffa fribeloppet. Enskilda forskare och forskningsområden ska värderas utifrån vetenskaplig kvalitet och inte politiker. Tack Zealiot",0.5708493
"Jag vill veta hur mycket Rolling Stones fick pröjsat av Dressmann för reklamkampanjen som dränker Stockholm just nu. Jag tänker på detta minst tre gånger om dagen, fem om jag har många ärenden på stan... Vad kan det röra sig om? Vad kräver världsrocklegendarer för att sälja ut sig till Nordens tröttaste och osexigaste klädkedja?  Nån här inne torde vara i reklambranschen och kvalificerad nog att droppa en ballpark figure...",0.19340236
"Jag vill veta hur mycket Rolling Stones fick pröjsat av Dressmann för reklamkampanjen som dränker Stockholm just nu. Jag tänker på detta minst tre gånger om dagen, fem om jag har många ärenden på stan... Vad kan det röra sig om? Vad kräver världsrocklegendarer för att sälja ut sig till Nordens tröttaste och osexigaste klädkedja?  Nån här inne torde vara i reklambranschen och kvalificerad nog att droppa en ballpark figure...",0.36389375
"Jag vill veta hur mycket Rolling Stones fick pröjsat av Dressmann för reklamkampanjen som dränker Stockholm just nu. Jag tänker på detta minst tre gånger om dagen, fem om jag har många ärenden på stan... Vad kan det röra sig om? Vad kräver världsrocklegendarer för att sälja ut sig till Nordens tröttaste och osexigaste klädkedja?  Nån här inne torde vara i reklambranschen och kvalificerad nog att droppa en ballpark figure...",0.5123219
"Jag vill veta hur mycket Rolling Stones fick pröjsat av Dressmann för reklamkampanjen som dränker Stockholm just nu. Jag tänker på detta minst tre gånger om dagen, fem om jag har många ärenden på stan... Vad kan det röra sig om? Vad kräver världsrocklegendarer för att sälja ut sig till Nordens tröttaste och osexigaste klädkedja?  Nån här inne torde vara i reklambranschen och kvalificerad nog att droppa en ballpark figure...",0.5241212
"Jag vill veta hur mycket Rolling Stones fick pröjsat av Dressmann för reklamkampanjen som dränker Stockholm just nu. Jag tänker på detta minst tre gånger om dagen, fem om jag har många ärenden på stan... Vad kan det röra sig om? Vad kräver världsrocklegendarer för att sälja ut sig till Nordens tröttaste och osexigaste klädkedja?  Nån här inne torde vara i reklambranschen och kvalificerad nog att droppa en ballpark figure...",0.3399134
"Jag vill veta hur mycket Rolling Stones fick pröjsat av Dressmann för reklamkampanjen som dränker Stockholm just nu. Jag tänker på detta minst tre gånger om dagen, fem om jag har många ärenden på stan... Vad kan det röra sig om? Vad kräver världsrocklegendarer för att sälja ut sig till Nordens tröttaste och osexigaste klädkedja?  Nån här inne torde vara i reklambranschen och kvalificerad nog att droppa en ballpark figure...",0.42923176
"Jag vill veta hur mycket Rolling Stones fick pröjsat av Dressmann för reklamkampanjen som dränker Stockholm just nu. Jag tänker på detta minst tre gånger om dagen, fem om jag har många ärenden på stan... Vad kan det röra sig om? Vad kräver världsrocklegendarer för att sälja ut sig till Nordens tröttaste och osexigaste klädkedja?  Nån här inne torde vara i reklambranschen och kvalificerad nog att droppa en ballpark figure...",0.45577005
"Jag vill veta hur mycket Rolling Stones fick pröjsat av Dressmann för reklamkampanjen som dränker Stockholm just nu. Jag tänker på detta minst tre gånger om dagen, fem om jag har många ärenden på stan... Vad kan det röra sig om? Vad kräver världsrocklegendarer för att sälja ut sig till Nordens tröttaste och osexigaste klädkedja?  Nån här inne torde vara i reklambranschen och kvalificerad nog att droppa en ballpark figure...",0.4408272
"Jag vill veta hur mycket Rolling Stones fick pröjsat av Dressmann för reklamkampanjen som dränker Stockholm just nu. Jag tänker på detta minst tre gånger om dagen, fem om jag har många ärenden på stan... Vad kan det röra sig om? Vad kräver världsrocklegendarer för att sälja ut sig till Nordens tröttaste och osexigaste klädkedja?  Nån här inne torde vara i reklambranschen och kvalificerad nog att droppa en ballpark figure...",0.42444503
"Jag vill veta hur mycket Rolling Stones fick pröjsat av Dressmann för reklamkampanjen som dränker Stockholm just nu. Jag tänker på detta minst tre gånger om dagen, fem om jag har många ärenden på stan... Vad kan det röra sig om? Vad kräver världsrocklegendarer för att sälja ut sig till Nordens tröttaste och osexigaste klädkedja?  Nån här inne torde vara i reklambranschen och kvalificerad nog att droppa en ballpark figure...",0.5447727
"Jag vill veta hur mycket Rolling Stones fick pröjsat av Dressmann för reklamkampanjen som dränker Stockholm just nu. Jag tänker på detta minst tre gånger om dagen, fem om jag har många ärenden på stan... Vad kan det röra sig om? Vad kräver världsrocklegendarer för att sälja ut sig till Nordens tröttaste och osexigaste klädkedja?  Nån här inne torde vara i reklambranschen och kvalificerad nog att droppa en ballpark figure...",0.4998951
"Jag vill veta hur mycket Rolling Stones fick pröjsat av Dressmann för reklamkampanjen som dränker Stockholm just nu. Jag tänker på detta minst tre gånger om dagen, fem om jag har många ärenden på stan... Vad kan det röra sig om? Vad kräver världsrocklegendarer för att sälja ut sig till Nordens tröttaste och osexigaste klädkedja?  Nån här inne torde vara i reklambranschen och kvalificerad nog att droppa en ballpark figure...",0.4111346
"Jag vill veta hur mycket Rolling Stones fick pröjsat av Dressmann för reklamkampanjen som dränker Stockholm just nu. Jag tänker på detta minst tre gånger om dagen, fem om jag har många ärenden på stan... Vad kan det röra sig om? Vad kräver världsrocklegendarer för att sälja ut sig till Nordens tröttaste och osexigaste klädkedja?  Nån här inne torde vara i reklambranschen och kvalificerad nog att droppa en ballpark figure...",0.27067629
"Jag vill veta hur mycket Rolling Stones fick pröjsat av Dressmann för reklamkampanjen som dränker Stockholm just nu. Jag tänker på detta minst tre gånger om dagen, fem om jag har många ärenden på stan... Vad kan det röra sig om? Vad kräver världsrocklegendarer för att sälja ut sig till Nordens tröttaste och osexigaste klädkedja?  Nån här inne torde vara i reklambranschen och kvalificerad nog att droppa en ballpark figure...",0.69827724
"Jag vill veta hur mycket Rolling Stones fick pröjsat av Dressmann för reklamkampanjen som dränker Stockholm just nu. Jag tänker på detta minst tre gånger om dagen, fem om jag har många ärenden på stan... Vad kan det röra sig om? Vad kräver världsrocklegendarer för att sälja ut sig till Nordens tröttaste och osexigaste klädkedja?  Nån här inne torde vara i reklambranschen och kvalificerad nog att droppa en ballpark figure...",0.3533616
"Jag vill veta hur mycket Rolling Stones fick pröjsat av Dressmann för reklamkampanjen som dränker Stockholm just nu. Jag tänker på detta minst tre gånger om dagen, fem om jag har många ärenden på stan... Vad kan det röra sig om? Vad kräver världsrocklegendarer för att sälja ut sig till Nordens tröttaste och osexigaste klädkedja?  Nån här inne torde vara i reklambranschen och kvalificerad nog att droppa en ballpark figure...",0.6263457
"Jag vill veta hur mycket Rolling Stones fick pröjsat av Dressmann för reklamkampanjen som dränker Stockholm just nu. Jag tänker på detta minst tre gånger om dagen, fem om jag har många ärenden på stan... Vad kan det röra sig om? Vad kräver världsrocklegendarer för att sälja ut sig till Nordens tröttaste och osexigaste klädkedja?  Nån här inne torde vara i reklambranschen och kvalificerad nog att droppa en ballpark figure...",0.16525652
"Jag vill veta hur mycket Rolling Stones fick pröjsat av Dressmann för reklamkampanjen som dränker Stockholm just nu. Jag tänker på detta minst tre gånger om dagen, fem om jag har många ärenden på stan... Vad kan det röra sig om? Vad kräver världsrocklegendarer för att sälja ut sig till Nordens tröttaste och osexigaste klädkedja?  Nån här inne torde vara i reklambranschen och kvalificerad nog att droppa en ballpark figure...",0.4536193
"Jag vill veta hur mycket Rolling Stones fick pröjsat av Dressmann för reklamkampanjen som dränker Stockholm just nu. Jag tänker på detta minst tre gånger om dagen, fem om jag har många ärenden på stan... Vad kan det röra sig om? Vad kräver världsrocklegendarer för att sälja ut sig till Nordens tröttaste och osexigaste klädkedja?  Nån här inne torde vara i reklambranschen och kvalificerad nog att droppa en ballpark figure...",0.30059934
"Jag vill veta hur mycket Rolling Stones fick pröjsat av Dressmann för reklamkampanjen som dränker Stockholm just nu. Jag tänker på detta minst tre gånger om dagen, fem om jag har många ärenden på stan... Vad kan det röra sig om? Vad kräver världsrocklegendarer för att sälja ut sig till Nordens tröttaste och osexigaste klädkedja?  Nån här inne torde vara i reklambranschen och kvalificerad nog att droppa en ballpark figure...",0.3037218
"Jag vill veta hur mycket Rolling Stones fick pröjsat av Dressmann för reklamkampanjen som dränker Stockholm just nu. Jag tänker på detta minst tre gånger om dagen, fem om jag har många ärenden på stan... Vad kan det röra sig om? Vad kräver världsrocklegendarer för att sälja ut sig till Nordens tröttaste och osexigaste klädkedja?  Nån här inne torde vara i reklambranschen och kvalificerad nog att droppa en ballpark figure...",0.3767606
"Jag vill veta hur mycket Rolling Stones fick pröjsat av Dressmann för reklamkampanjen som dränker Stockholm just nu. Jag tänker på detta minst tre gånger om dagen, fem om jag har många ärenden på stan... Vad kan det röra sig om? Vad kräver världsrocklegendarer för att sälja ut sig till Nordens tröttaste och osexigaste klädkedja?  Nån här inne torde vara i reklambranschen och kvalificerad nog att droppa en ballpark figure...",0.2591295
"Jag vill veta hur mycket Rolling Stones fick pröjsat av Dressmann för reklamkampanjen som dränker Stockholm just nu. Jag tänker på detta minst tre gånger om dagen, fem om jag har många ärenden på stan... Vad kan det röra sig om? Vad kräver världsrocklegendarer för att sälja ut sig till Nordens tröttaste och osexigaste klädkedja?  Nån här inne torde vara i reklambranschen och kvalificerad nog att droppa en ballpark figure...",0.3033237
"Jag vill veta hur mycket Rolling Stones fick pröjsat av Dressmann för reklamkampanjen som dränker Stockholm just nu. Jag tänker på detta minst tre gånger om dagen, fem om jag har många ärenden på stan... Vad kan det röra sig om? Vad kräver världsrocklegendarer för att sälja ut sig till Nordens tröttaste och osexigaste klädkedja?  Nån här inne torde vara i reklambranschen och kvalificerad nog att droppa en ballpark figure...",0.5146556
"Jag vill veta hur mycket Rolling Stones fick pröjsat av Dressmann för reklamkampanjen som dränker Stockholm just nu. Jag tänker på detta minst tre gånger om dagen, fem om jag har många ärenden på stan... Vad kan det röra sig om? Vad kräver världsrocklegendarer för att sälja ut sig till Nordens tröttaste och osexigaste klädkedja?  Nån här inne torde vara i reklambranschen och kvalificerad nog att droppa en ballpark figure...",0.4222688
