human_hedge_rate,human_hedge_count,human_hedge_formal_rate,human_hedge_formal_count,human_hedge_neutral_rate,human_hedge_neutral_count,human_hedge_informal_rate,human_hedge_informal_count,human_booster_rate,human_booster_count,human_negation_rate,human_negation_count,human_epistemic_rate,human_epistemic_count,human_discourse_particle_rate,human_discourse_particle_count,human_negation_sentence_rate,human_n_alpha_tokens,llm_hedge_rate,llm_hedge_count,llm_hedge_formal_rate,llm_hedge_formal_count,llm_hedge_neutral_rate,llm_hedge_neutral_count,llm_hedge_informal_rate,llm_hedge_informal_count,llm_booster_rate,llm_booster_count,llm_negation_rate,llm_negation_count,llm_epistemic_rate,llm_epistemic_count,llm_discourse_particle_rate,llm_discourse_particle_count,llm_negation_sentence_rate,llm_n_alpha_tokens
0.0,0,0.0,0,0.0,0,0.0,0,0.0,0,0.0,0,0.0,0,0.0,0,0.0,12,4.25531914893617,2,0.0,0,0.0,0,4.25531914893617,2,2.127659574468085,1,2.127659574468085,1,0.0,0,2.127659574468085,1,0.3333333333333333,47
2.4691358024691357,2,0.0,0,1.2345679012345678,1,1.2345679012345678,1,0.0,0,1.2345679012345678,1,0.0,0,0.0,0,0.5,81,7.792207792207792,6,0.0,0,3.896103896103896,3,3.896103896103896,3,1.2987012987012987,1,1.2987012987012987,1,1.2987012987012987,1,2.5974025974025974,2,0.2,77
0.0,0,0.0,0,0.0,0,0.0,0,0.0,0,0.0,0,0.0,0,0.0,0,0.0,13,5.882352941176471,2,0.0,0,2.9411764705882355,1,2.9411764705882355,1,0.0,0,0.0,0,0.0,0,0.0,0,0.0,34
14.285714285714286,1,0.0,0,0.0,0,14.285714285714286,1,0.0,0,14.285714285714286,1,0.0,0,0.0,0,0.5,7,9.090909090909092,6,0.0,0,3.0303030303030303,2,6.0606060606060606,4,0.0,0,0.0,0,0.0,0,0.0,0,0.0,66
0.0,0,0.0,0,0.0,0,0.0,0,0.0,0,0.0,0,0.0,0,0.0,0,0.0,2,10.0,6,0.0,0,6.666666666666667,4,3.3333333333333335,2,1.6666666666666667,1,0.0,0,3.3333333333333335,2,1.6666666666666667,1,0.0,60
0.0,0,0.0,0,0.0,0,0.0,0,0.0,0,7.142857142857143,1,0.0,0,0.0,0,0.5,14,0.0,0,0.0,0,0.0,0,0.0,0,4.166666666666667,2,2.0833333333333335,1,0.0,0,0.0,0,0.3333333333333333,48
0.0,0,0.0,0,0.0,0,0.0,0,0.0,0,0.0,0,0.0,0,0.0,0,0.0,5,3.225806451612903,2,0.0,0,0.0,0,3.225806451612903,2,1.6129032258064515,1,3.225806451612903,2,0.0,0,0.0,0,0.5,62
0.0,0,0.0,0,0.0,0,0.0,0,0.0,0,0.0,0,0.0,0,0.0,0,0.0,3,1.7543859649122806,1,0.0,0,0.0,0,1.7543859649122806,1,3.508771929824561,2,1.7543859649122806,1,0.0,0,0.0,0,0.3333333333333333,57
0.0,0,0.0,0,0.0,0,0.0,0,0.0,0,0.0,0,0.0,0,0.0,0,0.0,20,8.108108108108109,6,0.0,0,6.756756756756757,5,1.3513513513513513,1,0.0,0,2.7027027027027026,2,0.0,0,0.0,0,0.4,74
0.0,0,0.0,0,0.0,0,0.0,0,0.0,0,0.0,0,0.0,0,0.0,0,0.0,24,8.771929824561404,5,0.0,0,5.2631578947368425,3,3.508771929824561,2,0.0,0,1.7543859649122806,1,1.7543859649122806,1,1.7543859649122806,1,0.25,57
10.714285714285714,3,0.0,0,7.142857142857143,2,3.5714285714285716,1,0.0,0,0.0,0,0.0,0,7.142857142857143,2,0.0,28,6.422018348623853,14,0.0,0,3.2110091743119265,7,3.2110091743119265,7,0.45871559633027525,1,2.7522935779816513,6,0.45871559633027525,1,1.834862385321101,4,0.46153846153846156,218
2.380952380952381,1,0.0,0,0.0,0,2.380952380952381,1,0.0,0,4.761904761904762,2,0.0,0,0.0,0,0.4,42,2.030456852791878,4,0.0,0,0.5076142131979695,1,1.5228426395939085,3,0.0,0,3.045685279187817,6,0.0,0,1.015228426395939,2,0.42857142857142855,197
1.7857142857142858,1,0.0,0,1.7857142857142858,1,0.0,0,0.0,0,0.0,0,0.0,0,1.7857142857142858,1,0.0,56,4.090909090909091,9,0.0,0,2.727272727272727,6,1.3636363636363635,3,1.3636363636363635,3,1.3636363636363635,3,0.45454545454545453,1,2.272727272727273,5,0.21428571428571427,220
11.11111111111111,1,0.0,0,0.0,0,11.11111111111111,1,0.0,0,11.11111111111111,1,0.0,0,0.0,0,1.0,9,3.7735849056603774,8,0.0,0,1.4150943396226414,3,2.358490566037736,5,0.4716981132075472,1,0.9433962264150944,2,0.0,0,1.4150943396226414,3,0.13333333333333333,212
8.51063829787234,4,0.0,0,6.382978723404255,3,2.127659574468085,1,0.0,0,2.127659574468085,1,0.0,0,4.25531914893617,2,0.3333333333333333,47,4.0,5,0.0,0,1.6,2,2.4,3,0.8,1,3.2,4,0.0,0,2.4,3,0.25,125
0.0,0,0.0,0,0.0,0,0.0,0,0.0,0,0.0,0,0.0,0,0.0,0,0.0,4,5.797101449275362,4,0.0,0,0.0,0,5.797101449275362,4,1.4492753623188406,1,1.4492753623188406,1,0.0,0,0.0,0,0.25,69
0.0,0,0.0,0,0.0,0,0.0,0,0.0,0,8.333333333333334,1,0.0,0,0.0,0,0.5,12,6.451612903225806,4,0.0,0,3.225806451612903,2,3.225806451612903,2,1.6129032258064515,1,0.0,0,0.0,0,3.225806451612903,2,0.0,62
0.0,0,0.0,0,0.0,0,0.0,0,0.0,0,14.285714285714286,1,0.0,0,0.0,0,1.0,7,1.1111111111111112,1,0.0,0,1.1111111111111112,1,0.0,0,0.0,0,2.2222222222222223,2,0.0,0,3.3333333333333335,3,0.3333333333333333,90
0.0,0,0.0,0,0.0,0,0.0,0,0.0,0,0.0,0,0.0,0,0.0,0,0.0,12,2.027027027027027,3,0.0,0,0.0,0,2.027027027027027,3,1.3513513513513513,2,1.3513513513513513,2,0.0,0,0.6756756756756757,1,0.125,148
7.142857142857143,1,0.0,0,0.0,0,7.142857142857143,1,0.0,0,0.0,0,0.0,0,0.0,0,0.0,14,0.0,0,0.0,0,0.0,0,0.0,0,0.0,0,2.380952380952381,2,0.0,0,0.0,0,0.4,84
0.0,0,0.0,0,0.0,0,0.0,0,0.0,0,0.0,0,0.0,0,0.0,0,0.0,7,1.3333333333333333,1,0.0,0,0.0,0,1.3333333333333333,1,0.0,0,0.0,0,0.0,0,1.3333333333333333,1,0.0,75
8.333333333333334,1,0.0,0,8.333333333333334,1,0.0,0,0.0,0,0.0,0,8.333333333333334,1,0.0,0,0.0,12,2.4096385542168677,2,0.0,0,1.2048192771084338,1,1.2048192771084338,1,0.0,0,2.4096385542168677,2,0.0,0,0.0,0,0.125,83
0.0,0,0.0,0,0.0,0,0.0,0,0.0,0,0.0,0,0.0,0,0.0,0,0.0,4,1.9230769230769231,1,0.0,0,0.0,0,1.9230769230769231,1,0.0,0,0.0,0,1.9230769230769231,1,0.0,0,0.0,52
0.0,0,0.0,0,0.0,0,0.0,0,0.0,0,11.11111111111111,1,0.0,0,0.0,0,0.5,9,6.666666666666667,3,0.0,0,0.0,0,6.666666666666667,3,0.0,0,0.0,0,0.0,0,0.0,0,0.0,45
0.0,0,0.0,0,0.0,0,0.0,0,0.0,0,0.0,0,0.0,0,0.0,0,0.0,13,8.333333333333334,4,0.0,0,2.0833333333333335,1,6.25,3,0.0,0,0.0,0,0.0,0,2.0833333333333335,1,0.0,48
16.666666666666668,1,0.0,0,0.0,0,16.666666666666668,1,0.0,0,0.0,0,0.0,0,0.0,0,0.0,6,3.8461538461538463,2,0.0,0,0.0,0,3.8461538461538463,2,0.0,0,1.9230769230769231,1,0.0,0,0.0,0,0.5,52
0.0,0,0.0,0,0.0,0,0.0,0,0.0,0,0.0,0,0.0,0,0.0,0,0.0,3,4.3478260869565215,2,0.0,0,0.0,0,4.3478260869565215,2,0.0,0,0.0,0,0.0,0,0.0,0,0.0,46
14.285714285714286,1,0.0,0,0.0,0,14.285714285714286,1,0.0,0,0.0,0,0.0,0,14.285714285714286,1,0.0,7,6.25,3,0.0,0,2.0833333333333335,1,4.166666666666667,2,0.0,0,0.0,0,0.0,0,4.166666666666667,2,0.0,48
12.5,2,0.0,0,6.25,1,6.25,1,0.0,0,0.0,0,0.0,0,6.25,1,0.0,16,4.651162790697675,2,0.0,0,2.3255813953488373,1,2.3255813953488373,1,0.0,0,0.0,0,0.0,0,4.651162790697675,2,0.0,43
0.0,0,0.0,0,0.0,0,0.0,0,0.0,0,7.6923076923076925,1,0.0,0,0.0,0,0.5,13,7.142857142857143,2,0.0,0,3.5714285714285716,1,3.5714285714285716,1,3.5714285714285716,1,3.5714285714285716,1,0.0,0,0.0,0,0.3333333333333333,28
6.451612903225806,2,0.0,0,6.451612903225806,2,0.0,0,0.0,0,3.225806451612903,1,0.0,0,0.0,0,0.3333333333333333,31,8.695652173913043,4,0.0,0,4.3478260869565215,2,4.3478260869565215,2,2.1739130434782608,1,2.1739130434782608,1,0.0,0,2.1739130434782608,1,0.3333333333333333,46
3.3333333333333335,1,0.0,0,0.0,0,3.3333333333333335,1,0.0,0,3.3333333333333335,1,0.0,0,3.3333333333333335,1,1.0,30,2.0833333333333335,1,0.0,0,2.0833333333333335,1,0.0,0,0.0,0,2.0833333333333335,1,0.0,0,0.0,0,0.25,48
0.0,0,0.0,0,0.0,0,0.0,0,0.0,0,0.0,0,0.0,0,0.0,0,0.0,11,1.7543859649122806,1,0.0,0,0.0,0,1.7543859649122806,1,1.7543859649122806,1,0.0,0,0.0,0,1.7543859649122806,1,0.0,57
14.285714285714286,2,0.0,0,0.0,0,14.285714285714286,2,0.0,0,14.285714285714286,2,0.0,0,0.0,0,1.0,14,5.128205128205129,2,0.0,0,2.5641025641025643,1,2.5641025641025643,1,2.5641025641025643,1,2.5641025641025643,1,0.0,0,0.0,0,0.25,39
15.384615384615385,2,0.0,0,15.384615384615385,2,0.0,0,0.0,0,0.0,0,0.0,0,0.0,0,0.0,13,4.901960784313726,5,0.0,0,1.9607843137254901,2,2.9411764705882355,3,0.9803921568627451,1,0.0,0,0.0,0,0.9803921568627451,1,0.0,102
0.0,0,0.0,0,0.0,0,0.0,0,0.0,0,4.166666666666667,1,0.0,0,0.0,0,1.0,24,4.25531914893617,8,0.0,0,2.6595744680851063,5,1.5957446808510638,3,0.5319148936170213,1,1.5957446808510638,3,0.0,0,0.0,0,0.3333333333333333,188
0.0,0,0.0,0,0.0,0,0.0,0,0.0,0,0.0,0,0.0,0,0.0,0,0.0,12,3.9215686274509802,4,0.0,0,0.9803921568627451,1,2.9411764705882355,3,0.0,0,0.0,0,0.0,0,0.0,0,0.0,102
14.285714285714286,3,0.0,0,9.523809523809524,2,4.761904761904762,1,0.0,0,0.0,0,0.0,0,0.0,0,0.0,21,3.5714285714285716,5,0.0,0,1.4285714285714286,2,2.142857142857143,3,0.0,0,1.4285714285714286,2,0.0,0,0.7142857142857143,1,0.16666666666666666,140
6.024096385542169,5,0.0,0,4.819277108433735,4,1.2048192771084338,1,1.2048192771084338,1,1.2048192771084338,1,2.4096385542168677,2,1.2048192771084338,1,0.25,83,2.9197080291970803,4,0.0,0,0.7299270072992701,1,2.18978102189781,3,0.7299270072992701,1,0.0,0,0.0,0,0.7299270072992701,1,0.0,137
0.0,0,0.0,0,0.0,0,0.0,0,0.0,0,0.0,0,0.0,0,0.0,0,0.0,8,3.389830508474576,4,0.0,0,0.0,0,3.389830508474576,4,0.0,0,0.0,0,0.0,0,0.847457627118644,1,0.0,118
5.882352941176471,1,0.0,0,5.882352941176471,1,0.0,0,0.0,0,0.0,0,0.0,0,0.0,0,0.0,17,5.2631578947368425,6,0.0,0,0.8771929824561403,1,4.385964912280702,5,0.8771929824561403,1,0.8771929824561403,1,0.0,0,0.8771929824561403,1,0.2,114
4.761904761904762,2,0.0,0,2.380952380952381,1,2.380952380952381,1,2.380952380952381,1,0.0,0,0.0,0,0.0,0,0.0,42,5.647840531561462,17,0.0,0,2.990033222591362,9,2.6578073089700998,8,1.3289036544850499,4,0.9966777408637874,3,0.0,0,0.9966777408637874,3,0.15789473684210525,301
0.0,0,0.0,0,0.0,0,0.0,0,0.0,0,0.0,0,0.0,0,0.0,0,0.0,15,5.2117263843648205,16,0.3257328990228013,1,4.234527687296417,13,0.6514657980456026,2,0.6514657980456026,2,1.3029315960912051,4,0.6514657980456026,2,0.9771986970684039,3,0.21052631578947367,307
5.970149253731344,4,0.0,0,2.985074626865672,2,2.985074626865672,2,0.0,0,1.492537313432836,1,0.0,0,0.0,0,0.25,67,3.816793893129771,10,0.0,0,1.9083969465648856,5,1.9083969465648856,5,0.0,0,1.1450381679389312,3,0.3816793893129771,1,0.7633587786259542,2,0.23076923076923078,262
3.484320557491289,10,0.34843205574912894,1,1.0452961672473868,3,2.0905923344947737,6,0.6968641114982579,2,1.7421602787456445,5,0.6968641114982579,2,0.6968641114982579,2,0.2222222222222222,287,5.583756345177665,11,0.0,0,3.553299492385787,7,2.030456852791878,4,1.5228426395939085,3,1.015228426395939,2,0.5076142131979695,1,1.015228426395939,2,0.125,197
0.0,0,0.0,0,0.0,0,0.0,0,0.0,0,0.0,0,0.0,0,0.0,0,0.0,15,3.225806451612903,8,0.0,0,1.6129032258064515,4,1.6129032258064515,4,1.2096774193548387,3,1.6129032258064515,4,0.0,0,1.2096774193548387,3,0.25,248
0.0,0,0.0,0,0.0,0,0.0,0,0.0,0,16.666666666666668,1,0.0,0,0.0,0,1.0,6,1.2345679012345678,1,0.0,0,1.2345679012345678,1,0.0,0,0.0,0,2.4691358024691357,2,0.0,0,1.2345679012345678,1,0.5,81
0.0,0,0.0,0,0.0,0,0.0,0,0.0,0,0.0,0,0.0,0,0.0,0,0.0,21,8.0,2,0.0,0,8.0,2,0.0,0,0.0,0,0.0,0,0.0,0,4.0,1,0.0,25
2.857142857142857,2,0.0,0,2.857142857142857,2,0.0,0,0.0,0,0.0,0,0.0,0,1.4285714285714286,1,0.0,70,2.4691358024691357,2,0.0,0,2.4691358024691357,2,0.0,0,0.0,0,4.938271604938271,4,0.0,0,2.4691358024691357,2,0.75,81
4.615384615384615,3,0.0,0,4.615384615384615,3,0.0,0,0.0,0,1.5384615384615385,1,0.0,0,1.5384615384615385,1,0.25,65,4.8076923076923075,5,0.0,0,1.9230769230769231,2,2.8846153846153846,3,0.9615384615384616,1,3.8461538461538463,4,0.0,0,1.9230769230769231,2,1.0,104
0.0,0,0.0,0,0.0,0,0.0,0,0.0,0,0.0,0,0.0,0,0.0,0,0.0,18,2.830188679245283,3,0.0,0,2.830188679245283,3,0.0,0,0.0,0,3.7735849056603774,4,0.0,0,1.8867924528301887,2,0.5,106
5.882352941176471,2,0.0,0,2.9411764705882355,1,2.9411764705882355,1,0.0,0,8.823529411764707,3,2.9411764705882355,1,2.9411764705882355,1,0.75,34,5.194805194805195,4,0.0,0,3.896103896103896,3,1.2987012987012987,1,2.5974025974025974,2,1.2987012987012987,1,1.2987012987012987,1,1.2987012987012987,1,0.25,77
0.0,0,0.0,0,0.0,0,0.0,0,0.0,0,0.0,0,0.0,0,0.0,0,0.0,9,2.272727272727273,2,0.0,0,2.272727272727273,2,0.0,0,1.1363636363636365,1,3.409090909090909,3,0.0,0,1.1363636363636365,1,0.5,88
1.183431952662722,2,0.0,0,0.591715976331361,1,0.591715976331361,1,0.591715976331361,1,1.7751479289940828,3,0.0,0,0.591715976331361,1,0.2727272727272727,169,4.424778761061947,5,0.0,0,2.6548672566371683,3,1.7699115044247788,2,1.7699115044247788,2,1.7699115044247788,2,0.8849557522123894,1,0.8849557522123894,1,0.2,113
0.0,0,0.0,0,0.0,0,0.0,0,0.0,0,0.0,0,0.0,0,0.0,0,0.0,7,4.065040650406504,5,0.0,0,0.8130081300813008,1,3.252032520325203,4,0.8130081300813008,1,0.8130081300813008,1,0.8130081300813008,1,1.6260162601626016,2,0.2,123
0.0,0,0.0,0,0.0,0,0.0,0,0.0,0,0.0,0,0.0,0,0.0,0,0.0,10,4.065040650406504,5,0.0,0,2.4390243902439024,3,1.6260162601626016,2,0.8130081300813008,1,1.6260162601626016,2,0.8130081300813008,1,1.6260162601626016,2,0.4,123
0.0,0,0.0,0,0.0,0,0.0,0,0.0,0,0.0,0,0.0,0,0.0,0,0.0,6,5.6,7,0.0,0,4.0,5,1.6,2,0.8,1,0.8,1,0.8,1,3.2,4,0.2,125
0.0,0,0.0,0,0.0,0,0.0,0,0.0,0,0.0,0,0.0,0,0.0,0,0.0,18,4.861111111111111,7,0.0,0,2.0833333333333335,3,2.7777777777777777,4,0.6944444444444444,1,1.3888888888888888,2,0.6944444444444444,1,2.7777777777777777,4,0.3333333333333333,144
0.0,0,0.0,0,0.0,0,0.0,0,0.0,0,4.3478260869565215,1,0.0,0,0.0,0,0.3333333333333333,23,6.329113924050633,10,0.0,0,4.430379746835443,7,1.8987341772151898,3,1.2658227848101267,2,0.6329113924050633,1,1.2658227848101267,2,1.8987341772151898,3,0.1111111111111111,158
0.0,0,0.0,0,0.0,0,0.0,0,0.0,0,0.0,0,0.0,0,0.0,0,0.0,15,6.976744186046512,6,0.0,0,4.651162790697675,4,2.3255813953488373,2,2.3255813953488373,2,0.0,0,1.1627906976744187,1,1.1627906976744187,1,0.0,86
0.0,0,0.0,0,0.0,0,0.0,0,0.0,0,0.0,0,0.0,0,0.0,0,0.0,15,4.580152671755725,6,0.0,0,1.5267175572519085,2,3.053435114503817,4,3.816793893129771,5,0.7633587786259542,1,1.5267175572519085,2,2.2900763358778624,3,0.14285714285714285,131
0.0,0,0.0,0,0.0,0,0.0,0,0.0,0,12.5,1,0.0,0,0.0,0,0.5,8,6.211180124223603,10,0.0,0,4.3478260869565215,7,1.8633540372670807,3,0.0,0,2.484472049689441,4,0.6211180124223602,1,2.484472049689441,4,0.375,161
5.555555555555555,1,0.0,0,5.555555555555555,1,0.0,0,0.0,0,0.0,0,5.555555555555555,1,0.0,0,0.0,18,5.202312138728324,9,0.0,0,2.3121387283236996,4,2.8901734104046244,5,0.0,0,2.3121387283236996,4,1.1560693641618498,2,2.8901734104046244,5,0.5714285714285714,173
0.0,0,0.0,0,0.0,0,0.0,0,0.0,0,0.0,0,0.0,0,0.0,0,0.0,5,3.7974683544303796,6,0.0,0,1.8987341772151898,3,1.8987341772151898,3,1.8987341772151898,3,0.6329113924050633,1,0.6329113924050633,1,2.5316455696202533,4,0.14285714285714285,158
7.6923076923076925,1,0.0,0,7.6923076923076925,1,0.0,0,0.0,0,7.6923076923076925,1,0.0,0,0.0,0,0.3333333333333333,13,3.007518796992481,4,0.0,0,1.5037593984962405,2,1.5037593984962405,2,2.255639097744361,3,0.0,0,0.0,0,0.7518796992481203,1,0.0,133
0.0,0,0.0,0,0.0,0,0.0,0,0.0,0,0.0,0,0.0,0,4.3478260869565215,1,0.0,23,7.0,7,0.0,0,2.0,2,5.0,5,1.0,1,2.0,2,0.0,0,2.0,2,0.25,100
0.0,0,0.0,0,0.0,0,0.0,0,0.0,0,5.2631578947368425,2,0.0,0,2.6315789473684212,1,1.0,38,5.0,6,0.0,0,1.6666666666666667,2,3.3333333333333335,4,0.8333333333333334,1,2.5,3,0.0,0,1.6666666666666667,2,0.2857142857142857,120
0.0,0,0.0,0,0.0,0,0.0,0,0.0,0,0.0,0,4.166666666666667,1,0.0,0,0.0,24,2.912621359223301,3,0.0,0,2.912621359223301,3,0.0,0,0.970873786407767,1,0.970873786407767,1,0.0,0,3.883495145631068,4,0.16666666666666666,103
5.714285714285714,2,0.0,0,0.0,0,5.714285714285714,2,0.0,0,0.0,0,0.0,0,2.857142857142857,1,0.0,35,5.063291139240507,4,0.0,0,5.063291139240507,4,0.0,0,0.0,0,1.2658227848101267,1,1.2658227848101267,1,1.2658227848101267,1,0.5,79
0.0,0,0.0,0,0.0,0,0.0,0,0.0,0,0.0,0,0.0,0,4.166666666666667,1,0.0,24,7.865168539325842,7,0.0,0,5.617977528089888,5,2.247191011235955,2,0.0,0,0.0,0,1.1235955056179776,1,3.3707865168539324,3,0.0,89
0.0,0,0.0,0,0.0,0,0.0,0,0.0,0,0.0,0,0.0,0,0.0,0,0.0,1,10.638297872340425,5,0.0,0,4.25531914893617,2,6.382978723404255,3,0.0,0,0.0,0,2.127659574468085,1,4.25531914893617,2,0.0,47
2.816901408450704,2,1.408450704225352,1,1.408450704225352,1,0.0,0,0.0,0,2.816901408450704,2,0.0,0,1.408450704225352,1,0.3333333333333333,71,5.882352941176471,6,0.0,0,4.901960784313726,5,0.9803921568627451,1,0.0,0,0.0,0,2.9411764705882355,3,0.0,0,0.0,102
0.0,0,0.0,0,0.0,0,0.0,0,6.666666666666667,1,0.0,0,0.0,0,0.0,0,0.0,15,3.1578947368421053,3,0.0,0,3.1578947368421053,3,0.0,0,0.0,0,0.0,0,0.0,0,2.1052631578947367,2,0.0,95
5.2631578947368425,7,0.0,0,3.7593984962406015,5,1.5037593984962405,2,0.0,0,3.7593984962406015,5,2.255639097744361,3,1.5037593984962405,2,0.5555555555555556,133,5.376344086021505,5,0.0,0,4.301075268817204,4,1.075268817204301,1,0.0,0,2.150537634408602,2,3.225806451612903,3,1.075268817204301,1,0.4,93
2.380952380952381,1,0.0,0,2.380952380952381,1,0.0,0,0.0,0,4.761904761904762,2,2.380952380952381,1,0.0,0,0.6666666666666666,42,7.608695652173913,7,0.0,0,3.260869565217391,3,4.3478260869565215,4,0.0,0,3.260869565217391,3,1.0869565217391304,1,1.0869565217391304,1,0.4,92
3.7037037037037037,1,0.0,0,3.7037037037037037,1,0.0,0,0.0,0,3.7037037037037037,1,3.7037037037037037,1,0.0,0,0.3333333333333333,27,7.382550335570469,11,0.0,0,3.3557046979865772,5,4.026845637583893,6,0.0,0,2.0134228187919465,3,2.0134228187919465,3,3.3557046979865772,5,0.375,149
0.0,0,0.0,0,0.0,0,0.0,0,0.0,0,10.0,1,0.0,0,0.0,0,1.0,10,2.857142857142857,5,0.0,0,1.7142857142857142,3,1.1428571428571428,2,1.1428571428571428,2,1.7142857142857142,3,0.5714285714285714,1,1.7142857142857142,3,0.25,175
5.882352941176471,1,0.0,0,5.882352941176471,1,0.0,0,5.882352941176471,1,0.0,0,5.882352941176471,1,0.0,0,0.0,17,6.470588235294118,11,0.0,0,3.5294117647058822,6,2.9411764705882355,5,0.0,0,2.3529411764705883,4,1.1764705882352942,2,1.1764705882352942,2,0.4,170
0.0,0,0.0,0,0.0,0,0.0,0,0.0,0,20.0,1,0.0,0,0.0,0,1.0,5,4.3478260869565215,8,0.0,0,0.0,0,4.3478260869565215,8,0.0,0,1.6304347826086956,3,0.0,0,0.0,0,0.16666666666666666,184
4.040404040404041,4,0.0,0,3.0303030303030303,3,1.0101010101010102,1,1.0101010101010102,1,1.0101010101010102,1,0.0,0,4.040404040404041,4,0.09090909090909091,99,3.5714285714285716,7,0.0,0,1.0204081632653061,2,2.5510204081632653,5,0.0,0,1.530612244897959,3,0.0,0,0.0,0,0.42857142857142855,196
0.0,0,0.0,0,0.0,0,0.0,0,0.0,0,0.0,0,0.0,0,0.0,0,0.0,28,3.2085561497326203,6,0.0,0,0.0,0,3.2085561497326203,6,0.5347593582887701,1,1.0695187165775402,2,0.0,0,0.0,0,0.3333333333333333,187
5.555555555555555,1,0.0,0,5.555555555555555,1,0.0,0,0.0,0,0.0,0,0.0,0,5.555555555555555,1,0.0,18,3.6649214659685865,7,0.0,0,0.5235602094240838,1,3.141361256544503,6,0.0,0,2.6178010471204187,5,0.0,0,0.5235602094240838,1,0.5555555555555556,191
6.382978723404255,3,0.0,0,4.25531914893617,2,2.127659574468085,1,0.0,0,2.127659574468085,1,2.127659574468085,1,0.0,0,0.25,47,5.365853658536586,11,0.0,0,0.4878048780487805,1,4.878048780487805,10,0.0,0,2.4390243902439024,5,0.0,0,1.4634146341463414,3,0.5,205
5.172413793103448,3,0.0,0,1.7241379310344827,1,3.4482758620689653,2,3.4482758620689653,2,5.172413793103448,3,1.7241379310344827,1,0.0,0,0.5,58,7.142857142857143,11,0.0,0,4.545454545454546,7,2.5974025974025974,4,1.948051948051948,3,1.948051948051948,3,1.948051948051948,3,1.2987012987012987,2,0.2727272727272727,154
3.8461538461538463,1,0.0,0,0.0,0,3.8461538461538463,1,0.0,0,7.6923076923076925,2,0.0,0,0.0,0,0.5,26,4.25531914893617,8,0.0,0,3.723404255319149,7,0.5319148936170213,1,0.0,0,1.0638297872340425,2,2.127659574468085,4,1.0638297872340425,2,0.16666666666666666,188
0.0,0,0.0,0,0.0,0,0.0,0,0.0,0,10.0,1,0.0,0,0.0,0,1.0,10,6.382978723404255,3,0.0,0,4.25531914893617,2,2.127659574468085,1,4.25531914893617,2,2.127659574468085,1,0.0,0,2.127659574468085,1,0.3333333333333333,47
0.0,0,0.0,0,0.0,0,0.0,0,0.0,0,0.0,0,0.0,0,0.0,0,0.0,12,3.278688524590164,2,0.0,0,0.0,0,3.278688524590164,2,3.278688524590164,2,1.639344262295082,1,0.0,0,4.918032786885246,3,0.3333333333333333,61
0.0,0,0.0,0,0.0,0,0.0,0,0.0,0,0.0,0,0.0,0,0.0,0,0.0,5,6.382978723404255,6,0.0,0,2.127659574468085,2,4.25531914893617,4,0.0,0,3.1914893617021276,3,1.0638297872340425,1,0.0,0,0.25,94
0.0,0,0.0,0,0.0,0,0.0,0,0.0,0,0.0,0,0.0,0,0.0,0,0.0,6,7.5,6,0.0,0,2.5,2,5.0,4,0.0,0,5.0,4,0.0,0,2.5,2,0.6,80
0.0,0,0.0,0,0.0,0,0.0,0,0.0,0,0.0,0,0.0,0,0.0,0,0.0,3,0.0,0,0.0,0,0.0,0,0.0,0,0.0,0,2.272727272727273,2,0.0,0,0.0,0,0.16666666666666666,88
0.0,0,0.0,0,0.0,0,0.0,0,0.0,0,0.0,0,0.0,0,0.0,0,0.0,2,1.25,1,0.0,0,0.0,0,1.25,1,1.25,1,3.75,3,1.25,1,0.0,0,0.3333333333333333,80
9.090909090909092,2,0.0,0,9.090909090909092,2,0.0,0,4.545454545454546,1,4.545454545454546,1,0.0,0,4.545454545454546,1,0.3333333333333333,22,6.0606060606060606,6,0.0,0,2.0202020202020203,2,4.040404040404041,4,2.0202020202020203,2,1.0101010101010102,1,0.0,0,1.0101010101010102,1,0.2,99
0.9900990099009901,1,0.0,0,0.9900990099009901,1,0.0,0,0.0,0,0.0,0,0.0,0,0.9900990099009901,1,0.0,101,1.2618296529968454,4,0.0,0,0.31545741324921134,1,0.9463722397476341,3,0.31545741324921134,1,2.5236593059936907,8,0.31545741324921134,1,0.6309148264984227,2,0.3125,317
7.317073170731708,3,0.0,0,2.4390243902439024,1,4.878048780487805,2,0.0,0,0.0,0,0.0,0,4.878048780487805,2,0.0,41,1.8181818181818181,2,0.0,0,0.0,0,1.8181818181818181,2,0.0,0,0.0,0,0.0,0,0.0,0,0.0,110
2.985074626865672,2,0.0,0,2.985074626865672,2,0.0,0,0.0,0,0.0,0,1.492537313432836,1,1.492537313432836,1,0.0,67,3.821656050955414,6,0.0,0,1.2738853503184713,2,2.5477707006369426,4,0.0,0,1.2738853503184713,2,0.0,0,0.0,0,0.3333333333333333,157
9.375,3,0.0,0,3.125,1,6.25,2,0.0,0,6.25,2,0.0,0,0.0,0,0.6666666666666666,32,7.936507936507937,10,0.0,0,3.1746031746031744,4,4.761904761904762,6,0.0,0,1.5873015873015872,2,1.5873015873015872,2,3.1746031746031744,4,0.3333333333333333,126
5.2631578947368425,1,0.0,0,5.2631578947368425,1,0.0,0,0.0,0,0.0,0,0.0,0,5.2631578947368425,1,0.0,19,5.2631578947368425,5,0.0,0,3.1578947368421053,3,2.1052631578947367,2,0.0,0,1.0526315789473684,1,1.0526315789473684,1,0.0,0,0.3333333333333333,95
5.882352941176471,1,0.0,0,5.882352941176471,1,0.0,0,5.882352941176471,1,0.0,0,5.882352941176471,1,0.0,0,0.0,17,5.454545454545454,6,0.0,0,4.545454545454546,5,0.9090909090909091,1,0.0,0,2.727272727272727,3,0.9090909090909091,1,2.727272727272727,3,0.75,110
0.0,0,0.0,0,0.0,0,0.0,0,0.0,0,2.9411764705882355,2,0.0,0,0.0,0,0.3333333333333333,68,3.910614525139665,7,0.0,0,1.675977653631285,3,2.2346368715083798,4,0.5586592178770949,1,2.793296089385475,5,0.5586592178770949,1,2.2346368715083798,4,0.3333333333333333,179
4.0,1,0.0,0,0.0,0,4.0,1,0.0,0,0.0,0,0.0,0,0.0,0,0.0,25,4.109589041095891,6,0.0,0,2.0547945205479454,3,2.0547945205479454,3,0.684931506849315,1,1.36986301369863,2,0.0,0,1.36986301369863,2,0.4,146
7.6923076923076925,2,0.0,0,3.8461538461538463,1,3.8461538461538463,1,0.0,0,0.0,0,0.0,0,0.0,0,0.0,26,5.555555555555555,10,0.0,0,3.3333333333333335,6,2.2222222222222223,4,1.6666666666666667,3,1.1111111111111112,2,0.0,0,0.5555555555555556,1,0.2222222222222222,180
0.0,0,0.0,0,0.0,0,0.0,0,0.0,0,0.0,0,0.0,0,0.0,0,0.0,17,6.25,8,0.0,0,2.34375,3,3.90625,5,0.78125,1,1.5625,2,0.0,0,2.34375,3,0.2857142857142857,128
8.333333333333334,2,0.0,0,8.333333333333334,2,0.0,0,0.0,0,4.166666666666667,1,0.0,0,4.166666666666667,1,0.5,24,3.7313432835820897,5,0.0,0,1.492537313432836,2,2.2388059701492535,3,0.0,0,2.2388059701492535,3,0.0,0,0.746268656716418,1,0.3333333333333333,134
0.0,0,0.0,0,0.0,0,0.0,0,4.761904761904762,1,4.761904761904762,1,0.0,0,0.0,0,1.0,21,3.592814371257485,6,0.0,0,1.1976047904191616,2,2.395209580838323,4,0.5988023952095808,1,0.0,0,0.0,0,1.1976047904191616,2,0.0,167
0.0,0,0.0,0,0.0,0,0.0,0,0.0,0,0.0,0,0.0,0,0.0,0,0.0,20,3.90625,5,0.0,0,1.5625,2,2.34375,3,1.5625,2,4.6875,6,0.78125,1,2.34375,3,0.8,128
0.0,0,0.0,0,0.0,0,0.0,0,0.0,0,0.0,0,0.0,0,0.0,0,0.0,4,5.594405594405594,8,0.6993006993006993,1,2.097902097902098,3,2.797202797202797,4,0.0,0,2.797202797202797,4,0.0,0,2.097902097902098,3,0.6666666666666666,143
0.0,0,0.0,0,0.0,0,0.0,0,0.0,0,16.666666666666668,1,0.0,0,0.0,0,1.0,6,7.2727272727272725,8,0.0,0,3.6363636363636362,4,3.6363636363636362,4,0.0,0,3.6363636363636362,4,0.0,0,3.6363636363636362,4,0.8,110
16.666666666666668,1,0.0,0,16.666666666666668,1,0.0,0,0.0,0,0.0,0,0.0,0,16.666666666666668,1,0.0,6,2.542372881355932,3,0.0,0,1.694915254237288,2,0.847457627118644,1,0.847457627118644,1,1.694915254237288,2,0.0,0,1.694915254237288,2,0.4,118
0.0,0,0.0,0,0.0,0,0.0,0,3.4482758620689653,1,3.4482758620689653,1,0.0,0,0.0,0,0.5,29,5.128205128205129,6,0.0,0,0.8547008547008547,1,4.273504273504273,5,0.8547008547008547,1,2.5641025641025643,3,0.0,0,1.7094017094017093,2,0.5,117
0.0,0,0.0,0,0.0,0,0.0,0,0.0,0,0.0,0,0.0,0,0.0,0,0.0,16,6.896551724137931,2,0.0,0,0.0,0,6.896551724137931,2,0.0,0,0.0,0,0.0,0,6.896551724137931,2,0.0,29
0.0,0,0.0,0,0.0,0,0.0,0,0.0,0,0.0,0,0.0,0,0.0,0,0.0,11,3.3333333333333335,1,0.0,0,3.3333333333333335,1,0.0,0,0.0,0,0.0,0,0.0,0,3.3333333333333335,1,0.0,30
0.0,0,0.0,0,0.0,0,0.0,0,0.0,0,7.6923076923076925,1,0.0,0,0.0,0,1.0,13,3.8461538461538463,1,0.0,0,3.8461538461538463,1,0.0,0,0.0,0,3.8461538461538463,1,0.0,0,0.0,0,0.5,26
0.0,0,0.0,0,0.0,0,0.0,0,0.0,0,0.0,0,0.0,0,0.0,0,0.0,17,5.0,1,0.0,0,5.0,1,0.0,0,5.0,1,0.0,0,0.0,0,15.0,3,0.0,20
0.0,0,0.0,0,0.0,0,0.0,0,0.0,0,0.0,0,0.0,0,0.0,0,0.0,3,5.555555555555555,1,0.0,0,5.555555555555555,1,0.0,0,0.0,0,0.0,0,0.0,0,16.666666666666668,3,0.0,18
3.4482758620689653,1,0.0,0,3.4482758620689653,1,0.0,0,0.0,0,3.4482758620689653,1,0.0,0,0.0,0,0.5,29,1.8181818181818181,1,0.0,0,0.0,0,1.8181818181818181,1,0.0,0,3.6363636363636362,2,0.0,0,1.8181818181818181,1,0.6666666666666666,55
7.936507936507937,5,0.0,0,0.0,0,7.936507936507937,5,0.0,0,0.0,0,0.0,0,0.0,0,0.0,63,2.857142857142857,2,0.0,0,0.0,0,2.857142857142857,2,0.0,0,1.4285714285714286,1,0.0,0,1.4285714285714286,1,0.3333333333333333,70
0.0,0,0.0,0,0.0,0,0.0,0,0.0,0,0.0,0,0.0,0,3.4482758620689653,1,0.0,29,1.5873015873015872,1,0.0,0,1.5873015873015872,1,0.0,0,0.0,0,3.1746031746031744,2,0.0,0,0.0,0,0.6666666666666666,63
0.0,0,0.0,0,0.0,0,0.0,0,0.0,0,0.0,0,0.0,0,0.0,0,0.0,12,5.194805194805195,4,0.0,0,1.2987012987012987,1,3.896103896103896,3,0.0,0,1.2987012987012987,1,1.2987012987012987,1,1.2987012987012987,1,0.3333333333333333,77
5.2631578947368425,1,0.0,0,0.0,0,5.2631578947368425,1,0.0,0,10.526315789473685,2,0.0,0,5.2631578947368425,1,0.5,19,1.5625,1,0.0,0,0.0,0,1.5625,1,0.0,0,3.125,2,0.0,0,1.5625,1,0.5,64
2.857142857142857,1,0.0,0,0.0,0,2.857142857142857,1,0.0,0,0.0,0,0.0,0,0.0,0,0.0,35,2.4390243902439024,2,0.0,0,1.2195121951219512,1,1.2195121951219512,1,1.2195121951219512,1,0.0,0,0.0,0,2.4390243902439024,2,0.0,82
0.0,0,0.0,0,0.0,0,0.0,0,4.3478260869565215,1,0.0,0,0.0,0,0.0,0,0.0,23,4.545454545454546,5,0.0,0,0.9090909090909091,1,3.6363636363636362,4,1.8181818181818181,2,0.9090909090909091,1,0.0,0,0.9090909090909091,1,0.1111111111111111,110
3.9215686274509802,2,0.0,0,1.9607843137254901,1,1.9607843137254901,1,1.9607843137254901,1,0.0,0,1.9607843137254901,1,0.0,0,0.0,51,4.301075268817204,4,0.0,0,1.075268817204301,1,3.225806451612903,3,1.075268817204301,1,0.0,0,0.0,0,0.0,0,0.0,93
0.0,0,0.0,0,0.0,0,0.0,0,0.0,0,0.0,0,0.0,0,0.0,0,0.0,18,4.109589041095891,6,0.0,0,2.0547945205479454,3,2.0547945205479454,3,0.684931506849315,1,0.0,0,0.0,0,2.73972602739726,4,0.0,146
4.761904761904762,1,0.0,0,4.761904761904762,1,0.0,0,0.0,0,4.761904761904762,1,4.761904761904762,1,0.0,0,1.0,21,3.75,6,0.0,0,1.25,2,2.5,4,1.25,2,0.0,0,0.0,0,1.25,2,0.0,160
0.0,0,0.0,0,0.0,0,0.0,0,0.0,0,4.761904761904762,1,0.0,0,0.0,0,0.3333333333333333,21,2.0725388601036268,4,0.0,0,1.0362694300518134,2,1.0362694300518134,2,1.0362694300518134,2,0.0,0,0.0,0,0.5181347150259067,1,0.0,193
1.5748031496062993,2,0.0,0,0.7874015748031497,1,0.7874015748031497,1,0.7874015748031497,1,0.7874015748031497,1,0.7874015748031497,1,0.7874015748031497,1,0.125,127,3.4334763948497855,8,0.0,0,1.7167381974248928,4,1.7167381974248928,4,1.7167381974248928,4,0.8583690987124464,2,0.0,0,0.4291845493562232,1,0.10526315789473684,233
4.123711340206185,8,0.0,0,4.123711340206185,8,0.0,0,3.0927835051546393,6,1.0309278350515463,2,2.0618556701030926,4,0.0,0,0.125,194,3.982300884955752,9,0.0,0,2.6548672566371683,6,1.3274336283185841,3,0.4424778761061947,1,1.7699115044247788,4,0.0,0,1.3274336283185841,3,0.2222222222222222,226
12.5,1,0.0,0,12.5,1,0.0,0,0.0,0,0.0,0,0.0,0,0.0,0,0.0,8,5.172413793103448,3,0.0,0,3.4482758620689653,2,1.7241379310344827,1,0.0,0,3.4482758620689653,2,0.0,0,1.7241379310344827,1,1.0,58
0.0,0,0.0,0,0.0,0,0.0,0,0.0,0,0.0,0,0.0,0,0.0,0,0.0,12,5.0,8,0.0,0,1.25,2,3.75,6,0.0,0,1.25,2,0.0,0,1.875,3,0.125,160
5.660377358490566,6,0.0,0,4.716981132075472,5,0.9433962264150944,1,0.0,0,2.830188679245283,3,0.0,0,2.830188679245283,3,0.17647058823529413,106,4.324324324324325,8,0.0,0,0.0,0,4.324324324324325,8,0.5405405405405406,1,3.2432432432432434,6,0.0,0,1.0810810810810811,2,0.3125,185
0.0,0,0.0,0,0.0,0,0.0,0,0.0,0,0.0,0,0.0,0,0.0,0,0.0,8,2.4691358024691357,2,0.0,0,0.0,0,2.4691358024691357,2,0.0,0,0.0,0,0.0,0,0.0,0,0.0,81
0.0,0,0.0,0,0.0,0,0.0,0,20.0,1,0.0,0,0.0,0,20.0,1,0.0,5,2.7777777777777777,3,0.0,0,0.0,0,2.7777777777777777,3,0.0,0,2.7777777777777777,3,0.0,0,0.9259259259259259,1,0.42857142857142855,108
15.384615384615385,2,0.0,0,7.6923076923076925,1,7.6923076923076925,1,0.0,0,0.0,0,0.0,0,7.6923076923076925,1,0.0,13,1.5151515151515151,2,0.0,0,0.0,0,1.5151515151515151,2,0.0,0,2.272727272727273,3,0.0,0,0.7575757575757576,1,0.2222222222222222,132
4.3478260869565215,1,0.0,0,4.3478260869565215,1,0.0,0,0.0,0,0.0,0,0.0,0,0.0,0,0.0,23,4.104477611940299,11,0.373134328358209,1,2.611940298507463,7,1.1194029850746268,3,1.492537313432836,4,0.746268656716418,2,0.0,0,0.373134328358209,1,0.10526315789473684,268
0.49504950495049505,1,0.0,0,0.0,0,0.49504950495049505,1,0.0,0,0.9900990099009901,2,0.0,0,0.49504950495049505,1,0.16666666666666666,202,1.7045454545454546,3,0.0,0,1.1363636363636365,2,0.5681818181818182,1,0.0,0,1.1363636363636365,2,0.0,0,0.5681818181818182,1,0.16666666666666666,176
3.225806451612903,1,0.0,0,0.0,0,3.225806451612903,1,0.0,0,0.0,0,0.0,0,0.0,0,0.0,31,2.978723404255319,7,0.0,0,2.127659574468085,5,0.851063829787234,2,0.0,0,2.127659574468085,5,0.0,0,0.425531914893617,1,0.35714285714285715,235
0.0,0,0.0,0,0.0,0,0.0,0,8.333333333333334,1,0.0,0,8.333333333333334,1,0.0,0,0.0,12,1.2875536480686696,3,0.0,0,1.2875536480686696,3,0.0,0,0.4291845493562232,1,1.7167381974248928,4,0.0,0,0.0,0,0.3333333333333333,233
0.0,0,0.0,0,0.0,0,0.0,0,0.0,0,0.0,0,0.0,0,0.0,0,0.0,10,4.0,8,0.0,0,3.5,7,0.5,1,0.0,0,1.5,3,0.0,0,1.0,2,0.3,200
0.0,0,0.0,0,0.0,0,0.0,0,0.0,0,3.125,1,0.0,0,0.0,0,1.0,32,2.7649769585253456,6,0.0,0,1.8433179723502304,4,0.9216589861751152,2,1.3824884792626728,3,1.8433179723502304,4,0.9216589861751152,2,1.3824884792626728,3,0.2857142857142857,217
3.7383177570093458,4,0.0,0,3.7383177570093458,4,0.0,0,0.0,0,3.7383177570093458,4,0.9345794392523364,1,0.0,0,0.3333333333333333,107,3.65296803652968,8,0.0,0,2.2831050228310503,5,1.36986301369863,3,0.91324200913242,2,1.36986301369863,3,0.91324200913242,2,1.82648401826484,4,0.3,219
1.1904761904761905,2,0.0,0,1.1904761904761905,2,0.0,0,0.0,0,2.380952380952381,4,0.5952380952380952,1,0.5952380952380952,1,0.4444444444444444,168,3.3834586466165413,9,0.0,0,3.007518796992481,8,0.37593984962406013,1,0.37593984962406013,1,1.8796992481203008,5,0.7518796992481203,2,0.7518796992481203,2,0.2222222222222222,266
2.7522935779816513,3,0.0,0,1.834862385321101,2,0.9174311926605505,1,1.834862385321101,2,0.9174311926605505,1,1.834862385321101,2,0.9174311926605505,1,0.14285714285714285,109,2.3696682464454977,5,0.0,0,1.8957345971563981,4,0.47393364928909953,1,0.47393364928909953,1,0.9478672985781991,2,1.4218009478672986,3,0.47393364928909953,1,0.13333333333333333,211
0.0,0,0.0,0,0.0,0,0.0,0,0.0,0,7.6923076923076925,1,0.0,0,0.0,0,1.0,13,5.714285714285714,14,1.2244897959183674,3,2.0408163265306123,5,2.4489795918367347,6,0.40816326530612246,1,2.857142857142857,7,0.8163265306122449,2,1.6326530612244898,4,0.46153846153846156,245
1.492537313432836,1,0.0,0,1.492537313432836,1,0.0,0,0.0,0,2.985074626865672,2,0.0,0,0.0,0,0.2857142857142857,67,2.1621621621621623,4,0.0,0,1.6216216216216217,3,0.5405405405405406,1,0.0,0,1.6216216216216217,3,0.0,0,1.0810810810810811,2,0.375,185
0.0,0,0.0,0,0.0,0,0.0,0,0.0,0,2.0,1,0.0,0,0.0,0,0.25,50,1.5873015873015872,2,0.0,0,1.5873015873015872,2,0.0,0,0.0,0,0.7936507936507936,1,0.0,0,1.5873015873015872,2,0.2,126
5.882352941176471,1,5.882352941176471,1,0.0,0,0.0,0,0.0,0,0.0,0,0.0,0,0.0,0,0.0,17,0.0,0,0.0,0,0.0,0,0.0,0,0.746268656716418,1,1.492537313432836,2,0.746268656716418,1,0.746268656716418,1,0.25,134
0.0,0,0.0,0,0.0,0,0.0,0,0.0,0,0.0,0,0.0,0,0.0,0,0.0,8,2.4539877300613497,4,0.0,0,1.2269938650306749,2,1.2269938650306749,2,0.6134969325153374,1,1.2269938650306749,2,0.6134969325153374,1,0.0,0,0.2857142857142857,163
0.0,0,0.0,0,0.0,0,0.0,0,0.0,0,5.0,1,0.0,0,0.0,0,1.0,20,2.4193548387096775,3,0.0,0,1.6129032258064515,2,0.8064516129032258,1,0.8064516129032258,1,0.8064516129032258,1,0.0,0,0.0,0,0.16666666666666666,124
0.0,0,0.0,0,0.0,0,0.0,0,0.0,0,0.0,0,0.0,0,0.0,0,0.0,12,1.492537313432836,1,0.0,0,0.0,0,1.492537313432836,1,1.492537313432836,1,1.492537313432836,1,0.0,0,1.492537313432836,1,0.2,67
2.255639097744361,3,0.0,0,1.5037593984962405,2,0.7518796992481203,1,0.7518796992481203,1,3.007518796992481,4,0.7518796992481203,1,0.7518796992481203,1,0.2727272727272727,133,3.883495145631068,4,0.0,0,1.941747572815534,2,1.941747572815534,2,0.0,0,0.970873786407767,1,0.970873786407767,1,1.941747572815534,2,0.14285714285714285,103
4.545454545454546,1,0.0,0,0.0,0,4.545454545454546,1,0.0,0,0.0,0,4.545454545454546,1,0.0,0,0.0,22,3.7383177570093458,4,0.0,0,1.8691588785046729,2,1.8691588785046729,2,0.9345794392523364,1,1.8691588785046729,2,0.0,0,2.803738317757009,3,0.3333333333333333,107
0.0,0,0.0,0,0.0,0,0.0,0,2.7777777777777777,1,5.555555555555555,2,0.0,0,0.0,0,0.5,36,2.816901408450704,2,0.0,0,1.408450704225352,1,1.408450704225352,1,0.0,0,2.816901408450704,2,0.0,0,2.816901408450704,2,0.5,71
2.0,3,0.0,0,1.3333333333333333,2,0.6666666666666666,1,0.0,0,0.0,0,0.6666666666666666,1,0.6666666666666666,1,0.0,150,1.8181818181818181,2,0.0,0,0.9090909090909091,1,0.9090909090909091,1,0.9090909090909091,1,1.8181818181818181,2,0.9090909090909091,1,0.0,0,0.2222222222222222,110
0.7633587786259542,1,0.0,0,0.7633587786259542,1,0.0,0,3.053435114503817,4,5.343511450381679,7,0.7633587786259542,1,0.0,0,0.4444444444444444,131,5.369127516778524,8,0.0,0,3.3557046979865772,5,2.0134228187919465,3,0.6711409395973155,1,0.0,0,0.6711409395973155,1,2.684563758389262,4,0.0,149
0.0,0,0.0,0,0.0,0,0.0,0,0.0,0,0.0,0,0.0,0,0.0,0,0.0,16,5.0,2,0.0,0,2.5,1,2.5,1,0.0,0,5.0,2,0.0,0,0.0,0,0.6666666666666666,40
0.0,0,0.0,0,0.0,0,0.0,0,0.0,0,5.0,1,0.0,0,5.0,1,0.5,20,5.741626794258373,12,0.0,0,4.30622009569378,9,1.4354066985645932,3,1.9138755980861244,4,1.9138755980861244,4,0.4784688995215311,1,0.0,0,0.18181818181818182,209
0.0,0,0.0,0,0.0,0,0.0,0,0.0,0,0.0,0,0.0,0,0.0,0,0.0,4,4.109589041095891,9,0.45662100456621,1,1.36986301369863,3,2.2831050228310503,5,0.91324200913242,2,3.1963470319634704,7,0.0,0,0.91324200913242,2,0.2222222222222222,219
3.225806451612903,1,0.0,0,3.225806451612903,1,0.0,0,0.0,0,0.0,0,0.0,0,3.225806451612903,1,0.0,31,5.2631578947368425,12,0.0,0,3.9473684210526314,9,1.3157894736842106,3,1.3157894736842106,3,1.3157894736842106,3,0.0,0,0.43859649122807015,1,0.1875,228
0.0,0,0.0,0,0.0,0,0.0,0,9.090909090909092,1,9.090909090909092,1,0.0,0,0.0,0,1.0,11,7.894736842105263,3,0.0,0,2.6315789473684212,1,5.2631578947368425,2,0.0,0,0.0,0,0.0,0,0.0,0,0.0,38
10.714285714285714,3,0.0,0,7.142857142857143,2,3.5714285714285716,1,0.0,0,3.5714285714285716,1,3.5714285714285716,1,7.142857142857143,2,0.5,28,7.142857142857143,4,0.0,0,0.0,0,7.142857142857143,4,0.0,0,1.7857142857142858,1,0.0,0,0.0,0,0.3333333333333333,56
50.0,1,0.0,0,0.0,0,50.0,1,0.0,0,0.0,0,0.0,0,0.0,0,0.0,2,2.0618556701030926,2,0.0,0,1.0309278350515463,1,1.0309278350515463,1,0.0,0,1.0309278350515463,1,0.0,0,2.0618556701030926,2,0.25,97
0.0,0,0.0,0,0.0,0,0.0,0,0.0,0,0.0,0,0.0,0,0.0,0,0.0,9,9.174311926605505,10,0.0,0,3.669724770642202,4,5.504587155963303,6,0.0,0,0.0,0,0.0,0,1.834862385321101,2,0.0,109
0.0,0,0.0,0,0.0,0,0.0,0,0.0,0,0.0,0,0.0,0,0.0,0,0.0,15,4.385964912280702,5,0.0,0,0.8771929824561403,1,3.508771929824561,4,0.0,0,0.0,0,0.0,0,0.8771929824561403,1,0.0,114
0.0,0,0.0,0,0.0,0,0.0,0,0.0,0,5.882352941176471,1,0.0,0,0.0,0,0.3333333333333333,17,4.3478260869565215,9,0.0,0,3.3816425120772946,7,0.966183574879227,2,0.0,0,1.4492753623188406,3,0.0,0,0.0,0,0.2727272727272727,207
0.0,0,0.0,0,0.0,0,0.0,0,0.0,0,0.0,0,0.0,0,0.0,0,0.0,10,3.076923076923077,6,0.0,0,2.051282051282051,4,1.0256410256410255,2,1.0256410256410255,2,2.051282051282051,4,0.0,0,0.5128205128205128,1,0.25,195
2.0202020202020203,2,0.0,0,1.0101010101010102,1,1.0101010101010102,1,1.0101010101010102,1,3.0303030303030303,3,1.0101010101010102,1,2.0202020202020203,2,0.18181818181818182,99,4.787234042553192,9,0.0,0,3.723404255319149,7,1.0638297872340425,2,0.5319148936170213,1,1.0638297872340425,2,0.5319148936170213,1,0.5319148936170213,1,0.2222222222222222,188
3.0927835051546393,3,0.0,0,2.0618556701030926,2,1.0309278350515463,1,1.0309278350515463,1,2.0618556701030926,2,0.0,0,2.0618556701030926,2,0.25,97,3.289473684210526,5,0.0,0,1.9736842105263157,3,1.3157894736842106,2,0.6578947368421053,1,1.3157894736842106,2,0.0,0,1.3157894736842106,2,0.2857142857142857,152
0.0,0,0.0,0,0.0,0,0.0,0,0.0,0,5.0,2,0.0,0,2.5,1,0.6666666666666666,40,5.747126436781609,10,0.0,0,2.8735632183908044,5,2.8735632183908044,5,0.5747126436781609,1,2.2988505747126435,4,0.5747126436781609,1,0.5747126436781609,1,0.5714285714285714,174
1.9607843137254901,1,0.0,0,1.9607843137254901,1,0.0,0,0.0,0,7.8431372549019605,4,0.0,0,0.0,0,0.5,51,4.123711340206185,4,0.0,0,3.0927835051546393,3,1.0309278350515463,1,1.0309278350515463,1,2.0618556701030926,2,0.0,0,0.0,0,0.5,97
0.0,0,0.0,0,0.0,0,0.0,0,0.0,0,0.0,0,0.0,0,0.0,0,0.0,2,5.504587155963303,6,0.0,0,3.669724770642202,4,1.834862385321101,2,1.834862385321101,2,0.9174311926605505,1,0.0,0,0.9174311926605505,1,0.25,109
7.317073170731708,3,0.0,0,2.4390243902439024,1,4.878048780487805,2,2.4390243902439024,1,0.0,0,0.0,0,2.4390243902439024,1,0.0,41,6.140350877192983,7,0.0,0,4.385964912280702,5,1.7543859649122806,2,0.8771929824561403,1,0.0,0,0.8771929824561403,1,0.8771929824561403,1,0.0,114
0.0,0,0.0,0,0.0,0,0.0,0,0.0,0,10.0,1,0.0,0,0.0,0,1.0,10,2.4390243902439024,2,0.0,0,1.2195121951219512,1,1.2195121951219512,1,1.2195121951219512,1,1.2195121951219512,1,0.0,0,1.2195121951219512,1,0.25,82
0.0,0,0.0,0,0.0,0,0.0,0,0.0,0,0.0,0,0.0,0,0.0,0,0.0,4,4.819277108433735,4,0.0,0,2.4096385542168677,2,2.4096385542168677,2,0.0,0,0.0,0,0.0,0,1.2048192771084338,1,0.0,83
0.0,0,0.0,0,0.0,0,0.0,0,0.0,0,0.0,0,0.0,0,0.0,0,0.0,15,3.7037037037037037,2,0.0,0,0.0,0,3.7037037037037037,2,1.8518518518518519,1,1.8518518518518519,1,0.0,0,1.8518518518518519,1,0.3333333333333333,54
5.0,1,0.0,0,5.0,1,0.0,0,0.0,0,0.0,0,5.0,1,0.0,0,0.0,20,3.0303030303030303,2,0.0,0,1.5151515151515151,1,1.5151515151515151,1,0.0,0,4.545454545454546,3,0.0,0,1.5151515151515151,1,0.75,66
25.0,1,0.0,0,25.0,1,0.0,0,0.0,0,0.0,0,0.0,0,0.0,0,0.0,4,2.6315789473684212,4,0.0,0,0.6578947368421053,1,1.9736842105263157,3,1.3157894736842106,2,0.0,0,0.6578947368421053,1,0.0,0,0.0,152
4.166666666666667,2,0.0,0,2.0833333333333335,1,2.0833333333333335,1,0.0,0,0.0,0,0.0,0,0.0,0,0.0,48,4.285714285714286,6,0.0,0,0.0,0,4.285714285714286,6,2.142857142857143,3,1.4285714285714286,2,0.0,0,0.0,0,0.25,140
0.0,0,0.0,0,0.0,0,0.0,0,0.0,0,2.6315789473684212,1,0.0,0,0.0,0,0.125,38,3.8461538461538463,5,0.0,0,2.3076923076923075,3,1.5384615384615385,2,0.7692307692307693,1,1.5384615384615385,2,0.0,0,0.0,0,0.25,130
0.8264462809917356,2,0.0,0,0.8264462809917356,2,0.0,0,0.8264462809917356,2,0.0,0,0.8264462809917356,2,0.4132231404958678,1,0.0,242,5.555555555555555,7,0.0,0,3.1746031746031744,4,2.380952380952381,3,1.5873015873015872,2,0.0,0,0.7936507936507936,1,0.0,0,0.0,126
0.0,0,0.0,0,0.0,0,0.0,0,0.0,0,0.0,0,0.0,0,0.0,0,0.0,17,2.112676056338028,3,0.0,0,1.408450704225352,2,0.704225352112676,1,0.0,0,1.408450704225352,2,0.0,0,0.0,0,0.25,142
2.1739130434782608,1,0.0,0,0.0,0,2.1739130434782608,1,2.1739130434782608,1,4.3478260869565215,2,0.0,0,2.1739130434782608,1,0.5,46,7.339449541284404,8,0.0,0,2.7522935779816513,3,4.587155963302752,5,0.0,0,0.9174311926605505,1,0.0,0,0.9174311926605505,1,0.2,109
3.0303030303030303,1,0.0,0,3.0303030303030303,1,0.0,0,0.0,0,3.0303030303030303,1,0.0,0,0.0,0,0.25,33,4.9504950495049505,5,0.0,0,2.9702970297029703,3,1.9801980198019802,2,0.0,0,0.0,0,0.0,0,0.9900990099009901,1,0.0,101
0.0,0,0.0,0,0.0,0,0.0,0,0.0,0,0.0,0,0.0,0,0.0,0,0.0,10,2.3076923076923075,3,0.0,0,0.7692307692307693,1,1.5384615384615385,2,0.0,0,0.0,0,0.0,0,0.0,0,0.0,130
0.0,0,0.0,0,0.0,0,0.0,0,2.0408163265306123,1,2.0408163265306123,1,0.0,0,0.0,0,0.3333333333333333,49,0.8928571428571429,1,0.0,0,0.8928571428571429,1,0.0,0,0.0,0,0.0,0,0.0,0,0.8928571428571429,1,0.0,112
0.0,0,0.0,0,0.0,0,0.0,0,0.0,0,12.5,1,0.0,0,0.0,0,1.0,8,4.545454545454546,1,0.0,0,4.545454545454546,1,0.0,0,0.0,0,0.0,0,0.0,0,0.0,0,0.0,22
0.0,0,0.0,0,0.0,0,0.0,0,0.0,0,0.0,0,0.0,0,0.0,0,0.0,4,8.571428571428571,3,2.857142857142857,1,2.857142857142857,1,2.857142857142857,1,2.857142857142857,1,0.0,0,0.0,0,2.857142857142857,1,0.0,35
0.0,0,0.0,0,0.0,0,0.0,0,0.0,0,0.0,0,0.0,0,0.0,0,0.0,4,7.6923076923076925,2,0.0,0,7.6923076923076925,2,0.0,0,0.0,0,0.0,0,0.0,0,3.8461538461538463,1,0.0,26
0.0,0,0.0,0,0.0,0,0.0,0,0.0,0,0.0,0,0.0,0,0.0,0,0.0,5,6.896551724137931,2,0.0,0,6.896551724137931,2,0.0,0,0.0,0,0.0,0,0.0,0,0.0,0,0.0,29
14.285714285714286,1,0.0,0,14.285714285714286,1,0.0,0,0.0,0,0.0,0,0.0,0,0.0,0,0.0,7,7.142857142857143,2,0.0,0,3.5714285714285716,1,3.5714285714285716,1,0.0,0,0.0,0,0.0,0,0.0,0,0.0,28
0.0,0,0.0,0,0.0,0,0.0,0,0.0,0,0.0,0,0.0,0,0.0,0,0.0,11,2.7888446215139444,7,0.0,0,1.9920318725099602,5,0.796812749003984,2,0.0,0,1.9920318725099602,5,0.0,0,0.0,0,0.26666666666666666,251
0.0,0,0.0,0,0.0,0,0.0,0,0.0,0,6.666666666666667,1,0.0,0,0.0,0,0.5,15,3.755868544600939,8,0.0,0,2.347417840375587,5,1.408450704225352,3,0.4694835680751174,1,0.9389671361502347,2,0.0,0,0.4694835680751174,1,0.1111111111111111,213
4.3478260869565215,1,0.0,0,0.0,0,4.3478260869565215,1,0.0,0,0.0,0,0.0,0,4.3478260869565215,1,0.0,23,2.5089605734767026,7,0.35842293906810035,1,0.7168458781362007,2,1.4336917562724014,4,0.35842293906810035,1,0.7168458781362007,2,0.0,0,0.0,0,0.09090909090909091,279
0.819672131147541,1,0.819672131147541,1,0.0,0,0.0,0,0.0,0,0.819672131147541,1,0.0,0,0.0,0,0.1111111111111111,122,3.883495145631068,8,0.0,0,1.941747572815534,4,1.941747572815534,4,0.4854368932038835,1,1.4563106796116505,3,0.0,0,0.0,0,0.16666666666666666,206
1.3513513513513513,1,0.0,0,0.0,0,1.3513513513513513,1,0.0,0,2.7027027027027026,2,0.0,0,0.0,0,0.2857142857142857,74,1.875,3,0.0,0,0.625,1,1.25,2,0.0,0,1.25,2,0.0,0,0.625,1,0.13333333333333333,160
4.878048780487805,2,0.0,0,2.4390243902439024,1,2.4390243902439024,1,2.4390243902439024,1,0.0,0,0.0,0,2.4390243902439024,1,0.0,41,5.555555555555555,7,0.0,0,0.7936507936507936,1,4.761904761904762,6,0.7936507936507936,1,0.0,0,0.0,0,1.5873015873015872,2,0.0,126
4.166666666666667,2,0.0,0,2.0833333333333335,1,2.0833333333333335,1,0.0,0,0.0,0,0.0,0,2.0833333333333335,1,0.0,48,2.18978102189781,3,0.0,0,0.7299270072992701,1,1.4598540145985401,2,0.0,0,0.7299270072992701,1,0.0,0,1.4598540145985401,2,0.14285714285714285,137
2.857142857142857,2,0.0,0,0.0,0,2.857142857142857,2,1.4285714285714286,1,2.857142857142857,2,0.0,0,0.0,0,0.3333333333333333,70,2.4,3,0.0,0,0.0,0,2.4,3,0.8,1,0.0,0,0.0,0,0.8,1,0.0,125
3.5714285714285716,1,3.5714285714285716,1,0.0,0,0.0,0,0.0,0,0.0,0,0.0,0,3.5714285714285716,1,0.0,28,4.524886877828054,10,0.0,0,3.6199095022624435,8,0.9049773755656109,2,0.45248868778280543,1,1.3574660633484164,3,0.0,0,0.45248868778280543,1,0.11764705882352941,221
0.0,0,0.0,0,0.0,0,0.0,0,0.0,0,0.0,0,0.0,0,0.0,0,0.0,1,6.25,9,0.0,0,4.861111111111111,7,1.3888888888888888,2,1.3888888888888888,2,1.3888888888888888,2,0.0,0,2.0833333333333335,3,0.2,144
0.0,0,0.0,0,0.0,0,0.0,0,0.0,0,0.0,0,0.0,0,0.0,0,0.0,13,4.455445544554456,9,0.0,0,2.4752475247524752,5,1.9801980198019802,4,0.49504950495049505,1,1.9801980198019802,4,0.0,0,1.4851485148514851,3,0.1875,202
0.0,0,0.0,0,0.0,0,0.0,0,0.0,0,0.0,0,0.0,0,0.0,0,0.0,7,3.488372093023256,6,0.0,0,2.3255813953488373,4,1.1627906976744187,2,1.744186046511628,3,1.1627906976744187,2,0.0,0,0.5813953488372093,1,0.15384615384615385,172
0.0,0,0.0,0,0.0,0,0.0,0,0.0,0,0.0,0,0.0,0,0.0,0,0.0,2,4.391891891891892,13,0.0,0,3.7162162162162162,11,0.6756756756756757,2,0.0,0,0.6756756756756757,2,0.0,0,0.33783783783783783,1,0.10526315789473684,296
7.6923076923076925,4,0.0,0,5.769230769230769,3,1.9230769230769231,1,0.0,0,1.9230769230769231,1,1.9230769230769231,1,3.8461538461538463,2,0.25,52,7.23404255319149,17,0.0,0,5.1063829787234045,12,2.127659574468085,5,0.0,0,0.851063829787234,2,0.0,0,1.2765957446808511,3,0.1,235
5.882352941176471,1,0.0,0,5.882352941176471,1,0.0,0,0.0,0,0.0,0,0.0,0,0.0,0,0.0,17,4.237288135593221,10,0.0,0,3.389830508474576,8,0.847457627118644,2,0.423728813559322,1,0.847457627118644,2,0.0,0,0.0,0,0.13333333333333333,236
0.0,0,0.0,0,0.0,0,0.0,0,7.142857142857143,1,0.0,0,0.0,0,0.0,0,0.0,14,5.128205128205129,14,0.0,0,3.663003663003663,10,1.465201465201465,4,0.3663003663003663,1,1.8315018315018314,5,0.0,0,0.7326007326007326,2,0.21428571428571427,273
0.0,0,0.0,0,0.0,0,0.0,0,0.0,0,0.0,0,0.0,0,0.0,0,0.0,4,6.896551724137931,4,0.0,0,1.7241379310344827,1,5.172413793103448,3,3.4482758620689653,2,0.0,0,0.0,0,0.0,0,0.0,58
4.545454545454546,1,0.0,0,4.545454545454546,1,0.0,0,0.0,0,0.0,0,0.0,0,0.0,0,0.0,22,4.081632653061225,2,0.0,0,0.0,0,4.081632653061225,2,2.0408163265306123,1,0.0,0,0.0,0,0.0,0,0.0,49
0.0,0,0.0,0,0.0,0,0.0,0,0.0,0,0.0,0,0.0,0,12.5,1,0.0,8,9.803921568627452,5,0.0,0,3.9215686274509802,2,5.882352941176471,3,1.9607843137254901,1,0.0,0,0.0,0,0.0,0,0.0,51
10.0,1,0.0,0,10.0,1,0.0,0,0.0,0,0.0,0,0.0,0,20.0,2,0.0,10,6.25,3,0.0,0,0.0,0,6.25,3,2.0833333333333335,1,0.0,0,0.0,0,2.0833333333333335,1,0.0,48
8.0,2,0.0,0,4.0,1,4.0,1,0.0,0,0.0,0,0.0,0,4.0,1,0.0,25,3.9215686274509802,2,0.0,0,0.0,0,3.9215686274509802,2,3.9215686274509802,2,0.0,0,0.0,0,0.0,0,0.0,51
2.7777777777777777,1,0.0,0,2.7777777777777777,1,0.0,0,0.0,0,2.7777777777777777,1,0.0,0,0.0,0,1.0,36,4.081632653061225,2,0.0,0,0.0,0,4.081632653061225,2,4.081632653061225,2,0.0,0,0.0,0,0.0,0,0.0,49
0.0,0,0.0,0,0.0,0,0.0,0,0.0,0,0.0,0,0.0,0,0.0,0,0.0,30,10.0,4,0.0,0,5.0,2,5.0,2,0.0,0,0.0,0,0.0,0,0.0,0,0.0,40
12.244897959183673,12,0.0,0,10.204081632653061,10,2.0408163265306123,2,1.0204081632653061,1,2.0408163265306123,2,0.0,0,7.142857142857143,7,0.25,98,7.5,3,0.0,0,2.5,1,5.0,2,2.5,1,0.0,0,0.0,0,0.0,0,0.0,40
2.127659574468085,1,0.0,0,0.0,0,2.127659574468085,1,0.0,0,2.127659574468085,1,0.0,0,0.0,0,0.25,47,7.894736842105263,3,0.0,0,0.0,0,7.894736842105263,3,2.6315789473684212,1,0.0,0,0.0,0,0.0,0,0.0,38
6.25,1,0.0,0,0.0,0,6.25,1,0.0,0,0.0,0,0.0,0,0.0,0,0.0,16,3.6363636363636362,2,0.0,0,0.0,0,3.6363636363636362,2,1.8181818181818181,1,0.0,0,0.0,0,0.0,0,0.0,55
4.918032786885246,3,0.0,0,3.278688524590164,2,1.639344262295082,1,4.918032786885246,3,1.639344262295082,1,0.0,0,0.0,0,0.25,61,8.108108108108109,3,0.0,0,0.0,0,8.108108108108109,3,2.7027027027027026,1,0.0,0,0.0,0,0.0,0,0.0,37
10.0,1,0.0,0,10.0,1,0.0,0,0.0,0,10.0,1,0.0,0,0.0,0,0.5,10,9.523809523809524,4,0.0,0,4.761904761904762,2,4.761904761904762,2,0.0,0,0.0,0,0.0,0,0.0,0,0.0,42
0.0,0,0.0,0,0.0,0,0.0,0,0.0,0,9.090909090909092,2,0.0,0,0.0,0,0.6666666666666666,22,9.75609756097561,4,0.0,0,2.4390243902439024,1,7.317073170731708,3,2.4390243902439024,1,0.0,0,0.0,0,0.0,0,0.0,41
3.5714285714285716,2,0.0,0,1.7857142857142858,1,1.7857142857142858,1,0.0,0,3.5714285714285716,2,0.0,0,1.7857142857142858,1,0.3333333333333333,56,15.909090909090908,7,0.0,0,6.818181818181818,3,9.090909090909092,4,2.272727272727273,1,0.0,0,0.0,0,0.0,0,0.0,44
0.0,0,0.0,0,0.0,0,0.0,0,0.0,0,0.0,0,0.0,0,0.0,0,0.0,17,9.30232558139535,4,0.0,0,2.3255813953488373,1,6.976744186046512,3,2.3255813953488373,1,0.0,0,0.0,0,0.0,0,0.0,43
3.4482758620689653,1,0.0,0,3.4482758620689653,1,0.0,0,0.0,0,6.896551724137931,2,0.0,0,0.0,0,0.5,29,11.11111111111111,5,0.0,0,2.2222222222222223,1,8.88888888888889,4,0.0,0,0.0,0,0.0,0,0.0,0,0.0,45
8.88888888888889,4,2.2222222222222223,1,4.444444444444445,2,2.2222222222222223,1,2.2222222222222223,1,6.666666666666667,3,0.0,0,2.2222222222222223,1,0.5,45,3.9215686274509802,2,0.0,0,1.9607843137254901,1,1.9607843137254901,1,3.9215686274509802,2,0.0,0,0.0,0,0.0,0,0.0,51
0.0,0,0.0,0,0.0,0,0.0,0,0.0,0,0.0,0,0.0,0,0.0,0,0.0,5,7.142857142857143,4,0.0,0,1.7857142857142858,1,5.357142857142857,3,1.7857142857142858,1,0.0,0,0.0,0,0.0,0,0.0,56
0.0,0,0.0,0,0.0,0,0.0,0,0.0,0,0.0,0,0.0,0,0.0,0,0.0,8,1.9230769230769231,1,0.0,0,0.0,0,1.9230769230769231,1,1.9230769230769231,1,0.0,0,0.0,0,0.0,0,0.0,52
7.142857142857143,1,0.0,0,0.0,0,7.142857142857143,1,0.0,0,0.0,0,0.0,0,0.0,0,0.0,14,4.615384615384615,3,0.0,0,3.076923076923077,2,1.5384615384615385,1,0.0,0,0.0,0,1.5384615384615385,1,1.5384615384615385,1,0.0,65
0.0,0,0.0,0,0.0,0,0.0,0,0.0,0,2.5641025641025643,1,0.0,0,0.0,0,0.25,39,3.0303030303030303,2,0.0,0,3.0303030303030303,2,0.0,0,1.5151515151515151,1,0.0,0,1.5151515151515151,1,1.5151515151515151,1,0.0,66
5.2631578947368425,3,0.0,0,1.7543859649122806,1,3.508771929824561,2,0.0,0,0.0,0,0.0,0,3.508771929824561,2,0.0,57,1.550387596899225,2,0.0,0,1.550387596899225,2,0.0,0,1.550387596899225,2,2.3255813953488373,3,0.0,0,2.3255813953488373,3,0.5,129
0.0,0,0.0,0,0.0,0,0.0,0,0.0,0,0.0,0,0.0,0,0.0,0,0.0,5,1.25,2,0.0,0,0.625,1,0.625,1,0.625,1,1.875,3,0.0,0,0.625,1,0.42857142857142855,160
0.0,0,0.0,0,0.0,0,0.0,0,0.0,0,0.0,0,0.0,0,0.0,0,0.0,1,4.938271604938271,8,0.0,0,1.8518518518518519,3,3.0864197530864197,5,1.8518518518518519,3,2.4691358024691357,4,0.0,0,1.8518518518518519,3,0.6666666666666666,162
0.0,0,0.0,0,0.0,0,0.0,0,0.0,0,0.0,0,0.0,0,0.0,0,0.0,14,2.8688524590163933,7,0.0,0,1.639344262295082,4,1.2295081967213115,3,0.819672131147541,2,1.639344262295082,4,0.0,0,0.819672131147541,2,0.19047619047619047,244
5.357142857142857,3,0.0,0,3.5714285714285716,2,1.7857142857142858,1,0.0,0,0.0,0,0.0,0,1.7857142857142858,1,0.0,56,1.694915254237288,3,0.0,0,1.1299435028248588,2,0.5649717514124294,1,1.694915254237288,3,2.824858757062147,5,0.5649717514124294,1,1.694915254237288,3,0.5555555555555556,177
0.0,0,0.0,0,0.0,0,0.0,0,0.0,0,0.0,0,0.0,0,0.0,0,0.0,6,4.705882352941177,8,0.0,0,2.3529411764705883,4,2.3529411764705883,4,0.0,0,1.7647058823529411,3,1.1764705882352942,2,1.7647058823529411,3,0.375,170
0.0,0,0.0,0,0.0,0,0.0,0,4.0,1,8.0,2,0.0,0,0.0,0,0.5,25,1.5,3,0.0,0,0.5,1,1.0,2,0.5,1,2.5,5,0.5,1,1.5,3,0.5555555555555556,200
3.125,2,0.0,0,3.125,2,0.0,0,1.5625,1,3.125,2,0.0,0,3.125,2,0.2857142857142857,64,1.2195121951219512,2,0.0,0,1.2195121951219512,2,0.0,0,0.6097560975609756,1,2.4390243902439024,4,0.0,0,1.829268292682927,3,0.4,164
11.11111111111111,1,0.0,0,0.0,0,11.11111111111111,1,0.0,0,11.11111111111111,1,0.0,0,11.11111111111111,1,1.0,9,2.73972602739726,4,0.0,0,1.36986301369863,2,1.36986301369863,2,1.36986301369863,2,3.4246575342465753,5,0.684931506849315,1,1.36986301369863,2,0.5,146
0.0,0,0.0,0,0.0,0,0.0,0,0.0,0,0.0,0,0.0,0,0.0,0,0.0,3,1.7045454545454546,3,0.0,0,0.5681818181818182,1,1.1363636363636365,2,1.7045454545454546,3,1.7045454545454546,3,0.5681818181818182,1,1.1363636363636365,2,0.2857142857142857,176
0.0,0,0.0,0,0.0,0,0.0,0,0.0,0,0.0,0,0.0,0,0.0,0,0.0,19,1.0869565217391304,2,0.0,0,1.0869565217391304,2,0.0,0,1.6304347826086956,3,2.1739130434782608,4,0.5434782608695652,1,2.1739130434782608,4,0.4444444444444444,184
6.451612903225806,2,0.0,0,3.225806451612903,1,3.225806451612903,1,0.0,0,3.225806451612903,1,0.0,0,0.0,0,0.5,31,2.1052631578947367,4,0.0,0,0.5263157894736842,1,1.5789473684210527,3,1.5789473684210527,3,3.1578947368421053,6,1.0526315789473684,2,1.5789473684210527,3,0.5555555555555556,190
0.0,0,0.0,0,0.0,0,0.0,0,0.0,0,0.0,0,0.0,0,0.0,0,0.0,1,1.5873015873015872,3,0.0,0,0.5291005291005291,1,1.0582010582010581,2,1.0582010582010581,2,2.6455026455026456,5,0.5291005291005291,1,0.5291005291005291,1,0.5555555555555556,189
6.451612903225806,4,0.0,0,4.838709677419355,3,1.6129032258064515,1,0.0,0,4.838709677419355,3,1.6129032258064515,1,3.225806451612903,2,0.4,62,2.9069767441860463,5,0.0,0,1.744186046511628,3,1.1627906976744187,2,0.5813953488372093,1,4.069767441860465,7,1.1627906976744187,2,1.744186046511628,3,0.7777777777777778,172
7.142857142857143,2,0.0,0,7.142857142857143,2,0.0,0,0.0,0,3.5714285714285716,1,3.5714285714285716,1,0.0,0,0.3333333333333333,28,0.6172839506172839,1,0.0,0,0.6172839506172839,1,0.0,0,0.6172839506172839,1,3.7037037037037037,6,0.6172839506172839,1,1.2345679012345678,2,0.5714285714285714,162
6.122448979591836,3,0.0,0,4.081632653061225,2,2.0408163265306123,1,0.0,0,2.0408163265306123,1,4.081632653061225,2,0.0,0,0.25,49,3.1914893617021276,6,0.0,0,1.5957446808510638,3,1.5957446808510638,3,1.5957446808510638,3,2.6595744680851063,5,0.5319148936170213,1,1.5957446808510638,3,0.4,188
0.0,0,0.0,0,0.0,0,0.0,0,0.0,0,6.25,1,0.0,0,0.0,0,0.5,16,0.591715976331361,1,0.0,0,0.0,0,0.591715976331361,1,1.7751479289940828,3,1.183431952662722,2,0.0,0,1.183431952662722,2,0.25,169
0.0,0,0.0,0,0.0,0,0.0,0,0.0,0,0.0,0,0.0,0,0.0,0,0.0,19,2.4038461538461537,5,0.0,0,0.9615384615384616,2,1.4423076923076923,3,1.4423076923076923,3,0.9615384615384616,2,0.0,0,2.8846153846153846,6,0.2,208
0.0,0,0.0,0,0.0,0,0.0,0,0.0,0,0.0,0,0.0,0,0.0,0,0.0,9,3.4965034965034967,5,0.0,0,2.797202797202797,4,0.6993006993006993,1,1.3986013986013985,2,3.4965034965034967,5,0.0,0,1.3986013986013985,2,0.5,143
0.0,0,0.0,0,0.0,0,0.0,0,0.0,0,25.0,1,0.0,0,0.0,0,1.0,4,1.7142857142857142,3,0.0,0,1.1428571428571428,2,0.5714285714285714,1,1.1428571428571428,2,1.7142857142857142,3,0.5714285714285714,1,1.7142857142857142,3,0.42857142857142855,175
0.0,0,0.0,0,0.0,0,0.0,0,0.0,0,0.0,0,0.0,0,0.0,0,0.0,20,2.0689655172413794,3,0.0,0,1.3793103448275863,2,0.6896551724137931,1,0.6896551724137931,1,3.4482758620689653,5,0.0,0,1.3793103448275863,2,0.7142857142857143,145
8.333333333333334,1,0.0,0,8.333333333333334,1,0.0,0,0.0,0,8.333333333333334,1,0.0,0,0.0,0,1.0,12,1.1904761904761905,2,0.0,0,0.0,0,1.1904761904761905,2,1.7857142857142858,3,1.1904761904761905,2,0.0,0,3.5714285714285716,6,0.2857142857142857,168
3.125,1,0.0,0,3.125,1,0.0,0,6.25,2,0.0,0,3.125,1,9.375,3,0.0,32,3.048780487804878,5,0.0,0,1.2195121951219512,2,1.829268292682927,3,1.2195121951219512,2,2.4390243902439024,4,0.0,0,1.829268292682927,3,0.42857142857142855,164
7.8431372549019605,4,0.0,0,7.8431372549019605,4,0.0,0,0.0,0,0.0,0,0.0,0,0.0,0,0.0,51,1.2195121951219512,2,0.0,0,0.0,0,1.2195121951219512,2,0.6097560975609756,1,3.048780487804878,5,0.0,0,0.6097560975609756,1,0.5714285714285714,164
0.0,0,0.0,0,0.0,0,0.0,0,0.0,0,20.0,1,0.0,0,0.0,0,0.5,5,1.9230769230769231,3,0.0,0,0.6410256410256411,1,1.2820512820512822,2,1.2820512820512822,2,1.2820512820512822,2,0.0,0,2.5641025641025643,4,0.3333333333333333,156
9.090909090909092,1,0.0,0,9.090909090909092,1,0.0,0,0.0,0,9.090909090909092,1,0.0,0,0.0,0,0.5,11,3.870967741935484,6,0.0,0,1.935483870967742,3,1.935483870967742,3,0.6451612903225806,1,3.225806451612903,5,0.0,0,1.935483870967742,3,0.7142857142857143,155
11.764705882352942,2,0.0,0,5.882352941176471,1,5.882352941176471,1,0.0,0,0.0,0,0.0,0,5.882352941176471,1,0.0,17,2.18978102189781,3,0.0,0,1.4598540145985401,2,0.7299270072992701,1,0.7299270072992701,1,2.18978102189781,3,0.0,0,2.18978102189781,3,0.5,137
0.0,0,0.0,0,0.0,0,0.0,0,0.0,0,9.090909090909092,2,0.0,0,0.0,0,1.0,22,3.0864197530864197,5,0.0,0,1.8518518518518519,3,1.2345679012345678,2,1.8518518518518519,3,2.4691358024691357,4,0.0,0,0.6172839506172839,1,0.42857142857142855,162
0.0,0,0.0,0,0.0,0,0.0,0,0.0,0,7.6923076923076925,2,0.0,0,0.0,0,0.6666666666666666,26,4.615384615384615,9,0.0,0,2.5641025641025643,5,2.051282051282051,4,1.0256410256410255,2,4.102564102564102,8,1.0256410256410255,2,0.5128205128205128,1,0.625,195
0.0,0,0.0,0,0.0,0,0.0,0,0.0,0,3.8461538461538463,1,0.0,0,0.0,0,0.25,26,1.935483870967742,3,0.0,0,0.6451612903225806,1,1.2903225806451613,2,0.6451612903225806,1,4.516129032258065,7,0.0,0,0.6451612903225806,1,0.42857142857142855,155
0.0,0,0.0,0,0.0,0,0.0,0,0.0,0,5.0,1,0.0,0,0.0,0,0.5,20,3.7383177570093458,4,0.9345794392523364,1,0.9345794392523364,1,1.8691588785046729,2,0.0,0,2.803738317757009,3,0.0,0,0.0,0,0.75,107
5.882352941176471,3,1.9607843137254901,1,3.9215686274509802,2,0.0,0,0.0,0,0.0,0,0.0,0,1.9607843137254901,1,0.0,51,3.1914893617021276,3,0.0,0,1.0638297872340425,1,2.127659574468085,2,0.0,0,2.127659574468085,2,0.0,0,0.0,0,0.6666666666666666,94
5.0,2,0.0,0,5.0,2,0.0,0,0.0,0,0.0,0,0.0,0,2.5,1,0.0,40,3.4482758620689653,4,0.0,0,1.7241379310344827,2,1.7241379310344827,2,0.0,0,1.7241379310344827,2,0.0,0,0.0,0,0.4,116
4.444444444444445,2,0.0,0,4.444444444444445,2,0.0,0,0.0,0,2.2222222222222223,1,0.0,0,0.0,0,0.25,45,1.8867924528301887,3,0.0,0,0.6289308176100629,1,1.2578616352201257,2,0.0,0,1.8867924528301887,3,0.0,0,0.6289308176100629,1,0.42857142857142855,159
8.333333333333334,2,0.0,0,0.0,0,8.333333333333334,2,0.0,0,0.0,0,0.0,0,0.0,0,0.0,24,3.5502958579881656,6,0.0,0,2.366863905325444,4,1.183431952662722,2,0.591715976331361,1,2.366863905325444,4,0.591715976331361,1,1.183431952662722,2,0.4444444444444444,169
14.285714285714286,2,0.0,0,7.142857142857143,1,7.142857142857143,1,0.0,0,0.0,0,0.0,0,0.0,0,0.0,14,3.3707865168539324,6,0.0,0,2.247191011235955,4,1.1235955056179776,2,0.0,0,2.808988764044944,5,0.5617977528089888,1,0.5617977528089888,1,0.375,178
0.0,0,0.0,0,0.0,0,0.0,0,2.127659574468085,1,0.0,0,0.0,0,0.0,0,0.0,47,3.896103896103896,6,0.0,0,3.2467532467532467,5,0.6493506493506493,1,1.948051948051948,3,3.896103896103896,6,0.6493506493506493,1,0.6493506493506493,1,0.6666666666666666,154
0.0,0,0.0,0,0.0,0,0.0,0,0.0,0,3.225806451612903,1,0.0,0,3.225806451612903,1,0.5,31,3.5502958579881656,6,0.0,0,2.366863905325444,4,1.183431952662722,2,0.591715976331361,1,2.366863905325444,4,0.591715976331361,1,1.183431952662722,2,0.42857142857142855,169
3.225806451612903,2,0.0,0,3.225806451612903,2,0.0,0,0.0,0,3.225806451612903,2,1.6129032258064515,1,3.225806451612903,2,0.25,62,4.105571847507331,14,0.0,0,2.6392961876832843,9,1.466275659824047,5,0.2932551319648094,1,2.6392961876832843,9,0.0,0,1.466275659824047,5,0.391304347826087,341
0.0,0,0.0,0,0.0,0,0.0,0,0.0,0,0.0,0,0.0,0,0.0,0,0.0,0,4.472843450479234,14,0.0,0,2.236421725239617,7,2.236421725239617,7,0.9584664536741214,3,4.792332268370607,15,0.6389776357827476,2,3.194888178913738,10,0.4166666666666667,313
5.172413793103448,3,0.0,0,1.7241379310344827,1,3.4482758620689653,2,1.7241379310344827,1,5.172413793103448,3,0.0,0,1.7241379310344827,1,0.75,58,3.7162162162162162,11,0.0,0,1.6891891891891893,5,2.027027027027027,6,1.0135135135135136,3,5.0675675675675675,15,0.0,0,2.7027027027027026,8,0.6086956521739131,296
0.0,0,0.0,0,0.0,0,0.0,0,9.67741935483871,3,0.0,0,0.0,0,3.225806451612903,1,0.0,31,2.6923076923076925,7,0.0,0,1.5384615384615385,4,1.1538461538461537,3,1.5384615384615385,4,2.3076923076923075,6,0.0,0,1.9230769230769231,5,0.3125,260
0.0,0,0.0,0,0.0,0,0.0,0,0.0,0,0.0,0,0.0,0,12.5,3,0.0,24,2.7559055118110236,7,0.0,0,1.5748031496062993,4,1.1811023622047243,3,1.1811023622047243,3,3.1496062992125986,8,0.0,0,1.968503937007874,5,0.3333333333333333,254
0.0,0,0.0,0,0.0,0,0.0,0,0.0,0,0.0,0,0.0,0,0.0,0,0.0,30,5.2805280528052805,16,0.0,0,2.6402640264026402,8,2.6402640264026402,8,2.31023102310231,7,2.9702970297029703,9,0.0,0,1.6501650165016502,5,0.27586206896551724,303
0.8064516129032258,1,0.0,0,0.0,0,0.8064516129032258,1,2.4193548387096775,3,3.225806451612903,4,0.8064516129032258,1,1.6129032258064515,2,0.375,124,5.633802816901408,16,0.0,0,2.464788732394366,7,3.1690140845070425,9,0.704225352112676,2,3.5211267605633805,10,0.0,0,1.056338028169014,3,0.42857142857142855,284
3.2467532467532467,5,0.0,0,1.948051948051948,3,1.2987012987012987,2,0.0,0,1.948051948051948,3,0.6493506493506493,1,0.6493506493506493,1,0.2,154,3.4482758620689653,13,0.0,0,2.1220159151193636,8,1.3262599469496021,5,1.0610079575596818,4,2.1220159151193636,8,0.0,0,2.1220159151193636,8,0.25,377
0.0,0,0.0,0,0.0,0,0.0,0,2.7027027027027026,1,0.0,0,0.0,0,8.108108108108109,3,0.0,37,4.885057471264368,17,0.0,0,3.160919540229885,11,1.7241379310344827,6,1.1494252873563218,4,4.310344827586207,15,0.28735632183908044,1,2.0114942528735633,7,0.42857142857142855,348
5.555555555555555,2,0.0,0,5.555555555555555,2,0.0,0,0.0,0,5.555555555555555,2,2.7777777777777777,1,8.333333333333334,3,0.5,36,3.508771929824561,12,0.0,0,1.4619883040935673,5,2.046783625730994,7,1.4619883040935673,5,4.093567251461988,14,0.29239766081871343,1,2.046783625730994,7,0.4444444444444444,342
0.0,0,0.0,0,0.0,0,0.0,0,0.0,0,6.25,1,0.0,0,0.0,0,0.5,16,4.73186119873817,15,0.0,0,2.8391167192429023,9,1.8927444794952681,6,0.31545741324921134,1,4.100946372239748,13,0.0,0,1.8927444794952681,6,0.5555555555555556,317
3.6036036036036037,4,0.9009009009009009,1,1.8018018018018018,2,0.9009009009009009,1,1.8018018018018018,2,0.9009009009009009,1,0.9009009009009009,1,4.504504504504505,5,0.14285714285714285,111,4.697986577181208,14,0.0,0,3.3557046979865772,10,1.342281879194631,4,1.0067114093959733,3,3.6912751677852347,11,0.6711409395973155,2,3.0201342281879193,9,0.391304347826087,298
8.333333333333334,8,0.0,0,5.208333333333333,5,3.125,3,0.0,0,8.333333333333334,8,0.0,0,5.208333333333333,5,0.6666666666666666,96,2.8846153846153846,9,0.0,0,1.9230769230769231,6,0.9615384615384616,3,0.6410256410256411,2,5.448717948717949,17,0.0,0,2.5641025641025643,8,0.5,312
4.761904761904762,1,0.0,0,4.761904761904762,1,0.0,0,0.0,0,0.0,0,0.0,0,4.761904761904762,1,0.0,21,5.7251908396946565,15,0.0,0,3.435114503816794,9,2.2900763358778624,6,0.3816793893129771,1,4.580152671755725,12,0.3816793893129771,1,0.7633587786259542,2,0.4074074074074074,262
8.333333333333334,1,0.0,0,8.333333333333334,1,0.0,0,0.0,0,0.0,0,0.0,0,0.0,0,0.0,12,4.3478260869565215,11,0.0,0,2.766798418972332,7,1.5810276679841897,4,1.1857707509881423,3,2.3715415019762847,6,0.0,0,3.5573122529644268,9,0.375,253
3.4482758620689653,1,0.0,0,3.4482758620689653,1,0.0,0,0.0,0,3.4482758620689653,1,3.4482758620689653,1,3.4482758620689653,1,0.5,29,3.8596491228070176,11,0.0,0,2.1052631578947367,6,1.7543859649122806,5,0.7017543859649122,2,3.508771929824561,10,0.0,0,2.1052631578947367,6,0.3076923076923077,285
2.9411764705882355,1,0.0,0,2.9411764705882355,1,0.0,0,0.0,0,5.882352941176471,2,0.0,0,0.0,0,0.4,34,6.859205776173285,19,0.0,0,2.888086642599278,8,3.9711191335740073,11,0.36101083032490977,1,3.2490974729241877,9,0.0,0,2.1660649819494586,6,0.35294117647058826,277
0.0,0,0.0,0,0.0,0,0.0,0,0.0,0,0.0,0,0.0,0,0.0,0,0.0,27,4.913294797687861,17,0.0,0,2.8901734104046244,10,2.023121387283237,7,0.8670520231213873,3,4.046242774566474,14,0.0,0,1.4450867052023122,5,0.45454545454545453,346
0.0,0,0.0,0,0.0,0,0.0,0,0.0,0,0.0,0,2.7777777777777777,1,0.0,0,0.0,36,4.4692737430167595,16,0.0,0,2.793296089385475,10,1.675977653631285,6,0.5586592178770949,2,3.631284916201117,13,0.0,0,1.9553072625698324,7,0.23076923076923078,358
2.6315789473684212,1,2.6315789473684212,1,0.0,0,0.0,0,0.0,0,2.6315789473684212,1,2.6315789473684212,1,2.6315789473684212,1,0.5,38,6.528189910979228,22,0.29673590504451036,1,3.857566765578635,13,2.373887240356083,8,1.1869436201780414,4,4.451038575667655,15,0.0,0,1.7804154302670623,6,0.43478260869565216,337
2.9411764705882355,2,0.0,0,2.9411764705882355,2,0.0,0,1.4705882352941178,1,7.352941176470588,5,0.0,0,4.411764705882353,3,0.6666666666666666,68,5.81039755351682,19,0.0,0,4.281345565749236,14,1.529051987767584,5,0.6116207951070336,2,2.4464831804281344,8,0.3058103975535168,1,1.834862385321101,6,0.2413793103448276,327
0.0,0,0.0,0,0.0,0,0.0,0,6.666666666666667,1,0.0,0,0.0,0,6.666666666666667,1,0.0,15,4.416403785488959,14,0.0,0,2.5236593059936907,8,1.8927444794952681,6,1.2618296529968454,4,3.7854889589905363,12,0.0,0,2.2082018927444795,7,0.45,317
0.0,0,0.0,0,0.0,0,0.0,0,0.0,0,5.555555555555555,1,0.0,0,5.555555555555555,1,0.3333333333333333,18,4.285714285714286,12,0.0,0,3.2142857142857144,9,1.0714285714285714,3,1.0714285714285714,3,5.0,14,0.0,0,1.4285714285714286,4,0.4,280
0.0,0,0.0,0,0.0,0,0.0,0,0.0,0,0.0,0,0.0,0,0.0,0,0.0,23,4.946996466431095,14,0.0,0,3.1802120141342756,9,1.7667844522968197,5,1.0600706713780919,3,4.946996466431095,14,0.0,0,2.4734982332155475,7,0.3157894736842105,283
4.054054054054054,3,0.0,0,4.054054054054054,3,0.0,0,0.0,0,1.3513513513513513,1,0.0,0,5.405405405405405,4,0.125,74,4.983388704318937,15,0.0,0,2.990033222591362,9,1.9933554817275747,6,0.9966777408637874,3,2.990033222591362,9,0.33222591362126247,1,1.3289036544850499,4,0.3333333333333333,301
6.122448979591836,3,0.0,0,2.0408163265306123,1,4.081632653061225,2,0.0,0,0.0,0,0.0,0,4.081632653061225,2,0.0,49,4.844290657439446,14,0.0,0,2.7681660899653977,8,2.0761245674740483,6,0.6920415224913494,2,2.422145328719723,7,0.3460207612456747,1,2.0761245674740483,6,0.21428571428571427,289
3.0303030303030303,1,0.0,0,3.0303030303030303,1,0.0,0,3.0303030303030303,1,0.0,0,3.0303030303030303,1,3.0303030303030303,1,0.0,33,3.1358885017421603,9,0.0,0,2.7874564459930316,8,0.34843205574912894,1,0.34843205574912894,1,4.529616724738676,13,0.0,0,3.1358885017421603,9,0.4090909090909091,287
7.216494845360825,7,0.0,0,5.154639175257732,5,2.0618556701030926,2,0.0,0,1.0309278350515463,1,0.0,0,8.24742268041237,8,0.16666666666666666,97,5.6537102473498235,16,0.0,0,3.1802120141342756,9,2.4734982332155475,7,1.7667844522968197,5,4.946996466431095,14,0.0,0,3.5335689045936394,10,0.5238095238095238,283
5.0,2,0.0,0,5.0,2,0.0,0,0.0,0,2.5,1,0.0,0,5.0,2,0.3333333333333333,40,4.861111111111111,14,0.0,0,2.7777777777777777,8,2.0833333333333335,6,1.3888888888888888,4,3.8194444444444446,11,0.0,0,2.0833333333333335,6,0.45,288
0.0,0,0.0,0,0.0,0,0.0,0,0.0,0,8.333333333333334,1,0.0,0,8.333333333333334,1,1.0,12,4.529616724738676,13,0.0,0,3.1358885017421603,9,1.3937282229965158,4,1.3937282229965158,4,5.2264808362369335,15,0.0,0,2.4390243902439024,7,0.4074074074074074,287
2.2222222222222223,1,0.0,0,2.2222222222222223,1,0.0,0,0.0,0,4.444444444444445,2,0.0,0,0.0,0,0.6666666666666666,45,2.9702970297029703,9,0.0,0,2.31023102310231,7,0.6600660066006601,2,1.3201320132013201,4,1.6501650165016502,5,0.0,0,0.0,0,0.26666666666666666,303
0.0,0,0.0,0,0.0,0,0.0,0,2.7777777777777777,1,0.0,0,0.0,0,0.0,0,0.0,36,3.8062283737024223,11,0.0,0,3.114186851211073,9,0.6920415224913494,2,0.0,0,1.0380622837370241,3,0.3460207612456747,1,0.6920415224913494,2,0.21428571428571427,289
3.125,1,0.0,0,3.125,1,0.0,0,0.0,0,3.125,1,0.0,0,0.0,0,0.3333333333333333,32,4.3478260869565215,16,0.0,0,2.989130434782609,11,1.358695652173913,5,0.8152173913043478,3,1.9021739130434783,7,0.2717391304347826,1,0.5434782608695652,2,0.2857142857142857,368
10.344827586206897,3,0.0,0,10.344827586206897,3,0.0,0,0.0,0,0.0,0,0.0,0,0.0,0,0.0,29,3.8910505836575875,10,0.38910505836575876,1,2.3346303501945527,6,1.1673151750972763,3,0.38910505836575876,1,0.7782101167315175,2,0.38910505836575876,1,0.7782101167315175,2,0.18181818181818182,257
8.333333333333334,4,0.0,0,8.333333333333334,4,0.0,0,0.0,0,0.0,0,6.25,3,0.0,0,0.0,48,3.5842293906810037,10,0.0,0,2.5089605734767026,7,1.075268817204301,3,1.075268817204301,3,1.7921146953405018,5,0.0,0,0.35842293906810035,1,0.3076923076923077,279
1.4705882352941178,1,0.0,0,1.4705882352941178,1,0.0,0,0.0,0,2.9411764705882355,2,0.0,0,1.4705882352941178,1,0.5,68,5.47945205479452,4,0.0,0,1.36986301369863,1,4.109589041095891,3,1.36986301369863,1,0.0,0,0.0,0,1.36986301369863,1,0.0,73
6.349206349206349,4,0.0,0,4.761904761904762,3,1.5873015873015872,1,0.0,0,3.1746031746031744,2,3.1746031746031744,2,0.0,0,0.2857142857142857,63,4.225352112676056,3,0.0,0,1.408450704225352,1,2.816901408450704,2,1.408450704225352,1,0.0,0,0.0,0,1.408450704225352,1,0.0,71
0.0,0,0.0,0,0.0,0,0.0,0,0.0,0,5.0,1,0.0,0,0.0,0,0.3333333333333333,20,4.705882352941177,4,0.0,0,0.0,0,4.705882352941177,4,1.1764705882352942,1,0.0,0,0.0,0,1.1764705882352942,1,0.0,85
6.25,2,0.0,0,6.25,2,0.0,0,0.0,0,3.125,1,3.125,1,3.125,1,0.25,32,8.974358974358974,7,0.0,0,5.128205128205129,4,3.8461538461538463,3,0.0,0,0.0,0,0.0,0,0.0,0,0.0,78
7.462686567164179,10,0.0,0,6.7164179104477615,9,0.746268656716418,1,0.0,0,2.2388059701492535,3,0.0,0,4.477611940298507,6,0.3333333333333333,134,6.25,5,0.0,0,2.5,2,3.75,3,1.25,1,0.0,0,0.0,0,0.0,0,0.0,80
2.5641025641025643,2,0.0,0,2.5641025641025643,2,0.0,0,0.0,0,0.0,0,0.0,0,0.0,0,0.0,78,5.405405405405405,4,0.0,0,1.3513513513513513,1,4.054054054054054,3,1.3513513513513513,1,0.0,0,0.0,0,0.0,0,0.0,74
0.0,0,0.0,0,0.0,0,0.0,0,12.5,2,0.0,0,0.0,0,0.0,0,0.0,16,5.797101449275362,4,0.0,0,1.4492753623188406,1,4.3478260869565215,3,0.0,0,0.0,0,0.0,0,0.0,0,0.0,69
0.0,0,0.0,0,0.0,0,0.0,0,0.0,0,0.0,0,0.0,0,0.0,0,0.0,13,4.878048780487805,4,0.0,0,1.2195121951219512,1,3.658536585365854,3,1.2195121951219512,1,0.0,0,0.0,0,0.0,0,0.0,82
6.474820143884892,9,0.0,0,3.597122302158273,5,2.8776978417266186,4,0.0,0,2.8776978417266186,4,0.0,0,1.4388489208633093,2,0.2,139,4.195804195804196,6,0.0,0,2.797202797202797,4,1.3986013986013985,2,0.0,0,2.097902097902098,3,0.0,0,1.3986013986013985,2,0.3333333333333333,143
2.2222222222222223,1,0.0,0,0.0,0,2.2222222222222223,1,0.0,0,0.0,0,0.0,0,2.2222222222222223,1,0.0,45,7.6923076923076925,9,0.0,0,3.4188034188034186,4,4.273504273504273,5,0.8547008547008547,1,0.8547008547008547,1,0.8547008547008547,1,1.7094017094017093,2,0.16666666666666666,117
4.615384615384615,3,0.0,0,3.076923076923077,2,1.5384615384615385,1,0.0,0,0.0,0,0.0,0,3.076923076923077,2,0.0,65,3.389830508474576,4,0.0,0,2.542372881355932,3,0.847457627118644,1,1.694915254237288,2,1.694915254237288,2,0.0,0,0.0,0,0.2857142857142857,118
0.0,0,0.0,0,0.0,0,0.0,0,0.0,0,0.0,0,0.0,0,2.272727272727273,1,0.0,44,3.6036036036036037,4,0.0,0,1.8018018018018018,2,1.8018018018018018,2,1.8018018018018018,2,0.9009009009009009,1,0.0,0,0.9009009009009009,1,0.2,111
0.0,0,0.0,0,0.0,0,0.0,0,0.0,0,5.882352941176471,3,0.0,0,0.0,0,0.6666666666666666,51,2.2598870056497176,4,0.0,0,0.5649717514124294,1,1.694915254237288,3,1.694915254237288,3,1.1299435028248588,2,1.1299435028248588,2,0.0,0,0.1,177
0.6896551724137931,1,0.0,0,0.6896551724137931,1,0.0,0,0.0,0,4.137931034482759,6,0.0,0,0.0,0,0.6666666666666666,145,5.797101449275362,8,0.0,0,2.898550724637681,4,2.898550724637681,4,1.4492753623188406,2,0.7246376811594203,1,0.7246376811594203,1,1.4492753623188406,2,0.2,138
2.9411764705882355,2,0.0,0,2.9411764705882355,2,0.0,0,0.0,0,1.4705882352941178,1,0.0,0,1.4705882352941178,1,0.3333333333333333,68,2.8776978417266186,4,0.0,0,0.7194244604316546,1,2.158273381294964,3,0.7194244604316546,1,0.7194244604316546,1,0.7194244604316546,1,0.0,0,0.14285714285714285,139
2.7027027027027026,6,0.0,0,0.9009009009009009,2,1.8018018018018018,4,0.9009009009009009,2,1.3513513513513513,3,0.0,0,1.3513513513513513,3,0.2,222,1.8181818181818181,2,0.0,0,0.9090909090909091,1,0.9090909090909091,1,0.9090909090909091,1,0.0,0,0.9090909090909091,1,1.8181818181818181,2,0.0,110
8.695652173913043,2,0.0,0,8.695652173913043,2,0.0,0,0.0,0,4.3478260869565215,1,0.0,0,4.3478260869565215,1,1.0,23,2.830188679245283,3,0.0,0,1.8867924528301887,2,0.9433962264150944,1,0.9433962264150944,1,0.9433962264150944,1,0.0,0,0.9433962264150944,1,0.2,106
5.0,2,0.0,0,5.0,2,0.0,0,0.0,0,5.0,2,2.5,1,2.5,1,0.6666666666666666,40,4.032258064516129,5,0.0,0,0.8064516129032258,1,3.225806451612903,4,0.8064516129032258,1,0.8064516129032258,1,0.0,0,0.8064516129032258,1,0.2,124
1.492537313432836,1,0.0,0,1.492537313432836,1,0.0,0,1.492537313432836,1,1.492537313432836,1,0.0,0,0.0,0,0.2,67,2.816901408450704,4,0.0,0,2.112676056338028,3,0.704225352112676,1,0.704225352112676,1,0.704225352112676,1,1.408450704225352,2,1.408450704225352,2,0.125,142
3.0303030303030303,1,0.0,0,3.0303030303030303,1,0.0,0,0.0,0,0.0,0,0.0,0,0.0,0,0.0,33,3.9603960396039604,4,0.0,0,1.9801980198019802,2,1.9801980198019802,2,0.9900990099009901,1,0.9900990099009901,1,0.0,0,0.0,0,0.2,101
1.5873015873015872,1,0.0,0,1.5873015873015872,1,0.0,0,0.0,0,4.761904761904762,3,3.1746031746031744,2,1.5873015873015872,1,0.6666666666666666,63,4.081632653061225,6,0.0,0,2.0408163265306123,3,2.0408163265306123,3,0.6802721088435374,1,0.6802721088435374,1,0.0,0,0.0,0,0.16666666666666666,147
3.225806451612903,2,0.0,0,1.6129032258064515,1,1.6129032258064515,1,0.0,0,1.6129032258064515,1,0.0,0,3.225806451612903,2,0.25,62,4.026845637583893,6,0.0,0,3.3557046979865772,5,0.6711409395973155,1,0.6711409395973155,1,0.6711409395973155,1,0.6711409395973155,1,0.6711409395973155,1,0.09090909090909091,149
3.7735849056603774,2,0.0,0,1.8867924528301887,1,1.8867924528301887,1,0.0,0,3.7735849056603774,2,0.0,0,0.0,0,0.5,53,3.0303030303030303,3,0.0,0,3.0303030303030303,3,0.0,0,2.0202020202020203,2,0.0,0,0.0,0,0.0,0,0.0,99
2.6315789473684212,1,0.0,0,2.6315789473684212,1,0.0,0,0.0,0,5.2631578947368425,2,0.0,0,5.2631578947368425,2,0.6666666666666666,38,5.084745762711864,6,0.0,0,1.694915254237288,2,3.389830508474576,4,0.847457627118644,1,0.0,0,0.847457627118644,1,0.847457627118644,1,0.0,118
0.0,0,0.0,0,0.0,0,0.0,0,0.0,0,5.555555555555555,2,0.0,0,0.0,0,1.0,36,2.5641025641025643,4,0.0,0,0.6410256410256411,1,1.9230769230769231,3,0.6410256410256411,1,1.2820512820512822,2,0.0,0,0.6410256410256411,1,0.1111111111111111,156
2.0408163265306123,1,0.0,0,0.0,0,2.0408163265306123,1,0.0,0,0.0,0,0.0,0,0.0,0,0.0,49,1.1976047904191616,2,0.0,0,0.5988023952095808,1,0.5988023952095808,1,0.5988023952095808,1,0.5988023952095808,1,0.0,0,0.0,0,0.06666666666666667,167
1.7857142857142858,1,0.0,0,1.7857142857142858,1,0.0,0,0.0,0,1.7857142857142858,1,0.0,0,0.0,0,0.1,56,1.5267175572519085,2,0.0,0,0.0,0,1.5267175572519085,2,0.0,0,1.5267175572519085,2,0.0,0,1.5267175572519085,2,0.15384615384615385,131
5.194805194805195,8,0.0,0,2.5974025974025974,4,2.5974025974025974,4,2.5974025974025974,4,3.2467532467532467,5,0.6493506493506493,1,2.5974025974025974,4,0.3076923076923077,154,2.484472049689441,4,0.0,0,1.2422360248447204,2,1.2422360248447204,2,0.6211180124223602,1,1.2422360248447204,2,0.0,0,0.6211180124223602,1,0.15384615384615385,161
0.0,0,0.0,0,0.0,0,0.0,0,5.2631578947368425,1,10.526315789473685,2,0.0,0,0.0,0,1.0,19,2.5974025974025974,4,0.0,0,1.2987012987012987,2,1.2987012987012987,2,0.0,0,1.948051948051948,3,0.6493506493506493,1,0.6493506493506493,1,0.11764705882352941,154
0.0,0,0.0,0,0.0,0,0.0,0,0.0,0,2.9411764705882355,1,0.0,0,0.0,0,0.3333333333333333,34,3.2467532467532467,5,0.0,0,0.6493506493506493,1,2.5974025974025974,4,0.0,0,0.6493506493506493,1,0.0,0,0.6493506493506493,1,0.07692307692307693,154
3.4482758620689653,2,0.0,0,3.4482758620689653,2,0.0,0,0.0,0,5.172413793103448,3,0.0,0,1.7241379310344827,1,0.6666666666666666,58,1.1428571428571428,2,0.0,0,0.5714285714285714,1,0.5714285714285714,1,0.0,0,2.2857142857142856,4,0.0,0,1.1428571428571428,2,0.3333333333333333,175
5.2631578947368425,2,0.0,0,2.6315789473684212,1,2.6315789473684212,1,0.0,0,7.894736842105263,3,2.6315789473684212,1,5.2631578947368425,2,1.0,38,1.408450704225352,2,0.0,0,0.704225352112676,1,0.704225352112676,1,0.0,0,0.704225352112676,1,0.0,0,0.704225352112676,1,0.07692307692307693,142
5.405405405405405,2,0.0,0,2.7027027027027026,1,2.7027027027027026,1,0.0,0,5.405405405405405,2,0.0,0,2.7027027027027026,1,0.5,37,3.076923076923077,4,0.0,0,1.5384615384615385,2,1.5384615384615385,2,0.0,0,1.5384615384615385,2,0.0,0,0.0,0,0.14285714285714285,130
0.0,0,0.0,0,0.0,0,0.0,0,0.0,0,0.0,0,0.0,0,0.0,0,0.0,32,2.1621621621621623,4,0.0,0,0.5405405405405406,1,1.6216216216216217,3,0.5405405405405406,1,1.0810810810810811,2,0.0,0,0.5405405405405406,1,0.09523809523809523,185
7.758620689655173,9,0.0,0,4.310344827586207,5,3.4482758620689653,4,0.0,0,1.7241379310344827,2,0.0,0,3.4482758620689653,4,0.3333333333333333,116,0.5319148936170213,1,0.0,0,0.5319148936170213,1,0.0,0,1.0638297872340425,2,1.0638297872340425,2,0.0,0,0.5319148936170213,1,0.13333333333333333,188
0.0,0,0.0,0,0.0,0,0.0,0,0.0,0,0.0,0,0.0,0,0.0,0,0.0,9,2.9411764705882355,4,0.0,0,0.0,0,2.9411764705882355,4,0.0,0,1.4705882352941178,2,0.0,0,1.4705882352941178,2,0.2,136
0.0,0,0.0,0,0.0,0,0.0,0,0.0,0,0.0,0,0.0,0,0.0,0,0.0,21,3.0120481927710845,5,0.0,0,1.8072289156626506,3,1.2048192771084338,2,0.6024096385542169,1,0.6024096385542169,1,0.0,0,0.0,0,0.08333333333333333,166
0.0,0,0.0,0,0.0,0,0.0,0,0.0,0,5.2631578947368425,2,0.0,0,0.0,0,0.3333333333333333,38,6.965174129353234,14,0.0,0,4.975124378109452,10,1.9900497512437811,4,0.4975124378109453,1,0.4975124378109453,1,0.0,0,0.4975124378109453,1,0.08333333333333333,201
20.0,1,0.0,0,20.0,1,0.0,0,0.0,0,0.0,0,0.0,0,0.0,0,0.0,5,5.970149253731344,8,0.0,0,3.7313432835820897,5,2.2388059701492535,3,0.746268656716418,1,0.746268656716418,1,0.0,0,0.746268656716418,1,0.14285714285714285,134
3.3755274261603376,8,0.0,0,3.3755274261603376,8,0.0,0,0.8438818565400844,2,2.5316455696202533,6,1.2658227848101267,3,1.2658227848101267,3,0.3333333333333333,237,5.9880239520958085,10,0.0,0,4.790419161676646,8,1.1976047904191616,2,0.0,0,0.5988023952095808,1,1.1976047904191616,2,0.0,0,0.08333333333333333,167
9.090909090909092,1,0.0,0,9.090909090909092,1,0.0,0,0.0,0,0.0,0,0.0,0,0.0,0,0.0,11,4.0,5,0.0,0,1.6,2,2.4,3,0.0,0,0.8,1,0.0,0,0.0,0,0.16666666666666666,125
0.0,0,0.0,0,0.0,0,0.0,0,0.0,0,0.0,0,0.0,0,0.0,0,0.0,6,5.69620253164557,9,0.0,0,4.430379746835443,7,1.2658227848101267,2,0.6329113924050633,1,0.6329113924050633,1,0.0,0,0.6329113924050633,1,0.125,158
2.857142857142857,1,0.0,0,2.857142857142857,1,0.0,0,0.0,0,2.857142857142857,1,0.0,0,2.857142857142857,1,0.3333333333333333,35,5.594405594405594,8,0.0,0,4.195804195804196,6,1.3986013986013985,2,0.0,0,0.0,0,0.0,0,1.3986013986013985,2,0.0,143
0.0,0,0.0,0,0.0,0,0.0,0,0.0,0,0.0,0,0.0,0,0.0,0,0.0,5,5.625,9,0.0,0,4.375,7,1.25,2,0.0,0,0.0,0,0.0,0,0.0,0,0.0,160
0.0,0,0.0,0,0.0,0,0.0,0,0.0,0,14.285714285714286,1,0.0,0,0.0,0,1.0,7,4.827586206896552,7,0.0,0,4.137931034482759,6,0.6896551724137931,1,0.0,0,0.0,0,0.6896551724137931,1,0.0,0,0.0,145
0.0,0,0.0,0,0.0,0,0.0,0,0.0,0,12.5,1,0.0,0,0.0,0,0.5,8,4.651162790697675,6,0.0,0,4.651162790697675,6,0.0,0,0.7751937984496124,1,0.7751937984496124,1,0.0,0,0.0,0,0.125,129
3.125,1,0.0,0,0.0,0,3.125,1,0.0,0,6.25,2,0.0,0,3.125,1,1.0,32,4.444444444444445,8,0.0,0,1.6666666666666667,3,2.7777777777777777,5,0.5555555555555556,1,1.1111111111111112,2,0.0,0,0.5555555555555556,1,0.2222222222222222,180
0.0,0,0.0,0,0.0,0,0.0,0,0.0,0,0.0,0,0.0,0,0.0,0,0.0,15,3.626943005181347,7,0.5181347150259067,1,2.5906735751295336,5,0.5181347150259067,1,0.5181347150259067,1,2.0725388601036268,4,0.5181347150259067,1,1.0362694300518134,2,0.4444444444444444,193
4.761904761904762,1,0.0,0,4.761904761904762,1,0.0,0,0.0,0,0.0,0,0.0,0,0.0,0,0.0,21,4.0,6,0.0,0,1.3333333333333333,2,2.6666666666666665,4,0.0,0,0.6666666666666666,1,0.0,0,2.6666666666666665,4,0.14285714285714285,150
0.0,0,0.0,0,0.0,0,0.0,0,0.0,0,0.0,0,0.0,0,0.0,0,0.0,13,7.60233918128655,13,0.0,0,2.9239766081871346,5,4.678362573099415,8,0.0,0,2.9239766081871346,5,0.5847953216374269,1,0.5847953216374269,1,0.5714285714285714,171
0.0,0,0.0,0,0.0,0,0.0,0,0.0,0,0.0,0,0.0,0,0.0,0,0.0,9,2.857142857142857,4,0.0,0,1.4285714285714286,2,1.4285714285714286,2,0.7142857142857143,1,3.5714285714285716,5,0.0,0,0.0,0,0.5,140
11.764705882352942,2,0.0,0,11.764705882352942,2,0.0,0,0.0,0,5.882352941176471,1,0.0,0,11.764705882352942,2,0.5,17,6.790123456790123,11,0.0,0,3.0864197530864197,5,3.7037037037037037,6,0.6172839506172839,1,1.2345679012345678,2,0.0,0,2.4691358024691357,4,0.2857142857142857,162
4.3478260869565215,1,0.0,0,4.3478260869565215,1,0.0,0,0.0,0,8.695652173913043,2,0.0,0,0.0,0,1.0,23,3.8251366120218577,7,0.0,0,2.73224043715847,5,1.092896174863388,2,0.546448087431694,1,1.092896174863388,2,0.0,0,1.639344262295082,3,0.2857142857142857,183
0.0,0,0.0,0,0.0,0,0.0,0,0.0,0,0.0,0,0.0,0,0.0,0,0.0,3,3.7974683544303796,6,0.0,0,1.8987341772151898,3,1.8987341772151898,3,0.0,0,1.8987341772151898,3,0.6329113924050633,1,1.2658227848101267,2,0.42857142857142855,158
0.0,0,0.0,0,0.0,0,0.0,0,0.0,0,0.0,0,0.0,0,0.0,0,0.0,32,6.0109289617486334,11,0.0,0,2.73224043715847,5,3.278688524590164,6,0.546448087431694,1,3.8251366120218577,7,0.546448087431694,1,2.185792349726776,4,0.7142857142857143,183
0.0,0,0.0,0,0.0,0,0.0,0,0.0,0,3.125,1,0.0,0,0.0,0,0.3333333333333333,32,5.454545454545454,9,0.0,0,1.8181818181818181,3,3.6363636363636362,6,0.6060606060606061,1,3.0303030303030303,5,0.0,0,0.6060606060606061,1,0.5555555555555556,165
3.5714285714285716,1,3.5714285714285716,1,0.0,0,0.0,0,0.0,0,0.0,0,0.0,0,3.5714285714285716,1,0.0,28,6.299212598425197,8,0.0,0,2.3622047244094486,3,3.937007874015748,5,0.7874015748031497,1,1.5748031496062993,2,0.7874015748031497,1,0.7874015748031497,1,0.25,127
0.0,0,0.0,0,0.0,0,0.0,0,0.0,0,0.0,0,0.0,0,0.0,0,0.0,0,6.802721088435374,10,0.0,0,6.122448979591836,9,0.6802721088435374,1,0.0,0,0.6802721088435374,1,0.0,0,0.6802721088435374,1,0.14285714285714285,147
0.0,0,0.0,0,0.0,0,0.0,0,0.0,0,0.0,0,0.0,0,0.0,0,0.0,13,9.649122807017545,11,0.0,0,6.140350877192983,7,3.508771929824561,4,0.0,0,0.0,0,0.0,0,1.7543859649122806,2,0.0,114
14.285714285714286,1,0.0,0,0.0,0,14.285714285714286,1,0.0,0,0.0,0,0.0,0,0.0,0,0.0,7,5.1020408163265305,5,0.0,0,4.081632653061225,4,1.0204081632653061,1,0.0,0,0.0,0,0.0,0,1.0204081632653061,1,0.0,98
0.0,0,0.0,0,0.0,0,0.0,0,0.0,0,3.508771929824561,2,0.0,0,1.7543859649122806,1,0.5,57,6.666666666666667,6,0.0,0,5.555555555555555,5,1.1111111111111112,1,0.0,0,0.0,0,0.0,0,0.0,0,0.0,90
2.380952380952381,1,0.0,0,2.380952380952381,1,0.0,0,0.0,0,2.380952380952381,1,2.380952380952381,1,2.380952380952381,1,0.5,42,7.894736842105263,9,0.0,0,4.385964912280702,5,3.508771929824561,4,0.0,0,2.6315789473684212,3,0.0,0,0.0,0,0.4,114
11.11111111111111,1,0.0,0,0.0,0,11.11111111111111,1,0.0,0,0.0,0,0.0,0,0.0,0,0.0,9,3.508771929824561,10,0.0,0,1.7543859649122806,5,1.7543859649122806,5,0.7017543859649122,2,0.7017543859649122,2,0.0,0,0.0,0,0.16666666666666666,285
6.0,3,0.0,0,4.0,2,2.0,1,4.0,2,6.0,3,2.0,1,0.0,0,0.75,50,5.673758865248227,16,0.0,0,2.482269503546099,7,3.1914893617021276,9,0.7092198581560284,2,0.3546099290780142,1,0.0,0,0.7092198581560284,2,0.058823529411764705,282
15.0,3,0.0,0,15.0,3,0.0,0,0.0,0,5.0,1,0.0,0,10.0,2,0.5,20,7.480314960629921,19,0.0,0,2.3622047244094486,6,5.118110236220472,13,0.3937007874015748,1,1.1811023622047243,3,0.0,0,0.7874015748031497,2,0.21428571428571427,254
6.382978723404255,3,0.0,0,4.25531914893617,2,2.127659574468085,1,0.0,0,6.382978723404255,3,4.25531914893617,2,4.25531914893617,2,0.5,47,3.71900826446281,9,0.4132231404958678,1,0.4132231404958678,1,2.8925619834710745,7,0.4132231404958678,1,0.8264462809917356,2,0.4132231404958678,1,0.8264462809917356,2,0.13333333333333333,242
12.0,3,0.0,0,8.0,2,4.0,1,0.0,0,0.0,0,0.0,0,8.0,2,0.0,25,4.313725490196078,11,0.0,0,2.3529411764705883,6,1.9607843137254901,5,0.39215686274509803,1,1.1764705882352942,3,0.0,0,0.7843137254901961,2,0.21428571428571427,255
3.125,1,0.0,0,3.125,1,0.0,0,0.0,0,3.125,1,0.0,0,3.125,1,0.25,32,2.9940119760479043,5,0.0,0,1.7964071856287425,3,1.1976047904191616,2,1.1976047904191616,2,2.395209580838323,4,0.0,0,0.5988023952095808,1,0.4444444444444444,167
0.0,0,0.0,0,0.0,0,0.0,0,0.0,0,0.0,0,0.0,0,0.0,0,0.0,21,4.938271604938271,8,0.0,0,3.0864197530864197,5,1.8518518518518519,3,1.8518518518518519,3,2.4691358024691357,4,0.0,0,2.4691358024691357,4,0.36363636363636365,162
1.6129032258064515,2,0.0,0,1.6129032258064515,2,0.0,0,0.8064516129032258,1,1.6129032258064515,2,0.0,0,2.4193548387096775,3,0.4,124,3.75,6,0.0,0,2.5,4,1.25,2,1.875,3,2.5,4,0.0,0,1.875,3,0.2222222222222222,160
8.16326530612245,4,0.0,0,6.122448979591836,3,2.0408163265306123,1,0.0,0,0.0,0,0.0,0,4.081632653061225,2,0.0,49,3.35195530726257,6,0.0,0,2.793296089385475,5,0.5586592178770949,1,2.2346368715083798,4,1.675977653631285,3,0.0,0,0.0,0,0.375,179
1.5873015873015872,1,0.0,0,0.0,0,1.5873015873015872,1,1.5873015873015872,1,3.1746031746031744,2,0.0,0,1.5873015873015872,1,0.3333333333333333,63,4.790419161676646,8,0.0,0,2.395209580838323,4,2.395209580838323,4,1.1976047904191616,2,1.7964071856287425,3,0.5988023952095808,1,0.5988023952095808,1,0.3,167
10.526315789473685,2,0.0,0,5.2631578947368425,1,5.2631578947368425,1,0.0,0,0.0,0,0.0,0,0.0,0,0.0,19,3.932584269662921,7,0.5617977528089888,1,1.6853932584269662,3,1.6853932584269662,3,1.1235955056179776,2,2.247191011235955,4,0.0,0,0.5617977528089888,1,0.36363636363636365,178
14.285714285714286,6,2.380952380952381,1,7.142857142857143,3,4.761904761904762,2,0.0,0,0.0,0,0.0,0,2.380952380952381,1,0.0,42,2.4691358024691357,4,0.0,0,1.8518518518518519,3,0.6172839506172839,1,0.0,0,1.8518518518518519,3,0.6172839506172839,1,1.2345679012345678,2,0.3333333333333333,162
3.5714285714285716,2,0.0,0,3.5714285714285716,2,0.0,0,1.7857142857142858,1,3.5714285714285716,2,1.7857142857142858,1,0.0,0,0.5,56,3.870967741935484,6,0.0,0,2.5806451612903225,4,1.2903225806451613,2,1.2903225806451613,2,1.2903225806451613,2,0.6451612903225806,1,0.6451612903225806,1,0.25,155
3.409090909090909,3,0.0,0,2.272727272727273,2,1.1363636363636365,1,1.1363636363636365,1,0.0,0,0.0,0,0.0,0,0.0,88,1.075268817204301,2,0.0,0,0.5376344086021505,1,0.5376344086021505,1,1.6129032258064515,3,4.301075268817204,8,0.0,0,0.5376344086021505,1,0.6,186
1.8867924528301887,1,0.0,0,1.8867924528301887,1,0.0,0,0.0,0,0.0,0,1.8867924528301887,1,0.0,0,0.0,53,4.109589041095891,6,0.0,0,2.73972602739726,4,1.36986301369863,2,0.0,0,0.684931506849315,1,0.684931506849315,1,0.684931506849315,1,0.14285714285714285,146
0.0,0,0.0,0,0.0,0,0.0,0,0.0,0,0.0,0,0.0,0,0.0,0,0.0,5,4.320987654320987,7,0.0,0,3.0864197530864197,5,1.2345679012345678,2,1.2345679012345678,2,2.4691358024691357,4,1.2345679012345678,2,1.2345679012345678,2,0.5,162
0.0,0,0.0,0,0.0,0,0.0,0,0.0,0,0.0,0,0.0,0,0.0,0,0.0,1,3.932584269662921,7,0.0,0,2.808988764044944,5,1.1235955056179776,2,2.247191011235955,4,2.247191011235955,4,0.5617977528089888,1,1.1235955056179776,2,0.36363636363636365,178
0.0,0,0.0,0,0.0,0,0.0,0,0.0,0,0.0,0,0.0,0,2.9411764705882355,1,0.0,34,3.3653846153846154,7,0.0,0,1.9230769230769231,4,1.4423076923076923,3,0.9615384615384616,2,3.8461538461538463,8,0.0,0,0.9615384615384616,2,0.6666666666666666,208
6.25,2,0.0,0,3.125,1,3.125,1,0.0,0,0.0,0,0.0,0,0.0,0,0.0,32,5.851063829787234,11,0.5319148936170213,1,4.787234042553192,9,0.5319148936170213,1,1.5957446808510638,3,2.127659574468085,4,0.5319148936170213,1,0.5319148936170213,1,0.4444444444444444,188
0.0,0,0.0,0,0.0,0,0.0,0,0.0,0,0.0,0,0.0,0,0.0,0,0.0,24,1.9900497512437811,4,0.0,0,1.492537313432836,3,0.4975124378109453,1,1.492537313432836,3,1.9900497512437811,4,0.0,0,0.9950248756218906,2,0.36363636363636365,201
7.8125,5,0.0,0,6.25,4,1.5625,1,0.0,0,1.5625,1,1.5625,1,0.0,0,0.25,64,4.1420118343195265,7,0.0,0,1.7751479289940828,3,2.366863905325444,4,1.183431952662722,2,1.7751479289940828,3,0.0,0,1.7751479289940828,3,0.3,169
5.882352941176471,1,0.0,0,0.0,0,5.882352941176471,1,0.0,0,0.0,0,0.0,0,0.0,0,0.0,17,2.793296089385475,5,0.0,0,2.2346368715083798,4,0.5586592178770949,1,2.2346368715083798,4,3.35195530726257,6,0.0,0,1.675977653631285,3,0.5,179
0.0,0,0.0,0,0.0,0,0.0,0,0.0,0,0.0,0,0.0,0,0.0,0,0.0,36,3.125,6,0.0,0,2.6041666666666665,5,0.5208333333333334,1,1.0416666666666667,2,1.0416666666666667,2,0.0,0,0.5208333333333334,1,0.2222222222222222,192
10.0,2,0.0,0,10.0,2,0.0,0,0.0,0,5.0,1,0.0,0,0.0,0,1.0,20,5.555555555555555,2,0.0,0,2.7777777777777777,1,2.7777777777777777,1,2.7777777777777777,1,2.7777777777777777,1,0.0,0,8.333333333333334,3,0.5,36
6.666666666666667,1,0.0,0,6.666666666666667,1,0.0,0,0.0,0,6.666666666666667,1,0.0,0,0.0,0,0.25,15,8.333333333333334,3,0.0,0,5.555555555555555,2,2.7777777777777777,1,0.0,0,2.7777777777777777,1,0.0,0,5.555555555555555,2,0.3333333333333333,36
6.451612903225806,2,0.0,0,0.0,0,6.451612903225806,2,0.0,0,0.0,0,0.0,0,3.225806451612903,1,0.0,31,8.0,4,0.0,0,6.0,3,2.0,1,0.0,0,2.0,1,0.0,0,8.0,4,0.3333333333333333,50
2.3255813953488373,1,0.0,0,2.3255813953488373,1,0.0,0,0.0,0,0.0,0,0.0,0,0.0,0,0.0,43,11.627906976744185,5,0.0,0,4.651162790697675,2,6.976744186046512,3,0.0,0,0.0,0,0.0,0,6.976744186046512,3,0.0,43
5.063291139240507,4,0.0,0,5.063291139240507,4,0.0,0,1.2658227848101267,1,0.0,0,1.2658227848101267,1,1.2658227848101267,1,0.0,79,4.545454545454546,2,0.0,0,2.272727272727273,1,2.272727272727273,1,0.0,0,0.0,0,0.0,0,4.545454545454546,2,0.0,44
2.247191011235955,2,0.0,0,2.247191011235955,2,0.0,0,0.0,0,5.617977528089888,5,1.1235955056179776,1,1.1235955056179776,1,1.0,89,7.5,3,0.0,0,2.5,1,5.0,2,2.5,1,2.5,1,0.0,0,5.0,2,0.3333333333333333,40
1.7857142857142858,1,0.0,0,0.0,0,1.7857142857142858,1,0.0,0,0.0,0,0.0,0,0.0,0,0.0,56,13.333333333333334,4,0.0,0,10.0,3,3.3333333333333335,1,0.0,0,0.0,0,0.0,0,6.666666666666667,2,0.0,30
0.0,0,0.0,0,0.0,0,0.0,0,0.0,0,0.0,0,0.0,0,0.0,0,0.0,4,7.142857142857143,3,0.0,0,2.380952380952381,1,4.761904761904762,2,0.0,0,0.0,0,0.0,0,4.761904761904762,2,0.0,42
21.428571428571427,3,0.0,0,0.0,0,21.428571428571427,3,0.0,0,0.0,0,0.0,0,7.142857142857143,1,0.0,14,9.75609756097561,4,0.0,0,7.317073170731708,3,2.4390243902439024,1,0.0,0,2.4390243902439024,1,0.0,0,2.4390243902439024,1,0.2,41
0.0,0,0.0,0,0.0,0,0.0,0,0.0,0,4.0,1,0.0,0,0.0,0,1.0,25,14.705882352941176,5,0.0,0,5.882352941176471,2,8.823529411764707,3,0.0,0,2.9411764705882355,1,2.9411764705882355,1,2.9411764705882355,1,0.3333333333333333,34
9.25925925925926,5,0.0,0,9.25925925925926,5,0.0,0,0.0,0,7.407407407407407,4,1.8518518518518519,1,3.7037037037037037,2,0.75,54,11.904761904761905,5,0.0,0,11.904761904761905,5,0.0,0,0.0,0,2.380952380952381,1,0.0,0,7.142857142857143,3,0.3333333333333333,42
4.3478260869565215,2,0.0,0,2.1739130434782608,1,2.1739130434782608,1,2.1739130434782608,1,2.1739130434782608,1,0.0,0,2.1739130434782608,1,0.5,46,2.3255813953488373,1,0.0,0,2.3255813953488373,1,0.0,0,2.3255813953488373,1,0.0,0,0.0,0,4.651162790697675,2,0.0,43
0.0,0,0.0,0,0.0,0,0.0,0,0.0,0,2.0408163265306123,1,0.0,0,0.0,0,0.3333333333333333,49,9.090909090909092,3,0.0,0,3.0303030303030303,1,6.0606060606060606,2,3.0303030303030303,1,0.0,0,0.0,0,6.0606060606060606,2,0.0,33
0.0,0,0.0,0,0.0,0,0.0,0,0.0,0,2.857142857142857,1,0.0,0,0.0,0,0.3333333333333333,35,8.0,4,0.0,0,6.0,3,2.0,1,0.0,0,4.0,2,2.0,1,6.0,3,0.3333333333333333,50
0.0,0,0.0,0,0.0,0,0.0,0,4.545454545454546,1,0.0,0,0.0,0,0.0,0,0.0,22,1.7241379310344827,1,0.0,0,1.7241379310344827,1,0.0,0,0.0,0,1.7241379310344827,1,0.0,0,5.172413793103448,3,0.25,58
5.0,2,0.0,0,0.0,0,5.0,2,0.0,0,0.0,0,0.0,0,0.0,0,0.0,40,1.3157894736842106,1,0.0,0,1.3157894736842106,1,0.0,0,1.3157894736842106,1,0.0,0,0.0,0,1.3157894736842106,1,0.0,76
25.0,2,0.0,0,12.5,1,12.5,1,0.0,0,0.0,0,0.0,0,25.0,2,0.0,8,3.225806451612903,2,0.0,0,1.6129032258064515,1,1.6129032258064515,1,0.0,0,3.225806451612903,2,0.0,0,1.6129032258064515,1,0.5,62
8.823529411764707,3,0.0,0,5.882352941176471,2,2.9411764705882355,1,0.0,0,2.9411764705882355,1,0.0,0,5.882352941176471,2,0.3333333333333333,34,1.3333333333333333,1,0.0,0,0.0,0,1.3333333333333333,1,0.0,0,1.3333333333333333,1,0.0,0,0.0,0,0.2,75
0.0,0,0.0,0,0.0,0,0.0,0,0.0,0,0.0,0,0.0,0,0.0,0,0.0,5,0.0,0,0.0,0,0.0,0,0.0,0,1.3888888888888888,1,1.3888888888888888,1,1.3888888888888888,1,0.0,0,0.25,72
6.896551724137931,2,0.0,0,6.896551724137931,2,0.0,0,0.0,0,0.0,0,3.4482758620689653,1,0.0,0,0.0,29,3.75,3,0.0,0,1.25,1,2.5,2,1.25,1,2.5,2,1.25,1,0.0,0,0.3333333333333333,80
0.0,0,0.0,0,0.0,0,0.0,0,0.0,0,0.0,0,0.0,0,0.0,0,0.0,8,3.1746031746031744,2,0.0,0,1.5873015873015872,1,1.5873015873015872,1,0.0,0,3.1746031746031744,2,1.5873015873015872,1,0.0,0,0.6666666666666666,63
2.6315789473684212,1,0.0,0,2.6315789473684212,1,0.0,0,0.0,0,2.6315789473684212,1,0.0,0,2.6315789473684212,1,0.3333333333333333,38,1.4705882352941178,1,1.4705882352941178,1,0.0,0,0.0,0,0.0,0,1.4705882352941178,1,0.0,0,2.9411764705882355,2,0.25,68
14.285714285714286,1,0.0,0,14.285714285714286,1,0.0,0,0.0,0,0.0,0,0.0,0,0.0,0,0.0,7,2.1739130434782608,2,0.0,0,1.0869565217391304,1,1.0869565217391304,1,0.0,0,1.0869565217391304,1,1.0869565217391304,1,0.0,0,0.25,92
6.666666666666667,1,0.0,0,6.666666666666667,1,0.0,0,6.666666666666667,1,0.0,0,0.0,0,6.666666666666667,1,0.0,15,1.694915254237288,1,0.0,0,0.0,0,1.694915254237288,1,0.0,0,1.694915254237288,1,0.0,0,3.389830508474576,2,0.3333333333333333,59
21.428571428571427,3,0.0,0,21.428571428571427,3,0.0,0,0.0,0,0.0,0,0.0,0,0.0,0,0.0,14,7.8431372549019605,12,0.0,0,2.6143790849673203,4,5.228758169934641,8,0.0,0,0.6535947712418301,1,0.0,0,0.6535947712418301,1,0.14285714285714285,153
4.918032786885246,3,0.0,0,3.278688524590164,2,1.639344262295082,1,0.0,0,3.278688524590164,2,0.0,0,0.0,0,0.4,61,8.536585365853659,14,0.0,0,2.4390243902439024,4,6.097560975609756,10,0.6097560975609756,1,0.6097560975609756,1,0.0,0,0.0,0,0.09090909090909091,164
0.0,0,0.0,0,0.0,0,0.0,0,0.0,0,0.0,0,0.0,0,0.0,0,0.0,0,9.696969696969697,16,0.0,0,3.6363636363636362,6,6.0606060606060606,10,0.0,0,0.6060606060606061,1,0.6060606060606061,1,1.2121212121212122,2,0.07692307692307693,165
5.0,1,0.0,0,0.0,0,5.0,1,0.0,0,0.0,0,0.0,0,0.0,0,0.0,20,5.2631578947368425,9,0.0,0,2.3391812865497075,4,2.9239766081871346,5,0.5847953216374269,1,1.1695906432748537,2,0.0,0,0.5847953216374269,1,0.07692307692307693,171
0.0,0,0.0,0,0.0,0,0.0,0,0.0,0,0.0,0,0.0,0,0.0,0,0.0,0,8.035714285714286,9,0.0,0,1.7857142857142858,2,6.25,7,0.0,0,0.8928571428571429,1,0.0,0,0.8928571428571429,1,0.14285714285714285,112
4.25531914893617,2,0.0,0,4.25531914893617,2,0.0,0,0.0,0,8.51063829787234,4,0.0,0,2.127659574468085,1,0.8,47,7.299270072992701,10,0.0,0,2.18978102189781,3,5.109489051094891,7,0.0,0,1.4598540145985401,2,0.7299270072992701,1,0.7299270072992701,1,0.3333333333333333,137
6.818181818181818,3,0.0,0,4.545454545454546,2,2.272727272727273,1,0.0,0,0.0,0,0.0,0,2.272727272727273,1,0.0,44,6.25,8,0.0,0,1.5625,2,4.6875,6,0.0,0,1.5625,2,0.0,0,0.78125,1,0.3333333333333333,128
3.225806451612903,2,0.0,0,1.6129032258064515,1,1.6129032258064515,1,0.0,0,0.0,0,0.0,0,3.225806451612903,2,0.0,62,4.878048780487805,8,0.0,0,1.2195121951219512,2,3.658536585365854,6,0.6097560975609756,1,0.0,0,0.0,0,1.2195121951219512,2,0.0,164
4.3478260869565215,1,0.0,0,4.3478260869565215,1,0.0,0,0.0,0,4.3478260869565215,1,0.0,0,4.3478260869565215,1,0.5,23,6.428571428571429,9,0.0,0,1.4285714285714286,2,5.0,7,0.7142857142857143,1,0.0,0,0.0,0,2.142857142857143,3,0.0,140
7.142857142857143,4,0.0,0,5.357142857142857,3,1.7857142857142858,1,0.0,0,3.5714285714285716,2,0.0,0,5.357142857142857,3,0.4,56,10.204081632653061,15,0.0,0,4.761904761904762,7,5.442176870748299,8,0.6802721088435374,1,0.6802721088435374,1,0.6802721088435374,1,1.3605442176870748,2,0.16666666666666666,147
0.0,0,0.0,0,0.0,0,0.0,0,0.0,0,4.3478260869565215,1,0.0,0,0.0,0,0.25,23,9.090909090909092,10,0.0,0,2.727272727272727,3,6.363636363636363,7,0.0,0,0.9090909090909091,1,0.0,0,0.9090909090909091,1,0.16666666666666666,110
9.090909090909092,2,0.0,0,4.545454545454546,1,4.545454545454546,1,0.0,0,9.090909090909092,2,0.0,0,0.0,0,1.0,22,7.017543859649122,8,0.0,0,2.6315789473684212,3,4.385964912280702,5,0.0,0,0.8771929824561403,1,0.0,0,0.0,0,0.14285714285714285,114
0.0,0,0.0,0,0.0,0,0.0,0,0.0,0,0.0,0,0.0,0,0.0,0,0.0,75,9.75609756097561,12,0.0,0,2.4390243902439024,3,7.317073170731708,9,0.0,0,0.8130081300813008,1,1.6260162601626016,2,0.8130081300813008,1,0.16666666666666666,123
8.333333333333334,1,0.0,0,8.333333333333334,1,0.0,0,0.0,0,0.0,0,0.0,0,0.0,0,0.0,12,7.619047619047619,8,0.0,0,2.857142857142857,3,4.761904761904762,5,0.0,0,0.9523809523809523,1,0.9523809523809523,1,0.0,0,0.2,105
10.0,4,0.0,0,7.5,3,2.5,1,0.0,0,2.5,1,2.5,1,0.0,0,0.25,40,3.4482758620689653,9,0.0,0,2.2988505747126435,6,1.1494252873563218,3,0.7662835249042146,2,1.1494252873563218,3,0.0,0,1.1494252873563218,3,0.23076923076923078,261
3.125,1,0.0,0,0.0,0,3.125,1,0.0,0,3.125,1,0.0,0,0.0,0,1.0,32,4.780876494023905,12,0.796812749003984,2,3.585657370517928,9,0.398406374501992,1,1.1952191235059761,3,0.796812749003984,2,0.398406374501992,1,1.1952191235059761,3,0.16666666666666666,251
16.666666666666668,5,0.0,0,13.333333333333334,4,3.3333333333333335,1,0.0,0,3.3333333333333335,1,6.666666666666667,2,3.3333333333333335,1,0.5,30,4.186046511627907,9,0.0,0,2.7906976744186047,6,1.3953488372093024,3,0.46511627906976744,1,0.9302325581395349,2,0.46511627906976744,1,0.0,0,0.18181818181818182,215
0.0,0,0.0,0,0.0,0,0.0,0,0.0,0,0.0,0,0.0,0,0.0,0,0.0,15,3.225806451612903,9,0.0,0,2.150537634408602,6,1.075268817204301,3,0.0,0,1.075268817204301,3,0.0,0,0.0,0,0.25,279
4.444444444444445,2,0.0,0,2.2222222222222223,1,2.2222222222222223,1,0.0,0,0.0,0,2.2222222222222223,1,0.0,0,0.0,45,3.7288135593220337,11,0.3389830508474576,1,2.711864406779661,8,0.6779661016949152,2,0.6779661016949152,2,1.0169491525423728,3,0.6779661016949152,2,0.3389830508474576,1,0.1875,295
2.2222222222222223,1,0.0,0,0.0,0,2.2222222222222223,1,2.2222222222222223,1,0.0,0,0.0,0,0.0,0,0.0,45,4.0201005025125625,8,0.0,0,2.0100502512562812,4,2.0100502512562812,4,0.0,0,0.5025125628140703,1,0.0,0,0.0,0,0.125,199
0.0,0,0.0,0,0.0,0,0.0,0,0.0,0,0.0,0,0.0,0,0.0,0,0.0,10,5.286343612334802,12,0.0,0,4.405286343612334,10,0.8810572687224669,2,0.0,0,0.8810572687224669,2,0.0,0,0.0,0,0.18181818181818182,227
7.407407407407407,2,0.0,0,3.7037037037037037,1,3.7037037037037037,1,0.0,0,0.0,0,0.0,0,0.0,0,0.0,27,3.053435114503817,8,0.0,0,2.2900763358778624,6,0.7633587786259542,2,0.3816793893129771,1,1.1450381679389312,3,0.3816793893129771,1,0.3816793893129771,1,0.2727272727272727,262
0.0,0,0.0,0,0.0,0,0.0,0,0.0,0,0.0,0,0.0,0,0.0,0,0.0,7,4.587155963302752,10,0.0,0,2.7522935779816513,6,1.834862385321101,4,0.0,0,0.9174311926605505,2,0.0,0,0.45871559633027525,1,0.16666666666666666,218
1.9801980198019802,2,0.0,0,1.9801980198019802,2,0.0,0,0.9900990099009901,1,1.9801980198019802,2,0.0,0,0.0,0,0.5,101,7.042253521126761,15,0.0,0,3.755868544600939,8,3.2863849765258215,7,0.4694835680751174,1,0.4694835680751174,1,0.0,0,0.4694835680751174,1,0.1,213
2.0,2,0.0,0,2.0,2,0.0,0,4.0,4,1.0,1,1.0,1,1.0,1,0.25,100,4.519774011299435,16,0.0,0,3.9548022598870056,14,0.5649717514124294,2,0.5649717514124294,2,1.9774011299435028,7,0.2824858757062147,1,0.2824858757062147,1,0.3888888888888889,354
3.5714285714285716,1,0.0,0,0.0,0,3.5714285714285716,1,0.0,0,0.0,0,0.0,0,0.0,0,0.0,28,4.240282685512367,12,0.0,0,3.1802120141342756,9,1.0600706713780919,3,0.35335689045936397,1,1.0600706713780919,3,0.35335689045936397,1,1.0600706713780919,3,0.1875,283
6.451612903225806,2,0.0,0,6.451612903225806,2,0.0,0,0.0,0,0.0,0,0.0,0,3.225806451612903,1,0.0,31,4.285714285714286,15,0.0,0,3.142857142857143,11,1.1428571428571428,4,0.2857142857142857,1,2.2857142857142856,8,0.0,0,0.5714285714285714,2,0.3181818181818182,350
8.108108108108109,3,0.0,0,2.7027027027027026,1,5.405405405405405,2,0.0,0,0.0,0,0.0,0,2.7027027027027026,1,0.0,37,3.4482758620689653,11,0.0,0,2.5078369905956115,8,0.9404388714733543,3,0.31347962382445144,1,1.567398119122257,5,0.0,0,0.6269592476489029,2,0.2,319
0.0,0,0.0,0,0.0,0,0.0,0,0.0,0,5.555555555555555,1,0.0,0,5.555555555555555,1,0.5,18,5.097087378640777,21,0.4854368932038835,2,3.3980582524271843,14,1.2135922330097086,5,0.4854368932038835,2,2.1844660194174756,9,0.7281553398058253,3,0.970873786407767,4,0.2857142857142857,412
0.0,0,0.0,0,0.0,0,0.0,0,0.0,0,3.3333333333333335,1,0.0,0,0.0,0,0.3333333333333333,30,2.903225806451613,9,0.0,0,1.2903225806451613,4,1.6129032258064515,5,0.6451612903225806,2,2.5806451612903225,8,0.6451612903225806,2,0.0,0,0.25,310
4.761904761904762,3,0.0,0,1.5873015873015872,1,3.1746031746031744,2,0.0,0,3.1746031746031744,2,0.0,0,3.1746031746031744,2,0.5,63,3.658536585365854,12,0.0,0,1.524390243902439,5,2.1341463414634148,7,0.0,0,1.524390243902439,5,0.0,0,0.9146341463414634,3,0.2631578947368421,328
0.0,0,0.0,0,0.0,0,0.0,0,4.761904761904762,1,0.0,0,0.0,0,0.0,0,0.0,21,6.0,18,0.0,0,4.666666666666667,14,1.3333333333333333,4,0.3333333333333333,1,1.0,3,0.0,0,1.3333333333333333,4,0.05,300
0.0,0,0.0,0,0.0,0,0.0,0,0.0,0,0.0,0,0.0,0,0.0,0,0.0,25,6.521739130434782,6,0.0,0,4.3478260869565215,4,2.1739130434782608,2,0.0,0,0.0,0,1.0869565217391304,1,4.3478260869565215,4,0.0,92
0.0,0,0.0,0,0.0,0,0.0,0,0.0,0,0.0,0,0.0,0,0.0,0,0.0,11,7.0,7,0.0,0,1.0,1,6.0,6,1.0,1,1.0,1,0.0,0,3.0,3,0.3333333333333333,100
19.047619047619047,4,0.0,0,14.285714285714286,3,4.761904761904762,1,0.0,0,0.0,0,0.0,0,9.523809523809524,2,0.0,21,4.166666666666667,3,0.0,0,0.0,0,4.166666666666667,3,0.0,0,1.3888888888888888,1,0.0,0,2.7777777777777777,2,0.25,72
2.4390243902439024,1,0.0,0,2.4390243902439024,1,0.0,0,2.4390243902439024,1,7.317073170731708,3,0.0,0,2.4390243902439024,1,1.0,41,5.555555555555555,6,0.0,0,3.7037037037037037,4,1.8518518518518519,2,0.0,0,0.9259259259259259,1,3.7037037037037037,4,1.8518518518518519,2,0.2,108
2.7777777777777777,1,0.0,0,2.7777777777777777,1,0.0,0,0.0,0,2.7777777777777777,1,0.0,0,0.0,0,0.3333333333333333,36,6.25,4,0.0,0,4.6875,3,1.5625,1,0.0,0,1.5625,1,1.5625,1,6.25,4,0.3333333333333333,64
0.0,0,0.0,0,0.0,0,0.0,0,0.0,0,0.0,0,0.0,0,0.0,0,0.0,8,4.123711340206185,4,0.0,0,3.0927835051546393,3,1.0309278350515463,1,1.0309278350515463,1,2.0618556701030926,2,2.0618556701030926,2,3.0927835051546393,3,0.3333333333333333,97
4.545454545454546,1,0.0,0,4.545454545454546,1,0.0,0,4.545454545454546,1,0.0,0,4.545454545454546,1,0.0,0,0.0,22,2.7027027027027026,2,0.0,0,2.7027027027027026,2,0.0,0,0.0,0,0.0,0,0.0,0,4.054054054054054,3,0.0,74
5.217391304347826,6,0.0,0,3.4782608695652173,4,1.7391304347826086,2,0.8695652173913043,1,1.7391304347826086,2,0.8695652173913043,1,0.0,0,0.3333333333333333,115,5.128205128205129,4,0.0,0,2.5641025641025643,2,2.5641025641025643,2,0.0,0,0.0,0,0.0,0,3.8461538461538463,3,0.0,78
0.0,0,0.0,0,0.0,0,0.0,0,0.0,0,0.0,0,0.0,0,0.0,0,0.0,26,2.3529411764705883,2,0.0,0,0.0,0,2.3529411764705883,2,0.0,0,0.0,0,0.0,0,3.5294117647058822,3,0.0,85
5.084745762711864,3,0.0,0,5.084745762711864,3,0.0,0,0.0,0,1.694915254237288,1,3.389830508474576,2,5.084745762711864,3,0.16666666666666666,59,5.05050505050505,5,0.0,0,2.0202020202020203,2,3.0303030303030303,3,0.0,0,1.0101010101010102,1,1.0101010101010102,1,2.0202020202020203,2,0.25,99
0.0,0,0.0,0,0.0,0,0.0,0,0.0,0,9.090909090909092,1,0.0,0,0.0,0,0.5,11,6.976744186046512,6,0.0,0,4.651162790697675,4,2.3255813953488373,2,1.1627906976744187,1,2.3255813953488373,2,0.0,0,4.651162790697675,4,0.25,86
0.0,0,0.0,0,0.0,0,0.0,0,0.0,0,5.2631578947368425,1,0.0,0,0.0,0,0.5,19,3.9682539682539684,5,0.0,0,2.380952380952381,3,1.5873015873015872,2,0.7936507936507936,1,2.380952380952381,3,0.0,0,3.9682539682539684,5,0.2857142857142857,126
0.0,0,0.0,0,0.0,0,0.0,0,0.0,0,20.0,1,0.0,0,0.0,0,1.0,5,2.7027027027027026,3,0.0,0,0.0,0,2.7027027027027026,3,0.0,0,4.504504504504505,5,0.0,0,0.9009009009009009,1,0.5,111
0.0,0,0.0,0,0.0,0,0.0,0,0.0,0,0.0,0,0.0,0,0.0,0,0.0,3,3.0,3,0.0,0,2.0,2,1.0,1,0.0,0,1.0,1,0.0,0,3.0,3,0.25,100
4.3478260869565215,1,0.0,0,4.3478260869565215,1,0.0,0,0.0,0,0.0,0,0.0,0,4.3478260869565215,1,0.0,23,5.384615384615385,7,0.0,0,2.3076923076923075,3,3.076923076923077,4,0.7692307692307693,1,6.153846153846154,8,0.0,0,3.8461538461538463,5,0.8,130
9.375,3,0.0,0,6.25,2,3.125,1,3.125,1,0.0,0,0.0,0,3.125,1,0.0,32,3.4782608695652173,4,0.0,0,1.7391304347826086,2,1.7391304347826086,2,0.0,0,4.3478260869565215,5,0.8695652173913043,1,0.8695652173913043,1,0.6,115
4.545454545454546,1,0.0,0,0.0,0,4.545454545454546,1,4.545454545454546,1,0.0,0,0.0,0,0.0,0,0.0,22,4.504504504504505,5,0.0,0,2.7027027027027026,3,1.8018018018018018,2,0.9009009009009009,1,2.7027027027027026,3,0.0,0,2.7027027027027026,3,0.6,111
3.3333333333333335,2,0.0,0,0.0,0,3.3333333333333335,2,0.0,0,1.6666666666666667,1,0.0,0,1.6666666666666667,1,0.16666666666666666,60,2.6548672566371683,3,0.0,0,1.7699115044247788,2,0.8849557522123894,1,0.8849557522123894,1,3.5398230088495577,4,0.0,0,1.7699115044247788,2,0.5,113
4.109589041095891,3,0.0,0,0.0,0,4.109589041095891,3,1.36986301369863,1,0.0,0,0.0,0,0.0,0,0.0,73,3.7313432835820897,5,0.0,0,2.985074626865672,4,0.746268656716418,1,1.492537313432836,2,2.985074626865672,4,0.746268656716418,1,2.2388059701492535,3,0.5,134
0.0,0,0.0,0,0.0,0,0.0,0,0.0,0,0.0,0,0.0,0,1.5151515151515151,1,0.0,66,5.027932960893855,9,0.0,0,3.35195530726257,6,1.675977653631285,3,1.1173184357541899,2,3.35195530726257,6,1.1173184357541899,2,1.675977653631285,3,0.36363636363636365,179
0.0,0,0.0,0,0.0,0,0.0,0,0.0,0,14.285714285714286,1,0.0,0,0.0,0,0.5,7,6.722689075630252,8,0.0,0,4.201680672268908,5,2.5210084033613445,3,0.0,0,4.201680672268908,5,0.0,0,4.201680672268908,5,0.3333333333333333,119
6.896551724137931,2,0.0,0,0.0,0,6.896551724137931,2,0.0,0,3.4482758620689653,1,3.4482758620689653,1,3.4482758620689653,1,0.3333333333333333,29,1.627906976744186,7,0.0,0,0.46511627906976744,2,1.1627906976744187,5,0.46511627906976744,2,1.1627906976744187,5,0.0,0,0.6976744186046512,3,0.22727272727272727,430
0.0,0,0.0,0,0.0,0,0.0,0,0.0,0,12.121212121212121,4,0.0,0,0.0,0,1.0,33,2.5316455696202533,10,0.25316455696202533,1,1.0126582278481013,4,1.2658227848101267,5,0.759493670886076,3,1.2658227848101267,5,0.5063291139240507,2,1.0126582278481013,4,0.21052631578947367,395
0.0,0,0.0,0,0.0,0,0.0,0,3.4482758620689653,1,6.896551724137931,2,3.4482758620689653,1,0.0,0,1.0,29,2.619047619047619,11,0.23809523809523808,1,1.9047619047619047,8,0.47619047619047616,2,0.23809523809523808,1,1.4285714285714286,6,0.47619047619047616,2,0.47619047619047616,2,0.3333333333333333,420
0.0,0,0.0,0,0.0,0,0.0,0,0.0,0,4.761904761904762,1,0.0,0,0.0,0,0.3333333333333333,21,1.9027484143763214,9,0.21141649048625794,1,1.0570824524312896,5,0.6342494714587738,3,0.42283298097251587,2,0.8456659619450317,4,0.6342494714587738,3,0.8456659619450317,4,0.16666666666666666,473
2.9702970297029703,3,0.0,0,2.9702970297029703,3,0.0,0,0.9900990099009901,1,3.9603960396039604,4,0.0,0,0.9900990099009901,1,0.5714285714285714,101,1.5904572564612327,8,0.0,0,0.7952286282306164,4,0.7952286282306164,4,0.3976143141153082,2,1.3916500994035785,7,0.0,0,0.5964214711729622,3,0.18518518518518517,503
1.2820512820512822,1,1.2820512820512822,1,0.0,0,0.0,0,1.2820512820512822,1,1.2820512820512822,1,0.0,0,0.0,0,0.14285714285714285,78,1.7777777777777777,8,0.0,0,0.6666666666666666,3,1.1111111111111112,5,0.2222222222222222,1,1.7777777777777777,8,0.2222222222222222,1,1.5555555555555556,7,0.3684210526315789,450
6.666666666666667,2,0.0,0,6.666666666666667,2,0.0,0,0.0,0,3.3333333333333335,1,0.0,0,3.3333333333333335,1,0.5,30,1.580135440180587,7,0.0,0,0.6772009029345373,3,0.9029345372460497,4,0.6772009029345373,3,1.1286681715575622,5,0.0,0,0.22573363431151242,1,0.18518518518518517,443
0.0,0,0.0,0,0.0,0,0.0,0,0.0,0,0.0,0,0.0,0,0.0,0,0.0,24,1.8779342723004695,8,0.2347417840375587,1,0.0,0,1.6431924882629108,7,0.2347417840375587,1,1.6431924882629108,7,0.0,0,0.9389671361502347,4,0.3,426
0.0,0,0.0,0,0.0,0,0.0,0,0.0,0,0.0,0,0.0,0,0.0,0,0.0,32,1.4367816091954022,5,0.0,0,0.5747126436781609,2,0.8620689655172413,3,0.5747126436781609,2,1.4367816091954022,5,0.5747126436781609,2,0.5747126436781609,2,0.3125,348
0.0,0,0.0,0,0.0,0,0.0,0,1.0309278350515463,1,2.0618556701030926,2,0.0,0,0.0,0,0.3333333333333333,97,2.207505518763797,10,0.0,0,1.3245033112582782,6,0.8830022075055187,4,0.0,0,1.5452538631346577,7,0.8830022075055187,4,1.1037527593818985,5,0.25,453
1.7857142857142858,1,0.0,0,1.7857142857142858,1,0.0,0,0.0,0,0.0,0,0.0,0,1.7857142857142858,1,0.0,56,1.8229166666666667,7,0.2604166666666667,1,0.78125,3,0.78125,3,0.78125,3,1.0416666666666667,4,0.0,0,0.78125,3,0.21052631578947367,384
10.0,1,0.0,0,10.0,1,0.0,0,0.0,0,0.0,0,0.0,0,0.0,0,0.0,10,1.953125,10,0.1953125,1,0.78125,4,0.9765625,5,0.390625,2,1.5625,8,0.390625,2,0.78125,4,0.2222222222222222,512
12.195121951219512,5,2.4390243902439024,1,7.317073170731708,3,2.4390243902439024,1,2.4390243902439024,1,0.0,0,0.0,0,4.878048780487805,2,0.0,41,1.6666666666666667,7,0.0,0,1.1904761904761905,5,0.47619047619047616,2,0.23809523809523808,1,0.7142857142857143,3,0.0,0,0.7142857142857143,3,0.1,420
5.0,1,0.0,0,5.0,1,0.0,0,0.0,0,5.0,1,0.0,0,5.0,1,1.0,20,3.5714285714285716,3,0.0,0,2.380952380952381,2,1.1904761904761905,1,0.0,0,1.1904761904761905,1,0.0,0,0.0,0,0.25,84
0.0,0,0.0,0,0.0,0,0.0,0,0.0,0,16.666666666666668,1,0.0,0,0.0,0,1.0,6,5.555555555555555,3,0.0,0,1.8518518518518519,1,3.7037037037037037,2,0.0,0,0.0,0,0.0,0,1.8518518518518519,1,0.0,54
5.660377358490566,3,0.0,0,5.660377358490566,3,0.0,0,0.0,0,3.7735849056603774,2,0.0,0,1.8867924528301887,1,0.3333333333333333,53,4.761904761904762,2,0.0,0,2.380952380952381,1,2.380952380952381,1,0.0,0,0.0,0,2.380952380952381,1,0.0,0,0.0,42
0.0,0,0.0,0,0.0,0,0.0,0,0.0,0,0.0,0,0.0,0,0.0,0,0.0,24,3.6363636363636362,2,0.0,0,1.8181818181818181,1,1.8181818181818181,1,0.0,0,0.0,0,0.0,0,1.8181818181818181,1,0.0,55
8.333333333333334,1,0.0,0,0.0,0,8.333333333333334,1,0.0,0,0.0,0,0.0,0,0.0,0,0.0,12,2.5316455696202533,2,0.0,0,2.5316455696202533,2,0.0,0,1.2658227848101267,1,0.0,0,0.0,0,1.2658227848101267,1,0.0,79
3.4482758620689653,1,0.0,0,3.4482758620689653,1,0.0,0,0.0,0,0.0,0,0.0,0,0.0,0,0.0,29,6.4935064935064934,5,0.0,0,5.194805194805195,4,1.2987012987012987,1,0.0,0,0.0,0,0.0,0,0.0,0,0.0,77
0.0,0,0.0,0,0.0,0,0.0,0,0.0,0,5.128205128205129,2,0.0,0,0.0,0,0.3333333333333333,39,9.722222222222221,7,0.0,0,8.333333333333334,6,1.3888888888888888,1,0.0,0,0.0,0,0.0,0,0.0,0,0.0,72
8.333333333333334,3,0.0,0,5.555555555555555,2,2.7777777777777777,1,0.0,0,0.0,0,2.7777777777777777,1,0.0,0,0.0,36,6.944444444444445,5,0.0,0,5.555555555555555,4,1.3888888888888888,1,0.0,0,1.3888888888888888,1,0.0,0,0.0,0,0.3333333333333333,72
5.882352941176471,3,0.0,0,5.882352941176471,3,0.0,0,0.0,0,0.0,0,0.0,0,1.9607843137254901,1,0.0,51,4.913294797687861,17,0.0,0,3.468208092485549,12,1.4450867052023122,5,0.0,0,2.8901734104046244,10,0.0,0,0.0,0,0.34615384615384615,346
1.834862385321101,2,0.0,0,1.834862385321101,2,0.0,0,0.0,0,5.504587155963303,6,0.9174311926605505,1,2.7522935779816513,3,0.5555555555555556,109,3.4129692832764507,10,0.0,0,2.7303754266211606,8,0.6825938566552902,2,0.3412969283276451,1,2.04778156996587,6,0.3412969283276451,1,0.0,0,0.2608695652173913,293
5.426356589147287,7,0.0,0,3.10077519379845,4,2.3255813953488373,3,1.550387596899225,2,1.550387596899225,2,0.0,0,3.10077519379845,4,0.5,129,3.90625,10,0.0,0,2.734375,7,1.171875,3,0.390625,1,1.5625,4,0.0,0,0.78125,2,0.26666666666666666,256
8.0,6,0.0,0,4.0,3,4.0,3,0.0,0,2.6666666666666665,2,2.6666666666666665,2,4.0,3,0.4,75,3.8567493112947657,14,0.0,0,2.479338842975207,9,1.3774104683195592,5,0.27548209366391185,1,1.6528925619834711,6,0.0,0,0.0,0,0.3157894736842105,363
7.575757575757576,10,0.0,0,4.545454545454546,6,3.0303030303030303,4,1.5151515151515151,2,0.0,0,3.0303030303030303,4,2.272727272727273,3,0.0,132,5.487804878048781,18,0.0,0,4.2682926829268295,14,1.2195121951219512,4,0.6097560975609756,2,3.3536585365853657,11,0.3048780487804878,1,0.3048780487804878,1,0.42857142857142855,328
3.1746031746031744,6,0.0,0,2.6455026455026456,5,0.5291005291005291,1,1.5873015873015872,3,3.1746031746031744,6,0.5291005291005291,1,2.1164021164021163,4,0.4,189,4.787234042553192,18,0.26595744680851063,1,2.925531914893617,11,1.5957446808510638,6,0.26595744680851063,1,1.8617021276595744,7,0.5319148936170213,2,0.0,0,0.30434782608695654,376
0.0,0,0.0,0,0.0,0,0.0,0,25.0,1,0.0,0,0.0,0,0.0,0,0.0,4,5.13595166163142,17,0.0,0,3.0211480362537766,10,2.1148036253776437,7,0.0,0,2.1148036253776437,7,0.0,0,0.3021148036253776,1,0.42857142857142855,331
1.9801980198019802,2,0.0,0,0.9900990099009901,1,0.9900990099009901,1,1.9801980198019802,2,0.9900990099009901,1,0.9900990099009901,1,0.9900990099009901,1,0.14285714285714285,101,3.498542274052478,12,0.0,0,2.3323615160349855,8,1.1661807580174928,4,0.8746355685131195,3,1.749271137026239,6,0.2915451895043732,1,0.0,0,0.20833333333333334,343
5.0,5,0.0,0,4.0,4,1.0,1,0.0,0,5.0,5,2.0,2,1.0,1,0.5714285714285714,100,5.031446540880503,16,0.0,0,3.7735849056603774,12,1.2578616352201257,4,0.6289308176100629,2,1.8867924528301887,6,0.0,0,0.9433962264150944,3,0.2727272727272727,318
1.408450704225352,1,0.0,0,1.408450704225352,1,0.0,0,0.0,0,1.408450704225352,1,0.0,0,0.0,0,0.25,71,3.896103896103896,12,0.0,0,3.5714285714285716,11,0.3246753246753247,1,0.6493506493506493,2,1.6233766233766234,5,0.0,0,0.0,0,0.25,308
6.25,4,0.0,0,6.25,4,0.0,0,0.0,0,3.125,2,1.5625,1,0.0,0,0.5,64,3.9603960396039604,12,0.0,0,2.9702970297029703,9,0.9900990099009901,3,0.6600660066006601,2,1.9801980198019802,6,0.0,0,0.0,0,0.2608695652173913,303
7.407407407407407,6,0.0,0,6.172839506172839,5,1.2345679012345678,1,2.4691358024691357,2,2.4691358024691357,2,0.0,0,7.407407407407407,6,0.14285714285714285,81,3.4482758620689653,10,0.0,0,2.7586206896551726,8,0.6896551724137931,2,0.3448275862068966,1,1.7241379310344827,5,0.0,0,0.0,0,0.2777777777777778,290
7.317073170731708,6,0.0,0,4.878048780487805,4,2.4390243902439024,2,1.2195121951219512,1,2.4390243902439024,2,1.2195121951219512,1,1.2195121951219512,1,0.4,82,5.523255813953488,19,0.0,0,3.488372093023256,12,2.0348837209302326,7,0.29069767441860467,1,2.616279069767442,9,0.0,0,0.0,0,0.36363636363636365,344
9.090909090909092,2,0.0,0,0.0,0,9.090909090909092,2,0.0,0,4.545454545454546,1,0.0,0,9.090909090909092,2,0.5,22,3.8805970149253732,13,0.29850746268656714,1,2.6865671641791047,9,0.8955223880597015,3,0.29850746268656714,1,2.6865671641791047,9,0.0,0,0.29850746268656714,1,0.3333333333333333,335
3.278688524590164,2,0.0,0,3.278688524590164,2,0.0,0,0.0,0,8.19672131147541,5,1.639344262295082,1,1.639344262295082,1,0.75,61,4.242424242424242,14,0.0,0,2.727272727272727,9,1.5151515151515151,5,0.0,0,1.8181818181818181,6,0.0,0,0.0,0,0.2608695652173913,330
0.5780346820809249,1,0.0,0,0.5780346820809249,1,0.0,0,0.0,0,2.8901734104046244,5,0.0,0,2.8901734104046244,5,0.5,173,3.857566765578635,13,0.0,0,3.264094955489614,11,0.5934718100890207,2,0.29673590504451036,1,1.7804154302670623,6,0.0,0,0.0,0,0.2727272727272727,337
0.0,0,0.0,0,0.0,0,0.0,0,0.0,0,8.0,2,0.0,0,0.0,0,0.5,25,4.322766570605188,15,0.0,0,2.881844380403458,10,1.440922190201729,5,0.2881844380403458,1,2.3054755043227666,8,0.2881844380403458,1,0.0,0,0.38095238095238093,347
10.0,5,0.0,0,8.0,4,2.0,1,0.0,0,4.0,2,0.0,0,0.0,0,0.5,50,3.8461538461538463,14,0.0,0,3.021978021978022,11,0.8241758241758241,3,0.0,0,2.7472527472527473,10,0.0,0,0.5494505494505495,2,0.4166666666666667,364
3.8461538461538463,1,0.0,0,0.0,0,3.8461538461538463,1,0.0,0,3.8461538461538463,1,0.0,0,7.6923076923076925,2,0.5,26,4.779411764705882,13,0.0,0,2.9411764705882355,8,1.838235294117647,5,0.36764705882352944,1,1.4705882352941178,4,0.0,0,0.7352941176470589,2,0.19047619047619047,272
7.4766355140186915,8,0.0,0,5.607476635514018,6,1.8691588785046729,2,0.0,0,3.7383177570093458,4,1.8691588785046729,2,1.8691588785046729,2,0.5,107,4.702194357366771,15,0.0,0,2.8213166144200628,9,1.8808777429467085,6,0.9404388714733543,3,1.8808777429467085,6,0.0,0,0.6269592476489029,2,0.25,319
3.225806451612903,1,0.0,0,3.225806451612903,1,0.0,0,3.225806451612903,1,0.0,0,0.0,0,0.0,0,0.0,31,4.615384615384615,15,0.0,0,2.4615384615384617,8,2.1538461538461537,7,0.3076923076923077,1,2.1538461538461537,7,0.3076923076923077,1,0.6153846153846154,2,0.2857142857142857,325
0.9345794392523364,1,0.0,0,0.9345794392523364,1,0.0,0,0.0,0,2.803738317757009,3,0.0,0,0.0,0,0.25,107,4.087193460490464,15,0.8174386920980926,3,2.997275204359673,11,0.2724795640326976,1,0.5449591280653951,2,1.3623978201634876,5,0.0,0,0.5449591280653951,2,0.21739130434782608,367
0.0,0,0.0,0,0.0,0,0.0,0,0.0,0,0.0,0,0.0,0,0.0,0,0.0,17,5.198776758409786,17,0.0,0,2.7522935779816513,9,2.4464831804281344,8,0.3058103975535168,1,2.140672782874618,7,0.0,0,0.0,0,0.30434782608695654,327
4.424778761061947,5,0.0,0,4.424778761061947,5,0.0,0,0.8849557522123894,1,0.8849557522123894,1,0.0,0,1.7699115044247788,2,0.16666666666666666,113,5.69620253164557,18,0.0,0,3.7974683544303796,12,1.8987341772151898,6,0.0,0,2.5316455696202533,8,0.0,0,0.31645569620253167,1,0.3181818181818182,316
3.1746031746031744,2,0.0,0,1.5873015873015872,1,1.5873015873015872,1,0.0,0,0.0,0,0.0,0,1.5873015873015872,1,0.0,63,5.900621118012422,19,0.0,0,4.3478260869565215,14,1.5527950310559007,5,0.3105590062111801,1,1.5527950310559007,5,0.3105590062111801,1,0.3105590062111801,1,0.19230769230769232,322
5.128205128205129,2,0.0,0,5.128205128205129,2,0.0,0,0.0,0,2.5641025641025643,1,0.0,0,7.6923076923076925,3,0.5,39,4.207920792079208,17,0.0,0,2.9702970297029703,12,1.2376237623762376,5,0.24752475247524752,1,2.4752475247524752,10,0.0,0,0.49504950495049505,2,0.4166666666666667,404
3.125,2,0.0,0,1.5625,1,1.5625,1,1.5625,1,1.5625,1,0.0,0,1.5625,1,0.2,64,5.0359712230215825,14,0.0,0,3.597122302158273,10,1.4388489208633093,4,0.7194244604316546,2,1.7985611510791366,5,0.3597122302158273,1,0.0,0,0.18181818181818182,278
0.0,0,0.0,0,0.0,0,0.0,0,0.0,0,0.0,0,0.0,0,3.0303030303030303,1,0.0,33,3.4188034188034186,12,0.0,0,2.5641025641025643,9,0.8547008547008547,3,0.2849002849002849,1,2.5641025641025643,9,0.0,0,0.2849002849002849,1,0.6,351
0.0,0,0.0,0,0.0,0,0.0,0,0.0,0,0.0,0,0.0,0,0.0,0,0.0,15,4.294478527607362,14,0.0,0,3.067484662576687,10,1.2269938650306749,4,0.3067484662576687,1,2.147239263803681,7,0.0,0,0.0,0,0.3684210526315789,326
8.333333333333334,1,0.0,0,0.0,0,8.333333333333334,1,0.0,0,0.0,0,0.0,0,0.0,0,0.0,12,5.214723926380368,17,0.0,0,3.9877300613496933,13,1.2269938650306749,4,0.3067484662576687,1,1.8404907975460123,6,0.3067484662576687,1,0.0,0,0.2857142857142857,326
7.142857142857143,3,0.0,0,4.761904761904762,2,2.380952380952381,1,0.0,0,2.380952380952381,1,0.0,0,0.0,0,0.5,42,6.542056074766355,14,0.0,0,3.7383177570093458,8,2.803738317757009,6,0.9345794392523364,2,0.9345794392523364,2,0.4672897196261682,1,0.9345794392523364,2,0.2,214
7.142857142857143,1,0.0,0,7.142857142857143,1,0.0,0,0.0,0,0.0,0,0.0,0,7.142857142857143,1,0.0,14,5.240174672489083,12,0.0,0,3.493449781659389,8,1.7467248908296944,4,0.4366812227074236,1,2.183406113537118,5,0.4366812227074236,1,1.3100436681222707,3,0.3,229
0.0,0,0.0,0,0.0,0,0.0,0,0.0,0,5.882352941176471,1,0.0,0,0.0,0,1.0,17,6.914893617021277,13,0.0,0,3.723404255319149,7,3.1914893617021276,6,1.0638297872340425,2,2.6595744680851063,5,0.5319148936170213,1,1.0638297872340425,2,0.5555555555555556,188
7.142857142857143,5,0.0,0,7.142857142857143,5,0.0,0,1.4285714285714286,1,8.571428571428571,6,1.4285714285714286,1,4.285714285714286,3,0.5,70,6.521739130434782,12,0.0,0,3.260869565217391,6,3.260869565217391,6,1.0869565217391304,2,0.5434782608695652,1,0.5434782608695652,1,0.5434782608695652,1,0.09090909090909091,184
10.638297872340425,10,1.0638297872340425,1,7.446808510638298,7,2.127659574468085,2,1.0638297872340425,1,3.1914893617021276,3,0.0,0,4.25531914893617,4,0.5,94,10.256410256410257,20,0.5128205128205128,1,4.102564102564102,8,5.641025641025641,11,0.5128205128205128,1,1.5384615384615385,3,1.0256410256410255,2,0.0,0,0.3,195
2.73972602739726,4,0.0,0,2.73972602739726,4,0.0,0,0.0,0,2.73972602739726,4,0.0,0,0.684931506849315,1,0.16666666666666666,146,5.339805825242719,11,0.0,0,1.941747572815534,4,3.3980582524271843,7,0.0,0,1.4563106796116505,3,0.4854368932038835,1,0.970873786407767,2,0.2727272727272727,206
6.451612903225806,4,0.0,0,6.451612903225806,4,0.0,0,3.225806451612903,2,4.838709677419355,3,0.0,0,6.451612903225806,4,0.6,62,6.422018348623853,14,0.0,0,4.587155963302752,10,1.834862385321101,4,1.3761467889908257,3,1.3761467889908257,3,0.0,0,0.9174311926605505,2,0.15384615384615385,218
0.0,0,0.0,0,0.0,0,0.0,0,0.0,0,4.166666666666667,1,0.0,0,0.0,0,0.5,24,4.0201005025125625,8,0.0,0,2.0100502512562812,4,2.0100502512562812,4,1.0050251256281406,2,3.5175879396984926,7,0.0,0,1.0050251256281406,2,0.38461538461538464,199
5.555555555555555,4,0.0,0,5.555555555555555,4,0.0,0,0.0,0,4.166666666666667,3,0.0,0,6.944444444444445,5,0.375,72,4.867256637168142,11,0.0,0,3.5398230088495577,8,1.3274336283185841,3,0.4424778761061947,1,1.3274336283185841,3,0.0,0,1.7699115044247788,4,0.15384615384615385,226
6.779661016949152,4,0.0,0,3.389830508474576,2,3.389830508474576,2,0.0,0,1.694915254237288,1,0.0,0,1.694915254237288,1,0.25,59,3.2863849765258215,7,0.0,0,2.347417840375587,5,0.9389671361502347,2,0.0,0,2.347417840375587,5,0.0,0,1.408450704225352,3,0.375,213
9.75609756097561,4,0.0,0,4.878048780487805,2,4.878048780487805,2,2.4390243902439024,1,0.0,0,0.0,0,2.4390243902439024,1,0.0,41,5.0228310502283104,11,0.0,0,3.1963470319634704,7,1.82648401826484,4,0.91324200913242,2,3.65296803652968,8,0.0,0,0.91324200913242,2,0.36363636363636365,219
0.0,0,0.0,0,0.0,0,0.0,0,0.0,0,0.0,0,0.0,0,0.0,0,0.0,19,2.6548672566371683,6,0.0,0,1.3274336283185841,3,1.3274336283185841,3,0.0,0,1.7699115044247788,4,0.0,0,0.4424778761061947,1,0.26666666666666666,226
3.7037037037037037,3,0.0,0,3.7037037037037037,3,0.0,0,1.2345679012345678,1,2.4691358024691357,2,1.2345679012345678,1,2.4691358024691357,2,0.2857142857142857,81,5.2356020942408374,10,0.0,0,1.5706806282722514,3,3.6649214659685865,7,0.5235602094240838,1,3.6649214659685865,7,0.0,0,2.094240837696335,4,0.7,191
1.0309278350515463,1,0.0,0,1.0309278350515463,1,0.0,0,0.0,0,1.0309278350515463,1,1.0309278350515463,1,2.0618556701030926,2,0.14285714285714285,97,6.428571428571429,9,0.0,0,3.5714285714285716,5,2.857142857142857,4,0.0,0,2.142857142857143,3,0.0,0,2.142857142857143,3,0.5,140
2.898550724637681,2,0.0,0,2.898550724637681,2,0.0,0,1.4492753623188406,1,2.898550724637681,2,0.0,0,2.898550724637681,2,0.6666666666666666,69,5.1020408163265305,10,0.0,0,2.0408163265306123,4,3.061224489795918,6,0.0,0,3.061224489795918,6,0.0,0,1.0204081632653061,2,0.35714285714285715,196
3.9473684210526314,3,0.0,0,2.6315789473684212,2,1.3157894736842106,1,2.6315789473684212,2,0.0,0,2.6315789473684212,2,0.0,0,0.0,76,3.125,6,0.0,0,1.5625,3,1.5625,3,0.5208333333333334,1,3.125,6,0.5208333333333334,1,1.0416666666666667,2,0.23076923076923078,192
2.7472527472527473,5,0.0,0,2.197802197802198,4,0.5494505494505495,1,0.5494505494505495,1,2.7472527472527473,5,1.6483516483516483,3,0.5494505494505495,1,0.23076923076923078,182,4.680851063829787,11,0.0,0,2.978723404255319,7,1.702127659574468,4,0.0,0,2.978723404255319,7,0.0,0,0.851063829787234,2,0.42857142857142855,235
2.380952380952381,2,0.0,0,2.380952380952381,2,0.0,0,1.1904761904761905,1,7.142857142857143,6,0.0,0,2.380952380952381,2,0.6666666666666666,84,4.455445544554456,9,0.0,0,2.4752475247524752,5,1.9801980198019802,4,0.49504950495049505,1,0.9900990099009901,2,0.49504950495049505,1,1.4851485148514851,3,0.25,202
3.5294117647058822,3,0.0,0,3.5294117647058822,3,0.0,0,0.0,0,3.5294117647058822,3,0.0,0,2.3529411764705883,2,0.2857142857142857,85,3.4482758620689653,6,0.0,0,1.7241379310344827,3,1.7241379310344827,3,0.5747126436781609,1,3.4482758620689653,6,0.0,0,1.1494252873563218,2,0.45454545454545453,174
4.672897196261682,10,0.0,0,3.2710280373831777,7,1.4018691588785046,3,1.8691588785046729,4,1.8691588785046729,4,0.9345794392523364,2,4.205607476635514,9,0.375,214,2.8112449799196786,7,0.0,0,2.0080321285140563,5,0.8032128514056225,2,1.606425702811245,4,3.21285140562249,8,0.40160642570281124,1,0.0,0,0.3333333333333333,249
0.0,0,0.0,0,0.0,0,0.0,0,2.0408163265306123,1,0.0,0,0.0,0,2.0408163265306123,1,0.0,49,5.381165919282512,12,0.0,0,3.587443946188341,8,1.7937219730941705,4,0.4484304932735426,1,2.690582959641256,6,0.4484304932735426,1,0.4484304932735426,1,0.3333333333333333,223
3.4482758620689653,1,0.0,0,0.0,0,3.4482758620689653,1,3.4482758620689653,1,3.4482758620689653,1,0.0,0,6.896551724137931,2,0.25,29,3.4313725490196076,7,0.0,0,2.9411764705882355,6,0.49019607843137253,1,0.9803921568627451,2,1.4705882352941178,3,0.0,0,0.9803921568627451,2,0.25,204
4.6875,6,0.0,0,3.90625,5,0.78125,1,2.34375,3,2.34375,3,0.78125,1,0.78125,1,0.25,128,3.1578947368421053,6,0.0,0,1.5789473684210527,3,1.5789473684210527,3,0.5263157894736842,1,2.6315789473684212,5,0.5263157894736842,1,1.0526315789473684,2,0.26666666666666666,190
4.794520547945205,7,0.0,0,3.4246575342465753,5,1.36986301369863,2,0.684931506849315,1,2.73972602739726,4,0.0,0,2.0547945205479454,3,0.23076923076923078,146,4.296875,11,0.0,0,2.34375,6,1.953125,5,0.390625,1,1.5625,4,0.390625,1,0.78125,2,0.2,256
6.097560975609756,5,0.0,0,4.878048780487805,4,1.2195121951219512,1,1.2195121951219512,1,1.2195121951219512,1,0.0,0,4.878048780487805,4,0.16666666666666666,82,5.8201058201058204,11,0.0,0,2.1164021164021163,4,3.7037037037037037,7,0.0,0,0.0,0,0.0,0,2.1164021164021163,4,0.0,189
25.0,1,0.0,0,0.0,0,25.0,1,0.0,0,0.0,0,0.0,0,25.0,1,0.0,4,4.324324324324325,8,0.5405405405405406,1,2.1621621621621623,4,1.6216216216216217,3,1.0810810810810811,2,1.0810810810810811,2,0.0,0,1.0810810810810811,2,0.25,185
0.0,0,0.0,0,0.0,0,0.0,0,0.0,0,5.2631578947368425,1,0.0,0,0.0,0,1.0,19,3.2110091743119265,7,0.45871559633027525,1,1.834862385321101,4,0.9174311926605505,2,0.9174311926605505,2,0.9174311926605505,2,0.0,0,0.45871559633027525,1,0.18181818181818182,218
17.647058823529413,3,0.0,0,17.647058823529413,3,0.0,0,0.0,0,0.0,0,0.0,0,11.764705882352942,2,0.0,17,4.0,7,0.0,0,1.1428571428571428,2,2.857142857142857,5,1.1428571428571428,2,0.5714285714285714,1,0.0,0,0.5714285714285714,1,0.1111111111111111,175
4.166666666666667,1,0.0,0,4.166666666666667,1,0.0,0,0.0,0,0.0,0,0.0,0,0.0,0,0.0,24,2.7027027027027026,6,0.0,0,1.8018018018018018,4,0.9009009009009009,2,0.0,0,1.3513513513513513,3,0.0,0,1.3513513513513513,3,0.3333333333333333,222
0.0,0,0.0,0,0.0,0,0.0,0,0.0,0,0.0,0,0.0,0,2.9411764705882355,1,0.0,34,2.7149321266968327,6,0.0,0,0.9049773755656109,2,1.8099547511312217,4,0.9049773755656109,2,0.45248868778280543,1,0.45248868778280543,1,0.45248868778280543,1,0.1111111111111111,221
2.5316455696202533,2,0.0,0,0.0,0,2.5316455696202533,2,1.2658227848101267,1,2.5316455696202533,2,0.0,0,1.2658227848101267,1,0.25,79,4.9079754601226995,8,0.0,0,3.6809815950920246,6,1.2269938650306749,2,1.8404907975460123,3,1.2269938650306749,2,0.0,0,1.2269938650306749,2,0.2222222222222222,163
6.666666666666667,5,0.0,0,4.0,3,2.6666666666666665,2,1.3333333333333333,1,1.3333333333333333,1,0.0,0,4.0,3,0.1111111111111111,75,4.784688995215311,10,0.0,0,2.8708133971291865,6,1.9138755980861244,4,0.9569377990430622,2,0.9569377990430622,2,0.0,0,0.9569377990430622,2,0.2222222222222222,209
10.714285714285714,3,0.0,0,3.5714285714285716,1,7.142857142857143,2,0.0,0,0.0,0,0.0,0,0.0,0,0.0,28,4.022988505747127,7,0.0,0,1.7241379310344827,3,2.2988505747126435,4,0.0,0,2.2988505747126435,4,0.0,0,0.5747126436781609,1,0.4444444444444444,174
0.0,0,0.0,0,0.0,0,0.0,0,0.0,0,2.4390243902439024,1,0.0,0,0.0,0,0.14285714285714285,41,2.4271844660194173,5,0.0,0,1.4563106796116505,3,0.970873786407767,2,1.4563106796116505,3,0.970873786407767,2,0.0,0,0.0,0,0.16666666666666666,206
8.0,4,0.0,0,8.0,4,0.0,0,0.0,0,8.0,4,2.0,1,0.0,0,1.0,50,5.58659217877095,10,0.0,0,3.910614525139665,7,1.675977653631285,3,1.1173184357541899,2,1.1173184357541899,2,0.0,0,0.5586592178770949,1,0.25,179
5.2631578947368425,5,0.0,0,2.1052631578947367,2,3.1578947368421053,3,1.0526315789473684,1,1.0526315789473684,1,1.0526315789473684,1,0.0,0,0.14285714285714285,95,2.8735632183908044,5,0.0,0,1.7241379310344827,3,1.1494252873563218,2,0.5747126436781609,1,0.0,0,0.0,0,0.0,0,0.0,174
6.25,2,0.0,0,3.125,1,3.125,1,0.0,0,3.125,1,0.0,0,3.125,1,0.5,32,1.9801980198019802,4,0.0,0,1.9801980198019802,4,0.0,0,1.9801980198019802,4,1.4851485148514851,3,0.0,0,0.49504950495049505,1,0.2857142857142857,202
7.6923076923076925,5,0.0,0,4.615384615384615,3,3.076923076923077,2,3.076923076923077,2,3.076923076923077,2,0.0,0,0.0,0,0.6666666666666666,65,4.123711340206185,8,0.0,0,2.0618556701030926,4,2.0618556701030926,4,1.0309278350515463,2,1.0309278350515463,2,0.0,0,1.5463917525773196,3,0.18181818181818182,194
4.477611940298507,3,0.0,0,1.492537313432836,1,2.985074626865672,2,1.492537313432836,1,5.970149253731344,4,1.492537313432836,1,0.0,0,1.0,67,2.4096385542168677,6,0.0,0,1.606425702811245,4,0.8032128514056225,2,1.2048192771084338,3,1.2048192771084338,3,0.0,0,0.0,0,0.2222222222222222,249
6.870229007633588,9,0.0,0,6.106870229007634,8,0.7633587786259542,1,0.7633587786259542,1,2.2900763358778624,3,1.5267175572519085,2,0.7633587786259542,1,0.25,131,3.4285714285714284,6,0.0,0,2.2857142857142856,4,1.1428571428571428,2,1.1428571428571428,2,0.5714285714285714,1,0.0,0,0.5714285714285714,1,0.16666666666666666,175
3.0927835051546393,3,0.0,0,3.0927835051546393,3,0.0,0,0.0,0,1.0309278350515463,1,1.0309278350515463,1,1.0309278350515463,1,0.125,97,3.4482758620689653,8,0.0,0,2.1551724137931036,5,1.293103448275862,3,0.8620689655172413,2,1.293103448275862,3,0.0,0,0.43103448275862066,1,0.18181818181818182,232
3.8461538461538463,2,0.0,0,1.9230769230769231,1,1.9230769230769231,1,1.9230769230769231,1,0.0,0,1.9230769230769231,1,0.0,0,0.0,52,3.0150753768844223,6,0.0,0,2.0100502512562812,4,1.0050251256281406,2,2.0100502512562812,4,0.5025125628140703,1,0.0,0,0.0,0,0.14285714285714285,199
4.3478260869565215,1,0.0,0,0.0,0,4.3478260869565215,1,0.0,0,0.0,0,0.0,0,0.0,0,0.0,23,3.0837004405286343,7,0.0,0,1.7621145374449338,4,1.3215859030837005,3,1.3215859030837005,3,1.3215859030837005,3,0.0,0,0.44052863436123346,1,0.2222222222222222,227
6.0606060606060606,2,0.0,0,3.0303030303030303,1,3.0303030303030303,1,0.0,0,3.0303030303030303,1,0.0,0,0.0,0,0.5,33,2.840909090909091,5,0.0,0,1.1363636363636365,2,1.7045454545454546,3,1.1363636363636365,2,1.1363636363636365,2,0.0,0,1.7045454545454546,3,0.15384615384615385,176
0.0,0,0.0,0,0.0,0,0.0,0,0.0,0,18.181818181818183,2,0.0,0,0.0,0,1.0,11,3.6199095022624435,8,0.0,0,2.7149321266968327,6,0.9049773755656109,2,1.8099547511312217,4,0.9049773755656109,2,0.0,0,0.0,0,0.2,221
4.895104895104895,7,0.0,0,2.797202797202797,4,2.097902097902098,3,1.3986013986013985,2,0.6993006993006993,1,0.0,0,0.0,0,0.14285714285714285,143,2.7649769585253456,6,0.0,0,0.9216589861751152,2,1.8433179723502304,4,1.3824884792626728,3,0.9216589861751152,2,0.0,0,0.0,0,0.18181818181818182,217
9.278350515463918,9,0.0,0,8.24742268041237,8,1.0309278350515463,1,0.0,0,3.0927835051546393,3,0.0,0,3.0927835051546393,3,0.5,97,3.4285714285714284,6,0.0,0,2.2857142857142856,4,1.1428571428571428,2,2.2857142857142856,4,1.1428571428571428,2,0.0,0,0.5714285714285714,1,0.2,175
4.109589041095891,6,0.0,0,2.0547945205479454,3,2.0547945205479454,3,0.0,0,2.0547945205479454,3,1.36986301369863,2,2.0547945205479454,3,0.3,146,5.291005291005291,10,0.0,0,3.7037037037037037,7,1.5873015873015872,3,1.0582010582010581,2,1.5873015873015872,3,0.0,0,0.0,0,0.18181818181818182,189
5.349794238683128,13,0.0,0,3.292181069958848,8,2.05761316872428,5,0.411522633744856,1,1.2345679012345678,3,0.823045267489712,2,0.411522633744856,1,0.17647058823529413,243,2.9661016949152543,7,0.0,0,2.1186440677966103,5,0.847457627118644,2,1.271186440677966,3,1.694915254237288,4,0.0,0,0.423728813559322,1,0.3333333333333333,236
6.25,3,0.0,0,6.25,3,0.0,0,0.0,0,0.0,0,0.0,0,2.0833333333333335,1,0.0,48,3.6842105263157894,7,0.0,0,2.6315789473684212,5,1.0526315789473684,2,1.0526315789473684,2,0.0,0,0.0,0,0.5263157894736842,1,0.0,190
5.555555555555555,1,0.0,0,0.0,0,5.555555555555555,1,0.0,0,0.0,0,0.0,0,0.0,0,0.0,18,3.225806451612903,5,0.0,0,1.2903225806451613,2,1.935483870967742,3,0.6451612903225806,1,1.2903225806451613,2,0.0,0,0.6451612903225806,1,0.3333333333333333,155
5.46875,7,0.78125,1,1.5625,2,3.125,4,0.78125,1,1.5625,2,0.0,0,3.90625,5,0.3333333333333333,128,3.0172413793103448,7,0.0,0,2.1551724137931036,5,0.8620689655172413,2,1.293103448275862,3,0.8620689655172413,2,0.0,0,0.43103448275862066,1,0.125,232
5.405405405405405,2,0.0,0,5.405405405405405,2,0.0,0,0.0,0,0.0,0,0.0,0,0.0,0,0.0,37,3.468208092485549,6,0.0,0,2.3121387283236996,4,1.1560693641618498,2,1.1560693641618498,2,2.8901734104046244,5,0.0,0,0.0,0,0.7142857142857143,173
4.132231404958677,10,0.4132231404958678,1,2.8925619834710745,7,0.8264462809917356,2,0.0,0,2.0661157024793386,5,0.0,0,2.0661157024793386,5,0.15384615384615385,242,4.2105263157894735,8,0.5263157894736842,1,2.6315789473684212,5,1.0526315789473684,2,1.5789473684210527,3,1.5789473684210527,3,0.5263157894736842,1,0.0,0,0.42857142857142855,190
4.098360655737705,5,0.0,0,1.639344262295082,2,2.459016393442623,3,0.819672131147541,1,3.278688524590164,4,1.639344262295082,2,0.819672131147541,1,0.5,122,4.0,8,0.0,0,2.5,5,1.5,3,2.0,4,0.5,1,0.0,0,0.5,1,0.125,200
4.166666666666667,4,1.0416666666666667,1,2.0833333333333335,2,1.0416666666666667,1,0.0,0,2.0833333333333335,2,0.0,0,5.208333333333333,5,0.14285714285714285,96,3.061224489795918,6,0.0,0,2.5510204081632653,5,0.5102040816326531,1,1.0204081632653061,2,1.530612244897959,3,0.0,0,0.5102040816326531,1,0.5,196
6.024096385542169,5,0.0,0,4.819277108433735,4,1.2048192771084338,1,1.2048192771084338,1,1.2048192771084338,1,2.4096385542168677,2,2.4096385542168677,2,0.14285714285714285,83,2.314814814814815,5,0.0,0,1.8518518518518519,4,0.46296296296296297,1,1.3888888888888888,3,1.8518518518518519,4,0.0,0,0.9259259259259259,2,0.3333333333333333,216
3.7735849056603774,8,0.0,0,1.8867924528301887,4,1.8867924528301887,4,1.8867924528301887,4,1.4150943396226414,3,0.4716981132075472,1,1.4150943396226414,3,0.2222222222222222,212,3.686635944700461,8,0.0,0,2.304147465437788,5,1.3824884792626728,3,1.3824884792626728,3,0.4608294930875576,1,0.0,0,0.0,0,0.08333333333333333,217
8.270676691729323,11,0.0,0,4.511278195488722,6,3.7593984962406015,5,0.7518796992481203,1,2.255639097744361,3,1.5037593984962405,2,3.007518796992481,4,0.3,133,3.7914691943127963,8,0.0,0,3.3175355450236967,7,0.47393364928909953,1,0.9478672985781991,2,1.4218009478672986,3,0.0,0,0.9478672985781991,2,0.375,211
8.333333333333334,9,0.0,0,6.481481481481482,7,1.8518518518518519,2,1.8518518518518519,2,1.8518518518518519,2,1.8518518518518519,2,3.7037037037037037,4,0.2857142857142857,108,1.8867924528301887,4,0.0,0,1.4150943396226414,3,0.4716981132075472,1,1.4150943396226414,3,1.4150943396226414,3,0.0,0,0.4716981132075472,1,0.3,212
4.761904761904762,1,0.0,0,4.761904761904762,1,0.0,0,0.0,0,0.0,0,0.0,0,0.0,0,0.0,21,3.9548022598870056,7,0.0,0,1.694915254237288,3,2.2598870056497176,4,0.5649717514124294,1,1.1299435028248588,2,0.5649717514124294,1,0.0,0,0.125,177
1.3953488372093024,3,0.0,0,1.3953488372093024,3,0.0,0,0.0,0,2.7906976744186047,6,0.0,0,0.9302325581395349,2,0.22727272727272727,215,4.166666666666667,10,0.0,0,2.5,6,1.6666666666666667,4,1.25,3,2.0833333333333335,5,0.0,0,0.8333333333333334,2,0.4166666666666667,240
4.301075268817204,4,0.0,0,4.301075268817204,4,0.0,0,0.0,0,1.075268817204301,1,1.075268817204301,1,2.150537634408602,2,0.16666666666666666,93,2.9702970297029703,6,0.0,0,2.4752475247524752,5,0.49504950495049505,1,1.4851485148514851,3,0.49504950495049505,1,0.0,0,0.49504950495049505,1,0.125,202
6.081081081081081,9,0.0,0,2.7027027027027026,4,3.3783783783783785,5,1.3513513513513513,2,4.72972972972973,7,0.0,0,1.3513513513513513,2,1.0,148,5.154639175257732,5,0.0,0,1.0309278350515463,1,4.123711340206185,4,1.0309278350515463,1,1.0309278350515463,1,0.0,0,2.0618556701030926,2,0.3333333333333333,97
5.2631578947368425,3,1.7543859649122806,1,1.7543859649122806,1,1.7543859649122806,1,1.7543859649122806,1,0.0,0,0.0,0,1.7543859649122806,1,0.0,57,5.714285714285714,8,0.0,0,1.4285714285714286,2,4.285714285714286,6,0.0,0,0.0,0,0.0,0,3.5714285714285716,5,0.0,140
10.144927536231885,7,0.0,0,4.3478260869565215,3,5.797101449275362,4,0.0,0,1.4492753623188406,1,2.898550724637681,2,1.4492753623188406,1,1.0,69,2.857142857142857,4,0.0,0,1.4285714285714286,2,1.4285714285714286,2,0.7142857142857143,1,0.7142857142857143,1,0.0,0,2.142857142857143,3,0.125,140
6.896551724137931,2,0.0,0,6.896551724137931,2,0.0,0,0.0,0,3.4482758620689653,1,3.4482758620689653,1,0.0,0,0.5,29,6.153846153846154,8,0.0,0,3.076923076923077,4,3.076923076923077,4,0.7692307692307693,1,2.3076923076923075,3,0.0,0,1.5384615384615385,2,0.42857142857142855,130
4.545454545454546,1,0.0,0,4.545454545454546,1,0.0,0,0.0,0,0.0,0,0.0,0,0.0,0,0.0,22,2.4193548387096775,3,0.0,0,0.8064516129032258,1,1.6129032258064515,2,0.0,0,0.8064516129032258,1,0.0,0,2.4193548387096775,3,0.16666666666666666,124
1.8181818181818181,1,0.0,0,1.8181818181818181,1,0.0,0,1.8181818181818181,1,1.8181818181818181,1,0.0,0,1.8181818181818181,1,0.5,55,3.076923076923077,4,0.0,0,0.7692307692307693,1,2.3076923076923075,3,0.7692307692307693,1,0.7692307692307693,1,0.0,0,2.3076923076923075,3,0.125,130
0.0,0,0.0,0,0.0,0,0.0,0,0.0,0,0.0,0,0.0,0,0.0,0,0.0,47,8.791208791208792,8,0.0,0,3.2967032967032965,3,5.4945054945054945,5,0.0,0,2.197802197802198,2,1.098901098901099,1,0.0,0,0.2,91
4.0,1,0.0,0,4.0,1,0.0,0,4.0,1,0.0,0,4.0,1,0.0,0,0.0,25,5.970149253731344,8,0.0,0,2.2388059701492535,3,3.7313432835820897,5,0.746268656716418,1,0.0,0,0.0,0,1.492537313432836,2,0.0,134
12.5,2,0.0,0,6.25,1,6.25,1,0.0,0,0.0,0,0.0,0,0.0,0,0.0,16,4.878048780487805,4,0.0,0,3.658536585365854,3,1.2195121951219512,1,1.2195121951219512,1,1.2195121951219512,1,0.0,0,3.658536585365854,3,0.2,82
0.0,0,0.0,0,0.0,0,0.0,0,0.0,0,0.0,0,0.0,0,0.0,0,0.0,7,5.343511450381679,7,0.0,0,1.5267175572519085,2,3.816793893129771,5,3.053435114503817,4,0.7633587786259542,1,0.0,0,2.2900763358778624,3,0.2,131
8.333333333333334,1,0.0,0,8.333333333333334,1,0.0,0,0.0,0,0.0,0,0.0,0,0.0,0,0.0,12,4.587155963302752,5,0.0,0,2.7522935779816513,3,1.834862385321101,2,0.9174311926605505,1,0.9174311926605505,1,0.9174311926605505,1,0.9174311926605505,1,0.16666666666666666,109
15.384615384615385,4,0.0,0,3.8461538461538463,1,11.538461538461538,3,0.0,0,0.0,0,0.0,0,7.6923076923076925,2,0.0,26,3.8461538461538463,4,0.0,0,1.9230769230769231,2,1.9230769230769231,2,0.0,0,1.9230769230769231,2,0.0,0,1.9230769230769231,2,0.4,104
1.4705882352941178,1,0.0,0,0.0,0,1.4705882352941178,1,1.4705882352941178,1,2.9411764705882355,2,0.0,0,1.4705882352941178,1,0.5,68,3.787878787878788,5,0.0,0,1.5151515151515151,2,2.272727272727273,3,0.7575757575757576,1,0.7575757575757576,1,0.0,0,2.272727272727273,3,0.16666666666666666,132
6.25,1,0.0,0,6.25,1,0.0,0,0.0,0,6.25,1,0.0,0,6.25,1,0.5,16,3.0864197530864197,5,0.0,0,0.6172839506172839,1,2.4691358024691357,4,0.0,0,1.2345679012345678,2,0.0,0,0.6172839506172839,1,0.2857142857142857,162
0.0,0,0.0,0,0.0,0,0.0,0,0.0,0,0.0,0,0.0,0,0.0,0,0.0,2,5.426356589147287,7,0.0,0,3.10077519379845,4,2.3255813953488373,3,0.7751937984496124,1,0.0,0,0.7751937984496124,1,3.875968992248062,5,0.0,129
25.0,1,0.0,0,25.0,1,0.0,0,0.0,0,0.0,0,0.0,0,0.0,0,0.0,4,4.8,6,0.0,0,3.2,4,1.6,2,0.8,1,0.8,1,0.0,0,2.4,3,0.16666666666666666,125
5.714285714285714,2,0.0,0,2.857142857142857,1,2.857142857142857,1,2.857142857142857,1,0.0,0,0.0,0,2.857142857142857,1,0.0,35,6.0606060606060606,8,0.7575757575757576,1,1.5151515151515151,2,3.787878787878788,5,0.0,0,0.0,0,0.0,0,2.272727272727273,3,0.0,132
3.5714285714285716,2,0.0,0,1.7857142857142858,1,1.7857142857142858,1,0.0,0,1.7857142857142858,1,1.7857142857142858,1,3.5714285714285716,2,0.14285714285714285,56,5.185185185185185,7,0.0,0,2.962962962962963,4,2.2222222222222223,3,0.7407407407407407,1,0.7407407407407407,1,0.0,0,2.962962962962963,4,0.16666666666666666,135
14.285714285714286,3,0.0,0,9.523809523809524,2,4.761904761904762,1,0.0,0,4.761904761904762,1,0.0,0,0.0,0,1.0,21,3.389830508474576,4,0.0,0,0.847457627118644,1,2.542372881355932,3,0.0,0,0.847457627118644,1,0.0,0,2.542372881355932,3,0.16666666666666666,118
0.0,0,0.0,0,0.0,0,0.0,0,0.0,0,2.5641025641025643,1,0.0,0,2.5641025641025643,1,0.3333333333333333,39,6.4935064935064934,10,0.0,0,3.896103896103896,6,2.5974025974025974,4,0.0,0,1.2987012987012987,2,0.0,0,1.948051948051948,3,0.3333333333333333,154
12.0,3,0.0,0,4.0,1,8.0,2,0.0,0,0.0,0,0.0,0,0.0,0,0.0,25,3.10077519379845,4,0.0,0,1.550387596899225,2,1.550387596899225,2,0.0,0,0.7751937984496124,1,0.0,0,1.550387596899225,2,0.14285714285714285,129
4.444444444444445,2,0.0,0,4.444444444444445,2,0.0,0,2.2222222222222223,1,0.0,0,0.0,0,0.0,0,0.0,45,4.705882352941177,4,0.0,0,2.3529411764705883,2,2.3529411764705883,2,1.1764705882352942,1,1.1764705882352942,1,0.0,0,0.0,0,0.2,85
8.571428571428571,3,0.0,0,5.714285714285714,2,2.857142857142857,1,0.0,0,0.0,0,0.0,0,2.857142857142857,1,0.0,35,6.015037593984962,8,0.0,0,1.5037593984962405,2,4.511278195488722,6,0.7518796992481203,1,0.7518796992481203,1,0.0,0,2.255639097744361,3,0.14285714285714285,133
15.254237288135593,9,0.0,0,11.864406779661017,7,3.389830508474576,2,0.0,0,1.694915254237288,1,0.0,0,5.084745762711864,3,0.3333333333333333,59,6.172839506172839,5,0.0,0,3.7037037037037037,3,2.4691358024691357,2,0.0,0,0.0,0,0.0,0,4.938271604938271,4,0.0,81
4.444444444444445,2,0.0,0,2.2222222222222223,1,2.2222222222222223,1,2.2222222222222223,1,0.0,0,0.0,0,2.2222222222222223,1,0.0,45,6.60377358490566,7,0.0,0,2.830188679245283,3,3.7735849056603774,4,0.9433962264150944,1,0.0,0,0.9433962264150944,1,1.8867924528301887,2,0.0,106
0.0,0,0.0,0,0.0,0,0.0,0,0.0,0,0.0,0,0.0,0,0.0,0,0.0,2,4.635761589403973,7,0.0,0,1.9867549668874172,3,2.6490066225165565,4,0.6622516556291391,1,0.0,0,0.0,0,2.6490066225165565,4,0.0,151
2.2222222222222223,1,0.0,0,0.0,0,2.2222222222222223,1,2.2222222222222223,1,2.2222222222222223,1,0.0,0,0.0,0,0.3333333333333333,45,4.123711340206185,4,0.0,0,1.0309278350515463,1,3.0927835051546393,3,0.0,0,1.0309278350515463,1,0.0,0,0.0,0,0.2,97
4.411764705882353,3,0.0,0,1.4705882352941178,1,2.9411764705882355,2,0.0,0,2.9411764705882355,2,0.0,0,2.9411764705882355,2,0.25,68,5.2631578947368425,7,0.0,0,3.007518796992481,4,2.255639097744361,3,1.5037593984962405,2,0.7518796992481203,1,0.0,0,0.7518796992481203,1,0.16666666666666666,133
6.666666666666667,2,0.0,0,3.3333333333333335,1,3.3333333333333335,1,0.0,0,0.0,0,0.0,0,3.3333333333333335,1,0.0,30,3.409090909090909,3,0.0,0,1.1363636363636365,1,2.272727272727273,2,1.1363636363636365,1,1.1363636363636365,1,0.0,0,3.409090909090909,3,0.25,88
0.0,0,0.0,0,0.0,0,0.0,0,0.0,0,0.0,0,0.0,0,0.0,0,0.0,6,6.1946902654867255,7,0.0,0,2.6548672566371683,3,3.5398230088495577,4,0.8849557522123894,1,0.8849557522123894,1,0.8849557522123894,1,1.7699115044247788,2,0.14285714285714285,113
0.0,0,0.0,0,0.0,0,0.0,0,0.0,0,0.0,0,0.0,0,0.0,0,0.0,18,7.894736842105263,3,2.6315789473684212,1,2.6315789473684212,1,2.6315789473684212,1,0.0,0,2.6315789473684212,1,0.0,0,5.2631578947368425,2,0.3333333333333333,38
0.0,0,0.0,0,0.0,0,0.0,0,0.0,0,0.0,0,0.0,0,0.0,0,0.0,39,11.11111111111111,4,2.7777777777777777,1,2.7777777777777777,1,5.555555555555555,2,0.0,0,2.7777777777777777,1,0.0,0,5.555555555555555,2,0.5,36
9.090909090909092,1,0.0,0,9.090909090909092,1,0.0,0,9.090909090909092,1,0.0,0,0.0,0,0.0,0,0.0,11,5.555555555555555,2,0.0,0,2.7777777777777777,1,2.7777777777777777,1,0.0,0,0.0,0,0.0,0,2.7777777777777777,1,0.0,36
0.0,0,0.0,0,0.0,0,0.0,0,0.0,0,0.0,0,0.0,0,0.0,0,0.0,0,5.555555555555555,3,0.0,0,1.8518518518518519,1,3.7037037037037037,2,0.0,0,0.0,0,0.0,0,3.7037037037037037,2,0.0,54
6.25,1,0.0,0,0.0,0,6.25,1,0.0,0,0.0,0,0.0,0,0.0,0,0.0,16,4.651162790697675,2,0.0,0,2.3255813953488373,1,2.3255813953488373,1,0.0,0,0.0,0,0.0,0,0.0,0,0.0,43
25.0,1,0.0,0,0.0,0,25.0,1,0.0,0,0.0,0,0.0,0,0.0,0,0.0,4,10.416666666666666,5,0.0,0,4.166666666666667,2,6.25,3,0.0,0,0.0,0,2.0833333333333335,1,0.0,0,0.0,48
11.764705882352942,2,0.0,0,11.764705882352942,2,0.0,0,0.0,0,5.882352941176471,1,0.0,0,5.882352941176471,1,0.3333333333333333,17,4.477611940298507,3,0.0,0,2.985074626865672,2,1.492537313432836,1,0.0,0,2.985074626865672,2,0.0,0,0.0,0,0.5,67
16.666666666666668,1,0.0,0,0.0,0,16.666666666666668,1,0.0,0,0.0,0,0.0,0,0.0,0,0.0,6,8.474576271186441,5,0.0,0,6.779661016949152,4,1.694915254237288,1,0.0,0,1.694915254237288,1,0.0,0,0.0,0,0.2,59
2.857142857142857,1,0.0,0,0.0,0,2.857142857142857,1,0.0,0,2.857142857142857,1,0.0,0,0.0,0,0.3333333333333333,35,1.8867924528301887,3,0.0,0,1.2578616352201257,2,0.6289308176100629,1,0.6289308176100629,1,1.2578616352201257,2,0.0,0,0.6289308176100629,1,0.16666666666666666,159
3.0303030303030303,1,0.0,0,3.0303030303030303,1,0.0,0,0.0,0,6.0606060606060606,2,0.0,0,0.0,0,0.5,33,3.2967032967032965,6,0.0,0,2.197802197802198,4,1.098901098901099,2,0.5494505494505495,1,2.197802197802198,4,0.5494505494505495,1,1.6483516483516483,3,0.2727272727272727,182
5.882352941176471,2,0.0,0,5.882352941176471,2,0.0,0,2.9411764705882355,1,0.0,0,2.9411764705882355,1,2.9411764705882355,1,0.0,34,2.7149321266968327,6,0.0,0,1.8099547511312217,4,0.9049773755656109,2,0.9049773755656109,2,2.7149321266968327,6,0.0,0,0.9049773755656109,2,0.45454545454545453,221
0.0,0,0.0,0,0.0,0,0.0,0,0.0,0,0.0,0,0.0,0,0.0,0,0.0,20,2.9702970297029703,6,0.0,0,1.9801980198019802,4,0.9900990099009901,2,0.9900990099009901,2,1.4851485148514851,3,0.0,0,0.9900990099009901,2,0.3333333333333333,202
0.0,0,0.0,0,0.0,0,0.0,0,0.0,0,2.0833333333333335,1,0.0,0,0.0,0,0.3333333333333333,48,3.870967741935484,6,0.0,0,1.2903225806451613,2,2.5806451612903225,4,1.2903225806451613,2,1.2903225806451613,2,0.0,0,1.2903225806451613,2,0.2222222222222222,155
0.0,0,0.0,0,0.0,0,0.0,0,0.0,0,3.3333333333333335,1,0.0,0,0.0,0,1.0,30,3.1914893617021276,6,0.0,0,2.6595744680851063,5,0.5319148936170213,1,0.5319148936170213,1,1.5957446808510638,3,0.5319148936170213,1,0.5319148936170213,1,0.3333333333333333,188
11.11111111111111,1,0.0,0,11.11111111111111,1,0.0,0,0.0,0,11.11111111111111,1,0.0,0,22.22222222222222,2,0.5,9,6.217616580310881,12,0.0,0,3.626943005181347,7,2.5906735751295336,5,0.5181347150259067,1,1.5544041450777202,3,0.0,0,0.5181347150259067,1,0.375,193
7.6923076923076925,3,0.0,0,5.128205128205129,2,2.5641025641025643,1,0.0,0,2.5641025641025643,1,0.0,0,5.128205128205129,2,0.3333333333333333,39,4.054054054054054,6,0.6756756756756757,1,2.7027027027027026,4,0.6756756756756757,1,1.3513513513513513,2,1.3513513513513513,2,0.0,0,1.3513513513513513,2,0.25,148
2.5,1,0.0,0,2.5,1,0.0,0,2.5,1,5.0,2,2.5,1,0.0,0,0.3333333333333333,40,2.347417840375587,5,0.0,0,1.8779342723004695,4,0.4694835680751174,1,0.4694835680751174,1,1.8779342723004695,4,0.0,0,0.4694835680751174,1,0.375,213
3.658536585365854,3,0.0,0,3.658536585365854,3,0.0,0,1.2195121951219512,1,0.0,0,0.0,0,2.4390243902439024,2,0.0,82,3.1645569620253164,5,0.0,0,2.5316455696202533,4,0.6329113924050633,1,0.6329113924050633,1,0.6329113924050633,1,0.6329113924050633,1,0.0,0,0.2,158
6.024096385542169,5,0.0,0,2.4096385542168677,2,3.6144578313253013,3,2.4096385542168677,2,2.4096385542168677,2,0.0,0,1.2048192771084338,1,0.6666666666666666,83,4.571428571428571,8,0.0,0,2.2857142857142856,4,2.2857142857142856,4,0.5714285714285714,1,2.2857142857142856,4,0.0,0,0.0,0,0.42857142857142855,175
8.275862068965518,12,0.0,0,4.827586206896552,7,3.4482758620689653,5,1.3793103448275863,2,0.0,0,1.3793103448275863,2,1.3793103448275863,2,0.0,145,5.208333333333333,10,0.0,0,3.125,6,2.0833333333333335,4,0.5208333333333334,1,2.0833333333333335,4,0.5208333333333334,1,0.0,0,0.3333333333333333,192
0.7518796992481203,1,0.0,0,0.7518796992481203,1,0.0,0,0.0,0,2.255639097744361,3,0.0,0,0.7518796992481203,1,0.5,133,3.0,6,0.0,0,2.0,4,1.0,2,0.5,1,2.0,4,0.0,0,1.0,2,0.3333333333333333,200
4.285714285714286,3,0.0,0,2.857142857142857,2,1.4285714285714286,1,0.0,0,2.857142857142857,2,0.0,0,0.0,0,0.25,70,2.9069767441860463,5,0.0,0,2.3255813953488373,4,0.5813953488372093,1,0.5813953488372093,1,1.744186046511628,3,0.0,0,1.744186046511628,3,0.3333333333333333,172
5.0,3,0.0,0,5.0,3,0.0,0,3.3333333333333335,2,5.0,3,0.0,0,5.0,3,0.375,60,4.487179487179487,7,0.0,0,3.2051282051282053,5,1.2820512820512822,2,1.2820512820512822,2,1.9230769230769231,3,0.0,0,1.2820512820512822,2,0.2857142857142857,156
5.0,3,0.0,0,5.0,3,0.0,0,3.3333333333333335,2,5.0,3,0.0,0,5.0,3,0.375,60,2.955665024630542,6,0.0,0,2.4630541871921183,5,0.49261083743842365,1,0.49261083743842365,1,1.9704433497536946,4,0.0,0,0.49261083743842365,1,0.4,203
1.2195121951219512,1,0.0,0,1.2195121951219512,1,0.0,0,0.0,0,1.2195121951219512,1,0.0,0,1.2195121951219512,1,0.25,82,3.5555555555555554,8,0.0,0,2.2222222222222223,5,1.3333333333333333,3,1.3333333333333333,3,2.2222222222222223,5,0.0,0,0.8888888888888888,2,0.4444444444444444,225
0.0,0,0.0,0,0.0,0,0.0,0,0.0,0,0.0,0,0.0,0,0.0,0,0.0,4,5.172413793103448,3,0.0,0,3.4482758620689653,2,1.7241379310344827,1,3.4482758620689653,2,0.0,0,0.0,0,0.0,0,0.0,58
3.3333333333333335,2,0.0,0,3.3333333333333335,2,0.0,0,0.0,0,3.3333333333333335,2,1.6666666666666667,1,0.0,0,0.25,60,7.6923076923076925,4,0.0,0,5.769230769230769,3,1.9230769230769231,1,1.9230769230769231,1,0.0,0,0.0,0,0.0,0,0.0,52
0.9803921568627451,1,0.0,0,0.0,0,0.9803921568627451,1,0.0,0,0.9803921568627451,1,0.0,0,3.9215686274509802,4,0.25,102,5.47945205479452,4,0.0,0,2.73972602739726,2,2.73972602739726,2,1.36986301369863,1,1.36986301369863,1,0.0,0,0.0,0,0.25,73
4.3478260869565215,2,0.0,0,0.0,0,4.3478260869565215,2,2.1739130434782608,1,2.1739130434782608,1,0.0,0,0.0,0,0.3333333333333333,46,5.882352941176471,4,0.0,0,2.9411764705882355,2,2.9411764705882355,2,1.4705882352941178,1,0.0,0,0.0,0,1.4705882352941178,1,0.0,68
0.0,0,0.0,0,0.0,0,0.0,0,1.7543859649122806,1,0.0,0,0.0,0,3.508771929824561,2,0.0,57,5.454545454545454,3,0.0,0,1.8181818181818181,1,3.6363636363636362,2,1.8181818181818181,1,1.8181818181818181,1,0.0,0,1.8181818181818181,1,0.25,55
0.0,0,0.0,0,0.0,0,0.0,0,0.0,0,0.0,0,0.0,0,0.0,0,0.0,11,3.2142857142857144,9,0.35714285714285715,1,1.0714285714285714,3,1.7857142857142858,5,0.35714285714285715,1,2.857142857142857,8,0.35714285714285715,1,0.7142857142857143,2,0.5555555555555556,280
2.6315789473684212,4,0.0,0,2.6315789473684212,4,0.0,0,0.6578947368421053,1,3.289473684210526,5,1.9736842105263157,3,3.289473684210526,5,0.6666666666666666,152,3.4313725490196076,7,0.0,0,2.9411764705882355,6,0.49019607843137253,1,0.49019607843137253,1,2.9411764705882355,6,0.0,0,0.49019607843137253,1,0.4444444444444444,204
2.127659574468085,1,0.0,0,2.127659574468085,1,0.0,0,0.0,0,0.0,0,0.0,0,0.0,0,0.0,47,5.732484076433121,18,0.0,0,2.5477707006369426,8,3.1847133757961785,10,0.3184713375796178,1,2.8662420382165603,9,0.0,0,0.6369426751592356,2,0.5,314
11.11111111111111,9,0.0,0,7.407407407407407,6,3.7037037037037037,3,0.0,0,2.4691358024691357,2,3.7037037037037037,3,4.938271604938271,4,0.2857142857142857,81,2.3923444976076556,5,0.0,0,0.9569377990430622,2,1.4354066985645932,3,0.4784688995215311,1,0.9569377990430622,2,0.0,0,0.9569377990430622,2,0.25,209
3.7593984962406015,5,0.0,0,1.5037593984962405,2,2.255639097744361,3,0.0,0,1.5037593984962405,2,0.7518796992481203,1,0.7518796992481203,1,0.2857142857142857,133,4.417670682730924,11,0.0,0,1.606425702811245,4,2.8112449799196786,7,0.40160642570281124,1,2.8112449799196786,7,0.40160642570281124,1,0.8032128514056225,2,0.5,249
6.896551724137931,2,0.0,0,3.4482758620689653,1,3.4482758620689653,1,0.0,0,3.4482758620689653,1,0.0,0,0.0,0,1.0,29,3.21285140562249,8,0.0,0,0.8032128514056225,2,2.4096385542168677,6,0.0,0,3.21285140562249,8,0.0,0,0.40160642570281124,1,0.5,249
1.6853932584269662,3,0.0,0,1.1235955056179776,2,0.5617977528089888,1,0.0,0,0.5617977528089888,1,0.0,0,0.0,0,0.16666666666666666,178,4.743083003952569,12,0.0,0,2.766798418972332,7,1.976284584980237,5,1.5810276679841897,4,1.1857707509881423,3,0.3952569169960474,1,0.7905138339920948,2,0.21428571428571427,253
5.47945205479452,4,0.0,0,0.0,0,5.47945205479452,4,1.36986301369863,1,0.0,0,0.0,0,0.0,0,0.0,73,5.172413793103448,12,0.0,0,2.586206896551724,6,2.586206896551724,6,1.7241379310344827,4,0.8620689655172413,2,0.43103448275862066,1,0.43103448275862066,1,0.16666666666666666,232
25.0,2,12.5,1,0.0,0,12.5,1,0.0,0,0.0,0,12.5,1,0.0,0,0.0,8,7.482993197278912,11,0.0,0,2.7210884353741496,4,4.761904761904762,7,1.3605442176870748,2,1.3605442176870748,2,1.3605442176870748,2,0.6802721088435374,1,0.3333333333333333,147
0.0,0,0.0,0,0.0,0,0.0,0,0.0,0,0.0,0,0.0,0,0.0,0,0.0,14,4.0,6,0.0,0,0.6666666666666666,1,3.3333333333333335,5,2.0,3,1.3333333333333333,2,0.0,0,0.0,0,0.25,150
3.1746031746031744,2,0.0,0,3.1746031746031744,2,0.0,0,1.5873015873015872,1,1.5873015873015872,1,0.0,0,1.5873015873015872,1,0.3333333333333333,63,4.983388704318937,15,0.0,0,3.654485049833887,11,1.3289036544850499,4,1.6611295681063123,5,2.3255813953488373,7,1.3289036544850499,4,0.33222591362126247,1,0.46153846153846156,301
3.260869565217391,3,0.0,0,0.0,0,3.260869565217391,3,0.0,0,0.0,0,1.0869565217391304,1,1.0869565217391304,1,0.0,92,5.490196078431373,14,0.0,0,3.5294117647058822,9,1.9607843137254901,5,1.1764705882352942,3,1.9607843137254901,5,0.7843137254901961,2,1.9607843137254901,5,0.38461538461538464,255
0.0,0,0.0,0,0.0,0,0.0,0,0.0,0,6.896551724137931,2,0.0,0,3.4482758620689653,1,1.0,29,3.654485049833887,11,0.0,0,1.9933554817275747,6,1.6611295681063123,5,0.33222591362126247,1,1.6611295681063123,5,1.3289036544850499,4,0.6644518272425249,2,0.35714285714285715,301
2.3255813953488373,1,0.0,0,0.0,0,2.3255813953488373,1,2.3255813953488373,1,2.3255813953488373,1,0.0,0,2.3255813953488373,1,0.25,43,5.333333333333333,12,0.0,0,3.5555555555555554,8,1.7777777777777777,4,0.0,0,3.111111111111111,7,1.3333333333333333,3,0.4444444444444444,1,0.5555555555555556,225
0.9523809523809523,1,0.0,0,0.9523809523809523,1,0.0,0,0.0,0,3.8095238095238093,4,0.0,0,0.0,0,0.6666666666666666,105,4.326923076923077,9,0.0,0,1.9230769230769231,4,2.4038461538461537,5,0.9615384615384616,2,2.8846153846153846,6,0.4807692307692308,1,0.9615384615384616,2,0.5555555555555556,208
3.1963470319634704,14,0.0,0,2.2831050228310503,10,0.91324200913242,4,0.0,0,2.2831050228310503,10,0.684931506849315,3,0.684931506849315,3,0.3333333333333333,438,7.6923076923076925,15,0.0,0,5.641025641025641,11,2.051282051282051,4,0.0,0,2.5641025641025643,5,1.5384615384615385,3,1.5384615384615385,3,0.5555555555555556,195
2.898550724637681,2,0.0,0,0.0,0,2.898550724637681,2,0.0,0,1.4492753623188406,1,0.0,0,1.4492753623188406,1,0.2,69,4.102564102564102,8,0.0,0,2.051282051282051,4,2.051282051282051,4,0.0,0,2.5641025641025643,5,1.0256410256410255,2,1.0256410256410255,2,0.375,195
5.882352941176471,1,0.0,0,5.882352941176471,1,0.0,0,0.0,0,5.882352941176471,1,0.0,0,0.0,0,1.0,17,6.422018348623853,14,0.0,0,3.669724770642202,8,2.7522935779816513,6,0.45871559633027525,1,2.293577981651376,5,0.45871559633027525,1,0.9174311926605505,2,0.45454545454545453,218
7.142857142857143,2,0.0,0,3.5714285714285716,1,3.5714285714285716,1,0.0,0,7.142857142857143,2,0.0,0,0.0,0,1.0,28,4.0358744394618835,9,0.0,0,2.242152466367713,5,1.7937219730941705,4,0.4484304932735426,1,2.690582959641256,6,0.8968609865470852,2,0.4484304932735426,1,0.5555555555555556,223
0.0,0,0.0,0,0.0,0,0.0,0,0.0,0,6.666666666666667,1,0.0,0,0.0,0,0.5,15,6.224066390041494,15,0.0,0,3.319502074688797,8,2.904564315352697,7,0.4149377593360996,1,2.074688796680498,5,1.2448132780082988,3,1.2448132780082988,3,0.25,241
3.508771929824561,2,0.0,0,1.7543859649122806,1,1.7543859649122806,1,1.7543859649122806,1,1.7543859649122806,1,1.7543859649122806,1,0.0,0,0.25,57,4.225352112676056,12,0.0,0,2.816901408450704,8,1.408450704225352,4,0.704225352112676,2,3.1690140845070425,9,1.056338028169014,3,1.408450704225352,4,0.5,284
5.376344086021505,5,0.0,0,2.150537634408602,2,3.225806451612903,3,0.0,0,2.150537634408602,2,2.150537634408602,2,2.150537634408602,2,0.5,93,6.914893617021277,13,0.0,0,4.787234042553192,9,2.127659574468085,4,0.5319148936170213,1,1.0638297872340425,2,1.5957446808510638,3,1.5957446808510638,3,0.2857142857142857,188
2.7777777777777777,1,0.0,0,2.7777777777777777,1,0.0,0,0.0,0,0.0,0,0.0,0,0.0,0,0.0,36,3.9840637450199203,10,0.0,0,2.3904382470119523,6,1.593625498007968,4,0.796812749003984,2,2.7888446215139444,7,1.1952191235059761,3,0.796812749003984,2,0.6363636363636364,251
6.25,1,0.0,0,6.25,1,0.0,0,0.0,0,0.0,0,0.0,0,0.0,0,0.0,16,5.179282868525896,13,0.0,0,1.9920318725099602,5,3.187250996015936,8,0.398406374501992,1,2.3904382470119523,6,0.796812749003984,2,0.796812749003984,2,0.36363636363636365,251
6.25,2,0.0,0,3.125,1,3.125,1,0.0,0,3.125,1,0.0,0,0.0,0,0.5,32,5.46448087431694,10,0.0,0,3.278688524590164,6,2.185792349726776,4,0.0,0,1.639344262295082,3,0.546448087431694,1,1.092896174863388,2,0.42857142857142855,183
4.761904761904762,1,0.0,0,4.761904761904762,1,0.0,0,0.0,0,0.0,0,0.0,0,4.761904761904762,1,0.0,21,6.227106227106227,17,0.0,0,3.663003663003663,10,2.5641025641025643,7,1.465201465201465,4,1.8315018315018314,5,1.465201465201465,4,1.8315018315018314,5,0.26666666666666666,273
2.127659574468085,2,0.0,0,2.127659574468085,2,0.0,0,1.0638297872340425,1,2.127659574468085,2,2.127659574468085,2,1.0638297872340425,1,0.3333333333333333,94,3.7037037037037037,9,0.0,0,2.05761316872428,5,1.646090534979424,4,0.411522633744856,1,2.4691358024691357,6,0.823045267489712,2,0.411522633744856,1,0.3333333333333333,243
3.5714285714285716,3,0.0,0,1.1904761904761905,1,2.380952380952381,2,1.1904761904761905,1,3.5714285714285716,3,2.380952380952381,2,0.0,0,0.6,84,3.669724770642202,8,0.45871559633027525,1,1.834862385321101,4,1.3761467889908257,3,0.45871559633027525,1,0.9174311926605505,2,0.9174311926605505,2,0.9174311926605505,2,0.2,218
4.615384615384615,3,0.0,0,0.0,0,4.615384615384615,3,0.0,0,3.076923076923077,2,0.0,0,1.5384615384615385,1,0.2857142857142857,65,4.609929078014185,13,0.0,0,2.482269503546099,7,2.127659574468085,6,0.7092198581560284,2,2.127659574468085,6,1.4184397163120568,4,1.0638297872340425,3,0.5,282
0.8771929824561403,1,0.0,0,0.8771929824561403,1,0.0,0,1.7543859649122806,2,0.8771929824561403,1,0.0,0,0.0,0,0.1,114,4.017857142857143,9,0.0,0,2.232142857142857,5,1.7857142857142858,4,1.7857142857142858,4,1.7857142857142858,4,0.8928571428571429,2,0.44642857142857145,1,0.375,224
5.0,2,0.0,0,2.5,1,2.5,1,0.0,0,5.0,2,0.0,0,0.0,0,0.4,40,4.504504504504505,10,0.0,0,2.7027027027027026,6,1.8018018018018018,4,0.45045045045045046,1,1.3513513513513513,3,0.9009009009009009,2,1.3513513513513513,3,0.1875,222
0.8771929824561403,1,0.0,0,0.8771929824561403,1,0.0,0,1.7543859649122806,2,0.8771929824561403,1,0.0,0,0.0,0,0.1,114,5.158730158730159,13,0.0,0,2.7777777777777777,7,2.380952380952381,6,0.7936507936507936,2,2.7777777777777777,7,0.7936507936507936,2,0.3968253968253968,1,0.45454545454545453,252
5.154639175257732,5,0.0,0,4.123711340206185,4,1.0309278350515463,1,1.0309278350515463,1,3.0927835051546393,3,1.0309278350515463,1,2.0618556701030926,2,0.6,97,2.586206896551724,6,0.0,0,2.1551724137931036,5,0.43103448275862066,1,0.8620689655172413,2,3.0172413793103448,7,0.8620689655172413,2,0.0,0,0.6,232
0.970873786407767,1,0.0,0,0.0,0,0.970873786407767,1,0.0,0,3.883495145631068,4,0.0,0,0.970873786407767,1,0.6,103,4.044117647058823,11,0.0,0,2.9411764705882355,8,1.1029411764705883,3,1.1029411764705883,3,1.1029411764705883,3,1.1029411764705883,3,0.7352941176470589,2,0.23076923076923078,272
2.2222222222222223,2,0.0,0,1.1111111111111112,1,1.1111111111111112,1,0.0,0,4.444444444444445,4,0.0,0,1.1111111111111112,1,0.2857142857142857,90,4.330708661417323,11,0.0,0,3.1496062992125986,8,1.1811023622047243,3,0.7874015748031497,2,1.968503937007874,5,1.5748031496062993,4,0.7874015748031497,2,0.35714285714285715,254
5.084745762711864,3,0.0,0,5.084745762711864,3,0.0,0,0.0,0,5.084745762711864,3,0.0,0,3.389830508474576,2,1.0,59,6.511627906976744,14,0.0,0,4.186046511627907,9,2.3255813953488373,5,0.46511627906976744,1,2.7906976744186047,6,1.3953488372093024,3,0.9302325581395349,2,0.3333333333333333,215
7.6923076923076925,2,0.0,0,3.8461538461538463,1,3.8461538461538463,1,0.0,0,0.0,0,0.0,0,7.6923076923076925,2,0.0,26,6.132075471698113,13,0.0,0,4.716981132075472,10,1.4150943396226414,3,0.9433962264150944,2,1.8867924528301887,4,1.8867924528301887,4,2.358490566037736,5,0.3333333333333333,212
2.127659574468085,1,0.0,0,2.127659574468085,1,0.0,0,0.0,0,6.382978723404255,3,2.127659574468085,1,2.127659574468085,1,0.6,47,4.477611940298507,9,0.0,0,1.9900497512437811,4,2.487562189054726,5,0.4975124378109453,1,2.985074626865672,6,0.9950248756218906,2,0.4975124378109453,1,0.375,201
0.0,0,0.0,0,0.0,0,0.0,0,0.0,0,3.7735849056603774,2,0.0,0,0.0,0,0.5,53,5.405405405405405,12,0.0,0,1.8018018018018018,4,3.6036036036036037,8,0.0,0,0.45045045045045046,1,0.45045045045045046,1,1.3513513513513513,3,0.1,222
0.8928571428571429,1,0.0,0,0.8928571428571429,1,0.0,0,1.7857142857142858,2,2.6785714285714284,3,1.7857142857142858,2,0.0,0,0.42857142857142855,112,4.405286343612334,10,0.0,0,3.0837004405286343,7,1.3215859030837005,3,0.0,0,2.643171806167401,6,0.44052863436123346,1,1.7621145374449338,4,0.4444444444444444,227
9.090909090909092,1,0.0,0,9.090909090909092,1,0.0,0,0.0,0,0.0,0,9.090909090909092,1,0.0,0,0.0,11,2.4630541871921183,5,0.0,0,1.477832512315271,3,0.9852216748768473,2,0.49261083743842365,1,4.926108374384237,10,0.0,0,0.49261083743842365,1,0.8888888888888888,203
2.3255813953488373,1,0.0,0,2.3255813953488373,1,0.0,0,0.0,0,4.651162790697675,2,0.0,0,0.0,0,0.4,43,3.0927835051546393,6,0.0,0,2.577319587628866,5,0.5154639175257731,1,0.0,0,4.123711340206185,8,0.0,0,0.0,0,0.75,194
4.3478260869565215,2,0.0,0,4.3478260869565215,2,0.0,0,0.0,0,4.3478260869565215,2,0.0,0,0.0,0,0.6666666666666666,46,2.030456852791878,4,0.0,0,1.5228426395939085,3,0.5076142131979695,1,0.0,0,4.060913705583756,8,0.0,0,1.5228426395939085,3,0.5454545454545454,197
0.0,0,0.0,0,0.0,0,0.0,0,0.0,0,0.0,0,0.0,0,0.0,0,0.0,1,4.2682926829268295,7,0.0,0,3.048780487804878,5,1.2195121951219512,2,0.0,0,5.487804878048781,9,0.0,0,0.6097560975609756,1,0.5,164
0.0,0,0.0,0,0.0,0,0.0,0,0.0,0,0.0,0,0.0,0,0.0,0,0.0,4,3.508771929824561,8,0.0,0,2.6315789473684212,6,0.8771929824561403,2,0.0,0,6.140350877192983,14,0.0,0,0.0,0,0.5625,228
5.882352941176471,4,0.0,0,5.882352941176471,4,0.0,0,0.0,0,4.411764705882353,3,0.0,0,1.4705882352941178,1,0.75,68,3.061224489795918,6,0.0,0,2.5510204081632653,5,0.5102040816326531,1,0.0,0,4.081632653061225,8,0.0,0,1.0204081632653061,2,0.7777777777777778,196
5.145413870246085,23,0.0,0,4.921700223713646,22,0.22371364653243847,1,0.22371364653243847,1,1.5659955257270695,7,0.0,0,0.0,0,0.21875,447,3.5714285714285716,7,0.0,0,3.061224489795918,6,0.5102040816326531,1,1.0204081632653061,2,3.061224489795918,6,0.0,0,0.5102040816326531,1,0.625,196
6.521739130434782,3,0.0,0,6.521739130434782,3,0.0,0,0.0,0,2.1739130434782608,1,2.1739130434782608,1,2.1739130434782608,1,0.2,46,7.142857142857143,5,0.0,0,2.857142857142857,2,4.285714285714286,3,1.4285714285714286,1,2.857142857142857,2,0.0,0,1.4285714285714286,1,0.6666666666666666,70
0.0,0,0.0,0,0.0,0,0.0,0,0.0,0,0.0,0,0.0,0,0.0,0,0.0,10,4.166666666666667,3,0.0,0,2.7777777777777777,2,1.3888888888888888,1,0.0,0,4.166666666666667,3,0.0,0,1.3888888888888888,1,0.75,72
3.8461538461538463,1,0.0,0,0.0,0,3.8461538461538463,1,3.8461538461538463,1,0.0,0,0.0,0,0.0,0,0.0,26,0.0,0,0.0,0,0.0,0,0.0,0,0.0,0,0.0,0,0.0,0,0.0,0,0.0,77
2.380952380952381,1,0.0,0,2.380952380952381,1,0.0,0,0.0,0,0.0,0,0.0,0,0.0,0,0.0,42,8.0,6,0.0,0,5.333333333333333,4,2.6666666666666665,2,0.0,0,0.0,0,0.0,0,4.0,3,0.0,75
15.384615384615385,2,0.0,0,7.6923076923076925,1,7.6923076923076925,1,0.0,0,0.0,0,0.0,0,0.0,0,0.0,13,3.9473684210526314,3,0.0,0,1.3157894736842106,1,2.6315789473684212,2,0.0,0,0.0,0,0.0,0,1.3157894736842106,1,0.0,76
10.256410256410257,4,0.0,0,5.128205128205129,2,5.128205128205129,2,2.5641025641025643,1,2.5641025641025643,1,0.0,0,10.256410256410257,4,0.125,39,2.2222222222222223,2,0.0,0,1.1111111111111112,1,1.1111111111111112,1,1.1111111111111112,1,2.2222222222222223,2,1.1111111111111112,1,2.2222222222222223,2,0.4,90
0.0,0,0.0,0,0.0,0,0.0,0,7.6923076923076925,1,0.0,0,0.0,0,0.0,0,0.0,13,7.865168539325842,7,0.0,0,3.3707865168539324,3,4.49438202247191,4,0.0,0,1.1235955056179776,1,0.0,0,2.247191011235955,2,0.2,89
2.7027027027027026,1,0.0,0,2.7027027027027026,1,0.0,0,0.0,0,0.0,0,0.0,0,0.0,0,0.0,37,4.0,3,0.0,0,1.3333333333333333,1,2.6666666666666665,2,0.0,0,0.0,0,0.0,0,1.3333333333333333,1,0.0,75
0.0,0,0.0,0,0.0,0,0.0,0,0.0,0,3.7037037037037037,1,0.0,0,0.0,0,0.3333333333333333,27,5.555555555555555,4,0.0,0,2.7777777777777777,2,2.7777777777777777,2,0.0,0,0.0,0,0.0,0,2.7777777777777777,2,0.0,72
4.918032786885246,3,1.639344262295082,1,3.278688524590164,2,0.0,0,0.0,0,4.918032786885246,3,3.278688524590164,2,1.639344262295082,1,1.0,61,4.3478260869565215,3,0.0,0,1.4492753623188406,1,2.898550724637681,2,0.0,0,1.4492753623188406,1,0.0,0,4.3478260869565215,3,0.25,69
6.0606060606060606,2,0.0,0,6.0606060606060606,2,0.0,0,3.0303030303030303,1,0.0,0,0.0,0,6.0606060606060606,2,0.0,33,3.7974683544303796,3,0.0,0,0.0,0,3.7974683544303796,3,1.2658227848101267,1,1.2658227848101267,1,0.0,0,1.2658227848101267,1,0.16666666666666666,79
15.384615384615385,2,0.0,0,15.384615384615385,2,0.0,0,0.0,0,0.0,0,0.0,0,0.0,0,0.0,13,7.017543859649122,4,0.0,0,1.7543859649122806,1,5.2631578947368425,3,0.0,0,0.0,0,0.0,0,0.0,0,0.0,57
4.065040650406504,5,0.0,0,3.252032520325203,4,0.8130081300813008,1,1.6260162601626016,2,0.8130081300813008,1,0.0,0,1.6260162601626016,2,0.09090909090909091,123,4.278074866310161,8,0.5347593582887701,1,2.6737967914438503,5,1.0695187165775402,2,2.1390374331550803,4,0.0,0,0.0,0,0.5347593582887701,1,0.0,187
5.0,4,0.0,0,1.25,1,3.75,3,2.5,2,6.25,5,0.0,0,1.25,1,0.3333333333333333,80,5.2631578947368425,10,0.5263157894736842,1,2.6315789473684212,5,2.1052631578947367,4,0.0,0,1.0526315789473684,2,0.0,0,0.5263157894736842,1,0.2222222222222222,190
3.5714285714285716,1,0.0,0,3.5714285714285716,1,0.0,0,0.0,0,0.0,0,0.0,0,0.0,0,0.0,28,5.314009661835748,11,0.966183574879227,2,2.4154589371980677,5,1.932367149758454,4,0.966183574879227,2,0.966183574879227,2,0.966183574879227,2,0.966183574879227,2,0.15384615384615385,207
2.7027027027027026,1,0.0,0,0.0,0,2.7027027027027026,1,0.0,0,0.0,0,0.0,0,2.7027027027027026,1,0.0,37,3.827751196172249,8,0.0,0,1.4354066985645932,3,2.3923444976076556,5,0.9569377990430622,2,0.0,0,0.0,0,0.9569377990430622,2,0.0,209
0.0,0,0.0,0,0.0,0,0.0,0,0.0,0,0.0,0,0.0,0,0.0,0,0.0,10,4.6875,9,0.0,0,3.125,6,1.5625,3,1.0416666666666667,2,0.5208333333333334,1,1.0416666666666667,2,1.5625,3,0.1,192
0.0,0,0.0,0,0.0,0,0.0,0,1.9607843137254901,2,0.9803921568627451,1,0.0,0,1.9607843137254901,2,0.16666666666666666,102,4.7368421052631575,9,0.5263157894736842,1,2.6315789473684212,5,1.5789473684210527,3,1.5789473684210527,3,0.5263157894736842,1,0.0,0,1.5789473684210527,3,0.125,190
2.5641025641025643,1,0.0,0,2.5641025641025643,1,0.0,0,0.0,0,2.5641025641025643,1,2.5641025641025643,1,0.0,0,0.3333333333333333,39,5.529953917050691,12,0.0,0,2.7649769585253456,6,2.7649769585253456,6,0.9216589861751152,2,0.9216589861751152,2,0.0,0,0.9216589861751152,2,0.2222222222222222,217
10.344827586206897,6,0.0,0,8.620689655172415,5,1.7241379310344827,1,1.7241379310344827,1,1.7241379310344827,1,0.0,0,6.896551724137931,4,0.3333333333333333,58,3.468208092485549,6,0.0,0,2.3121387283236996,4,1.1560693641618498,2,1.1560693641618498,2,0.5780346820809249,1,0.0,0,0.5780346820809249,1,0.1,173
1.7543859649122806,1,0.0,0,1.7543859649122806,1,0.0,0,0.0,0,1.7543859649122806,1,1.7543859649122806,1,1.7543859649122806,1,0.3333333333333333,57,3.883495145631068,8,0.0,0,2.4271844660194173,5,1.4563106796116505,3,1.4563106796116505,3,0.0,0,0.0,0,0.0,0,0.0,206
5.154639175257732,5,0.0,0,4.123711340206185,4,1.0309278350515463,1,0.0,0,3.0927835051546393,3,0.0,0,3.0927835051546393,3,0.2857142857142857,97,5.633802816901408,12,0.0,0,2.347417840375587,5,3.2863849765258215,7,0.4694835680751174,1,1.408450704225352,3,0.0,0,0.4694835680751174,1,0.2727272727272727,213
8.88888888888889,4,0.0,0,6.666666666666667,3,2.2222222222222223,1,2.2222222222222223,1,6.666666666666667,3,0.0,0,6.666666666666667,3,1.0,45,4.545454545454546,7,0.0,0,2.5974025974025974,4,1.948051948051948,3,0.0,0,0.6493506493506493,1,0.0,0,0.6493506493506493,1,0.14285714285714285,154
14.285714285714286,1,0.0,0,14.285714285714286,1,0.0,0,0.0,0,0.0,0,0.0,0,0.0,0,0.0,7,4.242424242424242,7,0.0,0,3.0303030303030303,5,1.2121212121212122,2,1.8181818181818181,3,3.6363636363636362,6,1.2121212121212122,2,0.0,0,0.5,165
0.0,0,0.0,0,0.0,0,0.0,0,0.0,0,0.0,0,0.0,0,14.285714285714286,1,0.0,7,2.73972602739726,4,0.684931506849315,1,0.684931506849315,1,1.36986301369863,2,2.0547945205479454,3,2.0547945205479454,3,0.0,0,1.36986301369863,2,0.375,146
0.0,0,0.0,0,0.0,0,0.0,0,0.0,0,9.090909090909092,2,0.0,0,4.545454545454546,1,0.3333333333333333,22,5.2631578947368425,7,0.7518796992481203,1,2.255639097744361,3,2.255639097744361,3,0.7518796992481203,1,3.007518796992481,4,0.7518796992481203,1,0.7518796992481203,1,0.375,133
0.0,0,0.0,0,0.0,0,0.0,0,0.0,0,3.225806451612903,1,0.0,0,0.0,0,0.25,31,6.666666666666667,10,0.0,0,2.0,3,4.666666666666667,7,0.0,0,3.3333333333333335,5,0.0,0,0.0,0,0.375,150
0.0,0,0.0,0,0.0,0,0.0,0,0.0,0,0.0,0,0.0,0,0.0,0,0.0,17,3.2679738562091503,5,0.0,0,1.9607843137254901,3,1.3071895424836601,2,0.6535947712418301,1,1.9607843137254901,3,0.0,0,0.0,0,0.42857142857142855,153
0.0,0,0.0,0,0.0,0,0.0,0,3.225806451612903,1,3.225806451612903,1,0.0,0,3.225806451612903,1,0.5,31,4.615384615384615,6,0.0,0,2.3076923076923075,3,2.3076923076923075,3,0.7692307692307693,1,4.615384615384615,6,0.7692307692307693,1,0.0,0,0.6,130
2.6315789473684212,1,0.0,0,2.6315789473684212,1,0.0,0,2.6315789473684212,1,5.2631578947368425,2,0.0,0,2.6315789473684212,1,1.0,38,6.0606060606060606,6,0.0,0,3.0303030303030303,3,3.0303030303030303,3,1.0101010101010102,1,3.0303030303030303,3,1.0101010101010102,1,0.0,0,0.42857142857142855,99
0.0,0,0.0,0,0.0,0,0.0,0,0.0,0,5.882352941176471,1,0.0,0,0.0,0,0.5,17,5.46875,7,0.0,0,3.90625,5,1.5625,2,1.5625,2,3.90625,5,1.5625,2,1.5625,2,0.5714285714285714,128
0.0,0,0.0,0,0.0,0,0.0,0,5.555555555555555,1,5.555555555555555,1,0.0,0,0.0,0,1.0,18,4.716981132075472,5,0.0,0,1.8867924528301887,2,2.830188679245283,3,0.0,0,2.830188679245283,3,0.9433962264150944,1,2.830188679245283,3,0.4,106
10.0,2,0.0,0,10.0,2,0.0,0,0.0,0,5.0,1,0.0,0,0.0,0,0.5,20,4.25531914893617,6,0.0,0,1.4184397163120568,2,2.8368794326241136,4,1.4184397163120568,2,1.4184397163120568,2,0.0,0,0.7092198581560284,1,0.16666666666666666,141
3.225806451612903,1,0.0,0,3.225806451612903,1,0.0,0,0.0,0,0.0,0,0.0,0,0.0,0,0.0,31,5.847953216374269,10,0.5847953216374269,1,3.508771929824561,6,1.7543859649122806,3,0.5847953216374269,1,2.9239766081871346,5,1.1695906432748537,2,0.0,0,0.375,171
6.0606060606060606,2,0.0,0,3.0303030303030303,1,3.0303030303030303,1,0.0,0,6.0606060606060606,2,0.0,0,0.0,0,0.3333333333333333,33,5.357142857142857,6,0.0,0,0.8928571428571429,1,4.464285714285714,5,0.8928571428571429,1,4.464285714285714,5,0.8928571428571429,1,0.8928571428571429,1,0.8,112
3.409090909090909,3,0.0,0,2.272727272727273,2,1.1363636363636365,1,3.409090909090909,3,2.272727272727273,2,1.1363636363636365,1,1.1363636363636365,1,0.5,88,5.660377358490566,9,0.0,0,1.8867924528301887,3,3.7735849056603774,6,1.2578616352201257,2,3.1446540880503147,5,0.0,0,0.0,0,0.375,159
7.142857142857143,1,0.0,0,7.142857142857143,1,0.0,0,0.0,0,7.142857142857143,1,0.0,0,7.142857142857143,1,0.5,14,3.2,4,0.8,1,1.6,2,0.8,1,0.8,1,2.4,3,0.0,0,0.0,0,0.6,125
1.3513513513513513,1,0.0,0,1.3513513513513513,1,0.0,0,0.0,0,1.3513513513513513,1,0.0,0,0.0,0,0.2,74,5.194805194805195,8,0.0,0,2.5974025974025974,4,2.5974025974025974,4,1.2987012987012987,2,1.948051948051948,3,0.0,0,0.0,0,0.375,154
0.0,0,0.0,0,0.0,0,0.0,0,0.0,0,0.0,0,0.0,0,0.0,0,0.0,1,4.968944099378882,8,0.0,0,1.2422360248447204,2,3.7267080745341614,6,0.6211180124223602,1,2.484472049689441,4,0.0,0,0.0,0,0.375,161
6.25,3,0.0,0,2.0833333333333335,1,4.166666666666667,2,0.0,0,2.0833333333333335,1,0.0,0,6.25,3,0.2,48,3.1088082901554404,6,0.0,0,1.5544041450777202,3,1.5544041450777202,3,0.5181347150259067,1,4.1450777202072535,8,0.0,0,1.5544041450777202,3,0.625,193
0.0,0,0.0,0,0.0,0,0.0,0,0.0,0,0.0,0,0.0,0,0.0,0,0.0,21,7.291666666666667,7,1.0416666666666667,1,3.125,3,3.125,3,0.0,0,4.166666666666667,4,1.0416666666666667,1,1.0416666666666667,1,0.25,96
1.0869565217391304,1,0.0,0,0.0,0,1.0869565217391304,1,0.0,0,1.0869565217391304,1,0.0,0,0.0,0,0.2,92,5.109489051094891,7,0.0,0,3.6496350364963503,5,1.4598540145985401,2,0.0,0,2.18978102189781,3,0.0,0,0.7299270072992701,1,0.25,137
2.6315789473684212,2,0.0,0,1.3157894736842106,1,1.3157894736842106,1,0.0,0,1.3157894736842106,1,0.0,0,0.0,0,0.3333333333333333,76,3.4188034188034186,4,0.0,0,1.7094017094017093,2,1.7094017094017093,2,0.8547008547008547,1,5.128205128205129,6,0.8547008547008547,1,0.0,0,0.6666666666666666,117
6.451612903225806,2,0.0,0,6.451612903225806,2,0.0,0,3.225806451612903,1,6.451612903225806,2,0.0,0,3.225806451612903,1,0.5,31,3.9735099337748343,6,0.0,0,2.6490066225165565,4,1.3245033112582782,2,0.6622516556291391,1,3.9735099337748343,6,1.3245033112582782,2,1.3245033112582782,2,0.6666666666666666,151
0.0,0,0.0,0,0.0,0,0.0,0,0.0,0,0.0,0,0.0,0,0.0,0,0.0,10,5.303030303030303,7,0.0,0,3.0303030303030303,4,2.272727272727273,3,0.7575757575757576,1,1.5151515151515151,2,0.7575757575757576,1,1.5151515151515151,2,0.4,132
1.9230769230769231,1,0.0,0,0.0,0,1.9230769230769231,1,0.0,0,1.9230769230769231,1,1.9230769230769231,1,0.0,0,0.5,52,4.3478260869565215,7,0.0,0,2.484472049689441,4,1.8633540372670807,3,1.2422360248447204,2,2.484472049689441,4,0.6211180124223602,1,0.6211180124223602,1,0.5,161
3.3057851239669422,4,0.0,0,3.3057851239669422,4,0.0,0,1.6528925619834711,2,3.3057851239669422,4,2.479338842975207,3,0.0,0,0.5,121,4.375,7,0.0,0,1.25,2,3.125,5,1.875,3,1.875,3,0.0,0,0.625,1,0.2727272727272727,160
0.0,0,0.0,0,0.0,0,0.0,0,0.0,0,0.0,0,0.0,0,7.6923076923076925,2,0.0,26,5.128205128205129,6,0.8547008547008547,1,1.7094017094017093,2,2.5641025641025643,3,0.0,0,4.273504273504273,5,0.8547008547008547,1,0.0,0,0.6666666666666666,117
1.2658227848101267,1,0.0,0,1.2658227848101267,1,0.0,0,0.0,0,3.7974683544303796,3,0.0,0,1.2658227848101267,1,0.5,79,4.666666666666667,7,0.0,0,1.3333333333333333,2,3.3333333333333335,5,0.6666666666666666,1,4.0,6,0.6666666666666666,1,0.0,0,0.6666666666666666,150
0.0,0,0.0,0,0.0,0,0.0,0,0.0,0,0.0,0,0.0,0,0.0,0,0.0,11,4.2682926829268295,7,0.0,0,2.4390243902439024,4,1.829268292682927,3,0.6097560975609756,1,2.4390243902439024,4,0.6097560975609756,1,0.6097560975609756,1,0.36363636363636365,164
7.142857142857143,1,0.0,0,0.0,0,7.142857142857143,1,0.0,0,14.285714285714286,2,0.0,0,0.0,0,1.0,14,5.109489051094891,7,0.0,0,1.4598540145985401,2,3.6496350364963503,5,0.7299270072992701,1,5.109489051094891,7,0.0,0,0.0,0,0.7142857142857143,137
0.0,0,0.0,0,0.0,0,0.0,0,0.0,0,0.0,0,0.0,0,0.0,0,0.0,4,5.555555555555555,4,0.0,0,2.7777777777777777,2,2.7777777777777777,2,0.0,0,0.0,0,0.0,0,1.3888888888888888,1,0.0,72
0.0,0,0.0,0,0.0,0,0.0,0,0.0,0,0.0,0,0.0,0,0.0,0,0.0,3,4.819277108433735,4,0.0,0,2.4096385542168677,2,2.4096385542168677,2,0.0,0,1.2048192771084338,1,0.0,0,0.0,0,0.2,83
2.380952380952381,1,0.0,0,2.380952380952381,1,0.0,0,0.0,0,2.380952380952381,1,2.380952380952381,1,2.380952380952381,1,0.2,42,10.0,6,0.0,0,5.0,3,5.0,3,0.0,0,0.0,0,0.0,0,0.0,0,0.0,60
0.0,0,0.0,0,0.0,0,0.0,0,0.0,0,0.0,0,0.0,0,0.0,0,0.0,28,5.633802816901408,4,0.0,0,2.816901408450704,2,2.816901408450704,2,0.0,0,0.0,0,0.0,0,0.0,0,0.0,71
0.0,0,0.0,0,0.0,0,0.0,0,0.0,0,0.0,0,0.0,0,0.0,0,0.0,39,4.166666666666667,3,0.0,0,4.166666666666667,3,0.0,0,0.0,0,0.0,0,0.0,0,1.3888888888888888,1,0.0,72
7.6923076923076925,1,0.0,0,7.6923076923076925,1,0.0,0,0.0,0,0.0,0,7.6923076923076925,1,0.0,0,0.0,13,4.615384615384615,3,0.0,0,3.076923076923077,2,1.5384615384615385,1,1.5384615384615385,1,0.0,0,0.0,0,0.0,0,0.0,65
4.3478260869565215,2,0.0,0,4.3478260869565215,2,0.0,0,0.0,0,4.3478260869565215,2,0.0,0,0.0,0,0.5,46,5.128205128205129,4,0.0,0,2.5641025641025643,2,2.5641025641025643,2,0.0,0,0.0,0,0.0,0,0.0,0,0.0,78
0.0,0,0.0,0,0.0,0,0.0,0,0.0,0,0.0,0,0.0,0,0.0,0,0.0,14,5.9523809523809526,5,0.0,0,2.380952380952381,2,3.5714285714285716,3,0.0,0,0.0,0,0.0,0,0.0,0,0.0,84
7.142857142857143,3,0.0,0,7.142857142857143,3,0.0,0,0.0,0,2.380952380952381,1,0.0,0,4.761904761904762,2,0.3333333333333333,42,5.660377358490566,3,0.0,0,3.7735849056603774,2,1.8867924528301887,1,0.0,0,0.0,0,0.0,0,1.8867924528301887,1,0.0,53
2.9411764705882355,1,0.0,0,2.9411764705882355,1,0.0,0,0.0,0,0.0,0,0.0,0,0.0,0,0.0,34,8.0,6,0.0,0,2.6666666666666665,2,5.333333333333333,4,1.3333333333333333,1,0.0,0,0.0,0,0.0,0,0.0,75
3.5842293906810037,10,0.0,0,1.075268817204301,3,2.5089605734767026,7,0.7168458781362007,2,1.075268817204301,3,0.35842293906810035,1,0.7168458781362007,2,0.15,279,4.705882352941177,4,0.0,0,4.705882352941177,4,0.0,0,1.1764705882352942,1,0.0,0,0.0,0,0.0,0,0.0,85
8.333333333333334,1,0.0,0,8.333333333333334,1,0.0,0,0.0,0,0.0,0,8.333333333333334,1,0.0,0,0.0,12,5.2631578947368425,4,0.0,0,2.6315789473684212,2,2.6315789473684212,2,0.0,0,2.6315789473684212,2,0.0,0,0.0,0,0.4,76
0.0,0,0.0,0,0.0,0,0.0,0,0.0,0,2.5641025641025643,1,0.0,0,0.0,0,1.0,39,4.137931034482759,6,0.0,0,2.7586206896551726,4,1.3793103448275863,2,0.6896551724137931,1,2.0689655172413794,3,1.3793103448275863,2,2.0689655172413794,3,0.375,145
6.666666666666667,2,0.0,0,6.666666666666667,2,0.0,0,3.3333333333333335,1,3.3333333333333335,1,0.0,0,3.3333333333333335,1,0.5,30,5.454545454545454,6,1.8181818181818181,2,1.8181818181818181,2,1.8181818181818181,2,0.0,0,1.8181818181818181,2,0.0,0,5.454545454545454,6,0.4,110
0.0,0,0.0,0,0.0,0,0.0,0,0.0,0,0.0,0,0.0,0,0.0,0,0.0,5,4.216867469879518,7,0.0,0,3.6144578313253013,6,0.6024096385542169,1,0.6024096385542169,1,1.8072289156626506,3,1.2048192771084338,2,2.4096385542168677,4,0.3,166
4.761904761904762,1,0.0,0,0.0,0,4.761904761904762,1,0.0,0,0.0,0,0.0,0,4.761904761904762,1,0.0,21,3.937007874015748,5,0.0,0,2.3622047244094486,3,1.5748031496062993,2,0.0,0,0.7874015748031497,1,0.0,0,2.3622047244094486,3,0.125,127
4.040404040404041,4,0.0,0,3.0303030303030303,3,1.0101010101010102,1,0.0,0,2.0202020202020203,2,3.0303030303030303,3,0.0,0,0.4,99,6.015037593984962,8,0.0,0,3.007518796992481,4,3.007518796992481,4,1.5037593984962405,2,0.7518796992481203,1,0.0,0,3.7593984962406015,5,0.2,133
3.7037037037037037,1,0.0,0,0.0,0,3.7037037037037037,1,0.0,0,3.7037037037037037,1,0.0,0,3.7037037037037037,1,0.3333333333333333,27,5.2631578947368425,6,0.8771929824561403,1,1.7543859649122806,2,2.6315789473684212,3,0.8771929824561403,1,3.508771929824561,4,0.0,0,2.6315789473684212,3,0.8,114
11.11111111111111,3,0.0,0,0.0,0,11.11111111111111,3,0.0,0,0.0,0,0.0,0,0.0,0,0.0,27,2.962962962962963,4,0.0,0,0.7407407407407407,1,2.2222222222222223,3,0.7407407407407407,1,2.2222222222222223,3,0.0,0,2.2222222222222223,3,0.3333333333333333,135
3.5714285714285716,1,0.0,0,3.5714285714285716,1,0.0,0,0.0,0,0.0,0,0.0,0,3.5714285714285716,1,0.0,28,3.1746031746031744,4,0.0,0,2.380952380952381,3,0.7936507936507936,1,0.0,0,1.5873015873015872,2,0.7936507936507936,1,2.380952380952381,3,0.4,126
0.0,0,0.0,0,0.0,0,0.0,0,0.0,0,0.0,0,0.0,0,0.0,0,0.0,7,5.6,7,0.0,0,1.6,2,4.0,5,0.0,0,0.8,1,0.0,0,2.4,3,0.16666666666666666,125
0.0,0,0.0,0,0.0,0,0.0,0,0.0,0,0.0,0,0.0,0,0.0,0,0.0,7,5.2631578947368425,6,0.0,0,3.508771929824561,4,1.7543859649122806,2,0.0,0,1.7543859649122806,2,0.0,0,3.508771929824561,4,0.3333333333333333,114
8.695652173913043,4,0.0,0,6.521739130434782,3,2.1739130434782608,1,2.1739130434782608,1,2.1739130434782608,1,0.0,0,4.3478260869565215,2,0.25,46,7.6923076923076925,6,0.0,0,3.8461538461538463,3,3.8461538461538463,3,0.0,0,2.5641025641025643,2,2.5641025641025643,2,2.5641025641025643,2,0.5,78
0.0,0,0.0,0,0.0,0,0.0,0,0.0,0,0.0,0,0.0,0,0.0,0,0.0,1,3.875968992248062,5,0.0,0,3.875968992248062,5,0.0,0,0.7751937984496124,1,3.10077519379845,4,0.7751937984496124,1,3.10077519379845,4,0.42857142857142855,129
7.8125,5,0.0,0,4.6875,3,3.125,2,0.0,0,6.25,4,0.0,0,1.5625,1,0.375,64,4.819277108433735,8,0.0,0,3.0120481927710845,5,1.8072289156626506,3,1.2048192771084338,2,2.4096385542168677,4,1.2048192771084338,2,2.4096385542168677,4,0.36363636363636365,166
9.090909090909092,2,0.0,0,9.090909090909092,2,0.0,0,4.545454545454546,1,0.0,0,0.0,0,4.545454545454546,1,0.0,22,5.434782608695652,5,0.0,0,2.1739130434782608,2,3.260869565217391,3,1.0869565217391304,1,1.0869565217391304,1,1.0869565217391304,1,3.260869565217391,3,0.2,92
6.25,1,0.0,0,6.25,1,0.0,0,0.0,0,6.25,1,6.25,1,0.0,0,0.3333333333333333,16,6.25,6,0.0,0,3.125,3,3.125,3,1.0416666666666667,1,2.0833333333333335,2,0.0,0,4.166666666666667,4,0.4,96
5.3097345132743365,6,0.0,0,3.5398230088495577,4,1.7699115044247788,2,0.0,0,3.5398230088495577,4,0.8849557522123894,1,4.424778761061947,5,0.3,113,6.802721088435374,10,0.0,0,4.081632653061225,6,2.7210884353741496,4,0.6802721088435374,1,3.401360544217687,5,1.3605442176870748,2,2.7210884353741496,4,0.5555555555555556,147
4.761904761904762,1,0.0,0,4.761904761904762,1,0.0,0,0.0,0,0.0,0,4.761904761904762,1,0.0,0,0.0,21,6.569343065693431,9,0.0,0,4.37956204379562,6,2.18978102189781,3,0.0,0,1.4598540145985401,2,2.18978102189781,3,2.9197080291970803,4,0.16666666666666666,137
1.5625,1,0.0,0,1.5625,1,0.0,0,0.0,0,3.125,2,1.5625,1,0.0,0,0.5,64,4.794520547945205,7,0.684931506849315,1,2.0547945205479454,3,2.0547945205479454,3,0.684931506849315,1,3.4246575342465753,5,1.36986301369863,2,1.36986301369863,2,0.375,146
0.0,0,0.0,0,0.0,0,0.0,0,0.0,0,0.0,0,0.0,0,0.0,0,0.0,24,6.217616580310881,12,0.5181347150259067,1,3.1088082901554404,6,2.5906735751295336,5,0.5181347150259067,1,2.0725388601036268,4,1.5544041450777202,3,1.0362694300518134,2,0.4444444444444444,193
0.0,0,0.0,0,0.0,0,0.0,0,0.0,0,0.0,0,0.0,0,0.0,0,0.0,1,5.970149253731344,8,0.0,0,3.7313432835820897,5,2.2388059701492535,3,0.0,0,1.492537313432836,2,0.0,0,2.985074626865672,4,0.2857142857142857,134
3.125,1,0.0,0,0.0,0,3.125,1,0.0,0,0.0,0,3.125,1,3.125,1,0.0,32,6.338028169014085,9,0.0,0,4.225352112676056,6,2.112676056338028,3,1.408450704225352,2,2.816901408450704,4,0.704225352112676,1,2.816901408450704,4,0.6666666666666666,142
0.0,0,0.0,0,0.0,0,0.0,0,0.0,0,6.0,3,0.0,0,0.0,0,0.6,50,7.6923076923076925,7,0.0,0,4.395604395604396,4,3.2967032967032965,3,0.0,0,3.2967032967032965,3,2.197802197802198,2,2.197802197802198,2,0.4,91
0.0,0,0.0,0,0.0,0,0.0,0,0.0,0,0.0,0,0.0,0,0.0,0,0.0,11,3.125,4,0.0,0,1.5625,2,1.5625,2,0.0,0,0.78125,1,0.78125,1,2.34375,3,0.125,128
0.0,0,0.0,0,0.0,0,0.0,0,0.0,0,0.0,0,0.0,0,0.0,0,0.0,17,2.684563758389262,4,0.0,0,2.0134228187919465,3,0.6711409395973155,1,0.0,0,0.6711409395973155,1,0.6711409395973155,1,0.0,0,0.1,149
6.666666666666667,4,0.0,0,1.6666666666666667,1,5.0,3,0.0,0,1.6666666666666667,1,3.3333333333333335,2,0.0,0,0.16666666666666666,60,5.0359712230215825,7,0.0,0,2.158273381294964,3,2.8776978417266186,4,0.0,0,2.158273381294964,3,0.7194244604316546,1,2.158273381294964,3,0.3333333333333333,139
3.225806451612903,1,0.0,0,3.225806451612903,1,0.0,0,3.225806451612903,1,0.0,0,0.0,0,0.0,0,0.0,31,2.4193548387096775,3,0.0,0,0.8064516129032258,1,1.6129032258064515,2,0.0,0,0.8064516129032258,1,0.0,0,0.8064516129032258,1,0.125,124
0.0,0,0.0,0,0.0,0,0.0,0,0.0,0,20.0,1,0.0,0,0.0,0,1.0,5,5.797101449275362,4,0.0,0,4.3478260869565215,3,1.4492753623188406,1,1.4492753623188406,1,1.4492753623188406,1,0.0,0,0.0,0,0.25,69
2.0833333333333335,2,0.0,0,2.0833333333333335,2,0.0,0,0.0,0,1.0416666666666667,1,1.0416666666666667,1,2.0833333333333335,2,0.1111111111111111,96,2.8753993610223643,9,0.0,0,0.9584664536741214,3,1.9169329073482428,6,0.6389776357827476,2,1.2779552715654952,4,0.0,0,0.6389776357827476,2,0.15,313
0.0,0,0.0,0,0.0,0,0.0,0,0.0,0,0.0,0,0.0,0,0.0,0,0.0,5,6.756756756756757,10,0.0,0,2.7027027027027026,4,4.054054054054054,6,0.0,0,3.3783783783783785,5,0.6756756756756757,1,2.027027027027027,3,0.3333333333333333,148
9.090909090909092,1,0.0,0,9.090909090909092,1,0.0,0,0.0,0,0.0,0,0.0,0,9.090909090909092,1,0.0,11,7.361963190184049,12,0.0,0,3.6809815950920246,6,3.6809815950920246,6,0.6134969325153374,1,3.067484662576687,5,1.2269938650306749,2,0.6134969325153374,1,0.2631578947368421,163
0.0,0,0.0,0,0.0,0,0.0,0,8.333333333333334,1,0.0,0,0.0,0,0.0,0,0.0,12,5.109489051094891,7,0.0,0,2.18978102189781,3,2.9197080291970803,4,0.0,0,1.4598540145985401,2,0.7299270072992701,1,1.4598540145985401,2,0.18181818181818182,137
7.142857142857143,1,0.0,0,7.142857142857143,1,0.0,0,7.142857142857143,1,7.142857142857143,1,0.0,0,0.0,0,1.0,14,7.142857142857143,12,0.0,0,2.9761904761904763,5,4.166666666666667,7,0.5952380952380952,1,1.7857142857142858,3,1.1904761904761905,2,0.5952380952380952,1,0.13043478260869565,168
10.714285714285714,3,0.0,0,10.714285714285714,3,0.0,0,0.0,0,3.5714285714285716,1,3.5714285714285716,1,7.142857142857143,2,0.3333333333333333,28,5.714285714285714,12,0.0,0,2.380952380952381,5,3.3333333333333335,7,0.47619047619047616,1,2.857142857142857,6,0.9523809523809523,2,1.4285714285714286,3,0.21052631578947367,210
0.0,0,0.0,0,0.0,0,0.0,0,0.0,0,0.0,0,0.0,0,0.0,0,0.0,24,6.008583690987124,14,0.0,0,3.004291845493562,7,3.004291845493562,7,0.0,0,2.575107296137339,6,0.8583690987124464,2,0.4291845493562232,1,0.18181818181818182,233
1.5384615384615385,1,0.0,0,0.0,0,1.5384615384615385,1,0.0,0,3.076923076923077,2,0.0,0,0.0,0,0.2857142857142857,65,5.188679245283019,11,0.0,0,2.358490566037736,5,2.830188679245283,6,0.0,0,2.830188679245283,6,0.9433962264150944,2,0.4716981132075472,1,0.21052631578947367,212
4.878048780487805,4,0.0,0,2.4390243902439024,2,2.4390243902439024,2,0.0,0,2.4390243902439024,2,0.0,0,2.4390243902439024,2,0.5,82,7.5,12,0.0,0,3.75,6,3.75,6,0.0,0,1.875,3,1.25,2,1.25,2,0.21428571428571427,160
2.272727272727273,1,0.0,0,2.272727272727273,1,0.0,0,0.0,0,0.0,0,0.0,0,0.0,0,0.0,44,7.514450867052023,13,0.0,0,4.046242774566474,7,3.468208092485549,6,0.0,0,1.7341040462427746,3,1.7341040462427746,3,0.5780346820809249,1,0.16666666666666666,173
7.6923076923076925,3,0.0,0,5.128205128205129,2,2.5641025641025643,1,0.0,0,0.0,0,5.128205128205129,2,0.0,0,0.0,39,8.053691275167786,12,0.0,0,4.026845637583893,6,4.026845637583893,6,0.6711409395973155,1,2.684563758389262,4,2.0134228187919465,3,2.684563758389262,4,0.3076923076923077,149
4.3478260869565215,1,0.0,0,4.3478260869565215,1,0.0,0,0.0,0,0.0,0,0.0,0,4.3478260869565215,1,0.0,23,5.426356589147287,7,0.0,0,3.10077519379845,4,2.3255813953488373,3,0.7751937984496124,1,3.875968992248062,5,1.550387596899225,2,0.7751937984496124,1,0.2727272727272727,129
12.0,3,0.0,0,4.0,1,8.0,2,0.0,0,4.0,1,0.0,0,0.0,0,0.5,25,7.913669064748201,11,0.0,0,2.8776978417266186,4,5.0359712230215825,7,0.0,0,2.8776978417266186,4,0.7194244604316546,1,2.158273381294964,3,0.4444444444444444,139
7.6923076923076925,1,0.0,0,7.6923076923076925,1,0.0,0,0.0,0,0.0,0,7.6923076923076925,1,7.6923076923076925,1,0.0,13,6.5359477124183005,10,0.0,0,4.57516339869281,7,1.9607843137254901,3,0.6535947712418301,1,1.9607843137254901,3,2.6143790849673203,4,1.3071895424836601,2,0.23076923076923078,153
4.285714285714286,6,0.0,0,3.5714285714285716,5,0.7142857142857143,1,0.0,0,0.7142857142857143,1,0.0,0,0.7142857142857143,1,0.16666666666666666,140,5.223880597014926,7,0.0,0,3.7313432835820897,5,1.492537313432836,2,0.746268656716418,1,3.7313432835820897,5,1.492537313432836,2,2.2388059701492535,3,0.4,134
0.0,0,0.0,0,0.0,0,0.0,0,0.0,0,12.5,1,0.0,0,0.0,0,1.0,8,7.28476821192053,11,0.0,0,3.3112582781456954,5,3.9735099337748343,6,0.0,0,2.6490066225165565,4,2.6490066225165565,4,1.3245033112582782,2,0.21428571428571427,151
0.0,0,0.0,0,0.0,0,0.0,0,0.0,0,0.0,0,0.0,0,0.0,0,0.0,4,5.0359712230215825,7,0.0,0,2.158273381294964,3,2.8776978417266186,4,0.0,0,2.158273381294964,3,0.7194244604316546,1,1.4388489208633093,2,0.21428571428571427,139
6.818181818181818,3,0.0,0,4.545454545454546,2,2.272727272727273,1,0.0,0,2.272727272727273,1,0.0,0,2.272727272727273,1,0.25,44,4.361370716510903,14,0.3115264797507788,1,3.426791277258567,11,0.6230529595015576,2,0.6230529595015576,2,1.8691588785046729,6,0.0,0,0.3115264797507788,1,0.2222222222222222,321
0.0,0,0.0,0,0.0,0,0.0,0,0.0,0,0.0,0,0.0,0,0.0,0,0.0,14,7.03125,18,0.0,0,5.078125,13,1.953125,5,0.390625,1,1.953125,5,0.0,0,1.5625,4,0.15789473684210525,256
3.125,1,0.0,0,3.125,1,0.0,0,0.0,0,0.0,0,0.0,0,0.0,0,0.0,32,2.6058631921824102,8,0.3257328990228013,1,1.6286644951140066,5,0.6514657980456026,2,0.3257328990228013,1,1.3029315960912051,4,0.3257328990228013,1,0.6514657980456026,2,0.125,307
4.0,1,0.0,0,0.0,0,4.0,1,0.0,0,4.0,1,4.0,1,0.0,0,0.5,25,2.6315789473684212,8,0.0,0,1.644736842105263,5,0.9868421052631579,3,0.32894736842105265,1,1.9736842105263157,6,0.0,0,0.6578947368421053,2,0.23809523809523808,304
4.166666666666667,1,0.0,0,4.166666666666667,1,0.0,0,0.0,0,4.166666666666667,1,0.0,0,0.0,0,0.3333333333333333,24,3.90625,10,0.390625,1,2.734375,7,0.78125,2,0.0,0,1.5625,4,0.390625,1,0.390625,1,0.18181818181818182,256
1.8867924528301887,1,0.0,0,1.8867924528301887,1,0.0,0,0.0,0,1.8867924528301887,1,1.8867924528301887,1,1.8867924528301887,1,0.25,53,2.1551724137931036,5,0.0,0,1.293103448275862,3,0.8620689655172413,2,0.0,0,1.293103448275862,3,0.0,0,0.43103448275862066,1,0.15,232
0.0,0,0.0,0,0.0,0,0.0,0,0.0,0,8.333333333333334,1,0.0,0,0.0,0,0.5,12,3.942652329749104,11,0.0,0,2.867383512544803,8,1.075268817204301,3,0.35842293906810035,1,2.150537634408602,6,0.0,0,0.7168458781362007,2,0.2727272727272727,279
0.0,0,0.0,0,0.0,0,0.0,0,0.0,0,10.0,1,0.0,0,0.0,0,0.5,10,4.3478260869565215,13,0.0,0,3.3444816053511706,10,1.0033444816053512,3,0.33444816053511706,1,2.0066889632107023,6,0.0,0,1.0033444816053512,3,0.16666666666666666,299
0.0,0,0.0,0,0.0,0,0.0,0,0.0,0,0.0,0,0.0,0,0.0,0,0.0,23,4.059040590405904,11,0.0,0,2.952029520295203,8,1.1070110701107012,3,0.0,0,1.1070110701107012,3,0.0,0,0.0,0,0.14285714285714285,271
1.8867924528301887,1,0.0,0,0.0,0,1.8867924528301887,1,0.0,0,3.7735849056603774,2,0.0,0,0.0,0,0.4,53,5.031446540880503,16,0.0,0,3.1446540880503147,10,1.8867924528301887,6,1.2578616352201257,4,3.459119496855346,11,0.31446540880503143,1,1.2578616352201257,4,0.3333333333333333,318
0.0,0,0.0,0,0.0,0,0.0,0,0.0,0,0.0,0,0.0,0,0.0,0,0.0,4,3.9711191335740073,11,0.0,0,2.888086642599278,8,1.0830324909747293,3,0.36101083032490977,1,1.8050541516245486,5,0.0,0,0.36101083032490977,1,0.25,277
0.0,0,0.0,0,0.0,0,0.0,0,0.0,0,0.0,0,0.0,0,0.0,0,0.0,5,3.669724770642202,12,0.0,0,3.058103975535168,10,0.6116207951070336,2,0.0,0,2.140672782874618,7,0.3058103975535168,1,0.0,0,0.2,327
8.0,2,0.0,0,4.0,1,4.0,1,0.0,0,8.0,2,0.0,0,0.0,0,0.6666666666666666,25,4.3624161073825505,13,0.0,0,3.6912751677852347,11,0.6711409395973155,2,0.6711409395973155,2,2.0134228187919465,6,0.0,0,1.0067114093959733,3,0.2,298
4.0,1,0.0,0,4.0,1,0.0,0,0.0,0,0.0,0,0.0,0,0.0,0,0.0,25,3.3088235294117645,9,0.0,0,3.3088235294117645,9,0.0,0,0.36764705882352944,1,1.4705882352941178,4,0.0,0,0.0,0,0.13636363636363635,272
0.0,0,0.0,0,0.0,0,0.0,0,0.0,0,0.0,0,0.0,0,0.0,0,0.0,13,4.296875,11,0.78125,2,2.734375,7,0.78125,2,0.0,0,2.34375,6,0.390625,1,1.171875,3,0.21052631578947367,256
0.0,0,0.0,0,0.0,0,0.0,0,0.0,0,0.0,0,0.0,0,0.0,0,0.0,8,3.9215686274509802,12,0.32679738562091504,1,2.9411764705882355,9,0.6535947712418301,2,0.6535947712418301,2,1.3071895424836601,4,0.0,0,0.6535947712418301,2,0.13793103448275862,306
5.0,1,0.0,0,5.0,1,0.0,0,0.0,0,5.0,1,0.0,0,0.0,0,0.3333333333333333,20,4.406779661016949,13,0.0,0,3.389830508474576,10,1.0169491525423728,3,0.3389830508474576,1,2.3728813559322033,7,0.0,0,1.0169491525423728,3,0.30434782608695654,295
0.0,0,0.0,0,0.0,0,0.0,0,0.0,0,0.0,0,0.0,0,0.0,0,0.0,2,2.20125786163522,7,0.0,0,2.20125786163522,7,0.0,0,0.9433962264150944,3,2.5157232704402515,8,0.0,0,0.31446540880503143,1,0.22727272727272727,318
0.0,0,0.0,0,0.0,0,0.0,0,0.0,0,0.0,0,0.0,0,0.0,0,0.0,10,3.5587188612099645,10,0.0,0,2.1352313167259784,6,1.4234875444839858,4,0.35587188612099646,1,2.1352313167259784,6,0.0,0,0.0,0,0.3157894736842105,281
0.0,0,0.0,0,0.0,0,0.0,0,0.0,0,0.0,0,0.0,0,0.0,0,0.0,20,4.0,9,0.0,0,3.111111111111111,7,0.8888888888888888,2,0.0,0,3.111111111111111,7,0.0,0,0.4444444444444444,1,0.4166666666666667,225
10.0,1,0.0,0,0.0,0,10.0,1,0.0,0,0.0,0,0.0,0,0.0,0,0.0,10,4.797047970479705,13,0.0,0,2.952029520295203,8,1.845018450184502,5,0.0,0,1.845018450184502,5,0.0,0,0.36900369003690037,1,0.22727272727272727,271
4.761904761904762,1,0.0,0,4.761904761904762,1,0.0,0,0.0,0,0.0,0,4.761904761904762,1,0.0,0,0.0,21,2.097902097902098,6,0.34965034965034963,1,1.3986013986013985,4,0.34965034965034963,1,0.0,0,1.7482517482517483,5,0.34965034965034963,1,0.34965034965034963,1,0.23529411764705882,286
0.0,0,0.0,0,0.0,0,0.0,0,0.0,0,0.0,0,0.0,0,0.0,0,0.0,10,4.504504504504505,10,0.0,0,3.1531531531531534,7,1.3513513513513513,3,0.0,0,1.3513513513513513,3,0.45045045045045046,1,0.45045045045045046,1,0.25,222
0.0,0,0.0,0,0.0,0,0.0,0,2.7777777777777777,1,5.555555555555555,2,0.0,0,0.0,0,0.5,36,3.3112582781456954,10,0.33112582781456956,1,2.3178807947019866,7,0.6622516556291391,2,0.9933774834437086,3,1.6556291390728477,5,0.33112582781456956,1,0.33112582781456956,1,0.2631578947368421,302
11.764705882352942,2,0.0,0,5.882352941176471,1,5.882352941176471,1,0.0,0,0.0,0,0.0,0,5.882352941176471,1,0.0,17,5.776173285198556,16,0.0,0,3.6101083032490973,10,2.1660649819494586,6,0.0,0,2.888086642599278,8,0.0,0,0.36101083032490977,1,0.3,277
5.555555555555555,1,0.0,0,5.555555555555555,1,0.0,0,0.0,0,5.555555555555555,1,5.555555555555555,1,0.0,0,0.5,18,2.898550724637681,8,0.36231884057971014,1,2.1739130434782608,6,0.36231884057971014,1,0.0,0,3.260869565217391,9,0.36231884057971014,1,0.36231884057971014,1,0.25,276
0.0,0,0.0,0,0.0,0,0.0,0,0.0,0,0.0,0,0.0,0,0.0,0,0.0,7,3.1073446327683616,11,0.0,0,2.542372881355932,9,0.5649717514124294,2,0.2824858757062147,1,1.1299435028248588,4,0.2824858757062147,1,0.847457627118644,3,0.17391304347826086,354
3.4482758620689653,1,0.0,0,3.4482758620689653,1,0.0,0,0.0,0,0.0,0,0.0,0,0.0,0,0.0,29,3.793103448275862,11,0.0,0,3.103448275862069,9,0.6896551724137931,2,0.3448275862068966,1,3.103448275862069,9,0.0,0,0.3448275862068966,1,0.38095238095238093,290
3.4482758620689653,1,0.0,0,3.4482758620689653,1,0.0,0,0.0,0,0.0,0,3.4482758620689653,1,0.0,0,0.0,29,2.857142857142857,9,0.0,0,2.5396825396825395,8,0.31746031746031744,1,0.6349206349206349,2,2.857142857142857,9,0.0,0,0.6349206349206349,2,0.25,315
1.2345679012345678,1,0.0,0,1.2345679012345678,1,0.0,0,0.0,0,3.7037037037037037,3,0.0,0,0.0,0,0.5,81,2.735562310030395,9,0.0,0,2.735562310030395,9,0.0,0,0.303951367781155,1,2.127659574468085,7,0.0,0,0.0,0,0.2857142857142857,329
0.0,0,0.0,0,0.0,0,0.0,0,0.0,0,0.0,0,0.0,0,0.0,0,0.0,19,4.3478260869565215,9,0.0,0,2.898550724637681,6,1.4492753623188406,3,0.4830917874396135,1,0.4830917874396135,1,0.0,0,0.0,0,0.09090909090909091,207
0.0,0,0.0,0,0.0,0,0.0,0,0.0,0,0.0,0,0.0,0,0.0,0,0.0,29,4.680851063829787,11,0.0,0,3.404255319148936,8,1.2765957446808511,3,0.425531914893617,1,0.851063829787234,2,0.0,0,0.851063829787234,2,0.2,235
11.538461538461538,3,0.0,0,3.8461538461538463,1,7.6923076923076925,2,0.0,0,0.0,0,0.0,0,0.0,0,0.0,26,7.357859531772576,22,0.0,0,4.682274247491639,14,2.6755852842809364,8,1.0033444816053512,3,1.0033444816053512,3,0.0,0,0.6688963210702341,2,0.13043478260869565,299
0.0,0,0.0,0,0.0,0,0.0,0,0.0,0,7.142857142857143,2,0.0,0,3.5714285714285716,1,0.3333333333333333,28,6.521739130434782,12,0.0,0,5.434782608695652,10,1.0869565217391304,2,0.5434782608695652,1,0.5434782608695652,1,0.0,0,0.0,0,0.1111111111111111,184
0.0,0,0.0,0,0.0,0,0.0,0,0.0,0,0.0,0,0.0,0,6.25,1,0.0,16,1.5151515151515151,2,0.0,0,0.7575757575757576,1,0.7575757575757576,1,0.0,0,1.5151515151515151,2,0.0,0,0.0,0,0.2857142857142857,132
4.761904761904762,1,0.0,0,4.761904761904762,1,0.0,0,0.0,0,4.761904761904762,1,0.0,0,0.0,0,0.5,21,2.3622047244094486,3,0.0,0,1.5748031496062993,2,0.7874015748031497,1,0.0,0,1.5748031496062993,2,0.0,0,0.0,0,0.4,127
0.0,0,0.0,0,0.0,0,0.0,0,0.0,0,0.0,0,0.0,0,0.0,0,0.0,6,2.857142857142857,4,0.0,0,2.142857142857143,3,0.7142857142857143,1,0.7142857142857143,1,1.4285714285714286,2,0.0,0,0.7142857142857143,1,0.3333333333333333,140
1.5625,1,0.0,0,0.0,0,1.5625,1,0.0,0,1.5625,1,0.0,0,1.5625,1,1.0,64,4.635761589403973,7,0.0,0,1.3245033112582782,2,3.3112582781456954,5,0.6622516556291391,1,0.6622516556291391,1,0.0,0,1.3245033112582782,2,0.16666666666666666,151
0.0,0,0.0,0,0.0,0,0.0,0,0.0,0,20.0,1,0.0,0,0.0,0,1.0,5,2.112676056338028,3,0.0,0,1.408450704225352,2,0.704225352112676,1,0.704225352112676,1,0.704225352112676,1,0.0,0,0.704225352112676,1,0.14285714285714285,142
0.0,0,0.0,0,0.0,0,0.0,0,0.0,0,0.0,0,0.0,0,0.0,0,0.0,4,3.6496350364963503,5,0.0,0,2.9197080291970803,4,0.7299270072992701,1,0.0,0,1.4598540145985401,2,0.0,0,0.0,0,0.25,137
0.0,0,0.0,0,0.0,0,0.0,0,0.0,0,0.0,0,0.0,0,7.6923076923076925,1,0.0,13,1.5267175572519085,2,0.7633587786259542,1,0.0,0,0.7633587786259542,1,1.5267175572519085,2,2.2900763358778624,3,0.0,0,0.0,0,0.42857142857142855,131
0.0,0,0.0,0,0.0,0,0.0,0,0.0,0,0.0,0,0.0,0,0.0,0,0.0,9,0.8849557522123894,1,0.0,0,0.8849557522123894,1,0.0,0,0.0,0,0.8849557522123894,1,0.0,0,0.8849557522123894,1,0.14285714285714285,113
0.0,0,0.0,0,0.0,0,0.0,0,0.0,0,3.7735849056603774,2,0.0,0,0.0,0,0.4,53,3.7037037037037037,4,0.0,0,0.0,0,3.7037037037037037,4,0.9259259259259259,1,0.9259259259259259,1,0.0,0,0.0,0,0.2,108
3.9473684210526314,3,0.0,0,3.9473684210526314,3,0.0,0,0.0,0,3.9473684210526314,3,0.0,0,1.3157894736842106,1,0.2857142857142857,76,2.0202020202020203,2,0.0,0,0.0,0,2.0202020202020203,2,1.0101010101010102,1,1.0101010101010102,1,0.0,0,0.0,0,0.2,99
2.7027027027027026,1,0.0,0,0.0,0,2.7027027027027026,1,0.0,0,5.405405405405405,2,0.0,0,0.0,0,0.25,37,3.225806451612903,4,0.0,0,0.8064516129032258,1,2.4193548387096775,3,0.8064516129032258,1,0.8064516129032258,1,0.0,0,0.0,0,0.16666666666666666,124
0.0,0,0.0,0,0.0,0,0.0,0,0.0,0,0.0,0,0.0,0,0.0,0,0.0,2,3.90625,5,0.78125,1,0.78125,1,2.34375,3,0.78125,1,1.5625,2,0.0,0,0.78125,1,0.4,128
0.0,0,0.0,0,0.0,0,0.0,0,0.0,0,0.0,0,0.0,0,0.0,0,0.0,19,2.857142857142857,4,0.0,0,0.7142857142857143,1,2.142857142857143,3,1.4285714285714286,2,1.4285714285714286,2,0.0,0,0.0,0,0.2857142857142857,140
7.894736842105263,3,0.0,0,5.2631578947368425,2,2.6315789473684212,1,0.0,0,2.6315789473684212,1,0.0,0,5.2631578947368425,2,0.3333333333333333,38,3.1746031746031744,4,0.0,0,1.5873015873015872,2,1.5873015873015872,2,0.7936507936507936,1,0.7936507936507936,1,0.0,0,0.0,0,0.14285714285714285,126
4.878048780487805,2,0.0,0,4.878048780487805,2,0.0,0,0.0,0,4.878048780487805,2,0.0,0,2.4390243902439024,1,0.3333333333333333,41,1.4705882352941178,2,0.0,0,0.7352941176470589,1,0.7352941176470589,1,0.0,0,1.4705882352941178,2,0.0,0,0.0,0,0.3333333333333333,136
0.0,0,0.0,0,0.0,0,0.0,0,6.25,1,6.25,1,0.0,0,0.0,0,0.3333333333333333,16,3.3057851239669422,4,0.0,0,2.479338842975207,3,0.8264462809917356,1,0.8264462809917356,1,0.8264462809917356,1,0.0,0,0.8264462809917356,1,0.16666666666666666,121
3.225806451612903,1,0.0,0,3.225806451612903,1,0.0,0,0.0,0,3.225806451612903,1,0.0,0,3.225806451612903,1,0.25,31,0.7518796992481203,1,0.0,0,0.0,0,0.7518796992481203,1,0.7518796992481203,1,2.255639097744361,3,0.0,0,0.0,0,0.2857142857142857,133
4.878048780487805,2,0.0,0,2.4390243902439024,1,2.4390243902439024,1,0.0,0,4.878048780487805,2,0.0,0,2.4390243902439024,1,0.6666666666666666,41,3.9682539682539684,5,0.0,0,2.380952380952381,3,1.5873015873015872,2,0.7936507936507936,1,1.5873015873015872,2,0.0,0,1.5873015873015872,2,0.3333333333333333,126
5.2631578947368425,1,0.0,0,0.0,0,5.2631578947368425,1,0.0,0,5.2631578947368425,1,0.0,0,5.2631578947368425,1,1.0,19,4.37956204379562,6,0.0,0,2.18978102189781,3,2.18978102189781,3,1.4598540145985401,2,0.0,0,0.0,0,0.0,0,0.0,137
0.0,0,0.0,0,0.0,0,0.0,0,0.0,0,0.0,0,0.0,0,0.0,0,0.0,1,1.881720430107527,7,0.0,0,0.8064516129032258,3,1.075268817204301,4,0.0,0,1.3440860215053763,5,0.0,0,1.6129032258064515,6,0.3125,372
11.11111111111111,1,0.0,0,0.0,0,11.11111111111111,1,0.0,0,0.0,0,0.0,0,0.0,0,0.0,9,3.5714285714285716,3,0.0,0,0.0,0,3.5714285714285716,3,1.1904761904761905,1,1.1904761904761905,1,0.0,0,0.0,0,0.1,84
0.0,0,0.0,0,0.0,0,0.0,0,0.0,0,4.166666666666667,1,0.0,0,0.0,0,0.5,24,3.6036036036036037,4,0.0,0,0.0,0,3.6036036036036037,4,0.0,0,0.9009009009009009,1,0.0,0,0.9009009009009009,1,0.125,111
0.0,0,0.0,0,0.0,0,0.0,0,0.0,0,0.0,0,0.0,0,0.0,0,0.0,0,5.319148936170213,5,0.0,0,0.0,0,5.319148936170213,5,0.0,0,0.0,0,0.0,0,0.0,0,0.0,94
0.0,0,0.0,0,0.0,0,0.0,0,0.0,0,0.0,0,0.0,0,0.0,0,0.0,8,4.166666666666667,4,1.0416666666666667,1,1.0416666666666667,1,2.0833333333333335,2,0.0,0,1.0416666666666667,1,0.0,0,0.0,0,0.1,96
16.666666666666668,1,0.0,0,16.666666666666668,1,0.0,0,0.0,0,0.0,0,0.0,0,0.0,0,0.0,6,4.411764705882353,3,0.0,0,0.0,0,4.411764705882353,3,0.0,0,1.4705882352941178,1,0.0,0,0.0,0,0.14285714285714285,68
0.0,0,0.0,0,0.0,0,0.0,0,0.0,0,0.0,0,0.0,0,0.0,0,0.0,6,5.333333333333333,4,1.3333333333333333,1,0.0,0,4.0,3,0.0,0,1.3333333333333333,1,0.0,0,0.0,0,0.14285714285714285,75
7.142857142857143,3,0.0,0,4.761904761904762,2,2.380952380952381,1,0.0,0,0.0,0,0.0,0,0.0,0,0.0,42,5.882352941176471,5,1.1764705882352942,1,0.0,0,4.705882352941177,4,0.0,0,0.0,0,0.0,0,1.1764705882352942,1,0.0,85
0.0,0,0.0,0,0.0,0,0.0,0,0.0,0,0.0,0,0.0,0,0.0,0,0.0,10,3.658536585365854,3,0.0,0,0.0,0,3.658536585365854,3,0.0,0,1.2195121951219512,1,0.0,0,0.0,0,0.14285714285714285,82
0.0,0,0.0,0,0.0,0,0.0,0,0.0,0,0.0,0,0.0,0,0.0,0,0.0,11,4.9504950495049505,5,0.0,0,1.9801980198019802,2,2.9702970297029703,3,0.0,0,1.9801980198019802,2,0.0,0,0.0,0,0.2222222222222222,101
0.0,0,0.0,0,0.0,0,0.0,0,0.0,0,0.0,0,0.0,0,0.0,0,0.0,0,4.597701149425287,4,0.0,0,1.1494252873563218,1,3.4482758620689653,3,0.0,0,1.1494252873563218,1,0.0,0,0.0,0,0.14285714285714285,87
0.0,0,0.0,0,0.0,0,0.0,0,0.0,0,0.0,0,0.0,0,0.0,0,0.0,11,5.063291139240507,4,0.0,0,0.0,0,5.063291139240507,4,0.0,0,1.2658227848101267,1,0.0,0,1.2658227848101267,1,0.25,79
3.9215686274509802,2,0.0,0,3.9215686274509802,2,0.0,0,0.0,0,3.9215686274509802,2,1.9607843137254901,1,1.9607843137254901,1,1.0,51,4.66321243523316,9,0.0,0,3.1088082901554404,6,1.5544041450777202,3,0.0,0,2.0725388601036268,4,1.0362694300518134,2,0.5181347150259067,1,0.4444444444444444,193
5.084745762711864,3,0.0,0,3.389830508474576,2,1.694915254237288,1,1.694915254237288,1,0.0,0,0.0,0,3.389830508474576,2,0.0,59,3.8095238095238093,8,0.0,0,3.3333333333333335,7,0.47619047619047616,1,0.47619047619047616,1,1.9047619047619047,4,0.0,0,0.47619047619047616,1,0.4444444444444444,210
9.090909090909092,6,0.0,0,7.575757575757576,5,1.5151515151515151,1,1.5151515151515151,1,1.5151515151515151,1,1.5151515151515151,1,1.5151515151515151,1,0.2,66,4.824561403508772,11,0.43859649122807015,1,3.9473684210526314,9,0.43859649122807015,1,0.43859649122807015,1,1.7543859649122806,4,0.0,0,0.43859649122807015,1,0.4444444444444444,228
0.0,0,0.0,0,0.0,0,0.0,0,0.0,0,5.882352941176471,1,0.0,0,0.0,0,0.5,17,2.8708133971291865,6,0.0,0,1.4354066985645932,3,1.4354066985645932,3,0.4784688995215311,1,2.3923444976076556,5,0.0,0,0.4784688995215311,1,0.4444444444444444,209
5.128205128205129,6,0.0,0,5.128205128205129,6,0.0,0,1.7094017094017093,2,5.128205128205129,6,0.8547008547008547,1,1.7094017094017093,2,0.5714285714285714,117,1.7937219730941705,4,0.0,0,1.345291479820628,3,0.4484304932735426,1,0.4484304932735426,1,1.7937219730941705,4,0.0,0,0.8968609865470852,2,0.15384615384615385,223
3.5714285714285716,1,0.0,0,3.5714285714285716,1,0.0,0,0.0,0,3.5714285714285716,1,0.0,0,0.0,0,0.5,28,0.8097165991902834,2,0.0,0,0.4048582995951417,1,0.4048582995951417,1,0.4048582995951417,1,2.0242914979757085,5,0.0,0,0.0,0,0.5,247
6.0,3,2.0,1,2.0,1,2.0,1,0.0,0,2.0,1,0.0,0,4.0,2,1.0,50,2.074688796680498,5,0.0,0,1.6597510373443984,4,0.4149377593360996,1,0.0,0,1.2448132780082988,3,0.4149377593360996,1,0.8298755186721992,2,0.3333333333333333,241
3.225806451612903,3,0.0,0,2.150537634408602,2,1.075268817204301,1,0.0,0,3.225806451612903,3,1.075268817204301,1,0.0,0,0.42857142857142855,93,1.3157894736842106,2,0.0,0,0.6578947368421053,1,0.6578947368421053,1,0.0,0,2.6315789473684212,4,0.0,0,1.3157894736842106,2,0.2857142857142857,152
0.0,0,0.0,0,0.0,0,0.0,0,0.0,0,6.896551724137931,2,0.0,0,3.4482758620689653,1,1.0,29,1.5,3,0.0,0,0.0,0,1.5,3,0.5,1,2.5,5,0.0,0,0.5,1,0.4444444444444444,200
3.5714285714285716,1,0.0,0,3.5714285714285716,1,0.0,0,0.0,0,7.142857142857143,2,0.0,0,3.5714285714285716,1,1.0,28,2.2831050228310503,5,0.0,0,1.36986301369863,3,0.91324200913242,2,0.0,0,1.82648401826484,4,0.0,0,1.36986301369863,3,0.375,219
0.0,0,0.0,0,0.0,0,0.0,0,0.0,0,4.545454545454546,1,0.0,0,0.0,0,0.5,22,1.8691588785046729,4,0.0,0,1.4018691588785046,3,0.4672897196261682,1,0.0,0,2.803738317757009,6,0.4672897196261682,1,0.4672897196261682,1,0.375,214
6.0606060606060606,4,0.0,0,4.545454545454546,3,1.5151515151515151,1,0.0,0,4.545454545454546,3,1.5151515151515151,1,1.5151515151515151,1,0.3333333333333333,66,1.0,2,0.0,0,0.5,1,0.5,1,0.5,1,3.0,6,0.0,0,1.0,2,0.4,200
0.0,0,0.0,0,0.0,0,0.0,0,0.0,0,7.142857142857143,1,0.0,0,0.0,0,1.0,14,2.7522935779816513,6,0.0,0,1.3761467889908257,3,1.3761467889908257,3,0.45871559633027525,1,1.3761467889908257,3,0.45871559633027525,1,0.45871559633027525,1,0.3,218
2.0,1,0.0,0,2.0,1,0.0,0,0.0,0,4.0,2,0.0,0,4.0,2,0.5,50,1.4705882352941178,3,0.0,0,0.9803921568627451,2,0.49019607843137253,1,0.49019607843137253,1,1.4705882352941178,3,0.0,0,0.49019607843137253,1,0.2857142857142857,204
3.4188034188034186,4,0.0,0,1.7094017094017093,2,1.7094017094017093,2,0.0,0,0.8547008547008547,1,1.7094017094017093,2,0.0,0,0.1111111111111111,117,0.9259259259259259,2,0.0,0,0.46296296296296297,1,0.46296296296296297,1,0.0,0,2.7777777777777777,6,0.0,0,0.46296296296296297,1,0.5,216
0.0,0,0.0,0,0.0,0,0.0,0,1.7543859649122806,1,1.7543859649122806,1,0.0,0,0.0,0,0.3333333333333333,57,2.5380710659898478,5,0.5076142131979695,1,0.5076142131979695,1,1.5228426395939085,3,0.0,0,2.5380710659898478,5,0.0,0,1.5228426395939085,3,0.5,197
1.5384615384615385,1,0.0,0,0.0,0,1.5384615384615385,1,0.0,0,0.0,0,0.0,0,1.5384615384615385,1,0.0,65,0.0,0,0.0,0,0.0,0,0.0,0,0.0,0,2.2123893805309733,5,0.0,0,0.0,0,0.4444444444444444,226
0.0,0,0.0,0,0.0,0,0.0,0,0.0,0,0.0,0,0.0,0,0.0,0,0.0,25,0.9302325581395349,2,0.0,0,0.46511627906976744,1,0.46511627906976744,1,0.0,0,1.8604651162790697,4,0.0,0,0.46511627906976744,1,0.18181818181818182,215
3.7037037037037037,2,0.0,0,1.8518518518518519,1,1.8518518518518519,1,0.0,0,1.8518518518518519,1,1.8518518518518519,1,0.0,0,0.5,54,0.4975124378109453,1,0.0,0,0.4975124378109453,1,0.0,0,0.4975124378109453,1,1.9900497512437811,4,0.0,0,0.9950248756218906,2,0.2727272727272727,201
0.0,0,0.0,0,0.0,0,0.0,0,0.0,0,3.3333333333333335,1,0.0,0,0.0,0,0.25,30,0.45454545454545453,1,0.0,0,0.45454545454545453,1,0.0,0,0.45454545454545453,1,1.3636363636363635,3,0.0,0,0.9090909090909091,2,0.2727272727272727,220
0.0,0,0.0,0,0.0,0,0.0,0,0.0,0,6.25,1,0.0,0,0.0,0,1.0,16,0.9478672985781991,2,0.0,0,0.9478672985781991,2,0.0,0,0.9478672985781991,2,0.9478672985781991,2,0.0,0,0.47393364928909953,1,0.14285714285714285,211
7.142857142857143,2,0.0,0,3.5714285714285716,1,3.5714285714285716,1,0.0,0,0.0,0,3.5714285714285716,1,3.5714285714285716,1,0.0,28,0.9174311926605505,2,0.0,0,0.9174311926605505,2,0.0,0,0.0,0,2.293577981651376,5,0.0,0,0.0,0,0.2,218
0.0,0,0.0,0,0.0,0,0.0,0,0.0,0,0.0,0,0.0,0,0.0,0,0.0,10,0.8547008547008547,2,0.0,0,0.42735042735042733,1,0.42735042735042733,1,0.42735042735042733,1,2.9914529914529915,7,0.0,0,0.42735042735042733,1,0.3333333333333333,234
6.666666666666667,3,0.0,0,2.2222222222222223,1,4.444444444444445,2,0.0,0,2.2222222222222223,1,2.2222222222222223,1,2.2222222222222223,1,0.3333333333333333,45,1.0638297872340425,2,0.0,0,0.0,0,1.0638297872340425,2,0.5319148936170213,1,1.5957446808510638,3,0.0,0,1.5957446808510638,3,0.2857142857142857,188
2.459016393442623,3,0.0,0,0.819672131147541,1,1.639344262295082,2,0.819672131147541,1,1.639344262295082,2,0.0,0,0.819672131147541,1,0.2,122,1.477832512315271,3,0.0,0,1.477832512315271,3,0.0,0,0.0,0,1.9704433497536946,4,0.0,0,0.49261083743842365,1,0.5,203
0.0,0,0.0,0,0.0,0,0.0,0,0.0,0,0.0,0,0.0,0,0.0,0,0.0,18,1.5625,4,0.0,0,1.5625,4,0.0,0,0.0,0,1.171875,3,0.0,0,1.171875,3,0.15384615384615385,256
6.666666666666667,2,0.0,0,3.3333333333333335,1,3.3333333333333335,1,0.0,0,0.0,0,3.3333333333333335,1,3.3333333333333335,1,0.0,30,1.3953488372093024,3,0.0,0,0.46511627906976744,1,0.9302325581395349,2,0.46511627906976744,1,1.8604651162790697,4,0.0,0,1.3953488372093024,3,0.3,215
2.5641025641025643,1,0.0,0,0.0,0,2.5641025641025643,1,0.0,0,5.128205128205129,2,0.0,0,2.5641025641025643,1,0.5,39,1.075268817204301,2,0.0,0,0.5376344086021505,1,0.5376344086021505,1,1.075268817204301,2,1.6129032258064515,3,0.0,0,1.6129032258064515,3,0.2222222222222222,186
6.0606060606060606,4,0.0,0,3.0303030303030303,2,3.0303030303030303,2,0.0,0,3.0303030303030303,2,1.5151515151515151,1,6.0606060606060606,4,0.6666666666666666,66,1.345291479820628,3,0.0,0,0.8968609865470852,2,0.4484304932735426,1,0.0,0,1.7937219730941705,4,0.0,0,1.345291479820628,3,0.4,223
1.5873015873015872,2,0.0,0,1.5873015873015872,2,0.0,0,0.7936507936507936,1,0.7936507936507936,1,0.0,0,0.0,0,0.16666666666666666,126,1.893939393939394,5,0.0,0,0.7575757575757576,2,1.1363636363636365,3,0.0,0,1.893939393939394,5,0.0,0,0.3787878787878788,1,0.38461538461538464,264
1.2121212121212122,2,0.0,0,0.6060606060606061,1,0.6060606060606061,1,1.2121212121212122,2,3.0303030303030303,5,0.0,0,0.6060606060606061,1,0.3333333333333333,165,1.7094017094017093,4,0.0,0,0.8547008547008547,2,0.8547008547008547,2,0.42735042735042733,1,1.2820512820512822,3,0.0,0,0.0,0,0.2727272727272727,234
0.0,0,0.0,0,0.0,0,0.0,0,0.0,0,0.0,0,4.545454545454546,1,0.0,0,0.0,22,1.2987012987012987,3,0.0,0,0.4329004329004329,1,0.8658008658008658,2,0.0,0,1.2987012987012987,3,0.0,0,0.4329004329004329,1,0.23076923076923078,231
0.0,0,0.0,0,0.0,0,0.0,0,5.0,1,5.0,1,0.0,0,0.0,0,0.25,20,0.8733624454148472,2,0.0,0,0.0,0,0.8733624454148472,2,0.4366812227074236,1,1.7467248908296944,4,0.0,0,0.4366812227074236,1,0.25,229
0.0,0,0.0,0,0.0,0,0.0,0,0.0,0,0.0,0,0.0,0,0.0,0,0.0,2,2.857142857142857,2,0.0,0,0.0,0,2.857142857142857,2,1.4285714285714286,1,0.0,0,0.0,0,0.0,0,0.0,70
3.7037037037037037,1,0.0,0,0.0,0,3.7037037037037037,1,0.0,0,3.7037037037037037,1,0.0,0,0.0,0,0.2,27,2.985074626865672,2,0.0,0,2.985074626865672,2,0.0,0,0.0,0,1.492537313432836,1,0.0,0,2.985074626865672,2,0.2,67
4.422604422604422,18,0.0,0,2.211302211302211,9,2.211302211302211,9,0.4914004914004914,2,0.9828009828009828,4,0.2457002457002457,1,1.2285012285012284,5,0.14814814814814814,407,1.8691588785046729,2,0.0,0,0.0,0,1.8691588785046729,2,0.0,0,0.9345794392523364,1,0.0,0,0.9345794392523364,1,0.2,107
0.0,0,0.0,0,0.0,0,0.0,0,0.0,0,0.0,0,0.0,0,0.0,0,0.0,55,4.301075268817204,4,0.0,0,1.075268817204301,1,3.225806451612903,3,1.075268817204301,1,0.0,0,0.0,0,2.150537634408602,2,0.0,93
11.11111111111111,2,0.0,0,11.11111111111111,2,0.0,0,5.555555555555555,1,0.0,0,0.0,0,11.11111111111111,2,0.0,18,4.395604395604396,4,0.0,0,2.197802197802198,2,2.197802197802198,2,3.2967032967032965,3,1.098901098901099,1,0.0,0,2.197802197802198,2,0.2,91
3.1746031746031744,2,0.0,0,3.1746031746031744,2,0.0,0,1.5873015873015872,1,3.1746031746031744,2,0.0,0,0.0,0,0.2,63,4.3478260869565215,3,0.0,0,1.4492753623188406,1,2.898550724637681,2,0.0,0,2.898550724637681,2,0.0,0,1.4492753623188406,1,0.25,69
0.0,0,0.0,0,0.0,0,0.0,0,0.0,0,0.0,0,0.0,0,0.0,0,0.0,19,3.409090909090909,3,0.0,0,1.1363636363636365,1,2.272727272727273,2,2.272727272727273,2,0.0,0,0.0,0,1.1363636363636365,1,0.0,88
2.2988505747126435,2,0.0,0,0.0,0,2.2988505747126435,2,1.1494252873563218,1,3.4482758620689653,3,0.0,0,0.0,0,0.4,87,3.389830508474576,4,0.0,0,0.847457627118644,1,2.542372881355932,3,0.0,0,0.0,0,0.0,0,0.847457627118644,1,0.0,118
5.9171597633136095,20,0.0,0,2.9585798816568047,10,2.9585798816568047,10,0.591715976331361,2,2.9585798816568047,10,0.591715976331361,2,2.0710059171597632,7,0.3684210526315789,338,3.883495145631068,4,0.0,0,0.0,0,3.883495145631068,4,0.0,0,0.0,0,0.0,0,1.941747572815534,2,0.0,103
0.0,0,0.0,0,0.0,0,0.0,0,0.0,0,0.0,0,0.0,0,0.0,0,0.0,14,6.741573033707865,6,0.0,0,2.247191011235955,2,4.49438202247191,4,0.0,0,0.0,0,0.0,0,2.247191011235955,2,0.0,89
7.142857142857143,1,0.0,0,7.142857142857143,1,0.0,0,0.0,0,0.0,0,0.0,0,0.0,0,0.0,14,1.7857142857142858,2,0.0,0,0.8928571428571429,1,0.8928571428571429,1,0.8928571428571429,1,0.8928571428571429,1,0.0,0,0.8928571428571429,1,0.09090909090909091,112
0.0,0,0.0,0,0.0,0,0.0,0,0.0,0,0.0,0,0.0,0,0.0,0,0.0,25,2.912621359223301,3,0.0,0,0.970873786407767,1,1.941747572815534,2,0.0,0,0.970873786407767,1,0.0,0,1.941747572815534,2,0.125,103
3.125,1,0.0,0,3.125,1,0.0,0,0.0,0,6.25,2,0.0,0,3.125,1,0.6666666666666666,32,3.5714285714285716,3,0.0,0,1.1904761904761905,1,2.380952380952381,2,1.1904761904761905,1,1.1904761904761905,1,0.0,0,2.380952380952381,2,0.1111111111111111,84
0.0,0,0.0,0,0.0,0,0.0,0,0.0,0,0.0,0,0.0,0,0.0,0,0.0,2,3.125,3,0.0,0,1.0416666666666667,1,2.0833333333333335,2,1.0416666666666667,1,1.0416666666666667,1,1.0416666666666667,1,1.0416666666666667,1,0.2,96
7.6923076923076925,1,0.0,0,7.6923076923076925,1,0.0,0,0.0,0,0.0,0,7.6923076923076925,1,0.0,0,0.0,13,5.208333333333333,5,0.0,0,3.125,3,2.0833333333333335,2,0.0,0,1.0416666666666667,1,0.0,0,1.0416666666666667,1,0.07692307692307693,96
4.444444444444445,2,0.0,0,0.0,0,4.444444444444445,2,0.0,0,0.0,0,0.0,0,0.0,0,0.0,45,4.166666666666667,4,0.0,0,2.0833333333333335,2,2.0833333333333335,2,0.0,0,1.0416666666666667,1,0.0,0,1.0416666666666667,1,0.2,96
0.0,0,0.0,0,0.0,0,0.0,0,0.0,0,0.0,0,0.0,0,0.0,0,0.0,8,4.040404040404041,4,0.0,0,4.040404040404041,4,0.0,0,1.0101010101010102,1,5.05050505050505,5,0.0,0,1.0101010101010102,1,0.5,99
5.882352941176471,1,0.0,0,5.882352941176471,1,0.0,0,0.0,0,0.0,0,0.0,0,5.882352941176471,1,0.0,17,3.1914893617021276,3,0.0,0,1.0638297872340425,1,2.127659574468085,2,1.0638297872340425,1,0.0,0,0.0,0,2.127659574468085,2,0.0,94
1.183431952662722,2,0.0,0,0.591715976331361,1,0.591715976331361,1,0.0,0,0.591715976331361,1,0.0,0,0.591715976331361,1,0.05,169,4.054054054054054,3,0.0,0,2.7027027027027026,2,1.3513513513513513,1,4.054054054054054,3,1.3513513513513513,1,1.3513513513513513,1,4.054054054054054,3,0.2,74
7.142857142857143,1,0.0,0,7.142857142857143,1,0.0,0,0.0,0,0.0,0,0.0,0,14.285714285714286,2,0.0,14,3.7383177570093458,4,0.0,0,1.8691588785046729,2,1.8691588785046729,2,0.0,0,0.0,0,0.0,0,0.9345794392523364,1,0.0,107
4.166666666666667,1,0.0,0,4.166666666666667,1,0.0,0,0.0,0,0.0,0,0.0,0,0.0,0,0.0,24,3.2967032967032965,3,0.0,0,2.197802197802198,2,1.098901098901099,1,3.2967032967032965,3,2.197802197802198,2,0.0,0,1.098901098901099,1,0.4,91
4.761904761904762,1,0.0,0,0.0,0,4.761904761904762,1,4.761904761904762,1,0.0,0,0.0,0,0.0,0,0.0,21,4.878048780487805,4,0.0,0,1.2195121951219512,1,3.658536585365854,3,1.2195121951219512,1,2.4390243902439024,2,0.0,0,1.2195121951219512,1,0.2857142857142857,82
2.3255813953488373,1,0.0,0,0.0,0,2.3255813953488373,1,0.0,0,0.0,0,0.0,0,2.3255813953488373,1,0.0,43,2.6315789473684212,2,0.0,0,1.3157894736842106,1,1.3157894736842106,1,2.6315789473684212,2,0.0,0,0.0,0,1.3157894736842106,1,0.0,76
2.272727272727273,1,0.0,0,2.272727272727273,1,0.0,0,0.0,0,0.0,0,0.0,0,2.272727272727273,1,0.0,44,2.542372881355932,3,0.0,0,1.694915254237288,2,0.847457627118644,1,1.694915254237288,2,0.847457627118644,1,0.0,0,1.694915254237288,2,0.09090909090909091,118
5.0,2,0.0,0,0.0,0,5.0,2,2.5,1,0.0,0,0.0,0,5.0,2,0.0,40,5.813953488372093,5,0.0,0,2.3255813953488373,2,3.488372093023256,3,2.3255813953488373,2,1.1627906976744187,1,0.0,0,2.3255813953488373,2,0.1,86
5.0,1,0.0,0,5.0,1,0.0,0,0.0,0,0.0,0,0.0,0,5.0,1,0.0,20,3.3707865168539324,3,0.0,0,2.247191011235955,2,1.1235955056179776,1,2.247191011235955,2,1.1235955056179776,1,0.0,0,2.247191011235955,2,0.14285714285714285,89
0.0,0,0.0,0,0.0,0,0.0,0,0.0,0,0.0,0,0.0,0,0.0,0,0.0,7,5.813953488372093,5,0.0,0,3.488372093023256,3,2.3255813953488373,2,0.0,0,1.1627906976744187,1,1.1627906976744187,1,1.1627906976744187,1,0.16666666666666666,86
0.0,0,0.0,0,0.0,0,0.0,0,0.0,0,0.0,0,0.0,0,0.0,0,0.0,4,2.5316455696202533,2,0.0,0,1.2658227848101267,1,1.2658227848101267,1,1.2658227848101267,1,0.0,0,0.0,0,2.5316455696202533,2,0.0,79
0.0,0,0.0,0,0.0,0,0.0,0,0.0,0,0.0,0,0.0,0,0.0,0,0.0,4,3.6363636363636362,4,0.0,0,1.8181818181818181,2,1.8181818181818181,2,0.9090909090909091,1,2.727272727272727,3,0.0,0,0.9090909090909091,1,0.42857142857142855,110
0.0,0,0.0,0,0.0,0,0.0,0,0.0,0,11.11111111111111,1,0.0,0,0.0,0,1.0,9,3.361344537815126,4,0.0,0,0.0,0,3.361344537815126,4,0.8403361344537815,1,1.680672268907563,2,0.0,0,0.8403361344537815,1,0.2222222222222222,119
12.5,1,0.0,0,0.0,0,12.5,1,12.5,1,0.0,0,0.0,0,0.0,0,0.0,8,8.88888888888889,8,1.1111111111111112,1,4.444444444444445,4,3.3333333333333335,3,1.1111111111111112,1,3.3333333333333335,3,0.0,0,1.1111111111111112,1,0.6,90
0.0,0,0.0,0,0.0,0,0.0,0,0.0,0,11.764705882352942,2,0.0,0,0.0,0,1.0,17,9.195402298850574,8,0.0,0,4.597701149425287,4,4.597701149425287,4,1.1494252873563218,1,2.2988505747126435,2,0.0,0,1.1494252873563218,1,0.4,87
13.333333333333334,2,0.0,0,0.0,0,13.333333333333334,2,0.0,0,0.0,0,0.0,0,6.666666666666667,1,0.0,15,7.407407407407407,6,0.0,0,4.938271604938271,4,2.4691358024691357,2,0.0,0,1.2345679012345678,1,0.0,0,0.0,0,0.25,81
2.272727272727273,1,0.0,0,2.272727272727273,1,0.0,0,2.272727272727273,1,6.818181818181818,3,0.0,0,0.0,0,0.5,44,5.154639175257732,5,0.0,0,3.0927835051546393,3,2.0618556701030926,2,0.0,0,0.0,0,0.0,0,0.0,0,0.0,97
0.0,0,0.0,0,0.0,0,0.0,0,0.0,0,0.0,0,0.0,0,0.0,0,0.0,11,4.761904761904762,4,1.1904761904761905,1,1.1904761904761905,1,2.380952380952381,2,1.1904761904761905,1,4.761904761904762,4,0.0,0,0.0,0,0.8,84
15.789473684210526,3,0.0,0,10.526315789473685,2,5.2631578947368425,1,0.0,0,5.2631578947368425,1,0.0,0,10.526315789473685,2,0.5,19,6.481481481481482,7,0.0,0,4.62962962962963,5,1.8518518518518519,2,0.0,0,0.9259259259259259,1,0.0,0,1.8518518518518519,2,0.16666666666666666,108
9.25925925925926,5,0.0,0,3.7037037037037037,2,5.555555555555555,3,3.7037037037037037,2,1.8518518518518519,1,0.0,0,1.8518518518518519,1,0.3333333333333333,54,4.2105263157894735,4,0.0,0,1.0526315789473684,1,3.1578947368421053,3,1.0526315789473684,1,3.1578947368421053,3,0.0,0,0.0,0,0.5,95
4.545454545454546,2,0.0,0,4.545454545454546,2,0.0,0,0.0,0,4.545454545454546,2,0.0,0,0.0,0,0.4,44,4.25531914893617,4,0.0,0,2.127659574468085,2,2.127659574468085,2,1.0638297872340425,1,2.127659574468085,2,0.0,0,1.0638297872340425,1,0.3333333333333333,94
6.666666666666667,1,0.0,0,6.666666666666667,1,0.0,0,0.0,0,6.666666666666667,1,0.0,0,0.0,0,0.25,15,4.854368932038835,5,0.0,0,1.941747572815534,2,2.912621359223301,3,0.970873786407767,1,2.912621359223301,3,0.0,0,0.0,0,0.42857142857142855,103
0.0,0,0.0,0,0.0,0,0.0,0,0.0,0,0.0,0,0.0,0,0.0,0,0.0,17,3.056768558951965,7,0.0,0,1.7467248908296944,4,1.3100436681222707,3,0.8733624454148472,2,3.930131004366812,9,0.0,0,0.8733624454148472,2,0.35294117647058826,229
0.0,0,0.0,0,0.0,0,0.0,0,0.0,0,0.0,0,0.0,0,0.0,0,0.0,6,3.0651340996168583,8,0.0,0,2.681992337164751,7,0.3831417624521073,1,0.7662835249042146,2,3.4482758620689653,9,0.0,0,1.1494252873563218,3,0.47058823529411764,261
7.142857142857143,1,0.0,0,7.142857142857143,1,0.0,0,7.142857142857143,1,7.142857142857143,1,0.0,0,7.142857142857143,1,0.5,14,5.319148936170213,10,0.0,0,2.127659574468085,4,3.1914893617021276,6,0.0,0,2.127659574468085,4,0.0,0,0.5319148936170213,1,0.2857142857142857,188
0.0,0,0.0,0,0.0,0,0.0,0,0.0,0,0.0,0,0.0,0,0.0,0,0.0,4,4.25531914893617,10,0.425531914893617,1,2.5531914893617023,6,1.2765957446808511,3,0.0,0,3.8297872340425534,9,0.0,0,1.2765957446808511,3,0.4,235
2.962962962962963,8,0.37037037037037035,1,2.5925925925925926,7,0.0,0,0.7407407407407407,2,4.074074074074074,11,0.7407407407407407,2,1.4814814814814814,4,0.5555555555555556,270,1.953125,5,0.0,0,1.5625,4,0.390625,1,0.390625,1,4.296875,11,0.0,0,1.171875,3,0.42105263157894735,256
3.1914893617021276,3,0.0,0,3.1914893617021276,3,0.0,0,0.0,0,2.127659574468085,2,1.0638297872340425,1,1.0638297872340425,1,0.5,94,1.408450704225352,3,0.0,0,0.4694835680751174,1,0.9389671361502347,2,0.9389671361502347,2,3.755868544600939,8,0.0,0,0.4694835680751174,1,0.38461538461538464,213
3.260869565217391,3,0.0,0,3.260869565217391,3,0.0,0,0.0,0,3.260869565217391,3,0.0,0,1.0869565217391304,1,0.5,92,3.041825095057034,8,0.0,0,2.2813688212927756,6,0.7604562737642585,2,0.7604562737642585,2,2.2813688212927756,6,0.0,0,1.1406844106463878,3,0.25,263
4.964539007092198,7,0.0,0,3.5460992907801416,5,1.4184397163120568,2,0.7092198581560284,1,3.5460992907801416,5,0.0,0,1.4184397163120568,2,0.6666666666666666,141,3.9800995024875623,8,0.0,0,2.985074626865672,6,0.9950248756218906,2,1.492537313432836,3,3.482587064676617,7,0.0,0,0.9950248756218906,2,0.3125,201
2.380952380952381,1,0.0,0,0.0,0,2.380952380952381,1,2.380952380952381,1,0.0,0,0.0,0,2.380952380952381,1,0.0,42,3.6363636363636362,8,0.0,0,1.8181818181818181,4,1.8181818181818181,4,0.9090909090909091,2,2.727272727272727,6,0.0,0,0.45454545454545453,1,0.5454545454545454,220
3.6144578313253013,6,0.0,0,2.4096385542168677,4,1.2048192771084338,2,0.6024096385542169,1,3.6144578313253013,6,0.6024096385542169,1,1.2048192771084338,2,0.4,166,4.166666666666667,9,0.0,0,2.314814814814815,5,1.8518518518518519,4,0.9259259259259259,2,3.7037037037037037,8,0.0,0,0.46296296296296297,1,0.5,216
8.108108108108109,6,0.0,0,5.405405405405405,4,2.7027027027027026,2,0.0,0,2.7027027027027026,2,0.0,0,4.054054054054054,3,0.25,74,5.058365758754864,13,0.0,0,2.7237354085603114,7,2.3346303501945527,6,0.38910505836575876,1,2.3346303501945527,6,0.0,0,0.38910505836575876,1,0.3125,257
3.0303030303030303,1,0.0,0,3.0303030303030303,1,0.0,0,0.0,0,3.0303030303030303,1,0.0,0,3.0303030303030303,1,0.5,33,3.1088082901554404,6,0.0,0,2.0725388601036268,4,1.0362694300518134,2,0.5181347150259067,1,4.66321243523316,9,0.0,0,1.0362694300518134,2,0.5714285714285714,193
16.666666666666668,1,0.0,0,0.0,0,16.666666666666668,1,0.0,0,16.666666666666668,1,0.0,0,16.666666666666668,1,0.5,6,2.358490566037736,5,0.4716981132075472,1,0.9433962264150944,2,0.9433962264150944,2,0.4716981132075472,1,4.245283018867925,9,0.0,0,0.9433962264150944,2,0.5384615384615384,212
2.272727272727273,2,0.0,0,2.272727272727273,2,0.0,0,0.0,0,3.409090909090909,3,0.0,0,0.0,0,0.25,88,3.061224489795918,6,0.0,0,2.5510204081632653,5,0.5102040816326531,1,1.530612244897959,3,4.081632653061225,8,0.0,0,0.5102040816326531,1,0.5,196
2.962962962962963,4,0.7407407407407407,1,2.2222222222222223,3,0.0,0,0.7407407407407407,1,1.4814814814814814,2,0.7407407407407407,1,2.2222222222222223,3,0.2222222222222222,135,3.367003367003367,10,0.0,0,2.6936026936026938,8,0.6734006734006734,2,1.0101010101010102,3,2.0202020202020203,6,0.0,0,0.6734006734006734,2,0.2857142857142857,297
0.0,0,0.0,0,0.0,0,0.0,0,0.0,0,6.122448979591836,3,0.0,0,0.0,0,0.6666666666666666,49,3.3003300330033003,10,0.0,0,2.31023102310231,7,0.9900990099009901,3,1.6501650165016502,5,1.9801980198019802,6,0.33003300330033003,1,1.3201320132013201,4,0.29411764705882354,303
3.977272727272727,7,0.0,0,2.840909090909091,5,1.1363636363636365,2,0.0,0,2.272727272727273,4,1.1363636363636365,2,2.272727272727273,4,0.3333333333333333,176,2.4,6,0.0,0,1.2,3,1.2,3,0.0,0,3.2,8,0.0,0,1.2,3,0.4117647058823529,250
3.409090909090909,3,0.0,0,3.409090909090909,3,0.0,0,1.1363636363636365,1,3.409090909090909,3,0.0,0,2.272727272727273,2,0.2857142857142857,88,1.953125,5,0.0,0,1.171875,3,0.78125,2,1.171875,3,3.125,8,0.0,0,0.78125,2,0.3333333333333333,256
6.422018348623853,7,0.9174311926605505,1,5.504587155963303,6,0.0,0,0.0,0,1.834862385321101,2,1.834862385321101,2,1.834862385321101,2,0.2857142857142857,109,3.278688524590164,10,0.0,0,1.639344262295082,5,1.639344262295082,5,0.6557377049180327,2,2.9508196721311477,9,0.0,0,0.9836065573770492,3,0.4666666666666667,305
0.0,0,0.0,0,0.0,0,0.0,0,1.9230769230769231,2,2.8846153846153846,3,0.9615384615384616,1,0.9615384615384616,1,0.75,104,3.481012658227848,11,0.31645569620253167,1,2.2151898734177213,7,0.9493670886075949,3,0.9493670886075949,3,4.746835443037975,15,0.31645569620253167,1,1.2658227848101267,4,0.6666666666666666,316
1.492537313432836,1,0.0,0,1.492537313432836,1,0.0,0,0.0,0,1.492537313432836,1,1.492537313432836,1,1.492537313432836,1,0.25,67,3.240740740740741,7,0.0,0,1.3888888888888888,3,1.8518518518518519,4,0.9259259259259259,2,2.314814814814815,5,0.0,0,0.46296296296296297,1,0.3333333333333333,216
2.608695652173913,3,0.0,0,2.608695652173913,3,0.0,0,0.8695652173913043,1,2.608695652173913,3,0.8695652173913043,1,1.7391304347826086,2,0.375,115,4.184100418410042,10,0.41841004184100417,1,2.928870292887029,7,0.8368200836820083,2,1.2552301255230125,3,1.6736401673640167,4,0.41841004184100417,1,0.8368200836820083,2,0.25,239
4.0,6,0.0,0,2.0,3,2.0,3,1.3333333333333333,2,0.6666666666666666,1,0.0,0,2.0,3,0.08333333333333333,150,3.3333333333333335,8,0.0,0,2.9166666666666665,7,0.4166666666666667,1,0.8333333333333334,2,3.75,9,0.8333333333333334,2,0.8333333333333334,2,0.5333333333333333,240
3.4482758620689653,1,0.0,0,3.4482758620689653,1,0.0,0,0.0,0,3.4482758620689653,1,0.0,0,3.4482758620689653,1,0.5,29,3.8194444444444446,11,0.3472222222222222,1,2.7777777777777777,8,0.6944444444444444,2,0.6944444444444444,2,4.513888888888889,13,0.0,0,0.6944444444444444,2,0.4,288
3.5294117647058822,3,0.0,0,2.3529411764705883,2,1.1764705882352942,1,0.0,0,2.3529411764705883,2,1.1764705882352942,1,0.0,0,0.25,85,2.1739130434782608,5,0.0,0,1.3043478260869565,3,0.8695652173913043,2,1.3043478260869565,3,3.0434782608695654,7,0.0,0,0.43478260869565216,1,0.3333333333333333,230
4.25531914893617,6,0.0,0,3.5460992907801416,5,0.7092198581560284,1,0.0,0,1.4184397163120568,2,0.0,0,0.0,0,0.2857142857142857,141,7.009345794392523,15,0.4672897196261682,1,3.2710280373831777,7,3.2710280373831777,7,0.9345794392523364,2,3.7383177570093458,8,0.0,0,1.4018691588785046,3,0.46153846153846156,214
0.0,0,0.0,0,0.0,0,0.0,0,0.0,0,0.0,0,0.0,0,0.0,0,0.0,2,4.273504273504273,10,0.0,0,3.4188034188034186,8,0.8547008547008547,2,0.8547008547008547,2,2.5641025641025643,6,0.0,0,1.7094017094017093,4,0.3125,234
8.333333333333334,3,2.7777777777777777,1,5.555555555555555,2,0.0,0,0.0,0,2.7777777777777777,1,2.7777777777777777,1,0.0,0,0.5,36,5.3097345132743365,12,0.0,0,4.424778761061947,10,0.8849557522123894,2,1.7699115044247788,4,3.0973451327433628,7,0.4424778761061947,1,0.4424778761061947,1,0.46153846153846156,226
0.0,0,0.0,0,0.0,0,0.0,0,0.0,0,0.0,0,0.0,0,0.0,0,0.0,9,8.108108108108109,6,0.0,0,4.054054054054054,3,4.054054054054054,3,0.0,0,1.3513513513513513,1,0.0,0,1.3513513513513513,1,0.16666666666666666,74
0.0,0,0.0,0,0.0,0,0.0,0,0.0,0,0.0,0,0.0,0,0.0,0,0.0,3,6.153846153846154,4,0.0,0,4.615384615384615,3,1.5384615384615385,1,0.0,0,0.0,0,0.0,0,1.5384615384615385,1,0.0,65
3.5714285714285716,1,0.0,0,3.5714285714285716,1,0.0,0,0.0,0,3.5714285714285716,1,3.5714285714285716,1,0.0,0,0.3333333333333333,28,9.23076923076923,6,0.0,0,6.153846153846154,4,3.076923076923077,2,0.0,0,0.0,0,0.0,0,0.0,0,0.0,65
2.5641025641025643,1,0.0,0,2.5641025641025643,1,0.0,0,0.0,0,2.5641025641025643,1,0.0,0,0.0,0,0.5,39,3.260869565217391,3,0.0,0,2.1739130434782608,2,1.0869565217391304,1,0.0,0,1.0869565217391304,1,0.0,0,0.0,0,0.25,92
0.0,0,0.0,0,0.0,0,0.0,0,0.0,0,0.0,0,0.0,0,0.0,0,0.0,5,3.4482758620689653,3,0.0,0,1.1494252873563218,1,2.2988505747126435,2,0.0,0,0.0,0,0.0,0,0.0,0,0.0,87
7.407407407407407,2,0.0,0,7.407407407407407,2,0.0,0,0.0,0,3.7037037037037037,1,0.0,0,3.7037037037037037,1,0.5,27,2.955665024630542,12,0.24630541871921183,1,2.2167487684729066,9,0.49261083743842365,2,0.0,0,1.2315270935960592,5,1.2315270935960592,5,0.7389162561576355,3,0.20833333333333334,406
6.451612903225806,8,0.0,0,4.838709677419355,6,1.6129032258064515,2,0.8064516129032258,1,1.6129032258064515,2,0.8064516129032258,1,3.225806451612903,4,0.2857142857142857,124,2.2670025188916876,9,0.0,0,1.2594458438287153,5,1.0075566750629723,4,0.7556675062972292,3,1.5113350125944585,6,0.7556675062972292,3,1.2594458438287153,5,0.25,397
4.605263157894737,7,0.0,0,3.9473684210526314,6,0.6578947368421053,1,1.9736842105263157,3,2.6315789473684212,4,0.0,0,1.9736842105263157,3,0.375,152,2.4193548387096775,9,0.26881720430107525,1,1.3440860215053763,5,0.8064516129032258,3,0.26881720430107525,1,1.6129032258064515,6,0.26881720430107525,1,0.26881720430107525,1,0.16666666666666666,372
4.6875,3,0.0,0,3.125,2,1.5625,1,0.0,0,1.5625,1,0.0,0,1.5625,1,0.3333333333333333,64,3.197674418604651,11,0.29069767441860467,1,2.0348837209302326,7,0.872093023255814,3,0.5813953488372093,2,0.872093023255814,3,0.872093023255814,3,1.1627906976744187,4,0.15,344
7.3076923076923075,19,0.0,0,6.923076923076923,18,0.38461538461538464,1,1.5384615384615385,4,2.3076923076923075,6,3.076923076923077,8,4.615384615384615,12,0.3125,260,2.6109660574412534,10,0.0,0,1.8276762402088773,7,0.783289817232376,3,0.5221932114882507,2,2.349869451697128,9,0.26109660574412535,1,1.566579634464752,6,0.28,383
2.9220779220779223,9,0.0,0,1.948051948051948,6,0.974025974025974,3,1.2987012987012987,4,2.272727272727273,7,0.974025974025974,3,1.6233766233766234,5,0.6363636363636364,308,3.8071065989847717,15,0.0,0,1.7766497461928934,7,2.030456852791878,8,0.0,0,2.284263959390863,9,1.015228426395939,4,0.5076142131979695,2,0.32,394
2.272727272727273,1,0.0,0,2.272727272727273,1,0.0,0,0.0,0,2.272727272727273,1,0.0,0,0.0,0,0.25,44,1.9230769230769231,7,0.0,0,1.3736263736263736,5,0.5494505494505495,2,0.5494505494505495,2,1.6483516483516483,6,1.098901098901099,4,0.27472527472527475,1,0.25,364
10.526315789473685,10,0.0,0,6.315789473684211,6,4.2105263157894735,4,0.0,0,1.0526315789473684,1,0.0,0,5.2631578947368425,5,0.25,95,3.3942558746736293,13,0.5221932114882507,2,1.566579634464752,6,1.3054830287206267,5,0.26109660574412535,1,1.0443864229765014,4,1.0443864229765014,4,0.783289817232376,3,0.125,383
2.5380710659898478,5,0.0,0,2.5380710659898478,5,0.0,0,1.5228426395939085,3,4.060913705583756,8,1.015228426395939,2,1.5228426395939085,3,0.6666666666666666,197,2.557544757033248,10,0.0,0,2.0460358056265986,8,0.5115089514066496,2,0.5115089514066496,2,1.0230179028132993,4,0.7672634271099744,3,1.278772378516624,5,0.15384615384615385,391
0.0,0,0.0,0,0.0,0,0.0,0,0.0,0,0.0,0,0.0,0,0.0,0,0.0,4,3.7854889589905363,12,0.0,0,2.2082018927444795,7,1.5772870662460567,5,0.31545741324921134,1,1.8927444794952681,6,0.9463722397476341,3,1.2618296529968454,4,0.24,317
0.0,0,0.0,0,0.0,0,0.0,0,0.0,0,14.285714285714286,1,0.0,0,0.0,0,0.5,7,5.882352941176471,11,0.0,0,4.81283422459893,9,1.0695187165775402,2,1.0695187165775402,2,2.6737967914438503,5,0.5347593582887701,1,1.6042780748663101,3,0.3333333333333333,187
0.0,0,0.0,0,0.0,0,0.0,0,0.0,0,7.142857142857143,1,0.0,0,0.0,0,0.3333333333333333,14,5.392156862745098,11,0.0,0,4.901960784313726,10,0.49019607843137253,1,0.0,0,1.9607843137254901,4,0.0,0,0.49019607843137253,1,0.3,204
7.017543859649122,4,0.0,0,7.017543859649122,4,0.0,0,1.7543859649122806,1,3.508771929824561,2,0.0,0,5.2631578947368425,3,0.6666666666666666,57,3.6082474226804124,7,0.0,0,2.577319587628866,5,1.0309278350515463,2,0.5154639175257731,1,1.5463917525773196,3,0.0,0,0.5154639175257731,1,0.3333333333333333,194
0.0,0,0.0,0,0.0,0,0.0,0,0.0,0,0.0,0,0.0,0,0.0,0,0.0,17,5.583756345177665,11,0.0,0,3.553299492385787,7,2.030456852791878,4,1.015228426395939,2,1.015228426395939,2,0.5076142131979695,1,0.0,0,0.2,197
0.0,0,0.0,0,0.0,0,0.0,0,0.0,0,4.3478260869565215,1,0.0,0,0.0,0,0.5,23,2.3076923076923075,3,0.0,0,1.5384615384615385,2,0.7692307692307693,1,0.0,0,0.0,0,0.0,0,0.0,0,0.0,130
2.0,1,0.0,0,0.0,0,2.0,1,0.0,0,0.0,0,0.0,0,2.0,1,0.0,50,2.6785714285714284,3,0.0,0,0.8928571428571429,1,1.7857142857142858,2,0.8928571428571429,1,0.8928571428571429,1,0.0,0,0.0,0,0.16666666666666666,112
0.0,0,0.0,0,0.0,0,0.0,0,0.0,0,0.0,0,0.0,0,0.0,0,0.0,4,5.504587155963303,6,0.0,0,2.7522935779816513,3,2.7522935779816513,3,0.0,0,1.834862385321101,2,0.0,0,0.0,0,0.2857142857142857,109
4.3478260869565215,1,0.0,0,4.3478260869565215,1,0.0,0,0.0,0,4.3478260869565215,1,4.3478260869565215,1,0.0,0,0.5,23,3.6363636363636362,4,0.0,0,1.8181818181818181,2,1.8181818181818181,2,0.0,0,2.727272727272727,3,0.0,0,0.9090909090909091,1,0.42857142857142855,110
0.0,0,0.0,0,0.0,0,0.0,0,0.0,0,0.0,0,0.0,0,0.0,0,0.0,3,3.6363636363636362,4,0.0,0,2.727272727272727,3,0.9090909090909091,1,0.0,0,1.8181818181818181,2,0.0,0,0.0,0,0.4,110
0.0,0,0.0,0,0.0,0,0.0,0,0.0,0,0.0,0,0.0,0,0.0,0,0.0,8,1.7241379310344827,2,0.0,0,0.0,0,1.7241379310344827,2,0.0,0,0.0,0,0.0,0,0.0,0,0.0,116
0.0,0,0.0,0,0.0,0,0.0,0,0.0,0,0.0,0,0.0,0,0.0,0,0.0,3,0.0,0,0.0,0,0.0,0,0.0,0,0.0,0,0.0,0,0.0,0,0.0,0,0.0,108
40.0,2,0.0,0,20.0,1,20.0,1,0.0,0,0.0,0,0.0,0,0.0,0,0.0,5,6.7669172932330826,9,0.0,0,4.511278195488722,6,2.255639097744361,3,0.0,0,2.255639097744361,3,0.0,0,2.255639097744361,3,0.42857142857142855,133
2.5906735751295336,5,0.0,0,2.0725388601036268,4,0.5181347150259067,1,0.5181347150259067,1,4.66321243523316,9,0.5181347150259067,1,0.5181347150259067,1,0.35294117647058826,193,2.450980392156863,5,0.0,0,1.4705882352941178,3,0.9803921568627451,2,0.9803921568627451,2,3.9215686274509802,8,0.49019607843137253,1,0.9803921568627451,2,0.6,204
4.49438202247191,4,0.0,0,3.3707865168539324,3,1.1235955056179776,1,2.247191011235955,2,0.0,0,1.1235955056179776,1,0.0,0,0.0,89,2.843601895734597,6,0.0,0,2.3696682464454977,5,0.47393364928909953,1,0.9478672985781991,2,5.213270142180095,11,0.9478672985781991,2,0.47393364928909953,1,0.8181818181818182,211
5.063291139240507,4,0.0,0,5.063291139240507,4,0.0,0,0.0,0,2.5316455696202533,2,0.0,0,0.0,0,0.3333333333333333,79,4.128440366972477,9,0.0,0,2.293577981651376,5,1.834862385321101,4,0.45871559633027525,1,3.2110091743119265,7,0.0,0,2.293577981651376,5,0.6666666666666666,218
0.0,0,0.0,0,0.0,0,0.0,0,0.0,0,4.0,2,0.0,0,0.0,0,0.5,50,2.202643171806167,5,0.0,0,1.3215859030837005,3,0.8810572687224669,2,1.3215859030837005,3,3.5242290748898677,8,0.0,0,0.8810572687224669,2,0.46153846153846156,227
1.0101010101010102,1,0.0,0,0.0,0,1.0101010101010102,1,2.0202020202020203,2,0.0,0,0.0,0,0.0,0,0.0,99,2.20125786163522,7,0.0,0,1.2578616352201257,4,0.9433962264150944,3,1.2578616352201257,4,4.716981132075472,15,0.31446540880503143,1,1.8867924528301887,6,0.6470588235294118,318
6.382978723404255,3,0.0,0,4.25531914893617,2,2.127659574468085,1,0.0,0,0.0,0,2.127659574468085,1,0.0,0,0.0,47,2.232142857142857,5,0.0,0,1.3392857142857142,3,0.8928571428571429,2,0.8928571428571429,2,4.464285714285714,10,0.44642857142857145,1,0.0,0,0.7272727272727273,224
2.9411764705882355,2,0.0,0,2.9411764705882355,2,0.0,0,1.4705882352941178,1,0.0,0,0.0,0,1.4705882352941178,1,0.0,68,1.9841269841269842,5,0.0,0,0.7936507936507936,2,1.1904761904761905,3,0.7936507936507936,2,3.9682539682539684,10,0.0,0,0.7936507936507936,2,0.8,252
0.0,0,0.0,0,0.0,0,0.0,0,0.0,0,6.451612903225806,2,0.0,0,0.0,0,0.3333333333333333,31,2.7586206896551726,8,0.3448275862068966,1,1.3793103448275863,4,1.0344827586206897,3,1.0344827586206897,3,4.482758620689655,13,0.0,0,0.0,0,0.8333333333333334,290
0.0,0,0.0,0,0.0,0,0.0,0,0.0,0,0.0,0,0.0,0,0.0,0,0.0,4,2.73972602739726,8,0.3424657534246575,1,1.7123287671232876,5,0.684931506849315,2,0.684931506849315,2,3.4246575342465753,10,0.684931506849315,2,0.684931506849315,2,0.6666666666666666,292
2.0,1,0.0,0,2.0,1,0.0,0,0.0,0,6.0,3,2.0,1,0.0,0,0.75,50,1.2987012987012987,3,0.0,0,1.2987012987012987,3,0.0,0,0.8658008658008658,2,4.329004329004329,10,0.0,0,1.2987012987012987,3,0.6363636363636364,231
3.2967032967032965,3,0.0,0,3.2967032967032965,3,0.0,0,2.197802197802198,2,9.89010989010989,9,0.0,0,0.0,0,1.0,91,3.7037037037037037,9,0.0,0,2.05761316872428,5,1.646090534979424,4,1.2345679012345678,3,4.11522633744856,10,0.0,0,1.2345679012345678,3,0.5714285714285714,243
6.741573033707865,6,0.0,0,4.49438202247191,4,2.247191011235955,2,1.1235955056179776,1,2.247191011235955,2,2.247191011235955,2,1.1235955056179776,1,0.3333333333333333,89,3.8596491228070176,11,0.0,0,1.4035087719298245,4,2.456140350877193,7,0.3508771929824561,1,4.2105263157894735,12,0.3508771929824561,1,0.7017543859649122,2,0.6666666666666666,285
0.0,0,0.0,0,0.0,0,0.0,0,0.0,0,5.2631578947368425,2,2.6315789473684212,1,0.0,0,0.6666666666666666,38,2.3026315789473686,7,0.0,0,0.6578947368421053,2,1.644736842105263,5,0.6578947368421053,2,4.605263157894737,14,0.0,0,0.6578947368421053,2,0.6363636363636364,304
2.1739130434782608,1,0.0,0,2.1739130434782608,1,0.0,0,0.0,0,2.1739130434782608,1,2.1739130434782608,1,0.0,0,0.16666666666666666,46,1.8315018315018314,5,0.0,0,1.098901098901099,3,0.7326007326007326,2,0.3663003663003663,1,4.761904761904762,13,0.0,0,0.7326007326007326,2,0.6,273
3.508771929824561,4,0.0,0,2.6315789473684212,3,0.8771929824561403,1,0.8771929824561403,1,4.385964912280702,5,1.7543859649122806,2,0.0,0,0.5714285714285714,114,3.4334763948497855,8,0.0,0,2.1459227467811157,5,1.2875536480686696,3,0.8583690987124464,2,4.291845493562231,10,0.0,0,0.8583690987124464,2,0.6363636363636364,233
0.0,0,0.0,0,0.0,0,0.0,0,0.0,0,7.317073170731708,3,0.0,0,0.0,0,0.6666666666666666,41,3.0837004405286343,7,0.0,0,2.643171806167401,6,0.44052863436123346,1,0.8810572687224669,2,5.286343612334802,12,0.8810572687224669,2,0.8810572687224669,2,0.8181818181818182,227
2.928870292887029,7,0.0,0,1.2552301255230125,3,1.6736401673640167,4,0.8368200836820083,2,0.8368200836820083,2,0.8368200836820083,2,0.8368200836820083,2,0.15384615384615385,239,4.471544715447155,11,0.0,0,2.4390243902439024,6,2.032520325203252,5,1.2195121951219512,3,3.658536585365854,9,0.0,0,1.6260162601626016,4,0.5454545454545454,246
7.547169811320755,4,0.0,0,7.547169811320755,4,0.0,0,1.8867924528301887,1,1.8867924528301887,1,5.660377358490566,3,0.0,0,0.25,53,4.49438202247191,12,0.0,0,3.3707865168539324,9,1.1235955056179776,3,0.7490636704119851,2,4.868913857677903,13,0.7490636704119851,2,1.1235955056179776,3,0.8333333333333334,267
2.7027027027027026,1,0.0,0,2.7027027027027026,1,0.0,0,2.7027027027027026,1,0.0,0,2.7027027027027026,1,0.0,0,0.0,37,3.7037037037037037,8,0.46296296296296297,1,1.8518518518518519,4,1.3888888888888888,3,1.3888888888888888,3,4.62962962962963,10,0.0,0,0.0,0,0.7777777777777778,216
2.7522935779816513,3,0.0,0,1.834862385321101,2,0.9174311926605505,1,0.0,0,0.0,0,0.9174311926605505,1,2.7522935779816513,3,0.0,109,3.1531531531531534,7,0.0,0,0.9009009009009009,2,2.2522522522522523,5,2.2522522522522523,5,4.504504504504505,10,0.0,0,0.45045045045045046,1,0.6666666666666666,222
0.0,0,0.0,0,0.0,0,0.0,0,0.0,0,7.407407407407407,2,0.0,0,0.0,0,0.4,27,3.088803088803089,8,0.0,0,1.9305019305019304,5,1.1583011583011582,3,0.7722007722007722,2,3.861003861003861,10,0.3861003861003861,1,1.9305019305019304,5,0.6923076923076923,259
7.142857142857143,2,0.0,0,3.5714285714285716,1,3.5714285714285716,1,0.0,0,0.0,0,0.0,0,0.0,0,0.0,28,3.7815126050420167,9,0.0,0,1.680672268907563,4,2.100840336134454,5,0.42016806722689076,1,4.621848739495798,11,0.8403361344537815,2,0.42016806722689076,1,0.7,238
0.0,0,0.0,0,0.0,0,0.0,0,0.0,0,2.1739130434782608,1,2.1739130434782608,1,0.0,0,0.3333333333333333,46,3.111111111111111,7,0.0,0,2.2222222222222223,5,0.8888888888888888,2,0.4444444444444444,1,3.111111111111111,7,0.0,0,0.8888888888888888,2,0.5454545454545454,225
1.0309278350515463,1,0.0,0,1.0309278350515463,1,0.0,0,1.0309278350515463,1,4.123711340206185,4,0.0,0,1.0309278350515463,1,0.75,97,3.8793103448275863,9,0.0,0,3.0172413793103448,7,0.8620689655172413,2,1.293103448275862,3,4.741379310344827,11,0.43103448275862066,1,2.1551724137931036,5,0.5714285714285714,232
2.73972602739726,2,0.0,0,2.73972602739726,2,0.0,0,0.0,0,1.36986301369863,1,0.0,0,1.36986301369863,1,0.25,73,2.8846153846153846,6,0.0,0,1.9230769230769231,4,0.9615384615384616,2,0.4807692307692308,1,4.326923076923077,9,0.0,0,0.0,0,0.8888888888888888,208
0.0,0,0.0,0,0.0,0,0.0,0,0.0,0,0.0,0,4.545454545454546,1,0.0,0,0.0,22,3.4364261168384878,10,0.3436426116838488,1,1.7182130584192439,5,1.3745704467353952,4,1.0309278350515463,3,4.4673539518900345,13,0.0,0,0.6872852233676976,2,0.625,291
8.333333333333334,1,0.0,0,8.333333333333334,1,0.0,0,0.0,0,0.0,0,0.0,0,8.333333333333334,1,0.0,12,2.242152466367713,5,0.0,0,1.345291479820628,3,0.8968609865470852,2,0.4484304932735426,1,3.587443946188341,8,0.4484304932735426,1,1.345291479820628,3,0.5833333333333334,223
12.5,1,0.0,0,12.5,1,0.0,0,0.0,0,0.0,0,0.0,0,12.5,1,0.0,8,3.252032520325203,8,0.0,0,2.032520325203252,5,1.2195121951219512,3,0.8130081300813008,2,3.658536585365854,9,0.0,0,0.0,0,0.4666666666666667,246
0.6993006993006993,1,0.0,0,0.6993006993006993,1,0.0,0,0.0,0,2.797202797202797,4,0.0,0,0.6993006993006993,1,0.36363636363636365,143,2.5179856115107913,7,0.3597122302158273,1,1.4388489208633093,4,0.7194244604316546,2,1.4388489208633093,4,4.316546762589928,12,0.0,0,0.7194244604316546,2,0.5625,278
3.9215686274509802,2,0.0,0,1.9607843137254901,1,1.9607843137254901,1,1.9607843137254901,1,3.9215686274509802,2,0.0,0,1.9607843137254901,1,0.3333333333333333,51,1.7094017094017093,4,0.0,0,0.42735042735042733,1,1.2820512820512822,3,0.42735042735042733,1,5.982905982905983,14,0.0,0,0.0,0,0.5384615384615384,234
0.0,0,0.0,0,0.0,0,0.0,0,0.0,0,0.0,0,0.0,0,0.0,0,0.0,7,8.333333333333334,5,0.0,0,1.6666666666666667,1,6.666666666666667,4,0.0,0,0.0,0,0.0,0,1.6666666666666667,1,0.0,60
0.0,0,0.0,0,0.0,0,0.0,0,0.0,0,0.0,0,0.0,0,0.0,0,0.0,8,5.660377358490566,3,0.0,0,0.0,0,5.660377358490566,3,0.0,0,0.0,0,0.0,0,1.8867924528301887,1,0.0,53
0.0,0,0.0,0,0.0,0,0.0,0,0.0,0,0.0,0,0.0,0,0.0,0,0.0,5,3.076923076923077,2,0.0,0,0.0,0,3.076923076923077,2,1.5384615384615385,1,0.0,0,0.0,0,3.076923076923077,2,0.0,65
14.285714285714286,1,0.0,0,0.0,0,14.285714285714286,1,0.0,0,0.0,0,0.0,0,0.0,0,0.0,7,5.47945205479452,4,0.0,0,1.36986301369863,1,4.109589041095891,3,1.36986301369863,1,0.0,0,0.0,0,2.73972602739726,2,0.0,73
0.0,0,0.0,0,0.0,0,0.0,0,0.0,0,0.0,0,0.0,0,0.0,0,0.0,7,7.792207792207792,6,0.0,0,1.2987012987012987,1,6.4935064935064934,5,0.0,0,0.0,0,0.0,0,3.896103896103896,3,0.0,77
0.0,0,0.0,0,0.0,0,0.0,0,5.882352941176471,1,0.0,0,0.0,0,0.0,0,0.0,17,6.557377049180328,4,0.0,0,0.0,0,6.557377049180328,4,0.0,0,0.0,0,0.0,0,3.278688524590164,2,0.0,61
0.0,0,0.0,0,0.0,0,0.0,0,0.0,0,0.0,0,0.0,0,0.0,0,0.0,14,4.918032786885246,3,0.0,0,0.0,0,4.918032786885246,3,0.0,0,0.0,0,0.0,0,1.639344262295082,1,0.0,61
2.484472049689441,4,0.0,0,1.8633540372670807,3,0.6211180124223602,1,0.6211180124223602,1,0.0,0,0.6211180124223602,1,1.2422360248447204,2,0.0,161,6.4935064935064934,5,0.0,0,2.5974025974025974,2,3.896103896103896,3,0.0,0,0.0,0,0.0,0,5.194805194805195,4,0.0,77
0.0,0,0.0,0,0.0,0,0.0,0,0.0,0,0.0,0,11.11111111111111,1,0.0,0,0.0,9,3.125,2,0.0,0,0.0,0,3.125,2,3.125,2,0.0,0,0.0,0,3.125,2,0.0,64
22.22222222222222,2,0.0,0,11.11111111111111,1,11.11111111111111,1,0.0,0,0.0,0,0.0,0,0.0,0,0.0,9,1.6666666666666667,1,0.0,0,0.0,0,1.6666666666666667,1,1.6666666666666667,1,0.0,0,0.0,0,1.6666666666666667,1,0.0,60
0.0,0,0.0,0,0.0,0,0.0,0,0.0,0,0.0,0,0.0,0,0.0,0,0.0,9,7.142857142857143,5,0.0,0,1.4285714285714286,1,5.714285714285714,4,0.0,0,0.0,0,1.4285714285714286,1,2.857142857142857,2,0.0,70
2.9411764705882355,1,0.0,0,2.9411764705882355,1,0.0,0,0.0,0,0.0,0,2.9411764705882355,1,0.0,0,0.0,34,3.9473684210526314,3,0.0,0,0.0,0,3.9473684210526314,3,0.0,0,0.0,0,0.0,0,2.6315789473684212,2,0.0,76
2.2222222222222223,1,0.0,0,0.0,0,2.2222222222222223,1,0.0,0,0.0,0,0.0,0,0.0,0,0.0,45,2.272727272727273,1,0.0,0,2.272727272727273,1,0.0,0,0.0,0,0.0,0,0.0,0,4.545454545454546,2,0.0,44
0.0,0,0.0,0,0.0,0,0.0,0,0.0,0,100.0,1,0.0,0,0.0,0,1.0,1,6.122448979591836,3,0.0,0,2.0408163265306123,1,4.081632653061225,2,0.0,0,0.0,0,0.0,0,6.122448979591836,3,0.0,49
0.0,0,0.0,0,0.0,0,0.0,0,0.0,0,0.0,0,0.0,0,0.0,0,0.0,1,4.761904761904762,3,0.0,0,0.0,0,4.761904761904762,3,3.1746031746031744,2,0.0,0,0.0,0,1.5873015873015872,1,0.0,63
2.857142857142857,1,0.0,0,0.0,0,2.857142857142857,1,0.0,0,2.857142857142857,1,0.0,0,2.857142857142857,1,1.0,35,7.575757575757576,5,0.0,0,0.0,0,7.575757575757576,5,0.0,0,0.0,0,0.0,0,1.5151515151515151,1,0.0,66
1.1111111111111112,1,0.0,0,0.0,0,1.1111111111111112,1,1.1111111111111112,1,1.1111111111111112,1,2.2222222222222223,2,0.0,0,0.25,90,4.285714285714286,3,0.0,0,0.0,0,4.285714285714286,3,2.857142857142857,2,0.0,0,0.0,0,1.4285714285714286,1,0.0,70
2.0408163265306123,1,0.0,0,0.0,0,2.0408163265306123,1,0.0,0,2.0408163265306123,1,0.0,0,0.0,0,0.5,49,2.4691358024691357,2,0.0,0,0.0,0,2.4691358024691357,2,1.2345679012345678,1,0.0,0,0.0,0,3.7037037037037037,3,0.0,81
5.0,1,0.0,0,0.0,0,5.0,1,0.0,0,10.0,2,0.0,0,0.0,0,0.3333333333333333,20,3.5714285714285716,3,0.0,0,1.1904761904761905,1,2.380952380952381,2,0.0,0,0.0,0,0.0,0,4.761904761904762,4,0.0,84
0.0,0,0.0,0,0.0,0,0.0,0,0.0,0,10.0,1,0.0,0,0.0,0,1.0,10,4.615384615384615,3,0.0,0,0.0,0,4.615384615384615,3,0.0,0,0.0,0,0.0,0,1.5384615384615385,1,0.0,65
2.2831050228310503,5,0.0,0,1.36986301369863,3,0.91324200913242,2,0.45662100456621,1,3.1963470319634704,7,0.0,0,0.45662100456621,1,0.3125,219,5.555555555555555,3,0.0,0,3.7037037037037037,2,1.8518518518518519,1,0.0,0,0.0,0,0.0,0,5.555555555555555,3,0.0,54
0.0,0,0.0,0,0.0,0,0.0,0,0.0,0,20.0,1,0.0,0,0.0,0,0.5,5,7.936507936507937,5,0.0,0,0.0,0,7.936507936507937,5,0.0,0,0.0,0,0.0,0,0.0,0,0.0,63
0.0,0,0.0,0,0.0,0,0.0,0,0.0,0,0.0,0,0.0,0,0.0,0,0.0,5,4.285714285714286,3,0.0,0,0.0,0,4.285714285714286,3,1.4285714285714286,1,0.0,0,0.0,0,1.4285714285714286,1,0.0,70
0.0,0,0.0,0,0.0,0,0.0,0,0.0,0,0.0,0,0.0,0,0.0,0,0.0,1,6.451612903225806,4,0.0,0,1.6129032258064515,1,4.838709677419355,3,0.0,0,0.0,0,0.0,0,1.6129032258064515,1,0.0,62
0.0,0,0.0,0,0.0,0,0.0,0,0.0,0,0.0,0,0.0,0,0.0,0,0.0,2,5.714285714285714,4,0.0,0,1.4285714285714286,1,4.285714285714286,3,1.4285714285714286,1,1.4285714285714286,1,0.0,0,4.285714285714286,3,0.3333333333333333,70
0.0,0,0.0,0,0.0,0,0.0,0,0.0,0,0.0,0,0.0,0,0.0,0,0.0,25,7.575757575757576,5,0.0,0,1.5151515151515151,1,6.0606060606060606,4,0.0,0,0.0,0,0.0,0,6.0606060606060606,4,0.0,66
0.0,0,0.0,0,0.0,0,0.0,0,0.0,0,0.0,0,0.0,0,0.0,0,0.0,4,4.0,3,0.0,0,0.0,0,4.0,3,0.0,0,0.0,0,0.0,0,2.6666666666666665,2,0.0,75
0.0,0,0.0,0,0.0,0,0.0,0,0.0,0,0.0,0,0.0,0,0.0,0,0.0,3,8.19672131147541,5,0.0,0,0.0,0,8.19672131147541,5,0.0,0,0.0,0,0.0,0,1.639344262295082,1,0.0,61
14.285714285714286,1,0.0,0,14.285714285714286,1,0.0,0,0.0,0,0.0,0,0.0,0,14.285714285714286,1,0.0,7,4.545454545454546,3,0.0,0,0.0,0,4.545454545454546,3,1.5151515151515151,1,0.0,0,1.5151515151515151,1,1.5151515151515151,1,0.0,66
0.0,0,0.0,0,0.0,0,0.0,0,0.0,0,11.11111111111111,1,0.0,0,11.11111111111111,1,0.5,9,6.896551724137931,4,0.0,0,1.7241379310344827,1,5.172413793103448,3,0.0,0,0.0,0,0.0,0,1.7241379310344827,1,0.0,58
2.0408163265306123,1,0.0,0,0.0,0,2.0408163265306123,1,0.0,0,2.0408163265306123,1,0.0,0,0.0,0,0.5,49,4.1450777202072535,8,0.0,0,2.0725388601036268,4,2.0725388601036268,4,0.5181347150259067,1,1.5544041450777202,3,0.0,0,0.5181347150259067,1,0.42857142857142855,193
12.307692307692308,8,0.0,0,9.23076923076923,6,3.076923076923077,2,0.0,0,4.615384615384615,3,4.615384615384615,3,3.076923076923077,2,0.5,65,4.026845637583893,6,0.0,0,3.3557046979865772,5,0.6711409395973155,1,0.6711409395973155,1,2.0134228187919465,3,0.6711409395973155,1,0.6711409395973155,1,0.42857142857142855,149
8.333333333333334,1,0.0,0,8.333333333333334,1,0.0,0,0.0,0,0.0,0,0.0,0,0.0,0,0.0,12,4.18848167539267,8,0.0,0,2.094240837696335,4,2.094240837696335,4,0.0,0,2.094240837696335,4,0.0,0,1.0471204188481675,2,0.3333333333333333,191
4.25531914893617,2,0.0,0,4.25531914893617,2,0.0,0,2.127659574468085,1,2.127659574468085,1,0.0,0,4.25531914893617,2,0.5,47,5.681818181818182,10,0.0,0,2.840909090909091,5,2.840909090909091,5,0.5681818181818182,1,2.272727272727273,4,0.0,0,1.7045454545454546,3,0.42857142857142855,176
4.444444444444445,2,0.0,0,4.444444444444445,2,0.0,0,0.0,0,0.0,0,0.0,0,0.0,0,0.0,45,4.371584699453552,8,0.0,0,1.639344262295082,3,2.73224043715847,5,0.0,0,1.639344262295082,3,0.546448087431694,1,1.639344262295082,3,0.375,183
0.0,0,0.0,0,0.0,0,0.0,0,0.0,0,11.11111111111111,1,0.0,0,0.0,0,1.0,9,3.314917127071823,6,0.0,0,1.1049723756906078,2,2.2099447513812156,4,1.1049723756906078,2,2.2099447513812156,4,0.0,0,0.5524861878453039,1,0.5,181
4.0,1,0.0,0,0.0,0,4.0,1,0.0,0,8.0,2,0.0,0,0.0,0,1.0,25,2.0,3,0.0,0,1.3333333333333333,2,0.6666666666666666,1,0.6666666666666666,1,1.3333333333333333,2,0.0,0,2.0,3,0.3333333333333333,150
4.149377593360996,10,0.0,0,2.904564315352697,7,1.2448132780082988,3,0.4149377593360996,1,2.904564315352697,7,0.4149377593360996,1,2.074688796680498,5,0.5454545454545454,241,3.9735099337748343,6,0.0,0,1.9867549668874172,3,1.9867549668874172,3,0.6622516556291391,1,1.3245033112582782,2,0.0,0,2.6490066225165565,4,0.4,151
5.813953488372093,5,0.0,0,2.3255813953488373,2,3.488372093023256,3,1.1627906976744187,1,1.1627906976744187,1,1.1627906976744187,1,3.488372093023256,3,0.3333333333333333,86,4.069767441860465,7,0.0,0,2.3255813953488373,4,1.744186046511628,3,1.1627906976744187,2,1.1627906976744187,2,0.0,0,1.744186046511628,3,0.2857142857142857,172
17.647058823529413,6,0.0,0,8.823529411764707,3,8.823529411764707,3,2.9411764705882355,1,2.9411764705882355,1,0.0,0,5.882352941176471,2,1.0,34,2.7027027027027026,5,0.0,0,1.6216216216216217,3,1.0810810810810811,2,0.5405405405405406,1,0.5405405405405406,1,0.0,0,1.6216216216216217,3,0.1111111111111111,185
7.352941176470588,5,0.0,0,2.9411764705882355,2,4.411764705882353,3,0.0,0,0.0,0,0.0,0,1.4705882352941178,1,0.0,68,5.9523809523809526,10,0.0,0,1.7857142857142858,3,4.166666666666667,7,1.1904761904761905,2,1.1904761904761905,2,0.0,0,1.1904761904761905,2,0.2857142857142857,168
2.6315789473684212,1,0.0,0,2.6315789473684212,1,0.0,0,0.0,0,5.2631578947368425,2,0.0,0,0.0,0,1.0,38,2.5641025641025643,5,0.0,0,1.5384615384615385,3,1.0256410256410255,2,1.0256410256410255,2,3.076923076923077,6,0.0,0,2.051282051282051,4,0.5,195
4.17910447761194,14,0.29850746268656714,1,2.08955223880597,7,1.791044776119403,6,0.5970149253731343,2,2.6865671641791047,9,0.29850746268656714,1,0.5970149253731343,2,0.3,335,6.832298136645963,11,0.0,0,3.1055900621118013,5,3.7267080745341614,6,1.8633540372670807,3,1.8633540372670807,3,0.0,0,0.0,0,0.3333333333333333,161
2.684563758389262,4,0.0,0,2.684563758389262,4,0.0,0,0.0,0,1.342281879194631,2,0.6711409395973155,1,2.0134228187919465,3,0.25,149,5.47945205479452,8,0.0,0,2.73972602739726,4,2.73972602739726,4,2.0547945205479454,3,2.0547945205479454,3,0.0,0,1.36986301369863,2,0.375,146
0.0,0,0.0,0,0.0,0,0.0,0,0.0,0,0.0,0,0.0,0,0.0,0,0.0,17,3.8461538461538463,6,0.0,0,1.2820512820512822,2,2.5641025641025643,4,1.2820512820512822,2,1.9230769230769231,3,0.0,0,0.6410256410256411,1,0.3333333333333333,156
7.936507936507937,5,0.0,0,4.761904761904762,3,3.1746031746031744,2,3.1746031746031744,2,0.0,0,0.0,0,1.5873015873015872,1,0.0,63,2.4193548387096775,3,0.0,0,1.6129032258064515,2,0.8064516129032258,1,0.8064516129032258,1,2.4193548387096775,3,0.0,0,0.8064516129032258,1,0.6,124
6.097560975609756,5,0.0,0,6.097560975609756,5,0.0,0,1.2195121951219512,1,4.878048780487805,4,1.2195121951219512,1,3.658536585365854,3,0.8,82,2.926829268292683,6,0.0,0,2.926829268292683,6,0.0,0,0.975609756097561,2,3.902439024390244,8,0.975609756097561,2,0.975609756097561,2,0.5454545454545454,205
4.0,6,0.0,0,4.0,6,0.0,0,1.3333333333333333,2,4.0,6,2.0,3,2.6666666666666665,4,0.5714285714285714,150,3.409090909090909,6,0.0,0,2.840909090909091,5,0.5681818181818182,1,0.5681818181818182,1,2.272727272727273,4,0.0,0,2.272727272727273,4,0.3333333333333333,176
2.7777777777777777,2,0.0,0,1.3888888888888888,1,1.3888888888888888,1,0.0,0,1.3888888888888888,1,0.0,0,0.0,0,0.2,72,2.183406113537118,5,0.0,0,1.7467248908296944,4,0.4366812227074236,1,0.0,0,4.366812227074236,10,0.4366812227074236,1,0.8733624454148472,2,0.46153846153846156,229
4.166666666666667,2,0.0,0,2.0833333333333335,1,2.0833333333333335,1,0.0,0,6.25,3,0.0,0,0.0,0,0.42857142857142855,48,3.8793103448275863,9,0.0,0,2.1551724137931036,5,1.7241379310344827,4,0.0,0,3.0172413793103448,7,0.0,0,1.293103448275862,3,0.5833333333333334,232
4.123711340206185,4,0.0,0,4.123711340206185,4,0.0,0,0.0,0,3.0927835051546393,3,0.0,0,2.0618556701030926,2,0.2222222222222222,97,3.0172413793103448,7,0.0,0,1.7241379310344827,4,1.293103448275862,3,1.293103448275862,3,2.586206896551724,6,0.0,0,1.293103448275862,3,0.23529411764705882,232
2.6315789473684212,2,0.0,0,2.6315789473684212,2,0.0,0,0.0,0,1.3157894736842106,1,1.3157894736842106,1,0.0,0,0.16666666666666666,76,3.8043478260869565,7,0.0,0,2.717391304347826,5,1.0869565217391304,2,0.0,0,3.8043478260869565,7,0.5434782608695652,1,0.5434782608695652,1,0.5,184
1.1764705882352942,1,0.0,0,1.1764705882352942,1,0.0,0,3.5294117647058822,3,1.1764705882352942,1,1.1764705882352942,1,0.0,0,0.16666666666666666,85,5.714285714285714,12,0.0,0,4.285714285714286,9,1.4285714285714286,3,1.4285714285714286,3,2.857142857142857,6,0.0,0,1.4285714285714286,3,0.45454545454545453,210
2.857142857142857,3,0.0,0,1.9047619047619047,2,0.9523809523809523,1,0.0,0,1.9047619047619047,2,0.9523809523809523,1,1.9047619047619047,2,0.25,105,2.1459227467811157,5,0.0,0,0.8583690987124464,2,1.2875536480686696,3,1.2875536480686696,3,3.004291845493562,7,0.0,0,0.0,0,0.5,233
0.0,0,0.0,0,0.0,0,0.0,0,0.0,0,0.0,0,0.0,0,0.0,0,0.0,5,2.5,5,0.0,0,1.5,3,1.0,2,1.5,3,3.5,7,0.0,0,0.5,1,0.5454545454545454,200
5.714285714285714,8,0.0,0,5.0,7,0.7142857142857143,1,0.7142857142857143,1,5.714285714285714,8,0.0,0,1.4285714285714286,2,0.2727272727272727,140,5.238095238095238,11,0.0,0,2.380952380952381,5,2.857142857142857,6,0.9523809523809523,2,4.761904761904762,10,0.47619047619047616,1,1.4285714285714286,3,0.875,210
0.0,0,0.0,0,0.0,0,0.0,0,1.639344262295082,1,3.278688524590164,2,0.0,0,0.0,0,0.6666666666666666,61,1.7167381974248928,4,0.0,0,0.4291845493562232,1,1.2875536480686696,3,0.4291845493562232,1,2.575107296137339,6,0.0,0,0.8583690987124464,2,0.3125,233
3.389830508474576,2,0.0,0,1.694915254237288,1,1.694915254237288,1,0.0,0,1.694915254237288,1,0.0,0,3.389830508474576,2,0.25,59,3.4782608695652173,8,0.0,0,2.608695652173913,6,0.8695652173913043,2,0.43478260869565216,1,2.608695652173913,6,0.0,0,1.7391304347826086,4,0.4166666666666667,230
2.608695652173913,3,0.0,0,1.7391304347826086,2,0.8695652173913043,1,0.8695652173913043,1,2.608695652173913,3,0.0,0,2.608695652173913,3,0.3333333333333333,115,2.7027027027027026,6,0.0,0,2.2522522522522523,5,0.45045045045045046,1,0.45045045045045046,1,2.7027027027027026,6,0.0,0,1.3513513513513513,3,0.3076923076923077,222
1.6666666666666667,2,0.0,0,0.0,0,1.6666666666666667,2,0.8333333333333334,1,4.166666666666667,5,0.0,0,0.8333333333333334,1,0.8,120,2.857142857142857,5,0.0,0,1.1428571428571428,2,1.7142857142857142,3,1.1428571428571428,2,3.4285714285714284,6,0.0,0,0.5714285714285714,1,0.5,175
0.0,0,0.0,0,0.0,0,0.0,0,0.0,0,3.5714285714285716,1,0.0,0,0.0,0,0.5,28,2.6041666666666665,5,0.0,0,1.5625,3,1.0416666666666667,2,0.0,0,2.6041666666666665,5,0.0,0,0.5208333333333334,1,0.5,192
5.555555555555555,3,0.0,0,3.7037037037037037,2,1.8518518518518519,1,0.0,0,5.555555555555555,3,0.0,0,5.555555555555555,3,1.0,54,2.5974025974025974,6,0.0,0,1.7316017316017316,4,0.8658008658008658,2,0.4329004329004329,1,4.329004329004329,10,0.0,0,0.4329004329004329,1,0.5384615384615384,231
2.912621359223301,3,0.0,0,2.912621359223301,3,0.0,0,0.970873786407767,1,0.970873786407767,1,0.0,0,0.970873786407767,1,0.16666666666666666,103,3.463203463203463,8,0.0,0,1.7316017316017316,4,1.7316017316017316,4,0.0,0,2.5974025974025974,6,0.0,0,0.4329004329004329,1,0.4166666666666667,231
5.511811023622047,7,0.0,0,3.937007874015748,5,1.5748031496062993,2,0.0,0,2.3622047244094486,3,0.7874015748031497,1,1.5748031496062993,2,0.2857142857142857,127,2.450980392156863,5,0.0,0,1.9607843137254901,4,0.49019607843137253,1,0.9803921568627451,2,1.9607843137254901,4,0.0,0,0.49019607843137253,1,0.25,204
0.0,0,0.0,0,0.0,0,0.0,0,0.0,0,0.0,0,4.761904761904762,1,0.0,0,0.0,21,3.061224489795918,6,0.0,0,2.0408163265306123,4,1.0204081632653061,2,0.5102040816326531,1,3.5714285714285716,7,0.0,0,1.530612244897959,3,0.5454545454545454,196
3.0303030303030303,1,0.0,0,3.0303030303030303,1,0.0,0,0.0,0,6.0606060606060606,2,0.0,0,0.0,0,0.25,33,3.3175355450236967,7,0.0,0,2.3696682464454977,5,0.9478672985781991,2,1.8957345971563981,4,2.3696682464454977,5,0.0,0,0.47393364928909953,1,0.38461538461538464,211
0.0,0,0.0,0,0.0,0,0.0,0,0.0,0,2.5641025641025643,2,1.2820512820512822,1,1.2820512820512822,1,0.25,78,3.723404255319149,7,0.0,0,2.6595744680851063,5,1.0638297872340425,2,1.5957446808510638,3,3.723404255319149,7,0.5319148936170213,1,1.5957446808510638,3,0.6,188
1.4492753623188406,1,0.0,0,1.4492753623188406,1,0.0,0,0.0,0,2.898550724637681,2,0.0,0,0.0,0,0.2857142857142857,69,1.2578616352201257,2,0.0,0,1.2578616352201257,2,0.0,0,0.6289308176100629,1,2.5157232704402515,4,0.0,0,0.6289308176100629,1,0.25,159
12.903225806451612,8,0.0,0,11.290322580645162,7,1.6129032258064515,1,0.0,0,1.6129032258064515,1,1.6129032258064515,1,3.225806451612903,2,0.2,62,2.575107296137339,6,0.0,0,2.1459227467811157,5,0.4291845493562232,1,0.0,0,2.575107296137339,6,0.4291845493562232,1,0.0,0,0.4166666666666667,233
3.4482758620689653,1,0.0,0,0.0,0,3.4482758620689653,1,0.0,0,0.0,0,0.0,0,0.0,0,0.0,29,4.97737556561086,11,0.0,0,2.7149321266968327,6,2.262443438914027,5,0.9049773755656109,2,3.167420814479638,7,0.45248868778280543,1,1.3574660633484164,3,0.45454545454545453,221
5.555555555555555,1,0.0,0,0.0,0,5.555555555555555,1,5.555555555555555,1,0.0,0,0.0,0,0.0,0,0.0,18,3.1531531531531534,7,0.0,0,2.2522522522522523,5,0.9009009009009009,2,0.0,0,2.2522522522522523,5,0.9009009009009009,2,1.8018018018018018,4,0.5555555555555556,222
7.2727272727272725,4,0.0,0,5.454545454545454,3,1.8181818181818181,1,1.8181818181818181,1,0.0,0,1.8181818181818181,1,1.8181818181818181,1,0.0,55,3.1446540880503147,5,0.0,0,1.8867924528301887,3,1.2578616352201257,2,1.2578616352201257,2,3.1446540880503147,5,0.0,0,0.6289308176100629,1,0.5,159
1.941747572815534,4,0.0,0,1.941747572815534,4,0.0,0,0.4854368932038835,1,3.3980582524271843,7,0.4854368932038835,1,1.4563106796116505,3,0.5454545454545454,206,2.5641025641025643,5,0.0,0,2.051282051282051,4,0.5128205128205128,1,1.0256410256410255,2,3.076923076923077,6,0.0,0,0.5128205128205128,1,0.5,195
0.0,0,0.0,0,0.0,0,0.0,0,0.0,0,0.0,0,0.0,0,0.0,0,0.0,8,2.242152466367713,5,0.0,0,1.7937219730941705,4,0.4484304932735426,1,0.4484304932735426,1,4.0358744394618835,9,0.0,0,0.8968609865470852,2,0.5,223
0.0,0,0.0,0,0.0,0,0.0,0,0.0,0,0.0,0,0.0,0,7.142857142857143,1,0.0,14,3.3333333333333335,7,0.0,0,2.380952380952381,5,0.9523809523809523,2,0.47619047619047616,1,3.3333333333333335,7,0.0,0,1.4285714285714286,3,0.4,210
2.717391304347826,5,0.0,0,2.717391304347826,5,0.0,0,1.6304347826086956,3,2.1739130434782608,4,0.5434782608695652,1,0.5434782608695652,1,0.3333333333333333,184,3.3333333333333335,8,0.0,0,2.5,6,0.8333333333333334,2,1.6666666666666667,4,2.5,6,0.0,0,0.4166666666666667,1,0.5555555555555556,240
0.0,0,0.0,0,0.0,0,0.0,0,0.0,0,0.0,0,0.0,0,0.0,0,0.0,15,8.823529411764707,6,0.0,0,2.9411764705882355,2,5.882352941176471,4,0.0,0,2.9411764705882355,2,1.4705882352941178,1,1.4705882352941178,1,0.5,68
5.882352941176471,1,0.0,0,5.882352941176471,1,0.0,0,0.0,0,0.0,0,5.882352941176471,1,0.0,0,0.0,17,7.575757575757576,5,0.0,0,3.0303030303030303,2,4.545454545454546,3,0.0,0,1.5151515151515151,1,1.5151515151515151,1,1.5151515151515151,1,0.25,66
0.0,0,0.0,0,0.0,0,0.0,0,7.142857142857143,1,7.142857142857143,1,0.0,0,0.0,0,0.5,14,4.6875,3,0.0,0,3.125,2,1.5625,1,3.125,2,0.0,0,1.5625,1,0.0,0,0.0,64
0.0,0,0.0,0,0.0,0,0.0,0,0.0,0,0.0,0,0.0,0,0.0,0,0.0,3,4.761904761904762,3,0.0,0,3.1746031746031744,2,1.5873015873015872,1,0.0,0,0.0,0,1.5873015873015872,1,0.0,0,0.0,63
0.0,0,0.0,0,0.0,0,0.0,0,0.0,0,0.0,0,0.0,0,0.0,0,0.0,3,7.547169811320755,4,0.0,0,3.7735849056603774,2,3.7735849056603774,2,1.8867924528301887,1,0.0,0,1.8867924528301887,1,0.0,0,0.0,53
2.6315789473684212,1,0.0,0,0.0,0,2.6315789473684212,1,2.6315789473684212,1,0.0,0,0.0,0,0.0,0,0.0,38,7.936507936507937,5,0.0,0,4.761904761904762,3,3.1746031746031744,2,0.0,0,1.5873015873015872,1,1.5873015873015872,1,0.0,0,0.3333333333333333,63
0.0,0,0.0,0,0.0,0,0.0,0,0.0,0,0.0,0,0.0,0,0.0,0,0.0,3,8.928571428571429,5,0.0,0,5.357142857142857,3,3.5714285714285716,2,0.0,0,1.7857142857142858,1,1.7857142857142858,1,0.0,0,0.16666666666666666,56
0.0,0,0.0,0,0.0,0,0.0,0,0.0,0,0.0,0,0.0,0,0.0,0,0.0,23,8.571428571428571,6,0.0,0,5.714285714285714,4,2.857142857142857,2,0.0,0,1.4285714285714286,1,2.857142857142857,2,0.0,0,0.3333333333333333,70
0.0,0,0.0,0,0.0,0,0.0,0,0.0,0,5.2631578947368425,1,0.0,0,0.0,0,1.0,19,6.818181818181818,6,0.0,0,5.681818181818182,5,1.1363636363636365,1,0.0,0,1.1363636363636365,1,1.1363636363636365,1,0.0,0,0.25,88
7.6923076923076925,4,0.0,0,7.6923076923076925,4,0.0,0,0.0,0,3.8461538461538463,2,1.9230769230769231,1,0.0,0,0.3333333333333333,52,6.25,5,0.0,0,3.75,3,2.5,2,0.0,0,1.25,1,1.25,1,0.0,0,0.3333333333333333,80
0.0,0,0.0,0,0.0,0,0.0,0,0.0,0,0.0,0,0.0,0,0.0,0,0.0,18,5.194805194805195,4,0.0,0,3.896103896103896,3,1.2987012987012987,1,0.0,0,2.5974025974025974,2,1.2987012987012987,1,0.0,0,0.5,77
2.73972602739726,2,0.0,0,1.36986301369863,1,1.36986301369863,1,0.0,0,1.36986301369863,1,0.0,0,1.36986301369863,1,0.25,73,9.803921568627452,5,0.0,0,5.882352941176471,3,3.9215686274509802,2,0.0,0,1.9607843137254901,1,1.9607843137254901,1,0.0,0,0.25,51
3.5714285714285716,2,1.7857142857142858,1,1.7857142857142858,1,0.0,0,0.0,0,1.7857142857142858,1,1.7857142857142858,1,0.0,0,1.0,56,3.888888888888889,7,0.0,0,2.2222222222222223,4,1.6666666666666667,3,0.0,0,2.7777777777777777,5,0.0,0,0.5555555555555556,1,0.2857142857142857,180
4.0,1,0.0,0,4.0,1,0.0,0,4.0,1,4.0,1,0.0,0,0.0,0,0.25,25,5.454545454545454,12,0.45454545454545453,1,2.272727272727273,5,2.727272727272727,6,0.45454545454545453,1,1.8181818181818181,4,0.0,0,0.45454545454545453,1,0.3,220
4.225352112676056,3,0.0,0,2.816901408450704,2,1.408450704225352,1,0.0,0,2.816901408450704,2,1.408450704225352,1,1.408450704225352,1,0.3333333333333333,71,2.7624309392265194,5,0.0,0,1.1049723756906078,2,1.6574585635359116,3,0.5524861878453039,1,2.7624309392265194,5,0.0,0,0.5524861878453039,1,0.4,181
0.0,0,0.0,0,0.0,0,0.0,0,0.0,0,0.0,0,0.0,0,0.0,0,0.0,8,3.673469387755102,9,0.40816326530612246,1,1.6326530612244898,4,1.6326530612244898,4,0.40816326530612246,1,2.857142857142857,7,0.0,0,0.40816326530612246,1,0.5,245
0.0,0,0.0,0,0.0,0,0.0,0,3.8461538461538463,1,3.8461538461538463,1,0.0,0,0.0,0,0.5,26,3.7914691943127963,8,0.0,0,1.8957345971563981,4,1.8957345971563981,4,0.0,0,2.843601895734597,6,0.0,0,1.4218009478672986,3,0.5,211
0.0,0,0.0,0,0.0,0,0.0,0,0.0,0,0.0,0,0.0,0,0.0,0,0.0,21,5.963302752293578,13,0.45871559633027525,1,3.2110091743119265,7,2.293577981651376,5,0.0,0,0.9174311926605505,2,0.0,0,2.293577981651376,5,0.16666666666666666,218
3.9215686274509802,2,0.0,0,3.9215686274509802,2,0.0,0,0.0,0,5.882352941176471,3,0.0,0,1.9607843137254901,1,0.3333333333333333,51,5.9171597633136095,10,0.591715976331361,1,2.366863905325444,4,2.9585798816568047,5,0.591715976331361,1,1.7751479289940828,3,0.0,0,1.183431952662722,2,0.3,169
3.8461538461538463,2,0.0,0,1.9230769230769231,1,1.9230769230769231,1,1.9230769230769231,1,3.8461538461538463,2,0.0,0,1.9230769230769231,1,0.3333333333333333,52,2.955665024630542,6,0.0,0,0.9852216748768473,2,1.9704433497536946,4,0.9852216748768473,2,4.926108374384237,10,0.49261083743842365,1,0.9852216748768473,2,0.6363636363636364,203
10.416666666666666,5,0.0,0,8.333333333333334,4,2.0833333333333335,1,0.0,0,4.166666666666667,2,0.0,0,6.25,3,0.6666666666666666,48,4.3478260869565215,9,0.4830917874396135,1,2.4154589371980677,5,1.4492753623188406,3,0.0,0,3.3816425120772946,7,0.0,0,1.932367149758454,4,0.5384615384615384,207
8.771929824561404,5,0.0,0,8.771929824561404,5,0.0,0,0.0,0,5.2631578947368425,3,3.508771929824561,2,0.0,0,0.6,57,4.0,8,0.0,0,3.0,6,1.0,2,0.0,0,1.5,3,0.5,1,0.5,1,0.23076923076923078,200
5.797101449275362,4,0.0,0,2.898550724637681,2,2.898550724637681,2,1.4492753623188406,1,1.4492753623188406,1,0.0,0,2.898550724637681,2,0.16666666666666666,69,4.186046511627907,9,0.46511627906976744,1,2.3255813953488373,5,1.3953488372093024,3,0.0,0,3.7209302325581395,8,0.46511627906976744,1,0.0,0,0.5555555555555556,215
0.0,0,0.0,0,0.0,0,0.0,0,0.0,0,0.0,0,0.0,0,0.0,0,0.0,6,2.5139664804469275,9,0.27932960893854747,1,1.1173184357541899,4,1.1173184357541899,4,0.8379888268156425,3,0.8379888268156425,3,0.0,0,0.5586592178770949,2,0.15,358
3.5714285714285716,1,0.0,0,3.5714285714285716,1,0.0,0,0.0,0,0.0,0,0.0,0,0.0,0,0.0,28,1.3245033112582782,4,0.0,0,0.9933774834437086,3,0.33112582781456956,1,0.33112582781456956,1,0.33112582781456956,1,0.0,0,0.33112582781456956,1,0.05,302
14.285714285714286,2,0.0,0,0.0,0,14.285714285714286,2,0.0,0,0.0,0,0.0,0,7.142857142857143,1,0.0,14,4.878048780487805,18,0.27100271002710025,1,3.252032520325203,12,1.3550135501355014,5,0.8130081300813008,3,1.6260162601626016,6,0.27100271002710025,1,0.8130081300813008,3,0.20833333333333334,369
2.0,1,0.0,0,2.0,1,0.0,0,0.0,0,2.0,1,0.0,0,0.0,0,1.0,50,2.5839793281653747,10,0.0,0,2.0671834625322996,8,0.5167958656330749,2,1.0335917312661498,4,2.0671834625322996,8,0.25839793281653745,1,0.7751937984496124,3,0.25925925925925924,387
2.7777777777777777,1,0.0,0,0.0,0,2.7777777777777777,1,0.0,0,2.7777777777777777,1,0.0,0,5.555555555555555,2,0.3333333333333333,36,3.143418467583497,16,0.19646365422396855,1,1.768172888015717,9,1.1787819253438114,6,0.3929273084479371,2,0.7858546168958742,4,0.5893909626719057,3,0.9823182711198428,5,0.1,509
7.6923076923076925,3,0.0,0,7.6923076923076925,3,0.0,0,2.5641025641025643,1,2.5641025641025643,1,5.128205128205129,2,0.0,0,0.5,39,3.007518796992481,12,0.2506265664160401,1,1.2531328320802004,5,1.5037593984962405,6,1.0025062656641603,4,1.2531328320802004,5,0.5012531328320802,2,0.2506265664160401,1,0.23809523809523808,399
3.389830508474576,2,0.0,0,3.389830508474576,2,0.0,0,1.694915254237288,1,1.694915254237288,1,1.694915254237288,1,1.694915254237288,1,1.0,59,3.592814371257485,12,0.2994011976047904,1,1.7964071856287425,6,1.4970059880239521,5,1.1976047904191616,4,0.8982035928143712,3,0.0,0,0.5988023952095808,2,0.12,334
0.0,0,0.0,0,0.0,0,0.0,0,0.0,0,2.857142857142857,2,0.0,0,0.0,0,0.2222222222222222,70,2.558139534883721,11,0.23255813953488372,1,0.9302325581395349,4,1.3953488372093024,6,0.9302325581395349,4,1.8604651162790697,8,0.23255813953488372,1,0.0,0,0.25,430
2.9411764705882355,1,0.0,0,2.9411764705882355,1,0.0,0,0.0,0,2.9411764705882355,1,2.9411764705882355,1,0.0,0,0.25,34,1.7632241813602014,7,0.0,0,1.0075566750629723,4,0.7556675062972292,3,0.7556675062972292,3,1.5113350125944585,6,0.2518891687657431,1,0.5037783375314862,2,0.17647058823529413,397
6.818181818181818,3,0.0,0,2.272727272727273,1,4.545454545454546,2,2.272727272727273,1,2.272727272727273,1,2.272727272727273,1,0.0,0,0.3333333333333333,44,2.8938906752411575,9,0.3215434083601286,1,1.2861736334405145,4,1.2861736334405145,4,1.2861736334405145,4,1.607717041800643,5,0.6430868167202572,2,0.0,0,0.29411764705882354,311
4.166666666666667,1,0.0,0,4.166666666666667,1,0.0,0,0.0,0,4.166666666666667,1,4.166666666666667,1,0.0,0,0.5,24,3.2941176470588234,14,0.47058823529411764,2,1.8823529411764706,8,0.9411764705882353,4,0.9411764705882353,4,1.8823529411764706,8,0.47058823529411764,2,0.9411764705882353,4,0.2,425
14.285714285714286,2,0.0,0,7.142857142857143,1,7.142857142857143,1,0.0,0,0.0,0,0.0,0,7.142857142857143,1,0.0,14,4.8346055979643765,19,0.2544529262086514,1,2.2900763358778624,9,2.2900763358778624,9,0.7633587786259542,3,1.5267175572519085,6,0.5089058524173028,2,0.7633587786259542,3,0.1935483870967742,393
8.333333333333334,1,0.0,0,0.0,0,8.333333333333334,1,8.333333333333334,1,0.0,0,0.0,0,8.333333333333334,1,0.0,12,2.857142857142857,14,0.20408163265306123,1,1.2244897959183674,6,1.4285714285714286,7,0.40816326530612246,2,0.8163265306122449,4,0.40816326530612246,2,0.20408163265306123,1,0.08333333333333333,490
2.6315789473684212,1,0.0,0,2.6315789473684212,1,0.0,0,0.0,0,5.2631578947368425,2,2.6315789473684212,1,0.0,0,0.6666666666666666,38,2.1176470588235294,9,0.0,0,1.1764705882352942,5,0.9411764705882353,4,0.47058823529411764,2,1.1764705882352942,5,0.47058823529411764,2,0.47058823529411764,2,0.22727272727272727,425
0.0,0,0.0,0,0.0,0,0.0,0,50.0,1,0.0,0,0.0,0,0.0,0,0.0,2,2.255639097744361,3,0.0,0,0.7518796992481203,1,1.5037593984962405,2,0.7518796992481203,1,2.255639097744361,3,0.0,0,0.7518796992481203,1,0.3333333333333333,133
7.142857142857143,3,0.0,0,7.142857142857143,3,0.0,0,0.0,0,0.0,0,0.0,0,4.761904761904762,2,0.0,42,3.5714285714285716,6,0.0,0,2.380952380952381,4,1.1904761904761905,2,0.5952380952380952,1,2.380952380952381,4,0.0,0,1.7857142857142858,3,0.4444444444444444,168
0.0,0,0.0,0,0.0,0,0.0,0,0.0,0,2.6315789473684212,1,0.0,0,0.0,0,0.25,38,3.9603960396039604,8,0.49504950495049505,1,1.9801980198019802,4,1.4851485148514851,3,0.49504950495049505,1,1.4851485148514851,3,0.49504950495049505,1,0.49504950495049505,1,0.3,202
16.666666666666668,1,0.0,0,16.666666666666668,1,0.0,0,0.0,0,0.0,0,16.666666666666668,1,0.0,0,0.0,6,3.389830508474576,8,0.0,0,1.694915254237288,4,1.694915254237288,4,0.423728813559322,1,1.694915254237288,4,0.0,0,1.271186440677966,3,0.2222222222222222,236
9.090909090909092,1,0.0,0,9.090909090909092,1,0.0,0,0.0,0,0.0,0,0.0,0,9.090909090909092,1,0.0,11,4.489795918367347,11,0.40816326530612246,1,1.6326530612244898,4,2.4489795918367347,6,0.8163265306122449,2,1.6326530612244898,4,0.40816326530612246,1,0.8163265306122449,2,0.23529411764705882,245
5.714285714285714,2,0.0,0,2.857142857142857,1,2.857142857142857,1,0.0,0,0.0,0,0.0,0,0.0,0,0.0,35,3.5502958579881656,6,0.591715976331361,1,1.183431952662722,2,1.7751479289940828,3,1.183431952662722,2,2.366863905325444,4,0.0,0,0.0,0,0.6666666666666666,169
0.0,0,0.0,0,0.0,0,0.0,0,0.0,0,7.6923076923076925,1,0.0,0,0.0,0,1.0,13,1.8518518518518519,3,0.0,0,1.2345679012345678,2,0.6172839506172839,1,1.2345679012345678,2,1.2345679012345678,2,0.6172839506172839,1,1.2345679012345678,2,0.14285714285714285,162
4.761904761904762,2,0.0,0,4.761904761904762,2,0.0,0,0.0,0,7.142857142857143,3,4.761904761904762,2,0.0,0,1.0,42,2.808988764044944,5,0.5617977528089888,1,1.6853932584269662,3,0.5617977528089888,1,0.5617977528089888,1,3.3707865168539324,6,0.0,0,0.5617977528089888,1,0.4166666666666667,178
7.2727272727272725,4,0.0,0,5.454545454545454,3,1.8181818181818181,1,3.6363636363636362,2,0.0,0,5.454545454545454,3,0.0,0,0.0,55,6.25,11,1.1363636363636365,2,1.7045454545454546,3,3.409090909090909,6,0.5681818181818182,1,2.840909090909091,5,0.0,0,1.1363636363636365,2,0.4444444444444444,176
12.76595744680851,6,0.0,0,8.51063829787234,4,4.25531914893617,2,0.0,0,2.127659574468085,1,2.127659574468085,1,4.25531914893617,2,0.5,47,3.821656050955414,6,0.6369426751592356,1,1.2738853503184713,2,1.910828025477707,3,0.6369426751592356,1,2.5477707006369426,4,0.0,0,0.0,0,0.3,157
3.7037037037037037,1,0.0,0,3.7037037037037037,1,0.0,0,0.0,0,3.7037037037037037,1,3.7037037037037037,1,0.0,0,0.3333333333333333,27,3.508771929824561,6,0.0,0,1.1695906432748537,2,2.3391812865497075,4,0.5847953216374269,1,1.7543859649122806,3,0.0,0,1.1695906432748537,2,0.3,171
8.0,4,0.0,0,6.0,3,2.0,1,0.0,0,0.0,0,2.0,1,4.0,2,0.0,50,4.4692737430167595,8,0.0,0,1.675977653631285,3,2.793296089385475,5,1.1173184357541899,2,2.793296089385475,5,0.0,0,1.675977653631285,3,0.4,179
0.0,0,0.0,0,0.0,0,0.0,0,3.7037037037037037,1,0.0,0,3.7037037037037037,1,0.0,0,0.0,27,4.117647058823529,7,0.0,0,1.1764705882352942,2,2.9411764705882355,5,0.0,0,2.3529411764705883,4,0.0,0,0.5882352941176471,1,0.2222222222222222,170
5.882352941176471,1,0.0,0,5.882352941176471,1,0.0,0,0.0,0,0.0,0,11.764705882352942,2,0.0,0,0.0,17,2.7027027027027026,5,0.0,0,0.5405405405405406,1,2.1621621621621623,4,0.0,0,1.6216216216216217,3,0.0,0,1.0810810810810811,2,0.3333333333333333,185
7.070707070707071,7,0.0,0,5.05050505050505,5,2.0202020202020203,2,1.0101010101010102,1,4.040404040404041,4,1.0101010101010102,1,4.040404040404041,4,0.36363636363636365,99,4.624277456647399,8,0.0,0,2.3121387283236996,4,2.3121387283236996,4,0.5780346820809249,1,1.7341040462427746,3,0.0,0,1.1560693641618498,2,0.25,173
1.5384615384615385,1,0.0,0,0.0,0,1.5384615384615385,1,0.0,0,0.0,0,0.0,0,0.0,0,0.0,65,5.142857142857143,9,0.0,0,1.7142857142857142,3,3.4285714285714284,6,0.0,0,2.2857142857142856,4,0.0,0,2.2857142857142856,4,0.5,175
0.0,0,0.0,0,0.0,0,0.0,0,0.0,0,0.0,0,0.0,0,0.0,0,0.0,10,3.592814371257485,6,0.0,0,2.395209580838323,4,1.1976047904191616,2,0.5988023952095808,1,1.1976047904191616,2,0.0,0,2.395209580838323,4,0.2857142857142857,167
2.912621359223301,9,0.0,0,1.2944983818770226,4,1.6181229773462784,5,0.0,0,1.941747572815534,6,0.32362459546925565,1,0.6472491909385113,2,0.2857142857142857,309,5.405405405405405,8,0.0,0,1.3513513513513513,2,4.054054054054054,6,0.0,0,2.027027027027027,3,0.0,0,2.027027027027027,3,0.375,148
5.0,1,0.0,0,5.0,1,0.0,0,0.0,0,0.0,0,0.0,0,5.0,1,0.0,20,4.301075268817204,8,0.5376344086021505,1,3.225806451612903,6,0.5376344086021505,1,1.075268817204301,2,2.150537634408602,4,0.0,0,1.075268817204301,2,0.4,186
0.0,0,0.0,0,0.0,0,0.0,0,0.0,0,2.2222222222222223,1,0.0,0,0.0,0,0.3333333333333333,45,2.7472527472527473,5,0.0,0,1.6483516483516483,3,1.098901098901099,2,1.098901098901099,2,2.197802197802198,4,0.0,0,1.098901098901099,2,0.375,182
8.333333333333334,5,0.0,0,3.3333333333333335,2,5.0,3,1.6666666666666667,1,3.3333333333333335,2,0.0,0,1.6666666666666667,1,0.5,60,2.8368794326241136,4,0.0,0,2.127659574468085,3,0.7092198581560284,1,1.4184397163120568,2,2.127659574468085,3,0.0,0,1.4184397163120568,2,0.25,141
14.583333333333334,7,0.0,0,10.416666666666666,5,4.166666666666667,2,2.0833333333333335,1,2.0833333333333335,1,0.0,0,6.25,3,0.3333333333333333,48,4.430379746835443,7,0.6329113924050633,1,1.2658227848101267,2,2.5316455696202533,4,0.6329113924050633,1,1.8987341772151898,3,0.6329113924050633,1,0.6329113924050633,1,0.3333333333333333,158
8.695652173913043,4,0.0,0,4.3478260869565215,2,4.3478260869565215,2,0.0,0,2.1739130434782608,1,0.0,0,2.1739130434782608,1,0.25,46,4.918032786885246,9,0.0,0,2.73224043715847,5,2.185792349726776,4,0.546448087431694,1,2.185792349726776,4,0.0,0,2.185792349726776,4,0.4,183
0.0,0,0.0,0,0.0,0,0.0,0,2.73972602739726,2,0.0,0,0.0,0,1.36986301369863,1,0.0,73,7.6923076923076925,12,0.0,0,3.8461538461538463,6,3.8461538461538463,6,0.6410256410256411,1,1.9230769230769231,3,0.6410256410256411,1,0.6410256410256411,1,0.3333333333333333,156
0.0,0,0.0,0,0.0,0,0.0,0,0.0,0,0.0,0,0.0,0,1.639344262295082,1,0.0,61,4.324324324324325,8,0.0,0,2.1621621621621623,4,2.1621621621621623,4,0.5405405405405406,1,1.0810810810810811,2,0.0,0,1.0810810810810811,2,0.2857142857142857,185
