human_bigram_repetition_rate,human_trigram_repetition_rate,human_function_word_rate,human_ttr,human_mattr,human_mtld,human_punct_period,human_punct_exclaim,human_punct_question,human_punct_comma,human_punct_semicolon,human_punct_colon,human_punct_dash,human_punct_ellipsis,llm_bigram_repetition_rate,llm_trigram_repetition_rate,llm_function_word_rate,llm_ttr,llm_mattr,llm_mtld,llm_punct_period,llm_punct_exclaim,llm_punct_question,llm_punct_comma,llm_punct_semicolon,llm_punct_colon,llm_punct_dash,llm_punct_ellipsis
0.0,0.0,0.5,0.75,0.75,12.72,20.0,0.0,0.0,0.0,0.0,0.0,0.0,0.0,0.0,0.0,0.5142857142857142,0.8142857142857143,0.8142857142857143,105.53846153846155,3.488372093023256,0.0,2.3255813953488373,4.651162790697675,0.0,2.3255813953488373,0.0,0.0
0.0,0.0,0.5061728395061729,0.7654320987654321,0.7654320987654321,96.68842105263157,1.1111111111111112,2.2222222222222223,0.0,2.2222222222222223,0.0,1.1111111111111112,0.0,0.0,0.0,0.0,0.5409836065573771,0.8688524590163934,0.8688524590163934,130.23499999999999,4.225352112676056,0.0,1.408450704225352,4.225352112676056,0.0,0.0,0.0,0.0
0.0,0.0,0.5714285714285714,1.0,1.0,,20.0,0.0,0.0,10.0,0.0,0.0,0.0,0.0,0.0,0.0,0.43478260869565216,0.8804347826086957,0.8804347826086957,215.44727272727278,5.660377358490566,0.0,0.0,4.716981132075472,0.0,0.9433962264150944,0.0,0.0
0.0,0.0,0.5,1.0,1.0,,0.0,0.0,33.333333333333336,0.0,0.0,0.0,0.0,0.0,0.0,0.0,0.5161290322580645,0.8548387096774194,0.8548387096774194,119.59111111111113,5.333333333333333,0.0,4.0,2.6666666666666665,0.0,0.0,0.0,0.0
0.0,0.0,0.6428571428571429,0.9285714285714286,0.9285714285714286,54.88000000000004,0.0,0.0,6.666666666666667,0.0,0.0,0.0,0.0,0.0,0.0125,0.0,0.49382716049382713,0.7654320987654321,0.7654320987654321,96.68842105263157,5.0,0.0,0.0,2.0,0.0,1.0,0.0,0.0
0.0,0.0,0.2,1.0,1.0,,16.666666666666668,0.0,0.0,0.0,0.0,0.0,0.0,0.0,0.0,0.0,0.4925373134328358,0.8208955223880597,0.8208955223880597,104.74333333333337,6.25,0.0,3.75,2.5,0.0,0.0,0.0,0.0
0.0,0.0,0.6666666666666666,1.0,1.0,,0.0,0.0,40.0,0.0,0.0,0.0,0.0,0.0,0.0,0.0,0.49206349206349204,0.8095238095238095,0.8095238095238095,92.61000000000001,5.405405405405405,0.0,0.0,4.054054054054054,0.0,0.0,0.0,0.0
0.0,0.0,0.5,0.9,0.9,56.000000000000014,4.166666666666667,0.0,0.0,4.166666666666667,0.0,8.333333333333334,0.0,0.0,0.0,0.0,0.43529411764705883,0.7764705882352941,0.7764705882352941,106.47368421052634,3.883495145631068,0.0,0.0,2.912621359223301,0.0,0.0,0.970873786407767,0.0
0.0,0.0,0.5,0.9166666666666666,0.9166666666666666,80.63999999999997,0.0,0.0,4.0,0.0,0.0,0.0,0.0,0.0,0.0,0.0,0.47058823529411764,0.8382352941176471,0.8382352941176471,117.70181818181821,6.024096385542169,0.0,1.2048192771084338,3.6144578313253017,0.0,1.2048192771084338,1.2048192771084338,0.0
0.0,0.0,0.5,1.0,1.0,28.0,5.882352941176471,2.9411764705882355,0.0,2.9411764705882355,0.0,2.9411764705882355,0.0,0.0,0.016666666666666666,0.0,0.4896265560165975,0.6431535269709544,0.7734507042253522,139.49453129924984,5.208333333333333,0.0,0.6944444444444444,3.4722222222222223,0.0,1.3888888888888888,0.0,0.0
0.0,0.0,0.5476190476190477,0.8333333333333334,0.8333333333333334,70.56000000000003,8.0,0.0,0.0,4.0,0.0,2.0,0.0,0.0,0.016666666666666666,0.0,0.5303867403314917,0.6740331491712708,0.7575609756097562,125.71405948485611,5.8558558558558556,0.9009009009009009,0.0,4.504504504504505,0.0,0.9009009009009009,0.0,0.0
0.0,0.0,0.48214285714285715,0.7678571428571429,0.7678571428571429,67.5446153846154,4.838709677419354,0.0,0.0,1.6129032258064515,0.0,0.0,0.0,0.0,0.02510460251046025,0.004201680672268907,0.5208333333333334,0.6083333333333333,0.7403546099290781,106.23853211009174,5.614035087719298,0.0,0.7017543859649122,3.508771929824561,0.0,1.0526315789473684,0.0,0.0
0.0,0.0,0.5555555555555556,1.0,1.0,,8.333333333333334,0.0,0.0,16.666666666666668,0.0,0.0,0.0,0.0,0.011363636363636364,0.0,0.4971751412429379,0.6892655367231638,0.7714102564102563,132.55752608882335,4.5662100456621,0.91324200913242,1.36986301369863,5.93607305936073,0.0,0.45662100456621,0.0,0.0
0.0,0.0,0.5319148936170213,0.8297872340425532,0.8297872340425532,77.315,3.7037037037037037,0.0,0.0,7.407407407407407,0.0,1.8518518518518519,0.0,0.0,0.013824884792626729,0.0,0.518348623853211,0.6788990825688074,0.7911764705882353,154.72752808988764,4.528301886792454,0.0,1.1320754716981134,3.7735849056603774,0.0,1.509433962264151,0.37735849056603776,0.0
0.0,0.0,0.5,1.0,1.0,,16.666666666666668,0.0,0.0,16.666666666666668,0.0,0.0,0.0,0.0,0.011904761904761904,0.0,0.4117647058823529,0.8470588235294118,0.8470588235294118,155.61538461538464,4.8076923076923075,0.9615384615384616,0.9615384615384616,2.8846153846153846,0.0,1.9230769230769231,0.0,0.0
0.0,0.0,0.4166666666666667,1.0,1.0,12.0,7.142857142857143,0.0,0.0,7.142857142857143,0.0,0.0,0.0,0.0,0.0,0.0,0.5816326530612245,0.7142857142857143,0.7142857142857143,98.0,4.201680672268908,0.8403361344537815,0.8403361344537815,4.201680672268908,0.0,1.680672268907563,0.0,0.0
0.0,0.0,0.14285714285714285,1.0,1.0,,0.0,0.0,0.0,0.0,0.0,0.0,0.0,0.0,0.03488372093023256,0.005847953216374269,0.5086705202312138,0.6358381502890174,0.7351351351351351,89.54833472895899,4.641350210970464,0.0,0.0,2.5316455696202533,0.0,2.9535864978902953,0.4219409282700422,0.0
0.0,0.0,0.4166666666666667,1.0,1.0,12.0,7.142857142857143,0.0,0.0,7.142857142857143,0.0,0.0,0.0,0.0,0.04081632653061224,0.0,0.5067567567567568,0.6959459459459459,0.7283673469387756,100.54854368932038,3.5,0.0,0.0,3.5,0.0,1.5,0.0,0.0
0.0,0.0,0.5,0.9285714285714286,0.9285714285714286,54.88000000000004,5.882352941176471,0.0,0.0,11.764705882352942,0.0,0.0,0.0,0.0,0.0,0.0,0.47183098591549294,0.7112676056338029,0.7593023255813954,101.72910984378873,5.208333333333334,0.0,0.5208333333333334,0.5208333333333334,0.0,2.604166666666667,0.0,0.0
0.0,0.0,0.42857142857142855,1.0,1.0,,0.0,11.11111111111111,0.0,11.11111111111111,0.0,0.0,0.0,0.0,0.0472972972972973,0.013605442176870748,0.5100671140939598,0.6644295302013423,0.769,107.18577075098813,2.985074626865672,0.0,0.0,3.482587064676617,0.0,0.0,0.0,0.0
0.0,0.0,0.4166666666666667,1.0,1.0,12.0,0.0,0.0,0.0,7.142857142857143,0.0,0.0,0.0,0.0,0.007407407407407408,0.0,0.5220588235294118,0.6911764705882353,0.7297297297297296,109.13084863491656,5.464480874316941,0.0,0.0,1.092896174863388,0.0,2.7322404371584703,0.0,0.0
0.0,0.0,0.5,1.0,1.0,,12.5,0.0,0.0,0.0,0.0,0.0,0.0,0.0,0.06451612903225806,0.01639344262295082,0.5396825396825397,0.7301587301587301,0.7301587301587301,49.32739178690345,4.705882352941177,0.0,0.0,3.5294117647058822,0.0,0.0,0.0,0.0
0.0,0.0,0.6666666666666666,0.8888888888888888,0.8888888888888888,,0.0,0.0,0.0,7.6923076923076925,0.0,7.6923076923076925,0.0,0.0,0.02564102564102564,0.0,0.45569620253164556,0.7215189873417721,0.7215189873417721,73.4832402234637,3.1746031746031744,0.0,0.0,7.936507936507936,0.0,0.7936507936507936,0.0,0.0
0.0,0.0,0.46153846153846156,1.0,1.0,13.0,4.545454545454546,0.0,0.0,4.545454545454546,0.0,0.0,0.0,0.0,0.03278688524590164,0.0,0.45161290322580644,0.7580645161290323,0.7580645161290323,66.87733333333333,3.125,0.0,0.0,8.333333333333334,0.0,1.0416666666666667,0.0,0.0
0.0,0.0,0.16666666666666666,1.0,1.0,,0.0,0.0,0.0,0.0,0.0,0.0,0.0,0.0,0.037037037037037035,0.0,0.5487804878048781,0.7560975609756098,0.7560975609756098,94.13600000000001,3.125,0.0,0.0,2.34375,0.0,0.0,0.0,0.0
0.0,0.0,0.0,1.0,1.0,,16.666666666666668,0.0,0.0,33.333333333333336,0.0,0.0,0.0,0.0,0.031914893617021274,0.0,0.5157894736842106,0.6842105263157895,0.6842105263157895,53.83861940298509,8.264462809917356,0.0,0.0,1.6528925619834711,0.0,0.8264462809917356,0.0,0.0
0.0,0.0,0.42857142857142855,1.0,1.0,,33.33333333333333,0.0,11.11111111111111,0.0,0.0,11.11111111111111,0.0,0.0,0.028169014084507043,0.0,0.4861111111111111,0.6944444444444444,0.6944444444444444,72.0,4.597701149425287,0.0,0.0,3.4482758620689653,0.0,0.0,0.0,0.0
0.0,0.0,0.5,1.0,1.0,16.0,4.761904761904762,0.0,4.761904761904762,0.0,0.0,4.761904761904762,0.0,0.0,0.013157894736842105,0.0,0.4025974025974026,0.7922077922077922,0.7922077922077922,103.75750000000002,4.3478260869565215,0.0,1.0869565217391304,3.260869565217391,0.0,0.0,0.0,0.0
0.0,0.0,0.46153846153846156,1.0,1.0,13.0,37.5,0.0,0.0,6.25,0.0,6.25,0.0,6.25,0.03076923076923077,0.0,0.5303030303030303,0.7878787878787878,0.7878787878787878,87.12,4.0,0.0,1.3333333333333333,2.6666666666666665,0.0,1.3333333333333333,0.0,0.0
0.0,0.0,0.5483870967741935,0.967741935483871,0.967741935483871,269.08000000000027,9.09090909090909,0.0,0.0,0.0,0.0,0.0,0.0,0.0,0.0,0.0,0.4090909090909091,0.8863636363636364,0.8863636363636364,108.416,6.0,0.0,0.0,2.0,0.0,0.0,0.0,0.0
0.034482758620689655,0.0,0.6333333333333333,0.8,0.8,42.000000000000014,3.125,0.0,0.0,3.125,0.0,0.0,0.0,0.0,0.0,0.0,0.45901639344262296,0.8524590163934426,0.8524590163934426,115.76444444444441,6.8493150684931505,0.0,0.0,4.10958904109589,0.0,0.0,0.0,0.0
0.0,0.0,0.5454545454545454,0.9090909090909091,0.9090909090909091,33.879999999999995,15.384615384615385,0.0,0.0,0.0,0.0,0.0,0.0,0.0,0.0,0.0,0.4918032786885246,0.8032786885245902,0.8032786885245902,86.82333333333335,5.47945205479452,0.0,0.0,2.73972602739726,0.0,0.0,0.0,0.0
0.0,0.0,0.5,0.7857142857142857,0.7857142857142857,18.293333333333333,0.0,0.0,6.25,6.25,0.0,0.0,0.0,0.0,0.0,0.0,0.5,0.9,0.9,168.00000000000006,4.3478260869565215,1.4492753623188406,0.0,2.898550724637681,0.0,0.0,0.0,0.0
0.0,0.0,0.3076923076923077,1.0,1.0,13.0,6.666666666666667,0.0,6.666666666666667,0.0,0.0,0.0,0.0,0.0,0.01910828025477707,0.0,0.4050632911392405,0.740506329113924,0.7937288135593221,170.48585365853657,4.060913705583756,0.0,0.0,4.060913705583756,0.0,1.015228426395939,0.0,0.0
0.043478260869565216,0.0,0.5833333333333334,0.8333333333333334,0.8333333333333334,40.320000000000014,4.0,0.0,0.0,0.0,0.0,0.0,0.0,0.0,0.0335195530726257,0.0,0.4,0.7222222222222222,0.807283950617284,180.72000000000003,3.125,0.0,0.0,4.910714285714286,0.0,1.7857142857142858,0.0,0.0
0.0,0.0,0.4166666666666667,1.0,1.0,12.0,0.0,0.0,0.0,0.0,0.0,0.0,0.0,0.0,0.011834319526627219,0.0,0.4470588235294118,0.7352941176470589,0.8191549295774646,179.82222222222228,3.902439024390244,0.0,0.0,3.4146341463414633,0.0,1.951219512195122,0.0,0.0
0.0,0.0,0.6666666666666666,0.9047619047619048,0.9047619047619048,61.74000000000001,14.814814814814815,0.0,0.0,3.7037037037037037,0.0,0.0,0.0,0.0,0.022222222222222223,0.0,0.4411764705882353,0.7352941176470589,0.8016216216216216,143.8577777777778,5.0,0.0,0.0,2.5,0.0,1.25,0.0,0.0
0.024390243902439025,0.012345679012345678,0.4939759036144578,0.7590361445783133,0.7590361445783133,96.44600000000001,6.521739130434782,0.0,0.0,3.260869565217391,0.0,1.0869565217391304,0.0,0.0,0.006993006993006993,0.0,0.4236111111111111,0.7222222222222222,0.7711111111111113,145.15200000000002,3.550295857988166,0.0,0.0,4.1420118343195265,0.0,1.775147928994083,0.0,0.0
0.0,0.0,0.25,1.0,1.0,,33.333333333333336,0.0,0.0,16.666666666666668,0.0,0.0,0.0,8.333333333333334,0.0,0.0,0.45185185185185184,0.725925925925926,0.7775000000000003,137.91891891891896,3.6809815950920246,1.2269938650306749,0.0,3.6809815950920246,0.0,1.8404907975460123,0.6134969325153374,0.0
0.0625,0.0,0.4117647058823529,0.8235294117647058,0.8235294117647058,26.97333333333333,13.88888888888889,0.0,0.0,0.0,0.0,5.555555555555555,0.0,0.0,0.0,0.0,0.47305389221556887,0.7065868263473054,0.7638235294117648,167.0,4.0201005025125625,0.0,0.0,3.517587939698492,0.0,2.5125628140703515,0.0,0.0
0.0,0.0,0.5238095238095238,0.8571428571428571,0.8571428571428571,82.31999999999998,4.545454545454546,0.0,0.0,0.0,0.0,0.0,0.0,0.0,0.059782608695652176,0.00546448087431694,0.4810810810810811,0.6270270270270271,0.7331395348837209,99.50972862263185,6.521739130434782,0.0,0.0,1.7391304347826086,0.0,0.8695652173913043,0.0,0.0
0.0,0.0,0.6,0.9333333333333333,0.9333333333333333,63.00000000000002,5.882352941176471,0.0,5.882352941176471,0.0,0.0,0.0,0.0,0.0,0.02145922746781116,0.0,0.49145299145299143,0.6367521367521367,0.759925925925926,117.66730038022814,4.609929078014185,0.0,0.0,2.8368794326241136,0.0,0.3546099290780142,0.0,0.0
0.030303030303030304,0.015384615384615385,0.582089552238806,0.746268656716418,0.746268656716418,73.93647058823531,4.10958904109589,0.0,0.0,0.0,0.0,0.0,0.0,0.0,0.04888888888888889,0.008928571428571428,0.4823008849557522,0.6283185840707964,0.7574015748031497,126.97775502606106,4.761904761904762,0.0,0.0,2.564102564102564,0.0,0.7326007326007326,0.0,0.0
0.06293706293706294,0.017543859649122806,0.5679442508710801,0.5505226480836237,0.7127659574468085,95.66666666666667,6.5420560747663545,0.0,0.0,0.9345794392523363,0.0,0.0,0.0,0.0,0.06542056074766354,0.004694835680751174,0.5162790697674419,0.6232558139534884,0.7168965517241377,101.1768283993411,4.615384615384616,0.0,0.0,3.076923076923077,0.0,1.153846153846154,0.0,0.0
0.0,0.0,0.4,0.8666666666666667,0.8666666666666667,31.50000000000001,11.11111111111111,0.0,0.0,5.555555555555555,0.0,0.0,0.0,0.0,0.04975124378109453,0.0,0.4752475247524752,0.6584158415841584,0.8006796116504854,123.97695879971424,5.555555555555555,0.0,0.0,4.365079365079365,0.0,0.7936507936507936,0.0,0.0
0.0,0.0,0.5,1.0,1.0,,14.285714285714286,0.0,0.0,0.0,0.0,0.0,0.0,0.0,0.00909090909090909,0.0,0.5315315315315315,0.7297297297297297,0.7400000000000001,86.81875471698113,6.474820143884892,0.0,0.0,2.8776978417266186,0.0,1.4388489208633093,0.0,0.0
0.0,0.0,0.5857142857142857,0.7285714285714285,0.7285714285714285,72.21052631578947,3.947368421052632,0.0,1.3157894736842106,0.0,0.0,0.0,0.0,0.0,0.010101010101010102,0.0,0.51,0.74,0.74,107.69230769230771,4.310344827586206,0.0,0.8620689655172413,4.310344827586206,0.0,0.8620689655172413,0.0,0.0
0.0,0.0,0.5076923076923077,0.7846153846153846,0.7846153846153846,84.50000000000001,4.054054054054054,0.0,0.0,5.405405405405405,0.0,0.0,0.0,0.0,0.01652892561983471,0.0,0.5737704918032787,0.6557377049180327,0.692173913043478,81.18909778348191,4.794520547945205,0.0,0.684931506849315,6.164383561643835,0.0,0.0,0.684931506849315,0.0
0.0,0.0,0.3333333333333333,0.8888888888888888,0.8888888888888888,45.359999999999985,9.090909090909092,0.0,0.0,0.0,0.0,0.0,0.0,0.0,0.03816793893129771,0.007692307692307693,0.5303030303030303,0.7121212121212122,0.770909090909091,132.0,5.228758169934641,0.0,0.0,5.228758169934641,0.0,0.0,0.0,0.0
0.0,0.0,0.4444444444444444,1.0,1.0,,18.181818181818183,0.0,0.0,0.0,0.0,0.0,0.0,0.0,0.009009009009009009,0.0,0.5446428571428571,0.7232142857142857,0.743076923076923,112.65032258064517,3.90625,0.0,0.78125,3.90625,0.0,0.0,0.78125,0.0
0.017857142857142856,0.0,0.5680473372781065,0.6035502958579881,0.7028571428571427,62.14401164988105,5.789473684210526,0.0,1.0526315789473684,1.0526315789473684,0.0,0.0,0.0,0.0,0.03007518796992481,0.0,0.582089552238806,0.6567164179104478,0.6919999999999998,92.0017012366682,5.333333333333333,0.0,0.0,2.6666666666666665,0.0,0.0,0.6666666666666666,0.0
0.0,0.0,0.5454545454545454,0.9545454545454546,0.9545454545454546,135.52000000000015,3.225806451612903,0.0,0.0,0.0,0.0,3.225806451612903,0.0,0.0,0.005952380952380952,0.0,0.5088757396449705,0.6982248520710059,0.7561428571428571,109.88106739155943,4.9504950495049505,0.0,0.0,4.9504950495049505,0.0,0.0,0.0,0.0
0.0,0.0,0.4,1.0,1.0,,16.666666666666668,0.0,0.0,0.0,0.0,0.0,0.0,0.0,0.007246376811594203,0.0,0.5179856115107914,0.6690647482014388,0.7105,85.1491165234002,4.819277108433735,0.0,0.0,3.6144578313253017,0.0,1.2048192771084338,0.0,0.0
0.0,0.0,0.38461538461538464,0.9230769230769231,0.9230769230769231,30.160000000000018,11.11111111111111,5.555555555555555,0.0,0.0,0.0,5.555555555555555,0.0,0.0,0.006622516556291391,0.0,0.5,0.7105263157894737,0.8043396226415095,152.0,4.519774011299435,0.0,0.0,2.824858757062147,0.0,0.0,0.0,0.0
0.0,0.0,0.5652173913043478,1.0,1.0,23.0,11.11111111111111,0.0,0.0,0.0,0.0,0.0,0.0,0.0,0.018292682926829267,0.0,0.5393939393939394,0.6424242424242425,0.7122727272727273,92.7115474520804,4.522613065326633,0.0,0.0,4.522613065326633,0.0,0.5025125628140703,0.5025125628140703,0.0
0.0,0.0,0.5526315789473685,0.9736842105263158,0.9736842105263158,404.3200000000005,13.636363636363637,0.0,0.0,2.272727272727273,0.0,6.818181818181818,0.0,0.0,0.0223463687150838,0.0,0.4777777777777778,0.6611111111111111,0.7322222222222221,103.93901183499642,4.830917874396135,0.0,0.4830917874396135,4.3478260869565215,0.0,0.0,0.0,0.0
0.0,0.0,0.625,0.7916666666666666,0.7916666666666666,32.256,3.3333333333333335,0.0,3.3333333333333335,10.0,0.0,0.0,0.0,0.0,0.028985507246376812,0.0,0.5384615384615384,0.6730769230769231,0.7844954128440366,134.60582013831737,3.937007874015748,0.0,1.1811023622047245,6.692913385826772,0.0,0.3937007874015748,0.0,0.0
0.0,0.0,0.45714285714285713,0.8857142857142857,0.8857142857142857,85.74999999999997,2.5,0.0,5.0,0.0,0.0,0.0,0.0,0.0,0.03278688524590164,0.0,0.45528455284552843,0.6991869918699187,0.7487499999999999,123.0,4.081632653061225,0.0,0.0,8.16326530612245,0.0,0.6802721088435374,0.0,0.0
0.0,0.0,0.3333333333333333,1.0,1.0,24.0,5.882352941176471,0.0,0.0,23.529411764705884,0.0,0.0,0.0,0.0,0.031746031746031744,0.008,0.4881889763779528,0.6614173228346457,0.7039285714285713,97.46983732825788,3.7267080745341614,0.0,0.0,8.074534161490682,0.0,0.6211180124223602,0.0,0.0
0.0,0.0,0.0,1.0,1.0,,25.0,0.0,0.0,25.0,0.0,0.0,0.0,0.0,0.00819672131147541,0.0,0.43902439024390244,0.7398373983739838,0.75875,132.37875000000003,3.9215686274509807,0.0,0.0,8.49673202614379,0.0,0.6535947712418301,0.0,0.0
0.0,0.0,0.4647887323943662,0.7605633802816901,0.7605633802816901,83.02823529411765,10.344827586206897,0.0,0.0,9.195402298850574,0.0,0.0,0.0,1.1494252873563218,0.023809523809523808,0.008,0.4566929133858268,0.7165354330708661,0.7407142857142857,98.52977044476329,5.128205128205129,0.0,0.0,7.051282051282052,0.0,0.6410256410256411,0.0,0.0
0.0,0.0,0.4666666666666667,0.9333333333333333,0.9333333333333333,63.00000000000002,5.2631578947368425,0.0,0.0,5.2631578947368425,0.0,5.2631578947368425,0.0,0.0,0.06976744186046512,0.0234375,0.4461538461538462,0.6384615384615384,0.70258064516129,97.62126865671641,3.7267080745341614,0.0,0.0,8.074534161490682,0.0,0.6211180124223602,0.0,0.0
0.007575757575757576,0.0,0.45112781954887216,0.7443609022556391,0.775,145.67411764705884,5.882352941176471,0.0,0.0,2.6143790849673203,0.0,0.0,0.0,0.0,0.015503875968992248,0.0,0.46923076923076923,0.7307692307692307,0.7667741935483872,135.2,4.57516339869281,0.0,0.0,4.57516339869281,0.0,0.0,0.0,0.0
0.0,0.0,0.42857142857142855,0.9523809523809523,0.9523809523809523,246.95999999999975,6.0,0.0,0.0,6.0,0.0,0.0,0.0,0.0,0.009615384615384616,0.0,0.44761904761904764,0.7714285714285715,0.7716666666666666,128.62500000000003,5.64516129032258,0.0,0.0,3.225806451612903,0.0,0.8064516129032258,0.0,0.0
0.0,0.0,0.3333333333333333,1.0,1.0,27.0,10.0,0.0,0.0,0.0,0.0,0.0,0.0,0.0,0.029850746268656716,0.007518796992481203,0.4888888888888889,0.7185185185185186,0.7341666666666665,135.0,4.545454545454545,0.0,0.0,2.5974025974025974,0.0,0.6493506493506493,0.6493506493506493,0.0
0.0,0.0,0.4,1.0,1.0,10.0,8.333333333333334,0.0,0.0,8.333333333333334,0.0,0.0,0.0,0.0,0.007142857142857143,0.0,0.48226950354609927,0.7163120567375887,0.766904761904762,141.0,4.790419161676646,0.0,0.0,2.994011976047904,0.0,0.5988023952095808,0.5988023952095808,0.0
0.0,0.0,0.29411764705882354,0.9411764705882353,0.9411764705882353,80.91999999999999,15.0,0.0,0.0,0.0,0.0,0.0,0.0,0.0,0.009708737864077669,0.0,0.4230769230769231,0.8365384615384616,0.842,178.14588235294124,5.426356589147288,0.0,0.0,6.2015503875969,0.0,0.7751937984496124,0.0,0.0
0.0,0.0,0.6,1.0,1.0,,16.666666666666668,0.0,0.0,0.0,0.0,0.0,0.0,0.0,0.028089887640449437,0.011299435028248588,0.5139664804469274,0.659217877094972,0.7578750000000001,108.47399444677123,4.5662100456621,0.0,0.91324200913242,3.65296803652968,0.0,0.91324200913242,0.0,0.0
0.01020408163265306,0.0,0.5151515151515151,0.7474747474747475,0.7474747474747475,109.77120000000004,13.392857142857144,0.0,0.0,0.0,0.0,1.7857142857142858,0.0,0.0,0.027888446215139442,0.0,0.4801587301587302,0.6428571428571429,0.7807843137254903,134.83006360125282,4.234527687296417,0.0,0.0,3.583061889250814,0.0,1.3029315960912051,0.0,0.0
0.0,0.0,0.2857142857142857,0.8928571428571429,0.8928571428571429,47.569425287356346,28.358208955223883,0.0,0.0,1.492537313432836,0.0,7.462686567164179,0.0,0.0,0.02926829268292683,0.0,0.4854368932038835,0.6553398058252428,0.7651401869158879,132.99911009407577,4.313725490196078,0.0,0.39215686274509803,4.313725490196078,0.0,0.7843137254901961,0.0,0.0
0.0,0.0,0.5,0.9444444444444444,0.9444444444444444,90.71999999999997,4.3478260869565215,0.0,0.0,0.0,0.0,0.0,0.0,0.0,0.009174311926605505,0.0,0.4520547945205479,0.6621004566210046,0.7665,128.27615321252063,4.3478260869565215,0.0,0.7246376811594203,3.9855072463768115,0.0,1.8115942028985508,0.0,0.0
0.0,0.0,0.5106382978723404,0.7872340425531915,0.7872340425531915,61.85200000000001,4.0,0.0,2.0,0.0,0.0,0.0,0.0,0.0,0.03864734299516908,0.0,0.5,0.625,0.7386238532110092,111.13846740817543,4.230769230769231,0.0,0.38461538461538464,3.8461538461538463,0.0,1.153846153846154,0.38461538461538464,0.0
0.0,0.0,0.3103448275862069,0.7241379310344828,0.7241379310344828,58.0,4.6875,0.0,0.0,4.6875,0.0,0.0,0.0,0.0,0.03636363636363636,0.0,0.5602409638554217,0.6626506024096386,0.72955223880597,96.43859872611466,4.102564102564102,0.0,1.0256410256410255,3.0769230769230766,0.0,0.0,0.5128205128205128,0.0
0.0,0.0,0.5,0.8846153846153846,0.8846153846153846,63.09333333333332,3.3333333333333335,0.0,3.3333333333333335,6.666666666666667,0.0,0.0,0.0,0.0,0.011049723756906077,0.0,0.5164835164835165,0.6428571428571429,0.7800000000000001,123.21787944910571,5.0228310502283104,0.0,0.45662100456621,3.1963470319634704,0.0,0.45662100456621,0.0,0.0
0.0,0.0,0.6,0.9,0.9,28.000000000000007,0.0,8.333333333333334,0.0,8.333333333333334,0.0,0.0,0.0,0.0,0.0,0.0,0.4625,0.7875,0.7875,105.41176470588236,3.1578947368421053,0.0,0.0,3.1578947368421053,0.0,1.0526315789473684,0.0,0.0
0.0,0.0,0.5,0.75,0.75,12.72,20.0,0.0,0.0,0.0,0.0,0.0,0.0,0.0,0.0,0.0,0.4411764705882353,0.8382352941176471,0.8382352941176471,117.70181818181821,2.5,0.0,0.0,2.5,0.0,1.25,0.0,0.0
0.0,0.0,0.2,1.0,1.0,,14.285714285714286,0.0,0.0,0.0,0.0,0.0,0.0,0.0,0.0,0.0,0.43529411764705883,0.8470588235294118,0.8470588235294118,155.61538461538464,4.716981132075472,0.0,0.0,5.660377358490566,0.0,0.9433962264150944,0.0,0.0
0.0,0.0,0.5,1.0,1.0,,14.285714285714286,0.0,0.0,0.0,0.0,0.0,0.0,0.0,0.030303030303030304,0.0,0.518796992481203,0.6616541353383458,0.6944117647058824,78.8044501143179,4.733727810650888,0.0,0.0,1.775147928994083,0.0,2.366863905325444,0.0,0.0
0.0,0.0,0.3333333333333333,1.0,1.0,,25.0,0.0,0.0,0.0,0.0,0.0,0.0,0.0,0.0,0.0,0.5267175572519084,0.7251908396946565,0.7725,133.47444444444446,4.9079754601226995,0.0,0.0,2.4539877300613497,0.0,1.2269938650306749,0.0,0.0
0.0,0.0,0.0,1.0,1.0,,0.0,33.333333333333336,0.0,0.0,0.0,0.0,0.0,0.0,0.07692307692307693,0.025806451612903226,0.5477707006369427,0.6496815286624203,0.6793103448275863,96.75819770814851,4.591836734693878,0.0,0.0,3.0612244897959187,0.0,1.0204081632653061,0.0,0.0
0.0,0.0,0.45454545454545453,1.0,1.0,22.0,8.0,0.0,4.0,0.0,0.0,0.0,0.0,0.0,0.014285714285714285,0.007194244604316547,0.49645390070921985,0.7021276595744681,0.7816666666666666,141.0,4.705882352941177,0.0,0.0,2.3529411764705883,0.0,1.1764705882352942,0.0,0.0
0.02,0.010101010101010102,0.5247524752475248,0.7227722772277227,0.725,101.505,4.587155963302752,0.0,0.0,2.7522935779816518,0.0,0.0,0.0,0.0,0.02097902097902098,0.0035087719298245615,0.4564459930313589,0.6236933797909407,0.7723936170212765,143.5,3.672316384180791,0.0,0.2824858757062147,3.9548022598870056,0.0,0.847457627118644,0.2824858757062147,0.0
0.025,0.0,0.5853658536585366,0.8048780487804879,0.8048780487804879,58.83500000000002,4.545454545454546,0.0,0.0,0.0,0.0,0.0,0.0,0.0,0.05142857142857143,0.017241379310344827,0.4715909090909091,0.6875,0.772207792207792,127.36777651961401,4.672897196261682,0.0,0.0,5.607476635514018,0.0,0.4672897196261682,0.0,0.0
0.0,0.0,0.4626865671641791,0.9104477611940298,0.9104477611940298,209.4866666666666,6.4935064935064934,0.0,1.2987012987012987,2.5974025974025974,0.0,0.0,0.0,0.0,0.008771929824561403,0.0,0.4608695652173913,0.7217391304347827,0.7174999999999999,115.0,5.10948905109489,0.0,0.0,5.839416058394161,0.0,0.0,0.0,0.0
0.0,0.0,0.34375,0.9375,0.9375,143.36,7.5,0.0,0.0,5.0,0.0,0.0,0.0,0.0,0.0,0.0,0.49514563106796117,0.7864077669902912,0.785,135.02363636363637,4.0,0.0,0.0,4.800000000000001,0.0,0.0,0.8,0.0
0.0,0.0,0.47368421052631576,1.0,1.0,19.0,5.0,0.0,0.0,0.0,0.0,0.0,0.0,0.0,0.017094017094017096,0.0,0.5254237288135594,0.7033898305084746,0.7310526315789474,110.8743961352657,3.7037037037037033,0.0,0.0,4.444444444444445,0.0,0.7407407407407407,0.0,0.0
0.0,0.0,0.29411764705882354,0.9411764705882353,0.9411764705882353,80.91999999999999,15.0,0.0,0.0,0.0,0.0,0.0,0.0,0.0,0.02830188679245283,0.0,0.514018691588785,0.7476635514018691,0.7675,118.73037037037037,4.0650406504065035,0.0,0.0,4.0650406504065035,0.0,0.0,0.0,0.0
0.029850746268656716,0.0,0.5294117647058824,0.7352941176470589,0.7352941176470589,69.96444444444445,3.8461538461538467,0.0,0.0,7.692307692307693,0.0,0.0,0.0,0.0,0.014925373134328358,0.0,0.5297029702970297,0.6732673267326733,0.7744660194174758,116.1443826141494,4.641350210970464,0.0,0.4219409282700422,4.641350210970464,0.0,0.8438818565400844,0.0,0.0
0.08333333333333333,0.043478260869565216,0.4,0.8,0.8,35.00000000000001,6.896551724137931,0.0,0.0,3.4482758620689653,0.0,0.0,0.0,0.0,0.017964071856287425,0.0,0.47619047619047616,0.7023809523809523,0.8110144927536233,136.65671641791045,3.864734299516908,0.0,0.0,5.797101449275362,0.0,0.0,0.4830917874396135,0.0
0.0,0.0,0.5,0.9230769230769231,0.9230769230769231,94.64000000000007,8.333333333333332,0.0,2.7777777777777777,0.0,2.7777777777777777,2.7777777777777777,0.0,0.0,0.006329113924050633,0.0,0.4591194968553459,0.7484276729559748,0.8411666666666666,176.96699999999998,4.040404040404041,0.0,0.5050505050505051,6.0606060606060606,0.0,1.0101010101010102,0.5050505050505051,0.0
0.0,0.0,0.35294117647058826,1.0,1.0,17.0,5.2631578947368425,0.0,0.0,5.2631578947368425,0.0,0.0,0.0,0.0,0.02702702702702703,0.0,0.4563758389261745,0.6845637583892618,0.7489999999999999,80.15894354470299,4.812834224598931,0.0,0.0,7.486631016042781,0.0,1.0695187165775402,0.0,0.0
0.0,0.0,0.5833333333333334,0.875,0.875,53.760000000000005,7.142857142857143,0.0,0.0,0.0,0.0,0.0,0.0,0.0,0.018633540372670808,0.0,0.48148148148148145,0.6666666666666666,0.7773015873015873,117.47712732406211,4.2105263157894735,0.0,0.0,6.315789473684211,0.0,0.0,0.5263157894736842,0.0
0.0,0.0,0.47619047619047616,1.0,1.0,21.0,4.3478260869565215,0.0,0.0,4.3478260869565215,0.0,0.0,0.0,0.0,0.037037037037037035,0.007462686567164179,0.4338235294117647,0.7426470588235294,0.7867567567567566,147.96800000000002,4.9079754601226995,0.0,0.0,3.6809815950920246,0.0,0.6134969325153374,0.0,0.0
0.0,0.0,0.55,1.0,1.0,20.0,0.0,0.0,0.0,4.761904761904762,0.0,0.0,0.0,0.0,0.037267080745341616,0.0125,0.5432098765432098,0.6481481481481481,0.7231746031746035,90.74138515932054,3.6842105263157894,0.0,0.5263157894736842,6.842105263157895,0.0,0.5263157894736842,0.0,0.0
0.0,0.0,0.5,1.0,1.0,,0.0,0.0,20.0,0.0,0.0,0.0,0.0,0.0,0.022222222222222223,0.0,0.5514705882352942,0.6764705882352942,0.7405405405405403,86.13619167717528,4.9079754601226995,0.0,0.0,6.748466257668712,0.0,0.0,0.0,0.0
0.0,0.0,0.8333333333333334,0.8333333333333334,0.8333333333333334,,0.0,0.0,14.285714285714286,0.0,0.0,0.0,0.0,0.0,0.0,0.0,0.47244094488188976,0.7559055118110236,0.7992857142857143,145.68129032258065,4.487179487179487,0.0,0.0,7.692307692307693,0.0,0.6410256410256411,0.0,0.0
0.0,0.0,0.6666666666666666,0.8333333333333334,0.8333333333333334,,14.285714285714286,0.0,0.0,0.0,0.0,0.0,0.0,0.0,0.0,0.0,0.5076923076923077,0.7615384615384615,0.8058064516129031,152.64516129032256,5.128205128205129,0.0,0.0,5.76923076923077,0.0,0.6410256410256411,0.0,0.0
0.0,0.0,0.4827586206896552,0.9310344827586207,0.9310344827586207,117.73999999999997,9.375,0.0,0.0,0.0,0.0,6.25,0.0,0.0,0.01935483870967742,0.0,0.5256410256410257,0.6987179487179487,0.746140350877193,120.40347970173985,5.181347150259067,0.0,1.55440414507772,4.1450777202072535,0.0,0.5181347150259067,0.5181347150259067,0.0
0.0,0.0,0.5625,0.9375,0.9375,71.68,0.0,0.0,0.0,0.0,0.0,5.882352941176471,0.0,0.0,0.0,0.0,0.46153846153846156,1.0,1.0,26.0,2.9411764705882355,0.0,0.0,2.9411764705882355,0.0,0.0,0.0,0.0
0.0,0.0,0.45454545454545453,1.0,1.0,11.0,23.076923076923077,0.0,7.6923076923076925,0.0,0.0,0.0,0.0,7.6923076923076925,0.0,0.0,0.47619047619047616,0.9047619047619048,0.9047619047619048,61.74000000000001,6.896551724137931,0.0,0.0,6.896551724137931,0.0,0.0,0.0,0.0
0.0,0.0,0.46153846153846156,1.0,1.0,13.0,6.666666666666667,0.0,0.0,6.666666666666667,0.0,0.0,0.0,0.0,0.0,0.0,0.4482758620689655,1.0,1.0,29.0,5.128205128205129,0.0,0.0,5.128205128205129,0.0,2.5641025641025643,0.0,0.0
0.0625,0.0,0.5294117647058824,0.8235294117647058,0.8235294117647058,26.97333333333333,5.2631578947368425,0.0,5.2631578947368425,0.0,0.0,0.0,0.0,0.0,0.0,0.0,0.5517241379310345,0.9655172413793104,0.9655172413793104,235.4800000000003,5.714285714285714,0.0,0.0,2.857142857142857,0.0,0.0,0.0,0.0
0.0,0.0,0.3333333333333333,1.0,1.0,,25.0,0.0,0.0,0.0,0.0,0.0,0.0,0.0,0.0,0.0,0.4772727272727273,0.8409090909090909,0.8409090909090909,77.44000000000003,3.7037037037037037,1.8518518518518519,0.0,3.7037037037037037,0.0,0.0,0.0,0.0
0.0,0.0,0.41379310344827586,0.9310344827586207,0.9310344827586207,117.73999999999997,6.25,0.0,0.0,3.125,0.0,0.0,0.0,0.0,0.0,0.0,0.48333333333333334,0.85,0.85,112.0,5.970149253731344,0.0,0.0,1.492537313432836,0.0,0.0,0.0,0.0
0.04838709677419355,0.01639344262295082,0.49206349206349204,0.6984126984126984,0.6984126984126984,50.12534059945504,2.857142857142857,0.0,2.857142857142857,4.285714285714286,0.0,0.0,0.0,0.0,0.013888888888888888,0.0,0.4794520547945205,0.7397260273972602,0.7397260273972602,78.53263157894737,3.75,0.0,0.0,2.5,0.0,0.0,0.0,0.0
0.0,0.0,0.41379310344827586,0.9310344827586207,0.9310344827586207,117.73999999999997,18.96551724137931,0.0,1.7241379310344827,1.7241379310344827,0.0,3.4482758620689653,0.0,0.0,0.0,0.0,0.3880597014925373,0.7761194029850746,0.7761194029850746,83.79466666666669,5.405405405405405,0.0,0.0,2.7027027027027026,0.0,0.0,0.0,0.0
0.0,0.0,0.5,1.0,1.0,12.0,7.6923076923076925,0.0,0.0,0.0,0.0,0.0,0.0,0.0,0.0,0.0,0.4264705882352941,0.8529411764705882,0.8529411764705882,129.472,5.2631578947368425,0.0,0.0,2.6315789473684212,0.0,0.0,0.0,0.0
0.0,0.0,0.5263157894736842,0.8947368421052632,0.8947368421052632,50.54000000000001,9.523809523809524,0.0,0.0,0.0,0.0,0.0,0.0,0.0,0.02702702702702703,0.0,0.49333333333333335,0.8,0.8,75.42165071770336,4.761904761904762,0.0,0.0,3.571428571428571,0.0,0.0,0.0,0.0
0.0,0.0,0.4857142857142857,0.9142857142857143,0.9142857142857143,114.33333333333331,5.0,0.0,0.0,2.5,0.0,0.0,0.0,0.0,0.008130081300813009,0.0,0.5080645161290323,0.6935483870967742,0.7384,109.77981651376146,4.054054054054054,0.0,0.6756756756756757,3.378378378378378,0.0,0.6756756756756757,0.0,0.0
0.0,0.0,0.34782608695652173,0.9565217391304348,0.9565217391304348,148.12000000000012,4.0,0.0,0.0,4.0,0.0,0.0,0.0,0.0,0.0,0.0,0.494949494949495,0.7878787878787878,0.7878787878787878,130.68,4.23728813559322,0.0,0.0,4.23728813559322,0.0,0.847457627118644,0.0,0.0
0.0,0.0,0.45098039215686275,0.8235294117647058,0.8235294117647058,80.91999999999999,6.779661016949152,0.0,0.0,3.389830508474576,0.0,0.0,0.0,0.0,0.00909090909090909,0.0,0.4864864864864865,0.7567567567567568,0.7666666666666666,127.77333333333335,4.477611940298508,0.0,0.0,3.7313432835820897,0.0,0.0,0.0,0.0
0.0,0.0,0.4444444444444444,1.0,1.0,18.0,15.0,0.0,5.0,0.0,0.0,5.0,0.0,0.0,0.04597701149425287,0.005780346820809248,0.38285714285714284,0.6571428571428571,0.7390789473684211,105.83861286464719,4.081632653061225,0.40816326530612246,0.0,5.714285714285714,0.0,1.6326530612244898,0.0,0.0
0.0,0.0,0.2857142857142857,0.9523809523809523,0.9523809523809523,123.47999999999988,4.545454545454546,0.0,0.0,0.0,0.0,0.0,0.0,0.0,0.07725321888412018,0.03017241379310345,0.44017094017094016,0.6367521367521367,0.7602962962962964,103.17349911928184,3.2467532467532467,0.3246753246753247,0.3246753246753247,5.51948051948052,0.0,1.2987012987012987,0.0,0.0
0.0,0.0,0.5238095238095238,1.0,1.0,21.0,14.285714285714286,0.0,3.5714285714285716,10.714285714285715,0.0,3.5714285714285716,0.0,3.5714285714285716,0.036036036036036036,0.00904977375565611,0.4304932735426009,0.6860986547085202,0.7977419354838708,157.73186641585514,3.3444816053511706,0.0,0.0,6.354515050167224,0.0,1.3377926421404682,0.0,0.0
0.023809523809523808,0.0,0.41732283464566927,0.7007874015748031,0.7539285714285713,103.74766977363515,6.0402684563758395,0.0,0.0,4.697986577181208,0.0,0.0,0.0,0.0,0.056768558951965066,0.017543859649122806,0.41304347826086957,0.6086956521739131,0.7609923664122137,120.00475724336044,4.207119741100324,0.32362459546925565,0.0,5.501618122977346,0.0,0.970873786407767,0.32362459546925565,0.0
0.05699481865284974,0.015625,0.4381443298969072,0.5824742268041238,0.6498947368421054,86.25261885576148,6.666666666666666,0.0,0.0,4.888888888888888,0.0,0.0,0.0,0.0,0.04741379310344827,0.008658008658008658,0.3562231759656652,0.6437768240343348,0.7886567164179104,134.20733021918795,3.1007751937984493,0.5167958656330749,0.0,6.718346253229973,0.0,1.5503875968992247,0.0,0.0
0.0,0.0,0.25,1.0,1.0,,11.11111111111111,0.0,0.0,0.0,0.0,0.0,0.0,0.0,0.0,0.0,0.5051546391752577,0.8041237113402062,0.8041237113402062,138.65894736842108,3.508771929824561,1.7543859649122806,2.631578947368421,1.7543859649122806,0.0,0.8771929824561403,0.0,0.0
0.0,0.0,0.3333333333333333,0.8333333333333334,0.8333333333333334,20.160000000000007,6.666666666666667,0.0,0.0,13.333333333333334,0.0,0.0,0.0,0.0,0.0,0.0,0.42990654205607476,0.822429906542056,0.82,168.72210526315789,4.964539007092199,0.0,0.0,1.4184397163120568,0.0,1.4184397163120568,0.0,0.0
0.02857142857142857,0.009615384615384616,0.5,0.6886792452830188,0.7014285714285713,83.91666666666667,6.818181818181818,0.0,6.0606060606060606,2.2727272727272725,0.0,0.0,0.0,0.0,0.019230769230769232,0.0,0.3904761904761905,0.7714285714285715,0.77,128.62500000000003,4.25531914893617,0.0,0.0,4.964539007092199,0.0,2.127659574468085,0.7092198581560284,0.0
0.0,0.0,0.25,1.0,1.0,,0.0,0.0,8.333333333333334,25.0,0.0,0.0,0.0,0.0,0.016,0.0,0.3968253968253968,0.753968253968254,0.784074074074074,143.39612903225807,4.216867469879518,0.0,0.0,4.216867469879518,0.0,1.8072289156626509,0.6024096385542169,0.0
0.0,0.0,0.2,1.0,1.0,,0.0,14.285714285714286,0.0,0.0,0.0,0.0,0.0,0.0,0.007142857142857143,0.0,0.4326241134751773,0.7730496453900709,0.8233333333333335,173.95875000000004,4.945054945054945,0.0,0.0,3.296703296703297,0.0,1.098901098901099,0.5494505494505495,0.0
0.0,0.0,0.3076923076923077,1.0,1.0,13.0,6.666666666666667,0.0,6.666666666666667,0.0,0.0,0.0,0.0,0.0,0.03125,0.0,0.40310077519379844,0.7286821705426356,0.7643333333333335,131.064,4.938271604938271,0.0,0.0,6.790123456790123,0.0,0.6172839506172839,0.0,0.0
0.0,0.0,0.6956521739130435,0.9130434782608695,0.9130434782608695,74.05999999999996,3.8461538461538463,0.0,3.8461538461538463,0.0,0.0,0.0,0.0,0.0,0.022727272727272728,0.0,0.46153846153846156,0.6606334841628959,0.7925409836065573,140.3140706680291,5.244755244755244,0.0,0.34965034965034963,2.097902097902098,0.0,1.3986013986013985,0.34965034965034963,0.0
0.029850746268656716,0.005,0.4801980198019802,0.6336633663366337,0.749611650485437,130.53911112308563,6.140350877192982,0.43859649122807015,0.0,3.070175438596491,0.0,0.43859649122807015,0.0,0.0,0.045454545454545456,0.005714285714285714,0.4011299435028249,0.7288135593220338,0.7967948717948717,182.75249999999997,4.932735426008969,0.0,0.0,3.587443946188341,0.0,1.345291479820628,0.0,0.0
0.0,0.0,0.5833333333333334,1.0,1.0,12.0,12.5,0.0,6.25,0.0,0.0,6.25,0.0,0.0,0.011976047904191617,0.0,0.48214285714285715,0.6845238095238095,0.7768115942028986,158.18691588785043,5.633802816901408,0.0,0.0,2.816901408450704,0.0,0.9389671361502347,0.9389671361502347,0.0
0.0,0.0,0.4,1.0,1.0,10.0,22.22222222222222,0.0,0.0,0.0,0.0,5.555555555555555,0.0,0.0,0.00411522633744856,0.0,0.4057377049180328,0.7049180327868853,0.8483448275862069,227.60215053763443,4.597701149425287,0.0,0.0,3.1609195402298846,0.0,0.8620689655172413,0.0,0.0
0.06451612903225806,0.0,0.59375,0.78125,0.78125,40.96000000000001,2.857142857142857,0.0,0.0,0.0,0.0,0.0,0.0,0.0,0.009569377990430622,0.004807692307692308,0.47619047619047616,0.7285714285714285,0.7961261261261259,216.6315789473684,4.761904761904762,0.0,0.0,4.365079365079365,0.0,1.5873015873015872,0.0,0.0
0.03773584905660377,0.0,0.48598130841121495,0.7009345794392523,0.7075,97.23722627737226,4.166666666666667,0.0,0.8333333333333334,5.0,0.0,0.0,0.0,0.0,0.009569377990430622,0.0,0.5428571428571428,0.6666666666666666,0.7662162162162162,131.58829676071053,3.5294117647058822,0.0,0.0,3.9215686274509802,0.0,1.9607843137254901,0.39215686274509803,0.0
0.017964071856287425,0.006024096385542169,0.375,0.7797619047619048,0.8191304347826089,213.58702702702706,3.5353535353535355,0.0,0.0,5.050505050505051,0.0,1.0101010101010102,0.0,0.0,0.037914691943127965,0.004761904761904762,0.5330188679245284,0.660377358490566,0.7474336283185842,140.864262811498,4.435483870967742,0.0,0.0,2.82258064516129,0.0,1.6129032258064515,0.0,0.0
0.05555555555555555,0.009345794392523364,0.5504587155963303,0.6605504587155964,0.679,65.05026488934462,4.0650406504065035,0.0,1.6260162601626016,1.6260162601626016,0.0,0.0,0.0,0.0,0.009900990099009901,0.0,0.4975369458128079,0.6699507389162561,0.7693269230769231,126.04097150723041,5.058365758754864,0.0,0.0,3.8910505836575875,0.0,1.1673151750972763,0.0,0.0
0.0,0.0,0.5384615384615384,0.9230769230769231,0.9230769230769231,47.320000000000036,6.25,0.0,0.0,0.0,0.0,0.0,0.0,0.0,0.011494252873563218,0.0,0.52,0.7142857142857143,0.7759210526315791,175.0,4.205607476635514,0.9345794392523364,0.0,3.2710280373831777,0.0,0.9345794392523364,0.0,0.0
0.0,0.0,0.32,0.92,0.92,175.0000000000001,5.797101449275362,0.0,0.0,2.898550724637681,0.0,1.4492753623188406,0.0,0.0,0.0273972602739726,0.0,0.5045454545454545,0.6136363636363636,0.7323140495867768,92.28193940382499,3.2846715328467155,0.0,0.0,4.014598540145985,0.0,0.7299270072992701,0.0,0.0
0.0,0.0,0.5294117647058824,0.8235294117647058,0.8235294117647058,26.97333333333333,9.090909090909092,0.0,0.0,4.545454545454546,0.0,0.0,0.0,0.0,0.014218009478672985,0.0,0.4858490566037736,0.6226415094339622,0.7449557522123894,91.22969044979173,4.032258064516129,0.0,0.0,3.629032258064516,0.0,0.4032258064516129,0.0,0.0
0.0,0.0,0.75,0.875,0.875,,10.0,0.0,0.0,0.0,0.0,0.0,0.0,0.0,0.010309278350515464,0.0,0.5025641025641026,0.6717948717948717,0.7651041666666666,119.51644592570935,4.132231404958678,0.0,0.0,4.545454545454546,0.0,0.4132231404958678,0.4132231404958678,0.0
0.0,0.0,0.55,0.85,0.85,37.333333333333336,4.545454545454546,0.0,0.0,4.545454545454546,0.0,0.0,0.0,0.0,0.016304347826086956,0.0,0.5243243243243243,0.6486486486486487,0.7539534883720931,103.16296282088987,4.0,0.0,0.4444444444444444,3.5555555555555554,0.0,0.4444444444444444,0.0,0.0
0.0,0.0,0.5,1.0,1.0,12.0,0.0,0.0,7.6923076923076925,0.0,0.0,0.0,0.0,0.0,0.022900763358778626,0.0,0.5227272727272727,0.6742424242424242,0.699090909090909,100.23090858416946,5.031446540880503,0.0,0.0,5.031446540880503,0.0,0.6289308176100629,0.0,0.0
0.007575757575757576,0.0,0.5413533834586466,0.6917293233082706,0.7188235294117646,82.31866786833949,5.882352941176471,0.0,1.3071895424836601,5.228758169934641,0.0,0.0,0.0,0.0,0.0,0.0,0.5510204081632653,0.7142857142857143,0.7142857142857143,77.89606126914661,4.166666666666667,1.6666666666666667,0.0,3.3333333333333335,0.0,0.0,0.0,0.0
0.0,0.0,0.45454545454545453,0.9090909090909091,0.9090909090909091,67.75999999999999,7.6923076923076925,0.0,0.0,3.8461538461538463,0.0,0.0,0.0,0.0,0.010869565217391304,0.0,0.5376344086021505,0.7419354838709677,0.7419354838709677,100.90500000000002,4.464285714285714,0.0,0.0,4.464285714285714,0.0,0.0,0.0,0.0
0.05714285714285714,0.0,0.4166666666666667,0.8055555555555556,0.8055555555555556,51.84000000000001,7.317073170731707,0.0,0.0,2.4390243902439024,0.0,2.4390243902439024,0.0,0.0,0.046357615894039736,0.006666666666666667,0.5328947368421053,0.6447368421052632,0.7164150943396225,77.75198728139904,4.371584699453552,1.092896174863388,0.0,4.371584699453552,0.0,0.0,0.0,0.0
0.007692307692307693,0.0,0.48091603053435117,0.6717557251908397,0.7059374999999999,64.79222929319033,5.555555555555555,0.0,0.6944444444444444,0.0,0.0,0.0,0.0,0.0,0.00847457627118644,0.0,0.46218487394957986,0.773109243697479,0.7665,106.59997377908886,4.285714285714286,0.0,0.0,4.285714285714286,0.0,0.0,0.0,0.0
0.0,0.0,0.5,1.0,1.0,16.0,4.761904761904762,4.761904761904762,0.0,0.0,0.0,0.0,0.0,0.0,0.0,0.0,0.5094339622641509,0.9433962264150944,0.9433962264150944,262.1733333333334,3.0303030303030303,0.0,1.5151515151515151,6.0606060606060606,0.0,1.5151515151515151,0.0,0.0
0.0,0.0,0.6,0.95,0.95,111.99999999999991,12.5,0.0,4.166666666666667,8.333333333333334,0.0,0.0,0.0,4.166666666666667,0.010526315789473684,0.0,0.4712041884816754,0.680628272251309,0.7896739130434781,139.66112975318188,3.3472803347280333,0.0,2.092050209205021,4.602510460251046,0.0,0.8368200836820083,0.0,0.0
0.0,0.0,0.25,1.0,1.0,,16.666666666666668,0.0,0.0,16.666666666666668,0.0,0.0,0.0,0.0,0.04,0.0,0.5,0.6283185840707964,0.7517322834645668,124.06283868445854,3.5842293906810037,0.0,0.7168458781362007,5.734767025089606,0.0,0.7168458781362007,0.0,0.0
0.0,0.0,0.6774193548387096,0.8387096774193549,0.8387096774193549,53.81600000000002,6.0606060606060606,0.0,0.0,0.0,0.0,0.0,0.0,0.0,0.027777777777777776,0.0,0.49171270718232046,0.6795580110497238,0.7739024390243903,133.53998941456675,3.79746835443038,0.0,0.0,7.59493670886076,0.0,0.8438818565400844,0.0,0.0
0.0,0.0,0.36363636363636365,1.0,1.0,11.0,8.333333333333334,0.0,0.0,0.0,0.0,0.0,0.0,0.0,0.014492753623188406,0.0,0.45714285714285713,0.7714285714285715,0.7714285714285715,85.75000000000003,4.761904761904762,0.0,0.0,1.1904761904761905,0.0,0.0,1.1904761904761905,0.0
0.0,0.0,0.4642857142857143,0.9642857142857143,0.9642857142857143,219.52000000000015,6.451612903225806,0.0,0.0,3.225806451612903,0.0,0.0,0.0,0.0,0.028169014084507043,0.014285714285714285,0.4027777777777778,0.8055555555555556,0.8055555555555556,103.68000000000002,4.301075268817204,0.0,0.0,3.225806451612903,0.0,0.0,0.0,0.0
0.0,0.0,0.0,1.0,1.0,,57.142857142857146,0.0,14.285714285714286,0.0,0.0,42.85714285714286,0.0,0.0,0.008928571428571428,0.0,0.4247787610619469,0.7433628318584071,0.7778571428571428,123.28689655172417,5.263157894736842,0.0,0.0,2.2556390977443606,0.0,1.5037593984962405,0.0,0.0
0.0,0.0,0.3333333333333333,1.0,1.0,,10.0,0.0,0.0,0.0,0.0,0.0,0.0,0.0,0.007575757575757576,0.0,0.45864661654135336,0.7518796992481203,0.8235294117647058,150.08848484848482,3.870967741935484,0.0,0.0,3.225806451612903,0.0,0.0,0.0,0.0
0.0,0.0,0.4666666666666667,0.9333333333333333,0.9333333333333333,63.00000000000002,6.25,0.0,0.0,0.0,0.0,0.0,0.0,0.0,0.010101010101010102,0.0,0.43,0.78,0.78,127.2727272727273,3.4482758620689653,0.0,0.0,3.4482758620689653,0.0,1.7241379310344827,0.0,0.0
0.0,0.0,0.35294117647058826,0.9411764705882353,0.9411764705882353,80.91999999999999,15.0,0.0,0.0,0.0,0.0,0.0,0.0,0.0,0.037037037037037035,0.0,0.47368421052631576,0.6736842105263158,0.768241758241758,132.68437385907265,4.329004329004329,0.0,0.0,3.463203463203463,0.0,0.8658008658008658,0.4329004329004329,0.0
0.0,0.0,0.7,1.0,1.0,10.0,7.6923076923076925,0.0,7.6923076923076925,0.0,0.0,0.0,0.0,0.0,0.02242152466367713,0.0,0.5044642857142857,0.6428571428571429,0.7565599999999999,125.38661642454593,3.7735849056603774,0.0,0.0,3.3962264150943398,0.0,1.1320754716981134,0.37735849056603776,0.0
0.030612244897959183,0.010309278350515464,0.46464646464646464,0.7474747474747475,0.7474747474747475,109.77120000000004,9.734513274336283,0.0,0.0,1.7699115044247788,0.0,0.0,0.0,0.0,0.010471204188481676,0.0,0.5,0.703125,0.8034408602150536,163.59763313609466,4.741379310344827,0.0,0.0,4.741379310344827,0.0,0.0,0.43103448275862066,0.0
0.03125,0.0,0.5257731958762887,0.7525773195876289,0.7525773195876289,109.77166666666668,7.017543859649122,0.0,0.0,1.7543859649122806,0.0,0.0,0.0,0.0,0.023121387283236993,0.0,0.4827586206896552,0.6724137931034483,0.7594666666666666,121.37092862092862,5.238095238095238,0.0,0.0,3.333333333333333,0.0,0.9523809523809523,0.0,0.0
0.0,0.0,0.475,0.9,0.9,112.00000000000003,6.521739130434782,0.0,0.0,2.1739130434782608,0.0,0.0,0.0,0.0,0.005050505050505051,0.0,0.49246231155778897,0.6834170854271356,0.7743000000000001,137.84976093022112,5.531914893617022,0.0,0.0,2.978723404255319,0.0,1.2765957446808511,0.425531914893617,0.0
0.0,0.0,0.5294117647058824,0.7647058823529411,0.7647058823529411,60.68999999999999,6.557377049180328,0.0,0.0,3.278688524590164,0.0,1.639344262295082,0.0,0.0,0.022058823529411766,0.0,0.48905109489051096,0.656934306569343,0.6957894736842105,96.97622205110656,4.9079754601226995,0.0,0.0,1.8404907975460123,0.0,0.6134969325153374,0.0,0.0
0.0,0.0,0.0,1.0,1.0,,0.0,0.0,0.0,0.0,0.0,0.0,0.0,0.0,0.014705882352941176,0.0,0.45255474452554745,0.708029197080292,0.7692105263157896,137.0,4.4303797468354436,0.0,0.0,1.89873417721519,0.0,0.0,0.0,0.0
0.0,0.0,0.36585365853658536,0.926829268292683,0.926829268292683,156.89333333333346,4.081632653061225,0.0,0.0,6.122448979591837,0.0,2.0408163265306123,0.0,0.0,0.022058823529411766,0.0,0.48905109489051096,0.708029197080292,0.7673684210526317,137.0,4.242424242424242,0.0,0.0,3.6363636363636367,0.0,0.0,0.0,0.0
0.0,0.0,0.6,1.0,1.0,10.0,0.0,0.0,0.0,0.0,0.0,0.0,0.0,0.0,0.0,0.0,0.4126984126984127,0.7222222222222222,0.7455555555555555,126.0,4.57516339869281,0.0,0.0,4.57516339869281,0.0,0.0,0.0,0.0
0.0,0.0,0.26666666666666666,1.0,1.0,15.0,4.761904761904762,0.0,4.761904761904762,9.523809523809524,0.0,0.0,0.0,0.0,0.0,0.0,0.4675324675324675,0.7922077922077922,0.7922077922077922,103.75750000000002,5.555555555555555,0.0,0.0,3.3333333333333335,0.0,0.0,0.0,0.0
0.0,0.0,0.55,0.95,0.95,111.99999999999991,4.0,0.0,0.0,8.0,0.0,0.0,0.0,0.0,0.0,0.0,0.46153846153846156,0.7692307692307693,0.7692307692307693,78.86666666666669,5.405405405405405,0.0,1.3513513513513513,1.3513513513513513,0.0,0.0,0.0,0.0
0.0,0.0,0.25,1.0,1.0,,20.0,0.0,0.0,0.0,0.0,0.0,0.0,0.0,0.03125,0.007874015748031496,0.5038759689922481,0.6744186046511628,0.7286666666666666,96.01282174414138,3.8461538461538467,0.0,0.0,4.487179487179487,0.0,0.6410256410256411,0.6410256410256411,0.0
0.0,0.0,0.4583333333333333,0.875,0.875,107.52000000000001,5.88235294117647,0.0,0.0,0.0,0.0,0.0,0.0,0.0,0.0,0.0,0.4111111111111111,0.8,0.8,126.00000000000004,4.62962962962963,0.0,0.0,4.62962962962963,0.0,0.9259259259259259,0.0,0.0
0.0,0.0,0.13157894736842105,0.8947368421052632,0.8947368421052632,101.08000000000003,13.432835820895523,0.0,0.0,13.432835820895523,0.0,1.492537313432836,5.970149253731344,0.0,0.019230769230769232,0.0,0.4380952380952381,0.7523809523809524,0.75,118.73076923076923,4.0650406504065035,0.0,0.0,3.252032520325203,0.0,0.0,0.8130081300813008,0.0
0.012448132780082987,0.0,0.3512396694214876,0.7272727272727273,0.8247552447552446,245.2266666666667,9.03010033444816,0.0,0.0,6.354515050167224,0.33444816053511706,2.6755852842809364,0.33444816053511706,0.0,0.016260162601626018,0.0,0.46774193548387094,0.7580645161290323,0.7983999999999999,143.50933333333333,4.081632653061225,0.0,0.0,3.401360544217687,0.0,1.3605442176870748,0.6802721088435374,0.0
0.0,0.0,0.5294117647058824,0.9411764705882353,0.9411764705882353,80.91999999999999,10.526315789473685,0.0,0.0,0.0,0.0,0.0,0.0,0.0,0.02112676056338028,0.0,0.35664335664335667,0.7412587412587412,0.7806818181818184,154.7491891891892,4.787234042553191,0.0,0.0,3.1914893617021276,0.0,0.5319148936170213,1.5957446808510638,0.0
0.0,0.0,0.5217391304347826,0.8478260869565217,0.8478260869565217,84.64,7.6923076923076925,0.0,0.0,1.9230769230769231,0.0,1.9230769230769231,0.0,0.0,0.007407407407407408,0.0,0.41911764705882354,0.75,0.8083783783783781,152.32000000000002,3.278688524590164,0.0,0.0,7.103825136612023,0.0,2.185792349726776,1.092896174863388,0.0
0.0,0.0,0.42424242424242425,1.0,1.0,33.0,12.820512820512821,0.0,0.0,0.0,0.0,2.5641025641025643,0.0,0.0,0.0,0.0,0.33088235294117646,0.8161764705882353,0.847027027027027,207.1552,3.825136612021858,0.0,0.0,5.464480874316941,0.0,1.092896174863388,1.639344262295082,0.0
0.0,0.0,0.2,1.0,1.0,10.0,15.384615384615385,0.0,0.0,7.6923076923076925,0.0,0.0,0.0,0.0,0.006711409395973154,0.0,0.42,0.76,0.833921568627451,128.5723789249601,4.18848167539267,0.0,0.0,3.6649214659685865,0.0,1.5706806282722514,2.094240837696335,0.0
0.0,0.0,0.42857142857142855,0.8571428571428571,0.8571428571428571,96.03999999999998,5.357142857142858,0.0,0.0,7.142857142857143,0.0,0.0,0.0,0.0,0.0125,0.0,0.391304347826087,0.7391304347826086,0.8114516129032259,172.80666666666664,3.8095238095238093,0.0,0.0,5.7142857142857135,0.0,1.4285714285714284,0.47619047619047616,0.0
0.0,0.0,0.5,1.0,1.0,,0.0,11.11111111111111,0.0,0.0,0.0,0.0,0.0,0.0,0.0,0.0,0.5294117647058824,0.8529411764705882,0.8529411764705882,64.736,5.2631578947368425,2.6315789473684212,0.0,2.6315789473684212,0.0,0.0,0.0,0.0
0.0,0.0,0.5,1.0,1.0,,20.0,0.0,0.0,0.0,0.0,0.0,0.0,0.0,0.0,0.0,0.42424242424242425,0.8787878787878788,0.8787878787878788,76.23,5.405405405405405,2.7027027027027026,0.0,2.7027027027027026,0.0,0.0,0.0,0.0
0.0,0.0,0.5,1.0,1.0,,0.0,33.333333333333336,0.0,0.0,0.0,0.0,0.0,0.0,0.0,0.0,0.45161290322580644,0.9032258064516129,0.9032258064516129,89.69333333333331,5.714285714285714,2.857142857142857,0.0,2.857142857142857,0.0,0.0,0.0,0.0
0.0,0.0,0.4,1.0,1.0,,0.0,0.0,0.0,16.666666666666668,0.0,0.0,0.0,0.0,0.0,0.0,0.391304347826087,0.9565217391304348,0.9565217391304348,148.12000000000012,7.407407407407407,3.7037037037037037,0.0,0.0,0.0,3.7037037037037037,0.0,0.0
0.0,0.0,0.5714285714285714,1.0,1.0,,0.0,0.0,0.0,0.0,0.0,12.5,0.0,0.0,0.0,0.0,0.4,1.0,1.0,25.0,7.407407407407407,0.0,0.0,0.0,0.0,0.0,0.0,0.0
0.0,0.0,0.36363636363636365,1.0,1.0,11.0,8.333333333333334,0.0,0.0,0.0,0.0,0.0,0.0,0.0,0.01,0.0,0.47761194029850745,0.7114427860696517,0.795,201.0,4.016064257028113,0.0,0.0,3.21285140562249,0.0,1.2048192771084336,1.2048192771084336,0.0
0.0,0.0,0.4666666666666667,0.9333333333333333,0.9333333333333333,63.00000000000002,11.764705882352942,0.0,0.0,0.0,0.0,0.0,0.0,0.0,0.0049504950495049506,0.0,0.4630541871921182,0.6896551724137931,0.8047115384615384,166.99316305469557,4.4897959183673475,0.0,0.0,3.673469387755102,0.0,1.2244897959183674,0.40816326530612246,0.0
0.0,0.0,0.43478260869565216,0.9130434782608695,0.9130434782608695,74.05999999999996,10.0,0.0,0.0,6.666666666666667,0.0,0.0,0.0,0.0,0.005649717514124294,0.0,0.46629213483146065,0.7471910112359551,0.8370886075949369,197.14488888888894,4.672897196261682,0.0,0.0,3.2710280373831777,0.0,0.4672897196261682,0.4672897196261682,0.0
0.008264462809917356,0.0,0.4426229508196721,0.7295081967213115,0.76,126.28848484848488,5.755395683453237,0.7194244604316546,0.0,3.597122302158273,0.0,0.0,0.0,0.0,0.010416666666666666,0.0,0.48186528497409326,0.694300518134715,0.776276595744681,150.85078981700218,3.896103896103896,0.0,0.4329004329004329,2.5974025974025974,0.0,0.8658008658008658,0.0,0.0
0.0547945205479452,0.013888888888888888,0.5675675675675675,0.7027027027027027,0.7027027027027027,53.18938396941781,5.617977528089888,1.1235955056179776,1.1235955056179776,6.741573033707866,0.0,2.247191011235955,0.0,0.0,0.02843601895734597,0.009523809523809525,0.4669811320754717,0.6698113207547169,0.7723893805309734,141.90150547621812,3.187250996015936,0.0,0.0,3.585657370517928,0.0,0.796812749003984,0.398406374501992,0.0
0.0,0.0,0.3902439024390244,0.9024390243902439,0.9024390243902439,117.67000000000004,4.25531914893617,0.0,0.0,6.382978723404255,0.0,0.0,0.0,0.0,0.014598540145985401,0.0,0.427536231884058,0.7463768115942029,0.8115384615384615,152.352,4.294478527607362,0.0,0.0,2.4539877300613497,0.0,1.8404907975460123,0.0,0.0
0.0,0.0,0.5416666666666666,0.8333333333333334,0.8333333333333334,80.64000000000003,5.454545454545454,3.6363636363636362,0.0,1.8181818181818181,0.0,0.0,0.0,1.8181818181818181,0.0,0.0,0.389937106918239,0.6918238993710691,0.7778333333333334,150.28289473684214,3.804347826086956,0.0,0.0,2.717391304347826,0.0,1.6304347826086956,0.0,0.0
0.028985507246376812,0.0,0.5142857142857142,0.7285714285714285,0.7285714285714285,71.10526315789474,7.0588235294117645,1.1764705882352942,0.0,4.705882352941177,0.0,1.1764705882352942,0.0,0.0,0.0,0.0,0.3984375,0.765625,0.8244827586206895,152.91733333333335,4.516129032258064,0.0,0.0,3.870967741935484,0.0,2.5806451612903225,0.0,0.0
0.037037037037037035,0.0,0.32142857142857145,0.6785714285714286,0.6785714285714286,28.0,0.0,0.0,0.0,6.451612903225806,0.0,0.0,0.0,0.0,0.0,0.0,0.39263803680981596,0.7484662576687117,0.823125,181.4468292682927,6.730769230769231,0.0,0.0,2.8846153846153846,0.0,1.9230769230769231,0.4807692307692308,0.0
0.0,0.0,0.0,1.0,1.0,,0.0,0.0,0.0,0.0,0.0,0.0,0.0,0.0,0.015228426395939087,0.0,0.48484848484848486,0.6717171717171717,0.7532323232323231,116.52089081592432,6.024096385542169,0.0,0.0,3.6144578313253013,0.0,1.2048192771084336,0.8032128514056225,0.0
0.0,0.0,0.5384615384615384,0.9230769230769231,0.9230769230769231,47.320000000000036,7.142857142857143,0.0,0.0,0.0,0.0,0.0,0.0,0.0,0.013986013986013986,0.0,0.4166666666666667,0.6944444444444444,0.7451111111111112,117.7357743691242,5.699481865284974,0.0,0.0,3.6269430051813467,0.0,2.0725388601036268,0.0,0.0
0.0,0.0,0.42857142857142855,1.0,1.0,,35.714285714285715,0.0,0.0,7.142857142857143,0.0,42.85714285714286,0.0,0.0,0.01675977653631285,0.0,0.39444444444444443,0.6666666666666666,0.7704938271604939,132.32414960751115,5.9071729957805905,0.0,0.0,2.109704641350211,0.0,1.6877637130801688,0.0,0.0
0.0,0.0,0.5,1.0,1.0,,0.0,0.0,0.0,0.0,0.0,0.0,0.0,0.0,0.011428571428571429,0.0,0.4659090909090909,0.6761363636363636,0.7679220779220779,138.69676750663987,6.08695652173913,0.0,0.0,2.1739130434782608,0.0,1.7391304347826086,0.0,0.0
0.0,0.0,0.5961538461538461,0.8653846153846154,0.8653846153846154,108.16000000000004,6.896551724137931,0.0,0.0,1.7241379310344827,0.0,0.0,0.0,0.0,0.0,0.0,0.44785276073619634,0.7055214723926381,0.77875,148.85069444444446,7.042253521126761,0.0,0.0,2.816901408450704,0.0,1.8779342723004695,0.0,0.0
0.0625,0.0,0.6470588235294118,0.8235294117647058,0.8235294117647058,26.97333333333333,13.636363636363637,0.0,4.545454545454546,4.545454545454546,0.0,4.545454545454546,0.0,0.0,0.006097560975609756,0.0,0.43636363636363634,0.696969696969697,0.8148484848484848,165.0,6.751054852320675,0.0,0.0,2.109704641350211,0.0,1.2658227848101267,0.0,0.0
0.0,0.0,0.35714285714285715,0.9285714285714286,0.9285714285714286,54.88000000000004,5.882352941176471,0.0,0.0,5.882352941176471,0.0,0.0,0.0,0.0,0.015463917525773196,0.0,0.4717948717948718,0.6717948717948717,0.7511458333333335,129.47142092229439,5.577689243027888,0.0,0.0,3.187250996015936,0.0,1.593625498007968,0.398406374501992,0.0
0.0,0.0,0.5,1.0,1.0,,20.0,0.0,0.0,0.0,0.0,0.0,0.0,0.0,0.0,0.0,0.45,0.8833333333333333,0.8833333333333333,143.99999999999997,3.896103896103896,0.0,0.0,6.4935064935064934,0.0,1.2987012987012987,0.0,0.0
0.0,0.0,0.5,0.9090909090909091,0.9090909090909091,67.75999999999999,11.11111111111111,0.0,0.0,0.0,0.0,0.0,0.0,0.0,0.0,0.0,0.4489795918367347,0.8163265306122449,0.8163265306122449,74.6977777777778,5.0,0.0,0.0,6.666666666666667,0.0,0.0,1.6666666666666667,0.0
0.0,0.0,0.75,1.0,1.0,,0.0,0.0,11.11111111111111,0.0,0.0,0.0,0.0,0.0,0.0,0.0,0.35294117647058826,0.9705882352941176,0.9705882352941176,323.67999999999995,6.521739130434782,0.0,0.0,6.521739130434782,0.0,0.0,4.3478260869565215,0.0
0.0,0.0,0.7,1.0,1.0,10.0,16.666666666666668,0.0,0.0,0.0,0.0,0.0,0.0,0.0,0.018867924528301886,0.0,0.42592592592592593,0.8703703703703703,0.8703703703703703,116.64,4.225352112676056,0.0,0.0,5.633802816901408,0.0,1.408450704225352,0.0,0.0
0.0,0.0,0.56,0.92,0.92,87.50000000000006,6.896551724137931,0.0,0.0,0.0,0.0,0.0,0.0,0.0,0.0,0.0,0.45901639344262296,0.819672131147541,0.819672131147541,94.71636363636367,5.128205128205129,0.0,0.0,5.128205128205129,0.0,2.5641025641025643,2.5641025641025643,0.0
0.0,0.0,0.5,0.8333333333333334,0.8333333333333334,60.480000000000025,4.651162790697675,0.0,0.0,6.976744186046512,0.0,0.0,0.0,0.0,0.0,0.0,0.39285714285714285,0.7857142857142857,0.7857142857142857,73.17333333333333,4.3478260869565215,0.0,0.0,5.797101449275362,0.0,1.4492753623188406,1.4492753623188406,0.0
0.034482758620689655,0.0,0.3333333333333333,0.8,0.8,32.55963302752294,0.0,0.0,0.0,4.545454545454546,0.0,4.545454545454546,0.0,0.0,0.0,0.0,0.4897959183673469,0.8775510204081632,0.8775510204081632,112.04666666666665,4.838709677419354,0.0,0.0,6.451612903225806,0.0,0.0,3.225806451612903,0.0
0.020618556701030927,0.0,0.5204081632653061,0.7244897959183674,0.7244897959183674,99.59703703703705,2.7777777777777777,0.0,0.9259259259259259,0.0,0.0,0.0,0.0,0.0,0.0,0.0,0.42857142857142855,0.7428571428571429,0.7428571428571429,76.22222222222224,4.705882352941177,0.0,0.0,4.705882352941177,0.0,1.1764705882352942,2.3529411764705883,0.0
0.0,0.0,0.44680851063829785,0.7872340425531915,0.7872340425531915,44.5057373358349,8.47457627118644,0.0,0.0,5.084745762711864,0.0,0.0,0.0,1.694915254237288,0.0,0.0,0.4827586206896552,0.8793103448275862,0.8793103448275862,134.56,4.10958904109589,0.0,0.0,2.73972602739726,0.0,1.36986301369863,0.0,0.0
0.0,0.0,0.6875,0.875,0.875,35.84,5.882352941176471,0.0,0.0,0.0,0.0,0.0,0.0,0.0,0.0,0.0,0.3488372093023256,0.9069767441860465,0.9069767441860465,129.42999999999992,5.660377358490566,0.0,0.0,5.660377358490566,0.0,0.0,3.7735849056603774,0.0
0.0,0.0,0.4426229508196721,0.8852459016393442,0.8852459016393442,148.84,8.823529411764707,0.0,0.0,2.9411764705882355,0.0,0.0,0.0,0.0,0.0,0.0,0.3898305084745763,0.847457627118644,0.847457627118644,108.29777777777775,5.47945205479452,0.0,0.0,6.8493150684931505,0.0,0.0,2.73972602739726,0.0
0.0,0.0,0.6,1.0,1.0,10.0,7.142857142857143,0.0,7.142857142857143,0.0,0.0,0.0,0.0,0.0,0.0,0.0,0.4482758620689655,0.8620689655172413,0.8620689655172413,117.73999999999997,4.166666666666666,0.0,0.0,2.7777777777777777,0.0,0.0,1.3888888888888888,0.0
0.0,0.0,0.6363636363636364,0.9545454545454546,0.9545454545454546,135.52000000000015,11.11111111111111,0.0,7.407407407407407,0.0,0.0,0.0,0.0,3.7037037037037037,0.0,0.0,0.38095238095238093,0.9285714285714286,0.9285714285714286,164.6400000000001,5.555555555555555,0.0,0.0,7.407407407407407,0.0,0.0,3.7037037037037037,0.0
0.09090909090909091,0.07407407407407407,0.32142857142857145,0.6785714285714286,0.6785714285714286,33.71597633136095,5.4945054945054945,0.0,0.0,9.89010989010989,0.0,0.0,0.0,1.098901098901099,0.0,0.0,0.40625,0.8125,0.8125,95.57333333333334,3.79746835443038,0.0,0.0,6.329113924050633,0.0,1.2658227848101267,1.2658227848101267,0.0
0.0,0.0,0.5882352941176471,0.9411764705882353,0.9411764705882353,80.91999999999999,0.0,0.0,0.0,0.0,0.0,0.0,0.0,0.0,0.0,0.0,0.4523809523809524,0.9047619047619048,0.9047619047619048,123.48000000000002,5.555555555555555,0.0,0.0,5.555555555555555,0.0,0.0,3.7037037037037037,0.0
0.0,0.0,0.6206896551724138,0.8275862068965517,0.8275862068965517,47.096,0.0,3.125,0.0,6.25,0.0,0.0,0.0,0.0,0.0,0.0,0.4603174603174603,0.7619047619047619,0.7619047619047619,74.088,4.938271604938271,0.0,0.0,7.4074074074074066,0.0,1.2345679012345678,3.7037037037037033,0.0
0.0,0.0,0.5555555555555556,0.8666666666666667,0.8666666666666667,94.50000000000003,8.47457627118644,1.694915254237288,0.0,5.084745762711864,0.0,0.0,0.0,0.0,0.0,0.0,0.45098039215686275,0.8627450980392157,0.8627450980392157,104.04000000000003,5.882352941176471,0.0,0.0,5.882352941176471,0.0,0.0,1.4705882352941178,0.0
0.0,0.0,0.4,1.0,1.0,,12.5,0.0,0.0,0.0,0.0,0.0,0.0,0.0,0.0,0.0,0.4186046511627907,0.8372093023255814,0.8372093023255814,73.96000000000002,5.084745762711864,0.0,0.0,8.47457627118644,0.0,1.694915254237288,3.389830508474576,0.0
0.0,0.0,0.375,1.0,1.0,,30.0,0.0,0.0,10.0,0.0,0.0,0.0,10.0,0.0,0.0,0.375,0.8333333333333334,0.8333333333333334,80.64000000000003,4.838709677419354,0.0,0.0,6.451612903225806,0.0,0.0,1.6129032258064515,0.0
0.0,0.0,0.42857142857142855,1.0,1.0,14.0,15.789473684210527,0.0,5.2631578947368425,15.789473684210527,0.0,0.0,0.0,5.2631578947368425,0.0,0.0,0.5352112676056338,0.8028169014084507,0.8028169014084507,100.82000000000002,2.380952380952381,0.0,1.1904761904761905,2.380952380952381,0.0,0.0,0.0,0.0
0.0,0.0,0.5641025641025641,0.8205128205128205,0.8205128205128205,60.839999999999996,9.090909090909092,0.0,0.0,2.272727272727273,0.0,0.0,0.0,0.0,0.0,0.0,0.44285714285714284,0.7285714285714285,0.7285714285714285,72.21052631578947,3.4482758620689653,0.0,2.2988505747126435,2.2988505747126435,0.0,0.0,0.0,0.0
0.017857142857142856,0.0,0.5263157894736842,0.7192982456140351,0.7192982456140351,51.7992700729927,6.153846153846154,0.0,0.0,1.5384615384615385,0.0,0.0,0.0,0.0,0.056338028169014086,0.014150943396226415,0.5747663551401869,0.5747663551401869,0.6963478260869567,88.97314049586777,3.585657370517928,0.0,0.398406374501992,3.585657370517928,0.0,0.796812749003984,0.0,0.0
0.0,0.0,0.4,1.0,1.0,,0.0,0.0,37.5,0.0,0.0,0.0,0.0,0.0,0.03184713375796178,0.0,0.5443037974683544,0.6582278481012658,0.7496610169491528,115.06926631459825,3.723404255319149,0.0,0.5319148936170213,4.25531914893617,0.0,1.0638297872340425,0.0,0.0
0.0,0.0,0.0,1.0,1.0,,0.0,0.0,0.0,0.0,0.0,0.0,0.0,0.0,0.007246376811594203,0.0,0.5179856115107914,0.7194244604316546,0.7695000000000001,139.0,4.848484848484849,0.0,1.2121212121212122,2.4242424242424243,0.0,1.8181818181818183,0.6060606060606061,0.0
0.0,0.0,0.5714285714285714,1.0,1.0,14.0,0.0,0.0,0.0,6.666666666666667,0.0,0.0,0.0,0.0,0.03333333333333333,0.004784688995215311,0.4786729857819905,0.6208530805687204,0.7816071428571428,120.60864293104589,5.34351145038168,0.0,0.0,3.435114503816794,0.0,1.1450381679389314,0.0,0.0
0.0,0.0,0.5357142857142857,0.8214285714285714,0.8214285714285714,87.80799999999999,4.761904761904762,0.0,4.761904761904762,0.0,0.0,0.0,0.0,0.0,0.03864734299516908,0.009708737864077669,0.5432692307692307,0.6057692307692307,0.6942201834862384,86.472351681572,4.330708661417323,0.0,0.7874015748031497,4.330708661417323,0.0,1.1811023622047245,0.0,0.0
0.0,0.0,0.5,1.0,1.0,,0.0,0.0,14.285714285714286,0.0,0.0,0.0,0.0,0.0,0.07643312101910828,0.00641025641025641,0.5822784810126582,0.5886075949367089,0.6586440677966101,69.39189189189189,4.522613065326633,0.0,1.507537688442211,3.517587939698492,0.0,1.0050251256281406,0.0,0.0
0.0,0.0,0.8,0.8,0.8,35.00000000000001,12.121212121212121,0.0,0.0,6.0606060606060606,0.0,0.0,0.0,0.0,0.04519774011299435,0.005681818181818182,0.5449438202247191,0.6348314606741573,0.7113924050632912,78.95023345372186,4.090909090909091,0.0,0.0,4.545454545454545,0.0,0.9090909090909091,0.0,0.0
0.047619047619047616,0.0,0.625,0.71875,0.71875,52.40579710144928,9.333333333333332,0.0,0.0,1.3333333333333333,0.0,0.0,0.0,0.0,0.03488372093023256,0.0,0.5433526011560693,0.6069364161849711,0.6943243243243242,78.60766423357666,4.30622009569378,0.0,0.0,3.349282296650718,0.0,0.4784688995215311,0.4784688995215311,0.0
0.0,0.0,0.5555555555555556,1.0,1.0,,0.0,0.0,10.0,0.0,0.0,0.0,0.0,0.0,0.029069767441860465,0.0,0.5780346820809249,0.6069364161849711,0.6814864864864865,45.93616687578419,3.333333333333333,0.0,0.9523809523809523,2.8571428571428568,0.0,0.47619047619047616,0.47619047619047616,0.0
0.0,0.0,0.0,1.0,1.0,,20.0,0.0,0.0,20.0,0.0,0.0,0.0,0.0,0.05339805825242718,0.01951219512195122,0.5410628019323671,0.5797101449275363,0.7130555555555554,86.81956776917397,3.7344398340248963,0.0,0.0,2.9045643153526974,0.0,0.0,0.0,0.0
0.0,0.0,0.5789473684210527,0.9473684210526315,0.9473684210526315,101.07999999999991,0.0,0.0,4.545454545454546,0.0,0.0,4.545454545454546,0.0,0.0,0.032407407407407406,0.0,0.5576036866359447,0.5806451612903226,0.6685593220338987,76.25628383604021,3.7174721189591073,0.0,0.37174721189591076,3.7174721189591073,0.0,0.37174721189591076,0.7434944237918215,0.0
0.0,0.0,0.5806451612903226,0.8064516129032258,0.8064516129032258,34.3682874617737,11.428571428571429,0.0,0.0,0.0,0.0,0.0,0.0,0.0,0.0440251572327044,0.006329113924050633,0.54375,0.625,0.700655737704918,74.52220201887184,3.10880829015544,0.0,0.5181347150259067,3.10880829015544,0.0,0.5181347150259067,0.0,0.0
0.0,0.0,0.0,1.0,1.0,,0.0,0.0,50.0,0.0,0.0,0.0,0.0,0.0,0.03888888888888889,0.00558659217877095,0.4861878453038674,0.6353591160220995,0.7145121951219512,106.12723548792314,3.896103896103896,0.0,0.4329004329004329,5.194805194805195,0.0,0.4329004329004329,0.4329004329004329,0.0
0.03278688524590164,0.016666666666666666,0.5161290322580645,0.8064516129032258,0.8064516129032258,89.69333333333331,11.11111111111111,0.0,0.0,4.166666666666666,0.0,0.0,0.0,0.0,0.06936416184971098,0.011627906976744186,0.5977011494252874,0.5977011494252874,0.6743999999999999,73.85406366312984,3.3175355450236967,0.0,0.0,3.7914691943127963,0.0,0.9478672985781991,0.47393364928909953,0.0
0.0,0.0,0.5357142857142857,0.8928571428571429,0.8928571428571429,73.17333333333337,10.81081081081081,0.0,5.405405405405405,2.7027027027027026,0.0,0.0,0.0,0.0,0.05025125628140704,0.0,0.55,0.6,0.7002970297029705,82.64276376622134,4.081632653061225,0.0,0.8163265306122449,4.8979591836734695,0.0,0.0,0.40816326530612246,0.0
0.0,0.0,0.5510204081632653,0.8163265306122449,0.8163265306122449,74.6977777777778,11.475409836065573,0.0,0.0,1.639344262295082,0.0,0.0,0.0,0.0,0.05583756345177665,0.030612244897959183,0.5252525252525253,0.6262626262626263,0.7452525252525252,105.78370596205961,3.7656903765690375,0.0,0.41841004184100417,5.439330543933054,0.0,0.41841004184100417,0.41841004184100417,0.0
0.0,0.0,0.4375,1.0,1.0,16.0,11.11111111111111,0.0,0.0,5.555555555555555,0.0,0.0,0.0,0.0,0.04678362573099415,0.0,0.5523255813953488,0.6104651162790697,0.6791780821917807,76.53754752851711,3.7735849056603774,0.0,0.4716981132075472,4.716981132075472,0.0,0.4716981132075472,0.0,0.0
0.0,0.0,0.7368421052631579,0.8947368421052632,0.8947368421052632,50.54000000000001,13.636363636363637,0.0,4.545454545454546,4.545454545454546,0.0,0.0,0.0,4.545454545454546,0.021164021164021163,0.0,0.5105263157894737,0.6421052631578947,0.737032967032967,110.16013755434585,4.680851063829787,0.0,0.425531914893617,4.25531914893617,0.0,0.425531914893617,0.425531914893617,0.0
0.0,0.0,0.7777777777777778,1.0,1.0,,0.0,0.0,9.090909090909092,0.0,0.0,9.090909090909092,0.0,0.0,0.03804347826086957,0.00546448087431694,0.518918918918919,0.6702702702702703,0.7604651162790699,115.56477261344287,3.669724770642202,0.0,0.45871559633027525,3.669724770642202,0.0,0.45871559633027525,0.0,0.0
0.0,0.0,0.75,1.0,1.0,,20.0,0.0,0.0,0.0,0.0,0.0,0.0,0.0,0.05851063829787234,0.016042780748663103,0.5343915343915344,0.6455026455026455,0.7274444444444444,108.21586715867161,3.9823008849557526,0.0,0.4424778761061947,3.9823008849557526,0.0,0.8849557522123894,0.0,0.0
0.21052631578947367,0.1111111111111111,0.75,0.6,0.6,20.0,4.545454545454546,0.0,0.0,4.545454545454546,0.0,0.0,0.0,0.0,0.005714285714285714,0.0,0.5454545454545454,0.6193181818181818,0.7103896103896103,95.14267471082769,4.784688995215311,0.0,0.4784688995215311,2.8708133971291865,0.0,0.4784688995215311,0.0,0.0
0.0,0.0,0.5833333333333334,1.0,1.0,12.0,7.142857142857143,0.0,0.0,7.142857142857143,0.0,0.0,0.0,0.0,0.054945054945054944,0.016574585635359115,0.5519125683060109,0.6065573770491803,0.6766666666666667,81.12095967159993,4.090909090909091,0.0,0.45454545454545453,3.6363636363636362,0.0,0.9090909090909091,0.0,0.0
0.0,0.0,0.65625,0.9375,0.9375,143.36,8.823529411764707,0.0,0.0,0.0,0.0,0.0,0.0,0.0,0.022935779816513763,0.0,0.5251141552511416,0.6210045662100456,0.7479166666666667,100.96309771309771,4.166666666666667,0.0,0.0,3.787878787878788,0.0,1.1363636363636362,0.0,0.0
0.0,0.0,0.6078431372549019,0.7254901960784313,0.7254901960784313,42.467446808510644,3.4482758620689653,0.0,3.4482758620689653,1.7241379310344827,0.0,0.0,0.0,0.0,0.03910614525139665,0.0056179775280898875,0.5777777777777777,0.6055555555555555,0.6935802469135801,90.0,4.10958904109589,0.0,0.45662100456621,1.36986301369863,0.0,0.45662100456621,0.45662100456621,0.0
0.0,0.0,0.6,1.0,1.0,,28.571428571428573,0.0,0.0,0.0,0.0,0.0,0.0,0.0,0.03225806451612903,0.005405405405405406,0.5775401069518716,0.6203208556149733,0.6948863636363636,94.41666666666666,2.7777777777777777,0.0,0.46296296296296297,1.8518518518518519,0.0,0.46296296296296297,0.0,0.0
0.0,0.0,0.5454545454545454,0.9090909090909091,0.9090909090909091,33.879999999999995,0.0,0.0,12.5,0.0,0.0,0.0,0.0,0.0,0.05025125628140704,0.015151515151515152,0.545,0.6,0.7153465346534653,87.92270531400966,3.8297872340425534,0.0,0.0,2.5531914893617023,0.0,0.425531914893617,0.0,0.0
0.0,0.0,0.47058823529411764,1.0,1.0,17.0,15.0,0.0,0.0,5.0,0.0,5.0,0.0,0.0,0.017341040462427744,0.005813953488372093,0.5057471264367817,0.6666666666666666,0.7393333333333333,104.41219993726591,4.716981132075472,0.0,0.0,4.245283018867925,0.0,0.4716981132075472,0.4716981132075472,0.0
0.0,0.0,0.8181818181818182,0.8636363636363636,0.8636363636363636,45.17333333333334,8.0,0.0,0.0,4.0,0.0,0.0,0.0,0.0,0.05945945945945946,0.016304347826086956,0.5645161290322581,0.6129032258064516,0.6972413793103446,86.97668393782382,4.524886877828054,0.0,0.45248868778280543,4.072398190045249,0.0,0.45248868778280543,0.45248868778280543,0.0
0.12,0.041666666666666664,0.6538461538461539,0.7692307692307693,0.7692307692307693,28.77333333333334,6.896551724137931,0.0,6.896551724137931,0.0,0.0,0.0,0.0,0.0,0.060109289617486336,0.005494505494505495,0.5543478260869565,0.6032608695652174,0.7142352941176471,82.84449005613348,3.6036036036036037,0.0,0.45045045045045046,2.7027027027027026,0.0,0.45045045045045046,0.45045045045045046,0.0
0.0,0.0,0.5454545454545454,0.9545454545454546,0.9545454545454546,135.52000000000015,8.333333333333334,0.0,0.0,0.0,0.0,0.0,0.0,0.0,0.023255813953488372,0.005847953216374269,0.5260115606936416,0.6184971098265896,0.6856756756756757,88.27093375497631,3.7735849056603774,0.0,1.4150943396226414,3.7735849056603774,0.0,0.4716981132075472,0.4716981132075472,0.0
0.0,0.0,0.65,0.85,0.85,37.333333333333336,9.090909090909092,0.0,0.0,0.0,0.0,0.0,0.0,0.0,0.024793388429752067,0.0,0.5409836065573771,0.680327868852459,0.6960869565217389,78.59865874816495,4.861111111111111,0.0,0.0,3.4722222222222223,0.0,0.0,0.6944444444444444,0.0
0.0,0.0,0.5882352941176471,0.8235294117647058,0.8235294117647058,80.91999999999999,5.555555555555555,0.0,0.0,1.8518518518518519,0.0,0.0,0.0,0.0,0.04838709677419355,0.0,0.52,0.704,0.7430769230769231,100.39370078740157,4.137931034482759,0.0,0.0,3.4482758620689657,0.0,0.0,0.0,0.0
0.02564102564102564,0.0,0.525,0.85,0.85,74.66666666666667,2.2222222222222223,0.0,0.0,4.444444444444445,0.0,0.0,0.0,0.0,0.0,0.0,0.4811320754716981,0.7547169811320755,0.7628571428571428,121.00307692307696,4.0650406504065035,0.0,0.0,4.0650406504065035,0.0,0.0,0.0,0.0
0.045454545454545456,0.023255813953488372,0.5555555555555556,0.7555555555555555,0.7555555555555555,45.460227272727266,7.6923076923076925,0.0,0.0,1.9230769230769231,0.0,0.0,0.0,0.0,0.031496062992125984,0.0,0.53125,0.6796875,0.7068965517241378,91.96677050882658,4.10958904109589,0.0,0.684931506849315,2.73972602739726,0.0,0.0,0.684931506849315,0.0
0.0,0.0,0.391304347826087,1.0,1.0,23.0,14.814814814814815,0.0,0.0,3.7037037037037037,0.0,0.0,0.0,0.0,0.016574585635359115,0.0,0.4945054945054945,0.6538461538461539,0.7706024096385542,115.12147655355639,3.686635944700461,0.0,0.0,5.0691244239631335,0.0,0.4608294930875576,0.0,0.0
0.0,0.0,0.5,1.0,1.0,14.0,0.0,0.0,5.555555555555555,11.11111111111111,0.0,0.0,0.0,0.0,0.01675977653631285,0.0,0.5277777777777778,0.6666666666666666,0.735679012345679,94.01820663177313,4.954954954954955,0.0,0.0,4.504504504504505,0.0,0.45045045045045046,0.45045045045045046,0.0
0.0,0.0,0.5957446808510638,0.7659574468085106,0.7659574468085106,56.229090909090914,0.0,3.6363636363636362,1.8181818181818181,5.454545454545454,0.0,1.8181818181818181,0.0,0.0,0.040229885057471264,0.0,0.5028571428571429,0.6342857142857142,0.7234210526315789,94.84989602809863,3.8095238095238093,0.0,0.0,5.238095238095238,0.0,0.47619047619047616,0.0,0.0
0.0,0.0,0.4838709677419355,0.9354838709677419,0.9354838709677419,134.5399999999999,0.0,0.0,2.9411764705882355,5.882352941176471,0.0,0.0,0.0,0.0,0.006535947712418301,0.0,0.4675324675324675,0.6948051948051948,0.7301818181818182,118.50381411784502,4.278074866310161,0.0,0.0,5.882352941176471,0.0,0.5347593582887701,0.0,0.0
0.0,0.0,0.5483870967741935,0.8225806451612904,0.8225806451612904,97.84727272727277,5.128205128205129,0.0,0.0,2.5641025641025643,0.0,0.0,0.0,0.0,0.06920415224913495,0.017361111111111112,0.5103448275862069,0.5586206896551724,0.7422513089005236,111.46860453888247,6.117021276595745,0.0,0.26595744680851063,4.25531914893617,0.0,1.5957446808510638,0.0,0.0
0.0,0.0,0.0,0.0,0.0,,0.0,0.0,0.0,0.0,0.0,0.0,0.0,0.0,0.02564102564102564,0.0,0.4978723404255319,0.625531914893617,0.7992647058823529,126.92089113783877,4.761904761904762,0.0,0.31746031746031744,4.1269841269841265,0.0,1.9047619047619047,0.0,0.0
0.0,0.0,0.5517241379310345,0.7931034482758621,0.7931034482758621,78.49333333333335,9.230769230769232,0.0,0.0,4.615384615384616,0.0,0.0,0.0,1.5384615384615385,0.03333333333333333,0.0033444816053511705,0.53156146179402,0.5548172757475083,0.729009900990099,107.77070837016757,4.926108374384237,0.0,0.24630541871921183,5.172413793103448,0.0,1.7241379310344829,0.0,0.0
0.06666666666666667,0.0,0.5161290322580645,0.7419354838709677,0.7419354838709677,32.3175,7.894736842105264,0.0,0.0,0.0,0.0,0.0,0.0,0.0,0.038869257950530034,0.0,0.528169014084507,0.5422535211267606,0.7325945945945946,107.1804166107316,5.390835579514825,0.0,0.2695417789757412,4.3126684636118595,0.0,1.3477088948787062,0.0,0.0
0.0,0.0,0.5833333333333334,0.7916666666666666,0.7916666666666666,32.256,11.11111111111111,0.0,0.0,0.0,0.0,0.0,0.0,0.0,0.0398406374501992,0.0,0.5357142857142857,0.6031746031746031,0.7388235294117648,89.76789168278529,4.776119402985074,0.0,0.5970149253731343,4.776119402985074,0.0,1.1940298507462686,0.0,0.0
0.0,0.0,0.4666666666666667,0.9,0.9,84.00000000000003,15.0,0.0,0.0,7.5,0.0,0.0,0.0,2.5,0.06060606060606061,0.011406844106463879,0.5547169811320755,0.5283018867924528,0.7131927710843373,92.61517453165608,5.588235294117648,0.0,0.8823529411764706,4.11764705882353,0.0,1.4705882352941178,0.0,0.0
0.016260162601626018,0.0,0.5564516129032258,0.6935483870967742,0.7508,124.0,5.594405594405594,0.0,2.097902097902098,4.895104895104895,0.0,0.0,0.0,0.0,0.02857142857142857,0.004098360655737705,0.5203252032520326,0.5813008130081301,0.7494557823129253,116.64669421487602,5.089820359281437,0.5988023952095808,0.2994011976047904,5.089820359281437,0.0,1.497005988023952,0.2994011976047904,0.0
0.032679738562091505,0.013157894736842105,0.4090909090909091,0.7012987012987013,0.7363636363636362,124.52603653452587,6.250000000000001,1.1363636363636365,0.5681818181818182,2.272727272727273,0.0,0.5681818181818182,0.0,0.0,0.033816425120772944,0.0,0.5336538461538461,0.5961538461538461,0.7395412844036696,110.80563753192804,5.303030303030303,0.0,0.3787878787878788,3.0303030303030303,0.0,1.1363636363636362,0.0,0.0
0.0,0.0,0.5135135135135135,0.8108108108108109,0.8108108108108109,54.76000000000002,5.0,0.0,0.0,2.5,0.0,0.0,0.0,0.0,0.014285714285714285,0.0,0.4881516587677725,0.6303317535545023,0.7558035714285715,111.2332828524851,4.444444444444445,0.0,0.37037037037037035,4.0740740740740735,0.0,1.8518518518518516,0.37037037037037035,0.0
0.05714285714285714,0.0,0.5277777777777778,0.75,0.75,34.03155963302752,9.090909090909092,0.0,0.0,0.0,0.0,0.0,0.0,0.0,0.06289308176100629,0.006309148264984227,0.5266457680250783,0.542319749216301,0.7681363636363635,103.902644002397,5.0228310502283104,0.0,0.228310502283105,4.5662100456621,0.0,1.5981735159817352,0.228310502283105,0.0
0.0,0.0,0.5,0.9375,0.9375,71.68,11.11111111111111,0.0,0.0,0.0,0.0,0.0,0.0,0.0,0.05106382978723404,0.004273504273504274,0.4830508474576271,0.5635593220338984,0.7375182481751824,79.15673528349585,5.431309904153355,0.0,0.3194888178913738,4.15335463258786,0.0,1.5974440894568689,0.0,0.0
0.00909090909090909,0.0,0.4594594594594595,0.7117117117117117,0.7374999999999999,58.882546369256886,5.511811023622047,0.0,0.0,7.086614173228347,0.0,0.0,0.0,0.0,0.03137254901960784,0.0,0.5390625,0.578125,0.7514012738853503,121.91634980988593,5.172413793103448,0.0,0.5747126436781609,4.597701149425287,0.0,1.7241379310344827,0.28735632183908044,0.0
0.021052631578947368,0.010638297872340425,0.59375,0.6875,0.6875,80.16105754654055,3.6363636363636362,0.0,2.727272727272727,5.454545454545454,0.0,0.0,0.0,0.0,0.030100334448160536,0.0,0.5066666666666667,0.58,0.750049751243781,126.82956361347877,5.378973105134474,0.0,0.24449877750611246,4.889975550122249,0.0,1.7114914425427872,0.0,0.0
0.0,0.0,0.5238095238095238,1.0,1.0,21.0,3.8461538461538463,0.0,0.0,7.6923076923076925,3.8461538461538463,3.8461538461538463,0.0,0.0,0.036,0.004016064257028112,0.5139442231075697,0.5976095617529881,0.7573684210526316,115.42237687366168,5.507246376811595,0.0,0.5797101449275363,4.3478260869565215,0.0,2.608695652173913,0.0,0.0
0.0,0.0,0.5,1.0,1.0,12.0,28.571428571428573,0.0,0.0,0.0,0.0,0.0,0.0,7.142857142857143,0.03571428571428571,0.00398406374501992,0.549407114624506,0.5810276679841897,0.7425974025974027,112.35644007155636,6.886227544910179,0.0,0.5988023952095808,2.994011976047904,0.0,1.1976047904191616,0.0,0.0
0.0,0.0,0.4827586206896552,0.896551724137931,0.896551724137931,78.49333333333335,6.25,0.0,0.0,3.125,0.0,0.0,0.0,0.0,0.013452914798206279,0.0,0.49107142857142855,0.5982142857142857,0.7606399999999999,126.04338223431304,4.301075268817204,0.0,0.35842293906810035,4.659498207885305,0.0,1.075268817204301,0.0,0.0
0.0,0.0,0.5294117647058824,0.9411764705882353,0.9411764705882353,161.83999999999997,5.128205128205129,5.128205128205129,2.5641025641025643,0.0,0.0,0.0,0.0,0.0,0.0661764705882353,0.01107011070110701,0.5018315018315018,0.5494505494505495,0.7229885057471265,95.61601939849037,4.10958904109589,0.0,0.273972602739726,4.10958904109589,0.0,1.643835616438356,0.0,0.0
0.0,0.0,0.5185185185185185,0.9629629629629629,0.9629629629629629,204.11999999999972,3.3333333333333335,0.0,0.0,6.666666666666667,0.0,0.0,0.0,0.0,0.040145985401459854,0.007326007326007326,0.5163636363636364,0.56,0.7206818181818181,115.08993167202573,4.748603351955307,0.0,0.27932960893854747,3.631284916201117,0.0,1.6759776536312847,0.0,0.0
0.0,0.0,0.5,0.8055555555555556,0.8055555555555556,51.84000000000001,7.692307692307693,0.0,0.0,0.0,0.0,0.0,0.0,0.0,0.05821917808219178,0.010309278350515464,0.5255972696245734,0.5324232081911263,0.7143298969072166,93.34130498966637,5.1679586563307485,0.0,0.0,4.909560723514211,0.0,0.7751937984496123,0.5167958656330749,0.0
0.05405405405405406,0.027777777777777776,0.5,0.7631578947368421,0.7631578947368421,41.46222222222222,4.545454545454546,0.0,0.0,9.090909090909092,0.0,0.0,0.0,0.0,0.02456140350877193,0.007042253521126761,0.48951048951048953,0.5874125874125874,0.7705882352941178,96.21730860675225,5.789473684210526,0.0,0.7894736842105263,4.2105263157894735,0.0,2.1052631578947367,0.0,0.0
0.04477611940298507,0.015151515151515152,0.5,0.7794117647058824,0.7794117647058824,86.31466666666668,10.714285714285714,0.0,0.0,1.1904761904761905,0.0,0.0,0.0,1.1904761904761905,0.04365079365079365,0.01195219123505976,0.5217391304347826,0.5533596837944664,0.7264285714285714,100.87957200567749,5.405405405405405,0.0,0.3003003003003003,2.7027027027027026,0.0,2.4024024024024024,0.0,0.0
0.0,0.0,0.4,1.0,1.0,15.0,5.882352941176471,5.882352941176471,0.0,0.0,0.0,0.0,0.0,0.0,0.04779411764705882,0.0036900369003690036,0.5238095238095238,0.5201465201465202,0.6955172413793105,82.97058823529412,5.36723163841808,0.0,0.2824858757062147,3.9548022598870056,0.0,1.9774011299435028,0.0,0.0
0.0,0.0,0.6111111111111112,0.8333333333333334,0.8333333333333334,30.240000000000013,13.043478260869565,0.0,8.695652173913043,0.0,0.0,0.0,0.0,4.3478260869565215,0.004807692307692308,0.0,0.4688995215311005,0.6650717703349283,0.8059999999999999,135.37900355871886,5.415162454873647,0.0,0.7220216606498195,3.9711191335740077,0.0,2.1660649819494586,0.0,0.0
0.0,0.0,0.34782608695652173,0.9565217391304348,0.9565217391304348,148.12000000000012,11.11111111111111,0.0,0.0,3.7037037037037037,0.0,0.0,0.0,0.0,0.05303030303030303,0.011406844106463879,0.5207547169811321,0.5773584905660377,0.7516867469879518,132.5,5.128205128205129,0.0,0.0,5.413105413105413,0.0,1.4245014245014245,0.8547008547008548,0.0
0.0,0.0,0.43243243243243246,0.8513513513513513,0.8513513513513513,139.3890909090909,6.962025316455697,0.0,3.1645569620253164,1.2658227848101267,0.0,3.1645569620253164,0.0,0.6329113924050633,0.022641509433962263,0.0,0.48120300751879697,0.5939849624060151,0.7711976047904193,134.57707509881422,5.2785923753665696,0.0,0.5865102639296188,4.105571847507331,0.0,1.1730205278592376,0.2932551319648094,0.0
0.020833333333333332,0.0,0.5714285714285714,0.7551020408163265,0.7551020408163265,56.023333333333326,1.9230769230769231,0.0,1.9230769230769231,1.9230769230769231,0.0,0.0,0.0,0.0,0.057432432432432436,0.013559322033898305,0.5454545454545454,0.5387205387205387,0.7279292929292929,111.40899467504974,5.808080808080809,0.0,0.0,4.7979797979797985,0.0,1.5151515151515151,0.0,0.0
0.0625,0.03225806451612903,0.5151515151515151,0.8484848484848485,0.8484848484848485,60.984000000000016,8.108108108108109,0.0,0.0,0.0,0.0,0.0,0.0,0.0,0.016129032258064516,0.0,0.5020080321285141,0.6224899598393574,0.7697333333333334,111.24403747870528,4.9079754601226995,0.0,0.6134969325153374,3.9877300613496933,0.0,2.4539877300613497,0.3067484662576687,0.0
0.03125,0.0,0.6701030927835051,0.6494845360824743,0.6494845360824743,55.236348674542995,7.894736842105263,0.8771929824561403,0.0,0.8771929824561403,0.0,0.0,0.0,2.631578947368421,0.025362318840579712,0.0036363636363636364,0.48736462093862815,0.5812274368231047,0.7431460674157302,111.74297767762084,5.181347150259067,0.0,0.0,4.922279792746114,0.0,2.0725388601036268,0.0,0.0
0.0,0.0,0.65,0.875,0.875,89.60000000000001,6.666666666666667,0.0,0.0,4.444444444444445,0.0,0.0,0.0,0.0,0.04980842911877394,0.0,0.5381679389312977,0.5381679389312977,0.7242331288343559,96.45013182706337,5.325443786982249,0.0,0.8875739644970415,2.9585798816568047,0.0,1.183431952662722,0.0,0.0
0.0,0.0,0.5,0.9166666666666666,0.9166666666666666,40.319999999999986,6.666666666666667,0.0,0.0,13.333333333333334,0.0,0.0,0.0,0.0,0.0311284046692607,0.00390625,0.49612403100775193,0.5813953488372093,0.740754716981132,108.89733582216189,6.0344827586206895,0.0,0.0,2.8735632183908044,0.0,2.586206896551724,0.5747126436781609,0.0
0.022727272727272728,0.0,0.6666666666666666,0.6888888888888889,0.6888888888888889,45.0,6.122448979591837,0.0,0.0,2.0408163265306123,0.0,0.0,0.0,0.0,0.031007751937984496,0.0038910505836575876,0.4555984555984556,0.6486486486486487,0.8095625000000002,152.27198203575975,3.519061583577713,0.0,0.0,5.2785923753665696,0.0,1.1730205278592376,0.5865102639296188,0.0
0.11428571428571428,0.058823529411764705,0.5,0.6944444444444444,0.6944444444444444,22.220930232558143,4.878048780487805,0.0,4.878048780487805,0.0,0.0,0.0,0.0,0.0,0.023255813953488372,0.0,0.4583333333333333,0.6574074074074074,0.8117948717948719,117.97802937479952,4.316546762589928,0.0,0.0,5.39568345323741,0.0,0.7194244604316546,0.0,0.0
0.0,0.0,0.53125,0.8125,0.8125,47.78666666666667,8.333333333333332,0.0,0.0,0.0,0.0,0.0,0.0,0.0,0.03508771929824561,0.004405286343612335,0.462882096069869,0.62882096069869,0.7766153846153847,131.47654999081556,4.436860068259386,0.0,0.0,5.119453924914676,0.0,0.3412969283276451,0.0,0.0
0.0,0.0,0.4827586206896552,0.9310344827586207,0.9310344827586207,117.73999999999997,12.121212121212121,0.0,0.0,3.0303030303030303,0.0,0.0,0.0,0.0,0.02843601895734597,0.0,0.49528301886792453,0.6462264150943396,0.7789380530973451,128.71740024681202,3.370786516853933,0.0,0.0,4.49438202247191,0.0,0.37453183520599254,0.37453183520599254,0.0
0.0,0.0,0.5833333333333334,0.7708333333333334,0.7708333333333334,58.64727272727274,3.7735849056603774,0.0,3.7735849056603774,1.8867924528301887,0.0,0.0,0.0,0.0,0.008298755186721992,0.0,0.45041322314049587,0.6694214876033058,0.7868531468531469,150.708006718925,4.375,0.0,0.0,5.0,0.0,1.25,0.0,0.0
0.0,0.0,0.4264705882352941,0.8382352941176471,0.8382352941176471,117.70181818181821,7.954545454545455,0.0,0.0,5.6818181818181825,0.0,0.0,0.0,0.0,0.014492753623188406,0.0,0.37142857142857144,0.9142857142857143,0.9142857142857143,228.66666666666663,5.747126436781609,0.0,0.0,5.747126436781609,0.0,0.0,0.0,0.0
0.0,0.0,0.4603174603174603,0.8571428571428571,0.8571428571428571,123.47999999999998,6.756756756756756,0.0,2.7027027027027026,2.7027027027027026,0.0,0.0,0.0,0.0,0.0,0.0,0.43037974683544306,0.8734177215189873,0.8734177215189873,174.748,4.25531914893617,0.0,0.0,2.127659574468085,0.0,0.0,0.0,0.0
0.0,0.0,0.25,1.0,1.0,20.0,20.833333333333336,0.0,0.0,8.333333333333334,0.0,0.0,0.0,0.0,0.010526315789473684,0.0,0.4375,0.7916666666666666,0.7916666666666666,129.024,4.385964912280701,0.0,0.0,4.385964912280701,0.0,0.0,0.0,0.0
0.0,0.0,0.59375,0.90625,0.90625,95.57333333333334,0.0,13.513513513513512,0.0,0.0,0.0,0.0,0.0,0.0,0.022222222222222223,0.011235955056179775,0.3956043956043956,0.9010989010989011,0.9010989010989011,257.6311111111112,4.424778761061948,0.0,0.0,4.424778761061948,0.0,0.0,0.0,0.0
0.03007518796992481,0.0,0.5074626865671642,0.6567164179104478,0.7102857142857142,92.85369786978697,5.194805194805195,0.0,0.6493506493506493,3.2467532467532467,0.0,0.0,0.0,0.0,0.0,0.0,0.3516483516483517,0.8901098901098901,0.8901098901098901,231.86799999999994,4.672897196261682,0.0,0.0,5.607476635514018,0.0,0.9345794392523364,0.0,0.0
0.0,0.0,0.4358974358974359,0.9102564102564102,0.9102564102564102,243.35999999999999,5.208333333333334,1.0416666666666667,1.0416666666666667,4.166666666666667,0.0,1.0416666666666667,0.0,0.0,0.0,0.0,0.4230769230769231,0.8846153846153846,0.8846153846153846,189.27999999999997,4.123711340206185,0.0,0.0,5.154639175257731,0.0,1.0309278350515463,0.0,0.0
0.0,0.0,0.4375,1.0,1.0,16.0,0.0,20.0,0.0,0.0,0.0,0.0,0.0,0.0,0.0136986301369863,0.0,0.3783783783783784,0.8648648648648649,0.8648648648648649,153.3280000000001,4.49438202247191,0.0,0.0,3.370786516853933,0.0,0.0,0.0,0.0
0.0,0.0,0.6153846153846154,0.9230769230769231,0.9230769230769231,47.320000000000036,13.333333333333334,0.0,0.0,0.0,0.0,0.0,0.0,0.0,0.0,0.0,0.4155844155844156,0.8831168831168831,0.8831168831168831,184.45777777777772,5.4945054945054945,0.0,0.0,3.296703296703297,0.0,0.0,0.0,0.0
0.036231884057971016,0.014598540145985401,0.5683453237410072,0.6546762589928058,0.704,91.72780317860125,5.442176870748299,0.0,0.0,0.0,0.0,0.0,0.0,0.0,0.013793103448275862,0.0,0.4246575342465753,0.6917808219178082,0.7612765957446808,113.68096566689917,5.405405405405405,0.0,0.5405405405405406,5.9459459459459465,0.0,0.5405405405405406,0.5405405405405406,0.0
0.0,0.0,0.4666666666666667,0.8222222222222222,0.8222222222222222,70.87499999999999,6.0,0.0,0.0,4.0,0.0,0.0,0.0,0.0,0.041666666666666664,0.005988023952095809,0.4319526627218935,0.6923076923076923,0.7799999999999999,123.85101038931387,5.025125628140703,0.0,0.0,3.517587939698492,0.0,1.0050251256281406,0.0,0.0
0.03125,0.0,0.5076923076923077,0.7076923076923077,0.7076923076923077,45.031693234592694,2.898550724637681,0.0,0.0,0.0,0.0,2.898550724637681,0.0,0.0,0.014285714285714285,0.007194244604316547,0.41134751773049644,0.7163120567375887,0.7933333333333332,141.0,5.325443786982249,0.591715976331361,0.0,5.325443786982249,0.0,0.591715976331361,0.0,0.0
0.0,0.0,0.3409090909090909,0.8409090909090909,0.8409090909090909,54.045242718446616,10.909090909090908,0.0,0.0,5.454545454545454,0.0,0.0,0.0,0.0,0.03816793893129771,0.0,0.45454545454545453,0.7272727272727273,0.7551515151515152,133.76,4.294478527607362,0.0,0.0,4.9079754601226995,0.0,0.0,0.6134969325153374,0.0
0.0,0.0,0.5294117647058824,0.8235294117647058,0.8235294117647058,80.91999999999999,5.0,0.0,0.0,5.0,0.0,0.0,0.0,0.0,0.0223463687150838,0.0056179775280898875,0.4111111111111111,0.6722222222222223,0.7553086419753087,116.44542332387637,4.97737556561086,0.9049773755656109,0.45248868778280543,6.787330316742081,0.0,0.0,0.0,0.0
0.09722222222222222,0.03496503496503497,0.46206896551724136,0.6068965517241379,0.6497826086956522,61.31172839506173,7.558139534883721,0.0,0.0,5.232558139534884,0.0,0.0,0.0,0.5813953488372093,0.030303030303030304,0.006097560975609756,0.4879518072289157,0.6506024096385542,0.7499999999999999,108.49708889090523,4.615384615384615,0.0,0.0,3.0769230769230766,0.0,0.0,0.5128205128205128,0.0
0.0,0.0,0.47058823529411764,0.8382352941176471,0.8382352941176471,117.70181818181821,2.6315789473684212,0.0,0.0,2.6315789473684212,0.0,0.0,0.0,0.0,0.03164556962025317,0.0,0.42138364779874216,0.6792452830188679,0.7598333333333331,112.32233502538071,4.1450777202072535,0.0,0.0,5.181347150259067,0.0,0.5181347150259067,0.5181347150259067,0.0
0.02262443438914027,0.0,0.44144144144144143,0.6846846846846847,0.7870731707317072,120.81976023150062,6.374501992031872,0.0,0.398406374501992,3.585657370517928,0.0,0.0,0.0,0.398406374501992,0.012738853503184714,0.0,0.43037974683544306,0.6835443037974683,0.7428813559322034,120.36451048951048,5.128205128205128,0.5128205128205128,0.0,5.128205128205128,0.0,0.5128205128205128,0.0,0.0
0.0,0.0,0.5652173913043478,1.0,1.0,23.0,4.166666666666667,0.0,0.0,0.0,0.0,0.0,0.0,0.0,0.007246376811594203,0.0,0.39568345323741005,0.7338129496402878,0.8017499999999999,146.21297297297298,5.7142857142857135,0.0,0.0,5.142857142857142,0.0,1.1428571428571428,0.0,0.0
0.0,0.0,0.5,0.8,0.8,56.000000000000014,6.818181818181818,0.0,0.0,0.0,0.0,0.0,0.0,0.0,0.012195121951219513,0.0,0.41818181818181815,0.6848484848484848,0.7831818181818183,120.60692436040046,4.477611940298508,0.0,0.9950248756218906,5.970149253731344,0.0,0.4975124378109453,0.9950248756218906,0.0
0.0,0.0,0.43283582089552236,0.9104477611940298,0.9104477611940298,209.4866666666666,6.4935064935064934,0.0,0.0,3.896103896103896,0.0,0.0,0.0,0.0,0.0070921985815602835,0.0,0.4084507042253521,0.7183098591549296,0.78,124.59803921568627,4.678362573099415,0.0,1.1695906432748537,4.678362573099415,0.0,0.5847953216374269,0.0,0.0
0.0,0.0,0.48484848484848486,0.9393939393939394,0.9393939393939394,152.46000000000015,5.405405405405405,0.0,2.7027027027027026,2.7027027027027026,0.0,0.0,0.0,0.0,0.030303030303030304,0.006097560975609756,0.3855421686746988,0.6746987951807228,0.7565671641791045,135.3883594465084,5.288461538461538,0.0,0.0,3.8461538461538463,0.0,0.4807692307692308,0.0,0.0
0.0,0.0,0.49206349206349204,0.8571428571428571,0.8571428571428571,123.47999999999998,4.10958904109589,0.0,0.0,4.10958904109589,0.0,0.0,0.0,0.0,0.006329113924050633,0.0,0.42138364779874216,0.7232704402515723,0.7651666666666664,159.0,4.761904761904762,0.0,0.0,4.761904761904762,0.0,0.5291005291005291,0.5291005291005291,0.0
0.0,0.0,0.532258064516129,0.8064516129032258,0.8064516129032258,89.69333333333331,8.955223880597016,0.0,0.0,0.0,0.0,0.0,0.0,0.0,0.013793103448275862,0.0,0.410958904109589,0.6917808219178082,0.746808510638298,146.0,4.945054945054945,0.0,0.5494505494505495,4.395604395604396,0.0,0.5494505494505495,0.5494505494505495,0.0
0.0,0.0,0.4716981132075472,0.8301886792452831,0.8301886792452831,87.39111111111114,6.666666666666667,0.0,0.0,3.3333333333333335,1.6666666666666667,0.0,0.0,0.0,0.024096385542168676,0.006060606060606061,0.3772455089820359,0.6766467065868264,0.7702941176470589,130.03233744090522,4.3478260869565215,0.0,0.0,7.246376811594202,0.0,0.966183574879227,0.0,0.0
0.0,0.0,0.5,0.8947368421052632,0.8947368421052632,101.08000000000003,7.317073170731707,0.0,0.0,0.0,0.0,0.0,0.0,0.0,0.01675977653631285,0.0,0.42777777777777776,0.6888888888888889,0.7941975308641976,155.81986692015207,3.7037037037037037,0.0,0.0,4.62962962962963,0.0,0.9259259259259259,0.46296296296296297,0.0
0.0,0.0,0.25,0.8611111111111112,0.8611111111111112,72.57600000000004,7.894736842105264,0.0,0.0,2.6315789473684212,0.0,0.0,0.0,2.6315789473684212,0.028901734104046242,0.0,0.3218390804597701,0.6896551724137931,0.7804,129.83291203235592,4.382470119521912,0.0,0.0,4.382470119521912,0.0,0.796812749003984,0.0,0.0
0.020833333333333332,0.0,0.4897959183673469,0.8367346938775511,0.8367346938775511,84.03500000000003,3.3333333333333335,0.0,3.3333333333333335,1.6666666666666667,0.0,0.0,0.0,0.0,0.015228426395939087,0.0,0.41414141414141414,0.6515151515151515,0.7649494949494949,92.82062134324042,4.123711340206185,0.0,0.3436426116838488,2.7491408934707904,0.0,0.3436426116838488,0.0,0.0
0.09090909090909091,0.037037037037037035,0.44642857142857145,0.7678571428571429,0.7678571428571429,52.459669111376435,13.75,0.0,0.0,5.0,0.0,0.0,0.0,0.0,0.01098901098901099,0.0,0.366120218579235,0.6830601092896175,0.7427380952380952,123.51874332602709,5.703422053231939,0.0,0.0,3.041825095057034,0.0,0.38022813688212925,0.0,0.0
0.0196078431372549,0.006578947368421052,0.551948051948052,0.5844155844155844,0.6339999999999998,80.88894809004498,6.179775280898877,0.0,1.1235955056179776,2.808988764044944,0.0,0.5617977528089888,0.0,0.0,0.014705882352941176,0.0,0.3284671532846715,0.7299270072992701,0.7828947368421052,142.0356756756757,6.6350710900473935,0.0,0.0,3.3175355450236967,0.0,0.9478672985781991,0.0,0.0
0.0,0.0,0.631578947368421,0.8947368421052632,0.8947368421052632,50.54000000000001,0.0,0.0,9.090909090909092,0.0,0.0,0.0,0.0,0.0,0.006024096385542169,0.0,0.39520958083832336,0.6646706586826348,0.7388235294117644,91.33128958361407,5.371900826446281,0.0,0.0,4.132231404958678,0.0,1.2396694214876034,0.0,0.0
0.0,0.0,0.47058823529411764,0.7941176470588235,0.7941176470588235,46.239999999999995,5.128205128205129,0.0,2.5641025641025643,0.0,0.0,0.0,0.0,0.0,0.024844720496894408,0.0,0.41975308641975306,0.6790123456790124,0.7547619047619046,101.88281250000003,4.8582995951417,0.0,0.0,5.263157894736842,0.0,1.214574898785425,0.0,0.0
0.0,0.0,0.5172413793103449,0.8103448275862069,0.8103448275862069,85.62909090909089,3.1746031746031744,0.0,0.0,1.5873015873015872,0.0,0.0,0.0,0.0,0.03636363636363636,0.012195121951219513,0.3614457831325301,0.7349397590361446,0.7825373134328358,175.35636363636368,5.208333333333333,0.0,0.0,3.125,0.0,0.6944444444444444,0.0,0.0
0.0,0.0,0.5263157894736842,0.868421052631579,0.868421052631579,80.86400000000003,6.818181818181818,0.0,0.0,2.272727272727273,0.0,0.0,0.0,0.0,0.006493506493506494,0.0,0.3161290322580645,0.7419354838709677,0.7991071428571429,168.175,5.777777777777778,0.0,0.0,4.0,0.0,0.4444444444444444,0.0,0.0
0.0,0.0,0.6486486486486487,0.8108108108108109,0.8108108108108109,54.76000000000002,4.761904761904762,0.0,2.380952380952381,2.380952380952381,0.0,0.0,0.0,0.0,0.005291005291005291,0.0,0.38421052631578945,0.6842105263157895,0.7645054945054945,88.95674300254453,5.5762081784386615,0.0,0.0,2.6022304832713754,0.0,1.1152416356877324,0.37174721189591076,0.0
0.03225806451612903,0.0,0.625,0.875,0.875,71.68,5.882352941176471,0.0,0.0,0.0,0.0,0.0,0.0,0.0,0.030120481927710843,0.0,0.38922155688622756,0.6646706586826348,0.7135294117647059,88.88423761152316,5.072463768115942,0.0,0.0,2.898550724637681,0.0,1.4492753623188406,0.36231884057971014,0.0
0.02608695652173913,0.008771929824561403,0.5431034482758621,0.7068965517241379,0.7423529411764707,75.21138211382114,11.29032258064516,0.8064516129032258,0.0,0.0,0.0,0.0,0.0,3.225806451612903,0.03636363636363636,0.0,0.39759036144578314,0.6445783132530121,0.7143283582089552,88.10146889595885,5.622489959839357,0.0,0.0,1.606425702811245,0.0,1.2048192771084336,0.0,0.0
0.0,0.0,0.8888888888888888,0.8888888888888888,0.8888888888888888,,0.0,0.0,8.333333333333334,0.0,0.0,0.0,0.0,0.0,0.018518518518518517,0.006211180124223602,0.3496932515337423,0.6809815950920245,0.7559375,82.20856090984515,4.382470119521912,0.0,0.0,2.390438247011952,0.398406374501992,1.195219123505976,0.0,0.0
0.05,0.0,0.42857142857142855,0.9047619047619048,0.9047619047619048,61.74000000000001,4.545454545454546,0.0,0.0,0.0,0.0,0.0,0.0,0.0,0.04,0.010050251256281407,0.4427860696517413,0.6268656716417911,0.7572549019607844,105.20361049724872,5.263157894736842,0.0,0.0,3.643724696356275,0.0,0.4048582995951417,0.0,0.0
0.05405405405405406,0.027777777777777776,0.5789473684210527,0.7631578947368421,0.7631578947368421,44.924444444444454,7.142857142857142,0.0,0.0,2.380952380952381,0.0,0.0,0.0,0.0,0.022727272727272728,0.0,0.4915254237288136,0.655367231638418,0.7747435897435898,109.96754935908774,4.739336492890995,0.0,0.0,3.7914691943127963,0.0,1.4218009478672986,0.0,0.0
0.0,0.0,0.2,1.0,1.0,,14.285714285714286,0.0,14.285714285714286,0.0,0.0,0.0,0.0,0.0,0.013157894736842105,0.0,0.42483660130718953,0.7124183006535948,0.8087037037037036,153.0,4.278074866310161,0.0,0.0,5.882352941176471,0.0,1.0695187165775402,0.0,0.0
0.05084745762711865,0.0,0.4978902953586498,0.5654008438818565,0.7135507246376811,74.0625,4.2471042471042475,0.0,0.0,4.2471042471042475,0.0,0.0,0.0,0.0,0.010869565217391304,0.0,0.4486486486486487,0.6486486486486487,0.7448837209302326,107.66480876417452,4.310344827586206,0.0,0.43103448275862066,5.6034482758620685,0.0,0.43103448275862066,0.0,0.0
0.0,0.0,0.45454545454545453,1.0,1.0,11.0,7.6923076923076925,0.0,0.0,7.6923076923076925,0.0,0.0,0.0,0.0,0.02247191011235955,0.005649717514124294,0.45251396648044695,0.6983240223463687,0.8251250000000001,142.79296668429402,4.954954954954955,0.0,0.0,4.054054054054054,0.0,0.45045045045045046,0.45045045045045046,0.0
0.0,0.0,0.5,1.0,1.0,,0.0,0.0,14.285714285714286,0.0,0.0,0.0,0.0,0.0,0.021621621621621623,0.0,0.45161290322580644,0.6612903225806451,0.7773563218390805,137.55619549655086,3.964757709251101,0.0,0.0,5.286343612334802,0.0,0.44052863436123346,0.0,0.0
0.0,0.0,0.4857142857142857,0.8285714285714286,0.8285714285714286,57.166666666666686,7.894736842105264,0.0,0.0,0.0,0.0,0.0,0.0,0.0,0.03125,0.0,0.484472049689441,0.639751552795031,0.7424193548387097,83.25751201923077,5.050505050505051,0.0,0.0,6.0606060606060606,0.0,1.5151515151515151,0.0,0.0
0.0,0.0,0.2,1.0,1.0,,14.285714285714286,0.0,0.0,0.0,0.0,14.285714285714286,0.0,0.0,0.005376344086021506,0.0,0.4385026737967914,0.6577540106951871,0.7571590909090908,108.651032234163,5.150214592274678,0.0,0.0,5.579399141630901,0.0,0.4291845493562232,0.4291845493562232,0.0
0.0,0.0,0.42857142857142855,1.0,1.0,,37.5,0.0,0.0,0.0,0.0,0.0,0.0,12.5,0.03048780487804878,0.006134969325153374,0.4666666666666667,0.6424242424242425,0.7012121212121212,102.4198717948718,4.926108374384237,0.0,0.0,4.433497536945813,0.0,0.49261083743842365,0.0,0.0
0.0,0.0,0.125,1.0,1.0,,0.0,0.0,0.0,0.0,0.0,0.0,0.0,0.0,0.024390243902439025,0.0,0.46601941747572817,0.6456310679611651,0.7737383177570094,125.10053749393452,4.651162790697675,0.0,0.0,5.038759689922481,0.0,0.3875968992248062,0.0,0.0
0.03225806451612903,0.0,0.5,0.90625,0.90625,95.57333333333334,5.882352941176471,0.0,0.0,0.0,0.0,0.0,0.0,0.0,0.03,0.0,0.5223880597014925,0.6417910447761194,0.7671568627450981,112.4079362345854,3.7656903765690375,0.0,0.41841004184100417,4.184100418410042,0.0,0.41841004184100417,0.0,0.0
0.0,0.0,0.3333333333333333,1.0,1.0,15.0,0.0,0.0,14.285714285714285,4.761904761904762,0.0,0.0,0.0,0.0,0.049723756906077346,0.011111111111111112,0.5164835164835165,0.6648351648351648,0.774457831325301,120.24603533861699,3.755868544600939,0.0,0.0,4.694835680751174,0.0,0.4694835680751174,0.0,0.0
0.0,0.0,0.42857142857142855,1.0,1.0,21.0,8.333333333333334,0.0,0.0,4.166666666666667,0.0,0.0,0.0,0.0,0.035175879396984924,0.0,0.5,0.645,0.7811881188118811,111.52716593245229,4.23728813559322,0.0,0.0,3.813559322033898,0.0,1.271186440677966,0.0,0.0
0.0,0.0,0.3076923076923077,1.0,1.0,13.0,22.22222222222222,0.0,0.0,0.0,0.0,5.555555555555555,0.0,0.0,0.005649717514124294,0.0,0.5,0.6853932584269663,0.7770886075949368,156.37254723837208,3.7914691943127963,0.0,0.0,4.265402843601896,0.0,0.9478672985781991,0.0,0.0
0.0,0.0,0.6666666666666666,1.0,1.0,,0.0,0.0,10.0,0.0,0.0,0.0,0.0,0.0,0.021739130434782608,0.0,0.4810810810810811,0.7081081081081081,0.7449999999999999,140.60423825887744,4.0358744394618835,0.0,0.0,6.278026905829597,0.0,0.8968609865470852,0.0,0.0
0.0,0.0,0.7058823529411765,0.9411764705882353,0.9411764705882353,80.91999999999999,10.0,0.0,0.0,5.0,0.0,0.0,0.0,0.0,0.03980099502487562,0.0,0.4801980198019802,0.6534653465346535,0.7459223300970875,120.45715516566148,4.780876494023904,0.0,1.593625498007968,4.382470119521912,0.0,0.398406374501992,0.398406374501992,0.0
0.0,0.0,0.5652173913043478,0.9130434782608695,0.9130434782608695,74.05999999999996,4.0,0.0,0.0,4.0,0.0,0.0,0.0,0.0,0.03977272727272727,0.0,0.4011299435028249,0.6779661016949152,0.7602564102564104,139.4464022819286,3.7383177570093458,0.0,0.0,8.878504672897197,0.0,0.9345794392523364,0.0,0.0
0.0,0.0,0.6666666666666666,1.0,1.0,,0.0,0.0,25.0,0.0,0.0,0.0,0.0,0.0,0.010810810810810811,0.0,0.42473118279569894,0.7365591397849462,0.7847126436781611,197.69142857142862,4.3478260869565215,0.0,0.0,7.826086956521739,0.0,0.43478260869565216,0.43478260869565216,0.0
0.0967741935483871,0.0,0.59375,0.75,0.75,33.92,8.333333333333332,2.7777777777777777,0.0,2.7777777777777777,0.0,2.7777777777777777,0.0,0.0,0.04519774011299435,0.0,0.5112359550561798,0.6741573033707865,0.7460759493670888,131.3962165186377,4.5662100456621,0.0,0.0,8.67579908675799,0.0,0.45662100456621,0.0,0.0
0.0,0.0,0.65625,0.84375,0.84375,57.34400000000001,5.2631578947368425,0.0,2.6315789473684212,2.6315789473684212,0.0,0.0,0.0,0.0,0.018518518518518517,0.0,0.48847926267281105,0.6589861751152074,0.7734745762711864,167.9192101520621,4.119850187265918,0.0,0.37453183520599254,6.367041198501873,0.0,1.1235955056179776,0.0,0.0
0.0,0.0,0.42857142857142855,0.9285714285714286,0.9285714285714286,109.76000000000008,8.823529411764707,0.0,0.0,2.9411764705882355,0.0,0.0,0.0,0.0,0.044642857142857144,0.013452914798206279,0.49333333333333335,0.64,0.7342857142857143,122.23673534112066,4.316546762589928,0.0,0.0,5.0359712230215825,0.0,0.7194244604316546,0.0,0.0
0.0,0.0,0.0,0.0,0.0,,300.0,0.0,0.0,0.0,0.0,100.0,0.0,0.0,0.015384615384615385,0.0,0.4580152671755725,0.7175572519083969,0.7528125000000001,122.51554404145078,3.7735849056603774,0.0,0.0,2.5157232704402515,0.0,0.6289308176100629,0.0,0.0
0.0,0.0,0.38461538461538464,1.0,1.0,13.0,12.5,6.25,0.0,0.0,0.0,0.0,0.0,0.0,0.02097902097902098,0.0,0.4166666666666667,0.6944444444444444,0.7748888888888888,144.0,3.4285714285714284,0.0,0.5714285714285714,1.7142857142857142,0.0,0.5714285714285714,0.5714285714285714,0.0
0.0,0.0,0.5714285714285714,1.0,1.0,,54.54545454545455,0.0,0.0,0.0,0.0,36.36363636363637,0.0,0.0,0.01834862385321101,0.0,0.44545454545454544,0.7636363636363637,0.7663636363636364,130.30769230769232,3.597122302158273,0.0,0.0,2.8776978417266186,0.0,0.7194244604316546,0.0,0.0
0.03571428571428571,0.0,0.42105263157894735,0.8421052631578947,0.8421052631578947,101.07999999999997,3.0303030303030303,0.0,0.0,4.545454545454545,0.0,0.0,0.0,0.0,0.036231884057971016,0.0,0.45323741007194246,0.7122302158273381,0.75525,139.0,3.571428571428571,0.0,0.0,4.166666666666667,0.0,0.5952380952380952,0.0,0.0
0.0,0.0,0.42857142857142855,0.9523809523809523,0.9523809523809523,246.95999999999975,4.081632653061225,0.0,0.0,2.0408163265306123,0.0,2.0408163265306123,0.0,0.0,0.01818181818181818,0.0,0.4594594594594595,0.7477477477477478,0.765,123.21000000000002,5.925925925925926,0.0,0.0,0.7407407407407407,0.0,0.0,0.0,0.0
0.0,0.0,0.5555555555555556,1.0,1.0,,27.272727272727273,0.0,0.0,0.0,0.0,9.090909090909092,0.0,0.0,0.03550295857988166,0.0,0.5235294117647059,0.6176470588235294,0.7009859154929577,83.20325203252031,4.411764705882352,0.0,0.0,3.4313725490196076,0.0,0.9803921568627451,0.0,0.0
0.0,0.0,0.46,0.86,0.86,100.0,5.357142857142858,0.0,1.7857142857142858,3.5714285714285716,0.0,0.0,0.0,0.0,0.024096385542168676,0.0,0.5029940119760479,0.6766467065868264,0.7333823529411765,102.87826203971517,4.411764705882352,0.0,0.0,2.941176470588235,0.0,1.4705882352941175,0.0,0.0
0.0,0.0,0.7,1.0,1.0,20.0,8.695652173913043,0.0,0.0,4.3478260869565215,0.0,0.0,0.0,0.0,0.027149321266968326,0.0,0.481981981981982,0.6081081081081081,0.6939837398373984,83.59055242926212,4.779411764705882,0.0,0.0,4.044117647058824,0.0,1.1029411764705883,0.36764705882352944,0.0
0.0,0.0,0.6170212765957447,0.7659574468085106,0.7659574468085106,56.229090909090914,4.0,0.0,0.0,2.0,0.0,0.0,0.0,0.0,0.011834319526627219,0.0,0.40588235294117647,0.6764705882352942,0.7353521126760565,116.652194459212,4.761904761904762,0.0,0.0,3.333333333333333,0.0,1.4285714285714284,0.47619047619047616,0.0
0.0,0.0,0.56,0.92,0.92,87.50000000000006,7.407407407407407,0.0,0.0,0.0,0.0,0.0,0.0,0.0,0.00904977375565611,0.0,0.46846846846846846,0.6081081081081081,0.7177235772357723,98.41755976916735,4.797047970479705,0.0,0.0,3.321033210332103,0.0,0.7380073800738007,0.36900369003690037,0.0
0.0,0.0,0.5625,0.875,0.875,71.68,10.526315789473685,0.0,0.0,2.6315789473684212,0.0,0.0,0.0,0.0,0.011235955056179775,0.0,0.547486033519553,0.6256983240223464,0.7048749999999999,101.46863019458209,4.366812227074236,0.0,0.0,5.240174672489083,0.0,0.8733624454148472,0.4366812227074236,0.0
0.0,0.0,0.38095238095238093,0.9523809523809523,0.9523809523809523,123.47999999999988,16.0,0.0,0.0,0.0,0.0,0.0,0.0,0.0,0.017857142857142856,0.0,0.5443786982248521,0.6449704142011834,0.6969999999999997,94.38574614760748,4.8076923076923075,0.0,0.0,5.769230769230769,0.0,0.9615384615384616,0.4807692307692308,0.0
0.04065040650406504,0.00819672131147541,0.5806451612903226,0.5887096774193549,0.644,52.112241602067186,2.797202797202797,0.0,0.6993006993006993,5.594405594405594,0.0,0.0,0.0,0.0,0.027777777777777776,0.0,0.5082872928176796,0.6464088397790055,0.7185365853658536,97.45501405810685,5.263157894736842,0.0,0.0,3.9473684210526314,0.0,0.43859649122807015,0.43859649122807015,0.0
0.020833333333333332,0.0,0.5714285714285714,0.8163265306122449,0.8163265306122449,74.6977777777778,0.0,5.263157894736842,0.0,7.017543859649122,0.0,0.0,0.0,0.0,0.017094017094017096,0.0,0.576271186440678,0.6864406779661016,0.6984210526315789,82.67681934433853,5.298013245033113,0.0,0.0,4.635761589403974,0.0,0.6622516556291391,0.6622516556291391,0.0
0.03225806451612903,0.01639344262295082,0.5555555555555556,0.7936507936507936,0.7936507936507936,85.48615384615384,9.859154929577464,2.816901408450704,0.0,2.816901408450704,0.0,0.0,0.0,1.408450704225352,0.018404907975460124,0.0,0.5609756097560976,0.6280487804878049,0.6839999999999999,82.0,4.123711340206185,0.0,0.0,2.5773195876288657,0.0,0.5154639175257731,0.5154639175257731,0.0
0.0,0.0,0.42105263157894735,0.9473684210526315,0.9473684210526315,101.07999999999991,5.0,0.0,0.0,0.0,0.0,0.0,0.0,0.0,0.03333333333333333,0.0,0.4966887417218543,0.6622516556291391,0.7513461538461539,107.44881272401435,4.25531914893617,0.0,0.0,4.787234042553191,0.0,1.5957446808510638,0.5319148936170213,0.0
0.0,0.0,0.38095238095238093,0.8809523809523809,0.8809523809523809,98.78399999999999,0.0,0.0,4.166666666666667,8.333333333333334,0.0,0.0,0.0,0.0,0.041176470588235294,0.0,0.5029239766081871,0.672514619883041,0.7294444444444443,106.12853381374723,4.739336492890995,0.0,0.0,3.3175355450236967,0.0,0.47393364928909953,0.47393364928909953,0.0
0.0,0.0,0.5,0.8035714285714286,0.8035714285714286,79.82545454545456,6.666666666666667,0.0,0.0,0.0,0.0,0.0,0.0,0.0,0.03636363636363636,0.0,0.5542168674698795,0.6445783132530121,0.7037313432835821,94.47148932510926,4.901960784313725,0.0,0.0,3.9215686274509802,0.0,0.49019607843137253,0.49019607843137253,0.0
0.011494252873563218,0.0,0.5568181818181818,0.6590909090909091,0.6590909090909091,62.873385012919904,8.080808080808081,0.0,1.0101010101010102,4.040404040404041,0.0,1.0101010101010102,0.0,0.0,0.018957345971563982,0.0,0.5660377358490566,0.6132075471698113,0.7210619469026548,88.36235730232949,4.0,0.0,0.0,2.8000000000000003,0.0,1.2000000000000002,0.8,0.0
0.0,0.0,0.49056603773584906,0.8113207547169812,0.8113207547169812,78.65200000000003,0.0,1.6666666666666667,1.6666666666666667,8.333333333333334,0.0,0.0,0.0,0.0,0.036458333333333336,0.0,0.5699481865284974,0.6476683937823834,0.7185106382978721,96.57832983712049,3.5555555555555554,0.0,0.0,2.2222222222222223,0.0,0.4444444444444444,1.3333333333333333,0.0
0.0,0.0,0.4,1.0,1.0,,0.0,0.0,16.666666666666668,0.0,0.0,0.0,0.0,0.0,0.0078125,0.0,0.5116279069767442,0.7131782945736435,0.7296666666666666,120.64507772020727,5.555555555555555,0.0,0.0,3.7037037037037033,0.0,1.2345679012345678,0.6172839506172839,0.0
0.0,0.0,0.0,1.0,1.0,,0.0,50.0,0.0,0.0,0.0,0.0,0.0,0.0,0.03592814371257485,0.0,0.5416666666666666,0.6607142857142857,0.7117391304347827,94.57228468995854,4.245283018867925,0.0,0.0,2.830188679245283,0.0,1.4150943396226414,0.9433962264150944,0.0
0.0,0.0,0.5882352941176471,0.8235294117647058,0.8235294117647058,53.94666666666666,5.128205128205129,0.0,0.0,5.128205128205129,0.0,0.0,0.0,0.0,0.044444444444444446,0.00558659217877095,0.5911602209944752,0.6187845303867403,0.694390243902439,81.38483941428686,4.4843049327354265,0.0,0.0,3.587443946188341,0.0,0.8968609865470852,0.4484304932735426,0.0
0.0,0.0,0.625,0.84375,0.84375,57.34400000000001,2.9411764705882355,0.0,0.0,2.9411764705882355,0.0,0.0,0.0,0.0,0.03508771929824561,0.0,0.5872093023255814,0.622093023255814,0.6727397260273973,71.010162601626,4.545454545454546,0.0,0.0,1.5151515151515151,0.0,1.0101010101010102,0.5050505050505051,0.0
0.0,0.0,0.5,0.9583333333333334,0.9583333333333334,161.28000000000014,7.6923076923076925,0.0,0.0,0.0,0.0,0.0,0.0,0.0,0.0,0.0,0.5347222222222222,0.6944444444444444,0.7308888888888889,112.63636363636363,5.056179775280899,0.0,0.0,3.9325842696629216,0.0,1.1235955056179776,1.1235955056179776,0.0
0.07936507936507936,0.03225806451612903,0.625,0.734375,0.734375,67.46352941176471,8.571428571428571,0.0,0.0,1.4285714285714286,0.0,0.0,0.0,0.0,0.01990049751243781,0.0,0.5247524752475248,0.6089108910891089,0.6948543689320388,80.17806837614444,4.365079365079365,0.0,0.0,4.365079365079365,0.0,0.7936507936507936,0.3968253968253968,0.0
0.0,0.0,0.5882352941176471,1.0,1.0,17.0,5.0,0.0,0.0,10.0,0.0,0.0,0.0,0.0,0.007575757575757576,0.0,0.5263157894736842,0.7443609022556391,0.7582352941176471,145.67411764705884,5.325443786982249,0.0,0.0,4.1420118343195265,0.0,1.183431952662722,1.183431952662722,0.0
0.02857142857142857,0.0,0.5555555555555556,0.8055555555555556,0.8055555555555556,51.84000000000001,7.5,0.0,0.0,0.0,0.0,0.0,0.0,0.0,0.046242774566473986,0.0,0.4885057471264368,0.6091954022988506,0.7010666666666668,79.56833712984054,5.213270142180095,0.0,0.0,3.3175355450236967,0.0,1.4218009478672986,0.47393364928909953,0.0
0.0,0.0,0.55,0.95,0.95,111.99999999999991,13.636363636363637,0.0,0.0,4.545454545454546,0.0,0.0,0.0,4.545454545454546,0.0,0.0,0.4788732394366197,0.7887323943661971,0.7887323943661971,94.09866666666666,4.761904761904762,0.0,0.0,3.571428571428571,0.0,1.1904761904761905,0.0,0.0
0.0,0.0,0.26666666666666666,1.0,1.0,15.0,21.05263157894737,0.0,5.2631578947368425,0.0,0.0,0.0,0.0,0.0,0.0,0.0,0.45,0.8833333333333333,0.8833333333333333,143.99999999999997,1.4705882352941178,0.0,1.4705882352941178,5.882352941176471,0.0,0.0,0.0,0.0
0.0,0.0,0.5161290322580645,1.0,1.0,31.0,2.9411764705882355,2.9411764705882355,0.0,2.9411764705882355,0.0,0.0,0.0,0.0,0.05194805194805195,0.0,0.5641025641025641,0.7051282051282052,0.7051282051282052,60.022776572668114,3.409090909090909,0.0,0.0,3.409090909090909,0.0,0.0,0.0,0.0
0.0,0.0,0.6046511627906976,0.813953488372093,0.813953488372093,64.715,4.444444444444445,0.0,0.0,0.0,0.0,0.0,0.0,0.0,0.015151515151515152,0.0,0.582089552238806,0.7761194029850746,0.7761194029850746,83.79466666666669,1.2345679012345678,0.0,1.2345679012345678,3.7037037037037033,0.0,1.2345679012345678,0.0,0.0
0.0,0.0,0.4810126582278481,0.8607594936708861,0.8607594936708861,158.86181818181825,12.500000000000002,0.0,0.0,3.409090909090909,0.0,0.0,0.0,3.409090909090909,0.014285714285714285,0.0,0.5070422535211268,0.8450704225352113,0.8450704225352113,128.31636363636363,4.878048780487805,0.0,0.0,3.6585365853658534,0.0,0.0,0.0,0.0
0.011363636363636364,0.0,0.5730337078651685,0.7303370786516854,0.7303370786516854,92.41166666666668,3.125,0.0,0.0,2.0833333333333335,0.0,0.0,0.0,0.0,0.014084507042253521,0.0,0.5,0.7638888888888888,0.7638888888888888,85.3835294117647,3.4482758620689653,0.0,1.1494252873563218,3.4482758620689653,0.0,0.0,0.0,0.0
0.03636363636363636,0.018518518518518517,0.5535714285714286,0.7857142857142857,0.7857142857142857,73.17333333333333,9.523809523809524,0.0,0.0,1.5873015873015872,0.0,0.0,0.0,0.0,0.0410958904109589,0.0,0.5405405405405406,0.7162162162162162,0.7162162162162162,67.72881355932203,2.4096385542168677,0.0,2.4096385542168677,1.2048192771084338,0.0,0.0,0.0,0.0
0.0,0.0,0.25,1.0,1.0,,0.0,0.0,0.0,0.0,0.0,0.0,0.0,0.0,0.012987012987012988,0.0,0.44871794871794873,0.7692307692307693,0.7692307692307693,94.64000000000003,3.125,0.0,0.0,5.208333333333334,0.0,1.0416666666666667,0.0,0.0
0.0,0.0,0.5,1.0,1.0,14.0,0.0,5.555555555555555,0.0,0.0,0.0,0.0,0.0,0.0,0.0136986301369863,0.0,0.5,0.7702702702702703,0.7702702702702703,90.1929411764706,3.571428571428571,0.0,1.1904761904761905,2.380952380952381,0.0,0.0,0.0,0.0
0.0,0.0,0.56,0.92,0.92,87.50000000000006,3.7037037037037037,0.0,0.0,3.7037037037037037,0.0,0.0,0.0,0.0,0.012987012987012988,0.0,0.48717948717948717,0.8205128205128205,0.8205128205128205,121.67999999999999,3.1914893617021276,0.0,4.25531914893617,4.25531914893617,0.0,0.0,0.0,0.0
0.018867924528301886,0.0,0.6111111111111112,0.8333333333333334,0.8333333333333334,90.72000000000004,6.557377049180328,1.639344262295082,0.0,4.918032786885246,0.0,0.0,0.0,0.0,0.0,0.0,0.5533980582524272,0.7184466019417476,0.7175,92.53252032520325,4.23728813559322,0.0,0.0,2.542372881355932,0.0,0.0,0.0,0.0
0.0,0.0,0.5,0.9782608695652174,0.9782608695652174,592.4800000000005,4.0,0.0,0.0,4.0,0.0,0.0,0.0,0.0,0.01639344262295082,0.0,0.4838709677419355,0.8387096774193549,0.8387096774193549,107.63200000000003,2.7777777777777777,0.0,1.3888888888888888,1.3888888888888888,0.0,0.0,0.0,0.0
0.0625,0.0,0.3469387755102041,0.8163265306122449,0.8163265306122449,74.6977777777778,5.172413793103448,0.0,0.0,3.4482758620689653,0.0,0.0,0.0,0.0,0.014492753623188406,0.0,0.4857142857142857,0.8142857142857143,0.8142857142857143,105.53846153846155,2.3255813953488373,0.0,2.3255813953488373,4.651162790697675,0.0,0.0,0.0,0.0
0.0,0.0,0.42857142857142855,0.8571428571428571,0.8571428571428571,68.59999999999998,7.142857142857142,0.0,0.0,4.761904761904762,0.0,0.0,0.0,0.0,0.017857142857142856,0.0,0.631578947368421,0.7368421052631579,0.7368421052631579,58.824,4.411764705882353,0.0,0.0,4.411764705882353,0.0,1.4705882352941178,0.0,0.0
0.0,0.0,0.45454545454545453,0.9090909090909091,0.9090909090909091,67.75999999999999,12.5,0.0,0.0,0.0,0.0,0.0,0.0,0.0,0.05128205128205128,0.0,0.569620253164557,0.7088607594936709,0.7088607594936709,79.0,3.225806451612903,0.0,1.075268817204301,4.301075268817204,0.0,1.075268817204301,0.0,0.0
0.0,0.0,0.525,0.875,0.875,89.60000000000001,6.382978723404255,0.0,0.0,2.127659574468085,0.0,0.0,0.0,0.0,0.0,0.0,0.4482758620689655,0.8620689655172413,0.8620689655172413,117.73999999999997,3.947368421052632,0.0,0.0,6.578947368421053,0.0,1.3157894736842106,0.0,0.0
0.0,0.0,0.375,1.0,1.0,,0.0,0.0,0.0,10.0,0.0,10.0,0.0,0.0,0.0,0.0,0.5,0.8035714285714286,0.8035714285714286,79.82545454545456,4.545454545454545,0.0,0.0,3.0303030303030303,0.0,0.0,0.0,0.0
0.0,0.0,0.5294117647058824,0.9117647058823529,0.9117647058823529,107.89333333333332,5.405405405405405,0.0,0.0,2.7027027027027026,0.0,0.0,0.0,0.0,0.0,0.0,0.4067796610169492,0.8983050847457628,0.8983050847457628,162.44666666666677,5.405405405405405,0.0,0.0,2.7027027027027026,0.0,1.3513513513513513,0.0,0.0
0.0,0.0,0.6,1.0,1.0,,42.85714285714286,0.0,14.285714285714286,0.0,0.0,28.571428571428573,0.0,0.0,0.0,0.0,0.4264705882352941,0.8382352941176471,0.8382352941176471,117.70181818181821,4.597701149425287,0.0,0.0,6.896551724137931,0.0,1.1494252873563218,0.0,0.0
0.0,0.0,0.4827586206896552,0.896551724137931,0.896551724137931,78.49333333333335,23.529411764705884,0.0,2.9411764705882355,0.0,0.0,0.0,0.0,5.882352941176471,0.0,0.0,0.49382716049382713,0.7901234567901234,0.7901234567901234,108.06352941176469,3.125,0.0,0.0,5.208333333333334,0.0,0.0,0.0,0.0
0.0,0.0,0.5,1.0,1.0,,11.11111111111111,0.0,0.0,0.0,0.0,0.0,0.0,0.0,0.03225806451612903,0.006493506493506494,0.4807692307692308,0.6987179487179487,0.7833333333333333,131.92592592592592,4.477611940298508,0.0,0.0,3.9800995024875623,0.0,0.9950248756218906,0.0,0.0
0.0,0.0,0.39473684210526316,0.9210526315789473,0.9210526315789473,134.7733333333333,11.627906976744187,0.0,0.0,0.0,0.0,0.0,0.0,2.3255813953488373,0.012987012987012988,0.0,0.44871794871794873,0.8461538461538461,0.8461538461538461,141.96,3.260869565217391,0.0,0.0,5.434782608695652,0.0,0.0,0.0,0.0
0.0,0.0,0.5714285714285714,1.0,1.0,,12.5,0.0,0.0,0.0,0.0,0.0,0.0,0.0,0.0,0.0,0.4727272727272727,0.7636363636363637,0.779090909090909,130.30769230769232,2.9197080291970803,0.0,0.0,4.37956204379562,0.0,0.0,0.0,0.0
0.0,0.0,0.4666666666666667,1.0,1.0,15.0,31.578947368421055,10.526315789473685,0.0,0.0,0.0,0.0,0.0,10.526315789473685,0.0,0.0,0.49295774647887325,0.8450704225352113,0.8450704225352113,128.31636363636363,3.75,0.0,0.0,3.75,0.0,0.0,0.0,0.0
0.0,0.0,0.35714285714285715,0.9285714285714286,0.9285714285714286,54.88000000000004,22.22222222222222,0.0,5.555555555555555,0.0,0.0,5.555555555555555,0.0,0.0,0.03804347826086957,0.01639344262295082,0.44324324324324327,0.6270270270270271,0.7302325581395347,105.20951306591392,4.705882352941177,0.0,0.0,3.9215686274509802,0.0,0.7843137254901961,0.0,0.0
0.016666666666666666,0.0,0.5409836065573771,0.8032786885245902,0.8032786885245902,86.82333333333335,4.3478260869565215,0.0,1.4492753623188406,5.797101449275362,0.0,0.0,0.0,0.0,0.03571428571428571,0.007194244604316547,0.475177304964539,0.6453900709219859,0.7133333333333334,84.4731872185326,4.5,0.0,0.0,3.0,0.0,1.5,0.0,0.0
0.0,0.0,0.0,0.0,0.0,,100.0,0.0,100.0,0.0,0.0,100.0,0.0,0.0,0.024242424242424242,0.0,0.4397590361445783,0.6927710843373494,0.7761194029850748,146.97295926330574,3.4653465346534653,0.0,0.0,3.9603960396039604,0.0,0.0,0.0,0.0
0.0,0.0,0.5,0.9,0.9,56.000000000000014,22.22222222222222,0.0,0.0,3.7037037037037037,0.0,7.407407407407407,0.0,0.0,0.038461538461538464,0.0,0.40458015267175573,0.6717557251908397,0.7009375,94.52373293463815,3.7267080745341614,0.0,0.0,2.484472049689441,0.0,1.2422360248447204,0.0,0.0
0.0,0.0,0.0,0.0,0.0,,0.0,0.0,0.0,0.0,0.0,0.0,0.0,0.0,0.021739130434782608,0.0,0.43884892086330934,0.6906474820143885,0.7050000000000001,115.43901899243522,3.592814371257485,0.0,0.0,4.191616766467066,0.0,1.1976047904191616,0.0,0.0
0.0,0.0,0.48936170212765956,0.851063829787234,0.851063829787234,88.36000000000001,5.263157894736842,0.0,3.508771929824561,5.263157894736842,0.0,0.0,0.0,0.0,0.01639344262295082,0.0,0.36585365853658536,0.7398373983739838,0.775,132.37875000000003,3.184713375796178,0.0,0.0,3.821656050955414,0.0,0.6369426751592356,0.0,0.0
0.0,0.0,0.36363636363636365,0.8863636363636364,0.8863636363636364,108.416,1.7857142857142858,0.0,1.7857142857142858,5.357142857142858,0.0,1.7857142857142858,0.0,0.0,0.00847457627118644,0.0,0.48739495798319327,0.7899159663865546,0.8210000000000001,158.6032,3.3112582781456954,0.0,0.6622516556291391,1.9867549668874174,0.0,0.0,0.0,0.0
0.0,0.0,0.4032258064516129,0.7903225806451613,0.7903225806451613,68.2302564102564,17.10526315789474,0.0,1.3157894736842106,1.3157894736842106,0.0,3.947368421052632,0.0,0.0,0.028985507246376812,0.0,0.48201438848920863,0.6906474820143885,0.7625,139.0,3.0120481927710845,0.0,0.0,1.8072289156626509,0.0,0.6024096385542169,0.0,0.0
0.0,0.0,0.43478260869565216,0.9565217391304348,0.9565217391304348,148.12000000000012,7.142857142857143,0.0,0.0,10.714285714285715,0.0,0.0,0.0,0.0,0.0,0.0,0.4351145038167939,0.7557251908396947,0.7825,150.15875000000005,3.75,0.0,0.0,3.75,0.0,1.875,0.0,0.0
0.01818181818181818,0.0,0.5178571428571429,0.7678571428571429,0.7678571428571429,67.5446153846154,12.5,0.0,2.7777777777777777,4.166666666666666,0.0,2.7777777777777777,0.0,0.0,0.026490066225165563,0.0,0.4276315789473684,0.6710526315789473,0.7520754716981132,103.18846053659807,3.7634408602150535,0.0,0.0,2.150537634408602,0.0,0.5376344086021505,0.0,0.0
0.0,0.0,0.43478260869565216,0.9130434782608695,0.9130434782608695,74.05999999999996,6.0606060606060606,0.0,3.0303030303030303,0.0,0.0,0.0,0.0,0.0,0.0,0.0,0.4263565891472868,0.7596899224806202,0.8033333333333332,150.30580645161294,3.2051282051282053,0.0,0.0,3.2051282051282053,0.0,1.2820512820512822,0.0,0.0
0.0,0.0,0.45454545454545453,0.9545454545454546,0.9545454545454546,135.52000000000015,7.407407407407407,0.0,0.0,7.407407407407407,0.0,0.0,0.0,0.0,0.007575757575757576,0.0,0.43609022556390975,0.7368421052631579,0.7970588235294118,141.512,3.105590062111801,0.0,0.0,3.105590062111801,0.0,0.6211180124223602,0.0,0.0
0.013513513513513514,0.0,0.5733333333333334,0.6933333333333334,0.6933333333333334,46.83300557194363,2.4096385542168677,0.0,2.4096385542168677,2.4096385542168677,0.0,0.0,0.0,0.0,0.02702702702702703,0.0,0.47651006711409394,0.6912751677852349,0.7336000000000001,126.77446300715991,3.9106145251396645,0.0,0.0,3.3519553072625694,0.0,1.1173184357541899,0.0,0.0
0.0,0.0,0.4166666666666667,0.9166666666666666,0.9166666666666666,40.319999999999986,7.6923076923076925,0.0,0.0,0.0,0.0,0.0,0.0,0.0,0.019867549668874173,0.0,0.4473684210526316,0.7039473684210527,0.7426415094339621,135.11111111111111,3.6842105263157894,0.0,0.5263157894736842,4.7368421052631575,0.0,0.5263157894736842,0.0,0.0
0.0,0.0,0.4,0.85,0.85,74.66666666666667,8.333333333333334,0.0,2.0833333333333335,4.166666666666667,0.0,2.0833333333333335,0.0,0.0,0.05128205128205128,0.005154639175257732,0.5051020408163265,0.5867346938775511,0.6945360824742267,74.86860739575137,4.782608695652174,0.0,0.0,3.4782608695652173,0.0,0.43478260869565216,0.0,0.0
0.0,0.0,0.4375,0.875,0.875,71.68,2.857142857142857,0.0,0.0,5.714285714285714,0.0,0.0,0.0,0.0,0.04794520547945205,0.006872852233676976,0.5017064846416383,0.552901023890785,0.723298969072165,88.5695479384004,4.046242774566474,0.0,0.0,4.046242774566474,0.0,0.28901734104046245,0.0,0.0
0.034482758620689655,0.0,0.5,0.8666666666666667,0.8666666666666667,63.00000000000002,6.0606060606060606,0.0,0.0,3.0303030303030303,0.0,0.0,0.0,0.0,0.05392156862745098,0.0,0.5170731707317073,0.5804878048780487,0.6920754716981132,74.88571938752735,4.0983606557377055,0.0,0.0,4.918032786885246,0.0,0.4098360655737705,0.0,0.0
0.0,0.0,0.6,0.9333333333333333,0.9333333333333333,63.00000000000002,6.25,0.0,0.0,0.0,0.0,0.0,0.0,0.0,0.010101010101010102,0.0,0.49246231155778897,0.628140703517588,0.7453,106.81478293789522,3.8297872340425534,0.0,0.0,4.25531914893617,0.0,0.851063829787234,0.0,0.0
0.06818181818181818,0.023255813953488372,0.6666666666666666,0.7333333333333333,0.7333333333333333,47.25,0.0,0.0,4.166666666666667,2.0833333333333335,0.0,0.0,0.0,0.0,0.041353383458646614,0.007547169811320755,0.49063670411985016,0.6067415730337079,0.7403571428571428,114.96945974942267,3.8461538461538467,0.0,0.0,4.487179487179487,0.0,0.32051282051282054,0.32051282051282054,0.0
0.022727272727272728,0.0,0.4666666666666667,0.8666666666666667,0.8666666666666667,94.50000000000003,3.9215686274509802,0.0,0.0,3.9215686274509802,0.0,0.0,0.0,0.0,0.0136986301369863,0.0,0.5,0.6090909090909091,0.7334710743801651,101.42411642411642,4.21455938697318,0.0,0.0,3.831417624521073,0.0,0.0,0.0,0.0
0.0,0.0,0.7,1.0,1.0,10.0,0.0,0.0,8.333333333333334,8.333333333333334,0.0,0.0,0.0,0.0,0.05194805194805195,0.0,0.46551724137931033,0.6206896551724138,0.7472180451127819,116.0,5.0,0.0,0.0,3.928571428571429,0.0,0.35714285714285715,0.35714285714285715,0.0
0.0,0.0,0.5555555555555556,0.9259259259259259,0.9259259259259259,102.06,3.4482758620689653,0.0,0.0,0.0,0.0,3.4482758620689653,0.0,0.0,0.03829787234042553,0.004273504273504274,0.4788135593220339,0.5889830508474576,0.7254744525547445,118.0,4.301075268817204,0.0,0.0,3.5842293906810037,0.0,0.35842293906810035,0.35842293906810035,0.0
0.0,0.0,0.2857142857142857,1.0,1.0,,0.0,0.0,22.22222222222222,0.0,0.0,0.0,0.0,0.0,0.03597122302158273,0.0036101083032490976,0.5089605734767025,0.5770609318996416,0.7375,102.76699903439625,3.8922155688622753,0.0,0.0,4.4910179640718555,0.0,0.8982035928143712,0.2994011976047904,0.0
0.07,0.010101010101010102,0.5544554455445545,0.6138613861386139,0.615,59.09735568731685,2.7522935779816518,0.0,0.0,0.9174311926605505,0.0,0.9174311926605505,0.0,0.0,0.03418803418803419,0.0,0.502127659574468,0.6127659574468085,0.729264705882353,91.89340661149907,3.6101083032490977,0.0,0.0,3.9711191335740077,0.0,0.0,0.0,0.0
0.020202020202020204,0.0,0.32,0.79,0.79,96.08607741190066,4.273504273504273,0.0,0.0,9.401709401709402,0.8547008547008547,0.0,0.0,0.0,0.03272727272727273,0.0072992700729927005,0.4963768115942029,0.5398550724637681,0.7105084745762711,87.5078125,4.037267080745341,0.0,0.0,3.7267080745341614,0.0,0.3105590062111801,0.3105590062111801,0.0
0.0,0.0,0.6071428571428571,0.9642857142857143,0.9642857142857143,219.52000000000015,6.0606060606060606,0.0,0.0,9.09090909090909,0.0,0.0,0.0,0.0,0.036231884057971016,0.0,0.5018050541516246,0.5956678700361011,0.7618539325842697,123.01794686621287,3.880597014925373,0.0,0.0,5.074626865671641,0.0,0.8955223880597014,0.0,0.0
0.03333333333333333,0.0,0.5161290322580645,0.8709677419354839,0.8709677419354839,67.27000000000001,5.714285714285714,0.0,0.0,2.857142857142857,0.0,0.0,0.0,0.0,0.019762845849802372,0.0,0.484251968503937,0.6496062992125984,0.798258064516129,142.19535189863615,4.15335463258786,0.0,0.3194888178913738,2.5559105431309903,0.0,1.5974440894568689,0.3194888178913738,0.0
0.0,0.0,0.4864864864864865,0.8648648648648649,0.8648648648648649,76.66400000000004,7.317073170731707,0.0,0.0,0.0,0.0,2.4390243902439024,0.0,0.0,0.025889967637540454,0.0,0.49032258064516127,0.603225806451613,0.7652606635071089,130.54868626982864,3.6649214659685865,0.0,0.2617801047120419,2.356020942408377,0.0,1.3089005235602094,0.7853403141361257,0.0
0.0,0.0,0.6111111111111112,0.9444444444444444,0.9444444444444444,90.71999999999997,9.523809523809524,0.0,0.0,4.761904761904762,0.0,0.0,0.0,0.0,0.0392156862745098,0.009852216748768473,0.5317073170731708,0.5951219512195122,0.6884905660377361,70.51530974503058,4.313725490196078,0.0,0.39215686274509803,3.5294117647058822,0.0,1.1764705882352942,0.39215686274509803,0.0
0.0,0.0,0.6,0.8666666666666667,0.8666666666666667,63.00000000000002,2.857142857142857,0.0,5.714285714285714,2.857142857142857,0.0,2.857142857142857,0.0,0.0,0.031496062992125984,0.003952569169960474,0.43529411764705883,0.6431372549019608,0.7725641025641027,140.3939806412583,4.792332268370607,0.0,0.0,2.2364217252396164,0.0,0.9584664536741214,0.3194888178913738,0.0
0.04838709677419355,0.03278688524590164,0.6507936507936508,0.746031746031746,0.746031746031746,54.64786764705883,7.792207792207792,0.0,1.2987012987012987,9.09090909090909,0.0,0.0,0.0,0.0,0.030508474576271188,0.0,0.46621621621621623,0.5912162162162162,0.7539593908629441,109.1580177491107,3.6516853932584272,0.0,0.2808988764044944,2.5280898876404496,0.0,1.404494382022472,0.2808988764044944,0.0
0.0,0.0,0.5238095238095238,0.9523809523809523,0.9523809523809523,123.47999999999988,4.166666666666667,0.0,0.0,0.0,0.0,0.0,0.0,0.0,0.027131782945736434,0.0038910505836575876,0.47104247104247104,0.6332046332046332,0.7884375,143.33784965034965,4.100946372239747,0.0,0.6309148264984227,2.5236593059936907,0.0,0.946372239747634,0.31545741324921134,0.0
0.0,0.0,0.48,0.92,0.92,87.50000000000006,10.714285714285715,0.0,0.0,0.0,0.0,0.0,0.0,0.0,0.011494252873563218,0.0,0.6363636363636364,0.7386363636363636,0.7386363636363636,94.27478260869567,3.0,0.0,0.0,4.0,0.0,0.0,0.0,0.0
0.0,0.0,0.6363636363636364,0.9090909090909091,0.9090909090909091,33.879999999999995,0.0,0.0,7.6923076923076925,7.6923076923076925,0.0,0.0,0.0,0.0,0.02727272727272727,0.0,0.5765765765765766,0.6936936936936937,0.705,111.0,4.032258064516129,0.0,0.0,2.419354838709677,0.0,0.0,0.0,0.0
0.0,0.0,0.5714285714285714,0.9047619047619048,0.9047619047619048,61.74000000000001,8.695652173913043,0.0,0.0,0.0,0.0,0.0,0.0,0.0,0.0,0.0,0.6575342465753424,0.7808219178082192,0.7808219178082192,93.25750000000002,4.651162790697675,0.0,0.0,4.651162790697675,0.0,0.0,0.0,0.0
0.025,0.0,0.6097560975609756,0.6341463414634146,0.6341463414634146,24.629538716567314,6.521739130434782,0.0,0.0,4.3478260869565215,0.0,0.0,0.0,0.0,0.02127659574468085,0.0,0.6,0.7368421052631579,0.7368421052631579,101.08,5.357142857142858,0.0,0.0,3.5714285714285716,0.0,0.8928571428571429,0.0,0.0
0.0,0.0,0.4166666666666667,0.9444444444444444,0.9444444444444444,181.43999999999994,12.195121951219512,0.0,0.0,2.4390243902439024,0.0,0.0,0.0,0.0,0.0,0.0,0.5256410256410257,0.8205128205128205,0.8205128205128205,121.67999999999999,4.545454545454546,0.0,0.0,3.409090909090909,0.0,0.0,0.0,0.0
0.0,0.0,0.75,0.875,0.875,,0.0,0.0,20.0,0.0,0.0,0.0,0.0,0.0,0.0,0.0,0.5542168674698795,0.8072289156626506,0.8072289156626506,120.55750000000005,4.123711340206185,0.0,0.0,4.123711340206185,0.0,0.0,0.0,0.0
0.0,0.0,0.5,0.9545454545454546,0.9545454545454546,135.52000000000015,19.23076923076923,0.0,0.0,0.0,0.0,3.8461538461538463,0.0,0.0,0.011111111111111112,0.0,0.6043956043956044,0.7252747252747253,0.7252747252747253,91.87360000000001,3.8461538461538463,0.0,0.0,3.8461538461538463,0.0,0.9615384615384616,0.0,0.0
0.0,0.0,0.4956521739130435,0.7565217391304347,0.7837500000000001,132.25,7.299270072992701,0.0,0.0,2.18978102189781,0.0,0.0,0.0,0.0,0.036585365853658534,0.012345679012345678,0.6265060240963856,0.6867469879518072,0.6867469879518072,66.48945484692845,4.081632653061225,0.0,1.0204081632653061,3.0612244897959187,0.0,0.0,0.0,0.0
0.0,0.0,0.6153846153846154,0.8461538461538461,0.8461538461538461,47.32000000000001,6.25,0.0,6.25,6.25,0.0,0.0,0.0,0.0,0.0,0.0,0.5783132530120482,0.7710843373493976,0.7710843373493976,101.52210526315793,4.2105263157894735,0.0,0.0,4.2105263157894735,0.0,1.0526315789473684,0.0,0.0
0.034482758620689655,0.017543859649122806,0.559322033898305,0.7457627118644068,0.7457627118644068,64.97866666666667,5.797101449275362,0.0,2.898550724637681,4.3478260869565215,0.0,0.0,0.0,0.0,0.0,0.0,0.6022727272727273,0.7386363636363636,0.7386363636363636,94.27478260869567,3.9215686274509802,0.0,0.0,3.9215686274509802,0.0,0.9803921568627451,0.0,0.0
0.0,0.0,0.45454545454545453,1.0,1.0,11.0,0.0,0.0,0.0,0.0,0.0,0.0,0.0,0.0,0.0,0.0,0.5040650406504065,0.7154471544715447,0.7441666666666666,123.0,4.10958904109589,0.0,0.0,4.10958904109589,0.0,0.0,0.0,0.0
0.0,0.0,0.5789473684210527,0.8947368421052632,0.8947368421052632,50.54000000000001,9.090909090909092,0.0,0.0,4.545454545454546,0.0,0.0,0.0,0.0,0.007936507936507936,0.0,0.48031496062992124,0.7244094488188977,0.7596428571428573,128.01600000000002,3.3557046979865772,0.0,0.6711409395973155,2.684563758389262,0.0,0.0,0.0,0.0
0.0,0.0,0.8,1.0,1.0,,14.285714285714286,0.0,0.0,14.285714285714286,0.0,0.0,0.0,0.0,0.0,0.0,0.5462184873949579,0.7478991596638656,0.7555000000000001,132.16933333333336,4.225352112676056,0.0,0.0,2.816901408450704,0.0,0.0,0.704225352112676,0.0
0.0,0.0,0.6666666666666666,1.0,1.0,,0.0,0.0,16.666666666666668,0.0,0.0,0.0,0.0,0.0,0.013071895424836602,0.0,0.551948051948052,0.6558441558441559,0.7023636363636362,92.92864786200403,4.4692737430167595,0.0,0.0,2.793296089385475,0.0,0.0,0.5586592178770949,0.0
0.0,0.0,0.4782608695652174,0.8695652173913043,0.8695652173913043,49.37333333333333,7.6923076923076925,0.0,0.0,3.8461538461538463,0.0,0.0,0.0,0.0,0.023076923076923078,0.0,0.5038167938931297,0.6946564885496184,0.7096875,119.04744525547446,3.947368421052632,0.0,0.0,4.605263157894737,0.0,0.0,0.0,0.0
0.0,0.0,0.40625,0.96875,0.96875,286.72,2.6315789473684212,7.894736842105264,0.0,5.2631578947368425,0.0,0.0,0.0,0.0,0.022727272727272728,0.0,0.48872180451127817,0.7218045112781954,0.7791176470588235,133.0,3.79746835443038,0.0,0.0,3.79746835443038,0.0,0.0,0.0,0.0
0.0,0.0,0.36363636363636365,0.9545454545454546,0.9545454545454546,78.76000000000008,0.0,0.0,0.0,8.0,0.0,4.0,0.0,0.0,0.02,0.006711409395973154,0.543046357615894,0.6688741721854304,0.7075000000000001,102.37433009171025,2.923976608187134,0.0,0.0,4.093567251461988,0.0,0.0,0.0,0.0
0.03389830508474576,0.0,0.4666666666666667,0.7666666666666667,0.7666666666666667,72.00000000000003,5.714285714285714,0.0,0.0,4.285714285714286,0.0,2.857142857142857,0.0,0.0,0.024793388429752067,0.0,0.5409836065573771,0.7131147540983607,0.7595652173913043,99.23880597014926,3.597122302158273,0.0,0.0,2.8776978417266186,0.0,0.0,0.0,0.0
0.0,0.0,0.4794520547945205,0.7945205479452054,0.7945205479452054,99.47466666666665,19.767441860465116,0.0,0.0,0.0,0.0,0.0,0.0,4.651162790697675,0.021897810218978103,0.007352941176470588,0.5072463768115942,0.7318840579710145,0.7702564102564103,144.11675675675679,4.166666666666667,0.0,0.5952380952380952,3.571428571428571,0.0,1.1904761904761905,0.0,0.0
0.0,0.0,0.4696969696969697,0.8333333333333334,0.8333333333333334,110.88000000000004,4.285714285714286,0.0,0.0,1.4285714285714286,0.0,0.0,0.0,0.0,0.02097902097902098,0.0,0.4791666666666667,0.7569444444444444,0.8031111111111111,165.888,5.325443786982249,0.0,0.591715976331361,4.1420118343195265,0.0,0.0,0.0,0.0
0.0,0.0,0.7142857142857143,1.0,1.0,,0.0,20.0,10.0,0.0,0.0,0.0,0.0,0.0,0.03787878787878788,0.0,0.5488721804511278,0.6766917293233082,0.7147058823529412,97.39584366772236,3.896103896103896,0.0,0.6493506493506493,3.2467532467532467,0.0,0.0,0.0,0.0
0.0,0.0,0.4482758620689655,0.9310344827586207,0.9310344827586207,117.73999999999997,9.375,0.0,0.0,0.0,0.0,0.0,0.0,0.0,0.03333333333333333,0.002785515320334262,0.4099722991689751,0.6066481994459834,0.7788167938931299,141.1490771708163,4.856512141280353,0.0,0.0,6.181015452538631,0.0,1.324503311258278,0.44150110375275936,0.0
0.03125,0.0,0.5757575757575758,0.7272727272727273,0.7272727272727273,33.44,2.7777777777777777,0.0,5.555555555555555,0.0,0.0,0.0,0.0,0.0,0.051643192488262914,0.0,0.41920374707259955,0.5526932084309133,0.8034451219512194,154.60759628825946,4.672897196261682,0.0,0.0,5.233644859813084,0.0,1.308411214953271,0.0,0.0
0.0,0.0,0.5862068965517241,0.8275862068965517,0.8275862068965517,47.096,3.3333333333333335,0.0,0.0,0.0,0.0,0.0,0.0,0.0,0.047337278106508875,0.005928853754940711,0.4330708661417323,0.5492125984251969,0.7711246943765281,136.91836337825487,3.559870550161812,0.0,0.0,5.501618122977346,0.0,1.2944983818770226,0.0,0.0
0.0,0.0,0.47619047619047616,0.9047619047619048,0.9047619047619048,61.74000000000001,26.923076923076923,3.8461538461538463,0.0,3.8461538461538463,0.0,7.6923076923076925,0.0,3.8461538461538463,0.036893203883495145,0.0,0.42829457364341084,0.5348837209302325,0.7461390887290169,129.0,4.5241809672386895,0.0,0.0,3.9001560062402496,0.0,1.71606864274571,0.0,0.0
0.02,0.0,0.5346534653465347,0.7326732673267327,0.735,105.78814814814815,6.306306306306307,0.0,0.0,1.8018018018018018,0.0,0.0,0.0,0.0,0.04752851711026616,0.0019047619047619048,0.4174573055028463,0.5521821631878557,0.8089252336448599,179.8222286225544,4.633781763826607,0.0,0.14947683109118087,5.829596412556054,0.0,1.6442451420029895,0.14947683109118087,0.0
0.012987012987012988,0.0,0.44871794871794873,0.7692307692307693,0.7692307692307693,94.64000000000003,6.818181818181818,0.0,0.0,2.272727272727273,0.0,1.1363636363636365,0.0,0.0,0.021341463414634148,0.0,0.3860182370820669,0.6231003039513677,0.7744347826086957,127.28233238004447,4.316546762589928,0.0,0.0,4.07673860911271,0.0,0.9592326139088729,0.47961630695443647,0.0
0.0,0.0,0.5666666666666667,0.8666666666666667,0.8666666666666667,63.00000000000002,6.0606060606060606,0.0,0.0,3.0303030303030303,0.0,0.0,0.0,0.0,0.016563146997929608,0.0,0.40702479338842973,0.5681818181818182,0.8016103896103897,162.12905877517468,4.651162790697675,0.0,0.0,5.481727574750831,0.0,1.3289036544850499,0.33222591362126247,0.0
0.08695652173913043,0.045454545454545456,0.5833333333333334,0.7083333333333334,0.7083333333333334,24.0,6.666666666666667,0.0,0.0,0.0,0.0,6.666666666666667,0.0,0.0,0.029661016949152543,0.0021231422505307855,0.4376321353065539,0.547568710359408,0.7810160427807488,131.02364178725566,4.537521815008726,0.0,0.0,5.5846422338568935,0.0,1.0471204188481675,0.17452006980802792,0.0
0.0,0.0,0.40625,0.84375,0.84375,57.34400000000001,8.823529411764707,0.0,0.0,2.9411764705882355,0.0,0.0,0.0,2.9411764705882355,0.029045643153526972,0.004158004158004158,0.422360248447205,0.5527950310559007,0.7584375,133.67846129546615,4.105090311986864,0.0,0.0,5.254515599343185,0.0,1.1494252873563218,0.3284072249589491,0.0
0.0,0.0,0.4742268041237113,0.7835051546391752,0.7835051546391752,90.89348043542219,5.555555555555555,0.0,0.0,2.7777777777777777,0.0,0.0,0.0,0.0,0.03731343283582089,0.0,0.4267990074441687,0.5533498759305211,0.7868421052631579,138.46775460088702,3.7037037037037033,0.0,0.0,6.237816764132553,0.0,1.364522417153996,0.1949317738791423,0.0
0.01818181818181818,0.0,0.32142857142857145,0.8928571428571429,0.8928571428571429,146.34666666666675,4.615384615384616,0.0,0.0,6.153846153846154,0.0,0.0,0.0,0.0,0.02586206896551724,0.0,0.4258064516129032,0.5720430107526882,0.7834426229508197,165.02519762341547,4.5855379188712515,0.0,0.0,4.938271604938271,0.0,1.0582010582010581,0.1763668430335097,0.0
0.0,0.0,0.3,1.0,1.0,10.0,27.272727272727273,0.0,0.0,0.0,0.0,0.0,0.0,9.090909090909092,0.030660377358490566,0.002364066193853428,0.44,0.5764705882352941,0.7830981595092025,151.8144657132025,4.6992481203007515,0.0,0.0,5.263157894736842,0.0,0.9398496240601504,0.5639097744360901,0.0
0.0,0.0,0.34146341463414637,0.926829268292683,0.926829268292683,156.89333333333346,14.893617021276595,0.0,0.0,0.0,0.0,0.0,0.0,0.0,0.028089887640449437,0.005633802816901409,0.39215686274509803,0.5994397759103641,0.767170542635659,133.87977641516488,4.3478260869565215,0.0,0.0,6.739130434782608,0.0,1.0869565217391304,0.43478260869565216,0.0
0.0,0.0,0.75,0.9,0.9,56.000000000000014,8.695652173913043,0.0,4.3478260869565215,4.3478260869565215,0.0,8.695652173913043,0.0,0.0,0.0,0.0,0.49295774647887325,0.8028169014084507,0.8028169014084507,100.82000000000002,3.409090909090909,0.0,1.1363636363636365,2.272727272727273,0.0,0.0,0.0,0.0
0.0,0.0,0.5,1.0,1.0,,0.0,0.0,12.5,12.5,0.0,0.0,0.0,0.0,0.0,0.0,0.47540983606557374,0.8032786885245902,0.8032786885245902,86.82333333333335,5.405405405405405,0.0,1.3513513513513513,0.0,0.0,0.0,0.0,0.0
0.0,0.0,0.5849056603773585,0.8301886792452831,0.8301886792452831,87.39111111111114,13.559322033898304,0.0,0.0,0.0,0.0,0.0,0.0,1.694915254237288,0.0,0.0,0.48,0.78,0.78,63.63636363636365,4.918032786885246,0.0,1.639344262295082,1.639344262295082,0.0,0.0,0.0,0.0
0.0,0.0,0.3333333333333333,0.875,0.875,53.760000000000005,6.451612903225806,0.0,0.0,3.225806451612903,0.0,0.0,0.0,0.0,0.0,0.0,0.36923076923076925,0.8461538461538461,0.8461538461538461,118.30000000000001,3.7037037037037033,0.0,1.2345679012345678,2.4691358024691357,0.0,0.0,0.0,0.0
0.0,0.0,0.4166666666666667,1.0,1.0,12.0,6.666666666666667,0.0,0.0,0.0,0.0,0.0,0.0,0.0,0.019230769230769232,0.0,0.49056603773584906,0.7924528301886793,0.7924528301886793,71.5018181818182,4.761904761904762,0.0,1.5873015873015872,1.5873015873015872,0.0,0.0,0.0,0.0
0.0,0.0,0.5517241379310345,0.8620689655172413,0.8620689655172413,58.86999999999998,3.0303030303030303,0.0,9.09090909090909,0.0,0.0,0.0,0.0,0.0,0.014925373134328358,0.0,0.47058823529411764,0.7794117647058824,0.7794117647058824,86.31466666666668,5.0,0.0,0.0,2.5,0.0,0.0,0.0,0.0
0.0,0.0,0.5897435897435898,0.7435897435897436,0.7435897435897436,42.58800000000001,4.878048780487805,0.0,0.0,0.0,0.0,0.0,0.0,0.0,0.014285714285714285,0.0,0.4225352112676056,0.8028169014084507,0.8028169014084507,100.82000000000002,4.705882352941177,0.0,0.0,3.5294117647058822,0.0,0.0,0.0,0.0
0.0,0.0,0.5555555555555556,0.9444444444444444,0.9444444444444444,181.43999999999994,5.128205128205129,0.0,0.0,2.5641025641025643,0.0,0.0,0.0,0.0,0.0,0.0,0.52,0.8,0.8,105.00000000000003,4.444444444444445,0.0,0.0,2.2222222222222223,0.0,0.0,0.0,0.0
0.02,0.0,0.5686274509803921,0.8627450980392157,0.8627450980392157,104.04000000000003,10.909090909090908,0.0,1.8181818181818181,0.0,0.0,1.8181818181818181,0.0,0.0,0.05757575757575758,0.0,0.44108761329305135,0.6102719033232629,0.7964655172413793,165.5,4.245283018867925,0.0,0.0,4.481132075471698,0.0,0.9433962264150944,0.0,0.0
0.018518518518518517,0.0,0.5688073394495413,0.6330275229357798,0.634,54.09502339124228,3.968253968253968,0.7936507936507936,3.1746031746031744,2.380952380952381,0.0,0.0,0.0,0.0,0.04391891891891892,0.006779661016949152,0.4074074074074074,0.6296296296296297,0.7730303030303027,139.91949152542372,5.050505050505051,0.0,0.0,3.5353535353535355,0.0,2.5252525252525255,0.0,0.0
0.015625,0.0,0.5891472868217055,0.6821705426356589,0.7389999999999997,103.01793590120553,6.338028169014084,0.0,0.704225352112676,1.408450704225352,0.0,0.0,0.0,0.0,0.02912621359223301,0.0,0.43478260869565216,0.6811594202898551,0.7699074074074075,134.19284565124605,4.444444444444445,0.0,0.7407407407407407,4.814814814814815,0.0,0.7407407407407407,0.0,0.0
0.02702702702702703,0.0136986301369863,0.5333333333333333,0.7466666666666667,0.7466666666666667,82.89473684210529,9.63855421686747,0.0,0.0,2.4096385542168677,0.0,0.0,0.0,1.2048192771084338,0.025454545454545455,0.0,0.427536231884058,0.6413043478260869,0.7681920903954802,150.46056377885458,4.624277456647399,0.0,0.0,3.757225433526012,0.0,0.5780346820809249,1.7341040462427748,0.0
0.03816793893129771,0.007692307692307693,0.42424242424242425,0.696969696969697,0.7296969696969696,95.53265145554681,2.054794520547945,0.0,0.0,3.4246575342465753,0.0,0.0,0.0,0.0,0.04823151125401929,0.0064516129032258064,0.4423076923076923,0.6153846153846154,0.7539906103286386,110.61597063235178,4.714640198511167,0.0,0.0,4.962779156327544,0.0,1.7369727047146402,0.0,0.0
0.031914893617021274,0.0053475935828877,0.5343915343915344,0.6190476190476191,0.7181111111111113,104.48147276480981,4.326923076923077,0.0,0.0,4.8076923076923075,0.0,0.0,0.0,0.0,0.03003003003003003,0.0,0.4431137724550898,0.5808383233532934,0.7614042553191488,134.13000577715457,3.2332563510392607,0.0,0.0,5.080831408775981,0.0,1.3856812933025404,0.0,0.0
0.0,0.0,0.0,1.0,1.0,,16.666666666666668,0.0,0.0,16.666666666666668,0.0,0.0,0.0,0.0,0.03496503496503497,0.010526315789473684,0.4146341463414634,0.6062717770034843,0.744308510638298,121.00142531356899,4.0650406504065035,0.0,0.0,4.607046070460704,0.0,1.084010840108401,0.0,0.0
0.01,0.0,0.504950495049505,0.7128712871287128,0.72,101.0,4.464285714285714,0.0,1.7857142857142858,3.5714285714285716,0.0,0.0,0.0,0.0,0.04285714285714286,0.0035842293906810036,0.4555160142348754,0.594306049822064,0.7334065934065932,100.63891854382408,3.825136612021858,0.0,0.0,5.191256830601094,0.0,1.639344262295082,0.0,0.0
0.050505050505050504,0.02040816326530612,0.57,0.67,0.67,66.84350132625995,3.6363636363636362,0.0,1.8181818181818181,3.6363636363636362,0.0,0.0,0.0,0.0,0.03389830508474576,0.003401360544217687,0.4391891891891892,0.6182432432432432,0.7746700507614214,135.35763097949885,4.945054945054945,0.0,0.0,3.8461538461538467,0.0,0.8241758241758242,0.0,0.0
0.02857142857142857,0.0,0.4225352112676056,0.7887323943661971,0.7887323943661971,94.09866666666666,5.194805194805195,0.0,0.0,0.0,0.0,0.0,0.0,0.0,0.05574912891986063,0.01048951048951049,0.4583333333333333,0.59375,0.7306349206349207,113.93092332489063,5.135135135135135,0.0,0.0,3.5135135135135136,0.0,1.0810810810810811,1.0810810810810811,0.0
0.0,0.0,0.46875,0.828125,0.828125,104.26181818181819,5.333333333333333,0.0,0.0,8.0,0.0,0.0,0.0,0.0,0.013574660633484163,0.004545454545454545,0.45045045045045046,0.6486486486486487,0.7490243902439025,125.40803393946788,4.693140794223827,0.0,0.0,4.693140794223827,0.0,0.7220216606498195,0.36101083032490977,0.0
0.0125,0.0,0.5185185185185185,0.7777777777777778,0.7777777777777778,76.69977363515315,7.608695652173912,0.0,0.0,2.1739130434782608,0.0,0.0,0.0,0.0,0.035211267605633804,0.0,0.47017543859649125,0.5859649122807018,0.7277956989247312,112.6634232205722,3.878116343490305,0.0,0.0,3.6011080332409975,0.0,1.3850415512465375,0.0,0.0
0.0,0.0,0.5,0.8658536585365854,0.8658536585365854,171.15636363636364,8.602150537634408,0.0,0.0,3.225806451612903,0.0,0.0,0.0,1.075268817204301,0.016835016835016835,0.0033783783783783786,0.412751677852349,0.6174496644295302,0.7891457286432162,149.0,5.357142857142858,0.0,0.0,4.846938775510204,0.0,0.7653061224489797,0.25510204081632654,0.0
0.0,0.0,0.6363636363636364,0.8636363636363636,0.8636363636363636,45.17333333333334,0.0,0.0,8.0,0.0,0.0,0.0,0.0,0.0,0.04142011834319527,0.002967359050445104,0.4365781710914454,0.6342182890855457,0.7780416666666667,164.24255583126552,4.705882352941177,0.0,0.0,4.0,0.0,1.8823529411764706,0.0,0.0
0.0,0.0,0.45901639344262296,0.819672131147541,0.819672131147541,94.71636363636367,4.166666666666666,0.0,1.3888888888888888,5.555555555555555,0.0,0.0,0.0,0.0,0.051829268292682924,0.0030581039755351682,0.45592705167173253,0.6109422492401215,0.7897826086956523,137.8682098247967,4.408352668213457,0.0,0.0,3.944315545243619,0.0,1.3921113689095126,0.23201856148491878,0.0
0.040697674418604654,0.005847953216374269,0.5260115606936416,0.6820809248554913,0.7778378378378379,102.1842766366189,2.5380710659898478,0.0,1.5228426395939085,2.030456852791878,0.0,0.0,0.0,0.0,0.03594771241830065,0.006557377049180328,0.42996742671009774,0.6026058631921825,0.7851442307692308,138.4706266318538,4.645476772616137,0.0,0.24449877750611246,3.9119804400977993,0.0,1.4669926650366747,0.0,0.0
0.0,0.0,0.52,0.92,0.92,87.50000000000006,3.7037037037037037,3.7037037037037037,0.0,0.0,0.0,0.0,0.0,0.0,0.03146853146853147,0.0035087719298245615,0.4808362369337979,0.5888501742160279,0.7369148936170213,106.58148692638875,4.945054945054945,0.0,0.0,4.670329670329671,0.0,1.9230769230769234,0.0,0.0
0.04081632653061224,0.020833333333333332,0.42,0.8,0.8,70.00000000000001,7.017543859649122,0.0,0.0,0.0,0.0,0.0,0.0,0.0,0.050156739811912224,0.006289308176100629,0.475,0.590625,0.7500904977375564,121.21255455105185,4.271356783919598,0.0,0.0,4.271356783919598,0.0,1.0050251256281406,0.0,0.0
0.0,0.0,0.6153846153846154,0.9615384615384616,0.9615384615384616,189.28000000000014,3.4482758620689653,0.0,0.0,6.896551724137931,0.0,0.0,0.0,0.0,0.036,0.004016064257028112,0.4302788844621514,0.6454183266932271,0.7845394736842106,143.71525215252154,5.015673981191223,0.0,0.0,5.956112852664577,0.0,1.2539184952978057,0.0,0.0
0.05660377358490566,0.009523809523809525,0.5514018691588785,0.6728971962616822,0.69,67.87926061388029,6.0344827586206895,0.0,0.0,0.8620689655172413,0.0,0.0,0.0,0.0,0.05120481927710843,0.012084592145015106,0.42042042042042044,0.6216216216216216,0.7862820512820513,138.15903366155254,5.0691244239631335,0.0,0.0,3.686635944700461,0.0,1.1520737327188941,0.0,0.0
0.0,0.0,0.45161290322580644,0.9032258064516129,0.9032258064516129,89.69333333333331,5.714285714285714,2.857142857142857,0.0,2.857142857142857,0.0,0.0,0.0,0.0,0.041666666666666664,0.005970149253731343,0.4629080118694362,0.5964391691394659,0.7531932773109246,125.17392515197204,5.361305361305361,0.0,0.0,3.9627039627039626,0.0,1.3986013986013985,0.2331002331002331,0.0
0.0,0.0,0.4766355140186916,0.7570093457943925,0.7675000000000001,123.29692307692308,5.042016806722689,0.8403361344537815,0.8403361344537815,1.680672268907563,0.0,0.0,0.0,0.0,0.029411764705882353,0.0029498525073746312,0.436950146627566,0.6099706744868035,0.7569008264462811,134.21063422011594,5.720823798627003,0.0,0.0,4.805491990846682,0.0,2.288329519450801,0.0,0.0
0.0,0.0,0.47058823529411764,0.9411764705882353,0.9411764705882353,80.91999999999999,5.0,5.0,0.0,0.0,0.0,0.0,0.0,0.0,0.048295454545454544,0.0,0.4447592067988669,0.5750708215297451,0.7750787401574804,119.58160203139428,5.286343612334802,0.0,0.0,4.185022026431718,0.0,2.422907488986784,0.22026431718061673,0.0
0.008928571428571428,0.0,0.49557522123893805,0.7345132743362832,0.7664285714285713,119.17733333333337,6.557377049180328,0.0,0.0,0.819672131147541,0.0,0.0,0.0,0.819672131147541,0.022508038585209004,0.0,0.42948717948717946,0.6442307692307693,0.7826760563380282,165.35609985869053,4.030226700251889,0.0,0.2518891687657431,4.030226700251889,0.0,1.0075566750629723,0.2518891687657431,0.0
0.0,0.0,0.47619047619047616,0.7936507936507936,0.7936507936507936,85.48615384615384,2.816901408450704,0.0,2.816901408450704,2.816901408450704,0.0,1.408450704225352,0.0,0.0,0.0353356890459364,0.0,0.44014084507042256,0.6584507042253521,0.773081081081081,159.09226316414632,5.7534246575342465,0.0,0.0,5.205479452054794,0.0,0.821917808219178,0.0,0.0
0.0,0.0,0.6666666666666666,0.9487179487179487,0.9487179487179487,212.93999999999986,4.761904761904762,0.0,0.0,0.0,0.0,0.0,0.0,0.0,0.03278688524590164,0.0,0.43137254901960786,0.6209150326797386,0.7916425120772947,154.8972382465932,5.141388174807197,0.0,0.2570694087403599,3.3419023136246784,0.2570694087403599,0.7712082262210797,0.2570694087403599,0.0
0.0,0.0,0.53125,0.875,0.875,143.36,7.246376811594203,0.0,0.0,0.0,0.0,0.0,0.0,0.0,0.06031746031746032,0.006369426751592357,0.4936708860759494,0.5727848101265823,0.743041474654378,107.50272150724348,4.239401496259352,0.0,0.0,4.239401496259352,0.0,2.2443890274314215,0.0,0.0
0.0,0.0,0.5151515151515151,0.8787878787878788,0.8787878787878788,76.23,12.820512820512821,0.0,0.0,0.0,0.0,7.692307692307693,0.0,0.0,0.03900709219858156,0.0035587188612099642,0.45229681978798586,0.5865724381625441,0.7592391304347825,115.3403523879822,5.070422535211268,0.0,0.0,4.507042253521127,0.0,1.1267605633802817,0.28169014084507044,0.0
0.0,0.0,0.4666666666666667,1.0,1.0,15.0,5.555555555555555,0.0,0.0,5.555555555555555,0.0,0.0,0.0,0.0,0.034055727554179564,0.009316770186335404,0.41358024691358025,0.6141975308641975,0.7646222222222223,138.6267872775022,5.011933174224343,0.0,0.2386634844868735,3.818615751789976,0.0,0.477326968973747,0.2386634844868735,0.0
0.0,0.0,0.5833333333333334,1.0,1.0,12.0,40.0,0.0,0.0,0.0,0.0,6.666666666666667,0.0,0.0,0.03761755485893417,0.0031446540880503146,0.421875,0.609375,0.7692307692307693,141.90954773869348,5.637254901960784,0.0,0.0,4.166666666666666,0.0,2.205882352941176,0.0,0.0
0.0,0.0,0.5476190476190477,0.8571428571428571,0.8571428571428571,82.31999999999998,4.25531914893617,0.0,0.0,2.127659574468085,0.0,0.0,0.0,0.0,0.012195121951219513,0.0,0.5151515151515151,0.6666666666666666,0.7590909090909091,102.19681883169936,4.0,1.0,0.5,2.5,0.0,0.5,0.0,0.0
0.0,0.0,0.5,1.0,1.0,14.0,18.75,6.25,0.0,0.0,0.0,0.0,0.0,6.25,0.024271844660194174,0.0,0.5072463768115942,0.6473429951690821,0.7350925925925925,109.54670496718597,3.5573122529644268,0.7905138339920948,0.3952569169960474,3.5573122529644268,0.0,0.3952569169960474,0.0,0.0
0.0,0.0,0.5294117647058824,0.8823529411764706,0.8823529411764706,40.459999999999994,11.11111111111111,0.0,0.0,0.0,0.0,0.0,0.0,0.0,0.020942408376963352,0.005263157894736842,0.515625,0.6666666666666666,0.7878494623655912,109.3169438608204,3.79746835443038,0.8438818565400844,0.8438818565400844,2.9535864978902953,0.0,0.8438818565400844,0.0,0.0
0.014492753623188406,0.0,0.6571428571428571,0.6857142857142857,0.6857142857142857,61.972477064220186,7.792207792207792,0.0,0.0,1.2987012987012987,0.0,0.0,0.0,1.2987012987012987,0.015789473684210527,0.0,0.5340314136125655,0.6387434554973822,0.7352173913043479,103.79437749184487,4.273504273504273,0.8547008547008547,0.0,3.4188034188034186,0.0,0.8547008547008547,0.0,0.0
0.053763440860215055,0.021739130434782608,0.5957446808510638,0.5851063829787234,0.5851063829787234,58.74381052716885,2.9702970297029703,0.0,0.0,3.9603960396039604,0.0,0.0,0.0,0.0,0.010362694300518135,0.0,0.5257731958762887,0.6494845360824743,0.7697894736842108,110.22743549042046,4.721030042918455,0.8583690987124464,0.8583690987124464,3.0042918454935625,0.0,0.4291845493562232,0.0,0.0
0.04827586206896552,0.006944444444444444,0.6095890410958904,0.636986301369863,0.7029787234042553,79.54518552679619,7.18562874251497,0.0,0.0,2.395209580838323,0.0,0.0,0.0,0.0,0.009302325581395349,0.0,0.5185185185185185,0.6527777777777778,0.7535897435897437,120.52886764165089,3.8610038610038613,0.3861003861003861,0.0,3.8610038610038613,0.0,0.3861003861003861,0.0,0.0
0.01639344262295082,0.0,0.6290322580645161,0.7580645161290323,0.7580645161290323,71.75466666666667,10.447761194029852,0.0,0.0,0.0,0.0,0.0,0.0,1.492537313432836,0.035175879396984924,0.0,0.53,0.62,0.7413861386138616,103.40223944875109,3.75,0.4166666666666667,0.0,3.75,0.0,0.8333333333333334,0.0,0.0
0.0,0.0,0.375,0.8333333333333334,0.8333333333333334,40.320000000000014,7.407407407407407,0.0,3.7037037037037037,0.0,0.0,0.0,0.0,0.0,0.05084745762711865,0.011363636363636364,0.47752808988764045,0.6404494382022472,0.7606329113924051,108.34293953558505,4.205607476635514,0.0,0.0,2.336448598130841,0.0,0.4672897196261682,0.0,0.0
0.0,0.0,0.4861111111111111,0.8194444444444444,0.8194444444444444,111.6553846153846,6.024096385542169,0.0,2.4096385542168677,2.4096385542168677,0.0,1.2048192771084338,0.0,0.0,0.01020408163265306,0.0,0.4365482233502538,0.6446700507614214,0.7489795918367346,109.74713662966295,4.081632653061225,0.0,0.0,4.081632653061225,0.0,0.8163265306122449,0.0,0.0
0.017241379310344827,0.0,0.4067796610169492,0.8135593220338984,0.8135593220338984,88.60727272727276,5.882352941176471,0.0,0.0,7.352941176470589,0.0,0.0,0.0,0.0,0.0353356890459364,0.0,0.45774647887323944,0.573943661971831,0.7189189189189189,100.39780270084688,4.347826086956522,0.0,0.2557544757033248,2.557544757033248,0.0,2.3017902813299234,0.2557544757033248,0.0
0.0,0.0,0.4634146341463415,0.926829268292683,0.926829268292683,156.89333333333346,6.382978723404255,0.0,2.127659574468085,4.25531914893617,0.0,0.0,0.0,0.0,0.014285714285714285,0.0,0.45023696682464454,0.6255924170616114,0.7675892857142855,120.3329039381671,4.580152671755726,0.0,0.3816793893129771,3.435114503816794,0.0,1.1450381679389314,0.3816793893129771,0.0
0.0,0.0,0.47368421052631576,0.9473684210526315,0.9473684210526315,101.07999999999991,18.181818181818183,0.0,0.0,0.0,0.0,4.545454545454546,0.0,0.0,0.047058823529411764,0.003937007874015748,0.52734375,0.57421875,0.7240127388535031,99.54564079216937,3.869047619047619,0.0,0.0,3.869047619047619,0.0,0.2976190476190476,0.0,0.0
0.0125,0.0,0.5185185185185185,0.8148148148148148,0.8148148148148148,122.47199999999998,7.692307692307693,0.0,0.0,0.0,0.0,0.0,0.0,0.0,0.017964071856287425,0.0,0.4523809523809524,0.6726190476190477,0.7591304347826088,124.26621104203547,4.716981132075472,0.0,0.0,3.7735849056603774,0.0,1.4150943396226414,0.0,0.0
0.0625,0.021052631578947368,0.4536082474226804,0.6804123711340206,0.6804123711340206,84.46770025839794,7.207207207207207,0.0,0.0,3.6036036036036037,0.0,0.0,0.0,0.9009009009009009,0.02857142857142857,0.0035842293906810036,0.4626334519572954,0.5693950177935944,0.7458241758241759,120.04196606786427,4.485488126649076,0.0,0.2638522427440633,3.430079155672823,0.0,1.8469656992084433,0.2638522427440633,0.0
0.014705882352941176,0.0,0.5072463768115942,0.7681159420289855,0.7681159420289855,83.3175,4.166666666666666,0.0,0.0,0.0,0.0,0.0,0.0,0.0,0.0410958904109589,0.010309278350515464,0.43686006825938567,0.6040955631399317,0.7482989690721649,106.26244591708199,4.197530864197531,0.0,0.0,4.444444444444445,0.0,1.4814814814814814,0.0,0.0
0.013333333333333334,0.0,0.39473684210526316,0.8026315789473685,0.8026315789473685,107.8186666666667,5.6818181818181825,0.0,0.0,6.818181818181818,0.0,1.1363636363636365,0.0,0.0,0.029288702928870293,0.0,0.49166666666666664,0.6083333333333333,0.7523404255319149,121.46341463414635,4.745762711864407,0.0,0.0,4.067796610169491,0.0,1.0169491525423728,0.6779661016949152,0.0
0.03314917127071823,0.022222222222222223,0.44505494505494503,0.6868131868131868,0.7802409638554217,134.06364313498307,6.19047619047619,0.47619047619047616,0.47619047619047616,4.285714285714286,0.0,0.47619047619047616,0.0,0.47619047619047616,0.05220883534136546,0.012096774193548387,0.488,0.596,0.7472847682119206,127.97519512902862,5.325443786982249,0.0,0.0,3.2544378698224854,0.0,1.4792899408284024,0.0,0.2958579881656805
0.03614457831325301,0.012195121951219513,0.5595238095238095,0.7261904761904762,0.7261904761904762,85.8991304347826,4.301075268817204,0.0,0.0,2.150537634408602,0.0,0.0,0.0,0.0,0.043333333333333335,0.0,0.48172757475083056,0.5448504983388704,0.7036138613861386,94.90656106076364,3.45679012345679,0.0,0.0,4.197530864197531,0.0,0.9876543209876543,0.24691358024691357,0.0
0.0,0.0,0.5294117647058824,0.788235294117647,0.788235294117647,112.38888888888889,6.185567010309278,1.0309278350515463,1.0309278350515463,1.0309278350515463,0.0,0.0,0.0,1.0309278350515463,0.05357142857142857,0.0,0.4577777777777778,0.6044444444444445,0.728095238095238,112.5,3.4591194968553456,0.0,0.31446540880503143,4.088050314465408,0.0,1.572327044025157,0.0,0.0
0.004694835680751174,0.0,0.5186915887850467,0.6308411214953271,0.7345217391304347,96.6000156641604,2.928870292887029,0.0,0.8368200836820083,5.02092050209205,0.0,0.0,0.0,0.41841004184100417,0.03879310344827586,0.0,0.47639484978540775,0.630901287553648,0.7455970149253731,128.47587624969043,4.040404040404041,0.0,0.3367003367003367,5.723905723905724,0.0,0.0,0.6734006734006734,0.0
0.0,0.0,0.40816326530612246,0.8775510204081632,0.8775510204081632,112.04666666666665,7.142857142857143,0.0,0.0,1.7857142857142858,0.0,0.0,0.0,0.0,0.019704433497536946,0.0,0.4362745098039216,0.6617647058823529,0.785904761904762,126.43838271946831,5.058365758754864,0.0,0.0,5.058365758754864,0.0,0.7782101167315175,0.0,0.0
0.0,0.0,0.3448275862068966,0.9310344827586207,0.9310344827586207,117.73999999999997,17.647058823529413,0.0,0.0,2.9411764705882355,0.0,0.0,0.0,0.0,0.05668016194331984,0.008130081300813009,0.47580645161290325,0.5887096774193549,0.7453691275167785,111.74703557312253,4.444444444444445,0.0,0.0,4.444444444444445,0.0,1.2698412698412698,0.0,0.0
0.07086614173228346,0.007936507936507936,0.5078125,0.640625,0.6372413793103447,80.23373946778203,7.284768211920531,0.0,0.0,3.3112582781456954,0.0,0.6622516556291391,0.0,0.6622516556291391,0.050505050505050504,0.0,0.457286432160804,0.6432160804020101,0.7766000000000003,130.42885890151516,3.225806451612903,0.0,0.0,3.629032258064516,0.0,0.4032258064516129,0.0,0.0
0.013793103448275862,0.0,0.3767123287671233,0.6575342465753424,0.693191489361702,91.52238805970151,7.602339181286549,0.0,0.0,7.017543859649122,0.0,0.0,0.0,0.0,0.06179775280898876,0.005649717514124294,0.4860335195530726,0.6089385474860335,0.738625,111.00320815330622,3.7735849056603774,0.0,0.0,1.8867924528301887,0.0,0.4716981132075472,0.4716981132075472,0.0
0.0,0.0,0.5,0.8414634146341463,0.8414634146341463,144.82461538461538,5.434782608695652,1.0869565217391304,0.0,4.3478260869565215,0.0,0.0,0.0,0.0,0.06206896551724138,0.01384083044982699,0.47766323024054985,0.5601374570446735,0.7415104166666667,116.95985157568936,4.18848167539267,0.0,0.0,3.4031413612565444,0.0,1.0471204188481675,0.0,0.0
0.0,0.0,0.5,1.0,1.0,,0.0,0.0,20.0,0.0,0.0,0.0,0.0,0.0,0.01858736059479554,0.0,0.4703703703703704,0.6259259259259259,0.8001169590643276,137.34202483696706,3.9877300613496933,0.0,0.0,4.9079754601226995,0.0,0.9202453987730062,0.0,0.0
0.0,0.0,0.631578947368421,0.9473684210526315,0.9473684210526315,101.07999999999991,4.3478260869565215,0.0,0.0,13.043478260869565,0.0,0.0,0.0,0.0,0.042801556420233464,0.0,0.4728682170542636,0.6085271317829457,0.730754716981132,118.03061224489795,5.144694533762058,0.0,0.0,4.180064308681672,0.0,1.2861736334405145,0.3215434083601286,0.0
0.0,0.0,0.47058823529411764,0.8823529411764706,0.8823529411764706,40.459999999999994,10.0,0.0,0.0,5.0,0.0,0.0,0.0,0.0,0.021505376344086023,0.0,0.47593582887700536,0.6577540106951871,0.7469318181818181,119.6015091441264,3.6363636363636362,0.0,0.0,4.090909090909091,0.0,0.9090909090909091,0.0,0.0
0.0,0.0,0.5,0.9583333333333334,0.9583333333333334,161.28000000000014,22.22222222222222,0.0,0.0,0.0,0.0,0.0,0.0,3.7037037037037037,0.027522935779816515,0.0,0.5205479452054794,0.6164383561643836,0.7444166666666666,114.10397727272729,3.8910505836575875,0.0,0.0,5.058365758754864,0.0,0.7782101167315175,0.0,0.0
0.0,0.0,0.47058823529411764,0.8529411764705882,0.8529411764705882,64.736,5.2631578947368425,0.0,0.0,2.6315789473684212,0.0,0.0,0.0,0.0,0.029914529914529916,0.0,0.49361702127659574,0.6212765957446809,0.7418382352941176,123.55174194760073,4.7272727272727275,0.0,0.0,4.363636363636363,0.0,1.0909090909090908,0.7272727272727273,0.0
0.0641025641025641,0.025974025974025976,0.4936708860759494,0.759493670886076,0.759493670886076,91.97263157894739,4.545454545454546,0.0,0.0,3.409090909090909,0.0,0.0,0.0,0.0,0.026515151515151516,0.0038022813688212928,0.4679245283018868,0.6264150943396226,0.7748192771084338,144.4384421390497,4.702194357366771,0.0,0.0,5.015673981191223,0.0,0.6269592476489029,0.0,0.0
0.0,0.0,0.49333333333333335,0.8266666666666667,0.8266666666666667,121.15384615384617,8.23529411764706,0.0,1.1764705882352942,2.3529411764705883,0.0,0.0,0.0,0.0,0.02577319587628866,0.0,0.4512820512820513,0.7128205128205128,0.7929166666666667,169.95719178082192,4.329004329004329,0.0,0.0,3.463203463203463,0.0,0.8658008658008658,0.0,0.0
0.0,0.0,0.5714285714285714,0.7857142857142857,0.7857142857142857,36.586666666666666,3.225806451612903,0.0,6.451612903225806,0.0,0.0,0.0,0.0,0.0,0.02,0.005025125628140704,0.472636815920398,0.6965174129353234,0.8059803921568627,194.42277486910993,4.583333333333334,0.0,0.0,5.0,0.0,1.25,0.0,0.0
0.0,0.0,0.48717948717948717,0.8974358974358975,0.8974358974358975,106.47000000000004,6.818181818181818,0.0,2.272727272727273,0.0,0.0,2.272727272727273,0.0,0.0,0.017094017094017096,0.0,0.4851063829787234,0.6553191489361702,0.7464705882352942,140.8424651934841,3.754266211604096,0.0,1.0238907849829353,4.436860068259386,0.0,0.6825938566552902,0.0,0.0
0.0,0.0,0.62,0.78,0.78,63.63636363636365,3.6363636363636362,1.8181818181818181,0.0,3.6363636363636362,0.0,0.0,0.0,0.0,0.01282051282051282,0.0,0.535031847133758,0.6878980891719745,0.7572413793103449,104.22615039281706,4.2105263157894735,0.0,0.0,3.1578947368421053,0.0,0.5263157894736842,0.0,0.0
0.031914893617021274,0.0,0.5473684210526316,0.6947368421052632,0.6947368421052632,81.50568181818181,4.587155963302752,0.0,1.834862385321101,3.669724770642202,0.0,0.0,0.0,0.0,0.020202020202020204,0.0,0.49246231155778897,0.6884422110552764,0.7624,122.22559421961017,3.643724696356275,0.0,0.0,4.8582995951417,0.0,0.8097165991902834,0.4048582995951417,0.0
0.0,0.0,0.5,0.96875,0.96875,286.72,8.333333333333332,0.0,2.7777777777777777,0.0,0.0,0.0,0.0,0.0,0.022321428571428572,0.004484304932735426,0.4533333333333333,0.68,0.7832539682539682,161.04855049875312,3.5587188612099645,0.0,1.0676156583629894,4.626334519572954,0.0,0.35587188612099646,0.0,0.0
0.171875,0.12698412698412698,0.5692307692307692,0.6461538461538462,0.6461538461538462,60.27616279069767,5.633802816901408,0.0,0.0,2.816901408450704,0.0,0.0,0.0,0.0,0.01282051282051282,0.0,0.4595744680851064,0.6510638297872341,0.7725,136.5130378693618,4.166666666666666,0.0,0.0,4.513888888888888,0.0,0.3472222222222222,0.0,0.0
0.015151515151515152,0.0,0.5671641791044776,0.7761194029850746,0.7761194029850746,83.79466666666669,11.39240506329114,0.0,0.0,5.063291139240507,0.0,1.2658227848101267,0.0,0.0,0.028037383177570093,0.0,0.5116279069767442,0.6372093023255814,0.7643103448275862,114.64250493096648,3.4615384615384617,0.0,1.153846153846154,3.4615384615384617,0.0,0.7692307692307693,0.38461538461538464,0.0
0.046153846153846156,0.0,0.5877862595419847,0.6106870229007634,0.6340625,65.5,4.861111111111111,0.0,0.0,2.083333333333333,0.0,0.0,0.0,0.0,0.004901960784313725,0.0,0.48292682926829267,0.6731707317073171,0.7828301886792455,139.3938253012048,4.032258064516129,0.0,0.0,2.419354838709677,0.0,0.8064516129032258,0.0,0.0
0.041666666666666664,0.0,0.5463917525773195,0.7010309278350515,0.7010309278350515,87.67307692307692,9.25925925925926,0.0,0.0,1.8518518518518519,0.0,0.9259259259259259,0.0,0.0,0.024154589371980676,0.0,0.46153846153846156,0.6826923076923077,0.7984403669724769,137.31926590670224,4.0,0.0,0.0,3.6,0.0,0.4,0.4,0.0
0.0,0.0,0.5961538461538461,0.7692307692307693,0.7692307692307693,63.093333333333355,7.017543859649122,0.0,1.7543859649122806,1.7543859649122806,0.0,0.0,0.0,0.0,0.014778325123152709,0.0,0.4852941176470588,0.6568627450980392,0.7778095238095238,129.405129699796,4.048582995951417,0.0,0.0,5.668016194331984,0.0,0.4048582995951417,0.0,0.0
0.0,0.0,0.43478260869565216,0.9565217391304348,0.9565217391304348,148.12000000000012,11.538461538461538,0.0,0.0,3.8461538461538463,0.0,0.0,0.0,0.0,0.022123893805309734,0.0044444444444444444,0.5066079295154186,0.6343612334801763,0.7483593749999999,133.40232660758977,4.779411764705882,0.0,0.0,5.147058823529412,0.0,0.36764705882352944,0.36764705882352944,0.0
0.0,0.0,0.5151515151515151,0.8787878787878788,0.8787878787878788,76.23,2.857142857142857,0.0,2.857142857142857,0.0,0.0,0.0,0.0,0.0,0.02643171806167401,0.0,0.47368421052631576,0.6359649122807017,0.7617829457364342,124.18086260953453,4.301075268817204,0.0,0.0,3.942652329749104,0.0,0.7168458781362007,0.35842293906810035,0.0
0.0,0.0,0.6363636363636364,1.0,1.0,11.0,7.6923076923076925,0.0,0.0,7.6923076923076925,0.0,0.0,0.0,0.0,0.024509803921568627,0.0,0.47317073170731705,0.6829268292682927,0.8116037735849057,143.00912437854214,3.225806451612903,0.0,0.0,6.048387096774193,0.0,0.8064516129032258,0.4032258064516129,0.0
0.02112676056338028,0.0,0.5314685314685315,0.6503496503496503,0.6702272727272727,77.94672131147541,7.142857142857142,0.0,0.0,1.2987012987012987,0.0,0.0,0.0,0.0,0.018604651162790697,0.0,0.4675925925925926,0.6620370370370371,0.7698290598290599,129.38412824064915,4.597701149425287,0.0,0.0,3.4482758620689657,0.0,0.3831417624521073,0.0,0.0
0.0,0.0,0.5979381443298969,0.6804123711340206,0.6804123711340206,82.84630350194553,6.542056074766355,0.0,0.9345794392523364,2.803738317757009,0.0,0.9345794392523364,0.0,0.9345794392523364,0.015384615384615385,0.0,0.4897959183673469,0.673469387755102,0.7684536082474227,141.56713313602575,3.4482758620689653,0.0,0.0,3.4482758620689653,0.0,0.43103448275862066,0.43103448275862066,0.0
0.013793103448275862,0.0,0.6027397260273972,0.6438356164383562,0.7082978723404255,94.15857669690024,6.666666666666667,0.0,0.6060606060606061,3.0303030303030303,0.0,0.0,0.0,0.0,0.010101010101010102,0.0,0.4723618090452261,0.6884422110552764,0.7925000000000001,151.2207051026357,3.6885245901639347,0.0,0.0,4.0983606557377055,0.0,0.4098360655737705,0.4098360655737705,0.0
0.04132231404958678,0.0,0.51440329218107,0.5679012345679012,0.7200694444444444,92.39331084220353,5.514705882352942,0.0,0.0,2.573529411764706,0.36764705882352944,0.0,0.0,0.0,0.021834061135371178,0.0,0.43478260869565216,0.6782608695652174,0.8122137404580153,154.58306145911013,3.4722222222222223,0.0,1.3888888888888888,5.208333333333333,0.0,0.6944444444444444,0.0,0.0
0.0,0.0,0.6041666666666666,0.75,0.75,53.760000000000005,2.0,0.0,0.0,2.0,0.0,0.0,0.0,0.0,0.01,0.0,0.47761194029850745,0.681592039800995,0.7933333333333333,135.86580141129036,3.3057851239669422,0.0,0.0,2.8925619834710745,0.0,0.4132231404958678,0.4132231404958678,0.0
0.0,0.0,0.4444444444444444,1.0,1.0,18.0,5.0,0.0,0.0,5.0,0.0,0.0,0.0,0.0,0.00966183574879227,0.0,0.47115384615384615,0.6923076923076923,0.8045871559633028,140.98568439233404,3.8759689922480622,0.0,1.1627906976744187,3.10077519379845,0.0,0.3875968992248062,0.3875968992248062,0.0
0.023622047244094488,0.0,0.5703125,0.6953125,0.7351724137931035,106.37837837837837,5.714285714285714,0.0,0.7142857142857143,2.142857142857143,0.0,0.7142857142857143,0.0,0.0,0.0,0.0,0.4467005076142132,0.7055837563451777,0.8230612244897959,178.05769230769232,3.3057851239669422,0.0,0.0,5.371900826446281,0.0,0.4132231404958678,0.4132231404958678,0.0
0.0,0.0,0.7297297297297297,0.8108108108108109,0.8108108108108109,54.76000000000002,4.761904761904762,0.0,4.761904761904762,2.380952380952381,0.0,0.0,0.0,0.0,0.02586206896551724,0.004329004329004329,0.4592274678111588,0.6609442060085837,0.7853731343283583,143.3779897231156,3.1358885017421603,0.0,0.0,4.529616724738676,0.0,0.34843205574912894,0.0,0.0
0.03319502074688797,0.004166666666666667,0.5826446280991735,0.5537190082644629,0.6647552447552447,61.55620608899298,4.444444444444445,0.37037037037037035,0.0,2.5925925925925926,0.0,0.0,0.0,0.0,0.026785714285714284,0.0,0.52,0.6311111111111111,0.7330952380952381,124.21858286386652,3.3834586466165413,0.0,0.0,3.3834586466165413,0.0,0.37593984962406013,0.37593984962406013,0.0
0.008264462809917356,0.0,0.5655737704918032,0.6967213114754098,0.7039130434782608,78.06056999857195,9.21985815602837,0.0,0.7092198581560284,3.546099290780142,0.0,0.7092198581560284,0.0,0.0,0.01282051282051282,0.0,0.4851063829787234,0.6425531914893617,0.7369852941176471,126.16009655660514,3.4965034965034962,0.0,0.0,5.244755244755244,0.0,1.048951048951049,0.0,0.0
0.021052631578947368,0.010638297872340425,0.6041666666666666,0.71875,0.71875,81.79881656804733,4.672897196261682,0.0,0.0,3.7383177570093458,0.0,0.9345794392523364,0.0,0.0,0.022222222222222223,0.008928571428571428,0.4557522123893805,0.668141592920354,0.774251968503937,121.14864132864227,4.059040590405904,0.0,1.1070110701107012,3.6900369003690034,0.0,0.36900369003690037,0.0,0.0
0.012195121951219513,0.0,0.5662650602409639,0.7469879518072289,0.7469879518072289,91.85333333333332,10.75268817204301,0.0,0.0,0.0,0.0,0.0,0.0,0.0,0.005025125628140704,0.0,0.46,0.68,0.7770297029702969,133.84080721916158,3.6885245901639347,0.0,0.0,4.508196721311475,0.0,0.4098360655737705,0.4098360655737705,0.0
0.05687203791469194,0.004761904761904762,0.589622641509434,0.5566037735849056,0.6709734513274336,73.4994831118546,5.286343612334802,0.0,0.44052863436123346,1.3215859030837005,0.0,0.0,0.0,0.0,0.02456140350877193,0.0,0.4825174825174825,0.6153846153846154,0.7666310160427808,136.54693140794222,3.498542274052478,0.0,0.0,3.2069970845481053,0.0,0.5830903790087464,0.2915451895043732,0.0
0.022727272727272728,0.0,0.5488721804511278,0.6616541353383458,0.7132352941176471,85.68406382160708,4.10958904109589,0.684931506849315,0.0,3.4246575342465753,0.0,0.684931506849315,0.0,0.0,0.026200873362445413,0.0,0.46956521739130436,0.6695652173913044,0.7650381679389313,157.13200934579442,4.2105263157894735,0.0,0.0,6.315789473684211,0.0,0.3508771929824561,0.3508771929824561,0.0
0.037383177570093455,0.009433962264150943,0.5277777777777778,0.6851851851851852,0.69,91.61650485436894,8.0,0.0,1.6,3.2,0.0,0.0,0.0,0.0,0.014563106796116505,0.0,0.4975845410628019,0.6473429951690821,0.7664814814814815,122.44383485341909,3.6885245901639347,0.0,0.0,2.8688524590163933,0.0,0.819672131147541,0.0,0.0
0.0,0.0,0.47619047619047616,0.9047619047619048,0.9047619047619048,61.74000000000001,8.695652173913043,0.0,4.3478260869565215,0.0,0.0,0.0,0.0,0.0,0.015384615384615385,0.0,0.47959183673469385,0.673469387755102,0.7747422680412374,126.98468660968662,4.583333333333334,0.0,0.0,4.166666666666667,0.0,0.4166666666666667,0.4166666666666667,0.0
0.20093457943925233,0.107981220657277,0.4418604651162791,0.5162790697674419,0.5881034482758619,33.960772017837236,5.128205128205128,0.0,0.0,3.663003663003663,0.0,0.3663003663003663,0.0,0.0,0.018604651162790697,0.0,0.4305555555555556,0.6666666666666666,0.824871794871795,147.99600378588704,3.7174721189591073,0.0,0.0,5.5762081784386615,0.0,0.7434944237918215,0.0,0.0
0.0,0.0,0.5698924731182796,0.7204301075268817,0.7204301075268817,93.0,4.854368932038835,0.0,1.941747572815534,1.941747572815534,0.0,0.0,0.0,0.0,0.05235602094240838,0.010526315789473684,0.4947916666666667,0.6666666666666666,0.7547311827956991,121.08178376171685,3.79746835443038,0.0,0.0,3.3755274261603376,0.0,0.4219409282700422,0.4219409282700422,0.0
0.027210884353741496,0.00684931506849315,0.5675675675675675,0.6486486486486487,0.7085714285714285,88.42880258899677,7.18562874251497,0.0,0.0,4.191616766467066,0.0,0.0,0.0,1.1976047904191616,0.025423728813559324,0.0,0.5210084033613446,0.6554621848739496,0.7180000000000001,91.93266401882906,4.195804195804196,0.0,0.0,6.293706293706293,0.0,0.0,0.6993006993006993,0.0
0.05357142857142857,0.01818181818181818,0.5964912280701754,0.7543859649122807,0.7543859649122807,64.98000000000002,6.153846153846154,0.0,0.0,6.153846153846154,0.0,0.0,0.0,0.0,0.006944444444444444,0.0,0.5310344827586206,0.6413793103448275,0.7106521739130435,84.1954334472887,4.166666666666667,0.0,0.0,5.9523809523809526,0.0,0.0,0.5952380952380952,0.0
0.058823529411764705,0.0,0.5507246376811594,0.6811594202898551,0.6811594202898551,69.0,3.8461538461538467,0.0,0.0,3.8461538461538467,0.0,3.8461538461538467,0.0,1.2820512820512822,0.05263157894736842,0.010638297872340425,0.4791666666666667,0.75,0.75,107.52000000000001,4.3478260869565215,0.0,0.8695652173913043,9.565217391304348,0.0,0.0,0.8695652173913043,0.0
0.0,0.0,0.6551724137931034,0.8275862068965517,0.8275862068965517,47.096,2.857142857142857,0.0,0.0,8.571428571428571,0.0,0.0,0.0,0.0,0.007936507936507936,0.0,0.5196850393700787,0.6850393700787402,0.7392857142857142,114.45059288537549,4.57516339869281,0.0,0.0,6.5359477124183005,0.0,0.6535947712418301,0.6535947712418301,0.0
0.0,0.0,0.5,0.8181818181818182,0.8181818181818182,23.97365384615385,14.814814814814815,0.0,0.0,3.7037037037037037,0.0,0.0,0.0,0.0,0.0,0.0,0.4782608695652174,0.7934782608695652,0.7934782608695652,124.73263157894735,4.62962962962963,0.0,0.9259259259259259,7.407407407407407,0.0,0.0,0.9259259259259259,0.0
0.0,0.0,0.4727272727272727,0.7818181818181819,0.7818181818181819,70.58333333333336,3.278688524590164,0.0,0.0,3.278688524590164,0.0,0.0,0.0,0.0,0.0,0.0,0.4725274725274725,0.7912087912087912,0.7912087912087912,122.03578947368419,4.672897196261682,0.0,0.0,8.411214953271028,0.0,0.0,1.8691588785046729,0.0
0.0,0.0,0.5957446808510638,0.7446808510638298,0.7446808510638298,51.54333333333333,7.407407407407407,0.0,0.0,3.7037037037037037,0.0,0.0,0.0,0.0,0.009174311926605505,0.0,0.5181818181818182,0.6909090909090909,0.6972727272727273,100.89403973509934,4.6875,0.0,0.0,6.25,0.0,0.0,0.78125,0.0
0.0,0.0,0.48,0.92,0.92,87.50000000000006,10.344827586206897,3.4482758620689653,0.0,0.0,0.0,0.0,0.0,0.0,0.0196078431372549,0.0,0.5048543689320388,0.7281553398058253,0.7325,106.09000000000002,4.0983606557377055,0.0,0.0,9.836065573770492,0.0,0.0,1.639344262295082,0.0
0.0,0.0,0.5625,0.875,0.875,35.84,10.526315789473685,0.0,0.0,0.0,0.0,0.0,0.0,0.0,0.0,0.0,0.48598130841121495,0.7289719626168224,0.74,95.65828938471941,3.968253968253968,0.0,0.0,7.936507936507936,0.0,0.0,0.7936507936507936,0.0
0.0,0.0,0.0,0.8571428571428571,0.8571428571428571,,0.0,0.0,0.0,18.181818181818183,0.0,0.0,0.0,0.0,0.034482758620689655,0.008695652173913044,0.5384615384615384,0.6581196581196581,0.6783333333333333,83.33620689655173,3.7037037037037033,0.0,0.0,8.148148148148147,0.0,0.0,1.4814814814814814,0.0
0.0,0.0,0.3333333333333333,0.9166666666666666,0.9166666666666666,40.319999999999986,26.666666666666668,0.0,0.0,0.0,0.0,0.0,0.0,0.0,0.0,0.0,0.5533980582524272,0.7378640776699029,0.7375,110.01925925925927,4.838709677419354,0.0,0.0,6.451612903225806,0.0,0.0,0.8064516129032258,0.0
0.04,0.0,0.5384615384615384,0.8846153846153846,0.8846153846153846,63.09333333333332,13.793103448275861,0.0,0.0,3.4482758620689653,0.0,0.0,0.0,3.4482758620689653,0.030303030303030304,0.0,0.53,0.72,0.72,100.0,4.273504273504273,0.0,0.0,6.837606837606837,0.0,0.0,0.8547008547008547,0.0
0.014925373134328358,0.0,0.5147058823529411,0.7794117647058824,0.7794117647058824,86.31466666666668,5.128205128205129,0.0,0.0,6.410256410256411,0.0,0.0,0.0,0.0,0.024193548387096774,0.0,0.512,0.688,0.7373076923076923,118.89648437500001,4.166666666666666,0.0,0.0,6.25,0.0,0.0,0.6944444444444444,0.0
0.0,0.0,0.5625,0.9375,0.9375,71.68,5.2631578947368425,0.0,0.0,15.789473684210527,0.0,0.0,0.0,0.0,0.015748031496062992,0.0,0.5390625,0.671875,0.7141379310344825,85.09097248452801,3.333333333333333,0.0,0.6666666666666666,6.0,0.0,0.0,0.6666666666666666,0.0
0.0,0.0,0.0,1.0,1.0,,20.0,0.0,0.0,40.0,0.0,20.0,0.0,0.0,0.01,0.0,0.49504950495049505,0.7227722772277227,0.72,101.0,4.310344827586206,0.0,0.0,6.896551724137931,0.0,0.0,0.8620689655172413,0.0
0.0,0.0,0.5,1.0,1.0,,50.0,0.0,0.0,0.0,0.0,0.0,0.0,0.0,0.014814814814814815,0.0,0.5294117647058824,0.6323529411764706,0.6954054054054055,68.52849740932643,4.4303797468354436,0.0,0.6329113924050633,6.962025316455697,0.0,0.0,0.6329113924050633,0.0
0.0,0.0,0.5428571428571428,0.8857142857142857,0.8857142857142857,85.74999999999997,2.4390243902439024,0.0,4.878048780487805,2.4390243902439024,0.0,0.0,0.0,0.0,0.009345794392523364,0.0,0.5092592592592593,0.7870370370370371,0.7955555555555556,141.9965217391305,3.937007874015748,0.0,0.7874015748031497,7.874015748031496,0.0,0.7874015748031497,1.5748031496062993,0.0
0.0,0.0,0.5535714285714286,0.8214285714285714,0.8214285714285714,87.80799999999999,7.462686567164179,1.492537313432836,1.492537313432836,2.985074626865672,0.0,0.0,0.0,0.0,0.047619047619047616,0.00684931506849315,0.5202702702702703,0.6418918918918919,0.703469387755102,97.95461147421932,4.191616766467066,0.0,0.0,7.18562874251497,0.0,0.0,1.1976047904191616,0.0
0.0,0.0,0.42857142857142855,0.9523809523809523,0.9523809523809523,123.47999999999988,17.241379310344826,0.0,0.0,3.4482758620689653,0.0,0.0,0.0,0.0,0.036231884057971016,0.0,0.5323741007194245,0.6618705035971223,0.71775,87.49396955534363,3.7735849056603774,0.0,0.0,5.031446540880503,0.0,0.0,0.0,0.0
0.02631578947368421,0.0,0.41025641025641024,0.7948717948717948,0.7948717948717948,53.23499999999999,4.3478260869565215,0.0,0.0,6.521739130434782,0.0,0.0,0.0,0.0,0.012987012987012988,0.0,0.5128205128205128,0.7692307692307693,0.7692307692307693,94.64000000000003,4.25531914893617,0.0,0.0,9.574468085106382,0.0,0.0,1.0638297872340425,0.0
0.041666666666666664,0.0,0.48,0.8,0.8,35.00000000000001,13.333333333333334,0.0,0.0,6.666666666666667,0.0,0.0,0.0,0.0,0.024390243902439025,0.0,0.5301204819277109,0.7469879518072289,0.7469879518072289,91.85333333333332,4.0,0.0,0.0,9.0,0.0,0.0,1.0,0.0
0.045454545454545456,0.023255813953488372,0.6222222222222222,0.7333333333333333,0.7333333333333333,47.25,9.615384615384615,0.0,0.0,3.8461538461538463,0.0,0.0,0.0,0.0,0.02097902097902098,0.0,0.5069444444444444,0.6736111111111112,0.7495555555555556,93.26187900474329,4.0,0.0,0.5714285714285714,6.857142857142857,0.0,0.5714285714285714,0.0,0.0
0.029411764705882353,0.0,0.5714285714285714,0.7428571428571429,0.7428571428571429,38.11111111111112,5.128205128205129,0.0,0.0,5.128205128205129,0.0,0.0,0.0,0.0,0.008695652173913044,0.0,0.49137931034482757,0.7241379310344828,0.7176470588235294,116.0,4.511278195488721,0.0,0.0,3.7593984962406015,0.0,0.0,0.0,0.0
0.0,0.0,0.4745762711864407,0.7627118644067796,0.7627118644067796,69.61999999999999,1.492537313432836,0.0,1.492537313432836,8.955223880597016,0.0,0.0,0.0,0.0,0.015748031496062992,0.0,0.5703125,0.6484375,0.7051724137931036,96.26021378451046,4.10958904109589,0.0,0.0,5.47945205479452,0.0,0.0,0.684931506849315,0.0
0.0,0.0,0.4222222222222222,0.8888888888888888,0.8888888888888888,113.39999999999996,11.11111111111111,0.0,0.0,7.407407407407407,0.0,0.0,0.0,0.0,0.02,0.0,0.4752475247524752,0.7425742574257426,0.74,109.8569230769231,3.4482758620689653,0.0,0.8620689655172413,6.0344827586206895,0.0,0.0,0.0,0.0
0.0,0.0,0.0,1.0,1.0,,0.0,0.0,0.0,33.333333333333336,0.0,0.0,0.0,0.0,0.008264462809917356,0.0,0.4672131147540984,0.7131147540983607,0.7634782608695652,122.0,4.166666666666666,0.0,0.0,8.333333333333332,0.0,0.0,1.3888888888888888,0.0
0.045454545454545456,0.0,0.5111111111111111,0.8444444444444444,0.8444444444444444,81.00000000000001,13.793103448275861,0.0,1.7241379310344827,5.172413793103448,0.0,1.7241379310344827,0.0,0.0,0.01282051282051282,0.0,0.5063291139240507,0.7341772151898734,0.7341772151898734,83.21333333333335,4.2105263157894735,0.0,0.0,7.368421052631579,0.0,0.0,1.0526315789473684,0.0
0.029850746268656716,0.0,0.6176470588235294,0.6911764705882353,0.6911764705882353,68.0,0.0,5.128205128205129,0.0,6.410256410256411,0.0,0.0,0.0,0.0,0.031746031746031744,0.0,0.5039370078740157,0.7480314960629921,0.78,120.3790301724138,3.2679738562091503,0.0,0.0,9.15032679738562,0.0,0.0,0.6535947712418301,0.0
0.0,0.0,0.6333333333333333,0.9333333333333333,0.9333333333333333,126.00000000000004,14.285714285714286,0.0,2.857142857142857,2.857142857142857,0.0,0.0,0.0,0.0,0.02608695652173913,0.008771929824561403,0.5344827586206896,0.7068965517241379,0.7229411764705882,105.04282115869017,4.316546762589928,0.0,0.0,7.194244604316546,0.0,0.0,2.158273381294964,0.0
0.0,0.0,0.6666666666666666,1.0,1.0,,0.0,0.0,14.285714285714286,0.0,0.0,0.0,0.0,0.0,0.013245033112582781,0.0,0.5131578947368421,0.6776315789473685,0.7154716981132075,94.34137677609014,4.069767441860465,0.0,0.0,4.651162790697675,0.0,0.0,0.5813953488372093,0.0
0.0,0.0,0.5555555555555556,1.0,1.0,18.0,0.0,0.0,0.0,0.0,0.0,0.0,0.0,0.0,0.01639344262295082,0.0,0.45161290322580644,0.8387096774193549,0.8387096774193549,107.63200000000003,5.555555555555555,0.0,0.0,4.166666666666666,0.0,0.0,0.0,0.0
0.0,0.0,0.5384615384615384,0.7948717948717948,0.7948717948717948,53.23499999999999,6.818181818181818,0.0,0.0,0.0,0.0,0.0,0.0,0.0,0.0,0.0,0.4246575342465753,0.863013698630137,0.863013698630137,149.21200000000002,4.819277108433735,0.0,0.0,2.4096385542168677,0.0,0.0,0.0,0.0
0.0,0.0,0.6363636363636364,1.0,1.0,11.0,0.0,0.0,7.6923076923076925,0.0,0.0,0.0,0.0,0.0,0.0,0.0,0.515625,0.84375,0.84375,114.68800000000002,5.333333333333333,0.0,1.3333333333333333,4.0,0.0,0.0,0.0,0.0
0.0,0.0,0.0,0.0,0.0,,100.0,0.0,0.0,0.0,0.0,0.0,0.0,0.0,0.0,0.0,0.5714285714285714,0.8809523809523809,0.8809523809523809,98.78399999999999,6.0,0.0,0.0,2.0,0.0,0.0,0.0,0.0
0.0,0.0,0.4375,1.0,1.0,16.0,40.909090909090914,0.0,0.0,0.0,0.0,0.0,0.0,13.636363636363637,0.0,0.0,0.5,0.8888888888888888,0.8888888888888888,90.71999999999997,6.818181818181818,0.0,0.0,2.272727272727273,0.0,0.0,0.0,0.0
0.0,0.0,0.0,1.0,1.0,,0.0,100.0,0.0,0.0,0.0,0.0,0.0,0.0,0.0,0.0,0.390625,0.875,0.875,143.36,4.938271604938271,0.0,0.0,2.4691358024691357,0.0,1.2345679012345678,1.2345679012345678,0.0
0.0,0.0,0.5294117647058824,1.0,1.0,17.0,9.523809523809524,0.0,0.0,4.761904761904762,0.0,0.0,0.0,0.0,0.0,0.0,0.46296296296296297,0.8888888888888888,0.8888888888888888,136.07999999999996,4.6875,0.0,0.0,3.125,0.0,1.5625,0.0,0.0
0.0,0.0,0.6666666666666666,1.0,1.0,,14.285714285714286,0.0,0.0,0.0,0.0,0.0,0.0,0.0,0.0,0.0,0.4716981132075472,0.9056603773584906,0.9056603773584906,157.30400000000006,4.761904761904762,0.0,0.0,3.1746031746031744,0.0,1.5873015873015872,0.0,0.0
0.029411764705882353,0.0,0.5142857142857142,0.8285714285714286,0.8285714285714286,57.166666666666686,6.382978723404255,0.0,0.0,2.127659574468085,0.0,0.0,0.0,0.0,0.0427807486631016,0.0,0.5638297872340425,0.6223404255319149,0.7212359550561798,104.88070790805489,4.385964912280701,0.0,0.0,6.140350877192982,0.0,0.43859649122807015,0.0,0.0
0.0,0.0,0.5454545454545454,0.8484848484848485,0.8484848484848485,60.984000000000016,10.0,0.0,0.0,2.5,0.0,0.0,0.0,0.0,0.016483516483516484,0.0,0.48633879781420764,0.6666666666666666,0.7221428571428571,129.73751184513333,4.761904761904762,0.0,0.0,5.194805194805195,0.0,0.4329004329004329,0.4329004329004329,0.0
0.0,0.0,0.5294117647058824,0.9705882352941176,0.9705882352941176,323.67999999999995,0.0,2.7777777777777777,2.7777777777777777,0.0,0.0,0.0,0.0,0.0,0.04504504504504504,0.00904977375565611,0.5112107623318386,0.6233183856502242,0.7566129032258064,117.75923908553963,3.7037037037037033,0.0,0.0,5.925925925925926,0.0,0.37037037037037035,0.0,0.0
0.0,0.0,0.7,0.9,0.9,56.000000000000014,4.3478260869565215,0.0,0.0,0.0,0.0,0.0,0.0,0.0,0.042328042328042326,0.0,0.5684210526315789,0.6105263157894737,0.7081318681318682,96.22174590802805,4.3478260869565215,0.0,0.0,5.217391304347826,0.0,0.43478260869565216,0.0,0.0
0.0425531914893617,0.0,0.5625,0.7291666666666666,0.7291666666666666,38.26543269230769,12.5,0.0,0.0,0.0,0.0,0.0,0.0,0.0,0.04375,0.012578616352201259,0.5031055900621118,0.6894409937888198,0.7585483870967742,142.53669724770643,4.716981132075472,0.0,0.0,7.0754716981132075,0.0,0.4716981132075472,0.9433962264150944,0.0
0.0,0.0,0.6,0.9,0.9,84.00000000000003,7.894736842105264,0.0,0.0,2.6315789473684212,0.0,0.0,0.0,0.0,0.011235955056179775,0.0,0.44692737430167595,0.7039106145251397,0.7783749999999999,167.19261213720318,4.621848739495799,0.0,0.0,3.7815126050420167,0.0,0.8403361344537815,0.8403361344537815,0.0
0.0,0.0,0.4444444444444444,1.0,1.0,,9.090909090909092,0.0,9.090909090909092,0.0,0.0,0.0,0.0,0.0,0.0051813471502590676,0.0,0.4690721649484536,0.6855670103092784,0.7944210526315788,144.15903307888038,4.621848739495799,0.0,0.0,5.042016806722689,0.0,0.42016806722689076,0.8403361344537815,0.0
0.0,0.0,0.5897435897435898,0.8717948717948718,0.8717948717948718,85.17600000000002,6.818181818181818,0.0,0.0,0.0,0.0,0.0,0.0,0.0,0.04093567251461988,0.0,0.5290697674418605,0.6511627906976745,0.7257534246575342,96.85929655878135,4.205607476635514,0.0,0.0,3.2710280373831777,0.0,1.4018691588785046,0.9345794392523364,0.0
0.0,0.0,0.5,0.85,0.85,74.66666666666667,4.651162790697675,0.0,2.3255813953488373,0.0,0.0,0.0,0.0,0.0,0.011235955056179775,0.0,0.5139664804469274,0.6927374301675978,0.7975000000000001,127.92961090686276,4.5662100456621,0.0,0.0,3.1963470319634704,0.0,0.91324200913242,0.0,0.0
0.012345679012345678,0.0,0.5609756097560976,0.7317073170731707,0.7317073170731707,85.57818181818182,3.296703296703297,0.0,0.0,0.0,0.0,0.0,0.0,0.0,0.041237113402061855,0.010362694300518135,0.5076923076923077,0.6461538461538462,0.7542708333333333,104.70846036585365,4.583333333333334,0.0,0.0,5.416666666666667,0.0,0.4166666666666667,0.0,0.0
0.012195121951219513,0.0,0.5421686746987951,0.7349397590361446,0.7349397590361446,65.76361921097771,4.395604395604396,0.0,1.098901098901099,0.0,0.0,0.0,0.0,1.098901098901099,0.0,0.0,0.47368421052631576,0.672514619883041,0.7743055555555556,109.4785162320047,4.830917874396135,0.0,0.0,5.314009661835748,0.0,0.966183574879227,0.0,0.0
0.05555555555555555,0.0,0.5379310344827586,0.6,0.6678260869565218,82.08328201865118,3.1578947368421053,0.0,0.0,0.5263157894736842,0.0,0.0,0.0,0.0,0.0379746835443038,0.012738853503184714,0.49056603773584906,0.6792452830188679,0.7394999999999999,124.42237690905485,4.3478260869565215,0.0,0.0,5.797101449275362,0.0,0.966183574879227,0.0,0.0
0.03787878787878788,0.0,0.5263157894736842,0.631578947368421,0.6770588235294118,62.73868778280543,1.910828025477707,0.0,1.910828025477707,0.6369426751592356,0.0,0.0,0.0,0.6369426751592356,0.03468208092485549,0.011627906976744186,0.4827586206896552,0.6839080459770115,0.7461333333333332,117.4025133282559,4.739336492890995,0.0,0.0,4.739336492890995,0.0,0.47393364928909953,0.0,0.0
0.028985507246376812,0.0,0.5428571428571428,0.7857142857142857,0.7857142857142857,67.969962182604,5.2631578947368425,0.0,2.6315789473684212,0.0,0.0,0.0,0.0,1.3157894736842106,0.028901734104046242,0.0,0.4885057471264368,0.7011494252873564,0.7834666666666668,131.99783974862532,4.186046511627907,0.0,0.0,5.5813953488372094,0.0,0.9302325581395349,0.46511627906976744,0.0
0.0,0.0,0.48333333333333334,0.85,0.85,112.0,8.21917808219178,0.0,0.0,1.36986301369863,0.0,0.0,0.0,0.0,0.03463203463203463,0.008695652173913044,0.5431034482758621,0.6379310344827587,0.7845112781954887,135.8913718187461,4.166666666666666,0.0,0.3472222222222222,5.555555555555555,0.0,0.6944444444444444,0.6944444444444444,0.0
0.0,0.0,0.48333333333333334,0.85,0.85,112.0,8.21917808219178,0.0,0.0,1.36986301369863,0.0,0.0,0.0,0.0,0.017142857142857144,0.005747126436781609,0.5284090909090909,0.6590909090909091,0.7493506493506494,113.02719280310777,4.072398190045249,0.0,0.0,3.167420814479638,0.0,0.45248868778280543,0.45248868778280543,0.0
0.024691358024691357,0.0,0.573170731707317,0.7439024390243902,0.7439024390243902,80.31591397849462,4.651162790697675,0.0,0.0,0.0,0.0,0.0,0.0,0.0,0.034482758620689655,0.011560693641618497,0.56,0.6285714285714286,0.7221052631578947,110.00727079382976,4.166666666666667,0.0,0.0,5.092592592592593,0.0,0.0,0.0,0.0
0.0,0.0,0.25,1.0,1.0,,0.0,0.0,0.0,0.0,0.0,0.0,0.0,0.0,0.0,0.0,0.5531914893617021,0.7446808510638298,0.7446808510638298,98.54333333333332,1.8018018018018018,0.0,0.0,3.6036036036036037,0.0,0.0,0.0,0.0
0.06779661016949153,0.017241379310344827,0.6333333333333333,0.7166666666666667,0.7166666666666667,60.0,4.477611940298508,0.0,1.492537313432836,1.492537313432836,0.0,0.0,0.0,0.0,0.017094017094017096,0.0,0.5169491525423728,0.7033898305084746,0.7157894736842106,106.44647519582244,3.4722222222222223,0.0,0.6944444444444444,3.4722222222222223,0.0,0.0,0.0,0.0
0.07920792079207921,0.02,0.5882352941176471,0.5882352941176471,0.5833333333333334,38.50652741514361,22.727272727272727,0.0,0.0,0.0,0.0,0.0,0.0,5.454545454545454,0.031746031746031744,0.0,0.546875,0.796875,0.796875,88.22153846153847,3.896103896103896,0.0,2.5974025974025974,2.5974025974025974,0.0,0.0,0.0,0.0
0.022222222222222223,0.0,0.5,0.8478260869565217,0.8478260869565217,84.64,3.7735849056603774,0.0,0.0,0.0,0.0,0.0,0.0,0.0,0.0196078431372549,0.0,0.49514563106796117,0.7669902912621359,0.765,123.77166666666668,2.4000000000000004,0.0,0.8,4.0,0.0,0.0,0.0,0.0
0.017857142857142856,0.0,0.47368421052631576,0.8245614035087719,0.8245614035087719,90.97200000000002,4.3478260869565215,0.0,0.0,5.797101449275362,0.0,0.0,0.0,0.0,0.0,0.0,0.4603174603174603,0.746031746031746,0.7914814814814816,138.91500000000002,3.9735099337748347,0.0,0.0,3.3112582781456954,0.0,0.0,0.0,0.0
0.0,0.0,0.36363636363636365,1.0,1.0,11.0,15.384615384615385,0.0,0.0,0.0,0.0,0.0,0.0,0.0,0.02459016393442623,0.0,0.46938775510204084,0.6489795918367347,0.7961643835616439,137.36737605058215,3.618421052631579,0.0,0.0,4.605263157894737,0.0,0.986842105263158,0.0,0.0
0.04697986577181208,0.0,0.5133333333333333,0.56,0.6252941176470589,57.761978963770936,2.824858757062147,0.0,0.0,6.214689265536723,0.0,0.0,0.0,0.0,0.01730103806228374,0.0,0.4586206896551724,0.6275862068965518,0.8017801047120419,138.14822406508296,3.5616438356164384,0.0,0.273972602739726,6.027397260273972,0.0,1.095890410958904,0.273972602739726,0.0
0.021739130434782608,0.0,0.44680851063829785,0.7446808510638298,0.7446808510638298,51.54333333333333,7.547169811320755,0.0,0.0,0.0,0.0,0.0,0.0,0.0,0.024509803921568627,0.0,0.4292682926829268,0.6926829268292682,0.7827358490566039,180.1615508885299,4.230769230769231,0.0,0.0,5.0,0.0,0.38461538461538464,0.38461538461538464,0.0
0.025,0.0,0.5555555555555556,0.7037037037037037,0.7037037037037037,75.34357541899442,5.555555555555555,0.0,2.2222222222222223,3.3333333333333335,0.0,1.1111111111111112,0.0,1.1111111111111112,0.023696682464454975,0.0,0.5141509433962265,0.6132075471698113,0.7197345132743362,100.96197718631178,2.766798418972332,0.0,0.7905138339920948,3.1620553359683794,0.0,0.3952569169960474,0.0,0.0
0.022727272727272728,0.0,0.49624060150375937,0.6541353383458647,0.7155882352941176,79.30632083871032,4.794520547945205,0.0,0.684931506849315,2.73972602739726,0.0,0.0,0.0,0.0,0.02336448598130841,0.0,0.4697674418604651,0.641860465116279,0.7812068965517242,131.29901202651237,3.787878787878788,0.0,0.0,2.6515151515151514,0.0,0.3787878787878788,0.0,0.0
0.0,0.0,0.4482758620689655,0.896551724137931,0.896551724137931,78.49333333333335,3.0303030303030303,0.0,0.0,6.0606060606060606,0.0,0.0,0.0,0.0,0.03864734299516908,0.0048543689320388345,0.42788461538461536,0.6682692307692307,0.7440366972477064,132.3913457053559,3.5573122529644268,0.0,0.0,2.766798418972332,0.0,0.3952569169960474,0.0,0.0
0.05084745762711865,0.011363636363636364,0.47752808988764045,0.651685393258427,0.7727848101265823,119.49242990446731,2.4752475247524752,0.0,0.0,5.445544554455445,0.0,0.0,0.0,0.0,0.028037383177570093,0.009389671361502348,0.5302325581395348,0.6046511627906976,0.743448275862069,109.61244541484717,4.511278195488721,0.0,0.0,3.007518796992481,0.0,0.37593984962406013,0.37593984962406013,0.0
0.0,0.0,0.5135135135135135,0.8378378378378378,0.8378378378378378,127.77333333333334,1.25,0.0,0.0,5.0,0.0,0.0,0.0,0.0,0.04081632653061224,0.00819672131147541,0.5203252032520326,0.5894308943089431,0.7266666666666666,95.39804141515802,4.304635761589404,0.0,0.33112582781456956,3.3112582781456954,0.0,0.9933774834437087,0.6622516556291391,0.0
0.0,0.0,0.25,1.0,1.0,,40.0,0.0,10.0,0.0,0.0,10.0,0.0,0.0,0.0273972602739726,0.006896551724137931,0.46258503401360546,0.7414965986394558,0.7993750000000001,159.22421052631583,4.519774011299435,0.0,0.0,3.389830508474576,0.0,0.5649717514124294,0.5649717514124294,0.0
0.0,0.0,0.45454545454545453,1.0,1.0,11.0,8.333333333333334,0.0,0.0,0.0,0.0,0.0,0.0,0.0,0.006172839506172839,0.0,0.49693251533742333,0.6932515337423313,0.7581249999999999,115.76149233844104,4.301075268817204,0.0,0.0,3.225806451612903,0.0,1.075268817204301,0.5376344086021505,0.0
0.016129032258064516,0.0,0.5396825396825397,0.8095238095238095,0.8095238095238095,92.61000000000001,4.545454545454545,0.0,0.0,0.0,0.0,0.0,0.0,0.0,0.08333333333333333,0.016722408026755852,0.5647840531561462,0.5481727574750831,0.7359900990099011,95.43424479166666,5.113636363636364,0.0,0.2840909090909091,4.545454545454546,0.0,0.0,0.2840909090909091,0.0
0.01098901098901099,0.0,0.5108695652173914,0.7391304347826086,0.7391304347826086,73.80470588235293,5.7142857142857135,0.0,0.0,5.7142857142857135,0.0,0.0,0.0,0.0,0.11182108626198083,0.02564102564102564,0.5955414012738853,0.4872611464968153,0.6306511627906977,54.384312385494525,4.657534246575342,0.0,0.547945205479452,3.013698630136986,0.0,0.273972602739726,0.273972602739726,0.0
0.0,0.0,0.41379310344827586,1.0,1.0,29.0,3.0303030303030303,0.0,0.0,6.0606060606060606,0.0,0.0,0.0,0.0,0.05220883534136546,0.012096774193548387,0.584,0.604,0.7373509933774834,89.68876217628892,4.406779661016949,0.0,0.0,3.7288135593220337,0.0,0.3389830508474576,0.3389830508474576,0.0
0.0,0.0,0.5581395348837209,0.8372093023255814,0.8372093023255814,73.96000000000002,8.333333333333334,0.0,0.0,2.0833333333333335,0.0,0.0,0.0,0.0,0.06563706563706563,0.007751937984496124,0.5576923076923077,0.5423076923076923,0.678695652173913,80.65072608249025,4.276315789473685,0.0,0.0,3.947368421052632,0.0,0.0,0.6578947368421053,0.0
0.038461538461538464,0.0,0.5619047619047619,0.7333333333333333,0.7433333333333333,110.25,2.542372881355932,0.0,0.0,4.23728813559322,0.847457627118644,0.0,0.0,0.0,0.06130268199233716,0.0038461538461538464,0.5648854961832062,0.549618320610687,0.691717791411043,80.87983199910266,4.501607717041801,0.0,0.0,4.501607717041801,0.0,0.3215434083601286,0.3215434083601286,0.0
0.07551487414187644,0.0045871559633027525,0.5319634703196348,0.5,0.7012979351032449,84.50762223045678,3.131115459882583,0.0,0.0,3.131115459882583,0.3913894324853229,0.3913894324853229,0.0,0.0,0.0784313725490196,0.009836065573770493,0.5863192182410424,0.5146579804560261,0.6946153846153845,76.75,4.178272980501393,0.0,0.0,4.456824512534819,0.0,0.0,0.0,0.0
0.058823529411764705,0.029850746268656716,0.5507246376811594,0.7391304347826086,0.7391304347826086,66.89290322580645,6.666666666666666,0.0,0.0,0.0,0.0,0.0,0.0,0.0,0.07777777777777778,0.022304832713754646,0.5608856088560885,0.5092250922509225,0.6622093023255814,68.35732071713147,4.166666666666667,0.0,0.0,2.5641025641025643,0.0,0.6410256410256411,0.9615384615384617,0.0
0.0,0.0,0.7058823529411765,0.9411764705882353,0.9411764705882353,80.91999999999999,5.0,0.0,0.0,10.0,0.0,0.0,0.0,0.0,0.06037735849056604,0.0,0.5601503759398496,0.5676691729323309,0.7005988023952094,83.97199986486964,4.361370716510903,0.0,0.3115264797507788,4.672897196261682,0.0,0.6230529595015576,0.3115264797507788,0.0
0.0,0.0,0.4642857142857143,0.8928571428571429,0.8928571428571429,73.17333333333337,3.0303030303030303,0.0,0.0,6.0606060606060606,0.0,0.0,0.0,0.0,0.07958477508650519,0.010416666666666666,0.5689655172413793,0.5448275862068965,0.6863350785340315,77.41221562809099,5.029585798816568,0.0,0.0,3.8461538461538463,0.0,0.2958579881656805,0.0,0.0
0.0,0.0,0.5333333333333333,1.0,1.0,15.0,6.25,0.0,0.0,0.0,0.0,0.0,0.0,0.0,0.06907894736842106,0.009900990099009901,0.5672131147540984,0.5344262295081967,0.7105339805825243,84.87850756058361,4.166666666666667,0.0,0.0,3.3333333333333335,0.0,0.5555555555555556,0.2777777777777778,0.0
0.0,0.0,0.47368421052631576,0.8596491228070176,0.8596491228070176,113.715,6.25,0.0,0.0,3.125,0.0,0.0,0.0,0.0,0.11029411764705882,0.02214022140221402,0.575091575091575,0.4908424908424908,0.6659195402298851,55.4696675900277,4.45859872611465,0.0,0.0,2.8662420382165603,0.0,0.3184713375796178,0.6369426751592356,0.0
0.021739130434782608,0.0,0.5698924731182796,0.7096774193548387,0.7096774193548387,93.0,6.0,0.0,1.0,1.0,0.0,0.0,0.0,1.0,0.06896551724137931,0.015723270440251572,0.58125,0.525,0.70420814479638,80.0,4.651162790697674,0.0,0.0,5.426356589147287,0.0,0.25839793281653745,0.25839793281653745,0.0
0.0,0.0,0.5555555555555556,0.9166666666666666,0.9166666666666666,120.95999999999995,5.2631578947368425,0.0,0.0,0.0,0.0,0.0,0.0,0.0,0.09765625,0.0196078431372549,0.5797665369649806,0.5408560311284046,0.6924683544303797,77.26584938644618,4.081632653061225,0.0,0.0,3.7414965986394555,0.0,0.3401360544217687,0.6802721088435374,0.0
0.0,0.0,0.3125,1.0,1.0,16.0,0.0,0.0,0.0,4.545454545454546,0.0,4.545454545454546,0.0,0.0,0.06477732793522267,0.012195121951219513,0.5685483870967742,0.5564516129032258,0.6845637583892618,75.20577617328519,4.054054054054054,0.0,0.33783783783783783,5.0675675675675675,0.0,0.33783783783783783,0.6756756756756757,0.0
0.03225806451612903,0.0,0.625,0.84375,0.84375,57.34400000000001,2.5641025641025643,0.0,0.0,10.256410256410257,0.0,0.0,0.0,0.0,0.06666666666666667,0.01486988847583643,0.5940959409594095,0.5498154981549815,0.7059302325581395,81.99744332030124,4.281345565749235,0.0,0.0,4.587155963302752,0.0,0.6116207951070336,0.3058103975535168,0.0
0.0,0.0,0.5714285714285714,0.9523809523809523,0.9523809523809523,123.47999999999988,3.8461538461538463,0.0,0.0,3.8461538461538463,0.0,0.0,0.0,0.0,0.0707070707070707,0.0033783783783783786,0.5704697986577181,0.540268456375839,0.7266331658291458,93.30764755423749,4.322766570605188,0.0,0.0,4.034582132564841,0.0,0.2881844380403458,0.0,0.0
0.0,0.0,0.5425531914893617,0.723404255319149,0.723404255319149,94.57846153846154,5.5045871559633035,0.9174311926605505,0.9174311926605505,6.422018348623854,0.0,0.0,0.0,0.0,0.072,0.01606425702811245,0.5537848605577689,0.5617529880478087,0.702236842105263,92.88264950531544,3.367003367003367,0.0,0.0,4.377104377104377,0.0,0.6734006734006734,0.3367003367003367,0.0
0.07228915662650602,0.024390243902439025,0.44047619047619047,0.7142857142857143,0.7142857142857143,74.94827586206897,7.216494845360824,0.0,0.0,5.154639175257731,0.0,0.0,0.0,0.0,0.0821917808219178,0.013761467889908258,0.5863636363636363,0.5681818181818182,0.6939669421487603,76.8311403508772,4.330708661417323,0.0,0.3937007874015748,4.330708661417323,0.0,0.0,0.0,0.0
0.0,0.0,0.5076923076923077,0.8307692307692308,0.8307692307692308,107.54545454545459,5.2631578947368425,5.2631578947368425,0.0,1.3157894736842106,0.0,0.0,0.0,0.0,0.07729468599033816,0.0048543689320388345,0.5913461538461539,0.5817307692307693,0.689908256880734,73.13674919402798,3.7815126050420167,0.0,0.0,3.361344537815126,0.0,0.42016806722689076,0.8403361344537815,0.0
0.05309734513274336,0.026785714285714284,0.5350877192982456,0.7368421052631579,0.7413333333333334,121.296,6.299212598425197,0.0,1.5748031496062993,0.7874015748031497,0.0,0.0,0.0,0.0,0.041666666666666664,0.012552301255230125,0.5311203319502075,0.6058091286307054,0.7344366197183099,103.2549972352594,3.8869257950530036,0.0,0.0,4.593639575971731,0.0,0.35335689045936397,0.35335689045936397,0.0
0.0,0.0,0.6,0.925,0.925,149.33333333333343,6.521739130434782,0.0,4.3478260869565215,0.0,0.0,0.0,0.0,0.0,0.06691449814126393,0.011194029850746268,0.5518518518518518,0.5481481481481482,0.6993567251461987,74.52861163227016,4.444444444444445,0.0,0.31746031746031744,4.1269841269841265,0.0,0.6349206349206349,0.6349206349206349,0.0
0.05309734513274336,0.026785714285714284,0.5350877192982456,0.7368421052631579,0.7413333333333334,121.296,6.299212598425197,0.0,1.5748031496062993,0.7874015748031497,0.0,0.0,0.0,0.0,0.10108303249097472,0.010869565217391304,0.5755395683453237,0.5,0.6777094972067038,66.89114114114113,4.281345565749235,0.0,0.0,4.892966360856269,0.0,0.0,0.6116207951070336,0.0
0.08333333333333333,0.031578947368421054,0.6185567010309279,0.6082474226804123,0.6082474226804123,45.57125603864735,6.422018348623854,0.0,0.0,5.5045871559633035,0.0,0.0,0.0,0.9174311926605505,0.09016393442622951,0.00411522633744856,0.5959183673469388,0.5183673469387755,0.6567123287671233,57.410089713823034,4.545454545454545,0.0,0.0,3.4965034965034962,0.0,0.34965034965034963,0.34965034965034963,0.0
0.049019607843137254,0.009900990099009901,0.6213592233009708,0.6116504854368932,0.6125,52.69925711632558,6.140350877192982,0.0,0.0,3.508771929824561,0.0,0.0,0.0,0.8771929824561403,0.029166666666666667,0.0,0.5726141078838174,0.5643153526970954,0.7183802816901408,87.2911081973582,3.6363636363636367,0.0,0.36363636363636365,2.5454545454545454,0.0,0.7272727272727273,0.36363636363636365,0.0
0.011235955056179775,0.0,0.5333333333333333,0.7555555555555555,0.7555555555555555,103.0909090909091,8.823529411764705,0.0,0.0,0.0,0.0,0.9803921568627451,0.0,0.0,0.052,0.008032128514056224,0.5338645418326693,0.5737051792828686,0.7246052631578949,100.80963758046678,5.298013245033113,0.0,0.33112582781456956,4.635761589403974,0.0,0.6622516556291391,0.6622516556291391,0.0
0.017241379310344827,0.0,0.4576271186440678,0.864406779661017,0.864406779661017,121.83500000000004,1.6666666666666667,0.0,0.0,0.0,0.0,0.0,0.0,0.0,0.09049773755656108,0.004545454545454545,0.5720720720720721,0.5630630630630631,0.6933333333333332,61.35780201634132,4.313725490196078,0.0,0.0,4.313725490196078,0.0,0.0,0.0,0.0
0.0,0.0,0.5,0.8461538461538461,0.8461538461538461,47.32000000000001,6.666666666666667,0.0,0.0,6.666666666666667,0.0,0.0,0.0,0.0,0.05964912280701754,0.007042253521126761,0.5699300699300699,0.548951048951049,0.7320320855614972,110.2981835356789,4.242424242424242,0.0,0.0,2.7272727272727275,0.0,0.0,0.6060606060606061,0.0
0.0,0.0,0.48936170212765956,0.9148936170212766,0.9148936170212766,154.63,8.928571428571429,0.0,0.0,3.5714285714285716,0.0,0.0,0.0,0.0,0.07829181494661921,0.007142857142857143,0.5709219858156028,0.5531914893617021,0.7112021857923496,90.92408376963351,3.8575667655786345,0.0,0.0,5.341246290801187,0.0,0.890207715133531,0.5934718100890207,0.0
0.0,0.0,0.5471698113207547,0.7547169811320755,0.7547169811320755,60.50153846153848,3.5714285714285716,0.0,0.0,0.0,0.0,0.0,0.0,0.0,0.057971014492753624,0.0036363636363636364,0.5523465703971119,0.555956678700361,0.7075280898876405,83.25531914893617,3.323262839879154,0.0,0.3021148036253776,4.531722054380665,0.0,0.6042296072507553,0.0,0.0
0.018018018018018018,0.0,0.5267857142857143,0.6875,0.6992307692307692,90.544061302682,3.361344537815126,0.0,1.680672268907563,0.8403361344537815,0.0,0.0,0.0,0.0,0.07196969696969698,0.011406844106463879,0.5471698113207547,0.5735849056603773,0.7238554216867469,81.35379489983882,3.5947712418300655,0.0,0.0,3.2679738562091503,0.0,0.6535947712418301,0.32679738562091504,0.0
0.0,0.0,0.5454545454545454,1.0,1.0,11.0,0.0,0.0,15.384615384615385,0.0,0.0,0.0,0.0,0.0,0.04504504504504504,0.004524886877828055,0.5201793721973094,0.6278026905829597,0.752983870967742,98.77920796100506,4.428044280442805,0.0,0.0,8.85608856088561,0.0,0.36900369003690037,0.36900369003690037,0.0
0.047619047619047616,0.0,0.6046511627906976,0.6976744186046512,0.6976744186046512,43.0,6.122448979591837,0.0,0.0,2.0408163265306123,0.0,0.0,0.0,0.0,0.01694915254237288,0.0,0.47752808988764045,0.6910112359550562,0.7632911392405064,103.4818665377176,6.167400881057269,0.0,0.0,7.488986784140969,0.0,0.8810572687224669,0.0,0.0
0.15555555555555556,0.09090909090909091,0.6521739130434783,0.6521739130434783,0.6521739130434783,42.90860215053763,0.0,0.0,5.769230769230769,5.769230769230769,0.0,0.0,0.0,0.0,0.022727272727272728,0.0,0.480225988700565,0.6779661016949152,0.7787179487179489,132.01934984520125,4.932735426008969,0.0,0.0,8.071748878923767,0.0,0.0,0.0,0.0
0.0,0.0,1.0,1.0,1.0,,50.0,0.0,0.0,0.0,0.0,0.0,0.0,0.0,0.028846153846153848,0.004830917874396135,0.49282296650717705,0.6555023923444976,0.7707272727272726,126.25654967869502,4.4,0.0,0.0,5.6000000000000005,0.0,0.4,0.0,0.0
0.0,0.0,0.25,1.0,1.0,,0.0,0.0,16.666666666666668,16.666666666666668,0.0,0.0,0.0,0.0,0.044897959183673466,0.012295081967213115,0.532520325203252,0.5934959349593496,0.7484353741496599,96.52368660795626,4.635761589403974,0.0,0.0,7.9470198675496695,0.0,0.9933774834437087,0.0,0.0
0.0,0.0,0.6176470588235294,0.6764705882352942,0.6764705882352942,55.68115942028986,5.2631578947368425,0.0,0.0,3.947368421052632,0.0,0.0,0.0,0.0,0.024154589371980676,0.0,0.47596153846153844,0.6875,0.7866972477064221,152.0262222354258,4.280155642023346,0.0,0.0,7.392996108949417,0.0,0.7782101167315175,0.0,0.0
0.06278026905829596,0.008988764044943821,0.4854586129753915,0.5413870246085011,0.734971264367816,80.85076992015642,5.555555555555555,0.3968253968253968,0.0,3.571428571428571,0.0,0.1984126984126984,0.0,0.0,0.05952380952380952,0.01195219123505976,0.5296442687747036,0.5889328063241107,0.7207142857142856,73.01843198338526,4.193548387096774,0.0,0.0,6.774193548387097,0.0,0.3225806451612903,0.3225806451612903,0.0
0.0,0.0,0.5,0.9130434782608695,0.9130434782608695,148.11999999999992,9.433962264150944,0.0,0.0,0.0,0.0,0.0,0.0,0.0,0.013333333333333334,0.0,0.47368421052631576,0.8157894736842105,0.8157894736842105,115.52,4.651162790697675,0.0,0.0,3.488372093023256,0.0,0.0,0.0,0.0
0.0,0.0,0.4,1.0,1.0,10.0,18.181818181818183,0.0,0.0,0.0,0.0,0.0,0.0,0.0,0.0,0.0,0.5384615384615384,0.7948717948717948,0.7948717948717948,106.46999999999998,5.617977528089888,0.0,0.0,2.247191011235955,0.0,0.0,0.0,0.0
0.0,0.0,0.34615384615384615,0.9230769230769231,0.9230769230769231,94.64000000000007,0.0,0.0,0.0,0.0,0.0,0.0,0.0,0.0,0.0,0.0,0.4305555555555556,0.8611111111111112,0.8611111111111112,145.15200000000007,4.301075268817204,0.0,0.0,2.150537634408602,0.0,0.0,0.0,0.0
0.0,0.0,0.23809523809523808,0.9523809523809523,0.9523809523809523,246.95999999999975,7.6923076923076925,3.8461538461538463,3.8461538461538463,1.9230769230769231,0.0,1.9230769230769231,0.0,0.0,0.014285714285714285,0.0,0.4225352112676056,0.8309859154929577,0.8309859154929577,117.62333333333333,4.545454545454546,0.0,0.0,2.272727272727273,0.0,0.0,0.0,0.0
0.0,0.0,0.5384615384615384,1.0,1.0,13.0,0.0,0.0,0.0,0.0,0.0,0.0,0.0,0.0,0.011764705882352941,0.0,0.4418604651162791,0.8255813953488372,0.8255813953488372,138.0586666666667,4.8076923076923075,0.0,0.9615384615384616,3.8461538461538463,0.0,0.0,0.0,0.0
0.0,0.0,0.5128205128205128,0.8717948717948718,0.8717948717948718,85.17600000000002,9.433962264150944,1.8867924528301887,1.8867924528301887,9.433962264150944,0.0,0.0,0.0,0.0,0.0,0.0,0.47297297297297297,0.8108108108108109,0.8108108108108109,109.52000000000004,5.263157894736842,0.0,1.0526315789473684,3.1578947368421053,0.0,0.0,0.0,0.0
0.0,0.0,0.23076923076923078,1.0,1.0,13.0,0.0,0.0,0.0,7.142857142857143,0.0,0.0,0.0,0.0,0.0,0.0,0.45454545454545453,0.8181818181818182,0.8181818181818182,118.58000000000004,6.122448979591837,0.0,0.0,2.0408163265306123,0.0,0.0,0.0,0.0
0.0,0.0,0.4594594594594595,0.918918918918919,0.918918918918919,127.77333333333341,2.272727272727273,4.545454545454546,0.0,6.818181818181818,2.272727272727273,0.0,0.0,0.0,0.03225806451612903,0.010869565217391304,0.4574468085106383,0.7659574468085106,0.7659574468085106,112.45818181818183,5.084745762711864,0.0,0.0,3.389830508474576,0.0,0.0,0.0,0.0
0.0,0.0,0.5185185185185185,0.9629629629629629,0.9629629629629629,204.11999999999972,9.09090909090909,0.0,0.0,6.0606060606060606,0.0,0.0,0.0,0.0,0.013888888888888888,0.0,0.4931506849315068,0.8356164383561644,0.8356164383561644,124.34333333333336,5.4945054945054945,0.0,1.098901098901099,1.098901098901099,0.0,0.0,0.0,0.0
0.03333333333333333,0.01694915254237288,0.639344262295082,0.7540983606557377,0.7540983606557377,69.45866666666666,3.076923076923077,0.0,0.0,3.076923076923077,0.0,0.0,0.0,0.0,0.016666666666666666,0.0,0.5409836065573771,0.8360655737704918,0.8360655737704918,104.18800000000005,5.128205128205129,0.0,0.0,0.0,0.0,0.0,0.0,0.0
0.0,0.0,0.5454545454545454,0.9090909090909091,0.9090909090909091,101.63999999999999,5.555555555555555,0.0,0.0,2.7777777777777777,0.0,0.0,0.0,0.0,0.0,0.0,0.46987951807228917,0.8192771084337349,0.8192771084337349,128.59466666666665,3.8095238095238093,0.0,0.9523809523809523,0.9523809523809523,0.0,0.0,0.0,0.0
0.0,0.0,0.38461538461538464,0.9230769230769231,0.9230769230769231,47.320000000000036,0.0,0.0,0.0,7.142857142857143,0.0,0.0,0.0,0.0,0.0,0.0,0.4883720930232558,0.8023255813953488,0.8023255813953488,121.81647058823529,4.62962962962963,0.0,0.0,2.7777777777777777,0.0,0.0,0.0,0.0
0.01639344262295082,0.0,0.4878048780487805,0.7235772357723578,0.7683333333333332,123.0,7.246376811594203,0.0,0.0,1.4492753623188406,0.0,0.0,0.0,0.0,0.016666666666666666,0.0,0.4861878453038674,0.6850828729281768,0.7798780487804879,155.7377713351175,3.7383177570093458,0.0,0.0,5.607476635514018,0.0,0.4672897196261682,0.9345794392523364,0.0
0.0,0.0,0.525,0.7875,0.7875,105.41176470588236,0.0,0.0,2.1739130434782608,2.1739130434782608,0.0,0.0,0.0,0.0,0.022026431718061675,0.0,0.47368421052631576,0.6403508771929824,0.7565116279069768,131.68375354404913,4.316546762589928,0.0,0.0,6.474820143884892,0.0,0.7194244604316546,0.0,0.0
0.0,0.0,0.35714285714285715,0.9285714285714286,0.9285714285714286,109.76000000000008,3.3333333333333335,3.3333333333333335,0.0,0.0,0.0,0.0,0.0,0.0,0.028037383177570093,0.0,0.4604651162790698,0.6604651162790698,0.7642241379310345,123.67959372114498,4.942965779467681,0.0,0.38022813688212925,7.224334600760455,0.0,0.38022813688212925,0.0,0.0
0.0,0.0,0.5135135135135135,0.8918918918918919,0.8918918918918919,95.83,5.128205128205129,0.0,0.0,0.0,0.0,0.0,0.0,0.0,0.042105263157894736,0.005291005291005291,0.450261780104712,0.6910994764397905,0.7676086956521742,133.90061031864312,3.8297872340425534,0.0,0.425531914893617,7.23404255319149,0.0,0.425531914893617,0.851063829787234,0.0
0.0,0.0,0.6,1.0,1.0,10.0,0.0,8.333333333333334,0.0,8.333333333333334,0.0,0.0,0.0,0.0,0.029069767441860465,0.005847953216374269,0.5086705202312138,0.6705202312138728,0.78,123.27939669527348,4.265402843601896,0.0,0.47393364928909953,4.739336492890995,0.0,0.47393364928909953,0.47393364928909953,0.0
0.039603960396039604,0.01,0.4803921568627451,0.7156862745098039,0.7166666666666667,85.44155844155844,1.7543859649122806,1.7543859649122806,0.0,4.385964912280701,0.0,0.0,0.0,0.0,0.025252525252525252,0.005076142131979695,0.4271356783919598,0.7085427135678392,0.7945000000000002,179.8653846153846,4.878048780487805,0.0,0.4065040650406504,7.317073170731707,0.0,0.8130081300813008,0.0,0.0
0.07894736842105263,0.05405405405405406,0.6410256410256411,0.717948717948718,0.717948717948718,39.0,4.545454545454546,0.0,2.272727272727273,4.545454545454546,0.0,0.0,0.0,0.0,0.033707865168539325,0.0,0.4972067039106145,0.664804469273743,0.770125,117.33795171576071,4.166666666666667,0.0,0.0,5.555555555555555,0.0,1.3888888888888888,0.46296296296296297,0.0
0.017543859649122806,0.0,0.5689655172413793,0.7758620689655172,0.7758620689655172,65.22769230769231,3.0303030303030303,1.5151515151515151,0.0,6.0606060606060606,0.0,0.0,0.0,0.0,0.03048780487804878,0.0,0.49696969696969695,0.6424242424242425,0.7459090909090909,94.02911413404115,4.545454545454546,0.0,0.0,6.565656565656566,0.0,0.5050505050505051,0.5050505050505051,0.0
0.017857142857142856,0.0,0.5614035087719298,0.8070175438596491,0.8070175438596491,82.70181818181817,1.6666666666666667,0.0,3.3333333333333335,0.0,0.0,0.0,0.0,0.0,0.025380710659898477,0.0,0.4494949494949495,0.6616161616161617,0.7464646464646465,119.13915187676946,4.526748971193416,0.0,0.411522633744856,6.995884773662552,0.0,0.411522633744856,0.411522633744856,0.0
0.0,0.0,0.5051546391752577,0.8041237113402062,0.8041237113402062,138.65894736842108,5.660377358490566,0.0,0.9433962264150944,1.8867924528301887,0.0,0.0,0.0,0.0,0.018518518518518517,0.0,0.49079754601226994,0.6932515337423313,0.7815625,137.84567901234567,5.154639175257731,0.0,0.0,4.639175257731958,0.0,0.5154639175257731,0.0,0.0
0.11363636363636363,0.046511627906976744,0.5777777777777777,0.6666666666666666,0.6666666666666666,34.8876404494382,4.081632653061225,0.0,0.0,4.081632653061225,0.0,0.0,0.0,0.0,0.03260869565217391,0.00546448087431694,0.4864864864864865,0.6810810810810811,0.7752325581395347,128.0038510911425,4.824561403508771,0.0,0.0,7.017543859649122,0.0,0.8771929824561403,0.8771929824561403,0.0
0.0,0.0,0.5714285714285714,1.0,1.0,,20.0,0.0,0.0,0.0,0.0,0.0,0.0,0.0,0.0,0.0,0.4626865671641791,0.7014925373134329,0.7365714285714285,100.36952726295998,4.4303797468354436,0.0,0.0,3.79746835443038,0.0,0.0,0.0,0.0
0.0,0.0,0.2857142857142857,0.8571428571428571,0.8571428571428571,,30.0,0.0,0.0,0.0,0.0,0.0,0.0,0.0,0.01675977653631285,0.0,0.5,0.6666666666666666,0.7391358024691358,123.1899641577061,4.166666666666667,0.0,0.46296296296296297,5.092592592592593,0.0,0.0,0.46296296296296297,0.0
0.0,0.0,0.36363636363636365,0.8636363636363636,0.8636363636363636,45.17333333333334,3.8461538461538463,0.0,3.8461538461538463,7.6923076923076925,0.0,0.0,0.0,0.0,0.006172839506172839,0.0,0.49693251533742333,0.6503067484662577,0.70890625,104.42243635662332,5.789473684210526,0.0,0.5263157894736842,2.631578947368421,0.0,0.0,0.0,0.0
0.0,0.0,0.6451612903225806,0.9354838709677419,0.9354838709677419,134.5399999999999,8.108108108108109,0.0,0.0,8.108108108108109,0.0,0.0,0.0,0.0,0.03225806451612903,0.0,0.44871794871794873,0.6666666666666666,0.7308771929824561,104.6917960088692,5.729166666666667,0.0,0.0,5.208333333333334,0.0,0.0,0.5208333333333334,0.0
0.0,0.0,0.35294117647058826,0.9411764705882353,0.9411764705882353,80.91999999999999,9.523809523809524,0.0,0.0,9.523809523809524,0.0,0.0,0.0,0.0,0.006211180124223602,0.0,0.4444444444444444,0.691358024691358,0.7512698412698413,112.48345248539376,4.18848167539267,0.0,0.5235602094240838,2.6178010471204187,0.0,0.0,0.0,0.0
0.0,0.0,0.45161290322580644,0.8387096774193549,0.8387096774193549,53.81600000000002,5.555555555555555,0.0,0.0,5.555555555555555,0.0,0.0,0.0,0.0,0.012987012987012988,0.0,0.5096774193548387,0.6516129032258065,0.7271428571428571,104.9909239897104,4.278074866310161,0.0,1.0695187165775402,5.882352941176471,0.0,0.0,0.0,0.0
0.0,0.0,0.47368421052631576,0.9210526315789473,0.9210526315789473,134.7733333333333,7.317073170731707,0.0,0.0,0.0,0.0,0.0,0.0,0.0,0.03614457831325301,0.0,0.49101796407185627,0.6407185628742516,0.7014705882352941,96.82697740112995,4.081632653061225,0.0,0.0,4.081632653061225,0.0,0.0,0.0,0.0
0.0625,0.0,0.7058823529411765,0.8235294117647058,0.8235294117647058,26.97333333333333,0.0,0.0,10.526315789473685,0.0,0.0,0.0,0.0,0.0,0.01744186046511628,0.0,0.5028901734104047,0.6878612716763006,0.7428378378378377,126.29713472724981,4.390243902439025,0.0,0.4878048780487805,3.902439024390244,0.0,0.0,0.4878048780487805,0.0
0.0,0.0,0.5,1.0,1.0,18.0,0.0,0.0,0.0,5.2631578947368425,0.0,0.0,0.0,0.0,0.02857142857142857,0.004784688995215311,0.5118483412322274,0.6208530805687204,0.7641071428571429,129.40127578989336,4.382470119521912,0.0,0.0,3.585657370517928,0.0,0.0,0.398406374501992,0.0
0.0,0.0,0.55,1.0,1.0,20.0,4.545454545454546,0.0,4.545454545454546,0.0,0.0,0.0,0.0,0.0,0.036585365853658534,0.0,0.5393939393939394,0.6242424242424243,0.7028787878787878,69.51923076923077,3.608247422680412,0.0,0.0,3.608247422680412,0.0,0.0,0.5154639175257731,0.0
0.06666666666666667,0.034482758620689655,0.3548387096774194,0.9032258064516129,0.9032258064516129,89.69333333333331,31.42857142857143,0.0,0.0,0.0,0.0,0.0,0.0,8.571428571428571,0.011494252873563218,0.0,0.48,0.68,0.7572368421052631,113.17704220864674,5.0,0.0,0.0,3.5,0.0,0.0,0.5,0.0
0.0,0.0,0.5151515151515151,0.8787878787878788,0.8787878787878788,76.23,30.0,0.0,7.5,2.5,0.0,7.5,0.0,0.0,0.021164021164021163,0.0,0.48947368421052634,0.6473684210526316,0.7462637362637362,117.29796584834847,5.263157894736842,0.0,0.8771929824561403,3.070175438596491,0.0,0.0,0.0,0.0
0.011494252873563218,0.0,0.5340909090909091,0.75,0.75,93.28,4.040404040404041,0.0,0.0,1.0101010101010102,0.0,0.0,0.0,0.0,0.025,0.0,0.4782608695652174,0.6832298136645962,0.7569354838709679,105.36542074426305,4.712041884816754,0.0,0.0,2.6178010471204187,0.0,0.5235602094240838,0.0,0.0
0.0,0.0,0.5714285714285714,0.9285714285714286,0.9285714285714286,54.88000000000004,25.0,0.0,0.0,0.0,0.0,0.0,0.0,0.0,0.01910828025477707,0.0,0.43037974683544306,0.7468354430379747,0.8191525423728815,174.748,4.864864864864865,0.0,0.0,4.324324324324325,0.0,0.5405405405405406,0.5405405405405406,0.0
0.0410958904109589,0.0,0.581081081081081,0.7297297297297297,0.7297297297297297,67.81167479674798,2.4096385542168677,0.0,2.4096385542168677,4.819277108433735,0.0,0.0,0.0,0.0,0.027210884353741496,0.0,0.46621621621621623,0.6756756756756757,0.7561224489795918,129.21827411167513,5.617977528089888,0.0,0.5617977528089888,3.9325842696629216,0.0,0.0,0.0,0.0
0.0,0.0,0.0,1.0,1.0,,100.0,0.0,0.0,0.0,0.0,0.0,0.0,0.0,0.02531645569620253,0.0,0.4779874213836478,0.6918238993710691,0.7665000000000002,136.76845637583892,4.787234042553191,0.0,0.0,5.319148936170213,0.0,0.0,0.0,0.0
0.0,0.0,0.625,0.7916666666666666,0.7916666666666666,64.512,7.142857142857143,0.0,0.0,7.142857142857143,0.0,0.0,0.0,0.0,0.0,0.0,0.4430379746835443,0.7088607594936709,0.7833898305084745,158.0,4.2105263157894735,0.0,0.0,5.263157894736842,0.0,0.0,0.0,0.0
0.0,0.0,0.5238095238095238,0.9047619047619048,0.9047619047619048,61.74000000000001,4.545454545454546,0.0,0.0,0.0,0.0,0.0,0.0,0.0,0.03056768558951965,0.0043859649122807015,0.5391304347826087,0.5652173913043478,0.7238931297709923,102.75553662691652,4.83271375464684,0.0,0.0,1.8587360594795537,0.0,0.37174721189591076,0.0,0.0
0.04395604395604396,0.0,0.5652173913043478,0.6847826086956522,0.6847826086956522,79.26937269372695,14.423076923076923,0.0,0.0,0.9615384615384616,0.9615384615384616,0.0,0.0,4.8076923076923075,0.006666666666666667,0.0,0.4900662251655629,0.6754966887417219,0.7492307692307693,101.88967224810105,4.4692737430167595,0.0,0.0,5.58659217877095,0.0,0.0,0.0,0.0
0.02666666666666667,0.0,0.5131578947368421,0.75,0.75,85.12,10.112359550561798,0.0,0.0,5.617977528089888,0.0,0.0,0.0,2.247191011235955,0.022598870056497175,0.0,0.5056179775280899,0.6404494382022472,0.7018987341772152,84.62807222817477,4.285714285714286,0.0,0.0,4.285714285714286,0.0,0.0,0.9523809523809523,0.0
0.0,0.0,0.5483870967741935,0.8064516129032258,0.8064516129032258,44.84666666666666,8.571428571428571,0.0,2.857142857142857,0.0,0.0,0.0,0.0,0.0,0.00975609756097561,0.0,0.5048543689320388,0.6407766990291263,0.750093457943925,123.35120248980621,4.8582995951417,0.0,0.8097165991902834,3.643724696356275,0.0,0.0,0.4048582995951417,0.0
0.0,0.0,0.5,0.9,0.9,28.000000000000007,0.0,0.0,0.0,9.090909090909092,0.0,0.0,0.0,0.0,0.011363636363636364,0.0,0.5084745762711864,0.655367231638418,0.7183333333333333,107.16563366728931,5.188679245283019,0.0,0.4716981132075472,4.716981132075472,0.0,0.0,0.0,0.0
0.0,0.0,0.4807692307692308,0.8846153846153846,0.8846153846153846,126.18666666666664,1.694915254237288,0.0,0.0,3.389830508474576,0.0,0.0,0.0,0.0,0.030927835051546393,0.0,0.49230769230769234,0.6717948717948717,0.7178125000000001,126.81236028315948,4.741379310344827,0.0,0.0,5.172413793103448,0.0,0.0,0.43103448275862066,0.0
0.03333333333333333,0.0,0.5041322314049587,0.6528925619834711,0.6786363636363636,67.02125953565289,2.2058823529411766,1.4705882352941178,3.6764705882352944,1.4705882352941178,0.0,0.0,0.0,0.0,0.006896551724137931,0.0,0.5136986301369864,0.6917808219178082,0.7291489361702127,98.04094877026913,4.705882352941177,0.0,0.0,5.294117647058823,0.0,0.0,0.0,0.0
0.0,0.0,0.5,0.9230769230769231,0.9230769230769231,94.64000000000007,6.896551724137931,0.0,0.0,3.4482758620689653,0.0,0.0,0.0,0.0,0.025510204081632654,0.0,0.47715736040609136,0.6091370558375635,0.7147959183673468,79.55509924709105,5.1063829787234045,0.0,0.425531914893617,4.680851063829787,0.0,0.425531914893617,0.0,0.0
0.0,0.0,0.5189873417721519,0.7721518987341772,0.7721518987341772,97.08222222222224,8.333333333333334,0.0,0.0,0.0,0.0,0.0,0.0,0.0,0.01875,0.0,0.484472049689441,0.6645962732919255,0.7243548387096772,100.42857231218379,4.639175257731958,0.0,0.5154639175257731,4.123711340206185,0.0,0.0,0.0,0.0
0.0,0.0,0.9090909090909091,0.9090909090909091,0.9090909090909091,33.879999999999995,6.666666666666667,0.0,6.666666666666667,13.333333333333334,0.0,0.0,0.0,0.0,0.023668639053254437,0.0,0.49411764705882355,0.6529411764705882,0.7029577464788731,100.17037786774631,5.025125628140703,0.0,0.5025125628140703,3.015075376884422,0.0,0.0,0.0,0.0
0.0,0.0,0.2857142857142857,1.0,1.0,14.0,11.11111111111111,0.0,0.0,0.0,0.0,0.0,0.0,0.0,0.009708737864077669,0.0,0.5217391304347826,0.6328502415458938,0.7382407407407408,114.25377536573856,4.4897959183673475,0.0,0.0,4.4897959183673475,0.0,0.0,0.40816326530612246,0.0
0.0,0.0,0.5,1.0,1.0,,28.571428571428573,0.0,0.0,0.0,0.0,28.571428571428573,0.0,0.0,0.02564102564102564,0.0,0.3924050632911392,0.8354430379746836,0.8354430379746836,134.4215384615385,5.263157894736842,0.0,0.0,3.1578947368421053,0.0,0.0,1.0526315789473684,0.0
0.0,0.0,0.3333333333333333,1.0,1.0,,0.0,25.0,0.0,0.0,0.0,0.0,0.0,0.0,0.011904761904761904,0.0,0.4470588235294118,0.7411764705882353,0.7411764705882353,91.95454545454547,4.0,0.0,0.0,4.0,0.0,0.0,0.0,0.0
0.0,0.0,0.5952380952380952,0.9047619047619048,0.9047619047619048,123.48000000000002,20.754716981132077,0.0,0.0,5.660377358490566,0.0,3.7735849056603774,0.0,0.0,0.009900990099009901,0.0,0.46078431372549017,0.7843137254901961,0.7799999999999999,132.41454545454548,4.0650406504065035,0.0,0.0,4.878048780487805,0.0,0.8130081300813008,0.8130081300813008,0.0
0.0,0.0,0.35714285714285715,0.9642857142857143,0.9642857142857143,219.52000000000015,3.3333333333333335,0.0,0.0,3.3333333333333335,0.0,0.0,0.0,0.0,0.0,0.0,0.4111111111111111,0.8333333333333334,0.8333333333333334,151.20000000000005,3.7383177570093458,0.0,0.0,3.7383177570093458,0.0,0.0,0.0,0.0
0.05263157894736842,0.02702702702702703,0.38461538461538464,0.8717948717948718,0.8717948717948718,85.17600000000002,2.3255813953488373,0.0,4.651162790697675,2.3255813953488373,0.0,0.0,0.0,0.0,0.012048192771084338,0.0,0.39285714285714285,0.8571428571428571,0.8571428571428571,164.63999999999996,3.9603960396039604,0.0,0.0,3.9603960396039604,0.0,0.9900990099009901,0.9900990099009901,0.0
0.0,0.0,0.46153846153846156,1.0,1.0,13.0,6.666666666666667,0.0,0.0,0.0,0.0,0.0,0.0,0.0,0.0125,0.0,0.345679012345679,0.8395061728395061,0.8395061728395061,141.31384615384613,4.123711340206185,0.0,0.0,4.123711340206185,0.0,1.0309278350515463,1.0309278350515463,0.0
0.0,0.0,0.5652173913043478,0.8478260869565217,0.8478260869565217,84.64,4.166666666666667,0.0,0.0,0.0,0.0,0.0,0.0,0.0,0.0,0.0,0.3684210526315789,0.8289473684210527,0.8289473684210527,124.40615384615387,4.3478260869565215,0.0,0.0,5.434782608695652,0.0,0.0,0.0,0.0
0.0,0.0,0.5,1.0,1.0,14.0,17.647058823529413,0.0,0.0,0.0,0.0,0.0,0.0,0.0,0.0,0.0,0.42857142857142855,0.8285714285714286,0.8285714285714286,114.33333333333337,4.819277108433735,0.0,0.0,1.2048192771084338,0.0,0.0,1.2048192771084338,0.0
0.0,0.0,0.5476190476190477,0.8809523809523809,0.8809523809523809,98.78399999999999,8.333333333333334,0.0,2.0833333333333335,0.0,0.0,0.0,0.0,0.0,0.014285714285714285,0.0,0.38028169014084506,0.8591549295774648,0.8591549295774648,141.14799999999997,3.488372093023256,0.0,0.0,3.488372093023256,0.0,0.0,1.1627906976744187,0.0
0.0,0.0,0.4117647058823529,0.9411764705882353,0.9411764705882353,161.83999999999997,6.976744186046512,0.0,0.0,4.651162790697675,0.0,2.3255813953488373,0.0,0.0,0.013333333333333334,0.0,0.47368421052631576,0.8421052631578947,0.8421052631578947,134.7733333333333,4.545454545454546,0.0,0.0,4.545454545454546,0.0,0.0,0.0,0.0
0.06474820143884892,0.02527075812274368,0.44802867383512546,0.6236559139784946,0.7534444444444444,143.17177676192955,7.317073170731707,0.6097560975609756,0.0,2.74390243902439,0.0,1.2195121951219512,0.0,0.0,0.0,0.0,0.38333333333333336,0.9166666666666666,0.9166666666666666,201.59999999999994,5.633802816901408,0.0,0.0,4.225352112676056,0.0,1.408450704225352,0.0,0.0
0.0,0.0,0.3333333333333333,1.0,1.0,12.0,0.0,0.0,7.6923076923076925,0.0,0.0,0.0,0.0,0.0,0.0,0.0,0.46835443037974683,0.8227848101265823,0.8227848101265823,124.82000000000006,5.154639175257731,0.0,1.0309278350515463,3.092783505154639,0.0,1.0309278350515463,0.0,0.0
0.0,0.0,0.5128205128205128,0.8974358974358975,0.8974358974358975,106.47000000000004,2.380952380952381,0.0,0.0,4.761904761904762,0.0,0.0,0.0,0.0,0.01282051282051282,0.0,0.5095541401273885,0.7006369426751592,0.7984482758620691,157.0,4.639175257731958,0.0,1.5463917525773194,5.154639175257731,0.0,0.5154639175257731,0.0,0.0
0.0,0.0,0.5333333333333333,0.9333333333333333,0.9333333333333333,126.00000000000004,5.555555555555555,0.0,0.0,5.555555555555555,0.0,0.0,0.0,0.0,0.0072992700729927005,0.0,0.5217391304347826,0.7463768115942029,0.7989743589743591,152.352,3.7267080745341614,0.0,0.6211180124223602,4.968944099378882,0.0,0.0,0.0,0.0
0.0,0.0,0.4,1.0,1.0,,0.0,0.0,28.571428571428573,0.0,0.0,0.0,0.0,0.0,0.0,0.0,0.5147058823529411,0.7426470588235294,0.7818918918918921,147.96800000000002,5.0,0.0,1.25,4.375,0.0,0.625,0.0,0.0
0.0,0.0,0.6190476190476191,0.9047619047619048,0.9047619047619048,61.74000000000001,4.3478260869565215,0.0,0.0,0.0,0.0,0.0,0.0,0.0,0.04411764705882353,0.014814814814814815,0.5401459854014599,0.6642335766423357,0.7092105263157895,90.95179695036788,4.40251572327044,0.0,0.6289308176100629,4.40251572327044,0.0,0.0,0.0,0.0
0.0,0.0,0.5151515151515151,0.7373737373737373,0.7373737373737373,105.54923076923076,3.8095238095238093,0.0,0.9523809523809523,0.9523809523809523,0.0,0.0,0.0,0.0,0.024691358024691357,0.012422360248447204,0.5030674846625767,0.6993865030674846,0.78234375,122.60469052224371,2.5380710659898478,0.0,1.5228426395939085,5.583756345177664,0.0,0.5076142131979695,1.015228426395939,0.0
0.0,0.0,0.48148148148148145,1.0,1.0,27.0,6.666666666666667,0.0,0.0,3.3333333333333335,0.0,0.0,0.0,0.0,0.02127659574468085,0.0,0.49295774647887325,0.704225352112676,0.7846511627906976,125.71559633027522,3.508771929824561,0.0,0.5847953216374269,6.432748538011696,0.0,0.5847953216374269,0.0,0.0
0.038461538461538464,0.0,0.4074074074074074,0.8148148148148148,0.8148148148148148,40.82399999999999,6.25,0.0,6.25,0.0,3.125,0.0,0.0,0.0,0.0056179775280898875,0.0,0.5195530726256983,0.6815642458100558,0.76325,110.41925948125544,4.784688995215311,0.0,0.4784688995215311,4.30622009569378,0.0,0.4784688995215311,0.0,0.0
0.0,0.0,0.42857142857142855,0.9285714285714286,0.9285714285714286,109.76000000000008,0.0,0.0,0.0,3.225806451612903,0.0,0.0,0.0,0.0,0.008547008547008548,0.0,0.4830508474576271,0.7372881355932204,0.7594736842105263,125.76516129032261,3.7037037037037033,0.0,1.4814814814814814,2.962962962962963,0.0,0.0,0.0,0.0
0.0,0.0,0.7142857142857143,1.0,1.0,,11.11111111111111,0.0,11.11111111111111,0.0,0.0,0.0,0.0,0.0,0.022988505747126436,0.011560693641618497,0.4742857142857143,0.6971428571428572,0.8053947368421054,175.0,3.2710280373831777,0.0,2.336448598130841,7.4766355140186915,0.0,0.0,0.0,0.0
0.0,0.0,0.42857142857142855,1.0,1.0,,12.5,0.0,0.0,0.0,0.0,0.0,0.0,0.0,0.016574585635359115,0.0,0.521978021978022,0.6428571428571429,0.7406024096385542,81.56456776261263,4.6082949308755765,0.0,1.3824884792626728,4.6082949308755765,0.0,0.0,0.0,0.0
0.0,0.0,0.4782608695652174,0.8913043478260869,0.8913043478260869,118.49599999999997,7.8431372549019605,0.0,0.0,1.9607843137254901,0.0,0.0,0.0,0.0,0.022727272727272728,0.0,0.5423728813559322,0.6497175141242938,0.733076923076923,104.86610448375154,4.245283018867925,0.0,1.4150943396226414,2.830188679245283,0.0,0.4716981132075472,0.0,0.0
0.0,0.0,0.0,1.0,1.0,,150.0,0.0,0.0,0.0,0.0,0.0,0.0,50.0,0.020134228187919462,0.006756756756756757,0.5333333333333333,0.64,0.7186274509803923,81.493993993994,5.113636363636364,0.0,0.5681818181818182,3.9772727272727275,0.0,0.5681818181818182,0.0,0.0
0.0,0.0,0.53125,0.8125,0.8125,95.57333333333334,9.333333333333332,0.0,5.333333333333333,0.0,0.0,5.333333333333333,0.0,0.0,0.006896551724137931,0.0,0.4863013698630137,0.6917808219178082,0.7604255319148935,131.70496083550913,3.9772727272727275,0.0,0.0,7.954545454545455,0.0,0.5681818181818182,0.5681818181818182,0.0
0.0,0.0,0.5,0.7727272727272727,0.7727272727272727,19.968666666666667,3.8461538461538463,0.0,0.0,3.8461538461538463,0.0,0.0,0.0,0.0,0.015748031496062992,0.007936507936507936,0.4765625,0.734375,0.809310344827586,134.92705882352942,4.0,0.0,0.0,4.666666666666666,0.0,0.0,0.0,0.0
0.0,0.0,0.6875,0.9375,0.9375,71.68,10.526315789473685,0.0,0.0,0.0,0.0,0.0,0.0,0.0,0.012658227848101266,0.0,0.5031446540880503,0.6855345911949685,0.7718333333333334,122.31703828519926,4.395604395604396,0.0,0.5494505494505495,3.8461538461538467,0.0,0.0,0.0,0.0
0.05357142857142857,0.018018018018018018,0.584070796460177,0.5575221238938053,0.5635714285714286,52.84067357512953,7.03125,0.0,0.78125,0.78125,0.0,0.0,0.0,0.0,0.0,0.0,0.48091603053435117,0.7557251908396947,0.7865625,150.15875000000005,4.3478260869565215,0.0,2.484472049689441,4.968944099378882,0.0,0.6211180124223602,0.0,0.0
0.0,0.0,0.5714285714285714,0.9047619047619048,0.9047619047619048,61.74000000000001,0.0,0.0,8.695652173913043,0.0,0.0,0.0,0.0,0.0,0.006896551724137931,0.0,0.5342465753424658,0.6712328767123288,0.7423404255319149,118.64037057832678,4.624277456647399,0.0,1.7341040462427748,4.624277456647399,0.0,0.0,0.5780346820809249,0.0
0.031746031746031744,0.0,0.625,0.703125,0.703125,55.578947368421055,2.7027027027027026,0.0,1.3513513513513513,4.054054054054054,0.0,0.0,0.0,0.0,0.019230769230769232,0.0064516129032258064,0.5414012738853503,0.7133757961783439,0.7772413793103449,147.1875,4.812834224598931,0.0,1.0695187165775402,3.7433155080213907,0.0,0.5347593582887701,0.0,0.0
0.13043478260869565,0.045454545454545456,0.5833333333333334,0.7916666666666666,0.7916666666666666,32.256,3.7037037037037037,3.7037037037037037,3.7037037037037037,0.0,0.0,0.0,0.0,0.0,0.0223463687150838,0.0,0.5333333333333333,0.65,0.7462962962962963,119.88936013276782,4.225352112676056,0.0,0.0,5.633802816901408,0.0,0.9389671361502347,0.0,0.0
0.0,0.0,0.0,1.0,1.0,,150.0,0.0,0.0,0.0,0.0,0.0,0.0,50.0,0.0,0.0,0.4714285714285714,0.7785714285714286,0.8329268292682929,177.03225806451616,4.878048780487805,0.0,1.2195121951219512,5.48780487804878,0.0,0.0,0.0,0.0
0.0,0.0,0.625,0.84375,0.84375,57.34400000000001,5.405405405405405,0.0,0.0,5.405405405405405,0.0,0.0,0.0,0.0,0.02158273381294964,0.014492753623188406,0.5142857142857142,0.7071428571428572,0.7417073170731707,132.76859504132233,4.294478527607362,0.0,2.4539877300613497,2.4539877300613497,0.0,0.0,0.0,0.0
0.0,0.0,0.48,0.86,0.86,100.0,6.779661016949152,0.0,1.694915254237288,6.779661016949152,0.0,0.0,0.0,0.0,0.00819672131147541,0.0,0.44715447154471544,0.6991869918699187,0.7233333333333333,103.39238387004846,4.827586206896552,0.0,2.0689655172413794,4.137931034482759,0.0,0.6896551724137931,0.0,0.0
0.0,0.0,0.45454545454545453,1.0,1.0,11.0,8.333333333333334,0.0,0.0,0.0,0.0,0.0,0.0,0.0,0.0,0.0,0.514018691588785,0.794392523364486,0.81125,145.71454545454546,3.90625,0.0,0.78125,4.6875,0.0,0.0,0.0,0.0
0.0,0.0,0.5882352941176471,0.8235294117647058,0.8235294117647058,26.97333333333333,4.545454545454546,0.0,9.090909090909092,0.0,0.0,0.0,0.0,0.0,0.016129032258064516,0.0,0.512,0.752,0.7819230769230769,141.1290322580645,4.697986577181208,0.0,0.0,6.7114093959731544,0.0,0.6711409395973155,0.0,0.0
0.0,0.0,0.45,0.8833333333333333,0.8833333333333333,143.99999999999997,9.09090909090909,0.0,0.0,0.0,0.0,0.0,0.0,0.0,0.0,0.0,0.5367647058823529,0.75,0.7794594594594595,152.32000000000002,4.2682926829268295,0.0,1.8292682926829267,4.878048780487805,0.0,0.0,0.0,0.0
0.0,0.0,0.4838709677419355,0.967741935483871,0.967741935483871,269.08000000000027,30.555555555555554,0.0,0.0,0.0,0.0,0.0,0.0,8.333333333333332,0.012345679012345678,0.0,0.5030674846625767,0.6932515337423313,0.789375,142.67581047381546,4.615384615384615,0.0,1.0256410256410255,4.615384615384615,0.0,0.0,0.0,0.0
0.0,0.0,0.6,1.0,1.0,,16.666666666666668,0.0,0.0,0.0,0.0,0.0,0.0,0.0,0.03333333333333333,0.011235955056179775,0.4835164835164835,0.7142857142857143,0.7142857142857143,84.38662790697674,4.672897196261682,0.0,0.0,4.672897196261682,0.0,0.0,0.0,0.0
0.0,0.0,0.4270833333333333,0.8229166666666666,0.8229166666666666,151.79294117647058,7.339449541284404,0.0,0.9174311926605505,3.669724770642202,0.0,0.0,0.0,0.0,0.05555555555555555,0.010452961672473868,0.5363321799307958,0.5467128027681661,0.6908947368421051,89.60614525139664,4.71976401179941,0.0,0.2949852507374631,4.71976401179941,0.0,0.2949852507374631,0.2949852507374631,0.0
0.0,0.0,0.2,1.0,1.0,,0.0,0.0,0.0,0.0,0.0,0.0,0.0,0.0,0.0,0.0,0.48214285714285715,0.6904761904761905,0.777536231884058,122.0311004784689,4.784688995215311,0.0,1.4354066985645932,3.827751196172249,0.0,0.0,0.0,0.0
0.0,0.0,0.45454545454545453,1.0,1.0,11.0,7.6923076923076925,0.0,7.6923076923076925,0.0,0.0,0.0,0.0,0.0,0.00684931506849315,0.0,0.4965986394557823,0.6938775510204082,0.7670833333333333,122.60983649789029,5.617977528089888,0.0,0.0,3.370786516853933,0.0,1.1235955056179776,0.0,0.0
0.0,0.0,0.5,1.0,1.0,12.0,17.647058823529413,0.0,0.0,0.0,0.0,0.0,0.0,0.0,0.020689655172413793,0.0,0.4589041095890411,0.6917808219178082,0.7604255319148937,138.2340425531915,5.376344086021505,0.0,1.6129032258064515,5.376344086021505,0.0,1.075268817204301,0.0,0.0
0.0,0.0,0.6428571428571429,0.9285714285714286,0.9285714285714286,54.88000000000004,15.789473684210527,0.0,0.0,0.0,0.0,5.2631578947368425,0.0,0.0,0.02040816326530612,0.0,0.527027027027027,0.6554054054054054,0.7051020408163264,89.81728485491183,5.376344086021505,0.5376344086021505,1.6129032258064515,3.7634408602150535,0.0,1.075268817204301,0.0,0.0
0.0,0.0,0.5357142857142857,0.9285714285714286,0.9285714285714286,109.76000000000008,6.451612903225806,3.225806451612903,0.0,0.0,0.0,0.0,0.0,0.0,0.026143790849673203,0.006578947368421052,0.5194805194805194,0.6948051948051948,0.7556363636363636,147.3848797250859,5.154639175257731,0.5154639175257731,0.5154639175257731,4.639175257731958,0.0,0.5154639175257731,0.0,0.0
0.0,0.0,0.5,0.8333333333333334,0.8333333333333334,40.320000000000014,7.142857142857143,3.5714285714285716,0.0,3.5714285714285716,0.0,0.0,0.0,0.0,0.022727272727272728,0.0,0.4971751412429379,0.672316384180791,0.7644871794871795,134.83504995682745,4.504504504504505,0.0,1.8018018018018018,2.2522522522522523,0.0,0.9009009009009009,0.0,0.0
0.015625,0.0,0.5384615384615384,0.7692307692307693,0.7692307692307693,78.86666666666669,6.578947368421053,0.0,0.0,2.6315789473684212,0.0,0.0,0.0,0.0,0.015384615384615385,0.0,0.48854961832061067,0.7557251908396947,0.7853125000000001,150.15875000000005,6.666666666666667,0.6060606060606061,1.2121212121212122,3.0303030303030303,0.0,1.2121212121212122,0.0,0.0
0.024691358024691357,0.0,0.573170731707317,0.7804878048780488,0.7804878048780488,104.59555555555559,8.88888888888889,0.0,0.0,3.3333333333333335,0.0,0.0,0.0,0.0,0.018633540372670808,0.00625,0.49382716049382713,0.6975308641975309,0.7617460317460316,150.46153846153845,5.555555555555556,0.0,0.5050505050505051,4.040404040404041,0.0,1.0101010101010102,0.0,0.0
0.023255813953488372,0.0,0.5454545454545454,0.7954545454545454,0.7954545454545454,60.231111111111105,6.25,0.0,0.0,2.0833333333333335,0.0,0.0,0.0,0.0,0.007407407407407408,0.0,0.4852941176470588,0.7132352941176471,0.7345945945945946,110.90646302086003,5.357142857142857,0.0,1.1904761904761905,4.166666666666667,0.0,1.1904761904761905,0.0,0.0
0.0,0.0,0.41025641025641024,0.8717948717948718,0.8717948717948718,85.17600000000002,4.761904761904762,0.0,0.0,2.380952380952381,0.0,0.0,0.0,0.0,0.0125,0.006289308176100629,0.4658385093167702,0.6832298136645962,0.7479032258064514,116.13614629905614,5.769230769230769,0.0,1.9230769230769231,4.8076923076923075,0.0,0.9615384615384616,0.0,0.0
0.0,0.0,0.6521739130434783,0.8260869565217391,0.8260869565217391,37.03,0.0,0.0,4.0,4.0,0.0,0.0,0.0,0.0,0.018518518518518517,0.0,0.5030674846625767,0.6687116564417178,0.806875,154.06359649122808,5.853658536585366,0.0,2.4390243902439024,3.4146341463414633,0.0,0.4878048780487805,0.0,0.0
0.0,0.0,0.48,0.84,0.84,43.74999999999999,10.0,0.0,0.0,3.3333333333333335,0.0,0.0,0.0,0.0,0.02877697841726619,0.0,0.4714285714285714,0.75,0.7973170731707319,156.8,4.444444444444445,0.5555555555555556,2.2222222222222223,3.8888888888888893,0.0,1.1111111111111112,0.5555555555555556,0.0
0.0,0.0,0.5384615384615384,1.0,1.0,13.0,17.647058823529413,0.0,0.0,11.764705882352942,0.0,0.0,0.0,5.882352941176471,0.006134969325153374,0.0,0.5182926829268293,0.6829268292682927,0.7532307692307693,120.43713842246368,5.445544554455445,0.0,1.4851485148514851,2.9702970297029703,0.0,1.4851485148514851,0.0,0.0
0.007194244604316547,0.0,0.5357142857142857,0.6428571428571429,0.7109756097560975,93.97645707723228,3.9735099337748347,0.0,0.0,3.3112582781456954,0.0,0.0,0.0,0.0,0.024096385542168676,0.0,0.5029940119760479,0.6946107784431138,0.7948529411764705,133.19433198380568,4.830917874396135,0.4830917874396135,1.932367149758454,3.3816425120772946,0.0,0.966183574879227,0.0,0.0
0.0,0.0,0.5,1.0,1.0,,11.11111111111111,0.0,0.0,0.0,0.0,0.0,0.0,0.0,0.020134228187919462,0.0,0.52,0.68,0.7394117647058823,101.11965240641712,6.111111111111112,0.0,1.6666666666666667,3.3333333333333335,0.0,0.5555555555555556,0.0,0.0
0.0,0.0,0.5,1.0,1.0,,0.0,0.0,20.0,0.0,0.0,0.0,0.0,0.0,0.0189873417721519,0.0,0.5031446540880503,0.6477987421383647,0.7394999999999998,94.25043554006969,5.1020408163265305,0.5102040816326531,1.0204081632653061,3.5714285714285716,0.0,0.5102040816326531,0.5102040816326531,0.0
0.0,0.0,0.4318181818181818,0.9318181818181818,0.9318181818181818,180.69333333333321,1.9607843137254901,0.0,0.0,5.88235294117647,0.0,0.0,0.0,0.0,0.029411764705882353,0.0,0.4682926829268293,0.6292682926829268,0.7556603773584907,109.08481000727116,5.223880597014926,0.0,0.373134328358209,2.985074626865672,0.0,1.119402985074627,0.0,0.0
0.0,0.0,0.7142857142857143,1.0,1.0,14.0,0.0,0.0,6.25,0.0,0.0,0.0,0.0,0.0,0.02643171806167401,0.004424778761061947,0.4868421052631579,0.6096491228070176,0.7463565891472869,121.36500754147814,3.900709219858156,0.0,0.0,3.546099290780142,0.0,0.7092198581560284,0.0,0.0
0.0,0.0,0.59375,0.84375,0.84375,57.34400000000001,5.555555555555555,0.0,0.0,0.0,0.0,0.0,0.0,0.0,0.05244755244755245,0.010526315789473684,0.4912891986062718,0.5574912891986062,0.7106914893617022,78.07368910090779,4.922279792746114,0.0,0.0,2.5906735751295336,0.0,1.0362694300518134,0.0,0.0
0.0,0.0,0.64,0.92,0.92,87.50000000000006,3.7037037037037037,0.0,3.7037037037037037,0.0,0.0,0.0,0.0,0.0,0.04417670682730924,0.008064516129032258,0.46,0.596,0.7588079470198674,117.92986425339367,5.590062111801242,0.0,0.3105590062111801,3.7267080745341614,0.0,1.2422360248447204,0.0,0.0
0.0,0.0,0.5416666666666666,0.8333333333333334,0.8333333333333334,40.320000000000014,10.344827586206897,0.0,6.896551724137931,3.4482758620689653,0.0,0.0,0.0,0.0,0.06382978723404255,0.0035587188612099642,0.46996466431095407,0.558303886925795,0.7307065217391304,94.33333333333333,5.64516129032258,0.0,0.26881720430107525,2.6881720430107525,0.0,1.6129032258064515,0.0,0.0
0.019230769230769232,0.0,0.5094339622641509,0.7924528301886793,0.7924528301886793,71.5018181818182,3.389830508474576,0.0,5.084745762711864,3.389830508474576,0.0,0.0,0.0,0.0,0.015873015873015872,0.00398406374501992,0.43873517786561267,0.6719367588932806,0.7993506493506494,162.84769233153554,5.177111716621254,0.0,0.5449591280653951,1.907356948228883,0.0,0.8174386920980927,0.0,0.0
0.0,0.0,0.75,0.9166666666666666,0.9166666666666666,40.319999999999986,0.0,0.0,14.285714285714286,0.0,0.0,0.0,0.0,0.0,0.05113636363636364,0.011428571428571429,0.4632768361581921,0.672316384180791,0.8126923076923077,112.81018518518519,5.150214592274678,0.0,0.4291845493562232,4.291845493562231,0.0,1.2875536480686696,0.0,0.0
0.0,0.0,0.5,0.9,0.9,28.000000000000007,0.0,0.0,16.666666666666668,0.0,0.0,0.0,0.0,0.0,0.01818181818181818,0.0,0.4298642533936652,0.6244343891402715,0.7740983606557374,124.92258500158883,4.593639575971731,0.0,0.0,4.240282685512367,0.0,1.4134275618374559,0.0,0.0
0.0,0.0,0.5217391304347826,0.9130434782608695,0.9130434782608695,74.05999999999996,7.407407407407407,0.0,0.0,3.7037037037037037,0.0,0.0,0.0,0.0,0.020202020202020204,0.0,0.4723618090452261,0.6331658291457286,0.7530999999999999,71.28031172114702,5.223880597014926,0.0,0.0,2.985074626865672,0.0,0.746268656716418,0.0,0.0
0.0,0.0,0.5283018867924528,0.7358490566037735,0.7358490566037735,44.01115768463073,4.3478260869565215,0.0,0.0,2.898550724637681,0.0,0.0,0.0,0.0,0.05701754385964912,0.00881057268722467,0.47161572052401746,0.6157205240174672,0.7216153846153847,101.8380648651609,5.498281786941581,0.0,0.3436426116838488,2.4054982817869415,0.0,1.718213058419244,0.0,0.0
0.0,0.0,0.25,1.0,1.0,,0.0,0.0,0.0,0.0,0.0,0.0,0.0,0.0,0.014084507042253521,0.0,0.4532710280373832,0.6542056074766355,0.7623478260869566,132.17466200798287,5.263157894736842,0.0,0.0,4.135338345864661,0.0,1.1278195488721803,0.0,0.0
0.0,0.0,0.4,1.0,1.0,,44.44444444444444,0.0,11.11111111111111,0.0,0.0,11.11111111111111,0.0,11.11111111111111,0.03914590747330961,0.007142857142857143,0.425531914893617,0.5851063829787234,0.7413661202185791,117.73524150268338,5.420054200542005,0.0,0.27100271002710025,2.168021680216802,0.0,0.8130081300813008,0.0,0.0
0.0,0.0,0.68,0.84,0.84,43.74999999999999,3.4482758620689653,0.0,6.896551724137931,0.0,0.0,0.0,0.0,0.0,0.03508771929824561,0.0,0.45104895104895104,0.6013986013986014,0.758235294117647,145.3122716889602,5.774278215223097,0.0,1.3123359580052494,2.3622047244094486,0.0,1.574803149606299,0.26246719160104987,0.0
0.0,0.0,0.64,0.88,0.88,58.33333333333334,6.896551724137931,0.0,0.0,0.0,0.0,0.0,0.0,0.0,0.019157088122605363,0.0,0.44656488549618323,0.5992366412213741,0.7665030674846626,107.78540949206318,5.621301775147929,0.0,0.591715976331361,1.4792899408284024,0.2958579881656805,2.0710059171597632,0.2958579881656805,0.0
0.0,0.0,0.5384615384615384,1.0,1.0,13.0,6.666666666666667,0.0,0.0,0.0,0.0,0.0,0.0,0.0,0.028688524590163935,0.0,0.45714285714285713,0.6081632653061224,0.7536301369863013,102.81656103962615,4.775280898876405,0.0,0.0,3.370786516853933,0.0,1.9662921348314608,0.0,0.0
0.0,0.0,0.625,1.0,1.0,,0.0,0.0,0.0,20.0,0.0,0.0,0.0,0.0,0.025974025974025976,0.004347826086956522,0.4870689655172414,0.603448275862069,0.7353383458646617,108.05479452054794,4.4673539518900345,0.0,0.3436426116838488,2.7491408934707904,0.0,1.0309278350515463,0.0,0.0
0.0,0.0,0.55,0.85,0.85,37.333333333333336,0.0,0.0,0.0,0.0,0.0,4.166666666666667,0.0,0.0,0.0326530612244898,0.004098360655737705,0.4959349593495935,0.6016260162601627,0.7593877551020408,127.5911316573386,5.015673981191223,0.0,0.0,2.1943573667711602,0.0,1.5673981191222572,0.0,0.0
0.0,0.0,0.5,1.0,1.0,,37.5,0.0,12.5,25.0,0.0,50.0,0.0,0.0,0.02617801047120419,0.0,0.4947916666666667,0.59375,0.7332258064516131,70.24242424242425,5.179282868525896,0.0,0.0,2.788844621513944,0.0,0.398406374501992,0.0,0.0
0.0,0.0,0.6,1.0,1.0,10.0,0.0,0.0,8.333333333333334,8.333333333333334,0.0,0.0,0.0,0.0,0.07749077490774908,0.014814814814814815,0.5073529411764706,0.5147058823529411,0.683815028901734,73.3123353479002,5.357142857142857,0.0,0.0,2.0833333333333335,0.0,1.1904761904761905,0.0,0.0
0.0,0.0,0.45,0.9,0.9,56.000000000000014,8.695652173913043,0.0,0.0,0.0,0.0,4.3478260869565215,0.0,0.0,0.03557312252964427,0.003968253968253968,0.4645669291338583,0.5984251968503937,0.739032258064516,110.63329646017698,5.521472392638037,0.0,0.3067484662576687,3.067484662576687,0.3067484662576687,1.5337423312883436,0.3067484662576687,0.0
0.0,0.0,0.6,1.0,1.0,10.0,0.0,0.0,0.0,0.0,0.0,0.0,0.0,0.0,0.023923444976076555,0.004807692307692308,0.4714285714285714,0.6047619047619047,0.7831531531531533,118.06038111272673,5.597014925373134,0.0,0.0,2.238805970149254,0.0,0.746268656716418,0.0,0.0
0.0,0.0,0.6666666666666666,0.9047619047619048,0.9047619047619048,61.74000000000001,0.0,0.0,8.695652173913043,0.0,0.0,0.0,0.0,0.0,0.022556390977443608,0.0,0.4606741573033708,0.6217228464419475,0.7725000000000002,119.11529386529386,5.585106382978723,0.0,1.0638297872340425,2.6595744680851063,0.0,0.26595744680851063,0.26595744680851063,0.0
0.0,0.0,0.7,1.0,1.0,10.0,35.714285714285715,0.0,0.0,0.0,0.0,14.285714285714286,0.0,0.0,0.022935779816513763,0.0,0.4337899543378995,0.6484018264840182,0.7803333333333332,114.00091057361304,5.693950177935943,0.0,0.0,1.7793594306049823,0.0,1.0676156583629894,0.0,0.0
0.0,0.0,0.4722222222222222,0.8055555555555556,0.8055555555555556,51.84000000000001,9.523809523809524,0.0,0.0,0.0,0.0,0.0,0.0,0.0,0.0423728813559322,0.00425531914893617,0.4345991561181435,0.6160337552742616,0.758695652173913,83.55021047129063,5.228758169934641,0.0,0.0,3.9215686274509807,0.0,1.3071895424836601,0.0,0.0
0.0,0.0,0.7058823529411765,1.0,1.0,17.0,5.2631578947368425,0.0,0.0,5.2631578947368425,0.0,0.0,0.0,0.0,0.049019607843137254,0.014778325123152709,0.4195121951219512,0.624390243902439,0.7673584905660379,98.26832519433924,4.761904761904762,0.0,0.0,3.663003663003663,0.0,1.465201465201465,0.0,0.0
0.0,0.0,0.4444444444444444,1.0,1.0,18.0,0.0,0.0,0.0,4.761904761904762,0.0,0.0,0.0,0.0,0.04484304932735426,0.009009009009009009,0.4375,0.6205357142857143,0.7709599999999999,128.37300804064003,5.208333333333333,0.0,0.0,2.4305555555555554,0.0,0.6944444444444444,0.0,0.0
0.0,0.0,0.7142857142857143,1.0,1.0,,45.45454545454546,0.0,18.181818181818183,9.090909090909092,0.0,18.181818181818183,0.0,0.0,0.05172413793103448,0.021645021645021644,0.49356223175965663,0.5536480686695279,0.7410447761194031,95.30428688368339,5.0675675675675675,0.0,0.33783783783783783,2.7027027027027026,0.0,1.3513513513513513,0.0,0.0
0.0,0.0,0.3793103448275862,0.9655172413793104,0.9655172413793104,235.4800000000003,11.428571428571429,0.0,0.0,2.857142857142857,0.0,0.0,0.0,0.0,0.01276595744680851,0.0,0.4449152542372881,0.6483050847457628,0.7778832116788322,87.17931974177311,6.148867313915857,0.0,0.0,3.883495145631068,0.0,1.941747572815534,0.0,0.0
0.03571428571428571,0.0,0.5862068965517241,0.896551724137931,0.896551724137931,78.49333333333335,2.9411764705882355,0.0,0.0,2.9411764705882355,0.0,2.9411764705882355,0.0,0.0,0.04240282685512368,0.0070921985815602835,0.45774647887323944,0.5809859154929577,0.7385405405405405,109.9676124392962,5.277777777777778,0.0,0.0,2.2222222222222223,0.0,1.1111111111111112,0.0,0.0
0.0,0.0,0.4567901234567901,0.8518518518518519,0.8518518518518519,153.09,6.666666666666667,0.0,1.1111111111111112,0.0,0.0,3.3333333333333335,0.0,0.0,0.02242152466367713,0.0045045045045045045,0.44642857142857145,0.625,0.7469599999999997,127.84471817842478,5.517241379310345,0.0,0.0,3.4482758620689657,0.0,1.3793103448275863,0.0,0.0
0.0,0.0,0.42105263157894735,1.0,1.0,19.0,0.0,0.0,0.0,12.0,0.0,0.0,0.0,0.0,0.03389830508474576,0.00425531914893617,0.4430379746835443,0.6708860759493671,0.8028260869565219,149.18155423770696,4.129793510324483,0.0,0.0,2.0648967551622417,0.0,1.4749262536873156,0.8849557522123894,0.0
0.0,0.0,0.3793103448275862,0.9310344827586207,0.9310344827586207,117.73999999999997,0.0,0.0,0.0,9.09090909090909,0.0,0.0,0.0,0.0,0.0211864406779661,0.0,0.4430379746835443,0.6582278481012658,0.775072463768116,150.60595254907497,3.071672354948806,0.0,0.0,4.778156996587031,0.0,1.0238907849829353,1.0238907849829353,0.0
0.0,0.0,0.2692307692307692,0.9230769230769231,0.9230769230769231,94.64000000000007,5.714285714285714,0.0,0.0,8.571428571428571,0.0,0.0,0.0,0.0,0.04580152671755725,0.0038314176245210726,0.467680608365019,0.5855513307984791,0.7356097560975609,106.75957675550275,3.75,0.0,0.0,3.4375,0.0,0.9375,0.3125,0.0
0.037037037037037035,0.0,0.39285714285714285,0.9285714285714286,0.9285714285714286,109.76000000000008,7.5,0.0,2.5,0.0,0.0,2.5,0.0,2.5,0.04195804195804196,0.0,0.49477351916376305,0.5574912891986062,0.7366489361702128,105.87521206609216,3.9660056657223794,0.0,0.0,4.2492917847025495,0.0,0.56657223796034,0.56657223796034,0.0
0.0,0.0,0.4375,0.9375,0.9375,71.68,21.73913043478261,0.0,0.0,0.0,0.0,0.0,0.0,0.0,0.022222222222222223,0.0,0.45588235294117646,0.7132352941176471,0.7591891891891892,136.0,4.216867469879518,0.0,0.0,4.819277108433735,0.0,0.6024096385542169,0.0,0.0
0.0,0.0,0.5714285714285714,0.9523809523809523,0.9523809523809523,123.47999999999988,17.391304347826086,0.0,0.0,0.0,0.0,0.0,0.0,4.3478260869565215,0.023809523809523808,0.008,0.4645669291338583,0.6929133858267716,0.7178571428571427,104.09426905033598,4.40251572327044,0.0,0.0,3.7735849056603774,0.0,0.6289308176100629,0.0,0.0
0.0,0.0,0.5,1.0,1.0,,44.44444444444444,0.0,11.11111111111111,0.0,0.0,22.22222222222222,0.0,0.0,0.019417475728155338,0.00980392156862745,0.4423076923076923,0.75,0.758,116.48,5.511811023622047,0.0,0.0,3.937007874015748,0.0,0.0,0.0,0.0
0.015873015873015872,0.0,0.5625,0.71875,0.71875,64.0,1.4492753623188406,0.0,0.0,4.3478260869565215,0.0,0.0,0.0,0.0,0.017391304347826087,0.0,0.4482758620689655,0.7068965517241379,0.7323529411764707,103.5,4.411764705882353,0.0,0.0,3.6764705882352944,0.0,0.0,0.0,0.0
0.0,0.0,0.4,1.0,1.0,,0.0,0.0,16.666666666666668,0.0,0.0,0.0,0.0,0.0,0.008264462809917356,0.0,0.47540983606557374,0.6967213114754098,0.726086956521739,110.57677902621722,4.861111111111111,0.0,0.0,4.166666666666666,0.0,0.0,0.0,0.0
0.0,0.0,0.75,1.0,1.0,,20.0,0.0,0.0,0.0,0.0,0.0,0.0,0.0,0.007142857142857143,0.0,0.3829787234042553,0.723404255319149,0.7997619047619049,142.73538461538465,4.545454545454546,0.0,0.0,3.9772727272727275,0.0,0.5681818181818182,0.0,0.0
0.0,0.0,0.46153846153846156,0.8461538461538461,0.8461538461538461,18.330000000000002,0.0,0.0,9.090909090909092,4.545454545454546,0.0,0.0,0.0,0.0,0.022556390977443608,0.007575757575757576,0.41044776119402987,0.7089552238805971,0.7734285714285715,119.56034482758622,4.294478527607362,0.0,0.0,3.6809815950920246,0.0,0.6134969325153374,0.6134969325153374,0.0
0.0,0.0,0.6666666666666666,1.0,1.0,,7.142857142857143,0.0,0.0,7.142857142857143,0.0,0.0,0.0,0.0,0.0,0.0,0.46153846153846156,0.7342657342657343,0.8015909090909091,150.67684210526318,3.571428571428571,0.0,0.0,3.571428571428571,0.0,0.0,0.0,0.0
0.019230769230769232,0.0,0.5660377358490566,0.8113207547169812,0.8113207547169812,78.65200000000003,3.3333333333333335,0.0,1.6666666666666667,0.0,0.0,0.0,0.0,0.0,0.024390243902439025,0.0,0.4274193548387097,0.782258064516129,0.83,159.45481481481482,4.72972972972973,0.0,0.0,2.7027027027027026,0.0,0.0,0.0,0.0
0.0,0.0,0.5394736842105263,0.7894736842105263,0.7894736842105263,101.08000000000003,9.195402298850574,0.0,0.0,4.597701149425287,0.0,1.1494252873563218,0.0,1.1494252873563218,0.0,0.0,0.4166666666666667,0.7708333333333334,0.7708333333333334,117.29454545454549,6.140350877192982,0.0,0.0,2.631578947368421,0.0,0.0,0.0,0.0
0.0,0.0,0.5945945945945946,0.7567567567567568,0.7567567567567568,42.59111111111112,7.317073170731707,0.0,0.0,0.0,0.0,2.4390243902439024,0.0,0.0,0.013605442176870748,0.0,0.39864864864864863,0.7432432432432432,0.7959183673469388,161.3978947368421,3.7433155080213907,0.0,1.0695187165775402,2.6737967914438503,0.0,1.0695187165775402,0.5347593582887701,0.0
0.0,0.0,0.0,1.0,1.0,,0.0,0.0,33.333333333333336,0.0,0.0,0.0,0.0,0.0,0.02857142857142857,0.0,0.46808510638297873,0.6808510638297872,0.745952380952381,105.30793441663006,4.242424242424242,0.0,0.0,3.6363636363636367,0.0,0.0,0.0,0.0
0.05555555555555555,0.0,0.47368421052631576,0.8421052631578947,0.8421052631578947,33.69333333333333,10.0,0.0,0.0,0.0,0.0,0.0,0.0,0.0,0.0,0.0,0.4496124031007752,0.751937984496124,0.7570000000000001,145.60875000000001,4.487179487179487,0.0,0.0,3.2051282051282053,0.0,0.6410256410256411,0.0,0.0
0.0,0.0,0.5,0.9473684210526315,0.9473684210526315,202.15999999999983,6.818181818181818,0.0,0.0,2.272727272727273,0.0,0.0,0.0,0.0,0.0,0.0,0.4224137931034483,0.7413793103448276,0.7447058823529412,125.58933333333336,3.6496350364963503,0.0,0.0,2.18978102189781,0.0,0.0,0.7299270072992701,0.0
0.0,0.0,0.6829268292682927,0.7804878048780488,0.7804878048780488,52.297777777777796,8.88888888888889,0.0,0.0,2.2222222222222223,0.0,0.0,0.0,0.0,0.023622047244094488,0.007936507936507936,0.3984375,0.7421875,0.7734482758620689,139.0157575757576,4.487179487179487,0.0,0.0,3.8461538461538467,0.0,1.2820512820512822,0.0,0.0
0.0,0.0,0.4375,1.0,1.0,16.0,10.0,0.0,5.0,0.0,0.0,0.0,0.0,0.0,0.016,0.0,0.42857142857142855,0.7380952380952381,0.7514814814814814,134.7054545454546,4.605263157894737,0.0,0.0,3.2894736842105265,0.0,0.6578947368421053,0.6578947368421053,0.0
0.0,0.0,0.5161290322580645,0.967741935483871,0.967741935483871,269.08000000000027,2.5641025641025643,0.0,7.692307692307693,5.128205128205129,0.0,2.5641025641025643,0.0,0.0,0.0,0.0,0.45,0.7428571428571429,0.8102439024390246,152.44444444444449,4.761904761904762,0.0,0.0,2.9761904761904763,0.0,1.7857142857142856,0.0,0.0
0.025,0.0,0.5853658536585366,0.8536585365853658,0.8536585365853658,78.44666666666666,6.666666666666667,0.0,0.0,0.0,0.0,0.0,0.0,0.0,0.022900763358778626,0.007692307692307693,0.4166666666666667,0.7424242424242424,0.7684848484848485,143.49176470588236,4.848484848484849,0.0,0.0,3.0303030303030303,0.0,0.6060606060606061,0.0,0.0
0.0,0.0,0.5789473684210527,1.0,1.0,19.0,4.166666666666667,0.0,0.0,8.333333333333334,0.0,0.0,0.0,0.0,0.00847457627118644,0.0,0.4117647058823529,0.7478991596638656,0.7725,132.16933333333336,5.633802816901408,0.0,0.0,2.816901408450704,0.0,0.704225352112676,0.704225352112676,0.0
0.0,0.0,0.0,1.0,1.0,,50.0,0.0,0.0,0.0,0.0,0.0,0.0,0.0,0.0326530612244898,0.0,0.4634146341463415,0.6544715447154471,0.8118367346938775,157.03277252729347,4.635761589403974,0.0,0.0,3.9735099337748347,0.0,0.6622516556291391,0.33112582781456956,0.0
0.0,0.0,0.5555555555555556,1.0,1.0,,0.0,10.0,0.0,0.0,0.0,0.0,0.0,0.0,0.019736842105263157,0.0,0.477124183006536,0.673202614379085,0.7668518518518519,123.12667924739823,4.639175257731958,0.0,0.5154639175257731,6.185567010309278,0.0,1.0309278350515463,0.0,0.0
0.0,0.0,0.5,0.9166666666666666,0.9166666666666666,80.63999999999997,9.677419354838708,0.0,0.0,9.677419354838708,0.0,0.0,0.0,0.0,0.041666666666666664,0.0,0.47107438016528924,0.6859504132231405,0.7168181818181818,98.32523862998316,3.184713375796178,0.0,0.6369426751592356,5.095541401273885,0.0,1.2738853503184713,0.0,0.0
0.0,0.0,0.0,0.0,0.0,,200.0,0.0,0.0,0.0,0.0,100.0,0.0,0.0,0.023529411764705882,0.0,0.5116279069767442,0.7674418604651163,0.7674418604651163,103.54400000000003,4.464285714285714,0.0,0.8928571428571429,5.357142857142858,0.0,0.0,0.0,0.0
0.0,0.0,0.5,1.0,1.0,,10.0,0.0,0.0,10.0,0.0,0.0,0.0,0.0,0.010638297872340425,0.0,0.4421052631578947,0.7894736842105263,0.7894736842105263,126.35000000000002,3.3333333333333335,0.0,0.8333333333333334,4.166666666666667,0.0,0.8333333333333334,0.0,0.0
0.0,0.0,0.5,1.0,1.0,,25.0,12.5,0.0,0.0,0.0,0.0,0.0,0.0,0.0,0.0,0.4083333333333333,0.8166666666666667,0.842857142857143,183.27272727272728,3.2679738562091503,0.0,0.6535947712418301,3.9215686274509807,0.0,1.3071895424836601,0.0,0.0
0.0,0.0,0.6666666666666666,1.0,1.0,,12.5,0.0,0.0,12.5,0.0,0.0,0.0,0.0,0.01904761904761905,0.0,0.42452830188679247,0.7735849056603774,0.7685714285714285,131.0866666666667,3.0303030303030303,0.0,0.0,4.545454545454545,0.0,0.7575757575757576,0.0,0.0
0.0,0.0,0.40476190476190477,0.8333333333333334,0.8333333333333334,70.56000000000003,1.9230769230769231,1.9230769230769231,0.0,3.8461538461538463,0.0,0.0,0.0,0.0,0.0,0.0,0.4421052631578947,0.8315789473684211,0.8315789473684211,157.93750000000003,4.310344827586206,0.0,0.0,3.4482758620689653,0.0,0.8620689655172413,0.0,0.0
0.0,0.0,0.6,1.0,1.0,10.0,27.77777777777778,0.0,5.555555555555555,11.11111111111111,0.0,0.0,0.0,0.0,0.04032258064516129,0.008130081300813009,0.448,0.688,0.7180769230769232,116.27094972067039,3.7267080745341614,0.0,0.6211180124223602,4.3478260869565215,0.0,1.8633540372670807,0.6211180124223602,0.0
0.0,0.0,0.5454545454545454,1.0,1.0,11.0,0.0,7.142857142857143,0.0,14.285714285714286,0.0,0.0,0.0,0.0,0.009615384615384616,0.0,0.45714285714285713,0.780952380952381,0.785,134.21739130434784,3.937007874015748,0.0,0.7874015748031497,2.362204724409449,0.0,0.7874015748031497,0.7874015748031497,0.0
0.0,0.0,0.0,0.0,0.0,,100.0,0.0,0.0,0.0,0.0,0.0,0.0,0.0,0.009345794392523364,0.0,0.4351851851851852,0.7870370370370371,0.798888888888889,141.9965217391305,2.9197080291970803,0.0,0.7299270072992701,5.10948905109489,0.0,0.0,0.7299270072992701,0.0
0.0,0.0,0.5454545454545454,1.0,1.0,11.0,25.0,0.0,8.333333333333334,0.0,0.0,8.333333333333334,0.0,0.0,0.0,0.0,0.40404040404040403,0.8181818181818182,0.8181818181818182,152.46000000000006,3.2,0.0,0.8,4.0,0.0,0.0,0.8,0.0
0.0,0.0,0.6470588235294118,0.7843137254901961,0.7843137254901961,66.20727272727274,3.7037037037037037,0.0,0.0,1.8518518518518519,0.0,0.0,0.0,0.0,0.026737967914438502,0.0,0.5372340425531915,0.6223404255319149,0.7451685393258425,94.88389206868356,3.1531531531531534,0.0,0.0,4.054054054054054,0.0,0.0,0.0,0.0
0.0,0.0,0.5254237288135594,0.7966101694915254,0.7966101694915254,81.22333333333333,5.555555555555555,0.0,0.0,2.7777777777777777,0.0,0.0,0.0,0.0,0.030612244897959183,0.0,0.5685279187817259,0.5989847715736041,0.6646938775510204,81.09452783583507,3.0973451327433628,0.0,0.0,2.6548672566371683,0.0,0.4424778761061947,0.0,0.0
0.0,0.0,0.48484848484848486,0.8484848484848485,0.8484848484848485,121.96800000000003,10.126582278481013,1.2658227848101267,1.2658227848101267,3.79746835443038,0.0,0.0,0.0,0.0,0.02197802197802198,0.0,0.5300546448087432,0.6120218579234973,0.7247619047619047,102.59327822358567,3.349282296650718,0.0,0.0,2.3923444976076556,0.0,0.0,0.0,0.0
0.0,0.0,0.47058823529411764,0.9411764705882353,0.9411764705882353,80.91999999999999,0.0,0.0,10.526315789473685,0.0,0.0,0.0,0.0,0.0,0.035842293906810034,0.007194244604316547,0.49642857142857144,0.625,0.7582320441988951,144.5998940116587,4.683195592286501,0.0,0.27548209366391185,3.8567493112947657,0.0,0.5509641873278237,0.0,0.0
0.04310344827586207,0.017391304347826087,0.5384615384615384,0.717948717948718,0.7161111111111111,106.84375,15.671641791044777,0.0,2.238805970149254,0.746268656716418,0.0,0.0,0.0,3.7313432835820897,0.018518518518518517,0.0,0.46863468634686345,0.5867158671586716,0.7099418604651163,85.92272454899076,5.3731343283582085,0.0,0.29850746268656714,2.9850746268656714,0.0,1.1940298507462686,0.0,0.0
0.0,0.0,0.4642857142857143,0.9285714285714286,0.9285714285714286,109.76000000000008,3.3333333333333335,0.0,3.3333333333333335,0.0,0.0,0.0,0.0,0.0,0.03103448275862069,0.0,0.5051546391752577,0.5979381443298969,0.7447395833333333,108.47833874585692,4.419889502762431,0.0,0.0,3.3149171270718236,0.0,0.8287292817679559,0.0,0.0
0.02040816326530612,0.0,0.56,0.76,0.76,48.43272171253823,1.7543859649122806,0.0,0.0,7.017543859649122,0.0,0.0,0.0,0.0,0.01858736059479554,0.0037313432835820895,0.45925925925925926,0.6259259259259259,0.7712865497076022,135.63153549807376,5.357142857142857,0.0,0.0,3.571428571428571,0.0,0.5952380952380952,0.0,0.0
0.021739130434782608,0.01098901098901099,0.5268817204301075,0.7204301075268817,0.7204301075268817,93.07153846153847,6.930693069306931,0.0,0.0,0.9900990099009901,0.0,0.0,0.0,0.0,0.032846715328467155,0.0,0.45454545454545453,0.610909090909091,0.7739204545454546,122.97535211267606,4.5584045584045585,0.0,0.2849002849002849,4.273504273504273,0.0,1.4245014245014245,0.5698005698005698,0.0
0.0,0.0,0.5172413793103449,0.896551724137931,0.896551724137931,78.49333333333335,2.857142857142857,0.0,2.857142857142857,5.714285714285714,0.0,0.0,0.0,0.0,0.028268551236749116,0.0,0.4894366197183099,0.5809859154929577,0.7314594594594594,103.59816330485859,4.545454545454546,0.0,0.0,3.1250000000000004,0.0,1.4204545454545456,0.0,0.0
0.0,0.0,0.5357142857142857,0.8571428571428571,0.8571428571428571,54.87999999999999,3.3333333333333335,0.0,0.0,3.3333333333333335,0.0,0.0,0.0,0.0,0.07530120481927711,0.012084592145015106,0.5135135135135135,0.5645645645645646,0.7356410256410256,115.10210430610479,4.6913580246913575,0.0,0.24691358024691357,2.962962962962963,0.0,0.7407407407407407,0.0,0.0
0.0,0.0,0.5454545454545454,0.9090909090909091,0.9090909090909091,67.75999999999999,8.333333333333334,0.0,0.0,0.0,0.0,0.0,0.0,0.0,0.023890784982935155,0.003424657534246575,0.48639455782312924,0.5918367346938775,0.7357948717948718,109.15991106253355,4.545454545454546,0.0,0.26737967914438504,4.278074866310161,0.0,1.0695187165775402,0.0,0.0
0.0,0.0,0.5151515151515151,0.8181818181818182,0.8181818181818182,101.64000000000003,5.555555555555555,0.0,0.0,1.3888888888888888,0.0,0.0,0.0,0.0,0.04132231404958678,0.0,0.5020576131687243,0.5843621399176955,0.7227083333333333,90.91023260493748,5.0,0.0,0.3333333333333333,3.6666666666666665,0.0,0.6666666666666666,0.0,0.0
0.0,0.0,0.35714285714285715,1.0,1.0,14.0,0.0,0.0,6.666666666666667,0.0,0.0,0.0,0.0,0.0,0.03007518796992481,0.0037735849056603774,0.4943820224719101,0.5730337078651685,0.734642857142857,97.85882995279573,4.2682926829268295,0.0,0.6097560975609756,4.878048780487805,0.0,0.6097560975609756,0.0,0.0
0.0,0.0,0.34,0.84,0.84,87.49999999999999,5.172413793103448,0.0,1.7241379310344827,6.896551724137931,0.0,0.0,0.0,0.0,0.044585987261146494,0.003194888178913738,0.48253968253968255,0.5714285714285714,0.7185185185185184,99.65376782077394,5.343511450381679,0.0,0.2544529262086514,4.325699745547074,0.0,0.7633587786259541,0.0,0.0
0.034482758620689655,0.008695652173913044,0.5384615384615384,0.6324786324786325,0.6583333333333333,56.61457717327026,3.053435114503817,0.0,3.053435114503817,1.5267175572519085,0.0,0.0,0.0,0.0,0.03272727272727273,0.0036496350364963502,0.4673913043478261,0.6086956521739131,0.7791525423728813,138.32530120481928,4.941860465116279,0.0,0.29069767441860467,3.1976744186046515,0.0,0.872093023255814,0.0,0.0
0.017857142857142856,0.0,0.5263157894736842,0.8070175438596491,0.8070175438596491,82.70181818181817,4.918032786885246,0.0,0.0,1.639344262295082,0.0,0.0,0.0,0.0,0.02962962962962963,0.0,0.5129151291512916,0.5830258302583026,0.7055232558139535,92.01185900835713,4.191616766467066,0.0,0.2994011976047904,3.592814371257485,0.0,0.0,0.0,0.0
0.0,0.0,0.49230769230769234,0.8153846153846154,0.8153846153846154,98.58333333333333,2.5974025974025974,0.0,1.2987012987012987,9.09090909090909,0.0,0.0,0.0,0.0,0.05985915492957746,0.014134275618374558,0.4982456140350877,0.5473684210526316,0.6961827956989246,96.28091908263829,4.034582132564841,0.0,0.0,2.881844380403458,0.0,0.5763688760806917,0.2881844380403458,0.0
0.0,0.0,0.52,0.92,0.92,87.50000000000006,6.896551724137931,0.0,0.0,6.896551724137931,0.0,0.0,0.0,0.0,0.033210332103321034,0.0,0.5073529411764706,0.6066176470588235,0.7380346820809249,106.92457420924575,3.869047619047619,0.0,0.0,3.869047619047619,0.0,0.8928571428571428,0.0,0.0
0.0,0.0,0.46296296296296297,0.8703703703703703,0.8703703703703703,116.64,3.1746031746031744,0.0,0.0,1.5873015873015872,0.0,0.0,0.0,0.0,0.03597122302158273,0.0036101083032490976,0.4946236559139785,0.5842293906810035,0.763611111111111,126.08653846153845,4.437869822485207,0.0,0.591715976331361,2.9585798816568047,0.0,0.2958579881656805,0.0,0.0
0.06896551724137931,0.03571428571428571,0.3333333333333333,0.7666666666666667,0.7666666666666667,33.00000000000001,13.513513513513512,0.0,2.7027027027027026,2.7027027027027026,0.0,0.0,0.0,2.7027027027027026,0.022935779816513763,0.0,0.4794520547945205,0.680365296803653,0.7575833333333333,128.7848593362001,5.0359712230215825,0.0,0.0,4.316546762589928,0.0,0.7194244604316546,0.0,0.0
0.06666666666666667,0.0,0.25,0.8125,0.8125,15.946666666666667,0.0,0.0,0.0,0.0,0.0,0.0,0.0,0.0,0.04716981132075472,0.009478672985781991,0.48826291079812206,0.6150234741784038,0.7059649122807018,100.54486547791203,4.905660377358491,0.0,0.0,3.7735849056603774,0.0,0.7547169811320755,0.0,0.0
0.0,0.0,0.6071428571428571,0.8928571428571429,0.8928571428571429,73.17333333333337,9.677419354838708,0.0,3.225806451612903,3.225806451612903,0.0,0.0,0.0,3.225806451612903,0.04602510460251046,0.008403361344537815,0.4625,0.6291666666666667,0.7291489361702127,113.65717327655045,4.3624161073825505,0.0,0.0,4.697986577181208,0.0,0.33557046979865773,0.6711409395973155,0.0
0.0,0.0,0.4,1.0,1.0,10.0,7.6923076923076925,0.0,0.0,0.0,0.0,0.0,0.0,0.0,0.026923076923076925,0.003861003861003861,0.4942528735632184,0.5823754789272031,0.7187037037037037,94.91929998126727,5.828220858895706,0.0,0.0,3.6809815950920246,0.0,0.6134969325153374,0.0,0.0
0.0,0.0,0.5555555555555556,0.8888888888888888,0.8888888888888888,113.39999999999996,3.9215686274509802,3.9215686274509802,0.0,1.9607843137254901,0.0,0.0,0.0,0.0,0.0319634703196347,0.0045871559633027525,0.4681818181818182,0.65,0.747520661157025,125.46675562775587,5.474452554744525,0.0,0.0,4.014598540145985,0.0,0.7299270072992701,0.0,0.0
0.0,0.0,0.5245901639344263,0.7295081967213115,0.7778260869565218,126.28848484848488,4.411764705882353,2.9411764705882355,0.0,2.9411764705882355,0.0,0.0,0.0,0.0,0.03985507246376811,0.0,0.48375451263537905,0.5740072202166066,0.7404494382022473,107.52405781050138,4.297994269340974,0.0,0.28653295128939826,4.011461318051576,0.0,1.146131805157593,0.0,0.0
0.0,0.0,0.3888888888888889,0.8888888888888888,0.8888888888888888,45.359999999999985,14.285714285714285,0.0,0.0,0.0,0.0,0.0,0.0,0.0,0.031496062992125984,0.003952569169960474,0.5254901960784314,0.6039215686274509,0.7522435897435897,116.94536423841059,4.635761589403974,0.0,0.33112582781456956,2.6490066225165565,0.0,0.9933774834437087,0.0,0.0
0.0,0.0,0.36666666666666664,0.9666666666666667,0.9666666666666667,252.00000000000009,5.714285714285714,0.0,0.0,5.714285714285714,0.0,0.0,0.0,0.0,0.030100334448160536,0.0,0.47333333333333333,0.5966666666666667,0.7464179104477612,112.45316765977802,4.450261780104712,0.0,0.0,2.8795811518324608,0.0,1.3089005235602094,0.0,0.0
0.0,0.0,0.48717948717948717,0.7692307692307693,0.7692307692307693,47.320000000000014,4.761904761904762,0.0,0.0,2.380952380952381,0.0,0.0,0.0,0.0,0.028,0.0,0.5219123505976095,0.5976095617529881,0.7294078947368421,94.27980831125441,5.015673981191223,0.0,0.0,5.6426332288401255,0.0,0.6269592476489029,0.0,0.0
0.015384615384615385,0.0,0.5,0.7424242424242424,0.7424242424242424,71.74588235294118,3.8461538461538467,0.0,0.0,2.5641025641025643,0.0,0.0,0.0,0.0,0.01809954751131222,0.004545454545454545,0.44594594594594594,0.6846846846846847,0.7696747967479675,142.34328306981212,5.0359712230215825,0.0,0.0,3.9568345323741005,0.0,0.7194244604316546,0.0,0.0
0.032,0.016129032258064516,0.30952380952380953,0.7698412698412699,0.8370370370370368,153.28551724137935,4.97737556561086,0.0,0.0,9.95475113122172,0.0,10.407239819004525,0.0,0.0,0.012658227848101266,0.00423728813559322,0.5,0.6638655462184874,0.7907913669064748,143.66688597693587,4.983388704318937,0.0,0.33222591362126247,3.98671096345515,0.0,0.6644518272425249,0.0,0.0
0.07926829268292683,0.012269938650306749,0.509090909090909,0.5636363636363636,0.6493939393939393,67.04335129080435,3.389830508474576,0.0,0.0,3.389830508474576,0.0,0.0,0.0,0.0,0.03676470588235294,0.0,0.5091575091575091,0.5860805860805861,0.7170114942528736,89.22646946658794,4.518072289156627,0.0,0.6024096385542169,3.6144578313253017,0.0,0.9036144578313254,0.30120481927710846,0.0
0.0,0.0,0.3181818181818182,0.9545454545454546,0.9545454545454546,135.52000000000015,0.0,14.705882352941178,5.882352941176471,8.823529411764707,0.0,0.0,0.0,0.0,0.020618556701030927,0.0051813471502590676,0.5384615384615384,0.6564102564102564,0.7365625000000001,107.27151236837857,5.220883534136546,0.0,0.0,2.8112449799196786,0.0,1.2048192771084336,0.0,0.0
0.0,0.0,0.25,1.0,1.0,20.0,12.5,4.166666666666667,0.0,0.0,0.0,0.0,0.0,0.0,0.015748031496062992,0.0,0.4980392156862745,0.6,0.7612820512820513,120.05257009345794,4.3343653250774,0.0,0.0,4.024767801857585,0.0,0.9287925696594428,0.0,0.0
0.0,0.0,0.0,1.0,1.0,,0.0,0.0,0.0,0.0,0.0,0.0,0.0,0.0,0.008,0.0,0.42063492063492064,0.7857142857142857,0.8196296296296296,164.64000000000001,5.813953488372094,0.0,0.0,4.651162790697675,0.0,0.0,2.906976744186047,0.0
0.0,0.0,0.3333333333333333,0.9629629629629629,0.9629629629629629,204.11999999999972,6.0606060606060606,3.0303030303030303,6.0606060606060606,3.0303030303030303,0.0,0.0,0.0,0.0,0.013245033112582781,0.0,0.4276315789473684,0.7697368421052632,0.8258490566037737,184.83200000000002,5.909090909090909,0.0,0.0,5.0,0.0,0.9090909090909091,1.8181818181818181,0.0
0.03201970443349754,0.0,0.457002457002457,0.5896805896805897,0.803961038961039,172.08621987951807,4.661016949152542,0.211864406779661,0.211864406779661,3.389830508474576,0.0,0.211864406779661,0.0,0.0,0.0,0.0,0.39655172413793105,0.8017241379310345,0.8158823529411765,163.81217391304347,7.453416149068323,0.0,0.0,4.3478260869565215,0.0,0.0,3.105590062111801,0.0
0.0,0.0,0.43636363636363634,0.9272727272727272,0.9272727272727272,211.74999999999994,8.571428571428571,2.857142857142857,1.4285714285714286,1.4285714285714286,0.0,1.4285714285714286,0.0,0.0,0.008264462809917356,0.0,0.4180327868852459,0.7950819672131147,0.8278260869565217,166.70080000000002,4.733727810650888,0.0,0.0,5.9171597633136095,0.0,0.591715976331361,2.366863905325444,0.0
0.0,0.0,0.3888888888888889,1.0,1.0,18.0,5.2631578947368425,0.0,0.0,0.0,0.0,0.0,0.0,0.0,0.007042253521126761,0.0,0.42657342657342656,0.7342657342657343,0.7729545454545454,150.67684210526318,5.777777777777778,0.0,0.0,5.333333333333333,0.0,0.8888888888888888,2.2222222222222223,0.0
0.0,0.0,0.4126984126984127,0.8888888888888888,0.8888888888888888,158.75999999999993,2.5974025974025974,3.896103896103896,6.4935064935064934,1.2987012987012987,0.0,0.0,0.0,0.0,0.022556390977443608,0.0,0.43283582089552236,0.753731343283582,0.7882857142857143,152.35393939393938,5.5,0.0,0.0,4.5,0.0,0.0,2.5,0.0
0.05555555555555555,0.0,0.47368421052631576,0.8947368421052632,0.8947368421052632,50.54000000000001,4.166666666666667,4.166666666666667,0.0,4.166666666666667,0.0,0.0,0.0,0.0,0.03508771929824561,0.0,0.4,0.7739130434782608,0.789375,142.42307692307693,6.024096385542169,0.0,0.6024096385542169,4.216867469879518,0.0,0.0,3.0120481927710845,0.0
0.0,0.0,0.5057471264367817,0.7471264367816092,0.7471264367816092,84.62752868490732,3.1914893617021276,1.0638297872340425,0.0,3.1914893617021276,0.0,0.0,0.0,0.0,0.0,0.0,0.4090909090909091,0.8,0.8118181818181818,154.00000000000006,3.870967741935484,0.0,0.0,5.806451612903226,0.0,1.2903225806451613,2.5806451612903225,0.0
0.03560830860534125,0.002976190476190476,0.5,0.5443786982248521,0.7540585774058578,116.9090037305165,5.974025974025974,0.0,0.0,3.1168831168831166,0.0,0.0,0.0,0.5194805194805194,0.03361344537815126,0.0,0.45,0.7666666666666667,0.8047619047619047,144.00000000000006,5.7142857142857135,0.0,0.0,5.7142857142857135,0.0,0.5714285714285714,2.8571428571428568,0.0
0.0,0.0,0.2857142857142857,1.0,1.0,14.0,0.0,5.2631578947368425,0.0,0.0,0.0,0.0,0.0,0.0,0.0,0.0,0.33653846153846156,0.8173076923076923,0.8160000000000001,159.39368421052632,6.164383561643835,0.0,1.36986301369863,2.73972602739726,0.0,0.0,3.4246575342465753,0.0
0.0,0.0,0.6428571428571429,1.0,1.0,14.0,0.0,5.555555555555555,0.0,0.0,5.555555555555555,0.0,0.0,0.0,0.009345794392523364,0.0,0.4166666666666667,0.8240740740740741,0.8255555555555555,171.8905263157895,6.7114093959731544,0.0,0.0,3.3557046979865772,0.0,1.342281879194631,2.684563758389262,0.0
0.0,0.0,0.48,0.88,0.88,58.33333333333334,20.689655172413794,0.0,0.0,0.0,0.0,3.4482758620689653,0.0,0.0,0.0,0.0,0.37398373983739835,0.8211382113821138,0.8504166666666665,192.55090909090913,6.470588235294118,0.0,0.0,5.294117647058823,0.0,0.0,2.9411764705882355,0.0
0.0,0.0,0.53125,0.90625,0.90625,95.57333333333334,8.333333333333332,0.0,0.0,2.7777777777777777,0.0,0.0,0.0,0.0,0.008333333333333333,0.0,0.4132231404958678,0.7933884297520661,0.8304545454545454,163.97920000000005,5.291005291005291,0.0,0.0,4.761904761904762,0.0,1.0582010582010581,2.1164021164021163,0.0
0.0,0.0,0.0,1.0,1.0,,33.333333333333336,0.0,0.0,0.0,0.0,0.0,0.0,0.0,0.006802721088435374,0.0,0.4189189189189189,0.7364864864864865,0.8016326530612246,157.2594871794872,8.374384236453203,0.0,0.0,3.4482758620689657,0.0,0.0,0.0,0.0
0.0,0.0,0.3076923076923077,1.0,1.0,13.0,13.333333333333334,0.0,0.0,0.0,0.0,0.0,0.0,0.0,0.024390243902439025,0.0,0.43636363636363634,0.703030303030303,0.7584848484848487,143.91104294478527,7.456140350877193,0.0,0.0,3.9473684210526314,0.0,0.8771929824561403,0.0,0.0
0.0,0.0,0.4222222222222222,0.8888888888888888,0.8888888888888888,113.39999999999996,7.407407407407407,0.0,0.0,3.7037037037037037,0.0,0.0,0.0,0.0,0.010638297872340425,0.0,0.3263157894736842,0.8105263157894737,0.8105263157894737,140.38888888888889,7.352941176470589,0.0,0.0,5.147058823529412,0.0,0.0,3.6764705882352944,0.0
0.0,0.0,0.125,1.0,1.0,,0.0,0.0,0.0,0.0,0.0,0.0,0.0,0.0,0.0,0.0,0.45255474452554745,0.7299270072992701,0.7805263157894737,142.0356756756757,5.660377358490566,0.0,0.0,4.245283018867925,0.0,0.9433962264150944,1.8867924528301887,0.0
0.0,0.0,0.35294117647058826,1.0,1.0,17.0,5.2631578947368425,0.0,0.0,0.0,0.0,0.0,0.0,0.0,0.02666666666666667,0.013422818791946308,0.48344370860927155,0.7549668874172185,0.7959615384615382,172.5481081081081,6.565656565656566,0.0,0.5050505050505051,2.5252525252525255,0.0,0.5050505050505051,0.0,0.0
0.011904761904761904,0.0,0.378698224852071,0.6804733727810651,0.7091428571428572,106.18411967779056,3.864734299516908,0.0,0.0,2.4154589371980677,0.4830917874396135,0.966183574879227,0.0,0.0,0.025974025974025976,0.006535947712418301,0.43870967741935485,0.7612903225806451,0.8403571428571429,181.8108108108108,4.867256637168142,0.0,0.0,3.5398230088495577,0.0,0.8849557522123894,2.212389380530974,0.0
0.0,0.0,0.35714285714285715,1.0,1.0,14.0,0.0,0.0,0.0,0.0,0.0,0.0,0.0,0.0,0.0,0.0,0.425,0.8083333333333333,0.8385714285714285,175.304347826087,6.285714285714286,0.0,0.0,4.571428571428571,0.0,0.0,2.8571428571428568,0.0
0.0,0.0,0.5,0.875,0.875,53.760000000000005,3.4482758620689653,3.4482758620689653,0.0,0.0,0.0,3.4482758620689653,0.0,0.0,0.0,0.0,0.44,0.792,0.8176923076923076,168.2692307692308,5.524861878453039,0.0,0.0,4.972375690607735,0.0,0.5524861878453039,2.2099447513812156,0.0
0.0,0.0,0.3333333333333333,0.9523809523809523,0.9523809523809523,123.47999999999988,8.695652173913043,0.0,0.0,0.0,0.0,0.0,0.0,0.0,0.0,0.0,0.4154929577464789,0.8309859154929577,0.8502325581395349,235.24666666666667,5.0761421319796955,0.0,0.0,5.583756345177664,0.0,0.5076142131979695,2.5380710659898478,0.0
0.047619047619047616,0.024390243902439025,0.37209302325581395,0.8604651162790697,0.8604651162790697,86.28666666666666,1.8181818181818181,5.454545454545454,0.0,9.09090909090909,0.0,1.8181818181818181,0.0,0.0,0.014184397163120567,0.0,0.4295774647887324,0.7535211267605634,0.7886046511627908,161.312,4.265402843601896,0.0,0.0,5.213270142180095,0.0,0.9478672985781991,1.8957345971563981,0.0
0.0,0.0,0.22727272727272727,0.8636363636363636,0.8636363636363636,90.34666666666668,2.127659574468085,0.0,0.0,2.127659574468085,0.0,2.127659574468085,0.0,0.0,0.008264462809917356,0.0,0.3770491803278688,0.7377049180327869,0.78,97.34391509433965,5.263157894736842,0.0,0.0,4.7368421052631575,0.0,1.0526315789473684,2.1052631578947367,0.0
0.0,0.0,0.4,0.9,0.9,112.00000000000003,3.8461538461538463,0.0,0.0,1.9230769230769231,0.0,0.0,0.0,0.0,0.022058823529411766,0.007407407407407408,0.48175182481751827,0.7153284671532847,0.7563157894736842,121.77777777777779,8.205128205128204,0.0,0.0,4.615384615384615,0.0,0.5128205128205128,0.0,0.0
0.0,0.0,0.3,0.95,0.95,111.99999999999991,16.666666666666668,0.0,0.0,0.0,0.0,0.0,0.0,0.0,0.008,0.0,0.42063492063492064,0.746031746031746,0.7785185185185185,138.91500000000002,7.6923076923076925,0.0,0.0,1.775147928994083,0.0,0.591715976331361,0.0,0.0
0.0,0.0,0.2857142857142857,1.0,1.0,,0.0,11.11111111111111,0.0,0.0,0.0,0.0,0.0,0.0,0.018691588785046728,0.0,0.4074074074074074,0.8518518518518519,0.8566666666666666,204.12,6.395348837209303,0.0,0.0,4.069767441860465,0.0,0.0,2.906976744186047,0.0
0.0,0.0,0.25,1.0,1.0,,20.0,0.0,0.0,0.0,0.0,0.0,0.0,0.0,0.014598540145985401,0.0,0.391304347826087,0.7608695652173914,0.8210256410256408,119.58439393939395,7.853403141361256,0.0,0.0,5.7591623036649215,0.0,1.5706806282722514,0.0,0.0
0.0,0.0,0.25,1.0,1.0,,0.0,0.0,0.0,0.0,0.0,0.0,0.0,0.0,0.007692307692307693,0.0,0.37404580152671757,0.8091603053435115,0.8568749999999999,192.20320000000004,6.878306878306878,0.0,0.0,4.761904761904762,0.0,0.0,2.6455026455026456,0.0
0.0,0.0,0.2222222222222222,1.0,1.0,,0.0,9.090909090909092,0.0,9.090909090909092,0.0,0.0,0.0,0.0,0.014705882352941176,0.0,0.4233576642335766,0.7883211678832117,0.8184210526315789,181.21793103448283,5.263157894736842,0.0,0.0,5.789473684210526,0.0,1.0526315789473684,2.1052631578947367,0.0
0.0,0.0,0.25,1.0,1.0,,0.0,0.0,11.11111111111111,0.0,0.0,0.0,0.0,0.0,0.007692307692307693,0.0,0.4732824427480916,0.732824427480916,0.763125,137.288,3.821656050955414,0.0,0.0,5.732484076433121,0.0,0.0,0.0,0.0
0.0,0.0,0.4117647058823529,0.9411764705882353,0.9411764705882353,80.91999999999999,10.0,0.0,0.0,5.0,0.0,0.0,0.0,0.0,0.009259259259259259,0.0,0.44036697247706424,0.7798165137614679,0.7790000000000001,138.61166666666668,3.90625,0.0,0.0,5.46875,0.0,0.78125,0.78125,0.0
0.0,0.0,0.8,0.9333333333333333,0.9333333333333333,63.00000000000002,0.0,0.0,6.25,0.0,0.0,0.0,0.0,0.0,0.0,0.0,0.45454545454545453,0.8409090909090909,0.8409090909090909,154.88000000000005,4.761904761904762,0.0,0.0,6.666666666666666,0.0,0.0,0.0,0.0
0.0,0.0,0.5227272727272727,0.7727272727272727,0.7727272727272727,38.104,8.333333333333334,0.0,0.0,0.0,0.0,0.0,0.0,0.0,0.016129032258064516,0.0,0.488,0.736,0.7792307692307693,132.5757575757576,4.666666666666666,0.0,0.0,6.666666666666666,0.0,0.6666666666666666,0.0,0.0
0.0,0.0,0.5454545454545454,1.0,1.0,11.0,0.0,0.0,8.333333333333334,0.0,0.0,0.0,0.0,0.0,0.016260162601626018,0.0,0.5564516129032258,0.7096774193548387,0.7340000000000001,115.34078212290504,4.929577464788732,0.0,0.0,3.52112676056338,0.0,0.0,0.0,0.0
0.0,0.0,0.5263157894736842,0.9473684210526315,0.9473684210526315,101.07999999999991,4.545454545454546,0.0,4.545454545454546,4.545454545454546,0.0,0.0,0.0,0.0,0.029411764705882353,0.0,0.4368932038834951,0.7572815533980582,0.7625,118.8208,4.201680672268908,0.0,0.0,4.201680672268908,0.0,1.680672268907563,0.0,0.0
0.018867924528301886,0.0,0.5925925925925926,0.8333333333333334,0.8333333333333334,90.72000000000004,5.0,0.0,0.0,3.3333333333333335,0.0,0.0,0.0,0.0,0.017391304347826087,0.0,0.47413793103448276,0.7068965517241379,0.7394117647058823,116.0,4.285714285714286,0.0,0.0,5.714285714285714,0.0,0.7142857142857143,0.0,0.0
0.046511627906976744,0.023809523809523808,0.5,0.8181818181818182,0.8181818181818182,67.76000000000002,11.76470588235294,0.0,0.0,0.0,0.0,0.0,0.0,0.0,0.008928571428571428,0.0,0.4247787610619469,0.7787610619469026,0.7849999999999999,143.0128,4.511278195488721,0.0,0.0,4.511278195488721,0.0,0.0,0.7518796992481203,0.0
0.0,0.0,0.4666666666666667,1.0,1.0,15.0,21.05263157894737,0.0,0.0,0.0,0.0,0.0,0.0,0.0,0.017241379310344827,0.0,0.4700854700854701,0.7521367521367521,0.7466666666666667,117.96718052738338,3.6231884057971016,0.0,0.0,5.072463768115942,0.0,0.7246376811594203,0.7246376811594203,0.0
0.0,0.0,0.5294117647058824,1.0,1.0,17.0,5.555555555555555,0.0,0.0,0.0,0.0,0.0,0.0,0.0,0.03305785123966942,0.004149377593360996,0.51440329218107,0.5967078189300411,0.7103472222222221,96.21589728674118,4.794520547945205,0.0,0.0,5.136986301369863,0.0,1.0273972602739725,0.0,0.0
0.0,0.0,0.3333333333333333,1.0,1.0,,0.0,0.0,14.285714285714286,0.0,0.0,0.0,0.0,0.0,0.056074766355140186,0.0,0.5023255813953489,0.6325581395348837,0.7410344827586207,111.53249459709787,6.106870229007634,0.0,0.0,4.198473282442748,0.0,0.7633587786259542,0.0,0.0
0.0,0.0,0.5714285714285714,0.9285714285714286,0.9285714285714286,54.88000000000004,0.0,0.0,6.666666666666667,0.0,0.0,0.0,0.0,0.0,0.019762845849802372,0.0,0.515748031496063,0.6220472440944882,0.7480645161290322,127.0,4.62046204620462,0.0,0.0,3.6303630363036303,0.0,0.6600660066006601,0.0,0.0
0.0,0.0,0.5,1.0,1.0,,0.0,0.0,0.0,0.0,0.0,0.0,0.0,0.0,0.045936395759717315,0.0035460992907801418,0.4964788732394366,0.5985915492957746,0.7517837837837839,114.33385086905673,4.3478260869565215,0.0,0.0,5.217391304347826,0.0,1.1594202898550725,0.0,0.0
0.05947955390334572,0.0037313432835820895,0.5185185185185185,0.5407407407407407,0.6818128654970761,70.3553603039934,4.248366013071895,1.3071895424836601,0.32679738562091504,2.287581699346405,0.0,0.32679738562091504,0.0,0.32679738562091504,0.06159420289855073,0.007272727272727273,0.516245487364621,0.6064981949458483,0.7375280898876406,120.71318493150685,5.357142857142857,0.0,0.2976190476190476,4.464285714285714,0.0,0.8928571428571428,0.2976190476190476,0.0
0.0,0.0,0.5,0.776595744680851,0.776595744680851,117.81333333333332,1.0,0.0,2.0,3.0,0.0,0.0,0.0,0.0,0.04819277108433735,0.0,0.528,0.592,0.729271523178808,95.64081408140814,5.0675675675675675,0.0,0.0,5.405405405405405,0.0,1.0135135135135136,0.0,0.0
0.03296703296703297,0.0,0.5543478260869565,0.6847826086956522,0.6847826086956522,92.0,3.9215686274509802,0.0,1.9607843137254901,1.9607843137254901,0.0,0.9803921568627451,0.0,0.0,0.04964539007092199,0.0071174377224199285,0.519434628975265,0.6042402826855123,0.7540760869565217,123.36742777260018,4.373177842565598,0.0,0.5830903790087464,3.2069970845481053,0.0,1.1661807580174928,0.2915451895043732,0.0
0.04285714285714286,0.007194244604316547,0.6028368794326241,0.6312056737588653,0.7097619047619047,78.58924504782377,4.375,1.25,0.0,3.125,0.0,0.0,0.0,0.625,0.03271028037383177,0.0,0.5069767441860465,0.6558139534883721,0.7341379310344827,107.82874617737005,5.038759689922481,0.0,0.3875968992248062,4.651162790697675,0.0,0.3875968992248062,0.0,0.0
0.0,0.0,0.5476190476190477,0.9047619047619048,0.9047619047619048,123.48000000000002,4.444444444444445,0.0,0.0,2.2222222222222223,0.0,0.0,0.0,0.0,0.06324110671936758,0.015873015873015872,0.5590551181102362,0.5787401574803149,0.742193548387097,87.49910173493481,4.605263157894737,0.0,0.32894736842105265,4.605263157894737,0.0,1.3157894736842106,0.0,0.0
0.006060606060606061,0.0,0.5,0.6987951807228916,0.7710447761194031,130.45692883895128,2.6595744680851063,1.0638297872340425,1.0638297872340425,2.127659574468085,0.0,0.0,0.0,0.0,0.013953488372093023,0.004672897196261682,0.47685185185185186,0.6574074074074074,0.7694017094017095,125.0150004531859,6.037735849056604,0.0,0.37735849056603776,5.283018867924529,0.0,0.37735849056603776,0.0,0.0
0.0273972602739726,0.013888888888888888,0.5675675675675675,0.7297297297297297,0.7297297297297297,75.332,6.024096385542169,0.0,0.0,4.819277108433735,0.0,0.0,0.0,0.0,0.048034934497816595,0.008771929824561403,0.5217391304347826,0.6347826086956522,0.7768702290076335,125.75020214221485,5.090909090909091,0.0,0.0,5.090909090909091,0.0,0.7272727272727273,0.0,0.0
0.0,0.0,0.5454545454545454,0.9696969696969697,0.9696969696969697,304.9200000000003,2.7027027027027026,0.0,2.7027027027027026,5.405405405405405,0.0,0.0,0.0,0.0,0.053003533568904596,0.0070921985815602835,0.5176056338028169,0.5880281690140845,0.7492972972972973,101.71387205324999,5.588235294117648,0.0,0.5882352941176471,4.411764705882353,0.0,0.5882352941176471,0.0,0.0
0.0,0.0,0.3333333333333333,1.0,1.0,,0.0,0.0,14.285714285714286,0.0,0.0,0.0,0.0,0.0,0.014018691588785047,0.0,0.5441860465116279,0.6325581395348837,0.7633620689655172,112.16463741686334,4.942965779467681,0.0,0.38022813688212925,6.083650190114068,0.0,0.38022813688212925,0.7604562737642585,0.0
0.0,0.0,0.5113636363636364,0.7386363636363636,0.7386363636363636,77.25726512138255,7.0,0.0,3.0,2.0,1.0,0.0,0.0,1.0,0.0211864406779661,0.0,0.4767932489451477,0.6371308016877637,0.778768115942029,99.99979184013321,6.25,0.0,0.0,4.861111111111111,0.0,1.3888888888888888,0.0,0.0
0.03731343283582089,0.007518796992481203,0.562962962962963,0.6814814814814815,0.7550000000000001,94.21924015336353,8.80503144654088,0.0,1.2578616352201257,2.5157232704402515,0.0,0.6289308176100629,0.0,1.2578616352201257,0.057777777777777775,0.017857142857142856,0.5088495575221239,0.6238938053097345,0.7500787401574802,97.0170902588456,5.947955390334572,0.0,0.37174721189591076,4.4609665427509295,0.0,0.7434944237918215,0.37174721189591076,0.0
0.0,0.0,0.5714285714285714,0.7959183673469388,0.7959183673469388,67.22800000000001,3.389830508474576,0.0,1.694915254237288,8.47457627118644,0.0,0.0,0.0,0.0,0.024,0.0,0.5298804780876494,0.6055776892430279,0.7477631578947368,84.51485762258514,5.128205128205129,0.0,0.32051282051282054,4.487179487179487,0.0,0.6410256410256411,0.0,0.0
0.05142857142857143,0.011494252873563218,0.5681818181818182,0.5909090909090909,0.6837662337662338,93.09888574862748,17.326732673267326,0.0,0.49504950495049505,2.9702970297029703,0.0,0.0,0.0,3.4653465346534653,0.06787330316742081,0.013636363636363636,0.5315315315315315,0.6396396396396397,0.7415447154471545,113.36170212765958,6.273062730627307,0.0,0.0,4.428044280442805,0.0,1.1070110701107012,0.0,0.0
0.0,0.0,0.5568181818181818,0.7727272727272727,0.7727272727272727,108.416,8.653846153846153,0.0,0.9615384615384616,3.8461538461538463,0.0,0.0,0.0,0.9615384615384616,0.03864734299516908,0.0,0.5192307692307693,0.6346153846153846,0.7378899082568806,99.07489362167004,5.263157894736842,0.0,0.4048582995951417,4.8582995951417,0.0,0.0,0.0,0.0
0.018518518518518517,0.0,0.5229357798165137,0.7064220183486238,0.728,99.53819444444443,5.426356589147288,0.0,0.0,3.10077519379845,0.0,0.0,0.0,0.0,0.04918032786885246,0.00823045267489712,0.5224489795918368,0.6040816326530613,0.7156849315068494,94.70054248831869,4.513888888888888,0.0,0.3472222222222222,4.513888888888888,0.0,0.3472222222222222,0.0,0.0
0.02912621359223301,0.0,0.41346153846153844,0.6538461538461539,0.6700000000000002,56.67543859649123,5.454545454545454,0.0,0.0,1.8181818181818181,0.0,0.0,0.0,0.9090909090909091,0.056818181818181816,0.0038022813688212928,0.5283018867924528,0.5773584905660377,0.68644578313253,87.7709662192421,5.2117263843648205,0.0,0.3257328990228013,4.885993485342019,0.0,0.3257328990228013,0.3257328990228013,0.0
0.030303030303030304,0.015384615384615385,0.44776119402985076,0.8208955223880597,0.8208955223880597,104.74333333333337,3.8461538461538467,0.0,1.2820512820512822,1.2820512820512822,0.0,1.2820512820512822,0.0,0.0,0.04721030042918455,0.0,0.5170940170940171,0.6111111111111112,0.7191851851851853,89.57190749198328,5.714285714285714,0.0,0.0,4.642857142857143,0.0,0.35714285714285715,0.0,0.0
0.008771929824561403,0.0,0.5130434782608696,0.782608695652174,0.79,148.12000000000003,2.459016393442623,0.0,1.639344262295082,1.639344262295082,0.0,0.0,0.0,0.0,0.01904761904761905,0.0,0.4834123222748815,0.6966824644549763,0.7993750000000002,144.76351587024766,4.942965779467681,0.0,0.7604562737642585,6.083650190114068,0.0,1.1406844106463878,0.0,0.0
0.040268456375838924,0.02027027027027027,0.5333333333333333,0.64,0.6982352941176472,83.27066935282359,10.179640718562874,0.0,0.0,1.1976047904191616,0.0,0.0,0.0,1.1976047904191616,0.029661016949152543,0.0,0.4978902953586498,0.6118143459915611,0.7234057971014491,111.26253109541645,5.28169014084507,0.0,0.0,4.577464788732394,0.0,0.704225352112676,0.0,0.0
0.03571428571428571,0.0,0.6206896551724138,0.8275862068965517,0.8275862068965517,47.096,6.25,0.0,0.0,3.125,0.0,0.0,0.0,0.0,0.04285714285714286,0.014354066985645933,0.5260663507109005,0.6018957345971564,0.7213392857142857,105.5,6.299212598425197,0.0,0.0,5.118110236220473,0.0,0.3937007874015748,0.0,0.0
0.0,0.0,0.5529411764705883,0.7411764705882353,0.7411764705882353,91.95454545454547,3.9603960396039604,0.0,3.9603960396039604,2.9702970297029703,0.0,0.0,0.0,0.0,0.053061224489795916,0.004098360655737705,0.5365853658536586,0.6138211382113821,0.7389795918367346,92.43366759822456,4.72972972972973,0.0,0.33783783783783783,3.7162162162162162,0.0,0.6756756756756757,0.0,0.0
0.007142857142857143,0.0,0.48936170212765956,0.6879432624113475,0.7219047619047618,108.89694851944454,2.5806451612903225,1.935483870967742,0.0,3.225806451612903,0.0,0.0,0.0,0.0,0.05220883534136546,0.008064516129032258,0.516,0.604,0.744701986754967,125.0,4.73186119873817,0.0,0.6309148264984227,5.993690851735016,0.0,0.946372239747634,0.6309148264984227,0.0
0.0,0.0,0.0,1.0,1.0,,25.0,0.0,0.0,0.0,0.0,0.0,0.0,0.0,0.037209302325581395,0.004672897196261682,0.5509259259259259,0.6064814814814815,0.716923076923077,94.53366583541148,5.263157894736842,0.0,0.37593984962406013,5.263157894736842,0.0,0.37593984962406013,0.0,0.0
0.0,0.0,0.4166666666666667,0.9722222222222222,0.9722222222222222,362.8799999999999,0.0,2.3255813953488373,2.3255813953488373,6.976744186046512,0.0,0.0,0.0,0.0,0.04700854700854701,0.0,0.5446808510638298,0.6127659574468085,0.7268382352941176,93.98058920704847,4.593639575971731,0.0,0.0,3.8869257950530036,0.0,1.0600706713780919,0.0,0.0
0.0,0.0,0.4444444444444444,1.0,1.0,,16.666666666666668,0.0,0.0,0.0,0.0,0.0,0.0,0.0,0.01282051282051282,0.0,0.4430379746835443,0.8734177215189873,0.8734177215189873,174.748,4.081632653061225,0.0,0.0,4.081632653061225,0.0,0.0,1.0204081632653061,0.0
0.0,0.0,0.3333333333333333,1.0,1.0,,83.33333333333334,0.0,0.0,0.0,0.0,16.666666666666668,0.0,16.666666666666668,0.0,0.0,0.48148148148148145,0.8518518518518519,0.8518518518518519,153.09,4.123711340206185,0.0,0.0,4.123711340206185,0.0,0.0,0.0,0.0
0.0,0.0,0.42857142857142855,0.9642857142857143,0.9642857142857143,219.52000000000015,6.0606060606060606,0.0,0.0,6.0606060606060606,0.0,0.0,0.0,0.0,0.0,0.0,0.43037974683544306,0.8227848101265823,0.8227848101265823,124.82000000000006,3.8461538461538463,0.0,0.0,5.769230769230769,0.0,0.0,0.9615384615384616,0.0
0.0,0.0,0.6666666666666666,0.7948717948717948,0.7948717948717948,53.23499999999999,4.761904761904762,0.0,0.0,0.0,0.0,0.0,0.0,0.0,0.00847457627118644,0.0,0.4789915966386555,0.7899159663865546,0.8200000000000001,158.6032,4.195804195804196,0.0,0.0,4.195804195804196,0.0,1.3986013986013985,0.0,0.0
0.0,0.0,0.2,1.0,1.0,,14.285714285714286,0.0,0.0,0.0,0.0,0.0,0.0,0.0,0.009174311926605505,0.0,0.5272727272727272,0.7363636363636363,0.7445454545454545,116.82758620689654,3.7037037037037033,0.0,0.0,6.666666666666666,0.0,1.4814814814814814,0.0,0.0
0.0,0.0,0.6666666666666666,0.8518518518518519,0.8518518518518519,51.03,9.677419354838708,3.225806451612903,0.0,3.225806451612903,0.0,0.0,0.0,3.225806451612903,0.02947845804988662,0.0,0.4819004524886878,0.5656108597285068,0.7607580174927113,124.36989965387522,5.253623188405797,0.0,0.5434782608695652,5.434782608695652,0.0,1.0869565217391304,0.0,0.0
0.032520325203252036,0.0,0.532258064516129,0.6774193548387096,0.698,89.77216745548205,5.072463768115942,0.0,0.0,2.1739130434782608,0.0,0.0,0.0,0.0,0.03728070175438596,0.006593406593406593,0.4485776805251641,0.5711159737417943,0.7935754189944134,165.36656966342667,5.254237288135593,0.0,0.1694915254237288,6.101694915254237,0.0,0.847457627118644,0.0,0.0
0.013245033112582781,0.006666666666666667,0.4868421052631579,0.6842105263157895,0.7394339622641509,128.54320987654322,7.344632768361582,0.0,0.5649717514124294,2.2598870056497176,0.0,0.0,0.0,0.5649717514124294,0.03865979381443299,0.00516795865633075,0.45758354755784064,0.5861182519280206,0.8028275862068965,143.88442962596292,4.809619238476954,0.0,0.20040080160320642,6.212424849699399,0.0,1.2024048096192386,0.0,0.0
0.0,0.0,0.546875,0.78125,0.78125,81.92000000000002,4.411764705882353,0.0,0.0,0.0,0.0,0.0,0.0,0.0,0.028634361233480177,0.002207505518763797,0.4351648351648352,0.5802197802197803,0.7953932584269662,159.0244846672258,5.641025641025641,0.0,0.5128205128205128,6.666666666666667,0.0,0.8547008547008548,0.0,0.0
0.03861003861003861,0.0,0.48846153846153845,0.5923076923076923,0.7455900621118012,89.0354585012205,5.39568345323741,0.0,0.3597122302158273,0.0,0.0,0.0,0.0,0.0,0.049479166666666664,0.0026109660574412533,0.5376623376623376,0.535064935064935,0.7534615384615385,96.25,5.531914893617022,0.0,0.2127659574468085,4.25531914893617,0.0,0.2127659574468085,0.0,0.0
0.019543973941368076,0.0032679738562091504,0.5064935064935064,0.5844155844155844,0.744736842105263,106.13565749642393,5.865102639296188,0.0,0.0,2.6392961876832848,0.0,0.0,0.0,0.2932551319648094,0.03982300884955752,0.0022172949002217295,0.44150110375275936,0.5673289183222958,0.7798587570621469,153.85206573027543,5.105633802816901,0.0,0.352112676056338,6.161971830985915,0.0,1.232394366197183,0.0,0.0
0.046511627906976744,0.023809523809523808,0.6136363636363636,0.6590909090909091,0.6590909090909091,33.0,7.6923076923076925,0.0,0.0,3.8461538461538463,0.0,0.0,0.0,0.0,0.06237424547283702,0.004032258064516129,0.4779116465863454,0.5421686746987951,0.7602255639097742,118.80839736502244,4.821150855365474,0.0,0.15552099533437014,6.531881804043546,0.0,0.9331259720062208,0.0,0.0
0.010638297872340425,0.0,0.5263157894736842,0.7052631578947368,0.7052631578947368,95.0,2.9702970297029703,0.0,0.9900990099009901,1.9801980198019802,0.0,0.0,0.0,0.0,0.029490616621983913,0.0,0.4625668449197861,0.5802139037433155,0.776109090909091,133.37247468365095,6.105263157894736,0.0,0.21052631578947367,5.894736842105263,0.0,0.631578947368421,0.0,0.0
0.030612244897959183,0.005128205128205128,0.4416243654822335,0.6091370558375635,0.7274489795918369,75.13454410674575,4.225352112676056,0.0,0.0,1.8779342723004695,0.0,0.0,0.0,0.0,0.0611764705882353,0.01179245283018868,0.4694835680751174,0.5774647887323944,0.776880733944954,124.25,4.537205081669692,0.0,0.18148820326678766,7.259528130671507,0.0,0.7259528130671506,0.0,0.0
0.0,0.0,0.25,1.0,1.0,,0.0,16.666666666666668,0.0,0.0,0.0,0.0,0.0,0.0,0.036585365853658534,0.004889975550122249,0.45742092457420924,0.5742092457420924,0.767724358974359,144.06427507447864,5.961538461538462,0.0,0.38461538461538464,5.769230769230769,0.0,0.9615384615384616,0.0,0.0
0.0,0.0,0.5714285714285714,1.0,1.0,,33.33333333333333,0.0,22.22222222222222,0.0,0.0,11.11111111111111,0.0,0.0,0.025806451612903226,0.006493506493506494,0.4935897435897436,0.7371794871794872,0.7733333333333334,166.19707317073176,3.723404255319149,0.0,0.5319148936170213,4.787234042553191,0.0,0.5319148936170213,0.0,0.0
0.0,0.0,0.5,1.0,1.0,14.0,5.882352941176471,0.0,0.0,5.882352941176471,0.0,0.0,0.0,0.0,0.018072289156626505,0.0,0.4491017964071856,0.7065868263473054,0.795735294117647,167.0,4.5662100456621,0.0,0.0,3.65296803652968,0.0,0.91324200913242,0.0,0.0
0.0,0.0,0.6140350877192983,0.7894736842105263,0.7894736842105263,75.81000000000002,6.451612903225806,0.0,1.6129032258064515,3.225806451612903,0.0,0.0,0.0,1.6129032258064515,0.04639175257731959,0.010362694300518135,0.5128205128205128,0.6564102564102564,0.7227083333333333,115.18721671814208,4.273504273504273,0.0,0.42735042735042733,3.4188034188034186,0.0,0.8547008547008547,0.0,0.0
0.0,0.0,0.35294117647058826,1.0,1.0,17.0,16.666666666666664,0.0,0.0,0.0,0.0,0.0,0.0,5.555555555555555,0.0189873417721519,0.0,0.44025157232704404,0.7295597484276729,0.825,164.62046511627906,4.66321243523316,0.0,1.55440414507772,2.5906735751295336,0.0,0.5181347150259067,0.0,0.0
0.0,0.0,0.43478260869565216,1.0,1.0,23.0,4.0,0.0,4.0,0.0,0.0,0.0,0.0,0.0,0.040268456375838924,0.0,0.46,0.6333333333333333,0.6970588235294117,98.11621966794382,4.761904761904762,0.0,0.0,2.1164021164021163,0.0,1.5873015873015872,0.0,0.0
0.02040816326530612,0.0,0.56,0.78,0.78,63.63636363636365,8.928571428571429,0.0,0.0,1.7857142857142858,0.0,0.0,0.0,0.0,0.021897810218978103,0.0,0.4492753623188406,0.6376811594202898,0.7038461538461539,78.31120084141514,4.864864864864865,0.0,0.0,1.6216216216216217,0.0,2.1621621621621623,0.0,0.0
0.0,0.0,0.5,1.0,1.0,,0.0,0.0,20.0,0.0,0.0,0.0,0.0,0.0,0.007692307692307693,0.0,0.46564885496183206,0.6717557251908397,0.7006249999999999,92.24725613938813,6.024096385542169,0.0,0.0,2.4096385542168677,0.0,1.2048192771084338,0.0,0.0
0.0,0.0,0.5217391304347826,0.9565217391304348,0.9565217391304348,148.12000000000012,7.407407407407407,0.0,0.0,0.0,0.0,0.0,0.0,0.0,0.05917159763313609,0.011904761904761904,0.5058823529411764,0.5941176470588235,0.6835211267605634,74.76635781285746,4.5662100456621,0.0,0.0,4.10958904109589,0.0,1.36986301369863,0.45662100456621,0.0
0.0,0.0,0.0,1.0,1.0,,0.0,0.0,0.0,0.0,0.0,0.0,0.0,0.0,0.022727272727272728,0.0,0.47368421052631576,0.706766917293233,0.7673529411764706,133.0,6.395348837209303,0.0,0.0,2.3255813953488373,0.0,1.1627906976744187,0.5813953488372093,0.0
0.0,0.0,0.25,1.0,1.0,,0.0,0.0,6.666666666666667,0.0,0.0,0.0,0.0,0.0,0.0234375,0.0,0.4186046511627907,0.6821705426356589,0.7299999999999999,94.83409367396594,4.705882352941177,0.0,0.0,2.3529411764705883,0.0,1.1764705882352942,0.0,0.0
0.0,0.0,0.0,1.0,1.0,,0.0,0.0,0.0,0.0,0.0,0.0,0.0,0.0,0.0234375,0.0,0.46511627906976744,0.6589147286821705,0.7256666666666667,77.6021505376344,5.625,0.0,0.0,1.875,0.0,1.875,0.0,0.0
0.0,0.0,0.2,1.0,1.0,,0.0,0.0,0.0,0.0,0.0,0.0,0.0,0.0,0.0,0.0,0.5,0.7357142857142858,0.7839024390243903,148.32432432432435,5.0,0.0,0.0,2.5,0.0,0.0,0.625,0.0
0.03125,0.0,0.5492227979274611,0.6580310880829016,0.7708510638297872,69.23924284984679,5.5045871559633035,0.0,2.293577981651376,3.211009174311927,0.0,0.0,0.0,0.0,0.04460966542750929,0.007462686567164179,0.5444444444444444,0.5777777777777777,0.7385964912280701,103.03229665071771,5.295950155763239,0.0,0.0,4.984423676012461,0.0,0.6230529595015576,0.0,0.0
0.09090909090909091,0.022988505747126436,0.6292134831460674,0.6179775280898876,0.6179775280898876,49.49078456571483,4.123711340206185,0.0,1.0309278350515463,4.123711340206185,0.0,0.0,0.0,0.0,0.038869257950530034,0.0,0.5633802816901409,0.5774647887323944,0.7507027027027027,113.09326041507586,4.504504504504505,0.0,0.0,4.504504504504505,0.0,0.3003003003003003,0.0,0.0
0.0,0.0,0.5822784810126582,0.7974683544303798,0.7974683544303798,109.21750000000003,5.555555555555555,0.0,2.2222222222222223,3.3333333333333335,0.0,0.0,0.0,0.0,0.040498442367601244,0.0,0.593167701863354,0.5279503105590062,0.7059192825112108,77.8336744071474,5.194805194805195,0.0,0.0,4.415584415584415,0.0,0.5194805194805194,0.0,0.0
0.04081632653061224,0.020833333333333332,0.68,0.7,0.7,46.50837988826816,5.454545454545454,0.0,0.0,1.8181818181818181,0.0,0.0,0.0,0.0,0.0502283105022831,0.0045871559633027525,0.5636363636363636,0.6136363636363636,0.7438842975206611,116.83893453082186,5.5762081784386615,0.0,0.0,5.947955390334572,0.0,0.37174721189591076,0.0,0.0
0.07142857142857142,0.020618556701030927,0.48484848484848486,0.6565656565656566,0.6565656565656566,49.199336357841844,6.08695652173913,0.0,1.7391304347826086,6.08695652173913,0.0,0.0,0.0,0.0,0.03543307086614173,0.007905138339920948,0.5372549019607843,0.6196078431372549,0.7594230769230769,121.74638989169674,5.573770491803279,0.0,0.0,5.573770491803279,0.0,0.0,0.32786885245901637,0.0
0.021739130434782608,0.0,0.5531914893617021,0.8085106382978723,0.8085106382978723,68.72444444444443,3.9215686274509802,0.0,1.9607843137254901,0.0,0.0,0.0,0.0,0.0,0.03666666666666667,0.0033444816053511705,0.5514950166112956,0.6079734219269103,0.7513366336633662,107.66087152684487,5.4945054945054945,0.0,0.0,5.21978021978022,0.0,0.5494505494505495,0.27472527472527475,0.0
0.05970149253731343,0.015151515151515152,0.5588235294117647,0.7058823529411765,0.7058823529411765,56.35616438356164,5.063291139240507,0.0,0.0,3.79746835443038,0.0,0.0,0.0,0.0,0.04961832061068702,0.0038314176245210726,0.5551330798479087,0.5779467680608364,0.7085975609756097,92.87739646916413,4.472843450479233,0.0,0.0,5.111821086261981,0.0,0.3194888178913738,0.0,0.0
0.0,0.0,0.6129032258064516,0.8387096774193549,0.8387096774193549,53.81600000000002,2.7777777777777777,5.555555555555555,0.0,5.555555555555555,0.0,0.0,0.0,0.0,0.03496503496503497,0.0,0.554006968641115,0.5888501742160279,0.7459042553191491,99.70570664220939,6.086956521739131,0.0,0.0,5.217391304347826,0.0,0.8695652173913044,0.0,0.0
0.0,0.0,0.25,1.0,1.0,,16.666666666666668,16.666666666666668,0.0,0.0,0.0,0.0,0.0,0.0,0.040293040293040296,0.0,0.5693430656934306,0.5547445255474452,0.7204571428571429,96.28554037220188,5.029585798816568,0.0,0.0,5.621301775147929,0.0,0.8875739644970415,0.0,0.0
0.061224489795918366,0.020833333333333332,0.58,0.72,0.72,50.0,5.0,0.0,0.0,3.3333333333333335,0.0,0.0,0.0,0.0,0.0626865671641791,0.008982035928143712,0.5922619047619048,0.5297619047619048,0.7135864978902954,91.92717045094716,5.721393034825871,0.0,0.0,5.472636815920398,0.0,0.746268656716418,0.0,0.0
0.1111111111111111,0.033707865168539325,0.6813186813186813,0.5274725274725275,0.5274725274725275,30.511067708333336,3.9603960396039604,0.0,0.9900990099009901,0.9900990099009901,0.0,0.0,0.0,0.0,0.03355704697986577,0.0,0.5317725752508361,0.6053511705685619,0.7575,118.71389560390367,5.630026809651475,0.0,0.0,6.4343163538874,0.0,1.0723860589812333,0.5361930294906166,0.0
0.03409090909090909,0.0,0.6853932584269663,0.651685393258427,0.651685393258427,61.5093318402389,16.3265306122449,0.0,1.0204081632653061,1.0204081632653061,0.0,0.0,0.0,4.081632653061225,0.06031746031746032,0.009554140127388535,0.5664556962025317,0.5474683544303798,0.7186175115207373,106.3258487035552,5.181347150259067,0.0,0.25906735751295334,4.922279792746114,0.0,0.77720207253886,0.25906735751295334,0.0
0.0,0.0,0.5526315789473685,0.8157894736842105,0.8157894736842105,57.76,6.818181818181818,0.0,0.0,2.272727272727273,0.0,0.0,0.0,0.0,0.03937007874015748,0.0,0.5686274509803921,0.6,0.7457692307692307,106.21635493966455,5.483870967741935,0.0,0.0,4.193548387096774,0.0,0.6451612903225806,0.3225806451612903,0.0
0.0,0.0,0.5,0.8478260869565217,0.8478260869565217,84.64,7.547169811320755,1.8867924528301887,1.8867924528301887,1.8867924528301887,0.0,0.0,0.0,0.0,0.045774647887323945,0.007067137809187279,0.5543859649122806,0.5789473684210527,0.7496236559139785,123.13251254951176,5.0,0.0,0.0,4.11764705882353,0.0,0.5882352941176471,0.0,0.0
0.05309734513274336,0.008928571428571428,0.5701754385964912,0.5964912280701754,0.6099999999999999,53.55797101449275,4.800000000000001,0.0,0.8,1.6,0.0,0.0,0.0,0.0,0.041811846689895474,0.0,0.5590277777777778,0.5763888888888888,0.7340211640211641,90.73684210526315,6.0344827586206895,0.0,0.0,4.022988505747126,0.0,0.5747126436781609,0.0,0.0
0.025,0.0,0.7073170731707317,0.7317073170731707,0.7317073170731707,41.89454545454545,6.666666666666667,0.0,0.0,2.2222222222222223,0.0,0.0,0.0,0.0,0.03409090909090909,0.002849002849002849,0.5552407932011332,0.5552407932011332,0.7553149606299213,106.78909013494038,5.411764705882353,0.0,0.0,6.117647058823529,0.0,0.9411764705882353,0.23529411764705882,0.0
0.01680672268907563,0.0,0.5313807531380753,0.5983263598326359,0.7073571428571429,88.2494293852366,4.395604395604395,0.3663003663003663,0.3663003663003663,5.4945054945054945,0.0,0.3663003663003663,0.0,0.0,0.03816793893129771,0.0038314176245210726,0.5513307984790875,0.5931558935361216,0.7242073170731707,100.4786230195713,5.956112852664577,0.0,0.0,4.3887147335423204,0.0,0.6269592476489029,0.0,0.0
0.0,0.0,0.5471698113207547,0.8867924528301887,0.8867924528301887,131.0866666666667,7.017543859649122,0.0,0.0,0.0,0.0,0.0,0.0,0.0,0.05813953488372093,0.007782101167315175,0.5057915057915058,0.5907335907335908,0.7325625,94.47018160718991,5.431309904153355,0.0,0.0,4.792332268370607,0.0,0.9584664536741214,0.0,0.0
0.0,0.0,0.5405405405405406,0.972972972972973,0.972972972972973,383.32000000000085,9.75609756097561,0.0,0.0,0.0,0.0,0.0,0.0,0.0,0.04833836858006042,0.00909090909090909,0.5210843373493976,0.5753012048192772,0.760901287553648,113.3137774665733,5.223880597014926,0.0,0.0,6.467661691542289,0.0,0.9950248756218906,0.0,0.0
0.009259259259259259,0.0,0.5412844036697247,0.7431192660550459,0.757,118.81,2.586206896551724,0.8620689655172413,0.0,2.586206896551724,0.0,0.0,0.0,0.0,0.0398406374501992,0.0,0.5793650793650794,0.6031746031746031,0.7241176470588235,96.71995024102006,4.590163934426229,0.0,0.0,6.885245901639344,0.0,0.6557377049180327,0.0,0.0
0.0,0.0,0.48148148148148145,0.8888888888888888,0.8888888888888888,68.03999999999998,12.121212121212121,6.0606060606060606,0.0,0.0,0.0,0.0,0.0,0.0,0.02888086642599278,0.007246376811594203,0.5539568345323741,0.5899280575539568,0.7468156424581006,108.93361676736033,4.424778761061947,0.0,0.0,5.604719764011799,0.0,1.1799410029498525,0.0,0.0
0.0,0.0,0.5,0.9642857142857143,0.9642857142857143,219.52000000000015,6.666666666666667,0.0,0.0,3.3333333333333335,0.0,0.0,0.0,0.0,0.03225806451612903,0.0,0.5461847389558233,0.5943775100401606,0.7311333333333333,95.01066783529672,5.0675675675675675,0.0,0.0,5.405405405405405,0.0,0.33783783783783783,0.33783783783783783,0.0
0.044444444444444446,0.0,0.6086956521739131,0.782608695652174,0.782608695652174,59.24800000000001,4.0,0.0,2.0,2.0,0.0,0.0,0.0,0.0,0.047058823529411764,0.0,0.53515625,0.60546875,0.7249681528662419,106.99216064562586,4.57516339869281,0.0,0.32679738562091504,5.228758169934641,0.0,0.32679738562091504,0.32679738562091504,0.0
0.041666666666666664,0.010526315789473684,0.6185567010309279,0.6597938144329897,0.6597938144329897,53.65551181102363,3.9603960396039604,0.0,0.0,0.0,0.0,0.0,0.0,0.0,0.059190031152647975,0.0125,0.577639751552795,0.5372670807453416,0.6955156950672644,89.44787847457587,5.412371134020618,0.0,0.0,5.6701030927835046,0.0,0.25773195876288657,0.25773195876288657,0.0
0.0,0.0,0.4657534246575342,0.863013698630137,0.863013698630137,149.21200000000002,3.75,0.0,1.25,5.0,0.0,0.0,0.0,0.0,0.045454545454545456,0.0,0.5469255663430421,0.56957928802589,0.7480476190476192,112.18477215285375,5.464480874316941,0.0,0.0,4.0983606557377055,0.0,0.546448087431694,0.273224043715847,0.0
0.0,0.0,0.22727272727272727,0.8636363636363636,0.8636363636363636,45.17333333333334,8.333333333333334,0.0,0.0,0.0,0.0,0.0,0.0,0.0,0.05454545454545454,0.010948905109489052,0.5507246376811594,0.5797101449275363,0.7469491525423729,114.76329925726972,5.059523809523809,0.0,0.0,4.761904761904762,0.0,0.8928571428571428,0.5952380952380952,0.0
0.0,0.0,0.75,1.0,1.0,12.0,0.0,0.0,0.0,7.6923076923076925,0.0,0.0,0.0,0.0,0.03515625,0.0,0.5680933852140078,0.5875486381322957,0.7187341772151898,96.87165192772618,5.592105263157896,0.0,0.0,4.276315789473685,0.0,0.32894736842105265,0.32894736842105265,0.0
0.0,0.0,0.5,1.0,1.0,,25.0,0.0,0.0,0.0,0.0,0.0,0.0,0.0,0.06968641114982578,0.006993006993006993,0.5972222222222222,0.5347222222222222,0.6921693121693121,80.65552384834896,5.357142857142857,0.0,0.0,4.166666666666667,0.0,0.2976190476190476,0.2976190476190476,0.0
0.014084507042253521,0.0070921985815602835,0.5454545454545454,0.6433566433566433,0.6995454545454545,92.10289923954372,5.0,0.0,2.5,1.875,0.0,0.0,0.0,0.0,0.043731778425655975,0.0029239766081871343,0.5813953488372093,0.5581395348837209,0.733591836734694,103.78747628083491,6.127450980392156,0.0,0.0,4.901960784313725,0.0,0.49019607843137253,0.24509803921568626,0.0
0.0,0.0,0.5882352941176471,0.7450980392156863,0.7450980392156863,56.02153846153847,7.017543859649122,1.7543859649122806,0.0,0.0,0.0,1.7543859649122806,0.0,0.0,0.054313099041533544,0.00641025641025641,0.5636942675159236,0.5445859872611465,0.7183720930232559,86.14787453624834,5.053191489361702,0.0,0.5319148936170213,5.053191489361702,0.0,0.5319148936170213,0.0,0.0
0.0,0.0,0.2857142857142857,1.0,1.0,,0.0,0.0,0.0,0.0,0.0,0.0,0.0,0.0,0.0,0.0,0.4567901234567901,0.8148148148148148,0.8148148148148148,122.47199999999998,5.1020408163265305,0.0,0.0,5.1020408163265305,0.0,0.0,0.0,0.0
0.0,0.0,0.375,1.0,1.0,,20.0,0.0,0.0,0.0,0.0,0.0,0.0,0.0,0.010638297872340425,0.0,0.5263157894736842,0.7368421052631579,0.7368421052631579,101.08,3.6363636363636362,0.0,0.0,1.8181818181818181,0.0,0.0,0.0,0.0
0.0,0.0,0.4,1.0,1.0,,0.0,0.0,0.0,0.0,0.0,0.0,0.0,0.0,0.0,0.0,0.43023255813953487,0.872093023255814,0.872093023255814,188.26181818181817,5.0,0.0,0.0,3.0,0.0,1.0,0.0,0.0
0.0,0.0,0.2857142857142857,1.0,1.0,,0.0,0.0,0.0,0.0,0.0,0.0,0.0,0.0,0.030612244897959183,0.0,0.5151515151515151,0.7474747474747475,0.7474747474747475,109.77120000000004,4.310344827586206,0.0,0.0,4.310344827586206,0.0,0.0,0.0,0.0
0.0,0.0,0.5714285714285714,1.0,1.0,,12.5,0.0,0.0,0.0,0.0,0.0,0.0,0.0,0.0,0.0,0.38235294117647056,0.8970588235294118,0.8970588235294118,184.96000000000006,5.813953488372094,0.0,0.0,5.813953488372094,0.0,1.1627906976744187,0.0,0.0
0.0,0.0,0.4117647058823529,1.0,1.0,17.0,4.761904761904762,0.0,0.0,4.761904761904762,0.0,0.0,0.0,0.0,0.0,0.0,0.410958904109589,0.8493150684931506,0.8493150684931506,135.6472727272727,5.9523809523809526,0.0,0.0,3.571428571428571,0.0,0.0,0.0,0.0
0.0,0.0,0.42857142857142855,1.0,1.0,14.0,12.5,0.0,0.0,0.0,0.0,0.0,0.0,0.0,0.0,0.0,0.40625,0.84375,0.84375,172.03200000000004,5.128205128205128,0.0,0.0,5.982905982905983,0.0,0.8547008547008547,0.0,0.0
0.0375,0.0,0.4658385093167702,0.7018633540372671,0.7512903225806451,123.64619883040936,4.624277456647399,0.0,0.0,0.5780346820809249,0.0,0.0,0.0,0.0,0.009259259259259259,0.0,0.46788990825688076,0.7981651376146789,0.8009999999999999,151.21272727272728,5.223880597014926,0.0,0.746268656716418,4.477611940298508,0.0,0.746268656716418,0.0,0.0
0.0,0.0,0.4444444444444444,1.0,1.0,,0.0,0.0,35.714285714285715,0.0,0.0,0.0,0.0,0.0,0.010101010101010102,0.0,0.48,0.75,0.75,112.00000000000001,4.958677685950414,0.0,0.8264462809917356,3.3057851239669422,0.0,0.8264462809917356,0.0,0.0
0.0,0.0,0.5555555555555556,1.0,1.0,,18.181818181818183,0.0,0.0,0.0,0.0,0.0,0.0,0.0,0.0,0.0,0.4,0.8571428571428571,0.8571428571428571,137.19999999999996,4.705882352941177,0.0,0.0,4.705882352941177,0.0,0.0,0.0,0.0
0.0,0.0,0.4444444444444444,1.0,1.0,,10.0,0.0,0.0,0.0,0.0,0.0,0.0,0.0,0.025974025974025976,0.0,0.44871794871794873,0.8461538461538461,0.8461538461538461,141.96,5.555555555555555,0.0,0.0,9.25925925925926,0.0,0.9259259259259259,0.9259259259259259,0.0
0.0,0.0,0.5588235294117647,0.8529411764705882,0.8529411764705882,64.736,5.405405405405405,0.0,0.0,0.0,0.0,0.0,0.0,0.0,0.0,0.0,0.38571428571428573,0.8571428571428571,0.8571428571428571,137.19999999999996,4.761904761904762,0.0,0.0,5.9523809523809526,0.0,0.0,0.0,0.0
0.022727272727272728,0.0,0.5555555555555556,0.8222222222222222,0.8222222222222222,70.87499999999999,3.389830508474576,1.694915254237288,0.0,8.47457627118644,0.0,0.0,0.0,0.0,0.04477611940298507,0.015151515151515152,0.47058823529411764,0.7794117647058824,0.7794117647058824,86.31466666666668,7.142857142857142,0.0,0.0,7.142857142857142,0.0,0.0,0.0,0.0
0.0,0.0,1.0,1.0,1.0,,0.0,0.0,0.0,0.0,0.0,0.0,0.0,0.0,0.0,0.0,0.3548387096774194,0.9032258064516129,0.9032258064516129,179.38666666666663,5.2631578947368425,0.0,0.0,5.2631578947368425,0.0,0.0,0.0,0.0
0.0,0.0,0.0,1.0,1.0,,0.0,0.0,0.0,0.0,0.0,0.0,0.0,0.0,0.02247191011235955,0.011363636363636364,0.4777777777777778,0.8222222222222222,0.8222222222222222,141.74999999999997,4.587155963302752,0.0,0.0,5.5045871559633035,0.0,0.9174311926605505,0.0,0.0
0.0,0.0,0.6,0.8857142857142857,0.8857142857142857,85.74999999999997,0.0,0.0,0.0,0.0,0.0,0.0,0.0,0.0,0.0,0.0,0.5384615384615384,0.8769230769230769,0.8769230769230769,147.875,5.2631578947368425,0.0,0.0,5.2631578947368425,0.0,0.0,0.0,0.0
0.02247191011235955,0.0,0.5444444444444444,0.7222222222222222,0.7222222222222222,90.0,4.166666666666667,0.0,3.125,0.0,0.0,0.0,0.0,0.0,0.009345794392523364,0.0,0.42592592592592593,0.8333333333333334,0.86,181.44000000000008,4.800000000000001,0.0,0.0,4.800000000000001,0.0,0.0,0.0,0.0
0.0,0.0,0.5306122448979592,0.8367346938775511,0.8367346938775511,84.03500000000003,1.9230769230769231,1.9230769230769231,0.0,1.9230769230769231,0.0,0.0,0.0,0.0,0.0,0.0,0.4270833333333333,0.8125,0.8125,143.36,3.5714285714285716,0.0,0.0,4.464285714285714,0.0,0.8928571428571429,0.0,0.0
0.0,0.0,0.7,0.95,0.95,111.99999999999991,8.333333333333334,4.166666666666667,0.0,4.166666666666667,0.0,0.0,0.0,0.0,0.0,0.0,0.46511627906976744,0.8023255813953488,0.8023255813953488,121.81647058823529,5.050505050505051,0.0,0.0,3.0303030303030303,0.0,0.0,0.0,0.0
0.0,0.0,0.6,0.9,0.9,28.000000000000007,0.0,0.0,0.0,0.0,0.0,0.0,0.0,0.0,0.011235955056179775,0.0,0.4222222222222222,0.8333333333333334,0.8333333333333334,151.20000000000005,3.8095238095238093,0.0,0.0,4.761904761904762,0.0,0.0,0.0,0.0
0.05045871559633028,0.009216589861751152,0.4520547945205479,0.6529680365296804,0.7906666666666666,136.898710461654,9.022556390977442,0.0,0.37593984962406013,3.7593984962406015,0.0,0.0,0.0,0.0,0.01282051282051282,0.0,0.4177215189873418,0.8354430379746836,0.8354430379746836,134.4215384615385,4.25531914893617,0.0,0.0,6.382978723404255,0.0,1.0638297872340425,0.0,0.0
0.0,0.0,0.4,1.0,1.0,,14.285714285714286,0.0,0.0,0.0,0.0,14.285714285714286,0.0,0.0,0.018518518518518517,0.009345794392523364,0.44954128440366975,0.8165137614678899,0.8210000000000001,166.334,3.8461538461538463,0.0,0.0,5.384615384615385,0.0,0.0,0.7692307692307693,0.0
0.0,0.0,0.2,1.0,1.0,,14.285714285714286,0.0,0.0,0.0,0.0,0.0,0.0,0.0,0.021739130434782608,0.01098901098901099,0.5053763440860215,0.8064516129032258,0.8064516129032258,134.53999999999996,6.25,0.0,0.0,2.678571428571429,0.0,0.0,0.0,0.0
0.0,0.0,0.0,1.0,1.0,,50.0,0.0,0.0,0.0,0.0,0.0,0.0,0.0,0.010752688172043012,0.0,0.46808510638297873,0.8191489361702128,0.8191489361702128,145.53411764705885,4.504504504504505,0.0,0.0,2.7027027027027026,0.0,0.0,0.9009009009009009,0.0
0.0,0.0,0.0,1.0,1.0,,0.0,0.0,0.0,0.0,0.0,0.0,0.0,0.0,0.0,0.0,0.3875,0.8375,0.8375,137.8461538461539,4.081632653061225,0.0,0.0,6.122448979591837,0.0,0.0,0.0,0.0
0.0,0.0,0.36,0.88,0.88,58.33333333333334,3.3333333333333335,0.0,0.0,3.3333333333333335,0.0,0.0,0.0,0.0,0.010869565217391304,0.0,0.5053763440860215,0.7526881720430108,0.7526881720430108,105.29217391304348,4.385964912280701,0.0,0.0,5.263157894736842,0.0,0.0,0.0,0.0
0.0,0.0,0.0,1.0,1.0,,0.0,0.0,0.0,0.0,0.0,20.0,0.0,0.0,0.02127659574468085,0.0,0.4842105263157895,0.8105263157894737,0.8105263157894737,140.38888888888889,4.504504504504505,0.0,0.0,6.306306306306307,0.0,0.0,0.0,0.0
0.0,0.0,0.3333333333333333,1.0,1.0,,0.0,0.0,0.0,0.0,0.0,0.0,0.0,0.0,0.0,0.0,0.4375,0.7916666666666666,0.7916666666666666,129.024,4.385964912280701,0.0,0.0,4.385964912280701,0.0,1.7543859649122806,0.0,0.0
0.0,0.0,0.2857142857142857,1.0,1.0,,0.0,0.0,0.0,0.0,0.0,0.0,0.0,0.0,0.0,0.0,0.44,0.8666666666666667,0.8666666666666667,157.50000000000006,4.395604395604396,0.0,0.0,4.395604395604396,0.0,2.197802197802198,0.0,0.0
0.0,0.0,0.5555555555555556,1.0,1.0,,15.384615384615385,0.0,0.0,7.6923076923076925,0.0,0.0,0.0,0.0,0.0,0.0,0.4942528735632184,0.8045977011494253,0.8045977011494253,124.6658823529412,4.8076923076923075,0.0,0.9615384615384616,6.730769230769231,0.0,0.0,0.0,0.0
0.041666666666666664,0.0,0.5102040816326531,0.8367346938775511,0.8367346938775511,84.03500000000003,1.8181818181818181,1.8181818181818181,0.0,3.6363636363636362,0.0,0.0,0.0,0.0,0.037037037037037035,0.006211180124223602,0.5276073619631901,0.6871165644171779,0.7715624999999999,120.56944611534853,4.66321243523316,0.0,0.0,2.0725388601036268,0.0,0.0,0.5181347150259067,0.0
0.0,0.0,0.4375,0.8125,0.8125,95.57333333333334,14.285714285714286,0.0,1.4285714285714286,1.4285714285714286,0.0,0.0,0.0,4.285714285714286,0.06557377049180328,0.01098901098901099,0.5652173913043478,0.6086956521739131,0.7091764705882354,95.28357654057069,3.686635944700461,0.0,0.0,4.147465437788019,0.0,0.0,0.4608294930875576,0.0
0.0,0.0,0.5,1.0,1.0,12.0,0.0,0.0,0.0,0.0,0.0,0.0,0.0,0.0,0.0,0.0,0.5301204819277109,0.6927710843373494,0.7744776119402985,134.98524516707207,3.6649214659685865,0.0,0.0,4.18848167539267,0.0,0.0,1.0471204188481675,0.0
0.0,0.0,0.46808510638297873,0.851063829787234,0.851063829787234,88.36000000000001,17.307692307692307,0.0,0.0,1.9230769230769231,0.0,0.0,0.0,5.769230769230769,0.011299435028248588,0.0,0.5,0.6853932584269663,0.7658227848101267,151.66863905325442,4.30622009569378,0.0,0.0,2.8708133971291865,0.0,0.0,0.4784688995215311,0.0
0.022727272727272728,0.0,0.5777777777777777,0.7555555555555555,0.7555555555555555,48.27272727272727,5.660377358490566,0.0,0.0,7.547169811320755,0.0,0.0,0.0,0.0,0.013793103448275862,0.0,0.4931506849315068,0.6986301369863014,0.7887234042553193,132.67883211678833,4.624277456647399,0.0,0.0,4.046242774566474,0.0,0.0,1.1560693641618498,0.0
0.0,0.0,0.5555555555555556,0.8888888888888888,0.8888888888888888,,10.0,0.0,0.0,0.0,0.0,0.0,0.0,0.0,0.01948051948051948,0.0,0.5483870967741935,0.6838709677419355,0.7635714285714287,111.38849035549181,3.7433155080213907,0.0,0.0,4.278074866310161,0.0,0.5347593582887701,1.0695187165775402,0.0
0.0,0.0,0.4,1.0,1.0,25.0,27.586206896551722,0.0,0.0,0.0,0.0,0.0,0.0,6.896551724137931,0.03164556962025317,0.0,0.5345911949685535,0.660377358490566,0.7449999999999999,96.08561814556332,3.7634408602150535,0.0,0.5376344086021505,2.6881720430107525,0.0,0.0,1.075268817204301,0.0
0.05416666666666667,0.008368200836820083,0.5684647302904564,0.5726141078838174,0.6806338028169014,85.86735219834028,4.104477611940299,0.0,0.746268656716418,1.492537313432836,0.0,0.0,0.0,0.373134328358209,0.05319148936170213,0.0106951871657754,0.5343915343915344,0.6402116402116402,0.7622222222222221,102.25930335808849,3.686635944700461,0.0,0.0,1.8433179723502304,0.0,0.4608294930875576,0.9216589861751152,0.0
0.011764705882352941,0.0,0.5116279069767442,0.7790697674418605,0.7790697674418605,108.99368421052634,9.473684210526315,0.0,0.0,4.2105263157894735,0.0,1.0526315789473684,0.0,3.1578947368421053,0.022988505747126436,0.0,0.5428571428571428,0.68,0.7889473684210527,122.24574177181827,3.349282296650718,0.0,0.0,5.2631578947368425,0.0,0.4784688995215311,0.4784688995215311,0.0
0.0,0.0,0.4117647058823529,0.8529411764705882,0.8529411764705882,64.736,11.627906976744187,0.0,0.0,2.3255813953488373,0.0,0.0,0.0,0.0,0.053475935828877004,0.0,0.5372340425531915,0.6808510638297872,0.7755056179775281,114.78554791585148,3.6199095022624435,0.0,0.0,3.167420814479638,0.0,0.45248868778280543,0.45248868778280543,0.0
0.014925373134328358,0.0,0.5441176470588235,0.7647058823529411,0.7647058823529411,80.91999999999999,3.79746835443038,0.0,0.0,7.59493670886076,0.0,0.0,0.0,0.0,0.041025641025641026,0.0,0.5255102040816326,0.6173469387755102,0.7409278350515462,98.0,4.424778761061948,0.0,0.4424778761061947,3.0973451327433628,0.0,0.0,0.4424778761061947,0.0
0.0,0.0,0.5526315789473685,0.8157894736842105,0.8157894736842105,41.461081081081076,4.545454545454546,0.0,0.0,0.0,0.0,0.0,0.0,0.0,0.03260869565217391,0.0,0.5297297297297298,0.6432432432432432,0.7543023255813954,106.3452342429799,4.587155963302752,0.0,0.0,3.211009174311927,0.0,0.0,0.9174311926605505,0.0
0.059880239520958084,0.036036036036036036,0.48059701492537316,0.6029850746268657,0.754957627118644,121.51285243456505,6.8557919621749415,0.0,0.0,6.619385342789599,0.0,1.8912529550827424,0.0,0.0,0.02824858757062147,0.0,0.5,0.6797752808988764,0.7449367088607595,99.87907324266322,4.62962962962963,0.0,0.0,4.62962962962963,0.0,0.0,1.3888888888888888,0.0
0.02027027027027027,0.0,0.5167785234899329,0.6778523489932886,0.723,106.74392511777832,5.882352941176471,0.5882352941176471,0.0,1.1764705882352942,0.0,0.0,0.0,0.5882352941176471,0.012738853503184714,0.0,0.5316455696202531,0.7025316455696202,0.8028813559322036,158.0,4.2105263157894735,0.0,0.0,3.1578947368421053,0.0,0.0,0.5263157894736842,0.0
0.0,0.0,0.058823529411764705,0.7647058823529411,0.7647058823529411,18.615,0.0,0.0,0.0,0.0,0.0,0.0,0.0,0.0,0.04216867469879518,0.006060606060606061,0.5029940119760479,0.7005988023952096,0.7726470588235294,146.24950298210737,4.060913705583756,0.0,0.0,3.5532994923857864,0.0,0.0,1.015228426395939,0.0
0.0,0.0,0.47619047619047616,0.8412698412698413,0.8412698412698413,111.13200000000002,4.166666666666666,0.0,0.0,5.555555555555555,0.0,0.0,0.0,0.0,0.046511627906976744,0.0,0.5317919075144508,0.6242774566473989,0.700945945945946,86.5,4.0201005025125625,0.0,0.5025125628140703,2.5125628140703515,0.0,0.0,0.5025125628140703,0.0
0.04938271604938271,0.0,0.6097560975609756,0.6707317073170732,0.6707317073170732,50.3776595744681,5.319148936170213,0.0,0.0,5.319148936170213,0.0,0.0,0.0,0.0,0.05392156862745098,0.014778325123152709,0.5073170731707317,0.6439024390243903,0.7311320754716981,108.6043881179105,4.382470119521912,0.0,1.593625498007968,5.577689243027888,0.0,0.0,1.195219123505976,0.0
0.06040268456375839,0.02027027027027027,0.5666666666666667,0.6133333333333333,0.6509803921568627,76.25219683655537,6.896551724137931,0.0,1.1494252873563218,3.4482758620689653,0.0,0.0,0.0,0.0,0.03418803418803419,0.0,0.5191489361702127,0.5914893617021276,0.7269117647058824,100.51169223032436,4.659498207885305,0.0,0.35842293906810035,5.734767025089606,0.0,0.0,0.35842293906810035,0.0
0.014084507042253521,0.0,0.5694444444444444,0.7916666666666666,0.7916666666666666,96.768,3.7037037037037033,0.0,2.4691358024691357,0.0,0.0,0.0,0.0,0.0,0.024193548387096774,0.0,0.5582329317269076,0.5742971887550201,0.7390666666666668,99.42428697441929,5.0,0.0,0.3333333333333333,5.666666666666666,0.0,0.3333333333333333,0.6666666666666666,0.0
0.0,0.0,0.4583333333333333,0.8125,0.8125,71.68,9.45945945945946,0.0,2.7027027027027026,6.756756756756756,0.0,0.0,0.0,0.0,0.03365384615384615,0.004830917874396135,0.5167464114832536,0.6124401913875598,0.7061818181818181,87.37582425360077,3.90625,0.0,1.171875,4.296875,0.0,0.390625,0.78125,0.0
0.03125,0.0,0.5979381443298969,0.6494845360824743,0.6494845360824743,42.364995400183986,5.357142857142858,0.0,5.357142857142858,1.7857142857142858,0.0,0.8928571428571429,0.0,0.0,0.05627705627705628,0.004347826086956522,0.5517241379310345,0.5603448275862069,0.691127819548872,85.17859996618117,4.779411764705882,0.0,0.0,5.514705882352942,0.0,0.36764705882352944,0.36764705882352944,0.0
0.04,0.013513513513513514,0.5263157894736842,0.6973684210526315,0.6973684210526315,66.0,6.976744186046512,0.0,0.0,3.488372093023256,0.0,0.0,0.0,0.0,0.07623318385650224,0.018018018018018018,0.5491071428571429,0.5803571428571429,0.6892799999999999,70.69503546099291,3.90625,0.0,0.390625,3.515625,0.0,0.0,0.78125,0.0
0.011904761904761904,0.0,0.4823529411764706,0.7764705882352941,0.7764705882352941,106.47368421052634,6.315789473684211,0.0,0.0,3.1578947368421053,0.0,0.0,0.0,0.0,0.03571428571428571,0.01195219123505976,0.549407114624506,0.5928853754940712,0.7471428571428571,105.50273957885689,3.3222591362126246,0.0,2.3255813953488373,4.651162790697675,0.0,0.33222591362126247,0.33222591362126247,0.0
0.019230769230769232,0.0,0.5047619047619047,0.6857142857142857,0.6883333333333334,60.62101637751165,5.833333333333334,0.8333333333333334,0.8333333333333334,1.6666666666666667,0.0,0.0,0.0,0.0,0.057971014492753624,0.019417475728155338,0.5528846153846154,0.5913461538461539,0.7191743119266054,67.9360048977681,4.878048780487805,0.0,1.2195121951219512,4.878048780487805,0.0,0.4065040650406504,0.4065040650406504,0.0
0.0,0.0,0.6,1.0,1.0,,0.0,0.0,16.666666666666668,0.0,0.0,0.0,0.0,0.0,0.05714285714285714,0.00819672131147541,0.524390243902439,0.5650406504065041,0.692857142857143,86.26447694807972,4.529616724738676,0.0,0.6968641114982579,3.4843205574912894,0.0,0.0,0.34843205574912894,0.0
0.17985611510791366,0.10869565217391304,0.5928571428571429,0.5,0.5397560975609755,38.077569855109424,9.316770186335402,0.0,1.2422360248447204,3.7267080745341614,0.0,1.2422360248447204,0.0,1.2422360248447204,0.025380710659898477,0.0,0.5151515151515151,0.6464646464646465,0.7518181818181819,119.80519674188753,5.150214592274678,0.0,1.2875536480686696,4.291845493562231,0.0,0.0,0.4291845493562232,0.0
0.06666666666666667,0.05084745762711865,0.5409836065573771,0.6885245901639344,0.6885245901639344,49.15533980582524,7.575757575757576,0.0,0.0,1.5151515151515151,0.0,0.0,0.0,1.5151515151515151,0.03524229074889868,0.004424778761061947,0.5394736842105263,0.5789473684210527,0.697906976744186,81.15031315240084,4.135338345864661,0.0,0.7518796992481203,4.887218045112782,0.0,0.0,0.37593984962406013,0.0
0.0,0.0,0.5423728813559322,0.8135593220338984,0.8135593220338984,88.60727272727276,4.285714285714286,0.0,1.4285714285714286,1.4285714285714286,0.0,0.0,0.0,0.0,0.0796812749003984,0.028,0.5833333333333334,0.5396825396825397,0.6580392156862744,68.16167656257466,3.703703703703704,0.0,0.0,5.050505050505051,0.0,0.6734006734006734,0.6734006734006734,0.0
0.017543859649122806,0.0,0.4956521739130435,0.7478260869565218,0.764375,127.68965517241381,3.816793893129771,0.0,0.0,6.106870229007634,0.0,0.0,0.0,0.0,0.030303030303030304,0.004347826086956522,0.5301724137931034,0.6120689655172413,0.7181954887218046,111.62823684644566,4.316546762589928,0.0,0.3597122302158273,4.676258992805755,0.0,0.3597122302158273,0.3597122302158273,0.0
0.01680672268907563,0.0,0.4166666666666667,0.6833333333333333,0.7133333333333334,85.02384737678855,3.787878787878788,0.0,0.0,3.787878787878788,0.0,0.0,0.0,0.0,0.046948356807511735,0.0047169811320754715,0.514018691588785,0.6542056074766355,0.7368695652173912,107.0,4.615384615384616,0.0,0.7692307692307693,6.153846153846154,0.0,0.38461538461538464,0.38461538461538464,0.0
0.0,0.0,0.5714285714285714,0.8928571428571429,0.8928571428571429,73.17333333333337,9.677419354838708,3.225806451612903,0.0,3.225806451612903,0.0,0.0,0.0,3.225806451612903,0.043010752688172046,0.010810810810810811,0.5294117647058824,0.6310160427807486,0.6938636363636362,86.41666666666666,4.97737556561086,0.0,1.8099547511312217,3.6199095022624435,0.0,0.0,0.45248868778280543,0.0
0.03773584905660377,0.019230769230769232,0.5,0.8148148148148148,0.8148148148148148,81.64799999999998,9.677419354838708,0.0,0.0,4.838709677419354,0.0,1.6129032258064515,0.0,0.0,0.03070175438596491,0.0,0.5327510917030568,0.5982532751091703,0.7073076923076922,101.73364717542121,4.089219330855018,0.0,0.7434944237918215,4.4609665427509295,0.0,0.37174721189591076,0.37174721189591076,0.0
0.0392156862745098,0.0,0.5631067961165048,0.6601941747572816,0.6725,57.8130186828012,4.385964912280701,0.0,0.8771929824561403,0.8771929824561403,0.0,0.0,0.0,0.0,0.024875621890547265,0.0,0.5198019801980198,0.6831683168316832,0.7739805825242718,137.5771949429806,4.583333333333334,0.0,1.6666666666666667,4.166666666666667,0.0,0.4166666666666667,1.25,0.0
0.047619047619047616,0.008,0.5118110236220472,0.6850393700787402,0.7225000000000001,87.98661411557984,3.4722222222222223,0.0,1.3888888888888888,2.7777777777777777,0.0,0.0,0.0,0.0,0.03619909502262444,0.004545454545454545,0.536036036036036,0.5990990990990991,0.6910569105691056,84.49085365853658,4.2471042471042475,0.0,0.3861003861003861,3.474903474903475,0.0,0.7722007722007722,0.7722007722007722,0.0
0.0,0.0,0.5238095238095238,0.9047619047619048,0.9047619047619048,61.74000000000001,0.0,0.0,4.3478260869565215,0.0,0.0,0.0,0.0,0.0,0.04608294930875576,0.0,0.5321100917431193,0.5871559633027523,0.6875630252100838,81.27490125520984,4.182509505703422,0.0,0.7604562737642585,6.083650190114068,0.0,0.38022813688212925,1.1406844106463878,0.0
0.0,0.0,0.5757575757575758,0.9090909090909091,0.9090909090909091,101.63999999999999,5.405405405405405,0.0,5.405405405405405,0.0,0.0,0.0,0.0,0.0,0.03347280334728033,0.0,0.5333333333333333,0.6041666666666666,0.6934751773049646,95.27035623409668,4.332129963898917,0.0,1.0830324909747293,3.6101083032490977,0.0,0.0,0.7220216606498195,0.0
0.06493506493506493,0.039473684210526314,0.5128205128205128,0.6666666666666666,0.6666666666666666,44.670212765957444,9.090909090909092,0.0,1.1363636363636365,0.0,0.0,0.0,0.0,2.272727272727273,0.04310344827586207,0.008658008658008658,0.5665236051502146,0.5965665236051502,0.6942537313432836,78.36386286226792,4.444444444444445,0.0,1.1111111111111112,3.7037037037037033,0.0,0.37037037037037035,0.37037037037037035,0.0
0.0,0.0,0.463768115942029,0.7681159420289855,0.7681159420289855,83.3175,6.097560975609756,0.0,2.4390243902439024,2.4390243902439024,0.0,0.0,0.0,0.0,0.02654867256637168,0.0,0.5154185022026432,0.6387665198237885,0.7361718750000001,129.3001363043736,4.797047970479705,0.0,1.1070110701107012,5.535055350553505,0.0,0.36900369003690037,0.0,0.0
0.06557377049180328,0.03333333333333333,0.5483870967741935,0.6935483870967742,0.6935483870967742,51.08450704225352,5.970149253731344,0.0,1.492537313432836,0.0,0.0,0.0,0.0,0.0,0.02654867256637168,0.0044444444444444444,0.5418502202643172,0.5770925110132159,0.7078125,80.2087886170159,5.535055350553505,0.0,1.1070110701107012,4.059040590405904,0.0,0.7380073800738007,0.36900369003690037,0.0
0.0,0.0,0.41379310344827586,0.9310344827586207,0.9310344827586207,117.73999999999997,3.125,0.0,0.0,0.0,0.0,0.0,0.0,0.0,0.024271844660194174,0.004878048780487805,0.5410628019323671,0.6231884057971014,0.7127777777777778,107.18360577566591,4.780876494023904,0.0,0.796812749003984,5.577689243027888,0.0,0.398406374501992,0.398406374501992,0.0
0.0,0.0,0.3888888888888889,0.8888888888888888,0.8888888888888888,45.359999999999985,9.523809523809524,0.0,0.0,4.761904761904762,0.0,0.0,0.0,0.0,0.05454545454545454,0.0091324200913242,0.5339366515837104,0.5927601809954751,0.6849180327868852,89.65353031747196,4.296875,0.0,0.78125,3.125,0.0,0.390625,0.78125,0.0
0.0,0.0,0.4727272727272727,0.8363636363636363,0.8363636363636363,94.1111111111111,4.761904761904762,0.0,0.0,3.1746031746031744,0.0,0.0,0.0,0.0,0.027906976744186046,0.004672897196261682,0.5092592592592593,0.6388888888888888,0.7540170940170942,108.0,5.118110236220473,0.0,1.968503937007874,3.5433070866141736,0.0,0.3937007874015748,0.3937007874015748,0.0
0.03902439024390244,0.00980392156862745,0.5145631067961165,0.6504854368932039,0.7439252336448597,99.95823604015789,8.225108225108226,0.0,0.0,2.1645021645021645,0.0,0.0,0.0,0.0,0.05166051660516605,0.003703703703703704,0.5110294117647058,0.5845588235294118,0.7397687861271676,104.63860017299322,4.518072289156627,0.0,2.4096385542168677,5.421686746987953,0.0,0.6024096385542169,0.6024096385542169,0.0
0.0,0.0,0.625,1.0,1.0,,0.0,0.0,0.0,0.0,0.0,0.0,0.0,0.0,0.023474178403755867,0.0,0.5514018691588785,0.616822429906542,0.740782608695652,107.0,4.435483870967742,0.0,0.0,3.225806451612903,0.0,0.0,0.4032258064516129,0.0
0.0,0.0,0.6428571428571429,0.9285714285714286,0.9285714285714286,54.88000000000004,0.0,0.0,15.789473684210527,5.2631578947368425,0.0,0.0,0.0,0.0,0.04040404040404041,0.015228426395939087,0.5376884422110553,0.6482412060301508,0.7177000000000001,112.52727242874032,5.042016806722689,0.0,0.8403361344537815,5.042016806722689,0.0,0.42016806722689076,0.42016806722689076,0.0
0.02185792349726776,0.0,0.5217391304347826,0.6684782608695652,0.8021176470588235,132.4919730217536,7.281553398058253,0.0,0.0,2.912621359223301,0.0,0.0,0.0,0.4854368932038835,0.05263157894736842,0.012195121951219513,0.5362903225806451,0.532258064516129,0.6632885906040268,66.99255987991384,3.4246575342465753,0.0,1.36986301369863,3.767123287671233,0.0,0.0,0.3424657534246575,0.0
0.0,0.0,0.4666666666666667,1.0,1.0,15.0,10.526315789473685,0.0,0.0,0.0,0.0,0.0,0.0,0.0,0.0,0.0,0.5657894736842105,0.8026315789473685,0.8026315789473685,107.8186666666667,3.260869565217391,0.0,0.0,3.260869565217391,0.0,1.0869565217391304,0.0,0.0
0.0,0.0,0.5882352941176471,0.8823529411764706,0.8823529411764706,40.459999999999994,5.555555555555555,0.0,0.0,0.0,0.0,0.0,0.0,0.0,0.0,0.0,0.5172413793103449,0.7816091954022989,0.7816091954022989,111.54315789473688,4.0,0.0,0.0,4.0,0.0,0.0,0.0,0.0
0.0,0.0,0.35714285714285715,1.0,1.0,14.0,12.5,0.0,0.0,0.0,0.0,0.0,0.0,0.0,0.013333333333333334,0.0,0.5,0.7763157894736842,0.7763157894736842,95.13411764705882,4.444444444444445,0.0,0.0,4.444444444444445,0.0,0.0,0.0,0.0
0.0,0.0,0.6666666666666666,1.0,1.0,,0.0,0.0,0.0,0.0,0.0,0.0,0.0,0.0,0.011627906976744186,0.0,0.4482758620689655,0.7816091954022989,0.7816091954022989,111.54315789473688,3.9215686274509802,0.0,0.9803921568627451,0.9803921568627451,0.0,0.0,0.0,0.0
0.0,0.0,0.6666666666666666,1.0,1.0,,25.0,0.0,0.0,0.0,0.0,0.0,0.0,0.0,0.0,0.0,0.5,0.8448275862068966,0.8448275862068966,104.65777777777781,4.477611940298508,0.0,0.0,2.985074626865672,0.0,0.0,0.0,0.0
0.0,0.0,0.5,0.8157894736842105,0.8157894736842105,57.76,7.142857142857142,0.0,0.0,2.380952380952381,0.0,0.0,0.0,0.0,0.00980392156862745,0.0,0.46601941747572817,0.7766990291262136,0.7750000000000001,129.15304347826088,4.132231404958678,0.0,0.0,4.132231404958678,0.0,0.8264462809917356,0.0,0.0
0.0,0.0,0.0,1.0,1.0,,0.0,20.0,0.0,0.0,0.0,20.0,0.0,0.0,0.0,0.0,0.4788732394366197,0.8591549295774648,0.8591549295774648,141.14799999999997,4.651162790697675,0.0,1.1627906976744187,1.1627906976744187,0.0,0.0,0.0,0.0
0.0,0.0,0.4782608695652174,0.8695652173913043,0.8695652173913043,49.37333333333333,7.407407407407407,0.0,3.7037037037037037,3.7037037037037037,0.0,0.0,0.0,0.0,0.0,0.0,0.43529411764705883,0.8235294117647058,0.8235294117647058,134.86666666666665,5.050505050505051,0.0,0.0,3.0303030303030303,0.0,0.0,0.0,0.0
0.0,0.0,0.3684210526315789,0.8947368421052632,0.8947368421052632,50.54000000000001,4.3478260869565215,0.0,0.0,4.3478260869565215,0.0,0.0,0.0,0.0,0.0,0.0,0.48863636363636365,0.8409090909090909,0.8409090909090909,154.88000000000005,4.761904761904762,0.0,0.0,4.761904761904762,0.0,0.0,0.0,0.0
0.0196078431372549,0.0,0.5,0.8461538461538461,0.8461538461538461,94.64000000000001,5.357142857142858,0.0,0.0,1.7857142857142858,0.0,0.0,0.0,0.0,0.0,0.0,0.4647887323943662,0.8732394366197183,0.8732394366197183,156.83111111111106,4.819277108433735,0.0,0.0,2.4096385542168677,0.0,0.0,0.0,0.0
0.0,0.0,0.3888888888888889,0.9444444444444444,0.9444444444444444,90.71999999999997,4.761904761904762,4.761904761904762,0.0,4.761904761904762,0.0,0.0,0.0,0.0,0.0,0.0,0.46153846153846156,0.8307692307692308,0.8307692307692308,107.54545454545459,5.333333333333333,0.0,0.0,4.0,0.0,0.0,0.0,0.0
0.0,0.0,0.5068493150684932,0.7945205479452054,0.7945205479452054,99.47466666666665,3.6585365853658534,0.0,1.2195121951219512,2.4390243902439024,0.0,0.0,0.0,0.0,0.0,0.0,0.4838709677419355,0.8709677419354839,0.8709677419354839,134.54000000000002,4.225352112676056,0.0,0.0,5.633802816901408,0.0,0.0,0.0,0.0
0.01818181818181818,0.0,0.5178571428571429,0.8035714285714286,0.8035714285714286,79.82545454545456,0.0,0.0,0.0,1.7241379310344827,0.0,0.0,0.0,0.0,0.030927835051546393,0.0051813471502590676,0.5230769230769231,0.6256410256410256,0.7299999999999999,92.86596958174906,4.23728813559322,0.0,0.423728813559322,4.23728813559322,0.0,0.423728813559322,0.0,0.0
0.0,0.0,0.44,0.88,0.88,58.33333333333334,10.0,0.0,3.3333333333333335,3.3333333333333335,0.0,0.0,0.0,0.0,0.041237113402061855,0.0051813471502590676,0.49743589743589745,0.6461538461538462,0.7533333333333334,107.52977915137467,4.621848739495799,0.0,0.0,3.7815126050420167,0.0,0.42016806722689076,0.42016806722689076,0.0
0.0,0.0,0.5915492957746479,0.7887323943661971,0.7887323943661971,94.09866666666666,7.692307692307693,0.0,0.0,0.0,0.0,0.0,0.0,0.0,0.04568527918781726,0.0,0.5151515151515151,0.6111111111111112,0.7072727272727274,99.47068145800317,4.979253112033195,0.0,0.4149377593360996,2.4896265560165975,0.0,0.0,0.0,0.0
0.0,0.0,0.5,1.0,1.0,,0.0,0.0,11.11111111111111,0.0,0.0,0.0,0.0,0.0,0.058091286307053944,0.0125,0.47107438016528924,0.5950413223140496,0.7466433566433567,94.78426873031762,5.298013245033113,0.0,0.6622516556291391,3.6423841059602653,0.0,0.33112582781456956,0.6622516556291391,0.0
0.0,0.0,0.5384615384615384,0.9230769230769231,0.9230769230769231,94.64000000000007,3.3333333333333335,0.0,3.3333333333333335,3.3333333333333335,0.0,0.0,0.0,0.0,0.04081632653061224,0.0,0.5076142131979695,0.6345177664974619,0.7888775510204082,125.11617768184271,4.4,0.0,0.4,4.4,0.0,0.0,0.8,0.4
0.0,0.0,0.38095238095238093,0.9523809523809523,0.9523809523809523,123.47999999999988,0.0,0.0,4.3478260869565215,4.3478260869565215,0.0,0.0,0.0,0.0,0.05649717514124294,0.005681818181818182,0.4943820224719101,0.6573033707865169,0.7317721518987343,115.11833104504089,5.829596412556054,0.0,0.4484304932735426,3.587443946188341,0.0,1.345291479820628,0.0,0.0
0.02,0.0,0.5490196078431373,0.7254901960784313,0.7254901960784313,44.032786885245905,3.508771929824561,0.0,1.7543859649122806,0.0,0.0,0.0,0.0,0.0,0.017964071856287425,0.0,0.5357142857142857,0.6369047619047619,0.7084057971014494,84.0,4.672897196261682,0.0,0.4672897196261682,4.205607476635514,0.0,0.0,0.9345794392523364,0.0
0.0196078431372549,0.0,0.5961538461538461,0.7692307692307693,0.7692307692307693,63.093333333333355,3.508771929824561,0.0,1.7543859649122806,3.508771929824561,0.0,0.0,0.0,0.0,0.04081632653061224,0.0,0.508130081300813,0.6016260162601627,0.7502040816326531,107.40874695395665,4.304635761589404,0.0,0.33112582781456956,4.966887417218543,0.0,0.9933774834437087,0.0,0.0
0.0,0.0,0.5416666666666666,0.9166666666666666,0.9166666666666666,161.27999999999994,5.769230769230769,0.0,0.0,0.0,0.0,0.0,0.0,0.0,0.02531645569620253,0.0,0.5157232704402516,0.6918238993710691,0.7626666666666665,100.97717528125246,4.5,0.0,0.5,2.0,0.0,1.0,0.0,0.0
0.03571428571428571,0.0,0.5789473684210527,0.7719298245614035,0.7719298245614035,69.97846153846153,8.064516129032258,0.0,0.0,0.0,0.0,0.0,0.0,0.0,0.03278688524590164,0.0,0.5306122448979592,0.6081632653061224,0.7512328767123289,119.05898876404494,5.3156146179401995,0.0,0.6644518272425249,3.654485049833887,0.0,0.33222591362126247,0.33222591362126247,0.0
0.029411764705882353,0.0,0.5652173913043478,0.7536231884057971,0.7536231884057971,78.41647058823531,7.792207792207792,1.2987012987012987,1.2987012987012987,1.2987012987012987,0.0,0.0,0.0,1.2987012987012987,0.03626943005181347,0.0,0.5103092783505154,0.6288659793814433,0.7454736842105263,105.05739343738975,5.02092050209205,0.0,0.41841004184100417,4.602510460251046,0.0,0.41841004184100417,0.41841004184100417,0.0
0.0,0.0,0.5,1.0,1.0,,0.0,0.0,0.0,0.0,0.0,0.0,0.0,0.0,0.049315068493150684,0.0027472527472527475,0.4426229508196721,0.5655737704918032,0.7805992509363296,144.12632033208664,3.925619834710744,0.0,1.0330578512396695,3.0991735537190084,0.0,1.6528925619834711,0.8264462809917356,0.0
0.0,0.0,0.5357142857142857,0.9285714285714286,0.9285714285714286,109.76000000000008,16.129032258064516,0.0,0.0,0.0,0.0,3.225806451612903,0.0,0.0,0.06150341685649203,0.00684931506849315,0.4431818181818182,0.5204545454545455,0.7502346041055719,115.70242597546353,3.652173913043478,0.0,1.2173913043478262,3.3043478260869565,0.0,1.391304347826087,0.5217391304347826,0.0
0.0,0.0,0.6428571428571429,0.9285714285714286,0.9285714285714286,54.88000000000004,6.666666666666667,0.0,0.0,0.0,0.0,0.0,0.0,0.0,0.07142857142857142,0.0076726342710997444,0.4300254452926209,0.5368956743002544,0.7301360544217687,102.41748093783266,3.6231884057971016,0.0,0.9057971014492754,2.536231884057971,0.0,1.9927536231884058,0.7246376811594203,0.0
0.0,0.0,0.44,0.86,0.86,100.0,0.0,0.0,0.0,1.8867924528301887,0.0,0.0,0.0,0.0,0.08097165991902834,0.012170385395537525,0.4707070707070707,0.48282828282828283,0.7247474747474747,84.53993966176992,3.8109756097560976,0.0,1.0670731707317074,3.048780487804878,0.0,2.591463414634146,0.1524390243902439,0.0
0.02857142857142857,0.0,0.6111111111111112,0.8055555555555556,0.8055555555555556,51.84000000000001,7.317073170731707,0.0,0.0,4.878048780487805,0.0,0.0,0.0,0.0,0.06756756756756757,0.013544018058690745,0.4314606741573034,0.5460674157303371,0.7666473988439306,108.86095856727184,3.466204506065858,0.0,1.3864818024263432,3.292894280762565,0.0,1.2131715771230502,0.8665511265164645,0.0
0.10526315789473684,0.08108108108108109,0.5897435897435898,0.7692307692307693,0.7692307692307693,47.320000000000014,4.878048780487805,0.0,0.0,0.0,0.0,0.0,0.0,0.0,0.0425,0.007518796992481203,0.42144638403990026,0.5785536159600998,0.7997350993377483,147.1755319148936,3.7453183520599254,0.0,0.9363295880149813,3.7453183520599254,0.0,1.8726591760299627,0.5617977528089888,0.0
0.0,0.0,0.4915254237288136,0.8305084745762712,0.8305084745762712,97.46800000000002,1.639344262295082,0.0,0.0,1.639344262295082,0.0,0.0,0.0,0.0,0.03468208092485549,0.0,0.4265129682997118,0.5821325648414986,0.7468145161290323,119.93844696969697,2.4719101123595504,0.0,1.348314606741573,2.4719101123595504,0.0,1.797752808988764,0.449438202247191,0.0
0.0,0.0,0.5142857142857142,0.7285714285714285,0.7285714285714285,71.10526315789474,8.75,0.0,1.25,1.25,0.0,0.0,0.0,0.0,0.04728132387706856,0.0,0.4410377358490566,0.5424528301886793,0.7439692307692308,113.83172084623324,3.7974683544303796,0.0,1.6274864376130198,4.3399638336347195,0.0,1.9891500904159132,0.18083182640144665,0.0
0.0,0.0,0.4117647058823529,0.9705882352941176,0.9705882352941176,323.67999999999995,10.0,0.0,0.0,0.0,0.0,0.0,0.0,0.0,0.04487179487179487,0.006430868167202572,0.3961661341853035,0.5814696485623003,0.7460280373831775,125.10512903944573,3.404255319148936,0.0,1.0638297872340425,2.978723404255319,0.0,1.702127659574468,0.0,0.0
0.0,0.0,0.5454545454545454,0.8636363636363636,0.8636363636363636,90.34666666666668,5.88235294117647,0.0,3.9215686274509802,5.88235294117647,0.0,0.0,0.0,0.0,0.056179775280898875,0.008450704225352112,0.3949579831932773,0.6190476190476191,0.7974418604651163,189.04450619101644,2.9914529914529915,0.0,1.0683760683760684,3.6324786324786325,0.0,2.3504273504273505,0.641025641025641,0.0
0.0,0.0,0.375,0.9583333333333334,0.9583333333333334,161.28000000000014,7.407407407407407,0.0,0.0,3.7037037037037037,0.0,0.0,0.0,0.0,0.02694610778443114,0.0,0.417910447761194,0.5791044776119403,0.761864406779661,118.88958584236585,3.3557046979865772,0.0,1.1185682326621924,4.697986577181208,0.0,2.460850111856823,0.6711409395973154,0.0
0.0,0.0,0.42857142857142855,1.0,1.0,14.0,11.764705882352942,0.0,0.0,5.882352941176471,0.0,0.0,0.0,0.0,0.0425531914893617,0.005333333333333333,0.40583554376657827,0.5358090185676393,0.7552517985611512,116.37179487179486,3.281853281853282,0.0,1.5444015444015444,3.667953667953668,0.0,2.8957528957528957,0.7722007722007722,0.0
0.0,0.0,0.4166666666666667,0.9166666666666666,0.9166666666666666,40.319999999999986,7.6923076923076925,0.0,0.0,0.0,0.0,0.0,0.0,0.0,0.036211699164345405,0.0,0.43333333333333335,0.5777777777777777,0.7542911877394636,125.00927089685038,3.601694915254237,0.0,1.271186440677966,3.601694915254237,0.0,2.330508474576271,1.059322033898305,0.0
0.0,0.0,0.47368421052631576,0.7894736842105263,0.7894736842105263,50.54000000000001,12.76595744680851,0.0,0.0,8.51063829787234,0.0,2.127659574468085,0.0,0.0,0.041176470588235294,0.0,0.4398826979472141,0.5835777126099707,0.76400826446281,132.59700454656485,3.275109170305677,0.0,1.7467248908296944,4.148471615720524,0.0,2.4017467248908297,0.6550218340611353,0.0
0.0,0.0,0.0,1.0,1.0,,20.0,0.0,0.0,0.0,0.0,0.0,0.0,0.0,0.012345679012345678,0.0,0.5214723926380368,0.7239263803680982,0.7954687500000001,165.31822222222226,5.050505050505051,0.0,0.0,4.545454545454546,0.0,1.0101010101010102,0.5050505050505051,0.0
0.024390243902439025,0.0,0.5238095238095238,0.9047619047619048,0.9047619047619048,123.48000000000002,6.382978723404255,2.127659574468085,2.127659574468085,0.0,0.0,0.0,0.0,0.0,0.024242424242424242,0.006097560975609756,0.4759036144578313,0.6867469879518072,0.7411940298507462,111.80144883175186,4.326923076923077,0.0,0.0,5.769230769230769,0.0,1.4423076923076923,0.9615384615384616,0.0
0.0,0.0,0.5,0.8421052631578947,0.8421052631578947,67.38666666666666,2.127659574468085,2.127659574468085,0.0,4.25531914893617,0.0,4.25531914893617,0.0,0.0,0.01675977653631285,0.0,0.5,0.6888888888888889,0.7719753086419753,127.98981741573033,4.504504504504505,0.0,0.45045045045045046,2.7027027027027026,0.0,1.3513513513513513,0.9009009009009009,0.0
0.0,0.0,0.16666666666666666,1.0,1.0,,12.5,0.0,12.5,0.0,0.0,0.0,0.0,0.0,0.014184397163120567,0.007142857142857143,0.4647887323943662,0.7816901408450704,0.8353488372093024,182.12645161290322,4.49438202247191,0.0,0.0,5.056179775280899,0.0,0.5617977528089888,0.5617977528089888,0.0
0.0,0.0,0.45454545454545453,1.0,1.0,11.0,60.0,0.0,0.0,0.0,0.0,0.0,0.0,15.0,0.0,0.0,0.5192307692307693,0.6923076923076923,0.7714035087719296,116.63782829397485,4.591836734693878,0.0,1.0204081632653061,4.081632653061225,0.0,1.0204081632653061,0.5102040816326531,0.0
0.0,0.0,0.4857142857142857,0.9142857142857143,0.9142857142857143,114.33333333333331,7.894736842105264,0.0,2.6315789473684212,0.0,0.0,0.0,0.0,0.0,0.023809523809523808,0.0,0.4970414201183432,0.6863905325443787,0.7750000000000001,122.75747607655502,3.686635944700461,0.0,0.0,3.686635944700461,0.0,1.3824884792626728,1.3824884792626728,0.0
0.0,0.0,0.6153846153846154,1.0,1.0,13.0,18.75,0.0,0.0,0.0,0.0,0.0,0.0,0.0,0.026881720430107527,0.0,0.48663101604278075,0.6631016042780749,0.7537500000000001,133.46854321753517,4.700854700854701,0.0,0.0,4.700854700854701,0.0,0.8547008547008547,0.42735042735042733,0.0
0.0,0.0,0.42857142857142855,0.8333333333333334,0.8333333333333334,70.56000000000003,4.444444444444445,0.0,0.0,2.2222222222222223,0.0,0.0,0.0,0.0,0.017142857142857144,0.0,0.5056818181818182,0.7102272727272727,0.7983116883116885,162.07594936708858,3.669724770642202,0.0,0.0,4.128440366972478,0.0,0.9174311926605505,0.9174311926605505,0.0
0.0,0.0,0.41818181818181815,0.7636363636363637,0.7636363636363637,49.81572904707234,7.352941176470589,0.0,0.0,7.352941176470589,0.0,0.0,0.0,0.0,0.02702702702702703,0.0,0.5033557046979866,0.738255033557047,0.8003999999999999,159.3917948717949,3.7037037037037033,0.0,0.0,3.7037037037037033,0.0,1.0582010582010581,1.0582010582010581,0.0
0.021739130434782608,0.0,0.5531914893617021,0.851063829787234,0.851063829787234,88.36000000000001,4.081632653061225,0.0,0.0,0.0,0.0,0.0,0.0,0.0,0.012269938650306749,0.0,0.4573170731707317,0.7134146341463414,0.802923076923077,164.0,3.482587064676617,0.0,0.0,5.472636815920398,0.0,0.4975124378109453,0.9950248756218906,0.0
0.0,0.0,0.48148148148148145,0.8888888888888888,0.8888888888888888,68.03999999999998,6.666666666666667,3.3333333333333335,0.0,0.0,0.0,0.0,0.0,0.0,0.013245033112582781,0.0,0.5197368421052632,0.7302631578947368,0.750566037735849,154.89170731707316,4.2105263157894735,0.0,0.0,4.2105263157894735,0.0,1.0526315789473684,0.5263157894736842,0.0
0.061224489795918366,0.020833333333333332,0.52,0.74,0.74,53.846153846153854,14.545454545454545,0.0,0.0,1.8181818181818181,0.0,0.0,0.0,3.6363636363636362,0.011976047904191617,0.0,0.4523809523809524,0.7559523809523809,0.843913043478261,192.74926829268293,4.3478260869565215,0.0,0.0,4.3478260869565215,0.0,0.4830917874396135,0.4830917874396135,0.0
0.0,0.0,0.5185185185185185,0.8148148148148148,0.8148148148148148,40.82399999999999,11.11111111111111,0.0,5.555555555555555,0.0,0.0,0.0,0.0,2.7777777777777777,0.024390243902439025,0.0,0.5097087378640777,0.6650485436893204,0.7407476635514019,115.06915506722643,4.761904761904762,0.0,0.7936507936507936,2.380952380952381,0.0,0.7936507936507936,0.7936507936507936,0.0
0.0,0.0,0.4117647058823529,0.8823529411764706,0.8823529411764706,40.459999999999994,19.047619047619047,0.0,4.761904761904762,0.0,0.0,4.761904761904762,0.0,0.0,0.018633540372670808,0.0,0.5246913580246914,0.6790123456790124,0.7346031746031747,113.60397278485962,4.5,0.0,0.0,4.0,0.0,1.5,1.5,0.0
0.02040816326530612,0.0,0.46464646464646464,0.696969696969697,0.696969696969697,80.05744544287549,9.649122807017543,0.0,0.0,1.7543859649122806,0.0,0.0,0.0,0.8771929824561403,0.047619047619047616,0.005319148936170213,0.5421052631578948,0.6789473684210526,0.761978021978022,146.73076923076923,3.5242290748898677,0.0,0.0,2.643171806167401,0.0,1.3215859030837005,0.8810572687224669,0.0
0.0,0.0,0.49230769230769234,0.8307692307692308,0.8307692307692308,107.54545454545459,11.842105263157896,0.0,0.0,0.0,0.0,1.3157894736842106,0.0,1.3157894736842106,0.011049723756906077,0.0,0.45604395604395603,0.7307692307692307,0.8366265060240964,189.28,3.964757709251101,0.0,0.0,5.286343612334802,0.0,0.8810572687224669,0.8810572687224669,0.0
0.0,0.0,0.4,0.9,0.9,28.000000000000007,0.0,9.090909090909092,0.0,0.0,0.0,0.0,0.0,0.0,0.031055900621118012,0.0,0.5185185185185185,0.6604938271604939,0.7087301587301588,110.00239234449761,4.060913705583756,0.0,0.0,4.060913705583756,0.0,1.5228426395939085,0.5076142131979695,0.0
0.03571428571428571,0.006514657980456026,0.49838187702265374,0.6245954692556634,0.7538571428571429,111.4158922423081,4.69208211143695,0.5865102639296188,0.5865102639296188,1.7595307917888565,0.0,1.466275659824047,0.0,0.2932551319648094,0.011494252873563218,0.0,0.4857142857142857,0.76,0.8090789473684211,204.1666666666667,4.4843049327354265,0.0,0.0,7.174887892376682,0.0,0.8968609865470852,0.8968609865470852,0.0
0.0,0.0,0.55,1.0,1.0,20.0,31.81818181818182,0.0,0.0,0.0,0.0,0.0,0.0,9.090909090909092,0.047058823529411764,0.01775147928994083,0.49122807017543857,0.7251461988304093,0.7469444444444444,171.0,4.265402843601896,0.0,0.0,2.843601895734597,0.0,1.4218009478672986,0.0,0.0
0.0,0.0,0.5111111111111111,0.8888888888888888,0.8888888888888888,113.39999999999996,14.0,0.0,2.0,0.0,0.0,0.0,0.0,4.0,0.006289308176100629,0.0,0.4625,0.7375,0.8163934426229507,170.6666666666667,5.472636815920398,0.0,0.0,2.4875621890547266,0.0,0.9950248756218906,0.4975124378109453,0.4975124378109453
0.01694915254237288,0.0,0.5666666666666667,0.7833333333333333,0.7833333333333333,77.53846153846155,7.246376811594203,1.4492753623188406,1.4492753623188406,0.0,0.0,1.4492753623188406,0.0,1.4492753623188406,0.02702702702702703,0.006802721088435374,0.46308724832214765,0.7516778523489933,0.7938,168.0075675675676,3.804347826086956,0.0,0.0,3.804347826086956,0.0,1.6304347826086956,1.0869565217391304,0.0
0.0,0.0,0.5208333333333334,0.8125,0.8125,71.68,11.538461538461538,0.0,0.0,0.0,0.0,0.0,0.0,1.9230769230769231,0.012121212121212121,0.0,0.5240963855421686,0.6867469879518072,0.7441791044776119,117.7787780278403,4.433497536945813,0.0,0.0,2.955665024630542,0.0,0.9852216748768473,0.49261083743842365,0.0
0.022222222222222223,0.0,0.5217391304347826,0.8260869565217391,0.8260869565217391,74.06,5.88235294117647,0.0,1.9607843137254901,0.0,0.0,0.0,0.0,0.0,0.012195121951219513,0.0,0.4666666666666667,0.7272727272727273,0.7925757575757576,167.20000000000002,3.9603960396039604,0.0,0.0,3.4653465346534653,0.0,0.9900990099009901,0.9900990099009901,0.0
0.0,0.0,0.3424657534246575,0.8767123287671232,0.8767123287671232,165.79111111111106,3.7037037037037033,0.0,0.0,0.0,0.0,3.7037037037037033,0.0,0.0,0.03825136612021858,0.005494505494505495,0.532608695652174,0.6739130434782609,0.7188235294117648,114.62842744923671,3.65296803652968,0.0,0.45662100456621,4.5662100456621,0.0,0.45662100456621,0.45662100456621,0.0
0.05,0.01694915254237288,0.4426229508196721,0.7704918032786885,0.7704918032786885,74.42,4.225352112676056,0.0,2.816901408450704,1.408450704225352,0.0,1.408450704225352,0.0,0.0,0.0196078431372549,0.0,0.461038961038961,0.7597402597402597,0.7932727272727274,179.47243243243244,4.040404040404041,0.0,0.0,4.040404040404041,0.0,1.0101010101010102,1.0101010101010102,0.0
