human_dep_distance_mean,human_tree_depth_mean,human_tree_depth_max,human_subordinate_clause_rate,human_n_sentences,llm_dep_distance_mean,llm_tree_depth_mean,llm_tree_depth_max,llm_subordinate_clause_rate,llm_n_sentences
1.75,2.0,2.0,0.0,3,2.4565217391304346,2.6666666666666665,4.0,0.0,6
3.625,5.0,5.0,4.0,2,2.3461538461538463,1.8888888888888888,5.0,0.2222222222222222,9
1.9333333333333333,2.3333333333333335,3.0,0.0,3,3.0701754385964914,2.3333333333333335,4.0,0.16666666666666666,6
1.875,1.5,2.0,0.0,2,2.1923076923076925,1.8181818181818181,3.0,0.18181818181818182,11
1.0,1.0,1.0,0.0,1,2.819277108433735,2.875,6.0,0.375,8
1.7692307692307692,2.5,4.0,0.5,2,2.8,3.0,5.0,0.14285714285714285,7
2.0,2.0,2.0,0.0,1,3.3452380952380953,2.7142857142857144,5.0,0.14285714285714285,7
1.0,1.0,1.0,0.0,2,2.7794117647058822,2.5714285714285716,4.0,0.14285714285714285,7
3.3636363636363638,2.0,3.0,0.5,2,2.347826086956522,2.125,4.0,0.125,8
2.5652173913043477,2.5,3.0,0.0,2,2.7966101694915255,3.0,5.0,0.3333333333333333,6
3.3548387096774195,2.0,5.0,0.6666666666666666,3,2.9746835443037973,2.3333333333333335,5.0,0.3888888888888889,18
2.911111111111111,2.0,4.0,0.2,5,2.2378378378378376,2.129032258064516,6.0,0.2903225806451613,31
3.9661016949152543,3.3333333333333335,5.0,2.0,3,2.563758389261745,2.2857142857142856,4.0,0.23809523809523808,21
2.5454545454545454,4.0,4.0,1.0,1,2.808743169398907,2.24,5.0,0.52,25
3.3333333333333335,4.0,5.0,1.3333333333333333,3,2.7709923664122136,2.176470588235294,6.0,0.29411764705882354,17
2.6,2.0,2.0,0.0,1,2.5194805194805197,2.7,5.0,0.4,10
2.25,2.0,2.0,0.0,2,2.607142857142857,2.5,4.0,0.3,10
3.1666666666666665,2.0,2.0,0.0,1,2.533333333333333,2.5833333333333335,4.0,0.4166666666666667,12
2.5384615384615383,3.0,3.0,1.0,1,2.691780821917808,2.05,4.0,0.2,20
2.5,4.0,4.0,1.0,1,2.7777777777777777,1.75,3.0,0.25,24
2.375,2.0,2.0,0.0,1,2.4075829383886256,1.9743589743589745,4.0,0.07692307692307693,39
2.0,4.0,4.0,3.0,1,2.0733333333333333,1.6756756756756757,3.0,0.02702702702702703,37
2.0,2.0,2.0,0.0,1,1.8857142857142857,1.3076923076923077,3.0,0.23076923076923078,13
2.1818181818181817,1.5,2.0,0.0,2,2.491228070175439,1.5333333333333334,3.0,0.26666666666666666,15
2.6666666666666665,5.0,5.0,2.0,1,1.8983050847457628,1.3333333333333333,3.0,0.125,24
2.0,1.5,2.0,0.0,2,2.3684210526315788,1.25,2.0,0.125,16
2.6,2.0,2.0,0.0,1,2.5526315789473686,2.1333333333333333,5.0,0.3333333333333333,15
2.625,3.0,3.0,0.0,1,2.5,2.375,4.0,0.25,8
2.4444444444444446,1.6666666666666667,2.0,0.3333333333333333,3,2.9420289855072466,2.0,4.0,0.1111111111111111,9
2.5,2.0,4.0,0.5,2,2.984126984126984,2.5714285714285716,5.0,0.42857142857142855,7
2.6,2.0,3.0,0.6666666666666666,3,2.473684210526316,3.0,5.0,0.16666666666666666,6
3.870967741935484,4.0,4.0,4.0,1,2.8181818181818183,3.3333333333333335,5.0,0.5,6
2.3636363636363638,2.0,2.0,0.0,2,2.830508474576271,3.142857142857143,6.0,0.42857142857142855,7
3.933333333333333,4.0,4.0,0.0,1,2.7560975609756095,2.6,5.0,0.4,5
2.3076923076923075,2.5,3.0,0.0,2,2.705426356589147,2.7857142857142856,4.0,0.35714285714285715,14
3.0416666666666665,7.0,7.0,2.0,1,2.591240875912409,2.25,5.0,0.4,20
2.25,2.5,3.0,0.5,2,2.4871794871794872,2.3125,4.0,0.25,16
2.5217391304347827,2.25,3.0,0.25,4,2.3714285714285714,2.375,4.0,0.25,24
3.7613636363636362,3.75,5.0,1.0,4,2.6875,2.2941176470588234,4.0,0.23529411764705882,17
2.6,2.0,2.0,0.0,2,2.5161290322580645,2.4285714285714284,5.0,0.14285714285714285,14
4.514285714285714,6.0,6.0,0.0,1,2.5328947368421053,2.380952380952381,4.0,0.6190476190476191,21
3.1666666666666665,5.0,7.0,2.0,2,2.7731481481481484,2.6206896551724137,5.0,0.27586206896551724,29
2.466666666666667,2.0,3.0,0.5,2,2.5751633986928106,2.5,5.0,0.35,20
3.1159420289855073,4.25,5.0,1.0,4,2.8718861209964412,2.7777777777777777,6.0,0.4444444444444444,27
3.5181518151815183,3.5555555555555554,6.0,1.1666666666666667,18,2.740566037735849,2.9166666666666665,5.0,0.2916666666666667,24
2.0625,2.5,3.0,0.5,2,2.5180722891566263,2.260869565217391,6.0,0.21739130434782608,23
2.1666666666666665,2.0,2.0,0.0,1,2.5675675675675675,3.125,5.0,0.375,8
2.347826086956522,1.75,3.0,0.0,4,2.4838709677419355,2.0,3.0,0.0,5
2.9722222222222223,5.0,6.0,1.25,4,2.9647058823529413,3.0,5.0,0.5555555555555556,9
3.0285714285714285,3.75,5.0,1.5,4,2.723684210526316,2.5555555555555554,5.0,0.4444444444444444,9
2.4210526315789473,2.0,2.0,0.3333333333333333,3,2.6666666666666665,2.4,5.0,0.4,10
2.5675675675675675,2.75,4.0,0.75,4,2.651685393258427,2.3636363636363638,5.0,0.5454545454545454,11
2.0,1.5,2.0,0.0,2,2.492063492063492,2.0,4.0,0.4444444444444444,9
3.3966480446927374,4.090909090909091,7.0,1.5454545454545454,11,2.802721088435374,3.230769230769231,6.0,0.8461538461538461,13
2.625,1.5,3.0,0.5,2,2.8297872340425534,2.3157894736842106,5.0,0.3684210526315789,19
2.909090909090909,2.0,4.0,0.5,2,2.525252525252525,2.0294117647058822,5.0,0.29411764705882354,34
1.8571428571428572,1.0,2.0,0.0,2,2.5895953757225434,1.88,3.0,0.24,25
2.1176470588235294,1.5,5.0,0.5,4,2.4532374100719423,2.1578947368421053,5.0,0.3157894736842105,19
3.3,1.6666666666666667,4.0,0.6666666666666666,3,2.272,1.6521739130434783,5.0,0.13043478260869565,23
2.7058823529411766,4.0,4.0,0.0,1,2.608433734939759,2.3636363636363638,4.0,0.4090909090909091,22
2.8125,3.5,7.0,0.5,2,2.4491017964071857,2.111111111111111,5.0,0.14814814814814814,27
2.7777777777777777,1.5,3.0,0.5,2,2.5433526011560694,2.3181818181818183,5.0,0.3181818181818182,22
2.8421052631578947,3.0,6.0,2.0,2,2.6838235294117645,2.0,4.0,0.2857142857142857,21
1.4,2.0,2.0,0.0,1,2.707317073170732,2.526315789473684,4.0,0.2631578947368421,19
2.1333333333333333,1.3333333333333333,2.0,0.0,3,2.52,2.0714285714285716,4.0,0.32142857142857145,28
2.3333333333333335,3.0,3.0,0.3333333333333333,3,2.3445378151260505,2.0869565217391304,5.0,0.5652173913043478,23
3.3333333333333335,3.5,4.0,1.5,2,3.040462427745665,2.2,4.0,0.2,20
2.4444444444444446,2.3333333333333335,4.0,1.0,3,2.6319018404907975,2.2916666666666665,5.0,0.4166666666666667,24
2.6944444444444446,2.5,5.0,0.5,4,2.0,1.8823529411764706,3.0,0.058823529411764705,17
4.28125,2.5,4.0,0.5,2,2.7333333333333334,2.1052631578947367,4.0,0.21052631578947367,19
2.0,2.0,2.0,0.0,1,3.126865671641791,3.25,5.0,0.3333333333333333,12
3.8641975308641974,3.1666666666666665,6.0,1.0,6,2.8595041322314048,2.769230769230769,4.0,0.15384615384615385,13
4.277777777777778,3.0,3.0,0.0,1,3.1206896551724137,3.2,5.0,0.2,10
3.576388888888889,3.888888888888889,6.0,0.7777777777777778,9,2.4390243902439024,2.6,5.0,0.5333333333333333,15
3.3617021276595747,4.666666666666667,6.0,0.6666666666666666,3,2.25,1.8333333333333333,3.0,0.08333333333333333,12
2.185185185185185,3.3333333333333335,4.0,0.6666666666666666,3,2.9904761904761905,2.3636363636363638,4.0,0.36363636363636365,11
3.8181818181818183,2.0,2.0,0.0,1,2.3544303797468356,2.3333333333333335,5.0,0.5,12
2.411764705882353,2.3333333333333335,3.0,0.0,3,2.4958677685950414,2.375,4.0,0.4375,16
2.2,1.0,1.0,0.0,1,2.4857142857142858,2.0625,4.0,0.375,32
3.0297029702970297,2.4545454545454546,6.0,0.36363636363636365,11,2.6102564102564103,2.1875,6.0,0.34375,32
4.390625,4.333333333333333,6.0,0.0,3,2.3333333333333335,2.0,5.0,0.2857142857142857,35
3.227272727272727,4.0,4.0,0.0,1,2.4598930481283423,2.0,6.0,0.2647058823529412,34
2.9782608695652173,2.75,4.0,1.5,4,2.719047619047619,2.121212121212121,6.0,0.3939393939393939,33
3.9833333333333334,2.75,4.0,1.25,4,2.46,2.0689655172413794,5.0,0.1724137931034483,29
4.75,3.5,4.0,0.5,2,2.586206896551724,2.3,5.0,0.3,20
2.0,3.0,3.0,0.0,1,2.2096774193548385,2.1818181818181817,3.0,0.09090909090909091,11
1.75,2.0,2.0,0.0,3,2.492063492063492,3.0,5.0,0.16666666666666666,6
2.3333333333333335,2.0,2.0,0.0,1,2.376470588235294,1.9375,4.0,0.1875,16
2.3333333333333335,2.0,2.0,0.0,1,3.0535714285714284,2.272727272727273,3.0,0.6363636363636364,11
2.0,2.0,2.0,0.0,1,2.956896551724138,2.0,4.0,0.6923076923076923,13
1.0,1.0,1.0,0.0,1,3.1491228070175437,2.076923076923077,5.0,0.6153846153846154,13
2.409090909090909,2.3333333333333335,3.0,0.6666666666666666,3,2.6551724137931036,2.6923076923076925,4.0,0.46153846153846156,13
3.605769230769231,4.0,6.0,1.0,5,2.7581967213114753,2.5517241379310347,5.0,0.2413793103448276,29
3.7142857142857144,3.0,3.0,1.5,2,2.3174603174603177,2.0416666666666665,4.0,0.0,24
2.9014084507042255,3.0,5.0,0.8333333333333334,6,2.5273972602739727,3.0,6.0,0.4375,16
2.72972972972973,2.6666666666666665,3.0,1.0,3,2.287671232876712,2.0,4.0,0.4166666666666667,12
3.4210526315789473,3.0,3.0,2.0,1,2.7717391304347827,1.8333333333333333,3.0,0.25,12
2.411764705882353,2.3333333333333335,3.0,0.0,3,2.34375,2.1875,5.0,0.4375,16
3.92,3.6666666666666665,5.0,0.6666666666666666,3,2.6470588235294117,2.3529411764705883,6.0,0.8235294117647058,17
3.0,5.0,6.0,1.5,2,2.2330827067669174,1.88,4.0,0.24,25
3.2857142857142856,5.0,5.0,2.0,1,2.536764705882353,2.35,4.0,0.2,20
2.9444444444444446,6.0,6.0,1.0,1,2.435483870967742,2.411764705882353,5.0,0.4117647058823529,17
2.5,4.5,5.0,0.5,2,2.3333333333333335,1.8636363636363635,4.0,0.22727272727272727,22
4.2272727272727275,6.0,6.0,1.0,1,2.5371900826446283,2.3333333333333335,6.0,0.4,15
2.05,5.0,5.0,3.0,1,2.223404255319149,1.7142857142857142,4.0,0.09523809523809523,21
1.75,1.0,1.0,0.0,1,2.602272727272727,2.230769230769231,4.0,0.23076923076923078,13
2.0,2.0,2.0,0.0,1,2.142857142857143,1.6666666666666667,3.0,0.23809523809523808,21
2.3333333333333335,2.0,2.0,0.0,1,2.3132530120481927,1.625,3.0,0.1875,16
3.566666666666667,4.0,6.0,0.5,2,2.33974358974359,2.074074074074074,5.0,0.2222222222222222,27
2.066666666666667,1.5,3.0,1.0,2,2.4411764705882355,1.8571428571428572,3.0,0.0,7
2.272727272727273,2.5,4.0,0.5,2,2.4871794871794872,2.5,4.0,0.3333333333333333,6
3.2142857142857144,2.0,2.0,0.0,1,2.5813953488372094,3.4,6.0,0.8,5
2.6470588235294117,2.0,2.0,0.0,2,3.55,2.25,4.0,0.75,4
1.3333333333333333,1.0,1.0,0.0,1,2.6666666666666665,1.7142857142857142,3.0,0.14285714285714285,7
3.1,4.0,4.0,0.5,2,2.634920634920635,2.6666666666666665,4.0,0.0,9
3.5,3.25,4.0,0.75,4,2.4444444444444446,2.3333333333333335,3.0,0.3333333333333333,9
3.814814814814815,3.0,4.0,1.0,4,2.4642857142857144,2.625,5.0,0.25,8
2.9166666666666665,4.0,4.0,1.0,1,2.4727272727272727,2.4285714285714284,4.0,0.0,7
2.9473684210526314,2.0,3.0,1.0,2,3.096774193548387,3.2,5.0,0.6,5
3.8947368421052633,4.0,4.0,1.5,2,2.4862385321100917,2.1578947368421053,5.0,0.3157894736842105,19
3.25,6.0,6.0,3.0,1,3.608,2.5454545454545454,5.0,0.45454545454545453,11
2.890909090909091,3.75,4.0,1.25,4,2.466666666666667,1.5263157894736843,3.0,0.15789473684210525,19
2.888888888888889,3.0,3.0,0.0,2,2.522875816993464,1.7419354838709677,4.0,0.2903225806451613,31
3.0952380952380953,5.0,5.0,1.0,1,2.396103896103896,1.896551724137931,4.0,0.3448275862068966,29
2.4,2.6666666666666665,3.0,0.0,3,3.265625,2.45,4.0,0.4,20
3.631205673758865,4.25,7.0,1.25,8,2.359154929577465,1.7096774193548387,3.0,0.12903225806451613,31
3.349282296650718,3.25,6.0,0.625,16,2.5372340425531914,1.7878787878787878,4.0,0.12121212121212122,33
2.125,2.0,2.0,0.0,1,3.3469387755102042,2.1818181818181817,4.0,0.18181818181818182,11
2.7857142857142856,5.0,5.0,2.0,1,2.125984251968504,1.7575757575757576,3.0,0.06060606060606061,33
2.582608695652174,2.411764705882353,4.0,0.29411764705882354,17,2.5084745762711864,2.4210526315789473,4.0,0.3157894736842105,19
3.0,3.0,3.0,0.0,1,2.2446043165467624,1.8571428571428572,4.0,0.2,35
1.8333333333333333,2.0,2.0,0.0,1,2.1359223300970873,1.92,3.0,0.16,25
1.9230769230769231,2.5,3.0,0.5,2,2.1311475409836067,1.903225806451613,4.0,0.16129032258064516,31
2.6666666666666665,3.5,5.0,1.5,2,2.7828054298642533,2.310344827586207,5.0,0.20689655172413793,29
3.3703703703703702,3.9166666666666665,6.0,1.0,12,2.828828828828829,2.75,5.0,0.3333333333333333,24
2.75,2.5,4.0,0.5,4,2.6387832699619773,2.119047619047619,5.0,0.3333333333333333,42
2.9285714285714284,2.0,3.0,0.5,2,2.4029126213592233,2.25,5.0,0.125,32
2.9411764705882355,5.0,5.0,1.0,1,2.802690582959641,2.1875,6.0,0.25,32
3.3823529411764706,6.0,6.0,5.0,1,2.171597633136095,1.7428571428571429,4.0,0.08571428571428572,35
3.7719298245614037,3.8333333333333335,5.0,1.1666666666666667,6,2.8093023255813954,2.1333333333333333,5.0,0.3333333333333333,30
3.35978835978836,4.666666666666667,8.0,0.4444444444444444,9,2.5245098039215685,2.1481481481481484,4.0,0.5925925925925926,27
3.293103448275862,3.857142857142857,5.0,1.7142857142857142,7,2.639810426540284,2.0625,5.0,0.375,32
2.6,5.0,5.0,2.0,1,2.5026737967914436,2.4166666666666665,5.0,0.375,24
2.961038961038961,3.2857142857142856,5.0,0.42857142857142855,7,2.6524064171122994,2.4782608695652173,5.0,0.5217391304347826,23
3.4153846153846152,4.5,5.0,0.25,4,2.7860696517412937,2.6818181818181817,5.0,0.3181818181818182,22
3.1,3.0,3.0,0.0,2,2.5799086757990866,2.096774193548387,5.0,0.3548387096774194,31
2.111111111111111,2.0,2.0,0.0,1,2.743478260869565,2.2333333333333334,7.0,0.3333333333333333,30
4.428571428571429,4.0,4.0,1.0,1,2.661764705882353,2.0625,4.0,0.1875,32
2.5,4.0,4.0,0.0,1,2.354330708661417,2.2777777777777777,5.0,0.3333333333333333,18
2.9788732394366195,3.1818181818181817,5.0,1.0909090909090908,11,2.5046728971962615,2.1176470588235294,5.0,0.5294117647058824,17
2.4166666666666665,3.0,3.0,1.0,2,2.6705882352941175,2.0833333333333335,5.0,0.4166666666666667,12
3.3846153846153846,5.0,8.0,1.5,2,2.510204081632653,1.9333333333333333,5.0,0.4,15
3.9298245614035086,4.571428571428571,6.0,0.7142857142857143,7,2.0849056603773586,1.7391304347826086,4.0,0.17391304347826086,23
3.511111111111111,3.6666666666666665,5.0,0.8888888888888888,9,2.3,2.1666666666666665,5.0,0.25,24
2.5789473684210527,3.0,5.0,1.0,2,2.411764705882353,2.7142857142857144,4.0,0.2857142857142857,7
3.090909090909091,2.5,3.0,0.0,2,2.6646706586826348,2.1904761904761907,4.0,0.42857142857142855,21
1.8,1.0,1.0,0.0,1,3.0316742081447963,2.590909090909091,5.0,0.45454545454545453,22
3.3870967741935485,4.5,6.0,1.5,2,2.6262626262626263,1.8823529411764706,5.0,0.20588235294117646,34
2.909090909090909,4.0,4.0,1.0,1,2.557142857142857,3.0,5.0,0.16666666666666666,6
2.689655172413793,5.0,6.0,1.0,2,2.5625,3.3333333333333335,8.0,0.3333333333333333,6
1.5,3.0,3.0,0.0,1,2.1363636363636362,1.8620689655172413,4.0,0.13793103448275862,29
2.5555555555555554,3.0,3.0,0.0,1,2.6055045871559632,2.1875,5.0,0.1875,16
3.2666666666666666,4.0,4.0,0.0,1,2.2857142857142856,2.1333333333333333,4.0,0.4,15
2.176470588235294,2.3333333333333335,4.0,0.3333333333333333,3,2.457627118644068,2.2142857142857144,4.0,0.35714285714285715,28
2.3636363636363638,1.5,2.0,0.0,2,2.7839506172839505,2.380952380952381,6.0,0.38095238095238093,21
3.1862745098039214,2.3636363636363638,4.0,0.36363636363636365,11,2.8133333333333335,2.875,5.0,0.3125,16
3.5283018867924527,2.5,4.0,0.75,8,2.2757009345794392,2.0454545454545454,5.0,0.1590909090909091,44
3.395348837209302,3.0,4.0,0.6666666666666666,3,3.0056818181818183,2.4210526315789473,6.0,0.6842105263157895,19
3.3684210526315788,3.0,4.0,0.75,4,3.3583333333333334,2.8181818181818183,4.0,0.18181818181818182,11
1.0,1.0,1.0,0.0,1,2.481132075471698,2.75,5.0,0.25,12
4.086956521739131,2.6666666666666665,4.0,1.0,3,2.5113636363636362,2.2857142857142856,6.0,0.14285714285714285,14
2.6,2.0,2.0,0.0,1,2.5137614678899083,2.1052631578947367,4.0,0.21052631578947367,19
1.4,1.0,1.0,0.0,2,2.4193548387096775,2.5555555555555554,5.0,0.2222222222222222,9
3.1578947368421053,3.0,4.0,0.5,2,2.9210526315789473,2.625,5.0,0.25,8
3.4347826086956523,3.0,4.0,1.0,2,2.5161290322580645,2.111111111111111,5.0,0.2222222222222222,9
1.5,1.0,1.0,0.0,1,2.5833333333333335,2.3846153846153846,5.0,0.3076923076923077,13
2.6875,4.0,5.0,1.3333333333333333,3,2.3658536585365852,2.4615384615384617,4.0,0.38461538461538464,13
3.2203389830508473,2.5,3.0,0.125,8,1.8522727272727273,1.6363636363636365,4.0,0.13636363636363635,22
3.3333333333333335,3.0,7.0,0.2,20,3.272727272727273,3.0,4.0,0.75,8
2.823529411764706,2.5,3.0,1.0,2,2.0994152046783627,1.7804878048780488,4.0,0.04878048780487805,41
2.8333333333333335,3.25,4.0,0.5,4,2.1666666666666665,1.7659574468085106,4.0,0.0425531914893617,47
2.4,2.75,4.0,0.5,4,2.45,2.3333333333333335,4.0,0.1111111111111111,27
2.727272727272727,2.5,3.0,0.0,2,2.006993006993007,1.6923076923076923,4.0,0.07692307692307693,39
3.169811320754717,4.0,5.0,0.6666666666666666,3,2.055944055944056,1.6585365853658536,4.0,0.04878048780487805,41
2.5,2.0,2.0,1.0,1,2.0303030303030303,2.2,3.0,0.4,5
2.25,2.0,2.0,0.0,1,2.357142857142857,2.25,4.0,0.25,4
1.0,1.0,1.0,0.0,2,2.5625,2.25,3.0,0.25,4
2.0,2.0,2.0,0.0,1,2.2857142857142856,2.5,4.0,0.25,4
2.5714285714285716,4.0,4.0,1.0,1,2.3684210526315788,2.8,5.0,0.4,5
2.8181818181818183,3.0,3.0,1.0,1,2.839080459770115,2.25,4.0,0.3333333333333333,24
2.533333333333333,2.0,2.0,0.0,2,2.6265060240963853,2.619047619047619,4.0,0.38095238095238093,21
2.4074074074074074,2.6666666666666665,3.0,0.6666666666666666,3,3.089430894308943,3.090909090909091,7.0,0.6363636363636364,11
3.2846153846153845,3.4444444444444446,6.0,1.0,9,2.5107913669064748,2.08,5.0,0.24,25
3.158536585365854,3.2857142857142856,4.0,0.7142857142857143,7,2.260869565217391,1.96,6.0,0.28,25
3.2444444444444445,5.5,7.0,1.5,2,2.437956204379562,2.3,5.0,0.3,20
2.7358490566037736,4.0,5.0,0.5,2,2.690265486725664,2.375,4.0,0.25,16
3.278481012658228,3.3333333333333335,6.0,0.3333333333333333,6,2.4869565217391303,2.9375,6.0,0.4375,16
3.2333333333333334,6.0,6.0,3.0,1,2.4814814814814814,2.590909090909091,4.0,0.2727272727272727,22
0.0,0.0,0.0,0.0,1,2.633986928104575,2.7142857142857144,5.0,0.2857142857142857,21
2.6923076923076925,3.0,3.0,0.0,1,2.72992700729927,2.3333333333333335,4.0,0.2222222222222222,18
1.7,1.0,2.0,0.0,4,2.73,2.44,5.0,0.32,25
1.0,1.0,1.0,0.0,1,2.5174418604651163,2.269230769230769,6.0,0.15384615384615385,26
2.981818181818182,3.5,5.0,1.0,4,2.533333333333333,2.423076923076923,5.0,0.2692307692307692,26
2.5238095238095237,3.0,5.0,0.0,2,2.8208955223880596,2.36,5.0,0.32,25
3.8125,4.0,4.0,0.0,1,2.5654761904761907,2.1923076923076925,4.0,0.3076923076923077,26
1.75,2.0,2.0,0.0,1,2.5,2.875,4.0,0.5,8
2.4583333333333335,2.3333333333333335,3.0,0.3333333333333333,3,2.3384615384615386,2.2,4.0,0.0,10
2.125,3.0,3.0,1.0,1,2.673076923076923,2.6666666666666665,4.0,0.16666666666666666,6
2.888888888888889,1.0,2.0,0.3333333333333333,3,2.3114754098360657,2.090909090909091,4.0,0.18181818181818182,11
3.3333333333333335,3.5,5.0,1.5,2,2.9310344827586206,2.2857142857142856,4.0,0.42857142857142855,7
4.595238095238095,6.0,6.0,3.0,1,2.6166666666666667,3.1666666666666665,4.0,0.8333333333333334,6
3.2439024390243905,3.0,4.0,0.0,3,2.413793103448276,2.0,4.0,0.09090909090909091,11
3.3173076923076925,4.0,6.0,2.0,4,2.5757575757575757,2.888888888888889,4.0,0.4444444444444444,9
3.0545454545454547,3.25,5.0,1.0,4,2.68,2.5,5.0,0.2,10
2.375,3.0,3.0,3.0,1,2.769230769230769,2.857142857142857,5.0,0.42857142857142855,7
3.3125,4.25,8.0,1.5,4,2.212121212121212,2.2,3.0,0.3,10
2.0833333333333335,1.5,2.0,0.0,2,3.0,3.0,4.0,0.6666666666666666,6
2.7083333333333335,2.3333333333333335,4.0,0.3333333333333333,3,2.126984126984127,2.5555555555555554,4.0,0.2222222222222222,9
3.871287128712871,3.3333333333333335,5.0,0.3333333333333333,3,2.484848484848485,2.5,4.0,0.125,8
1.9411764705882353,2.5,3.0,0.0,2,2.1794871794871793,2.7777777777777777,6.0,0.4444444444444444,9
3.2903225806451615,3.0,5.0,1.0,2,2.1864406779661016,2.4444444444444446,5.0,0.0,9
3.9464285714285716,2.75,4.0,1.0,4,2.6153846153846154,2.875,4.0,0.25,8
2.142857142857143,1.5,3.0,0.0,2,2.6557377049180326,2.375,4.0,0.5,8
2.6666666666666665,3.0,3.0,1.0,1,2.343283582089552,2.625,5.0,0.375,8
3.1875,1.3333333333333333,2.0,0.0,3,2.8095238095238093,2.375,4.0,0.25,8
3.048780487804878,1.75,2.0,0.5,4,3.019607843137255,1.875,3.0,0.0,8
3.1639344262295084,3.0,4.0,0.75,4,3.0738255033557045,2.4705882352941178,4.0,0.47058823529411764,17
1.0,0.75,1.0,0.0,4,2.7936507936507935,2.2,4.0,0.4,25
0.0,0.0,0.0,0.0,1,3.2012987012987013,2.15,3.0,0.35,20
2.0714285714285716,4.0,4.0,1.0,1,2.855769230769231,2.5833333333333335,5.0,0.3333333333333333,12
2.508771929824561,3.1666666666666665,5.0,0.3333333333333333,6,2.6704545454545454,2.0833333333333335,4.0,0.5,24
2.0,2.0,2.0,0.0,1,2.9886363636363638,2.526315789473684,5.0,0.5263157894736842,19
2.3666666666666667,2.25,4.0,0.25,4,2.757575757575758,2.1052631578947367,5.0,0.5263157894736842,19
3.338235294117647,2.4285714285714284,4.0,0.5714285714285714,7,2.392638036809816,1.9310344827586208,4.0,0.3103448275862069,29
2.2222222222222223,3.0,3.0,1.0,1,2.6610169491525424,1.7272727272727273,5.0,0.30303030303030304,33
1.75,1.0,1.0,0.0,1,3.094240837696335,2.6818181818181817,8.0,0.5454545454545454,22
2.9,2.5,4.0,0.5,2,3.1870967741935483,2.588235294117647,4.0,0.8235294117647058,17
2.787878787878788,3.5,4.0,0.5,2,2.903225806451613,2.6666666666666665,5.0,0.75,12
1.5,1.0,1.0,0.0,1,3.045751633986928,2.411764705882353,4.0,0.35294117647058826,17
2.9402985074626864,4.0,6.0,0.6,5,3.1564245810055866,2.5294117647058822,5.0,0.6470588235294118,17
2.3823529411764706,2.6666666666666665,3.0,0.6666666666666666,3,2.76875,2.5,6.0,0.5,20
3.0526315789473686,3.25,5.0,1.5,4,2.6375,2.3043478260869565,4.0,0.4782608695652174,23
2.25,2.5,4.0,1.0,2,2.7066666666666666,2.5,8.0,0.3,20
2.45,4.0,4.0,0.5,2,2.6715328467153285,2.2857142857142856,4.0,0.38095238095238093,21
1.7777777777777777,1.5,2.0,0.0,2,3.1310344827586207,2.3125,5.0,0.4375,16
1.75,1.0,1.0,0.0,1,3.2072072072072073,2.6666666666666665,6.0,0.8888888888888888,18
3.9047619047619047,4.0,4.0,4.0,1,2.7393939393939393,2.2857142857142856,5.0,0.6190476190476191,21
2.3076923076923075,4.0,4.0,2.0,1,2.9957805907172994,2.225806451612903,7.0,0.3870967741935484,31
2.303030303030303,2.6666666666666665,4.0,0.3333333333333333,3,2.9029126213592233,2.6956521739130435,5.0,0.7391304347826086,23
3.1818181818181817,3.6666666666666665,5.0,1.3333333333333333,3,2.955056179775281,2.074074074074074,5.0,0.3333333333333333,27
1.4,1.5,2.0,0.0,2,3.1779141104294477,2.533333333333333,5.0,0.7333333333333333,15
2.9285714285714284,2.5,3.0,0.5,2,2.810055865921788,2.24,5.0,0.36,25
3.2222222222222223,2.5,5.0,0.5,2,3.0064935064935066,2.4210526315789473,5.0,0.6842105263157895,19
3.1739130434782608,2.5,3.0,0.0,2,2.746031746031746,2.2941176470588234,4.0,0.5294117647058824,17
2.6153846153846154,2.3333333333333335,3.0,0.6666666666666666,3,2.9529411764705884,2.4375,5.0,0.5,16
2.48,2.0,3.0,0.5,4,3.0697674418604652,2.6470588235294117,5.0,0.5294117647058824,17
2.85,3.0,4.0,1.5,2,2.8461538461538463,2.8181818181818183,4.0,0.7272727272727273,11
3.1923076923076925,5.0,7.0,2.0,2,2.5982905982905984,2.5384615384615383,5.0,0.5384615384615384,13
2.86046511627907,3.5,5.0,2.5,2,3.10077519379845,2.8461538461538463,5.0,0.6153846153846154,13
3.2708333333333335,2.0,3.0,0.25,4,2.796116504854369,3.111111111111111,6.0,0.4444444444444444,9
2.4166666666666665,2.25,3.0,0.0,4,2.6623376623376624,2.4444444444444446,6.0,0.6666666666666666,18
6.176470588235294,5.0,5.0,2.0,1,2.737142857142857,2.526315789473684,5.0,0.5263157894736842,19
3.574074074074074,4.0,4.0,1.5,2,2.738562091503268,3.4285714285714284,7.0,0.8571428571428571,14
3.6666666666666665,3.0,6.0,1.5,2,2.466666666666667,2.0,4.0,0.4,20
3.16,3.5,5.0,1.0,4,2.8295454545454546,1.972972972972973,4.0,0.35135135135135137,37
1.0,1.0,1.0,0.0,1,2.8405797101449277,2.3333333333333335,4.0,0.4074074074074074,27
3.390625,3.5,6.0,1.0,4,2.4959349593495936,1.8333333333333333,5.0,0.30952380952380953,42
3.085714285714286,3.0,4.0,1.3333333333333333,3,2.6222222222222222,1.8235294117647058,6.0,0.1568627450980392,51
3.230769230769231,2.0,3.0,0.3333333333333333,3,2.8189300411522633,1.7,4.0,0.275,40
2.7837837837837838,3.3333333333333335,5.0,0.6666666666666666,3,2.7620967741935485,2.0256410256410255,5.0,0.3333333333333333,39
4.073529411764706,3.125,4.0,1.625,8,2.4626168224299065,1.7714285714285714,4.0,0.17142857142857143,35
3.018292682926829,2.8666666666666667,6.0,0.5333333333333333,15,2.5984848484848486,1.7906976744186047,4.0,0.20930232558139536,43
4.844444444444444,4.5,5.0,1.5,2,2.541850220264317,1.894736842105263,5.0,0.3684210526315789,38
2.95,2.5,3.0,0.5,4,2.9186602870813396,2.0344827586206895,4.0,0.3793103448275862,29
2.25,3.0,4.0,0.5,2,2.5428571428571427,1.7755102040816326,4.0,0.14285714285714285,49
3.1166666666666667,4.142857142857143,7.0,1.2857142857142858,7,2.5811965811965814,1.7906976744186047,5.0,0.20930232558139536,43
3.8119658119658117,3.8333333333333335,8.0,1.3333333333333333,6,2.497872340425532,1.9090909090909092,4.0,0.18181818181818182,44
5.32,3.0,3.0,0.0,1,2.708502024291498,1.880952380952381,5.0,0.14285714285714285,42
1.6363636363636365,1.6666666666666667,2.0,0.3333333333333333,3,2.9568627450980394,2.1818181818181817,4.0,0.3939393939393939,33
2.933333333333333,4.5,5.0,1.5,2,2.8446601941747574,2.259259259259259,5.0,0.3333333333333333,27
2.7941176470588234,2.0,3.0,0.2,5,2.7788018433179724,2.129032258064516,5.0,0.22580645161290322,31
3.4482758620689653,6.0,6.0,1.0,1,2.5991561181434597,1.925,5.0,0.125,40
2.75,4.0,5.0,0.6666666666666666,3,2.8530465949820787,2.4857142857142858,5.0,0.2857142857142857,35
3.5952380952380953,4.5,5.0,0.0,2,2.5764705882352943,1.8478260869565217,5.0,0.10869565217391304,46
2.871794871794872,2.6666666666666665,4.0,0.3333333333333333,6,2.609442060085837,1.8,4.0,0.2,40
2.6875,1.6666666666666667,3.0,0.0,3,2.8251121076233185,2.3333333333333335,5.0,0.36666666666666664,30
2.25,2.0,4.0,0.6666666666666666,3,2.821958456973294,1.9787234042553192,6.0,0.2553191489361702,47
2.7083333333333335,2.3333333333333335,3.0,0.0,3,2.6228813559322033,2.05,5.0,0.225,40
12.620915032679738,2.75,5.0,0.375,8,2.654377880184332,1.85,4.0,0.25,40
3.22,4.5,5.0,2.5,2,3.125461254612546,2.3,4.0,0.4666666666666667,30
2.588235294117647,3.6666666666666665,5.0,0.3333333333333333,3,2.5803108808290154,2.0,4.0,0.26666666666666666,30
3.7777777777777777,2.8333333333333335,7.0,1.6666666666666667,6,2.685258964143426,2.0,4.0,0.15789473684210525,38
3.738095238095238,2.3333333333333335,3.0,0.6666666666666666,3,2.6161137440758293,1.7837837837837838,4.0,0.1891891891891892,37
2.9285714285714284,3.0,3.0,0.0,1,2.706422018348624,2.193548387096774,5.0,0.3225806451612903,31
3.0434782608695654,4.333333333333333,6.0,1.3333333333333333,3,3.395348837209302,2.6315789473684212,8.0,0.5263157894736842,19
4.076923076923077,4.0,5.0,1.5,2,2.3705357142857144,1.7804878048780488,5.0,0.14634146341463414,41
2.4545454545454546,3.3333333333333335,4.0,1.3333333333333333,3,2.715025906735751,2.3181818181818183,6.0,0.4090909090909091,22
2.870967741935484,4.0,4.0,1.0,2,2.737864077669903,2.375,4.0,0.25,24
2.9591836734693877,2.75,4.0,1.25,4,2.4145299145299144,2.1315789473684212,5.0,0.3157894736842105,38
3.7142857142857144,4.0,7.0,0.5,4,2.3793103448275863,1.7142857142857142,4.0,0.2857142857142857,14
2.8970588235294117,2.5714285714285716,4.0,0.2857142857142857,7,2.3580246913580245,1.8125,4.0,0.125,16
2.5714285714285716,2.6666666666666665,3.0,0.0,3,2.2903225806451615,2.272727272727273,4.0,0.18181818181818182,11
2.9705882352941178,2.0,3.0,0.5,4,2.402439024390244,3.0,6.0,0.3,10
3.7823129251700682,3.0,5.0,0.6666666666666666,9,2.36,2.3333333333333335,4.0,0.25,12
2.842696629213483,2.625,4.0,0.375,8,2.532258064516129,2.25,4.0,0.3333333333333333,12
2.0625,1.75,3.0,0.0,4,2.5194805194805197,2.6666666666666665,7.0,0.4444444444444444,9
2.230769230769231,1.5,2.0,0.0,2,2.3289473684210527,2.2857142857142856,5.0,0.42857142857142855,14
3.1510791366906474,3.2,5.0,1.3,10,2.5942857142857143,2.45,5.0,0.4,20
3.0638297872340425,3.3333333333333335,5.0,0.6666666666666666,3,2.532994923857868,2.3846153846153846,5.0,0.3076923076923077,26
3.2615384615384615,3.5,7.0,1.75,4,2.6258064516129034,1.8636363636363635,4.0,0.3181818181818182,22
2.8627450980392157,3.5,5.0,0.25,4,2.2153846153846155,1.92,5.0,0.12,25
4.310344827586207,3.3333333333333335,5.0,0.3333333333333333,3,2.466292134831461,2.107142857142857,5.0,0.32142857142857145,28
3.042682926829268,4.333333333333333,10.0,1.2222222222222223,9,2.2857142857142856,2.0,4.0,0.1935483870967742,31
3.0684931506849313,6.0,10.0,2.3333333333333335,3,2.348684210526316,1.88,7.0,0.16,25
3.2415254237288136,3.933333333333333,7.0,1.2,15,2.7091836734693877,2.25,4.0,0.3333333333333333,24
3.608695652173913,5.0,5.0,2.0,1,2.2214285714285715,1.8333333333333333,4.0,0.20833333333333334,24
2.731707317073171,4.0,5.0,1.0,3,2.509677419354839,2.0,5.0,0.16,25
3.0555555555555554,3.2,5.0,0.8,5,2.8229166666666665,2.5454545454545454,5.0,0.5,22
2.6470588235294117,3.3333333333333335,6.0,1.6666666666666667,3,2.489130434782609,1.9705882352941178,5.0,0.11764705882352941,34
3.157142857142857,5.0,6.0,2.6666666666666665,3,2.6954022988505746,2.5217391304347827,4.0,0.2608695652173913,23
2.746031746031746,3.5,5.0,1.25,4,3.2580645161290325,2.4285714285714284,5.0,0.2857142857142857,14
3.9310344827586206,4.0,5.0,2.5,2,2.91875,2.9285714285714284,4.0,0.14285714285714285,14
2.8421052631578947,3.3333333333333335,5.0,0.3333333333333333,3,2.63265306122449,2.4444444444444446,6.0,0.4444444444444444,18
4.027027027027027,4.0,4.0,3.0,1,2.6779661016949152,2.6818181818181817,7.0,0.18181818181818182,22
2.888888888888889,2.1666666666666665,4.0,0.5,6,2.6197916666666665,2.269230769230769,4.0,0.11538461538461539,26
2.4788732394366195,2.4,4.0,0.1,10,2.489010989010989,2.25,5.0,0.14285714285714285,28
3.44311377245509,3.0,10.0,0.9230769230769231,13,2.1278195488721803,1.8846153846153846,6.0,0.07692307692307693,26
2.55,2.5,3.0,0.5,2,2.422222222222222,2.32,5.0,0.24,25
2.6944444444444446,3.6666666666666665,5.0,1.0,3,2.6103896103896105,2.65,5.0,0.4,20
2.7580645161290325,5.333333333333333,8.0,2.0,3,2.298136645962733,2.04,4.0,0.12,25
3.0,3.3333333333333335,5.0,0.6666666666666666,3,2.129032258064516,2.1481481481481484,6.0,0.1111111111111111,27
3.775,3.5,6.0,3.0,2,2.5405405405405403,2.1739130434782608,5.0,0.21739130434782608,23
3.125,3.5,6.0,2.0,2,2.5401069518716577,2.380952380952381,5.0,0.2857142857142857,21
3.330508474576271,3.5,6.0,1.3333333333333333,6,2.6219512195121952,2.227272727272727,5.0,0.18181818181818182,22
3.090909090909091,4.0,4.0,1.0,1,3.115606936416185,2.8947368421052633,6.0,0.42105263157894735,19
3.238095238095238,6.0,6.0,1.0,1,2.371900826446281,2.5,5.0,0.2222222222222222,18
4.0256410256410255,3.0,4.0,0.3333333333333333,3,2.4675324675324677,2.375,5.0,0.20833333333333334,24
1.3333333333333333,0.5,1.0,0.0,4,2.6862745098039214,2.9375,5.0,0.4375,16
3.4860557768924303,4.666666666666667,10.0,2.0,9,2.455223880597015,2.6666666666666665,5.0,0.2777777777777778,18
3.3333333333333335,3.0,3.0,1.0,1,2.4966887417218544,2.2916666666666665,4.0,0.125,24
2.0,2.0,2.0,0.0,1,2.418181818181818,2.0,5.0,0.15789473684210525,19
2.742857142857143,3.0,4.0,0.0,3,2.471014492753623,2.526315789473684,5.0,0.2631578947368421,19
2.6666666666666665,1.0,1.0,0.0,1,2.338582677165354,2.3684210526315788,5.0,0.10526315789473684,19
2.0,2.0,2.0,0.0,1,2.325,2.1379310344827585,4.0,0.20689655172413793,29
3.0833333333333335,2.0,3.0,0.0,2,2.764705882352941,2.375,5.0,0.25,16
3.25,3.5,4.0,1.5,2,2.61046511627907,2.3043478260869565,4.0,0.21739130434782608,23
2.111111111111111,2.0,3.0,0.0,3,2.521505376344086,2.1785714285714284,5.0,0.17857142857142858,28
2.4761904761904763,2.0,4.0,0.0,3,2.629139072847682,3.2857142857142856,8.0,0.5714285714285714,14
4.0,4.0,4.0,1.0,1,2.5483870967741935,2.5,5.0,0.25,16
2.7777777777777777,3.0,3.0,0.0,1,2.900523560209424,2.65,4.0,0.55,20
2.2222222222222223,2.5,3.0,0.5,2,2.60752688172043,1.96875,4.0,0.28125,32
3.2916666666666665,5.0,5.0,1.0,1,2.897727272727273,2.0434782608695654,4.0,0.5652173913043478,23
1.3333333333333333,1.0,1.0,0.0,1,2.3541666666666665,2.1363636363636362,4.0,0.36363636363636365,22
3.727272727272727,2.3333333333333335,4.0,1.0,3,2.6934306569343067,2.2777777777777777,5.0,0.5,18
2.942857142857143,2.6666666666666665,4.0,1.0,3,2.810457516339869,2.2,4.0,0.6,20
2.806451612903226,2.0,4.0,0.3333333333333333,3,2.4842767295597485,2.217391304347826,6.0,0.21739130434782608,23
0.0,0.0,0.0,0.0,1,2.4347826086956523,2.3636363636363638,4.0,0.2727272727272727,11
2.5384615384615383,1.6666666666666667,2.0,0.0,3,2.5714285714285716,2.5384615384615383,5.0,0.15384615384615385,13
2.1,5.0,5.0,1.0,1,3.066666666666667,3.076923076923077,6.0,0.6153846153846154,13
4.359375,5.0,5.0,1.5,2,3.007518796992481,2.5,5.0,0.3125,16
3.893617021276596,4.0,4.0,1.0,2,3.0625,3.0,4.0,0.23076923076923078,13
2.4545454545454546,5.0,5.0,1.0,1,2.5049019607843137,2.2857142857142856,5.0,0.32142857142857145,28
3.4038461538461537,3.25,4.0,0.75,4,2.3684210526315788,2.0689655172413794,5.0,0.1724137931034483,29
2.4761904761904763,3.0,4.0,0.5,2,2.809322033898305,2.3333333333333335,4.0,0.48148148148148145,27
3.7916666666666665,3.0,5.0,2.5,2,2.515957446808511,2.1153846153846154,4.0,0.19230769230769232,26
2.96,3.5,4.0,0.5,2,2.6650943396226414,2.2142857142857144,5.0,0.25,28
2.888888888888889,2.5,3.0,0.5,4,2.7889447236180906,3.1176470588235294,6.0,0.7058823529411765,17
2.142857142857143,2.25,4.0,0.25,4,2.7557251908396947,2.0555555555555554,5.0,0.2777777777777778,18
4.489208633093525,4.4,8.0,1.6,5,3.1793478260869565,2.5294117647058822,5.0,0.6470588235294118,17
2.8545454545454545,3.3333333333333335,5.0,1.3333333333333333,3,2.462121212121212,2.1578947368421053,4.0,0.3157894736842105,19
3.514705882352941,4.0,5.0,1.6666666666666667,3,2.9649122807017543,2.1363636363636362,5.0,0.4090909090909091,22
2.8421052631578947,4.0,4.0,2.0,1,2.597315436241611,2.235294117647059,5.0,0.47058823529411764,17
3.4782608695652173,4.5,6.0,1.0,2,2.5,2.25,5.0,0.25,20
3.0535714285714284,3.5,4.0,1.5,4,2.6289308176100628,2.5,5.0,0.5555555555555556,18
3.305263157894737,3.3333333333333335,7.0,1.1666666666666667,6,2.67032967032967,2.388888888888889,5.0,0.2777777777777778,18
3.4827586206896552,3.6666666666666665,5.0,2.3333333333333335,3,2.827067669172932,2.4285714285714284,4.0,0.5714285714285714,14
2.2,3.0,3.0,0.0,1,2.85,2.4375,5.0,0.375,16
1.0,1.0,1.0,0.0,1,3.0,2.3684210526315788,5.0,0.47368421052631576,19
3.864864864864865,3.5,4.0,0.5,2,2.9240506329113924,2.7058823529411766,5.0,0.47058823529411764,17
3.3636363636363638,8.0,8.0,5.0,1,3.0516129032258066,2.9166666666666665,5.0,0.5833333333333334,12
2.5416666666666665,4.0,5.0,1.5,2,2.7567567567567566,2.6666666666666665,6.0,0.5,18
3.621212121212121,2.75,5.0,1.0,4,2.765151515151515,2.6666666666666665,4.0,0.5,12
3.1052631578947367,4.0,4.0,2.0,1,2.937007874015748,2.2857142857142856,4.0,0.42857142857142855,14
2.6216216216216215,3.3333333333333335,4.0,0.3333333333333333,3,2.8596491228070176,2.4210526315789473,6.0,0.5789473684210527,19
3.0952380952380953,5.0,5.0,1.0,1,2.554054054054054,2.076923076923077,4.0,0.15384615384615385,13
2.066666666666667,1.25,2.0,0.0,4,2.5125,2.0625,4.0,0.3125,16
2.875,3.5,4.0,1.5,2,2.3653846153846154,1.75,3.0,0.25,12
2.738095238095238,3.6666666666666665,5.0,0.6666666666666666,3,2.559322033898305,1.8181818181818181,3.0,0.36363636363636365,11
4.264367816091954,5.0,6.0,2.5,2,2.7846153846153845,2.5,4.0,0.75,8
3.3440860215053765,5.25,6.0,1.75,4,2.4210526315789473,2.375,5.0,0.25,8
2.3157894736842106,2.8333333333333335,4.0,0.3333333333333333,6,2.6615384615384614,1.7272727272727273,3.0,0.18181818181818182,11
1.3333333333333333,2.0,2.0,0.0,1,2.3404255319148937,1.5833333333333333,3.0,0.0,12
2.125,2.5,3.0,0.0,2,2.566666666666667,1.8333333333333333,4.0,0.16666666666666666,12
3.076923076923077,5.0,5.0,3.0,1,2.8636363636363638,2.5,3.0,0.4,10
3.5,4.0,6.0,1.5,4,2.65,2.625,4.0,0.75,8
3.2708333333333335,4.5,6.0,1.5,2,2.5762711864406778,3.0,5.0,0.5,8
3.4107142857142856,3.6666666666666665,5.0,1.3333333333333333,3,2.782051282051282,2.888888888888889,6.0,0.6666666666666666,9
3.3333333333333335,3.6666666666666665,5.0,1.6666666666666667,3,2.7761194029850746,2.076923076923077,3.0,0.3076923076923077,13
3.0869565217391304,4.0,4.0,0.0,1,2.402173913043478,2.3076923076923075,4.0,0.3076923076923077,13
2.8863636363636362,3.6666666666666665,6.0,1.0,3,2.739130434782609,2.409090909090909,6.0,0.45454545454545453,22
2.7777777777777777,3.0,3.0,0.0,1,2.727272727272727,2.7333333333333334,5.0,0.26666666666666666,15
3.2,2.3333333333333335,3.0,0.3333333333333333,3,2.439252336448598,2.2,4.0,0.4666666666666667,15
1.8571428571428572,2.0,2.0,0.0,1,2.7373737373737375,3.4444444444444446,6.0,0.8888888888888888,9
2.0689655172413794,2.6,4.0,0.4,5,3.014388489208633,2.933333333333333,5.0,0.6,15
2.875,2.0,2.0,1.0,1,3.2613636363636362,3.8,5.0,0.2,5
2.875,3.0,4.0,0.3333333333333333,3,2.744186046511628,3.1,9.0,0.6,10
2.2857142857142856,2.0,2.0,0.0,1,2.588785046728972,3.4444444444444446,7.0,0.4444444444444444,9
1.8666666666666667,1.25,2.0,0.0,4,3.196261682242991,2.6,4.0,0.4,10
2.066666666666667,1.6666666666666667,3.0,0.0,3,2.8137254901960786,3.875,6.0,0.875,8
3.246153846153846,3.4,5.0,1.0,5,3.3069306930693068,3.5,4.0,0.8333333333333334,6
0.0,0.0,0.0,0.0,1,3.193798449612403,2.6666666666666665,5.0,0.5333333333333333,15
2.782608695652174,1.5,4.0,0.25,4,2.8223684210526314,2.4375,4.0,0.5625,16
0.0,0.0,0.0,0.0,1,2.627906976744186,2.111111111111111,6.0,0.3888888888888889,18
2.5384615384615383,3.0,5.0,1.0,5,3.2477064220183487,3.4285714285714284,5.0,1.2857142857142858,7
3.0961538461538463,3.25,4.0,1.0,4,2.81981981981982,3.0,5.0,0.25,12
2.8550724637681157,3.5714285714285716,6.0,0.42857142857142855,7,2.7516339869281046,2.1818181818181817,6.0,0.2727272727272727,22
2.769230769230769,3.0,4.0,0.5,2,2.5039370078740157,2.263157894736842,5.0,0.15789473684210525,19
2.955223880597015,3.2,4.0,0.8,5,2.770700636942675,2.8666666666666667,7.0,1.0,15
2.7241379310344827,2.0,4.0,0.75,4,2.774193548387097,2.888888888888889,4.0,0.1111111111111111,9
2.84,3.5,4.0,1.5,2,3.029126213592233,3.625,5.0,0.75,8
3.3544303797468356,4.5,8.0,2.0,4,2.970873786407767,3.625,6.0,0.625,8
3.25,4.0,4.0,1.0,1,3.08,2.6923076923076925,5.0,0.7692307692307693,13
4.090909090909091,2.25,6.0,1.0,4,2.5062240663900415,2.3870967741935485,5.0,0.41935483870967744,31
5.529411764705882,5.0,5.0,1.0,1,2.650442477876106,2.7916666666666665,5.0,0.625,24
3.4193548387096775,4.5,6.0,1.0,2,2.5536480686695278,2.5185185185185186,5.0,0.7777777777777778,27
2.142857142857143,3.0,4.0,0.0,2,2.5843137254901962,2.8275862068965516,6.0,0.6551724137931034,29
2.688888888888889,3.3333333333333335,5.0,1.0,3,2.7205882352941178,2.347826086956522,5.0,0.5652173913043478,23
3.163265306122449,6.0,9.0,3.0,2,2.480851063829787,2.34375,5.0,0.46875,32
2.272727272727273,3.0,3.0,0.0,1,2.6733870967741935,2.4,4.0,0.3333333333333333,30
2.5185185185185186,3.5,5.0,1.5,2,2.555084745762712,2.5,6.0,0.5714285714285714,28
2.0,3.0,4.0,0.0,2,2.256038647342995,2.103448275862069,5.0,0.41379310344827586,29
4.10377358490566,5.25,7.0,2.5,4,2.439516129032258,2.566666666666667,6.0,0.5333333333333333,30
4.274336283185841,4.25,7.0,1.25,4,2.6228070175438596,2.7037037037037037,6.0,0.5555555555555556,27
3.4516129032258065,3.0,3.0,0.5,2,2.4703389830508473,2.3225806451612905,7.0,0.3870967741935484,31
3.0606060606060606,3.0,5.0,1.0,3,2.516279069767442,2.3870967741935485,5.0,0.3225806451612903,31
2.8421052631578947,2.25,4.0,1.0,4,3.0,2.962962962962963,5.0,0.3333333333333333,27
3.210526315789474,2.5,3.0,0.5,2,2.678714859437751,2.6129032258064515,5.0,0.3870967741935484,31
3.0625,3.3333333333333335,4.0,0.6666666666666666,3,2.7914691943127963,2.909090909090909,5.0,0.5454545454545454,22
4.561643835616438,3.0,4.0,1.0,4,2.9568345323741005,2.6333333333333333,6.0,0.4666666666666667,30
2.5652173913043477,5.0,5.0,3.0,1,3.066390041493776,2.782608695652174,6.0,0.4782608695652174,23
2.1739130434782608,2.0,4.0,0.4,5,2.554054054054054,2.3333333333333335,4.0,0.6666666666666666,9
2.9166666666666665,3.0,3.0,1.0,1,3.3513513513513513,2.625,5.0,0.625,8
3.0,2.5,3.0,2.0,2,2.8028169014084505,3.0,4.0,1.1428571428571428,7
3.6511627906976742,4.0,4.0,1.6666666666666667,3,2.5526315789473686,2.75,5.0,0.875,8
4.052631578947368,2.3333333333333335,4.0,0.0,3,2.918032786885246,2.8333333333333335,4.0,0.6666666666666666,6
2.125,1.5,2.0,0.5,2,2.6923076923076925,1.8571428571428572,5.0,0.21428571428571427,14
2.5217391304347827,2.3333333333333335,3.0,0.3333333333333333,3,2.635135135135135,2.272727272727273,4.0,0.2727272727272727,11
4.450381679389313,3.5,4.0,1.3333333333333333,6,2.5822784810126582,1.9166666666666667,3.0,0.25,12
2.7857142857142856,2.25,4.0,0.25,4,3.357142857142857,2.6666666666666665,4.0,0.6666666666666666,6
3.015873015873016,2.6666666666666665,6.0,0.6666666666666666,6,2.838235294117647,2.3333333333333335,4.0,0.4444444444444444,9
1.9090909090909092,2.5,4.0,1.0,2,2.77,2.7,4.0,0.4,10
2.75,2.0,2.0,0.5,2,3.7962962962962963,2.875,5.0,0.125,8
2.3333333333333335,2.0,2.0,0.0,1,2.673076923076923,2.230769230769231,4.0,0.5384615384615384,13
2.4,2.0,2.0,0.0,1,2.8645833333333335,2.6666666666666665,4.0,0.8888888888888888,9
3.12,3.0,4.0,0.0,2,2.924731182795699,2.5555555555555554,5.0,0.3333333333333333,9
3.4722222222222223,4.5,5.0,1.0,2,3.1157894736842104,3.0,5.0,0.75,8
2.0454545454545454,2.6666666666666665,3.0,0.6666666666666666,3,3.267857142857143,4.125,9.0,0.75,8
2.8484848484848486,2.8333333333333335,4.0,0.5,6,3.396551724137931,2.6153846153846154,7.0,0.3076923076923077,13
3.268292682926829,2.375,6.0,0.375,8,3.06993006993007,2.4615384615384617,5.0,0.38461538461538464,13
3.3134328358208953,5.0,6.0,1.0,3,2.84251968503937,2.727272727272727,5.0,0.2727272727272727,11
2.625,1.5,2.0,0.0,2,2.616279069767442,2.3333333333333335,6.0,0.3333333333333333,12
2.7241379310344827,2.3333333333333335,3.0,0.3333333333333333,3,2.251592356687898,1.8333333333333333,5.0,0.12121212121212122,66
2.787878787878788,2.6666666666666665,4.0,0.6666666666666666,3,2.9266802443991855,2.375,6.0,0.40625,64
3.9310344827586206,5.0,5.0,2.0,1,2.760869565217391,2.338709677419355,7.0,0.3225806451612903,62
3.0416666666666665,2.0,3.0,0.3333333333333333,3,3.6087824351297404,2.526315789473684,8.0,0.2631578947368421,57
2.981132075471698,3.7142857142857144,5.0,0.7142857142857143,7,2.945075757575758,2.6363636363636362,5.0,0.3090909090909091,55
3.0864197530864197,3.142857142857143,7.0,0.7142857142857143,7,2.6271844660194175,2.364864864864865,6.0,0.3108108108108108,74
3.806451612903226,4.0,6.0,2.5,2,2.776470588235294,2.0806451612903225,7.0,0.24193548387096775,62
2.7586206896551726,3.5,5.0,0.5,2,3.7242105263157894,2.1515151515151514,6.0,0.30303030303030304,66
3.5757575757575757,6.0,6.0,3.0,1,2.4925925925925925,2.088888888888889,5.0,0.2,45
2.9223300970873787,4.5,8.0,1.8333333333333333,6,3.635535307517084,2.4150943396226414,6.0,0.3018867924528302,53
3.0,4.25,6.0,0.0,4,2.745945945945946,2.477272727272727,5.0,0.29545454545454547,44
2.3,2.0,2.0,0.0,1,2.694871794871795,2.3137254901960786,5.0,0.29411764705882354,51
2.8372093023255816,3.0,4.0,0.5,4,2.797513321492007,2.4444444444444446,6.0,0.375,72
3.391304347826087,4.0,4.0,1.0,1,2.574468085106383,3.4,5.0,0.2,5
2.2857142857142856,2.0,2.0,0.0,1,3.0476190476190474,3.1666666666666665,5.0,0.3333333333333333,6
2.7547169811320753,2.5,4.0,0.6666666666666666,6,2.7115384615384617,2.5714285714285716,5.0,0.2857142857142857,7
2.6785714285714284,3.0,4.0,0.3333333333333333,3,2.8214285714285716,2.2857142857142856,3.0,0.2857142857142857,7
3.642857142857143,4.0,4.0,1.0,1,2.963636363636364,2.6666666666666665,4.0,0.16666666666666666,6
2.310344827586207,2.75,4.0,0.25,4,2.4155844155844157,2.8,6.0,0.1,10
3.263157894736842,3.0,4.0,1.3333333333333333,3,2.2837837837837838,2.230769230769231,4.0,0.15384615384615385,13
3.810810810810811,5.0,5.0,1.5,2,3.3378378378378377,3.1666666666666665,4.0,0.5,6
2.9038461538461537,3.75,8.0,1.5,4,2.6079136690647484,2.53125,5.0,0.40625,32
3.1880341880341883,3.6666666666666665,9.0,1.0,9,2.63265306122449,2.3,5.0,0.375,40
3.8043478260869565,5.75,8.0,3.25,4,2.7740863787375414,3.0,6.0,0.43333333333333335,30
3.2051282051282053,3.6,5.0,1.4,5,2.637450199203187,2.3125,7.0,0.375,32
4.881118881118881,7.0,9.0,4.666666666666667,3,2.5172413793103448,2.235294117647059,5.0,0.17647058823529413,34
3.419191919191919,3.7,5.0,1.4,10,2.9093959731543624,2.5,5.0,0.34375,32
2.2,2.0,2.0,0.0,1,2.3831417624521074,1.9545454545454546,5.0,0.25,44
3.169811320754717,3.7142857142857144,6.0,1.2857142857142858,7,2.434306569343066,2.088888888888889,4.0,0.24444444444444444,45
2.9711538461538463,3.0,5.0,1.2857142857142858,7,2.6151419558359623,2.1555555555555554,5.0,0.26666666666666666,45
3.4794520547945207,4.25,5.0,1.75,4,2.911392405063291,2.4642857142857144,5.0,0.35714285714285715,28
3.5492957746478875,4.25,5.0,1.0,4,2.804780876494024,2.3793103448275863,5.0,0.27586206896551724,29
3.1411764705882352,3.142857142857143,4.0,0.7142857142857143,7,2.638211382113821,2.4838709677419355,5.0,0.3225806451612903,31
3.1363636363636362,3.4,4.0,1.0,5,2.7058823529411766,2.411764705882353,6.0,0.29411764705882354,34
3.260869565217391,3.5,6.0,1.0,2,2.4448398576512456,2.1951219512195124,4.0,0.21951219512195122,41
3.6176470588235294,3.25,4.0,1.25,4,2.718978102189781,2.6875,5.0,0.3125,32
3.5240641711229945,4.0,9.0,1.6,10,2.5160142348754446,2.097560975609756,5.0,0.21951219512195122,41
2.96,4.0,5.0,1.5,2,2.4315352697095434,1.9534883720930232,4.0,0.18604651162790697,43
2.7222222222222223,3.25,5.0,1.25,4,2.524017467248908,2.466666666666667,5.0,0.23333333333333334,30
3.185185185185185,3.0,4.0,0.5,2,2.782287822878229,2.3636363636363638,6.0,0.3333333333333333,33
3.073394495412844,3.75,6.0,0.875,8,2.515418502202643,2.108108108108108,5.0,0.2702702702702703,37
2.5,2.6666666666666665,4.0,0.3333333333333333,3,2.825,3.111111111111111,8.0,0.5555555555555556,27
3.267857142857143,3.25,5.0,0.875,8,2.3706896551724137,1.7254901960784315,4.0,0.17647058823529413,51
2.0,3.0,5.0,1.0,2,2.8823529411764706,2.769230769230769,6.0,0.5384615384615384,26
3.658119658119658,4.666666666666667,7.0,1.8333333333333333,6,2.7269076305220885,2.6551724137931036,6.0,0.4827586206896552,29
2.9295774647887325,2.8333333333333335,4.0,0.3333333333333333,6,2.806451612903226,2.1578947368421053,6.0,0.39473684210526316,38
2.875,5.0,7.0,2.5,2,2.6785714285714284,2.4444444444444446,5.0,0.19444444444444445,36
3.296875,2.4,4.0,1.0,5,2.718146718146718,2.1463414634146343,5.0,0.2682926829268293,41
2.7837837837837838,2.25,3.0,0.25,4,2.8053435114503817,2.7241379310344827,5.0,0.27586206896551724,29
3.2941176470588234,6.0,6.0,1.0,1,3.298507462686567,2.8636363636363638,5.0,0.22727272727272727,22
2.5,1.6666666666666667,3.0,0.3333333333333333,3,2.8198529411764706,2.6551724137931036,5.0,0.3448275862068966,29
3.3777777777777778,6.0,8.0,1.5,2,2.4556962025316458,2.3,5.0,0.55,20
2.642857142857143,2.5,3.0,0.5,2,2.875,2.3,6.0,0.55,20
2.9411764705882355,4.0,4.0,1.0,1,2.764705882352941,2.739130434782609,6.0,0.4782608695652174,23
3.4054054054054053,3.25,6.0,1.75,4,2.7637362637362637,2.5789473684210527,4.0,0.5789473684210527,19
3.295918367346939,3.5,5.0,4.0,4,2.7161290322580647,2.6875,6.0,0.5625,16
3.0817610062893084,3.0833333333333335,6.0,1.25,12,2.345622119815668,2.413793103448276,5.0,0.5172413793103449,29
2.9523809523809526,3.0,5.0,0.4,5,2.5073891625615765,2.0,5.0,0.4,30
3.52,3.0,3.0,0.0,2,2.4853801169590644,2.0,5.0,0.10344827586206896,29
2.973684210526316,2.5,5.0,0.5,8,2.5142857142857142,2.1785714285714284,4.0,0.10714285714285714,28
3.46875,3.0,4.0,0.5,4,2.3410852713178296,2.2,4.0,0.1,20
3.2790697674418605,2.75,3.0,0.0,4,2.3373493975903616,1.9696969696969697,4.0,0.06060606060606061,33
3.3043478260869565,2.0,4.0,0.0,2,2.9346733668341707,2.6818181818181817,6.0,0.2727272727272727,22
2.9767441860465116,3.142857142857143,4.0,0.8571428571428571,7,2.7629310344827585,2.3333333333333335,5.0,0.3333333333333333,27
3.6538461538461537,3.0,5.0,1.1428571428571428,7,2.673202614379085,3.0,6.0,0.35714285714285715,14
3.318840579710145,5.0,8.0,2.0,3,3.1079545454545454,2.388888888888889,5.0,0.16666666666666666,18
3.268292682926829,3.5,7.0,1.0,6,2.5,2.0,6.0,0.0967741935483871,31
3.2944162436548226,3.3076923076923075,7.0,0.8461538461538461,13,2.642857142857143,2.3076923076923075,5.0,0.34615384615384615,26
3.102272727272727,2.8333333333333335,4.0,1.3333333333333333,6,2.8197674418604652,3.0,6.0,0.3333333333333333,15
2.857142857142857,3.2857142857142856,6.0,0.7142857142857143,7,2.5609756097560976,2.391304347826087,4.0,0.30434782608695654,23
4.060344827586207,3.75,5.0,1.625,8,2.6805555555555554,2.44,6.0,0.12,25
3.074074074074074,3.5,5.0,0.25,4,2.5842105263157893,2.25,4.0,0.17857142857142858,28
2.3333333333333335,2.5,4.0,0.25,4,2.8176470588235296,2.217391304347826,5.0,0.13043478260869565,23
3.736111111111111,3.125,5.0,0.375,8,2.3121387283236996,1.8,5.0,0.14285714285714285,35
3.4906832298136647,2.6153846153846154,5.0,0.38461538461538464,13,2.585858585858586,2.3214285714285716,5.0,0.17857142857142858,28
3.1149425287356323,3.8333333333333335,5.0,1.0,6,2.761111111111111,2.6315789473684212,6.0,0.2631578947368421,19
1.75,1.0,1.0,0.0,1,3.263959390862944,2.5238095238095237,5.0,0.3333333333333333,21
4.2727272727272725,3.0,3.0,3.0,1,2.4915254237288136,2.44,4.0,0.36,25
2.4444444444444446,3.0,4.0,0.5,2,2.538095238095238,2.121212121212121,4.0,0.24242424242424243,33
2.8076923076923075,4.0,5.0,1.0,2,2.6991150442477876,2.7037037037037037,6.0,0.48148148148148145,27
3.2222222222222223,3.5,5.0,0.5,2,2.9792746113989637,3.4,6.0,0.6666666666666666,15
3.238095238095238,4.0,5.0,1.75,4,2.7699530516431925,3.6666666666666665,5.0,0.6111111111111112,18
2.8,2.111111111111111,4.0,0.2222222222222222,9,2.761627906976744,3.235294117647059,6.0,0.35294117647058826,17
2.896551724137931,3.0,5.0,0.6666666666666666,3,2.677725118483412,2.09375,5.0,0.28125,32
2.7142857142857144,2.0,5.0,0.5714285714285714,7,2.933649289099526,2.5217391304347827,5.0,0.30434782608695654,23
3.0384615384615383,3.6666666666666665,4.0,1.6666666666666667,3,2.80859375,3.1363636363636362,5.0,0.5909090909090909,22
3.262135922330097,2.857142857142857,4.0,0.8571428571428571,7,2.755868544600939,2.857142857142857,6.0,0.7142857142857143,21
3.823529411764706,3.5,4.0,0.0,2,2.902857142857143,2.8421052631578947,5.0,0.631578947368421,19
3.260869565217391,4.666666666666667,6.0,3.3333333333333335,3,3.3556485355648538,3.2,6.0,0.85,20
3.223684210526316,3.75,4.0,1.0,4,3.0707964601769913,2.8260869565217392,5.0,0.6521739130434783,23
3.0072992700729926,3.75,8.0,1.375,8,3.381165919282511,3.0476190476190474,5.0,0.5238095238095238,21
2.8529411764705883,3.375,6.0,1.5,8,2.670103092783505,2.44,5.0,0.4,25
3.981818181818182,4.0,7.0,1.0,3,2.93801652892562,3.0,6.0,0.7391304347826086,23
2.6666666666666665,3.0,3.0,1.0,2,2.576923076923077,2.730769230769231,6.0,0.4230769230769231,26
2.6363636363636362,6.0,9.0,2.5,2,2.5846153846153848,2.7916666666666665,6.0,0.5,24
2.9166666666666665,3.0,3.0,0.0,1,2.5470588235294116,2.5714285714285716,6.0,0.42857142857142855,21
3.877551020408163,4.0,7.0,1.8571428571428572,7,3.303964757709251,3.263157894736842,8.0,0.7368421052631579,19
3.217821782178218,3.5,5.0,0.8333333333333334,6,2.8959276018099547,2.9583333333333335,6.0,0.5416666666666666,24
3.178343949044586,3.4,6.0,1.0,10,3.0659722222222223,2.5806451612903225,7.0,0.3548387096774194,31
3.1294117647058823,3.4705882352941178,6.0,1.1176470588235294,17,2.892156862745098,3.588235294117647,7.0,0.8235294117647058,17
3.63265306122449,9.0,9.0,5.0,1,3.2099447513812156,2.9375,6.0,0.6875,16
3.6315789473684212,3.0,3.0,2.0,1,2.723684210526316,2.5517241379310347,5.0,0.3448275862068966,29
3.5223880597014925,4.333333333333333,5.0,1.8333333333333333,6,3.0478260869565217,3.526315789473684,6.0,0.7368421052631579,19
3.0789473684210527,2.75,4.0,0.25,4,2.7452830188679247,2.6666666666666665,6.0,0.3333333333333333,24
3.554263565891473,4.0,6.0,1.6923076923076923,13,2.6117021276595747,2.5,5.0,0.5,24
3.661654135338346,3.5,6.0,0.625,8,3.089005235602094,2.8125,5.0,0.5625,16
2.881188118811881,3.2857142857142856,5.0,1.4285714285714286,7,2.764957264957265,2.8076923076923075,5.0,0.6538461538461539,26
2.953488372093023,3.0,5.0,0.8571428571428571,7,2.7055555555555557,2.5,7.0,0.2692307692307692,26
3.7363636363636363,3.888888888888889,7.0,1.5555555555555556,9,2.770408163265306,2.761904761904762,5.0,0.6666666666666666,21
2.935251798561151,3.1,4.0,1.3,10,2.795121951219512,2.5833333333333335,5.0,0.375,24
3.5847457627118646,3.142857142857143,5.0,0.8571428571428571,7,2.9444444444444446,3.1176470588235294,6.0,0.8235294117647058,17
2.619047619047619,3.0,3.0,1.0,2,2.6467391304347827,2.65,5.0,0.5,20
2.941860465116279,3.1363636363636362,5.0,0.6363636363636364,22,3.0049019607843137,3.176470588235294,5.0,0.8235294117647058,17
3.2626262626262625,3.6666666666666665,4.0,1.6666666666666667,6,2.7423580786026203,2.8260869565217392,6.0,0.5652173913043478,23
4.4787878787878785,5.25,8.0,3.0,4,3.028169014084507,3.0,4.0,0.5,6
2.9836065573770494,3.75,6.0,1.75,4,3.05,2.857142857142857,4.0,1.0,7
4.87012987012987,6.0,6.0,4.0,1,2.913978494623656,3.0,4.0,1.1428571428571428,7
3.8823529411764706,2.0,4.0,1.5,2,2.4555555555555557,2.4615384615384617,4.0,0.46153846153846156,13
1.7083333333333333,2.6666666666666665,4.0,0.3333333333333333,3,2.8142857142857145,2.5,4.0,0.5,8
3.559322033898305,3.5,4.0,3.0,2,2.7468354430379747,2.5,4.0,0.4,10
3.372549019607843,4.0,7.0,1.0,3,3.076923076923077,2.857142857142857,4.0,0.5714285714285714,7
2.6296296296296298,2.3333333333333335,3.0,0.6666666666666666,3,3.0113636363636362,2.5,5.0,0.25,12
2.6666666666666665,4.0,4.0,1.0,1,2.7804878048780486,3.0,4.0,0.375,8
1.9,3.0,3.0,0.0,1,2.595505617977528,2.6,4.0,0.8,10
3.0714285714285716,4.0,4.0,0.0,1,2.2413793103448274,2.2857142857142856,4.0,0.2857142857142857,14
2.5185185185185186,3.5,4.0,1.0,2,3.201923076923077,3.5,5.0,1.0,8
3.135135135135135,4.0,6.0,1.25,4,2.597560975609756,2.6,4.0,0.4,10
2.0588235294117645,2.0,3.0,0.5,2,2.875,3.3333333333333335,5.0,0.8333333333333334,6
1.75,1.0,1.0,0.0,1,2.8541666666666665,3.125,4.0,1.125,8
1.5,0.5,1.0,0.0,2,2.5324675324675323,2.25,4.0,0.3333333333333333,12
2.6923076923076925,7.0,9.0,2.0,2,2.535211267605634,2.2,4.0,0.6,10
2.8666666666666667,2.2857142857142856,4.0,0.14285714285714285,7,2.432098765432099,3.0,4.0,0.8571428571428571,7
3.607142857142857,5.0,5.0,0.0,1,2.823529411764706,2.75,4.0,0.375,8
3.511627906976744,3.0,5.0,0.3333333333333333,3,2.475609756097561,2.6,4.0,0.6,10
3.5172413793103448,7.0,7.0,2.0,1,2.772277227722772,2.5555555555555554,4.0,0.7777777777777778,9
2.7450980392156863,4.5,6.0,3.0,2,2.8028169014084505,2.875,4.0,0.75,8
3.8684210526315788,7.0,7.0,6.0,1,2.8536585365853657,2.857142857142857,4.0,0.5714285714285714,7
2.953125,4.666666666666667,5.0,2.0,3,2.676767676767677,3.0,5.0,1.0,9
2.66,2.4,4.0,0.4,5,2.6153846153846154,2.6666666666666665,5.0,0.4444444444444444,9
1.5,1.0,1.0,0.0,1,3.011904761904762,3.4285714285714284,5.0,0.8571428571428571,7
2.7636363636363637,4.0,7.0,0.6666666666666666,3,2.975609756097561,2.888888888888889,4.0,0.6666666666666666,9
3.1216216216216215,4.0,5.0,1.25,4,2.5733333333333333,2.7777777777777777,4.0,0.4444444444444444,9
3.3125,2.6666666666666665,4.0,1.3333333333333333,3,2.869047619047619,2.6,4.0,0.3,10
1.6666666666666667,2.0,2.0,0.0,1,2.7204301075268815,2.5454545454545454,6.0,0.5454545454545454,11
2.2222222222222223,4.0,4.0,3.0,1,2.660377358490566,2.4285714285714284,4.0,0.5714285714285714,7
2.682926829268293,4.0,5.0,0.6666666666666666,3,2.56140350877193,2.2857142857142856,4.0,0.2857142857142857,7
2.5,4.0,4.0,1.0,1,2.456140350877193,3.2857142857142856,7.0,0.2857142857142857,7
0.0,0.0,0.0,0.0,1,2.6140350877192984,2.875,6.0,0.25,8
3.6818181818181817,4.0,4.0,1.0,1,2.4166666666666665,1.6666666666666667,2.0,0.1111111111111111,9
1.5,2.0,2.0,0.0,1,2.8627450980392157,2.8333333333333335,4.0,0.16666666666666666,6
2.2222222222222223,1.3333333333333333,2.0,0.3333333333333333,3,2.7666666666666666,2.857142857142857,5.0,0.14285714285714285,7
2.5,2.0,2.0,0.0,1,2.7704918032786887,2.4285714285714284,4.0,0.2857142857142857,7
3.0454545454545454,4.0,6.0,0.6666666666666666,3,2.8072289156626504,2.35,4.0,0.35,20
2.8055555555555554,2.25,3.0,0.5,4,2.9641025641025642,2.5714285714285716,4.0,0.23809523809523808,21
2.6363636363636362,3.6666666666666665,7.0,0.6666666666666666,3,2.619047619047619,2.68,5.0,0.44,25
3.909090909090909,3.0,3.0,3.0,1,3.1270718232044197,2.823529411764706,5.0,0.29411764705882354,17
3.0727272727272728,4.666666666666667,8.0,0.6666666666666666,3,2.782608695652174,2.68,5.0,0.4,25
3.5135135135135136,4.0,4.0,1.0,1,2.4976958525345623,2.121212121212121,4.0,0.12121212121212122,33
2.888888888888889,2.0,3.0,0.0,2,2.789719626168224,2.4166666666666665,4.0,0.20833333333333334,24
2.7142857142857144,3.0,4.0,1.0,3,3.0,2.7777777777777777,5.0,0.3333333333333333,18
3.4,3.0,5.0,1.3333333333333333,3,2.619718309859155,2.4074074074074074,6.0,0.4074074074074074,27
3.9887640449438204,5.333333333333333,6.0,2.3333333333333335,3,2.7393939393939393,2.5789473684210527,4.0,0.2631578947368421,19
3.8202247191011236,5.333333333333333,7.0,2.6666666666666665,3,2.518181818181818,2.0,4.0,0.2222222222222222,36
4.148148148148148,4.285714285714286,7.0,1.5714285714285714,7,2.6577181208053693,2.210526315789474,4.0,0.21052631578947367,19
7.339869281045751,4.0,5.0,1.75,4,2.3333333333333335,1.967741935483871,4.0,0.16129032258064516,31
3.5,3.5,5.0,1.5,4,2.502958579881657,2.391304347826087,4.0,0.391304347826087,23
2.823529411764706,2.375,4.0,0.625,8,2.607329842931937,2.3636363636363638,4.0,0.18181818181818182,22
2.823529411764706,2.375,4.0,0.625,8,2.5665236051502145,2.1142857142857143,4.0,0.17142857142857143,35
3.253012048192771,4.25,5.0,2.25,4,2.9339622641509435,2.789473684210526,5.0,0.3157894736842105,19
1.8333333333333333,1.5,2.0,0.0,2,2.827956989247312,2.75,5.0,0.16666666666666666,12
2.6031746031746033,3.75,5.0,2.0,4,3.891566265060241,2.3,5.0,0.5,10
3.4622641509433962,5.25,7.0,2.0,4,2.3376623376623376,1.6470588235294117,3.0,0.35294117647058826,17
3.36,4.0,5.0,1.3333333333333333,3,2.417910447761194,2.4285714285714284,5.0,0.3333333333333333,21
3.9545454545454546,5.0,7.0,1.6666666666666667,3,2.975609756097561,2.090909090909091,4.0,0.45454545454545453,11
2.0,2.0,2.0,0.0,2,2.53515625,2.3333333333333335,5.0,0.3055555555555556,36
4.063583815028902,5.0,8.0,1.6666666666666667,6,2.7685185185185186,2.3461538461538463,5.0,0.3076923076923077,26
3.92,3.0,5.0,1.0,4,2.9153846153846152,2.0277777777777777,4.0,0.3333333333333333,36
3.6904761904761907,3.0,6.0,1.0,7,2.7329545454545454,2.4545454545454546,5.0,0.2727272727272727,22
3.2446043165467624,4.285714285714286,6.0,1.0,7,2.813953488372093,2.6666666666666665,5.0,0.3333333333333333,24
3.875,6.0,6.0,1.0,1,2.641509433962264,2.4347826086956523,4.0,0.7391304347826086,23
3.9489795918367347,4.833333333333333,7.0,1.8333333333333333,6,2.7336448598130842,2.4444444444444446,6.0,0.37037037037037035,27
3.050632911392405,5.5,7.0,2.0,2,2.4213197969543145,1.9714285714285715,5.0,0.22857142857142856,35
2.0,1.5,3.0,0.0,2,2.437037037037037,2.0454545454545454,3.0,0.2727272727272727,22
2.6153846153846154,1.6666666666666667,3.0,0.3333333333333333,3,2.5838926174496644,2.217391304347826,4.0,0.21739130434782608,23
3.4126984126984126,4.666666666666667,5.0,1.6666666666666667,3,2.717948717948718,2.357142857142857,5.0,0.5,28
4.201923076923077,4.2,7.0,0.8,5,2.541436464088398,2.0,5.0,0.3103448275862069,29
4.375,4.0,4.0,0.0,1,2.897777777777778,2.3333333333333335,5.0,0.5416666666666666,24
2.659090909090909,2.75,5.0,1.25,4,2.4413145539906105,2.0,5.0,0.375,32
4.3247863247863245,5.333333333333333,8.0,3.0,3,2.55188679245283,2.1818181818181817,5.0,0.3939393939393939,33
4.669354838709677,4.533333333333333,10.0,2.2,15,2.6254980079681274,2.2666666666666666,4.0,0.4666666666666667,30
3.1857142857142855,3.4,5.0,1.6,5,2.800947867298578,2.5454545454545454,5.0,0.36363636363636365,22
3.6842105263157894,3.0,3.0,1.0,1,2.9133574007220218,2.5,5.0,0.6428571428571429,28
3.129032258064516,4.0,5.0,1.0,2,2.5772357723577235,2.323529411764706,4.0,0.3235294117647059,34
2.5714285714285716,2.5,3.0,0.0,2,2.7235023041474653,2.5,4.0,0.5416666666666666,24
3.216666666666667,3.5,5.0,0.75,4,2.6769230769230767,2.272727272727273,5.0,0.5909090909090909,22
3.6875,4.25,5.0,2.25,4,2.7983539094650207,2.8260869565217392,6.0,0.6086956521739131,23
3.611111111111111,3.5,4.0,2.0,2,2.5353982300884956,2.2333333333333334,5.0,0.36666666666666664,30
2.5714285714285716,2.6666666666666665,3.0,0.0,3,2.5402298850574714,2.3043478260869565,4.0,0.34782608695652173,23
4.605263157894737,2.0,4.0,1.5,2,2.802325581395349,2.2333333333333334,4.0,0.4666666666666667,30
4.08,4.0,4.0,2.0,1,2.629032258064516,2.193548387096774,5.0,0.4838709677419355,31
3.6893203883495147,3.3333333333333335,6.0,1.1666666666666667,6,2.6137071651090342,2.088888888888889,5.0,0.35555555555555557,45
3.763440860215054,3.6,5.0,2.0,5,2.459915611814346,2.4,5.0,0.5333333333333333,30
3.0428571428571427,3.0,5.0,1.1428571428571428,7,2.804255319148936,2.1785714285714284,4.0,0.4642857142857143,28
2.923076923076923,3.2,5.0,0.7,10,2.6367521367521367,2.4482758620689653,5.0,0.5862068965517241,29
2.5476190476190474,2.6,4.0,0.6,5,2.5860465116279068,2.1333333333333333,5.0,0.4666666666666667,30
2.923076923076923,3.2,5.0,0.7,10,2.74,2.12,5.0,0.44,25
3.691588785046729,3.8,5.0,1.6,5,2.7,2.1379310344827585,4.0,0.3793103448275862,29
3.3363636363636364,4.4,6.0,2.6,5,2.890322580645161,2.3333333333333335,4.0,0.2777777777777778,18
3.54,3.142857142857143,5.0,0.7142857142857143,7,2.5096153846153846,1.8928571428571428,3.0,0.39285714285714285,28
3.6315789473684212,4.0,7.0,1.3333333333333333,3,2.446700507614213,2.24,5.0,0.44,25
3.5172413793103448,2.5,3.0,1.0,2,2.4669603524229076,2.25,5.0,0.46875,32
2.9607843137254903,2.4,5.0,0.6,5,2.875536480686695,2.761904761904762,7.0,0.5714285714285714,21
3.7962962962962963,3.5,5.0,5.0,2,2.5486725663716814,2.4074074074074074,5.0,0.48148148148148145,27
3.017857142857143,3.857142857142857,7.0,1.2857142857142858,7,2.7989690721649483,2.5714285714285716,6.0,0.5714285714285714,21
1.6363636363636365,2.0,2.0,1.0,2,2.755813953488372,2.16,7.0,0.32,25
2.5,2.0,3.0,0.0,5,2.8895705521472395,2.4761904761904763,6.0,0.38095238095238093,21
3.2448979591836733,4.0,6.0,0.6666666666666666,3,2.8833333333333333,2.7058823529411766,4.0,0.5882352941176471,17
1.0,1.0,1.0,0.0,1,2.5270935960591134,1.911764705882353,5.0,0.2647058823529412,34
1.75,1.5,2.0,0.0,2,3.287671232876712,2.391304347826087,4.0,0.43478260869565216,23
3.0833333333333335,3.5,5.0,0.5,4,2.8733031674208145,2.95,4.0,0.6,20
3.149159663865546,3.125,8.0,0.6875,32,2.557471264367816,2.3043478260869565,5.0,0.391304347826087,23
2.5625,2.8,6.0,0.6,5,3.2823529411764705,2.857142857142857,3.0,0.42857142857142855,7
1.7,3.0,3.0,1.0,1,3.3066666666666666,3.5,5.0,0.5,6
2.5,6.0,6.0,4.0,1,3.014705882352941,2.8333333333333335,4.0,0.0,6
2.0,2.0,3.0,0.0,8,3.013333333333333,3.0,4.0,0.3333333333333333,6
2.0,3.0,3.0,1.0,1,2.5396825396825395,2.0,3.0,0.1111111111111111,9
2.511111111111111,1.75,3.0,0.0,8,2.3424657534246576,2.4444444444444446,3.0,0.2222222222222222,9
2.357142857142857,5.0,5.0,0.0,1,2.640625,3.1666666666666665,5.0,0.8333333333333334,6
4.4186046511627906,4.0,4.0,1.0,2,2.6164383561643834,2.7142857142857144,4.0,0.5714285714285714,7
2.903225806451613,3.3333333333333335,4.0,0.6666666666666666,3,2.6265060240963853,2.6666666666666665,4.0,0.3333333333333333,9
4.015873015873016,4.333333333333333,5.0,1.3333333333333333,3,2.7093023255813953,3.111111111111111,4.0,0.3333333333333333,9
3.914285714285714,3.5,5.0,1.5,2,3.232876712328767,2.25,5.0,0.125,8
3.5,1.5,2.0,0.0,2,2.8493150684931505,2.4444444444444446,5.0,0.0,9
2.8188976377952755,2.8181818181818183,5.0,0.5454545454545454,11,2.8268156424581004,2.5454545454545454,4.0,0.3181818181818182,22
3.7777777777777777,5.0,7.0,1.6666666666666667,3,2.722826086956522,2.347826086956522,5.0,0.30434782608695654,23
3.107142857142857,4.0,5.0,1.5,2,2.936893203883495,2.56,5.0,0.28,25
3.2162162162162162,4.0,5.0,1.5,2,2.935483870967742,2.3636363636363638,4.0,0.18181818181818182,22
2.6363636363636362,3.0,3.0,1.0,1,2.491228070175439,1.9473684210526316,4.0,0.21052631578947367,38
2.7876106194690267,4.333333333333333,6.0,0.8333333333333334,6,3.006666666666667,2.875,7.0,0.4375,16
2.8536585365853657,3.6666666666666665,5.0,1.0,3,2.9871794871794872,2.473684210526316,5.0,0.3684210526315789,19
3.761904761904762,4.333333333333333,5.0,1.6666666666666667,3,2.655,2.3846153846153846,5.0,0.2692307692307692,26
3.310344827586207,4.0,6.0,1.0,3,2.797752808988764,2.7777777777777777,5.0,0.3888888888888889,18
2.9705882352941178,3.4285714285714284,5.0,0.7142857142857143,7,2.613095238095238,2.25,5.0,0.20833333333333334,24
3.127659574468085,4.5,6.0,2.0,2,2.6606060606060606,2.0,5.0,0.18518518518518517,27
2.25,1.5,2.0,0.0,2,2.4827586206896552,2.0454545454545454,4.0,0.18181818181818182,22
1.2857142857142858,1.0,1.0,0.0,3,2.701570680628272,2.4347826086956523,5.0,0.43478260869565216,23
1.95,1.3333333333333333,3.0,0.0,6,3.2523809523809524,2.4210526315789473,5.0,0.6842105263157895,19
2.7714285714285714,2.5,4.0,0.75,4,2.4318181818181817,1.826086956521739,4.0,0.13043478260869565,23
3.1,5.0,5.0,0.0,1,2.4911242603550297,2.2083333333333335,5.0,0.375,24
3.764705882352941,3.5,6.0,1.0,2,2.6,2.2857142857142856,8.0,0.42857142857142855,28
3.475,3.5,5.0,1.0,2,3.3006535947712417,2.9285714285714284,7.0,0.6428571428571429,14
2.2222222222222223,2.0,2.0,0.5,2,2.46524064171123,2.3333333333333335,6.0,0.5,24
3.1666666666666665,3.0,3.0,1.0,1,3.1490384615384617,2.6842105263157894,4.0,0.5263157894736842,19
2.6666666666666665,2.5,3.0,0.0,2,2.625,2.185185185185185,4.0,0.37037037037037035,27
3.5588235294117645,5.0,5.0,2.0,1,3.00561797752809,2.611111111111111,8.0,0.4444444444444444,18
3.6,2.6666666666666665,3.0,0.3333333333333333,3,2.9329608938547485,2.7777777777777777,5.0,0.3333333333333333,18
4.473684210526316,4.25,5.0,1.75,4,2.5548780487804876,2.1818181818181817,4.0,0.3181818181818182,22
2.4285714285714284,2.5,3.0,0.5,2,2.986666666666667,2.25,5.0,0.1875,16
3.3580246913580245,3.4,7.0,1.4,5,2.882978723404255,2.8333333333333335,8.0,0.5555555555555556,18
1.0,1.0,1.0,0.0,1,2.8402777777777777,2.4705882352941178,4.0,0.29411764705882354,17
3.0,2.8,4.0,0.4,5,2.784090909090909,2.3333333333333335,5.0,0.5,18
2.5714285714285716,5.0,5.0,2.0,1,2.539877300613497,2.473684210526316,5.0,0.42105263157894735,19
3.1584158415841586,3.8,4.0,1.4,5,2.6616915422885574,2.142857142857143,3.0,0.32142857142857145,28
4.976744186046512,4.0,6.0,2.3333333333333335,3,2.585,2.6666666666666665,5.0,0.5714285714285714,21
2.6451612903225805,2.5,4.0,0.0,4,2.55,2.411764705882353,5.0,0.29411764705882354,17
2.3,2.0,2.0,1.0,1,2.4942528735632186,2.16,4.0,0.48,25
4.2105263157894735,4.5,5.0,2.5,2,2.429411764705882,2.0384615384615383,7.0,0.23076923076923078,26
3.390625,3.375,5.0,1.5,8,2.8034682080924855,2.4,4.0,0.55,20
3.0,4.0,5.0,1.5,2,2.551912568306011,2.4166666666666665,5.0,0.375,24
4.012345679012346,3.25,5.0,1.5,4,2.804733727810651,2.4,5.0,0.45,20
2.3076923076923075,1.5,2.0,0.5,2,2.739130434782609,2.176470588235294,4.0,0.23529411764705882,17
3.0625,1.5,2.0,0.0,2,2.458904109589041,2.0,4.0,0.5,22
2.142857142857143,3.0,3.0,0.0,1,2.8771929824561404,2.142857142857143,4.0,0.42857142857142855,7
1.5,1.0,2.0,0.0,2,2.769230769230769,3.2222222222222223,6.0,0.3333333333333333,9
2.9622641509433962,3.2,5.0,0.6,5,3.2783505154639174,3.0,6.0,0.25,8
3.2857142857142856,4.0,5.0,0.0,2,2.5217391304347827,2.5,4.0,0.0,10
3.35,3.6666666666666665,4.0,0.6666666666666666,3,2.768292682926829,2.7777777777777777,5.0,0.2222222222222222,9
3.357142857142857,5.0,5.0,1.0,1,2.6630434782608696,2.888888888888889,4.0,0.5555555555555556,9
3.4130434782608696,4.5,5.0,2.0,2,2.486111111111111,2.4444444444444446,4.0,0.2222222222222222,9
2.642857142857143,1.6666666666666667,3.0,0.0,3,2.671641791044776,3.0,4.0,0.2857142857142857,7
2.888888888888889,3.3333333333333335,4.0,1.0,3,2.927710843373494,2.5555555555555554,4.0,0.2222222222222222,9
2.871794871794872,2.5,3.0,0.0,4,2.5301204819277108,2.4166666666666665,5.0,0.16666666666666666,12
3.2427184466019416,3.8,6.0,0.7,20,3.2033898305084745,2.125,4.0,0.125,8
2.272727272727273,2.0,3.0,0.0,2,2.6527777777777777,2.2222222222222223,5.0,0.4444444444444444,9
4.317073170731708,5.0,5.0,6.0,1,2.5308641975308643,2.4285714285714284,4.0,0.42857142857142855,21
2.6176470588235294,3.5,4.0,2.5,2,3.0,2.1666666666666665,5.0,0.5833333333333334,12
1.8,1.5,2.0,0.0,2,2.8,2.7857142857142856,5.0,0.6428571428571429,14
3.272727272727273,5.0,5.0,3.0,1,3.1578947368421053,2.533333333333333,5.0,0.4666666666666667,15
3.5,4.2,10.0,1.2,5,2.330188679245283,2.3333333333333335,5.0,0.2,15
3.111111111111111,2.3333333333333335,5.0,0.6666666666666666,3,2.4186046511627906,2.7333333333333334,5.0,0.6666666666666666,15
2.357142857142857,2.0,3.0,0.0,4,2.694915254237288,2.5384615384615383,6.0,0.38461538461538464,13
3.9655172413793105,3.0,3.0,1.0,2,2.7232142857142856,2.9166666666666665,6.0,0.4166666666666667,12
1.5714285714285714,1.0,1.0,0.0,2,2.856115107913669,2.6666666666666665,5.0,0.4666666666666667,15
2.857142857142857,3.0,3.0,0.0,1,2.4705882352941178,2.357142857142857,4.0,0.14285714285714285,14
2.723404255319149,3.5,5.0,0.75,4,2.5839416058394162,2.05,4.0,0.35,20
1.0,1.0,1.0,0.0,1,2.381818181818182,1.9090909090909092,4.0,0.22727272727272727,22
2.611940298507463,2.25,4.0,0.625,8,2.486111111111111,2.388888888888889,4.0,0.5,18
4.88,5.0,5.0,1.0,1,2.3333333333333335,2.1578947368421053,4.0,0.3684210526315789,19
2.4375,2.0,4.0,0.6666666666666666,3,2.6323529411764706,2.411764705882353,5.0,0.5294117647058824,17
2.722689075630252,2.8,7.0,0.7,10,2.360544217687075,2.4444444444444446,5.0,0.3333333333333333,18
2.8095238095238093,3.0,4.0,0.5,2,2.5426356589147288,2.588235294117647,7.0,0.7058823529411765,17
5.013888888888889,6.0,7.0,2.5,2,3.0762711864406778,3.090909090909091,9.0,0.45454545454545453,11
2.52,2.0,4.0,0.3333333333333333,3,2.712230215827338,2.25,4.0,0.3125,16
1.0,1.0,1.0,0.0,1,2.892857142857143,2.909090909090909,5.0,0.45454545454545453,11
3.2857142857142856,4.0,6.0,1.0,2,2.6912751677852347,2.3529411764705883,5.0,0.5882352941176471,17
2.6296296296296298,2.8,4.0,0.8,5,2.5652173913043477,2.0588235294117645,4.0,0.29411764705882354,17
2.090909090909091,3.0,3.0,0.0,1,2.448529411764706,2.0476190476190474,5.0,0.3333333333333333,21
2.3684210526315788,1.25,3.0,0.25,4,2.5793650793650795,1.9047619047619047,4.0,0.38095238095238093,21
3.403225806451613,3.1666666666666665,6.0,0.16666666666666666,6,2.776923076923077,1.9523809523809523,4.0,0.3333333333333333,21
3.75,1.75,4.0,0.25,4,2.4862385321100917,2.0588235294117645,4.0,0.17647058823529413,17
1.6,2.0,2.0,0.0,1,3.5714285714285716,1.8,3.0,0.5,10
3.019607843137255,3.111111111111111,5.0,0.3333333333333333,9,2.3785488958990535,1.9454545454545455,4.0,0.4,55
2.6,2.0,2.0,0.0,1,2.636986301369863,2.1,4.0,0.25,20
1.8333333333333333,2.0,2.0,0.0,2,2.7260273972602738,2.111111111111111,4.0,0.2222222222222222,18
2.8666666666666667,2.5,3.0,0.0,2,2.452991452991453,1.95,4.0,0.3,20
3.111111111111111,3.0,3.0,3.0,1,2.569105691056911,1.9523809523809523,5.0,0.3333333333333333,21
2.7857142857142856,2.6666666666666665,4.0,0.3333333333333333,3,2.592857142857143,1.9523809523809523,4.0,0.2857142857142857,21
2.92,2.3333333333333335,4.0,1.0,3,2.9913793103448274,2.2857142857142856,5.0,0.35714285714285715,14
2.753623188405797,2.5714285714285716,5.0,0.7142857142857143,7,2.607843137254902,2.0476190476190474,4.0,0.5714285714285714,21
3.522727272727273,5.0,6.0,1.5,4,2.388157894736842,1.96,4.0,0.44,25
3.2666666666666666,4.0,5.0,1.6666666666666667,3,2.550387596899225,1.7916666666666667,6.0,0.20833333333333334,24
4.175,5.0,5.0,1.5,2,2.6638655462184873,1.9444444444444444,5.0,0.3333333333333333,18
2.782608695652174,2.5,4.0,1.0,2,2.7837837837837838,2.1333333333333333,4.0,0.3333333333333333,15
3.75,2.5,4.0,0.0,2,2.3314917127071824,1.6,5.0,0.2,35
2.8125,4.0,4.0,1.0,1,2.8273809523809526,2.130434782608696,6.0,0.2608695652173913,23
3.664383561643836,4.0,5.0,1.8333333333333333,6,3.136,2.2666666666666666,4.0,0.26666666666666666,15
3.0,2.0,2.0,1.0,1,2.6363636363636362,1.7666666666666666,4.0,0.23333333333333334,30
1.75,1.0,1.0,0.0,1,2.5428571428571427,2.4285714285714284,5.0,0.35714285714285715,14
3.1702127659574466,2.75,4.0,1.25,4,2.651821862348178,1.95,4.0,0.35,40
2.7333333333333334,4.0,4.0,2.0,1,2.538699690402477,2.2857142857142856,5.0,0.32653061224489793,49
3.657142857142857,3.5,4.0,0.5,2,2.7918088737201363,2.119047619047619,5.0,0.4523809523809524,42
3.32,3.0,4.0,2.0,2,2.425,2.2,4.0,0.22857142857142856,35
3.423076923076923,2.0,3.0,1.0,3,2.737827715355805,2.275,5.0,0.25,40
3.963636363636364,3.0,7.0,1.75,4,2.5607142857142855,2.2888888888888888,5.0,0.35555555555555557,45
2.3333333333333335,2.0,2.0,0.5,2,2.75,2.388888888888889,4.0,0.16666666666666666,36
2.0,2.0,3.0,0.0,2,2.693140794223827,2.361111111111111,5.0,0.5,36
3.923076923076923,4.0,4.0,2.0,1,2.4794007490636703,2.186046511627907,6.0,0.37209302325581395,43
3.078125,3.2,6.0,0.4,5,2.6937269372693726,2.388888888888889,5.0,0.4722222222222222,36
2.25,3.0,3.0,0.0,1,2.831460674157303,2.263157894736842,4.0,0.3684210526315789,38
1.4285714285714286,2.0,3.0,0.0,2,2.937984496124031,2.1951219512195124,5.0,0.36585365853658536,41
2.576923076923077,2.3333333333333335,3.0,0.3333333333333333,3,2.7827715355805243,2.4444444444444446,6.0,0.3611111111111111,36
2.6666666666666665,4.5,6.0,1.5,2,2.881720430107527,2.302325581395349,5.0,0.32558139534883723,43
2.5,3.0,3.0,1.0,1,2.8078431372549018,2.411764705882353,5.0,0.47058823529411764,34
2.3333333333333335,2.0,2.0,0.0,1,2.84765625,2.3333333333333335,5.0,0.2564102564102564,39
2.6666666666666665,2.3333333333333335,4.0,0.6666666666666666,3,2.739549839228296,2.7027027027027026,5.0,0.4864864864864865,37
2.2,1.5,3.0,0.0,2,2.381818181818182,2.0625,5.0,0.1875,48
2.1818181818181817,4.0,4.0,1.0,1,2.765625,2.135135135135135,5.0,0.32432432432432434,37
2.2,3.0,4.0,0.0,3,2.463667820069204,2.088888888888889,5.0,0.24444444444444444,45
3.111111111111111,3.0,3.0,1.0,1,2.612167300380228,2.3142857142857145,6.0,0.5142857142857142,35
2.5,2.0,2.0,0.6666666666666666,3,2.5598591549295775,2.1041666666666665,8.0,0.3125,48
2.5,2.5,3.0,0.5,2,2.605577689243028,2.466666666666667,5.0,0.43333333333333335,30
2.6315789473684212,2.25,3.0,0.5,4,2.8153846153846156,2.4,5.0,0.4,35
2.9444444444444446,4.0,4.0,2.0,1,2.633663366336634,2.3703703703703702,4.0,0.4444444444444444,27
3.1,1.5,3.0,0.0,2,2.621160409556314,2.1904761904761907,5.0,0.4523809523809524,42
2.875,1.0,3.0,0.0,3,2.773770491803279,2.4,4.0,0.3,40
2.46875,2.75,4.0,0.0,4,2.784232365145228,2.257142857142857,5.0,0.42857142857142855,35
2.78125,3.5,4.0,1.5,2,2.8339100346020762,2.5142857142857142,5.0,0.45714285714285713,35
3.625,3.0,6.0,1.3333333333333333,6,2.527027027027027,2.1914893617021276,5.0,0.2765957446808511,47
2.375,4.0,4.0,1.0,1,2.635514018691589,2.4444444444444446,4.0,0.37037037037037035,27
3.28125,4.0,4.0,1.0,1,2.8481675392670156,2.6315789473684212,4.0,0.42105263157894735,19
3.6363636363636362,4.0,4.0,0.5,2,2.8160377358490565,2.619047619047619,5.0,0.2857142857142857,21
2.6285714285714286,2.5,4.0,0.0,6,2.6810344827586206,2.7916666666666665,5.0,0.2916666666666667,24
1.9473684210526316,1.75,4.0,0.0,4,2.869565217391304,3.0,5.0,0.38461538461538464,13
3.0,3.0,5.0,1.0,2,2.3545454545454545,2.4375,4.0,0.1875,16
2.0,1.5,2.0,0.0,2,2.7560975609756095,2.2666666666666666,3.0,0.26666666666666666,15
4.579710144927536,6.0,6.0,4.0,1,2.584070796460177,2.5714285714285716,4.0,0.2857142857142857,14
2.6,2.0,2.0,0.0,1,2.7518796992481205,2.923076923076923,4.0,0.46153846153846156,13
1.25,2.0,2.0,0.0,1,2.4563106796116503,2.4166666666666665,4.0,0.5,12
2.3333333333333335,1.75,3.0,0.0,4,2.349056603773585,2.769230769230769,5.0,0.3076923076923077,13
2.5384615384615383,4.0,4.0,0.0,1,2.4513274336283186,2.0526315789473686,4.0,0.21052631578947367,19
2.963636363636364,2.2,5.0,1.0,5,2.5569620253164556,2.3333333333333335,3.0,0.3333333333333333,21
3.3125,3.0,6.0,0.8571428571428571,7,3.282258064516129,2.4285714285714284,4.0,0.5,14
2.6842105263157894,3.0,4.0,1.0,4,2.330188679245283,1.6363636363636365,3.0,0.09090909090909091,22
1.0,1.0,1.0,0.0,1,2.4921875,3.230769230769231,5.0,0.38461538461538464,13
2.526315789473684,4.0,4.0,0.0,1,2.5408163265306123,2.75,5.0,0.5,12
2.975609756097561,2.6666666666666665,4.0,0.6666666666666666,3,2.6165413533834587,1.9523809523809523,4.0,0.19047619047619047,21
2.738095238095238,3.0,6.0,1.3333333333333333,3,2.6470588235294117,2.6666666666666665,4.0,0.08333333333333333,12
1.8235294117647058,2.0,3.0,0.0,3,2.3983739837398375,2.411764705882353,4.0,0.17647058823529413,17
3.7222222222222223,2.25,4.0,0.5,4,2.2735849056603774,2.4,4.0,0.13333333333333333,15
2.744186046511628,3.3333333333333335,6.0,1.6666666666666667,3,2.4503311258278146,2.1818181818181817,4.0,0.18181818181818182,22
3.3043478260869565,5.0,5.0,1.0,1,2.4260869565217393,2.2777777777777777,4.0,0.2222222222222222,18
1.0,1.0,1.0,0.0,1,2.8013468013468015,2.0208333333333335,5.0,0.22916666666666666,48
3.111111111111111,2.0,2.0,1.0,1,2.6601307189542482,1.8571428571428572,5.0,0.17857142857142858,28
3.586206896551724,3.5,4.0,0.0,2,2.67032967032967,2.3846153846153846,4.0,0.46153846153846156,13
0.0,0.0,0.0,0.0,1,2.5210084033613445,2.142857142857143,4.0,0.19047619047619047,21
2.1,3.0,3.0,0.0,1,2.6707317073170733,2.2,4.0,0.2,25
2.4444444444444446,2.0,2.0,0.0,1,3.439252336448598,2.5454545454545454,4.0,0.36363636363636365,11
2.2857142857142856,1.0,1.0,0.0,1,2.891089108910891,2.0,5.0,0.1875,16
2.7755102040816326,4.0,7.0,0.6666666666666666,3,2.463636363636364,2.0,5.0,0.15,20
2.625,2.0,3.0,0.0,2,2.2882882882882885,1.7083333333333333,4.0,0.16666666666666666,24
3.6666666666666665,1.0,2.0,0.5,2,2.3978494623655915,1.7894736842105263,4.0,0.2631578947368421,19
0.0,0.0,0.0,0.0,1,2.5089285714285716,1.9444444444444444,5.0,0.2222222222222222,18
3.1666666666666665,4.0,4.0,0.0,1,2.8118811881188117,2.0714285714285716,4.0,0.2857142857142857,14
3.4615384615384617,4.5,7.0,4.0,2,2.888235294117647,3.8461538461538463,5.0,0.8461538461538461,13
3.1470588235294117,4.0,5.0,1.0,5,3.4691358024691357,3.4,6.0,0.9,10
3.3513513513513513,4.0,6.0,1.0,5,2.7556818181818183,3.769230769230769,5.0,0.6923076923076923,13
2.8823529411764706,2.5,4.0,0.0,2,2.675373134328358,2.740740740740741,5.0,0.48148148148148145,27
4.038167938931298,3.857142857142857,6.0,0.8571428571428571,7,2.484472049689441,2.25,5.0,0.25,44
2.9642857142857144,3.0,4.0,1.5,2,2.7791164658634537,2.3636363636363638,5.0,0.42424242424242425,33
4.892857142857143,5.0,5.0,4.0,1,2.6733870967741935,2.642857142857143,7.0,0.4642857142857143,28
2.882978723404255,3.857142857142857,7.0,1.5714285714285714,7,2.7358490566037736,2.4285714285714284,6.0,0.39285714285714285,28
4.314285714285714,3.5,4.0,1.0,2,2.6744186046511627,2.6923076923076925,8.0,0.38461538461538464,26
2.75,3.0,4.0,1.0,2,2.561797752808989,2.3870967741935485,5.0,0.3548387096774194,31
3.0454545454545454,3.0,5.0,1.0,2,2.5301204819277108,2.2666666666666666,5.0,0.3111111111111111,45
3.0,4.333333333333333,6.0,1.6666666666666667,3,2.4225352112676055,2.3333333333333335,5.0,0.4,30
3.0714285714285716,4.0,4.0,1.0,1,2.525735294117647,2.2051282051282053,5.0,0.3076923076923077,39
3.574074074074074,4.0,6.0,0.5,4,2.6236559139784945,2.1904761904761907,6.0,0.35714285714285715,42
3.268292682926829,4.444444444444445,13.0,1.6666666666666667,9,2.6946902654867255,2.259259259259259,5.0,0.37037037037037035,27
2.9482758620689653,3.3333333333333335,4.0,2.6666666666666665,3,2.789297658862876,2.588235294117647,6.0,0.29411764705882354,34
3.5945945945945947,4.0,5.0,1.6666666666666667,3,2.700404858299595,2.4,4.0,0.4,30
3.185185185185185,3.5,4.0,0.5,2,2.449275362318841,2.25,5.0,0.325,40
3.2950819672131146,5.0,5.0,1.5,2,2.8666666666666667,2.5483870967741935,7.0,0.3870967741935484,31
2.235294117647059,2.5,4.0,1.25,4,2.6923076923076925,2.15625,5.0,0.40625,32
3.263157894736842,3.0,3.0,1.0,1,2.768965517241379,2.1136363636363638,5.0,0.2727272727272727,44
3.0344827586206895,4.0,6.0,1.0,2,2.744,2.533333333333333,6.0,0.4,30
2.3333333333333335,4.0,4.0,0.0,1,2.5659574468085107,2.121212121212121,5.0,0.24242424242424243,33
3.5714285714285716,4.333333333333333,6.0,1.6666666666666667,3,2.841628959276018,2.48,5.0,0.32,25
3.173228346456693,2.8,6.0,0.8,10,2.4263959390862944,2.3333333333333335,5.0,0.37037037037037035,27
2.4444444444444446,2.6666666666666665,3.0,0.0,3,2.616504854368932,2.193548387096774,6.0,0.2903225806451613,31
3.0606060606060606,4.5,5.0,1.0,2,2.3300970873786406,2.2413793103448274,5.0,0.3103448275862069,29
3.0,4.0,6.0,2.0,2,2.767857142857143,2.64,6.0,0.36,25
5.52,4.0,5.0,2.0,3,2.6550387596899223,2.3333333333333335,4.0,0.42424242424242425,33
5.608294930875576,5.833333333333333,11.0,1.6666666666666667,6,2.553435114503817,2.189189189189189,5.0,0.1891891891891892,37
3.584795321637427,5.5,7.0,2.1666666666666665,6,2.6503759398496243,2.2285714285714286,6.0,0.2857142857142857,35
2.7586206896551726,1.8,4.0,0.0,5,2.9689922480620154,2.533333333333333,5.0,0.4,30
2.05,2.0,3.0,0.25,4,2.8452380952380953,2.586206896551724,6.0,0.4482758620689655,29
1.0,1.0,1.0,0.0,1,2.5384615384615383,1.5384615384615385,4.0,0.07692307692307693,39
2.1379310344827585,2.0,3.0,0.2,5,2.4274193548387095,2.347826086956522,4.0,0.21739130434782608,23
3.5033557046979866,3.925925925925926,7.0,1.0,27,2.5396825396825395,1.7307692307692308,4.0,0.07692307692307693,26
2.4262295081967213,2.2,5.0,0.1,10,2.2406015037593985,1.9285714285714286,4.0,0.2857142857142857,28
2.375,2.0,4.0,0.0,3,2.477272727272727,1.75,4.0,0.20833333333333334,24
2.8142857142857145,1.8,5.0,0.2,10,2.037878787878788,1.8181818181818181,4.0,0.09090909090909091,33
4.391304347826087,3.0,3.0,1.0,1,2.5396825396825395,2.65,6.0,0.25,20
3.2666666666666666,4.0,5.0,1.2,5,2.238095238095238,2.12,4.0,0.16,25
3.6675531914893615,3.473684210526316,6.0,1.1578947368421053,19,2.193548387096774,2.1052631578947367,4.0,0.05263157894736842,19
3.5,3.0,3.0,0.0,1,2.06,1.5714285714285714,4.0,0.03571428571428571,28
2.8823529411764706,4.0,4.0,1.0,1,2.4128440366972477,2.2777777777777777,5.0,0.2222222222222222,18
3.16,1.5,3.0,0.0,4,2.111111111111111,1.84,4.0,0.12,25
2.878787878787879,3.3333333333333335,4.0,1.6666666666666667,3,2.6526315789473682,2.2666666666666666,4.0,0.26666666666666666,15
1.0,1.0,1.0,0.0,1,2.403669724770642,2.0,4.0,0.13043478260869565,23
1.7692307692307692,3.0,3.0,0.0,2,2.353846153846154,2.230769230769231,5.0,0.11538461538461539,26
3.72,3.75,5.0,0.5,4,2.0,1.68,3.0,0.16,25
1.5714285714285714,3.0,3.0,0.0,1,2.264,1.7419354838709677,4.0,0.0967741935483871,31
3.0588235294117645,2.0,3.0,0.5,2,2.4285714285714284,1.9166666666666667,4.0,0.125,24
3.0575916230366493,2.4,5.0,0.25,20,2.18,1.6785714285714286,4.0,0.10714285714285714,28
2.6923076923076925,3.0,3.0,0.0,1,2.2113821138211383,2.0416666666666665,6.0,0.20833333333333334,24
2.6923076923076925,2.3333333333333335,4.0,0.0,3,2.352272727272727,1.7272727272727273,3.0,0.13636363636363635,22
2.0,2.0,3.0,0.0,4,2.106060606060606,2.074074074074074,4.0,0.18518518518518517,27
3.8461538461538463,2.75,4.0,0.25,4,2.2685185185185186,2.25,4.0,0.3,20
2.242424242424242,0.8571428571428571,3.0,0.14285714285714285,14,2.4098360655737703,2.0,6.0,0.12,25
2.938775510204082,3.5,5.0,1.0,4,2.6555555555555554,1.9411764705882353,4.0,0.17647058823529413,17
2.0,2.5,6.0,0.0,4,2.6551724137931036,2.7,5.0,0.35,20
3.0,3.0,3.0,0.0,1,2.1825396825396823,2.076923076923077,4.0,0.19230769230769232,26
1.25,2.0,2.0,0.0,1,2.1067961165048543,1.9166666666666667,5.0,0.16666666666666666,24
1.3333333333333333,2.0,2.0,0.0,1,2.242424242424242,2.0,4.0,0.09090909090909091,22
2.1,3.0,3.0,0.0,1,2.50381679389313,2.2857142857142856,5.0,0.19047619047619047,21
2.0,1.5,2.0,0.5,2,2.466666666666667,2.1176470588235294,4.0,0.29411764705882354,17
3.45,5.0,5.0,1.0,1,2.3085106382978724,1.8823529411764706,4.0,0.29411764705882354,17
2.7333333333333334,3.0,3.0,1.0,1,2.5053763440860215,2.0588235294117645,5.0,0.35294117647058826,17
2.772727272727273,2.75,4.0,1.5,4,2.5,1.9523809523809523,4.0,0.38095238095238093,21
2.1818181818181817,4.0,4.0,1.0,1,3.064,2.1875,6.0,0.625,16
3.2,2.5,4.0,1.0,2,2.912280701754386,2.375,5.0,0.3125,16
3.0689655172413794,3.3333333333333335,4.0,2.0,3,2.5555555555555554,2.0476190476190474,5.0,0.14285714285714285,21
3.282608695652174,3.0,5.0,1.0,5,2.4380952380952383,1.9047619047619047,4.0,0.14285714285714285,21
1.875,1.25,2.0,0.0,4,2.4363636363636365,2.0,4.0,0.21052631578947367,19
3.176470588235294,3.0,3.0,1.0,1,2.669642857142857,2.6153846153846154,7.0,0.46153846153846156,26
2.3333333333333335,2.0,2.0,0.0,1,2.397489539748954,2.05,4.0,0.3,40
3.1538461538461537,2.0,3.0,1.0,2,2.7205240174672487,2.103448275862069,6.0,0.3448275862068966,29
1.6666666666666667,2.0,2.0,0.0,1,2.382239382239382,2.0714285714285716,5.0,0.16666666666666666,42
3.3402777777777777,3.3333333333333335,6.0,1.0555555555555556,18,2.506666666666667,1.9,7.0,0.2,40
3.5208333333333335,4.5,7.0,1.75,4,2.272727272727273,1.911764705882353,5.0,0.2647058823529412,34
2.9583333333333335,4.0,6.0,2.0,6,2.691542288557214,2.0303030303030303,5.0,0.18181818181818182,33
5.560509554140127,4.333333333333333,9.0,1.8333333333333333,6,2.864734299516908,2.3076923076923075,6.0,0.46153846153846156,26
3.5348837209302326,3.5,5.0,2.0,2,2.529680365296804,1.9142857142857144,6.0,0.14285714285714285,35
3.4887640449438204,3.5,8.0,1.1,10,2.472636815920398,2.5384615384615383,6.0,0.46153846153846156,26
3.5125,3.5,4.0,1.75,4,2.7653061224489797,1.8518518518518519,5.0,0.37037037037037035,27
2.9722222222222223,3.5,4.0,1.0,2,2.626315789473684,2.185185185185185,5.0,0.4074074074074074,27
2.2,1.0,2.0,0.0,2,2.6547085201793723,2.4193548387096775,6.0,0.41935483870967744,31
2.75531914893617,3.125,6.0,0.75,8,2.556701030927835,2.0,5.0,0.1875,32
3.0980392156862746,3.5555555555555554,5.0,1.3333333333333333,9,2.7094017094017095,2.3666666666666667,5.0,0.43333333333333335,30
4.053571428571429,3.6666666666666665,5.0,1.6666666666666667,3,2.844155844155844,2.1818181818181817,6.0,0.21212121212121213,33
3.0052631578947366,3.3333333333333335,5.0,1.0833333333333333,12,2.8565400843881856,2.21875,5.0,0.3125,32
3.5306122448979593,3.0,5.0,0.8571428571428571,7,2.217142857142857,1.96875,5.0,0.3125,32
3.056,3.857142857142857,5.0,1.5714285714285714,7,2.7409090909090907,2.25,5.0,0.32142857142857145,28
3.383177570093458,4.5,6.0,3.0,4,2.650273224043716,2.2142857142857144,4.0,0.32142857142857145,28
3.7432432432432434,4.0,7.0,1.5,4,2.7142857142857144,2.25,6.0,0.3125,32
3.017543859649123,3.25,6.0,1.375,8,2.621495327102804,2.0606060606060606,5.0,0.18181818181818182,33
2.9871794871794872,3.6666666666666665,7.0,1.0,12,2.5846774193548385,2.1944444444444446,6.0,0.3888888888888889,36
3.1,3.0,4.0,1.0,2,2.6338028169014085,2.52,5.0,0.4,25
3.3440860215053765,3.125,4.0,0.625,8,2.593607305936073,2.3666666666666667,6.0,0.36666666666666664,30
3.6778523489932886,3.5714285714285716,5.0,1.1428571428571428,7,2.821256038647343,2.36,6.0,0.44,25
1.0,0.5,1.0,0.0,2,2.80184331797235,2.1379310344827585,6.0,0.5517241379310345,29
4.904761904761905,2.5,4.0,1.0,2,2.4954545454545456,2.0285714285714285,5.0,0.34285714285714286,35
2.2,2.0,3.0,0.0,2,2.4556962025316458,2.6363636363636362,4.0,0.36363636363636365,11
1.8,1.0,1.0,0.0,1,2.76,3.0,5.0,0.5,8
2.7666666666666666,3.3333333333333335,6.0,0.6666666666666666,3,2.880952380952381,3.125,5.0,0.75,8
3.375,3.0,3.0,2.0,2,3.2169811320754715,3.5,5.0,0.5,8
2.2,1.0,2.0,0.0,2,2.6261682242990654,2.6153846153846154,4.0,0.3076923076923077,13
3.1724137931034484,4.0,5.0,1.5,2,2.486754966887417,2.0588235294117645,6.0,0.35294117647058826,51
3.180451127819549,3.857142857142857,6.0,1.4285714285714286,7,2.5335195530726256,1.7941176470588236,5.0,0.23529411764705882,68
3.5088757396449703,4.125,6.0,1.5,8,2.3045822102425877,2.0,5.0,0.2647058823529412,68
3.723076923076923,4.333333333333333,6.0,2.3333333333333335,3,2.2633228840125392,1.8870967741935485,5.0,0.14516129032258066,62
3.0,4.1875,6.0,1.375,16,2.4401408450704225,1.8113207547169812,5.0,0.1320754716981132,53
4.0636363636363635,5.090909090909091,8.0,2.8181818181818183,11,2.181547619047619,1.641025641025641,4.0,0.1282051282051282,78
2.6875,2.75,4.0,0.75,4,2.3688311688311687,1.8732394366197183,5.0,0.22535211267605634,71
3.6082474226804124,4.0,6.0,2.0,4,2.997214484679666,2.2083333333333335,5.0,0.2916666666666667,48
3.3676470588235294,4.333333333333333,8.0,1.7777777777777777,9,2.2603174603174603,1.7164179104477613,4.0,0.16417910447761194,67
1.75,1.0,2.0,0.0,2,2.4430379746835444,1.9014084507042253,4.0,0.2112676056338028,71
2.5714285714285716,1.5,3.0,0.0,2,3.0421686746987953,3.1538461538461537,5.0,0.6923076923076923,13
1.9285714285714286,1.6666666666666667,2.0,0.3333333333333333,3,2.8068181818181817,3.1333333333333333,6.0,0.9333333333333333,15
4.423728813559322,2.6666666666666665,4.0,1.0,3,3.1206896551724137,2.933333333333333,6.0,0.7333333333333333,15
2.9411764705882355,4.0,4.0,2.0,1,2.556756756756757,2.5454545454545454,6.0,0.36363636363636365,22
2.782608695652174,3.0,4.0,0.0,2,2.8684210526315788,2.5,4.0,0.35714285714285715,14
3.3773584905660377,2.6,6.0,0.4,5,2.3157894736842106,2.25,5.0,0.375,16
2.25,2.0,2.0,0.0,1,2.6601941747572817,2.533333333333333,4.0,0.26666666666666666,15
2.72,4.0,4.0,1.0,2,2.8230769230769233,2.2857142857142856,5.0,0.47619047619047616,21
1.0,0.6666666666666666,1.0,0.0,3,2.8849557522123894,2.25,5.0,0.4375,16
3.5,4.0,4.0,0.0,1,2.38,2.2777777777777777,5.0,0.2222222222222222,18
1.8,1.0,1.0,0.0,2,2.612403100775194,2.473684210526316,5.0,0.2631578947368421,19
1.6,3.0,3.0,0.0,1,2.972413793103448,3.1818181818181817,5.0,0.8181818181818182,11
3.0,2.9411764705882355,6.0,0.7058823529411765,17,2.751196172248804,2.2962962962962963,5.0,0.6296296296296297,27
3.3440860215053765,5.5,8.0,2.0,4,2.751173708920188,2.5833333333333335,6.0,0.625,24
3.107142857142857,3.1666666666666665,5.0,1.0,6,2.6731707317073172,2.3043478260869565,6.0,0.6956521739130435,23
2.8627450980392157,2.5,4.0,1.25,4,2.6401673640167362,2.466666666666667,7.0,0.5666666666666667,30
3.02803738317757,3.75,5.0,1.375,8,2.718543046357616,2.15,5.0,0.65,40
2.979591836734694,4.0,6.0,2.5,2,2.6470588235294117,2.323529411764706,5.0,0.5882352941176471,34
3.453333333333333,2.5,4.0,1.5,4,2.5053763440860215,2.0,4.0,0.4074074074074074,27
2.515151515151515,3.0,4.0,0.6666666666666666,3,2.7099236641221376,2.272727272727273,5.0,0.6060606060606061,33
1.75,1.5,2.0,0.0,2,2.7653061224489797,2.4782608695652173,5.0,0.7391304347826086,23
3.267857142857143,2.75,5.0,1.25,4,2.5613382899628254,1.975,5.0,0.35,40
3.84375,2.6,4.0,1.0,5,2.827751196172249,2.24,4.0,0.76,25
3.236559139784946,3.3333333333333335,5.0,1.5,6,2.8384279475982535,2.6818181818181817,5.0,0.9090909090909091,22
2.5365853658536586,3.3333333333333335,4.0,1.3333333333333333,3,2.906574394463668,2.59375,5.0,0.6875,32
2.5208333333333335,2.8333333333333335,5.0,0.6666666666666666,6,2.612,2.0285714285714285,5.0,0.4857142857142857,35
3.6271186440677967,3.4285714285714284,5.0,1.2857142857142858,7,2.6483516483516483,2.2941176470588234,5.0,0.5,34
2.8333333333333335,3.6666666666666665,5.0,1.3333333333333333,3,2.4362139917695473,2.108108108108108,7.0,0.4594594594594595,37
3.576923076923077,3.8461538461538463,6.0,1.2307692307692308,13,2.8240343347639487,2.2758620689655173,5.0,0.7241379310344828,29
3.0943396226415096,2.75,3.0,0.5,4,2.6027397260273974,2.1875,5.0,0.53125,32
2.763157894736842,2.75,3.0,0.5,4,2.717391304347826,2.264705882352941,4.0,0.5882352941176471,34
3.4594594594594597,3.6666666666666665,7.0,1.5,6,2.857142857142857,2.3,4.0,0.5,30
2.206896551724138,2.0,4.0,0.2,5,2.2522522522522523,2.176470588235294,4.0,0.5,34
3.0,6.0,6.0,3.0,1,2.632107023411371,2.5294117647058822,6.0,0.7647058823529411,34
3.1702127659574466,3.6666666666666665,4.0,1.6666666666666667,3,2.896694214876033,2.4444444444444446,4.0,0.5555555555555556,27
3.8282828282828283,4.5,5.0,2.75,4,2.8388429752066116,2.2666666666666666,5.0,0.5666666666666667,30
2.9740259740259742,4.0,6.0,0.5,4,2.617283950617284,2.2,5.0,0.43333333333333335,30
2.727272727272727,3.5,4.0,0.0,2,2.7567567567567566,2.40625,5.0,0.53125,32
2.5833333333333335,3.0,3.0,0.0,1,2.462222222222222,2.088235294117647,5.0,0.4411764705882353,34
1.8,1.0,1.0,0.0,2,2.5811965811965814,2.3333333333333335,5.0,0.4666666666666667,30
3.3133333333333335,3.0,5.0,0.9090909090909091,11,2.5728643216080402,1.9333333333333333,4.0,0.5666666666666667,30
2.5961538461538463,2.0,3.0,0.8333333333333334,6,2.6986899563318776,2.161290322580645,5.0,0.5161290322580645,31
2.5,3.0,3.0,0.0,1,2.658536585365854,2.5,4.0,0.4,10
1.75,2.0,2.0,0.0,2,2.6515151515151514,2.2222222222222223,4.0,0.3333333333333333,9
2.5,2.0,2.0,0.0,1,3.3970588235294117,2.5714285714285716,4.0,0.5714285714285714,7
2.8333333333333335,2.0,2.0,0.0,1,2.352112676056338,2.0,6.0,0.38461538461538464,13
2.2857142857142856,2.0,2.0,0.0,1,2.032258064516129,1.6923076923076923,3.0,0.3076923076923077,13
4.9,3.0,3.0,2.0,1,2.481012658227848,1.9166666666666667,5.0,0.25,12
2.4285714285714284,3.0,4.0,0.5,2,2.420289855072464,2.2,5.0,0.6,10
3.0787878787878786,4.111111111111111,8.0,1.0,9,2.76,2.5454545454545454,5.0,0.2727272727272727,11
2.1818181818181817,1.3333333333333333,2.0,0.0,3,2.2884615384615383,2.2,5.0,0.2,10
1.7777777777777777,1.5,2.0,0.0,2,2.5421686746987953,1.9375,4.0,0.4375,16
3.2222222222222223,3.0,3.0,0.0,1,2.7666666666666666,2.2857142857142856,3.0,0.42857142857142855,7
2.8857142857142857,3.5,4.0,0.5,2,2.267857142857143,2.0,5.0,0.2727272727272727,11
3.5714285714285716,3.6666666666666665,5.0,0.6666666666666666,3,2.259259259259259,2.0,4.0,0.2,10
0.0,0.0,0.0,0.0,1,2.7333333333333334,2.6666666666666665,5.0,0.4444444444444444,9
0.0,0.0,0.0,0.0,1,2.5974025974025974,2.3636363636363638,4.0,0.5454545454545454,11
3.2058823529411766,7.0,7.0,4.0,1,2.4393939393939394,2.3,5.0,0.3,10
3.7204301075268815,5.25,7.0,2.0,4,2.564516129032258,2.6666666666666665,4.0,0.4444444444444444,9
3.78,4.0,4.0,2.5,2,2.463768115942029,2.5454545454545454,6.0,0.36363636363636365,11
2.2857142857142856,2.0,3.0,0.3333333333333333,3,2.081967213114754,1.8571428571428572,4.0,0.21428571428571427,14
1.7777777777777777,3.0,3.0,1.0,1,2.1964285714285716,2.4,4.0,0.2,10
3.3426294820717133,3.6875,8.0,1.1875,16,1.9111111111111112,1.5833333333333333,4.0,0.0,12
1.4,1.0,1.0,0.0,2,2.5357142857142856,1.9333333333333333,7.0,0.2,15
2.3333333333333335,2.0,2.0,0.0,1,2.576923076923077,2.8,5.0,0.5,10
1.0,1.0,1.0,0.0,1,2.4615384615384617,2.5833333333333335,4.0,0.16666666666666666,12
1.0,1.0,1.0,0.0,1,2.7313432835820897,2.7777777777777777,5.0,0.5555555555555556,9
3.8666666666666667,4.5,5.0,0.5,2,3.0923076923076924,1.8888888888888888,4.0,0.4444444444444444,9
2.25,3.0,3.0,0.0,1,2.463768115942029,2.0,4.0,0.25,12
1.5,2.0,2.0,0.0,1,2.081967213114754,2.0,5.0,0.4166666666666667,12
2.0,3.0,3.0,1.0,1,2.6346153846153846,2.5,4.0,0.25,8
3.0,2.0,3.0,0.0,2,2.260869565217391,2.1818181818181817,3.0,0.18181818181818182,11
3.452830188679245,4.0,4.0,2.5,2,2.4022346368715084,2.0,4.0,0.22580645161290322,31
3.4925373134328357,3.5,5.0,0.75,4,2.835294117647059,2.130434782608696,4.0,0.6521739130434783,23
1.8181818181818181,6.0,6.0,2.0,1,2.769230769230769,2.4761904761904763,6.0,0.5714285714285714,21
3.38,3.0,5.0,2.0,2,2.7971014492753623,2.48,5.0,0.4,25
2.94,3.3333333333333335,4.0,1.0,3,2.6022099447513813,2.9444444444444446,6.0,0.5555555555555556,18
2.5555555555555554,3.0,3.0,1.0,1,2.6321243523316062,2.8181818181818183,7.0,0.45454545454545453,22
2.6666666666666665,3.0,4.0,0.5,2,2.5080213903743314,2.3,6.0,0.36666666666666664,30
3.5836575875486383,4.363636363636363,8.0,1.7272727272727273,11,2.552941176470588,2.3333333333333335,4.0,0.42857142857142855,21
4.032608695652174,4.666666666666667,6.0,1.3333333333333333,3,2.4630872483221475,2.4285714285714284,5.0,0.3333333333333333,21
4.333333333333333,7.0,7.0,2.0,1,2.443396226415094,2.2758620689655173,6.0,0.3793103448275862,29
3.272727272727273,6.0,7.0,3.5,2,2.7162162162162162,2.857142857142857,4.0,0.5,14
3.1666666666666665,4.0,5.0,2.0,2,2.761904761904762,2.4166666666666665,6.0,0.5416666666666666,24
3.3197969543147208,3.3,7.0,0.6333333333333333,30,2.7804878048780486,2.5294117647058822,5.0,0.35294117647058826,17
3.506172839506173,4.25,7.0,1.75,8,2.9691358024691357,2.75,5.0,0.5,16
2.25,6.0,6.0,0.0,1,2.5673076923076925,2.129032258064516,5.0,0.2903225806451613,31
3.088235294117647,4.25,7.0,0.75,4,2.6836158192090394,2.6363636363636362,4.0,0.5454545454545454,22
3.5168539325842696,3.8,5.0,1.0,5,2.6968085106382977,2.1818181818181817,5.0,0.6363636363636364,22
3.4491017964071857,4.285714285714286,6.0,2.0,7,2.4642857142857144,2.161290322580645,6.0,0.3870967741935484,31
2.9210526315789473,3.8,7.0,1.4,5,2.3314917127071824,2.0,5.0,0.375,32
3.656716417910448,2.7142857142857144,4.0,0.42857142857142855,7,2.3567567567567567,2.0,4.0,0.23333333333333334,30
3.3980582524271843,2.5555555555555554,6.0,0.6666666666666666,9,2.2828947368421053,2.0454545454545454,4.0,0.4090909090909091,22
3.2222222222222223,2.8333333333333335,6.0,0.6666666666666666,6,2.496598639455782,2.0869565217391304,4.0,0.34782608695652173,23
3.168539325842697,3.3333333333333335,5.0,1.0,6,2.519230769230769,2.2142857142857144,6.0,0.5357142857142857,28
3.0,3.25,5.0,1.25,8,2.560185185185185,2.2903225806451615,7.0,0.41935483870967744,31
2.6,3.0,3.0,0.0,1,2.6485148514851486,2.3461538461538463,5.0,0.46153846153846156,26
3.2828947368421053,2.8181818181818183,6.0,1.1818181818181819,11,2.49,2.1481481481481484,5.0,0.7037037037037037,27
3.5873015873015874,4.0,6.0,3.3333333333333335,3,2.452830188679245,2.129032258064516,5.0,0.45161290322580644,31
3.1940298507462686,4.5,5.0,1.25,4,2.9569377990430623,2.4166666666666665,8.0,0.375,24
3.768,4.166666666666667,9.0,1.5,6,2.4108108108108106,1.903225806451613,6.0,0.3870967741935484,31
3.338582677165354,4.6,6.0,1.2,5,2.4545454545454546,2.4827586206896552,4.0,0.4482758620689655,29
3.0689655172413794,4.0,6.0,1.0,2,2.67027027027027,2.4285714285714284,5.0,0.7619047619047619,21
3.8135593220338984,3.3333333333333335,4.0,1.3333333333333333,3,2.3047619047619046,2.09375,5.0,0.25,32
3.259259259259259,4.0,6.0,1.5,6,2.351063829787234,2.185185185185185,6.0,0.3333333333333333,27
4.094890510948905,3.7142857142857144,6.0,1.5714285714285714,7,2.7962962962962963,2.185185185185185,4.0,0.4444444444444444,27
3.227272727272727,7.0,7.0,2.0,1,2.5235602094240837,2.103448275862069,5.0,0.4827586206896552,29
2.8484848484848486,2.25,3.0,0.75,4,2.4722222222222223,2.1578947368421053,5.0,0.47368421052631576,38
3.2976190476190474,3.75,5.0,1.0,4,2.927536231884058,2.44,5.0,0.36,25
2.5733333333333333,3.0,6.0,0.42857142857142855,7,2.1396648044692737,2.1333333333333333,3.0,0.43333333333333335,30
2.8548387096774195,3.4,4.0,1.8,5,2.6134969325153374,2.238095238095238,5.0,0.3333333333333333,21
2.3,3.0,3.0,0.5,2,2.670157068062827,2.111111111111111,4.0,0.4444444444444444,27
2.789473684210526,2.5,3.0,0.5,2,2.422222222222222,2.0357142857142856,4.0,0.2857142857142857,28
3.3389830508474576,3.4,6.0,0.8,5,2.552995391705069,2.1333333333333333,4.0,0.3333333333333333,30
3.518181818181818,4.181818181818182,6.0,1.2727272727272727,11,2.6339285714285716,2.357142857142857,5.0,0.42857142857142855,28
2.2857142857142856,2.0,2.0,0.0,1,2.5441176470588234,2.090909090909091,6.0,0.3939393939393939,33
2.764705882352941,2.5,3.0,0.0,2,2.4009661835748792,1.90625,4.0,0.28125,32
3.1377551020408165,3.6666666666666665,5.0,1.0,12,2.3525641025641026,1.9583333333333333,5.0,0.4583333333333333,24
2.6470588235294117,2.5,3.0,0.0,2,3.1666666666666665,2.6666666666666665,3.0,0.5,6
3.0588235294117645,4.0,4.0,3.0,1,2.8636363636363638,3.0,3.0,0.6666666666666666,6
3.125,3.5,4.0,1.0,2,2.6666666666666665,3.1666666666666665,4.0,0.6666666666666666,6
1.5,1.0,1.0,0.0,1,2.65,2.857142857142857,4.0,0.14285714285714285,7
1.3333333333333333,1.0,1.0,0.0,1,2.736842105263158,2.7142857142857144,4.0,0.42857142857142855,7
4.926829268292683,3.0,3.0,1.5,2,2.78,2.5,3.0,0.3333333333333333,6
1.25,3.0,3.0,0.0,1,2.4285714285714284,3.2857142857142856,7.0,0.5714285714285714,7
3.125,2.0,3.0,0.3333333333333333,3,2.4893617021276597,3.3333333333333335,5.0,0.3333333333333333,6
3.0,5.0,5.0,2.0,1,3.0441176470588234,2.857142857142857,4.0,0.2857142857142857,7
4.018867924528302,3.0,4.0,1.3333333333333333,3,2.523076923076923,2.3,4.0,0.1,10
3.9523809523809526,3.0,3.0,0.0,1,2.838709677419355,3.1666666666666665,4.0,0.5,6
3.128205128205128,5.25,8.0,1.75,4,2.904109589041096,2.5555555555555554,4.0,0.2222222222222222,9
3.5964912280701755,12.0,12.0,8.0,1,2.764367816091954,2.611111111111111,4.0,0.3888888888888889,18
2.4615384615384617,2.5,4.0,0.75,4,2.8536585365853657,2.789473684210526,5.0,0.7368421052631579,19
2.9166666666666665,3.0,4.0,1.0,6,2.7738095238095237,2.5294117647058822,7.0,0.5294117647058824,17
2.375,2.0,2.0,0.0,1,2.5821917808219177,2.3529411764705883,4.0,0.35294117647058826,17
2.857142857142857,4.0,6.0,1.0,2,2.5734265734265733,2.2777777777777777,5.0,0.16666666666666666,18
3.0454545454545454,5.0,5.0,3.0,1,2.415929203539823,2.1176470588235294,3.0,0.23529411764705882,17
3.6545454545454548,4.0,4.0,1.6666666666666667,3,3.227979274611399,2.875,5.0,0.8125,16
3.6481481481481484,3.6666666666666665,6.0,1.3333333333333333,3,2.745,2.3636363636363638,4.0,0.36363636363636365,22
3.4285714285714284,3.6666666666666665,6.0,1.0,3,2.676470588235294,2.7222222222222223,4.0,0.3888888888888889,18
2.8947368421052633,2.8,3.0,0.6,5,2.6666666666666665,2.3684210526315788,4.0,0.21052631578947367,19
2.971830985915493,3.5,6.0,1.1666666666666667,6,3.005128205128205,2.526315789473684,5.0,0.47368421052631576,19
1.7142857142857142,3.0,3.0,0.0,1,3.0127388535031847,2.2586206896551726,5.0,0.22413793103448276,58
2.607142857142857,2.3333333333333335,4.0,1.3333333333333333,3,2.754054054054054,2.34,5.0,0.16,50
2.7142857142857144,4.0,4.0,2.0,1,2.9914285714285715,2.3333333333333335,5.0,0.2,45
2.9056603773584904,8.0,8.0,5.0,1,2.8333333333333335,2.638888888888889,5.0,0.25,36
2.3846153846153846,2.3333333333333335,3.0,1.3333333333333333,3,2.39209726443769,2.074074074074074,4.0,0.05555555555555555,54
2.717948717948718,3.5,4.0,3.5,2,3.082018927444795,2.606060606060606,5.0,0.2727272727272727,33
4.616666666666666,8.0,8.0,5.0,1,2.6986301369863015,2.317073170731707,6.0,0.21951219512195122,41
2.9295774647887325,2.2222222222222223,4.0,0.5555555555555556,9,2.8904899135446684,2.3777777777777778,6.0,0.13333333333333333,45
2.4444444444444446,2.0,3.0,0.25,4,2.7857142857142856,2.533333333333333,5.0,0.28888888888888886,45
3.3958333333333335,3.3333333333333335,4.0,0.6666666666666666,3,2.5416666666666665,2.4565217391304346,5.0,0.13043478260869565,46
2.64,3.5,4.0,0.5,2,2.7666666666666666,2.280701754385965,5.0,0.21052631578947367,57
2.1333333333333333,2.0,3.0,0.5,2,3.047169811320755,2.7674418604651163,7.0,0.18604651162790697,43
3.1666666666666665,3.0,3.0,1.0,1,3.1258064516129034,2.4827586206896552,5.0,0.2413793103448276,29
3.5454545454545454,3.3333333333333335,4.0,1.3333333333333333,3,2.6897506925207755,2.595744680851064,5.0,0.2553191489361702,47
1.5,2.0,2.0,0.0,1,2.957983193277311,2.1875,5.0,0.28125,32
2.7804878048780486,2.1666666666666665,6.0,0.5,6,2.810810810810811,2.611111111111111,4.0,0.2777777777777778,18
2.9767441860465116,2.5,4.0,1.0,4,2.7454545454545456,2.3181818181818183,6.0,0.2727272727272727,22
1.5,1.5,2.0,0.0,2,3.2126436781609193,2.3,4.0,0.45,20
4.111111111111111,2.5,3.0,0.0,2,2.859030837004405,2.259259259259259,4.0,0.3333333333333333,27
3.5277777777777777,4.0,5.0,1.5,2,2.8440860215053765,2.4761904761904763,5.0,0.2857142857142857,21
3.4,4.0,4.0,1.0,1,2.8914285714285715,2.1363636363636362,4.0,0.13636363636363635,22
3.9069767441860463,4.5,5.0,2.0,2,2.36734693877551,2.4285714285714284,7.0,0.23809523809523808,21
3.2857142857142856,3.6,5.0,1.2,5,2.9533678756476682,2.125,7.0,0.25,24
3.574468085106383,4.5,5.0,1.5,2,3.1823529411764704,2.466666666666667,5.0,0.13333333333333333,15
3.1481481481481484,2.3333333333333335,3.0,1.0,3,2.8088235294117645,2.7857142857142856,4.0,0.35714285714285715,14
3.25,4.0,6.0,1.6666666666666667,3,2.4503311258278146,2.4761904761904763,5.0,0.19047619047619047,21
3.6944444444444446,4.0,4.0,2.0,1,2.541871921182266,2.608695652173913,5.0,0.4782608695652174,23
2.85,3.0,3.0,0.5,2,3.192488262910798,2.7142857142857144,4.0,0.3333333333333333,21
2.9514563106796117,2.272727272727273,5.0,0.45454545454545453,11,2.8262910798122065,2.6666666666666665,6.0,0.42857142857142855,21
3.8450704225352115,2.6666666666666665,5.0,0.16666666666666666,6,2.755952380952381,2.380952380952381,5.0,0.23809523809523808,21
1.625,1.6666666666666667,3.0,0.6666666666666666,3,3.1842105263157894,2.823529411764706,5.0,0.4117647058823529,17
3.2401215805471124,3.5238095238095237,9.0,1.1428571428571428,21,2.9954128440366974,2.8947368421052633,5.0,0.47368421052631576,19
3.2,2.5,4.0,0.5,2,2.8816568047337277,2.4375,5.0,0.375,16
3.3404255319148937,3.3333333333333335,5.0,1.3333333333333333,3,2.6881188118811883,2.2222222222222223,4.0,0.2962962962962963,27
3.6714285714285713,5.5,7.0,3.0,2,2.49375,2.1739130434782608,4.0,0.13043478260869565,23
3.6122448979591835,3.3333333333333335,4.0,1.3333333333333333,3,2.7379679144385025,2.2083333333333335,5.0,0.2916666666666667,24
2.893617021276596,3.0,3.0,1.5,4,2.470967741935484,2.3181818181818183,4.0,0.22727272727272727,22
3.4210526315789473,2.8333333333333335,5.0,0.5,6,2.5698924731182795,2.0689655172413794,4.0,0.20689655172413793,29
3.2153846153846155,3.1666666666666665,5.0,0.8333333333333334,6,2.6804733727810652,2.5555555555555554,4.0,0.3333333333333333,18
