Abstract_Tokens,Generated_Abstract_Tokens
"Arbetsmarknadens,förändringar,i,form,av,högre,arbetstakt,;,tillfälliga,anställningar,och,krav,på,flexibla,arbetsvillkor,;,gör,att,allt,fler,upplever,stress,i,arbetslivet,.,Långvarig,stress,medför,stora,hälsorisker,för,individen,.,Eftersom,många,av,dagens,sjukskrivningar,beror,på,stressrelaterade,sjukdomar,;,såsom,depression,och,utmattning,är,det,viktigt,att,studera,metoder,för,stresshantering,på,arbetsplatsen,.,Beröring,i,form,av,massage,kan,minska,stress,hos,individer,samt,fungerar,som,ett,komplement,i,behandlingen,för,stressrelaterade,sjukdomar,.,Ett,fältexperiment,med,28,tjänstemän,utfördes,för,att,undersöka,om,en,kortvarig,massage,på,arbetstid,kunde,inverka,positivt,på,den,arbetsrelaterade,stressen,jämfört,med,en,avslappningsövning,och,vanlig,rast,.,Studien,visade,signifikant,minskning,av,stressnivån,efter,massageinterventionen,.,Resultatet,ger,en,antydan,om,att,upplevelsen,av,stress,går,att,reducera,med,hjälp,av,fysisk,beröring,.,Stickprovets,storlek,samt,förväntnings-,effektens,inverkan,på,resultatet,diskuteras,.","Arbetsrelaterad,stress,har,blivit,ett,vardagligt,inslag,i,många,organisationer,och,påverkar,både,prestation,,,återhämtning,och,välmående,.,I,den,här,uppsatsen,undersöks,beröring,som,en,möjlig,,,komplementär,metod,för,att,dämpa,stress,på,arbetsplatsen,.,Fokus,ligger,på,fysisk,beröring,i,form,av,massage,och,enklare,beröringsbaserade,insatser,som,syftar,till,avslappning,,,snarare,än,på,medicinsk,behandling,eller,långsiktiga,rehabiliteringsprogram,.,Utgångspunkten,är,att,stress,inte,bara,är,en,mental,upplevelse,utan,också,något,som,sätter,sig,i,kroppen,:,spända,muskler,,,ytligare,andning,och,svårigheter,att,varva,ner,.,Beröring,kan,,,när,den,ges,på,ett,tryggt,och,professionellt,sätt,,,fungera,som,en,konkret,motvikt,till,detta,.,Massage,och,liknande,metoder,beskrivs,ofta,som,ett,sätt,att,sänka,kroppens,stresspåslag,och,skapa,en,tydligare,känsla,av,lugn,.,Effekten,handlar,inte,enbart,om,att,“,mjuka,upp,”,muskulatur,,,utan,om,att,ge,nervsystemet,signaler,som,underlättar,återhämtning,och,gör,det,lättare,att,släppa,taget,om,arbetsdagen,,,åtminstone,för,en,stund,.,Samtidigt,väcker,beröring,frågor,som,inte,går,att,bortse,från,.,Arbetsplatsen,är,en,social,miljö,med,gränser,,,normer,och,maktbalanser,,,vilket,gör,frivillighet,,,samtycke,och,integritet,centralt,.,Beröring,kan,upplevas,positivt,av,vissa,och,obekvämt,av,andra,,,och,insatser,som,massage,behöver,därför,vara,tydligt,avgränsade,,,valbara,och,anpassade,efter,individuella,preferenser,.,En,annan,aspekt,är,hur,beröring,placeras,i,relation,till,andra,stressförebyggande,åtgärder,.,Som,komplement,kan,den,bidra,till,kortsiktig,avslappning,och,förbättrad,återhämtning,,,men,den,ersätter,inte,förändringar,i,arbetsbelastning,,,ledarskap,eller,organisatoriska,villkor,som,ofta,ligger,bakom,stressen,från,början,.,Sammanlagt,tecknar,uppsatsen,en,bild,av,beröring,som,ett,praktiskt,och,ibland,underskattat,verktyg,i,arbetsmiljöarbetet,,,särskilt,när,målet,är,att,skapa,små,men,märkbart,lugnande,pauser,i,en,pressad,vardag,.,Massage,och,andra,former,av,professionellt,organiserad,beröring,kan,ge,en,påtaglig,känsla,av,avslappning,och,därigenom,minska,stressymtom,,,men,metoden,kräver,eftertanke,,,tydliga,ramar,och,respekt,för,att,kroppslig,närhet,aldrig,är,neutralt,för,alla,."
"Syftet,med,studien,är,att,få,en,fördjupad,förståelse,för,hur,pedagoger,tolkar,och,utvecklar,arbetet,kring,begreppet,hållbar,utveckling,utifrån,den,kunskap,de,besitter,.,Teorier,om,kunskap,och,hållbar,utveckling,samt,begreppet,handlingskompetens,är,centrala,delar,i,föreliggande,studie,.,Studien,utgår,från,en,kvalitativ,metod,och,är,grundad,på,semistrukturerade,intervjuer,med,sammanlagt,sex,pedagoger,från,två,förskolor,i,södra,Sverige,.,Studien,utgår,från,två,forskningsfrågor,:,(,1,),hur,förhåller,sig,pedagoger,till,begreppet,hållbar,utveckling,ur,ett,lärandeperspektiv,samt,(,2,),om,normer,och,värderingar,synliggörs,;,hur,speglas,dessa,i,pedagogernas,arbete,med,kunskapsbildning,för,hållbar,utveckling,.,Resultatet,av,studien,visar,att,pedagogers,uppfattningar,av,begreppet,hållbar,utveckling,riktar,sig,åt,de,tre,dimensionerna,ekologisk,;,ekonomisk,och,social,.,Pedagogernas,kunskapsbildning,grundar,sig,i,fortbildningen,Grön,flagg,eller,pedagogernas,eget,intresse,.,Främst,sker,lärandet,för,hållbar,utveckling,utifrån,ämnen,som,kan,göras,konkreta,för,barnen,;,till,exempel,källsortering,och,skräpplockning,.,Pedagogerna,beskriver,situationer,där,barnens,handlingskompetens,speglas,.,Pedagogerna,anser,att,de,verkar,som,förebilder,för,barnen,.,Det,är,främst,den,normerande,undervisningsformen,som,synliggörs,i,pedagogernas,beskrivningar,av,arbetet,för,lärandet,av,hållbar,utveckling,.,Den,styrs,av,attityder,och,värderingar,som,är,grunden,för,om,de,agerar,för,hållbar,utveckling,.","Utifrån,titeln,och,nyckelorden,tar,uppsatsen,avstamp,i,en,vanlig,utmaning,i,förskolans,hållbarhetsarbete,:,att,området,är,så,brett,att,det,kan,kännas,svårt,att,ens,veta,var,man,ska,börja,.,Fokus,hamnar,därför,på,hur,hållbar,utveckling,kan,bli,något,mer,än,ett,tema,i,kalendern,,,och,i,stället,bli,en,del,av,vardagens,lärande,och,beslutsfattande,i,förskolan,.,En,central,utgångspunkt,är,handlingskompetens,.,Det,handlar,inte,bara,om,att,barn,ska,få,veta,saker,om,miljön,,,utan,om,att,de,ska,ges,möjlighet,att,förstå,sammanhang,,,pröva,handlingar,och,uppleva,att,deras,val,spelar,roll,.,Här,sätts,kunskap,i,relation,till,känslor,.,När,barn,möter,frågor,om,natur,,,konsumtion,eller,klimat,väcks,ofta,både,nyfikenhet,och,oro,.,Uppsatsen,undersöker,hur,pedagoger,kan,ta,emot,sådana,reaktioner,utan,att,vare,sig,tona,ner,dem,eller,förstärka,hopplöshet,.,Känslor,behandlas,som,en,del,av,lärandet,,,inte,som,något,som,måste,“,hanteras,bort,”,för,att,undervisningen,ska,fungera,.,Miljöundervisning,i,förskolan,beskrivs,som,praktisk,,,relationell,och,starkt,beroende,av,situationer,som,uppstår,i,stunden,:,måltider,,,utevistelse,,,materialval,,,återbruk,,,konflikter,om,resurser,eller,omsorg,om,småkryp,på,gården,.,I,sådana,ögonblick,synliggörs,normer,och,värderingar,.,Vad,räknas,som,att,vara,“,duktig,”,när,man,sorterar,?,Vem,får,bestämma,?,Vems,idéer,tas,på,allvar,?,Uppsatsen,diskuterar,hur,dessa,vardagliga,ordningar,formar,barnens,förståelse,av,ansvar,,,rättvisa,och,gemenskap,,,och,hur,pedagogers,sätt,att,prata,och,agera,kan,öppna,eller,stänga,för,barns,delaktighet,.,En,röd,tråd,är,spänningen,mellan,att,vilja,göra,rätt,och,att,våga,utforska,.,När,hållbar,utveckling,blir,ett,moraliskt,projekt,riskerar,undervisningen,att,hamna,i,pekpinnar,och,färdiga,svar,.,Samtidigt,behöver,barn,få,möta,värderingsfrågor,på,riktigt,,,eftersom,hållbarhetsfrågor,alltid,rymmer,konflikter,och,prioriteringar,.,Uppsatsen,närmar,sig,därför,lärande,som,något,som,växer,fram,i,samtal,,,i,prövande,handlingar,och,i,gemensamma,tolkningar,snarare,än,genom,att,“,lära,ut,”,korrekta,beteenden,.,Helheten,mynnar,ut,i,en,bild,av,förskolan,som,en,plats,där,grunden,för,hållbar,utveckling,kan,läggas,genom,att,knyta,ihop,kunskap,,,känslor,och,handling,i,konkreta,erfarenheter,.,Att,börja,någonstans,behöver,inte,betyda,att,täcka,allt,.,Det,kan,vara,att,ta,vardagen,på,allvar,och,låta,barns,frågor,och,initiativ,styra,riktningen,,,samtidigt,som,pedagoger,aktivt,arbetar,med,de,normer,och,värden,som,hela,tiden,produceras,i,förskolans,praktik,."
"I,detta,arbete,har,jag,tittat,på,handledning,på,arbetsplatser,.,Handledning,är,idag,ett,svårdefinierbart,begrepp,som,används,allt,mer,på,arbetsplatser,.,Syftet,med,detta,arbete,är,att,studera,handledning,och,olika,handledningsprocesser,och,se,hur,man,skulle,kunna,använda,sig,av,dem,på,arbetsplatser,och,i,medarbetarsamtalet,.,Jag,kommer,att,avgränsa,mig,genom,att,titta,på,momentet,som,rör,medarbetarens,utveckling,i,medarbetarsamtalet,.,I,min,teoretiska,utgångspunkt,har,jag,utgått,ifrån,att,det,kan,förekomma,handledning,i,medarbetarsamtalet,;,men,att,man,inte,kan,se,hela,samtalet,som,handledning,.,För,att,undersöka,detta,har,jag,intervjuat,8,personer,;,fördelat,på,2,arbetsplatser,;,om,medarbetarsamtalet,.,Hälften,har,varit,chefer,och,hälften,medarbetare,.,I,intervjuerna,har,det,framkommit,att,man,definitivt,kan,se,handledande,förhållningssätt,i,medarbetarsamtalet,på,båda,företagen,och,att,man,också,kan,använda,sig,av,de,metoder,och,tankesätt,som,finns,inom,handledning,för,att,utveckla,medarbetarsamtalet,ytterligare,.,Om,man,säger,att,själva,medarbetarsamtalet,i,sig,inte,är,handledning,fullt,ut,;,men,att,man,kan,se,handledning,förekomma,på,arbetsplatser,;,så,skulle,man,kunna,säga,att,medarbetarsamtalet,är,själva,startskottet,för,den,handledning,som,sedan,sker,under,det,dagliga,arbetet,.,En,utgångspunkt,för,medarbetare,och,chefer,där,man,på,medarbetarsamtalet,har,stämt,av,varandras,förväntningar,och,samtyckt,om,var,det,behövs,utveckling,samt,hur,arbetet,fungerar,i,stort,på,arbetsplatsen,.,Utefter,detta,kan,man,sedan,arbeta,med,dessa,saker,i,det,dagliga,arbetet,under,tiden,till,nästa,medarbetarsamtal,.","Uppsatsen,behandlar,hur,handledningsprocesser,tar,form,inom,ramen,för,medarbetarsamtalet,och,vad,det,betyder,för,både,individens,och,verksamhetens,kompetensutveckling,.,Utgångspunkten,är,att,medarbetarsamtalet,ofta,beskrivs,som,ett,verktyg,för,uppföljning,och,planering,,,men,att,det,i,praktiken,också,kan,fungera,som,en,handledningssituation,där,lärande,,,reflektion,och,riktning,skapas,i,mötet,mellan,chef,och,medarbetare,.,Fokus,ligger,därför,mindre,på,själva,samtalsmallen,och,mer,på,vad,som,faktiskt,händer,i,samtalet,:,vilka,frågor,som,ställs,,,vilket,utrymme,som,ges,för,eftertanke,,,hur,återkoppling,hanteras,och,hur,mål,och,behov,översätts,till,konkreta,utvecklingssteg,.,Analysen,tar,fasta,på,handledning,som,process,snarare,än,metod,.,Det,handlar,om,relation,,,förtroende,och,tempo,,,men,också,om,makt,och,förväntningar,.,Chefen,kan,pendla,mellan,att,vara,bedömare,,,stöd,och,samtalspartner,,,och,den,rollen,påverkar,hur,öppet,samtalet,blir,.,I,vissa,fall,uppstår,ett,klimat,där,medarbetaren,vågar,pröva,tankar,,,formulera,osäkerheter,och,sätta,ord,på,kompetensbehov,som,inte,syns,i,resultatlistor,.,I,andra,fall,blir,samtalet,mer,av,en,administrativ,avstämning,,,där,handledningsinslagen,trängs,undan,av,tidspress,och,fokus,på,prestation,.,Uppsatsen,visar,också,hur,kopplingen,mellan,medarbetarsamtalet,och,kompetensutveckling,sällan,är,självklar,.,För,att,samtalet,ska,leda,till,faktisk,utveckling,krävs,att,insikter,och,beslut,fångas,upp,efteråt,:,resurser,,,prioriteringar,,,uppföljning,.,Annars,riskerar,samtalet,att,stanna,vid,goda,intentioner,.,Här,framträder,handledningsprocesser,som,ett,sätt,att,skapa,kontinuitet,,,där,återkommande,reflektion,och,återkoppling,blir,en,del,av,arbetet,och,inte,en,enskild,punkt,på,året,.,Genom,att,synliggöra,dessa,processer,bidrar,studien,med,en,mer,vardagsnära,förståelse,av,medarbetarsamtalet,.,Det,framstår,inte,bara,som,ett,styrinstrument,,,utan,som,en,möjlig,lärandearena,där,professionell,utveckling,kan,ta,fart,,,förutsatt,att,samtalet,ges,innehåll,,,tid,och,ett,rimligt,mått,av,ömsesidighet,."
"I,Samkönade,äktenskaps,vara,eller,icke,vara,inom,Svenska,kyrkan,utförs,en,argumentationsanalys,;,baserad,på,hermeneutiks,metod,och,kvalitativ,textanalys,;,av,debattartiklar,som,behandlat,frågan,som,Svenska,kyrkan,ska,behålla,vigselrätten,efter,att,svenska,staten,har,gjort,äktenskapsbalken,könsneutral,.,Alla,undersökta,debattartiklar,är,publicerade,mellan,2008-12-11,och,2009-10-31,i,Kyrkans,tidning,och,Dagens,Nyheter,.,I,resultatanalysen,framgår,det,att,både,ja-,och,nej-sidan,använder,sig,av,ungefär,samma,typer,av,argument,men,med,olika,vinklingar,och,tolkningar,.,Nej-sidan,använder,sig,dock,mer,av,ett,toleransperspektiv,än,ja-sidan,.,I,ja-sidans,argumenterande,kan,man,hitta,en,underliggande,normkritik,av,heteronormativiteten,.","Uppsatsen,behandlar,frågan,om,samkönade,äktenskaps,ställning,inom,Svenska,kyrkan,och,hur,den,har,formulerats,och,omförhandlats,i,offentligheten,.,Fokus,ligger,inte,på,kyrkomötets,beslut,eller,teologiska,lärosatser,i,sig,,,utan,på,hur,aktörer,argumenterar,när,de,försöker,vinna,gehör,:,vilka,skäl,som,lyfts,fram,,,vilka,motbilder,som,skapas,och,vilka,värden,som,får,fungera,som,självklar,utgångspunkt,.,Materialet,består,av,debattartiklar,från,två,arenor,med,olika,tonläge,och,målgrupper,,,Kyrkans,tidning,och,Dagens,Nyheter,.,Texterna,läses,som,inlägg,i,en,pågående,konflikt,om,auktoritet,och,identitet,.,I,analysen,undersöks,hur,argument,byggs,upp,,,hur,centrala,begrepp,laddas,(,äktenskap,,,tradition,,,inkludering,,,samvete,,,kyrkans,uppdrag,),och,vilka,underförstådda,antaganden,som,gör,att,vissa,slutsatser,framstår,som,rimliga,.,Här,blir,också,retoriska,grepp,synliga,:,vem,talar,med,mandat,,,vilka,erfarenheter,räknas,som,kunskap,,,och,när,byter,debattörerna,spår,från,sakfråga,till,principfråga,.,Ett,återkommande,drag,är,spänningen,mellan,två,sätt,att,beskriva,Svenska,kyrkan,.,I,vissa,texter,framträder,kyrkan,främst,som,en,bekännande,gemenskap,bunden,av,skrift,,,tradition,och,en,viss,äktenskapssyn,;,argumenten,hämtar,kraft,från,kontinuitet,,,teologisk,konsekvens,och,rädslan,för,att,kyrkan,upplöses,om,den,anpassar,sig,efter,tidsandan,.,I,andra,texter,beskrivs,kyrkan,som,en,folkkyrka,med,ansvar,att,spegla,jämlikhet,och,människovärde,i,praktik,och,liturgi,;,här,betonas,pastoral,omsorg,,,likabehandling,och,trovärdighet,inför,samhället,.,Samma,nyckelord,används,ibland,av,båda,sidor,men,får,olika,innebörd,.,“,Kärlek,”,kan,vara,både,ett,argument,för,att,välsigna,och,ett,argument,för,att,hålla,fast,vid,en,norm,,,“,frihet,”,kan,syfta,på,samvetsfrihet,för,präster,eller,på,frihet,från,diskriminering,för,par,.,Jämförelsen,mellan,tidningarna,visar,hur,sammanhanget,påverkar,argumentens,form,.,Kyrkans,tidning,tenderar,att,rymma,fler,inifrån-perspektiv,,,där,kyrkorätt,,,vigningspraxis,och,intern,sammanhållning,blir,centrala,.,Dagens,Nyheter,placerar,oftare,frågan,i,ett,bredare,samhälls-,och,rättighetsramverk,,,vilket,kan,skärpa,konfliktytan,:,debatten,blir,då,också,en,fråga,om,kyrkans,legitimitet,i,en,sekulär,offentlighet,.,Uppsatsen,belyser,därmed,hur,samma,konflikt,kan,framstå,som,teologisk,i,ett,forum,och,som,demokratisk,eller,etisk,i,ett,annat,.,Genom,argumentationsanalysen,synliggörs,inte,bara,vad,debattörerna,tycker,,,utan,hur,de,gör,sina,ståndpunkter,rimliga,.,Resultatet,pekar,mot,att,striden,om,samkönade,äktenskap,i,Svenska,kyrkan,i,hög,grad,är,en,strid,om,tolkningsföreträde,:,vem,som,får,definiera,kyrkans,tradition,,,vem,som,anses,representera,“,kyrkan,”,,,och,vilken,berättelse,om,kyrkans,uppdrag,som,vinner,.,Det,är,där,,,i,själva,sättet,att,argumentera,,,som,frågan,om,“,vara,eller,icke,vara,”,får,sin,skärpa,."
"I,uppsatsen,kopplas,styrdokumentens,uppmaning,om,undervisning,kring,intersektionalitet,med,det,innehåll,som,finns,i,religionskunskapsläroböcker,för,gymnasiet,som,publicerats,efter,gymnasiereformen,2011,.,Syftet,var,att,studera,om,läroböckerna,tar,upp,intersektionalitet,uttalat,eller,indirekt,och,/,eller,om,de,olika,kategorierna,kön,;,sexualitet,;,socioekonomisk,bakgrund,och,etnicitet,behandlas,var,för,sig,samt,i,vilka,sammanhang,det,i,sådana,fall,sker,.,Tre,frågeställningar,formulerades,.,Den,första,handlade,om,hur,gymnasiets,religionsläroböcker,med,utgivning,från,och,med,2011,beskriver,förhållandet,mellan,världsreligionerna,och,kategorierna,kön,;,sexualitet,;,socioekonomisk,bakgrund,och,etnicitet,.,Den,andra,frågan,handlade,om,i,vilka,andra,sammanhang,(,kapitel,),de,olika,kategorierna,beskrivs,i,läroböckerna,.,Den,tredje,frågan,gällde,vad,som,tas,upp,om,själva,begreppet,samt,fenomenet,intersektionalitet,i,dessa,religionsläroböcker,.","Uppsatsen,undersöker,hur,gymnasiets,religionsläroböcker,skildrar,identitet,och,tillhörighet,när,kön,,,sexualitet,,,etnicitet,och,socioekonomisk,bakgrund,läses,tillsammans,genom,ett,intersektionellt,perspektiv,.,Utgångspunkten,är,att,religionsämnet,inte,bara,förmedlar,kunskap,om,traditioner,och,trosföreställningar,,,utan,också,fungerar,som,en,arena,där,elever,möter,normer,om,vilka,människor,som,framställs,som,typiska,,,avvikande,,,respektabla,eller,problematiska,.,Frågan,som,driver,arbetet,är,därför,inte,enbart,vilka,grupper,som,nämns,,,utan,på,vilket,sätt,de,får,finnas,i,texten,:,som,aktörer,med,handlingsutrymme,,,som,exempel,i,etiska,dilemman,eller,som,föremål,för,andras,blick,.,Genom,en,läroboksanalys,granskas,hur,framställningar,av,religion,kopplas,till,moral,och,etik,och,vilka,identitetspositioner,som,görs,begripliga,.,Särskild,uppmärksamhet,riktas,mot,mönster,där,kön,och,sexualitet,vävs,in,i,diskussioner,om,familj,,,normer,och,religiösa,praktiker,,,och,där,etnicitet,riskerar,att,bli,en,markör,för,“,kultur,”,eller,“,tradition,”,snarare,än,för,levda,erfarenheter,i,ett,svenskt,sammanhang,.,Även,socioekonomisk,bakgrund,behandlas,som,en,ofta,underutvecklad,dimension,:,den,kan,nämnas,i,förbifarten,,,men,får,sällan,samma,tolkningsvärde,som,andra,kategorier,när,religion,förklaras,.,När,flera,kategorier,kombineras,framträder,frågor,om,makt,tydligare,,,exempelvis,vilka,livsvillkor,som,tas,för,givna,och,vilka,som,måste,förklaras,.,Analysen,visar,hur,läroböckerna,samtidigt,kan,öppna,och,begränsa,förståelsen,för,religiös,mångfald,.,Vissa,skildringar,bidrar,till,att,nyansera,bilden,av,religion,och,identitet,,,andra,tenderar,att,reproducera,förenklade,motsättningar,där,“,vi,”,och,“,de,”,skapas,genom,språkbruk,,,bildval,och,exempel,.,Uppsatsen,landar,i,att,intersektionalitet,ger,ett,skarpt,verktyg,för,att,synliggöra,dessa,förskjutningar,:,inte,bara,vad,som,sägs,om,kön,,,sexualitet,,,etnicitet,och,klass,var,för,sig,,,utan,hur,kombinationerna,formar,vilka,elever,som,kan,känna,igen,sig,och,vilka,som,riskerar,att,bli,placerade,utanför,normaliteten,i,undervisningens,mest,centrala,material,."
"Denna,uppsats,behandlar,Paulus,syn,på,lagen,vilket,är,ett,mycket,omdebatterat,område,inom,paulusforskningen,.,Frågan,om,Paulus,lagsyn,är,så,central,för,den,övergripande,paulustolkingen,att,alla,som,vill,förstå,Paulus,och,hans,texter,måste,bilda,sig,en,uppfattning,om,detta,.,Det,har,skrivits,många,hyllmeter,och,diskussionen,verkar,långt,ifrån,avslutad,.,Frågan,kräver,dock,tydliga,avgränsningar,för,att,kunna,behandlas,i,denna,relativt,korta,uppsats,.,Därför,kommer,jag,fokusera,på,en,perikop,i,ett,av,Paulus,brev,som,behandlar,denna,fråga,.,Min,frågeställning,blir,då,:,Vad,menar,Paulus,med,”,lagen,”,i,Rom,3:21-31,?","Uppsatsen,undersöker,Paulus,syn,på,lagen,i,Rom,3:21–31,,,en,passage,som,ofta,betraktas,som,en,knutpunkt,i,Romarbrevet,där,rättfärdiggörelsen,“,utan,lag,”,formuleras,samtidigt,som,lagen,på,ett,märkligt,sätt,tycks,få,sin,upprättelse,.,Frågan,gäller,inte,bara,vad,Paulus,säger,om,lagen,,,utan,vilken,funktion,“,lagen,”,har,i,hans,argumentation,och,hur,den,relaterar,till,Guds,rättfärdighet,,,syndens,universalitet,och,skapandet,av,en,gemenskap,där,både,judar,och,icke-judar,ryms,.,Texten,läses,mot,bakgrund,av,den,paulusforskning,som,under,de,senaste,årtiondena,ritat,om,spelplanen,.,E.P.,Sanders,’,kritik,av,en,äldre,,,karikerad,bild,av,judendomen,som,legalistisk,fungerar,som,en,naturlig,utgångspunkt,.,Om,judendomen,i,hög,grad,präglas,av,nåd,och,förbundstänkande,blir,Paulus,polemik,svårare,att,reducera,till,ett,angrepp,på,“,gärningsrättfärdighet,”,i,allmän,mening,.,James,D.G.,Dunn,driver,den,linjen,vidare,genom,att,knyta,“,laggärningar,”,till,identitetsmarkörer,och,gränsdragningar,;,lagen,blir,då,inte,i,första,hand,ett,allmänt,moraliskt,projekt,utan,en,socialt,laddad,praktik,som,skiljer,ut,judar,från,andra,.,N.T.,Wright,betonar,på,liknande,sätt,det,större,narrativet,:,Guds,trofasthet,mot,sitt,förbund,,,Israels,roll,och,hur,Messias,och,Anden,omformar,Guds,folks,gränser,.,I,ett,sådant,perspektiv,blir,Rom,3:21–31,en,teologisk,motivering,för,en,ny,sorts,enhet,,,inte,en,abstrakt,lära,som,frikopplas,från,historien,.,Samtidigt,finns,en,tydlig,spänning,i,passagen,som,uppsatsen,tar,på,allvar,.,Paulus,säger,att,Guds,rättfärdighet,nu,har,uppenbarats,“,utan,lag,”,och,att,människan,förklaras,rättfärdig,“,utan,laggärningar,”,.,Ändå,hävdar,han,att,lagen,och,profeterna,vittnar,om,detta,,,och,han,slutar,med,att,fråga,om,tron,upphäver,lagen—för,att,svara,att,lagen,i,stället,“,upprättas,”,.,Den,dubbla,rörelsen,skapar,tolkningsproblem,:,vad,är,det,som,sätts,ur,spel,,,och,vad,är,det,som,bekräftas,?,Här,blir,den,mer,klassiska,exegesen,hos,exempelvis,Fitzmyer,viktig,,,där,fokus,ofta,ligger,på,textens,inre,logik,,,på,begrepp,som,“,rättfärdighet,”,,,“,försoning,”,och,på,hur,Paulus,använder,Skriften,.,Douglas,Moo,representerar,en,starkt,argumenterande,läsning,där,rättfärdiggörelsen,förstås,forensiskt,och,där,“,laggärningar,”,i,praktiken,rör,lydnad,mot,lagen,som,princip,för,att,bli,accepterad,inför,Gud,.,Den,här,typen,av,tolkning,tar,Paulus,universella,diagnos,av,synden,på,största,allvar,och,ser,i,Rom,3:21–31,ett,avgörande,brott,med,varje,tanke,att,lagen,kan,fungera,som,vägen,till,rättfärdig,status,.,Nyare,diskussioner,nyanserar,bilden,ytterligare,.,Jonathan,A.,Ware,har,lyft,fram,hur,Paulus,kan,tala,positivt,om,lagen,utan,att,falla,tillbaka,i,ett,system,där,lagen,åter,blir,frälsningsväg,,,och,hur,“,uppfyllelse,”,och,“,upprättelse,”,kan,förstås,i,relation,till,Kristus,och,det,liv,som,tron,öppnar,.,Robert,Jewett,,,med,sin,uppmärksamhet,på,Romarbrevets,retorik,och,situation,,,skärper,blicken,för,varför,Paulus,formulerar,sig,så,här,:,texten,arbetar,inte,bara,med,begrepp,utan,med,en,splittrad,gemenskap,och,med,frestelsen,att,göra,lagen,till,ett,privilegieinstrument,.,I,den,läsningen,blir,“,uteslutet,beröm,”,mer,än,ett,andligt,tema,;,det,handlar,om,att,ta,ifrån,både,judar,och,greker,möjligheten,att,göra,anspråk,på,överläge,.,Uppsatsens,sammanfattande,tes,är,att,Rom,3:21–31,rymmer,en,kritisk,och,en,konstruktiv,lagdimension,som,inte,bör,spelas,ut,mot,varandra,.,Paulus,avvisar,lagen,som,grund,för,rättfärdiggörelse,och,som,medel,för,att,skapa,status,inför,Gud,,,men,han,avvisar,inte,lagen,som,vittnesbörd,,,som,del,av,Israels,Skrift,och,som,uttryck,för,Guds,vilja,.,“,Utan,lag,”,betyder,inte,“,utan,Skrift,”,och,inte,heller,“,utan,moral,”,.,Tron,på,Kristus,markerar,en,ny,ordning,där,rättfärdighet,ges,som,gåva,,,och,där,samma,gåva,samtidigt,stänger,dörren,för,etnisk,eller,religiös,självhävdelse,.,När,Paulus,säger,att,lagen,upprättas,kan,det,därför,förstås,som,att,lagen,sätts,på,sin,rätta,plats,:,den,pekar,mot,Guds,handlande,i,Kristus,,,den,bekräftar,att,Gud,är,en,,,och,den,kan,inte,längre,användas,för,att,upprätta,gränser,som,evangeliet,just,rivit,.,Passagen,blir,på,så,sätt,ett,koncentrat,av,Paulus,teologi,där,nåd,,,tro,och,Guds,trofasthet,binds,ihop,med,en,konkret,fråga,om,vilka,som,får,räknas,till,Guds,folk,och,på,vilka,villkor,."
"Ämnet,för,denna,undersökning,är,de,teologiska,perspektiven,runt,två,gudomligförklarade,kungar,i,det,forntida,Mesopotamien,;,nämligen,den,gammalakkadiske,kungen,Naram-Sin,(,ca,.,2254-2218,f.kr.,),och,den,nysumeriske,kungen,Shulgi,(,ca,.,2094-2047,f.kr.,),.,De,teologiska,perspektiven,behandlas,här,med,hjälp,av,en,induktionsbaserad,historisk,undersökning,som,utgår,från,vad,olika,forskare,har,skrivit,i,ämnet,.,Eftersom,detta,är,en,c-uppsats,och,det,inte,har,varit,möjligt,att,använda,sig,av,primärkällor,såsom,arkeologiskt,material,och,historiska,källor,på,originalspråk,så,utgår,denna,undersökning,uteslutande,från,forskningslitteratur,.,Undersökningen,består,av,tre,delar,;,i,de,två,första,delarna,behandlas,de,teologiska,perspektiven,på,kungarna,var,för,sig,och,i,det,tredje,görs,en,jämförelse,mellan,perspektiven,.,Undersökningens,upplägg,ser,ut,på,så,sätt,att,först,har,det,gjorts,observationer,av,vad,som,står,om,de,teologiska,perspektiven,på,monarkerna,i,de,olika,forskarnas,verk,.,Sedan,har,perspektiven,brutits,ner,i,olika,delämnen,och,därefter,har,informationen,om,dem,sorterats,in,i,de,olika,delämnena,.,Utifrån,detta,försöker,sedan,undersökningen,att,skissa,fram,en,bild,av,de,teologiska,perspektivens,karaktär,.,Uppsatsens,tyngdpunkt,ligger,framförallt,på,att,peka,på,olika,tendenser,i,de,religiösa,föreställningarna,runt,dem,med,avseende,på,vilka,teman,de,kretsar,kring,.,I,undersökningen,framkommer,det,att,perspektiven,är,ganska,spretiga,och,går,i,många,olika,riktningar,och,även,att,det,finns,skillnader,och,likheter,i,perspektiven,mellan,kungarna,.,Två,teman,som,dock,ofta,återkommer,är,fruktbarhet,och,himlen,.","Uppsatsen,behandlar,föreställningen,om,den,gudomligförklarade,kungen,i,det,forntida,Mesopotamien,och,vad,denna,idé,faktiskt,gjorde,i,praktiken,:,religiöst,,,politiskt,och,socialt,.,Utifrån,ett,teologiskt,perspektiv,undersöks,två,kungar,som,på,olika,sätt,knöts,till,det,gudomliga,,,inte,bara,genom,allmän,kunglig,propaganda,utan,genom,uttryck,som,närmar,sig,regelrätt,gudastatus,.,Studien,rör,sig,i,gränslandet,mellan,kult,och,kungamakt,och,frågar,hur,en,människa,kunde,beskrivas,som,gudomlig,utan,att,hela,den,mesopotamiska,gudavärlden,behövde,skrivas,om,.,Materialet,läses,som,mer,än,tomma,hedersbetygelser,.,Titlar,,,hymner,,,inskrifter,och,rituella,sammanhang,förstås,som,teologiska,utsagor,,,där,språkval,och,återkommande,motiv,säger,något,om,vad,samtiden,ansåg,möjligt,att,påstå,om,en,kung,.,Analysen,kretsar,kring,hur,gudomligförklaringen,legitimerade,styret,,,skapade,närhet,till,gudarna,och,gav,kungen,en,särskild,roll,som,förmedlare,mellan,mänskligt,och,gudomligt,.,Här,blir,kungens,kropp,,,namn,och,bild,centrala,:,han,är,inte,bara,den,som,offrar,och,bygger,tempel,,,utan,kan,framställas,som,ett,objekt,för,vördnad,i,sig,.,De,två,fallen,jämförs,för,att,synliggöra,skillnader,i,teologisk,ton,och,politisk,funktion,.,I,det,ena,fallet,framträder,gudomligheten,som,en,tydlig,markör,för,överhöghet,och,ett,sätt,att,samla,ett,rike,kring,en,person,,,med,en,nästan,programmatisk,betoning,på,kungens,exceptionella,status,.,I,det,andra,blir,gränsdragningen,mer,känslig,;,gudomliga,attribut,används,,,men,tycks,förhandlas,genom,relationen,till,stadens,gudar,och,prästerskapets,etablerade,ordningar,.,Spänningen,mellan,kungens,anspråk,och,den,traditionella,kultens,logik,blir,där,en,del,av,materialets,egen,berättelse,.,Genom,att,följa,hur,gudomligförklaringen,uttrycks,och,var,den,verkar,få,fäste,visar,uppsatsen,att,kungamakt,i,Mesopotamien,inte,bara,var,administrativ,eller,militär,.,Den,var,teologiskt,formad,,,och,gudomligförklaringen,fungerade,som,ett,språk,för,att,tala,om,legitimitet,,,seger,,,ordning,och,hot,.,Kungen,kunde,lyftas,upp,mot,det,gudomliga,,,men,aldrig,helt,frigöras,från,den,religiösa,struktur,som,gjorde,upphöjelsen,begriplig,.,Det,är,i,den,friktionen,—,mellan,människa,och,gud,,,mellan,rituell,praxis,och,politisk,ambition,—,som,fenomenet,blir,som,mest,intressant,."
"Denna,studie,syftar,till,att,undersöka,vad,blivande,lärare,och,aktiva,lärare,har,för,attityder,tillskolavslutning,och,högtidsfirande,i,kyrkan,samt,skolavslutning,och,högtidsfirande,i,kyrkan,medkonfessionella,inslag,.,Studien,baseras,på,en,internetenkät,som,blivande,lärare,och,aktiva,läraresvarat,på,.,Resultatet,visar,att,den,största,andelen,av,de,aktiva,lärarna,och,blivande,lärarna,varpositiva,till,vistelsen,i,kyrkolokalerna,i,samband,med,skolavslutningar,och,högtidsfirande,.,Denstörsta,andelen,var,däremot,negativa,till,företeelsen,med,konfessionella,inslag,vid,dessahögtidsfiranden,.,Äldre,aktiva,lärare,och,blivande,lärare,var,i,högre,grad,positiva,till,bådevistelsen,i,kyrkan,och,de,konfessionella,inslagen,än,de,yngre,.,Slutsatserna,är,att,sekulariseringeni,Sverige,ser,ut,att,fortsätta,i,linje,med,de,reviderade,sekulariseringsteorierna,;,då,konfessionalitetinte,länge,ses,som,något,önskvärt,bland,den,största,andelen,av,aktiva,lärare,och,blivande,lärare,.,Dock,finns,det,också,nämnvärda,avvikelser,från,detta,mönster,.,Kyrkan,fortsätter,samtidigt,ha,ensekulär,;,traditionsbunden,roll,i,skolan,och,är,därför,fortfarande,relevant,.","Uppsatsen,tar,sin,utgångspunkt,i,den,återkommande,frågan,om,kyrkan,som,plats,för,skolavslutningar,och,andra,högtider,,,och,hur,detta,uppfattas,av,dem,som,ska,genomföra,firandet,i,praktiken,.,Fokus,ligger,på,lärare,och,lärarstudenter,och,deras,attityder,till,kyrkovistelse,i,skolans,regi,,,men,också,till,sådant,som,kan,uppfattas,som,konfessionella,inslag,–,psalmsång,,,böner,,,välsignelser,,,religiöst,språk,i,tal,och,symboler,i,rummet,.,I,bakgrunden,finns,spänningen,mellan,en,skola,som,förväntas,vara,icke-konfessionell,och,ett,samhälle,där,traditioner,och,lokala,vanor,fortfarande,har,starkt,grepp,om,kalendern,.,Studien,undersöker,hur,gränsen,mellan,kulturarv,och,religion,dras,i,resonemang,och,val,.,För,vissa,framstår,kyrkan,främst,som,en,praktisk,och,högtidlig,lokal,,,laddad,med,minnen,och,stämning,,,snarare,än,som,en,plats,för,tro,.,För,andra,blir,just,rummet,avgörande,:,kyrkan,signalerar,ett,innehåll,som,skolan,inte,ska,förmedla,,,oavsett,hur,programmet,formuleras,.,Här,syns,också,en,tydlig,skillnad,mellan,att,”,vara,i,kyrkan,”,och,att,”,delta,i,religion,”,.,Att,sitta,i,bänkarna,kan,beskrivas,som,neutralt,,,medan,moment,som,innebär,gemensam,riktning,mot,en,religiös,praktik,lättare,väcker,motstånd,.,Materialet,pekar,på,att,attityderna,formas,av,flera,saker,samtidigt,:,egna,erfarenheter,från,tidigare,skolavslutningar,,,relationen,till,Svenska,kyrkan,lokalt,,,kunskaper,om,regelverket,och,oro,för,att,hamna,fel,,,men,också,av,elevers,och,vårdnadshavares,förväntningar,.,En,del,lärare,och,studenter,uttrycker,en,vilja,att,bevara,högtidens,form,eftersom,den,skapar,gemenskap,och,markerar,en,övergång,.,Andra,betonar,att,skolan,måste,fungera,lika,för,alla,,,även,för,elever,som,inte,vill,eller,kan,kopplas,till,en,religiös,miljö,.,Konflikten,blir,sällan,dramatisk,i,teorin,,,men,den,märks,i,detaljerna,:,vilka,sånger,som,väljs,,,vem,som,talar,,,hur,man,introducerar,kyrkobesöket,och,om,alternativ,erbjuds,.,Sekularisering,framträder,inte,som,ett,entydigt,bortfall,av,religion,,,utan,som,en,förskjutning,av,hur,religion,får,ta,plats,i,offentligheten,.,Kyrkan,kan,i,ett,sammanhang,upplevas,som,kultur,och,i,ett,annat,som,bekännelse,,,och,skolavslutningen,blir,en,prövosten,där,skolans,identitet,förhandlas,.,Uppsatsen,visar,därmed,hur,lärare,och,blivande,lärare,navigerar,mellan,tradition,,,juridik,och,vardaglig,pedagogik,när,skolans,högtider,ska,genomföras,utan,att,elever,hamnar,i,en,situation,som,uppfattas,som,konfessionell,."
"En,stor,del,av,Sveriges,bebyggelse,har,byggts,mellan,1965,och,1974,eftersom,det,rådde,stor,bostadsbrist,i,Sverige,.,Regeringen,beslutade,att,en,miljon,bostäder,skulle,uppföras,under,denna,tid,;,det,s.k.,miljonprogrammet,.,Det,byggdes,bostäder,i,varierande,former,och,storlekar,för,att,bygga,bort,bostadsbristen,.,Storskaligheten,och,en,stor,grad,av,upprepning,av,identiska,hus,är,kännetecken,för,miljonprogrammets,bebyggelser,.,Nu,är,det,dags,att,renovera,dessa,byggnader,.,I,och,med,att,dessa,byggnader,är,av,allmänt,intresse,då,de,speglar,en,del,av,Sveriges,arkitekturhistoria,ställer,kommunerna,vissa,krav,vid,renovering,av,dem,.,Det,kommunala,företaget,Gavlegårdarna,i,Gävle,tar,initiativ,till,att,utveckla,bygglovsprocessen,för,sådana,bebyggelser,.,Detta,görs,för,att,reducera,tiden,för,framställande,av,ett,godkänt,bygglov,samt,effektivisera,och,underlätta,kommunikationen,med,kommunen,under,hela,projektet,.,För,att,kunna,bevara,dessa,byggnader,i,högsta,möjliga,mån,har,Gavlegårdarna,utarbetat,en,effektiviseringsprocess,genom,att,hyra,in,en,extern,bevarandeexpert,för,att,fungera,som,en,bro,mellan,företaget,och,kommunen,samt,för,att,kunna,dela,med,sig,av,sina,erfarenheter,gällande,bevarandet,av,det,eventuella,området,.,Dessutom,har,Gavlegårdarna,låtit,kommunen,vara,med,från,ett,tidigt,skede,;,d.v.s.,redan,från,den,första,presentationen,av,förslaget,.,Därmed,har,kommunen,fått,vara,med,och,medverka,i,förslaget,;,redan,innan,bygglovsansökan,.","Uppsatsen,behandlar,hur,bygglovsprocessen,kan,göras,mer,effektiv,när,ändringar,planeras,i,kulturhistoriskt,värdefull,bebyggelse,,,med,fokus,på,ett,miljonprogramsområde,i,Gävle,.,Utgångspunkten,är,att,många,av,de,här,bostadsområdena,står,inför,ett,renoveringsbehov,som,inte,längre,går,att,skjuta,på,,,samtidigt,som,deras,arkitektur,och,planidéer,i,ökande,grad,ses,som,kulturhistoriskt,betydelsefulla,.,Det,skapar,en,friktion,.,Åtgärder,som,behövs,för,att,höja,standard,,,energiprestanda,och,trygghet,kan,krocka,med,bevarandekrav,och,tolkningar,av,varsamhet,.,Studien,tar,formen,av,en,fallstudie,av,Nya,Nordostprojektet,och,den,roll,som,Gavlegårdarna,har,som,fastighetsägare,och,projektaktör,.,Tyngdpunkten,ligger,på,själva,processen,:,vilka,steg,som,tar,tid,,,var,osäkerheten,uppstår,och,hur,dialogen,mellan,aktörer,påverkar,både,tempo,och,resultat,.,I,materialet,framträder,bygglovet,inte,som,ett,enskilt,beslut,utan,som,en,kedja,av,avvägningar,där,tidiga,skeden,får,stor,betydelse,.,När,kulturvärdena,är,otydligt,definierade,eller,när,förväntningarna,på,vad,som,kan,tillåtas,skiljer,sig,åt,mellan,fastighetsägare,,,handläggare,och,antikvarisk,kompetens,,,riskerar,arbetet,att,fastna,i,omtag,.,Det,kan,handla,om,fasaduttryck,,,fönsterbyten,,,balkonger,,,entrépartier,eller,tillägg,som,syftar,till,tillgänglighet,och,energieffektivisering,.,Uppsatsen,visar,att,effektivisering,inte,främst,handlar,om,att,”,snabba,på,”,prövningen,,,utan,om,att,minska,antalet,sena,konflikter,.,Tydligare,underlag,kring,områdets,kulturhistoriska,karaktär,,,tidig,samordning,och,gemensamma,principer,för,återkommande,åtgärder,framstår,som,centrala,.,När,ramarna,är,klara,från,början,blir,det,lättare,att,ta,fram,lösningar,som,både,respekterar,miljonprogrammets,särdrag,och,möter,dagens,krav,.,Resultatet,blir,en,bygglovsprocess,som,upplevs,mer,förutsägbar,,,mindre,resurskrävande,och,bättre,anpassad,för,större,omvandlingsprojekt,i,förvaltade,bostadsbestånd,."
"Rapporten,är,en,reflekterande,rapport,över,mitt,och,Petri,Tuoris,gemensamma,verkLondon,Crysis,som,vi,gjorde,som,examensarbete,på,Högskolan,i,Skövde,.,Verket,är,gjorti,spelet,Crysis,och,är,en,fiktion,av,London,på,1800-talet,inspirerat,av,filmer,som,From,Hell,och,Sweeney,Todd,:,The,Demon,Barber,of,Fleet,Street,.,Rapporten,börjar,med,eninledning,som,förklarar,var,idén,till,verket,kom,ifrån,;,problemställning,;,syfte,ochavgränsning,.,Rapporten,fortsätter,sedan,med,en,beskrivning,av,verket,;,en,mer,detaljeradbeskrivning,av,idén,;,leveldesign,;,stämningen,;,exempelmodeller,;,hemsidan,och,trailern,.,Rapporten,tar,också,upp,enkätundersökningen,som,försökte,ge,ett,svar,på,hur,andrauppfattar,stämningen,i,spelet,och,tankar,kring,det,.,Sista,delen,av,rapporten,är,enslutdiskussion,kring,resultatet,av,enkätundersökningen,och,verket,.","Uppsatsen,tar,sin,utgångspunkt,i,hur,1800-talets,London,gestaltas,och,omförhandlas,i,spelet,*,Crysis,*,genom,det,som,här,behandlas,som,verket,”,London,Crysis,”,.,Fokus,ligger,på,mötet,mellan,en,historiskt,laddad,stadsmiljö,och,en,spelmotor,som,i,första,hand,är,känd,för,modern,militär,estetik,och,teknisk,uppvisning,.,Resultatet,blir,ett,London,som,känns,igen,genom,sina,markörer,–,dimma,,,gasljus,,,trånga,gränder,,,industriella,fasader,och,klassmässiga,gränser,–,men,som,samtidigt,pressas,in,i,ett,spelsystem,där,rörelse,,,sikte,,,hotbild,och,tempo,styr,hur,platsen,får,betyda,.,Analysen,placerar,sig,i,skärningspunkten,mellan,medie-,,,kommunikations-,och,informationsvetenskap,och,intresserar,sig,för,hur,spelet,kommunicerar,historia,utan,att,vara,historiskt,i,strikt,mening,.,”,London,Crysis,”,läses,som,en,medieteknisk,konstruktion,där,berättande,,,ljud,,,ljus,,,gränssnitt,och,spelregler,tillsammans,skapar,en,upplevelse,av,det,förflutna,.,Miljön,fungerar,inte,bara,som,bakgrund,utan,som,en,informationsyta,:,arkitektur,och,materialitet,signalerar,social,ordning,,,faror,och,möjliga,vägar,fram,,,samtidigt,som,spelaren,lär,sig,att,tolka,staden,instrumentellt,.,Den,viktorianska,atmosfären,blir,därmed,något,man,använder,,,inte,bara,något,man,betraktar,.,En,central,poäng,är,att,autenticitet,här,uppstår,genom,igenkänning,och,sammanhang,snarare,än,genom,exakta,rekonstruktioner,.,Spelets,teknik,–,renderad,rök,,,skuggor,,,partiklar,,,förstörd,geometri,,,dynamiskt,ljud,–,får,bära,stora,delar,av,tidskänslan,.,Det,skapar,ett,London,som,är,dramatiskt,och,ibland,övertydligt,,,men,också,effektivt,som,kommunikationsform,.,Stadens,historia,omvandlas,till,spelbara,situationer,:,kontrollpunkter,,,siktlinjer,,,flyktvägar,,,konfliktytor,.,Den,sortens,översättning,säger,något,om,hur,populärkultur,ofta,hanterar,1800-talet,,,som,en,estetik,och,en,konfliktmaskin,lika,mycket,som,en,epok,.,Uppsatsen,diskuterar,även,hur,informationsflöden,organiseras,i,spelvärlden,och,vilka,perspektiv,som,premieras,.,Spelaren,rör,sig,genom,miljöer,som,designats,för,att,läsas,snabbt,,,vilket,påverkar,vilka,delar,av,London,som,framstår,som,centrala,och,vilka,som,hamnar,i,periferin,.,Kommunikation,sker,genom,uppdrag,,,miljöledtrådar,och,systemfeedback,snarare,än,genom,traditionell,historisk,exposition,.,På,så,sätt,blir,”,London,Crysis,”,ett,exempel,på,hur,annan,teknik,och,spelmediet,kan,fungera,som,en,plats,där,historiska,bilder,cirkulerar,,,omformas,och,görs,funktionella,.,Helhetsbilden,är,en,reflektion,över,ett,verk,som,använder,1800-talets,London,som,råmaterial,för,en,samtida,spelupplevelse,.,Det,uppstår,friktion,mellan,epokens,föreställda,långsamhet,och,spelets,krav,på,tempo,och,handlingskraft,.,Just,i,den,friktionen,blir,verket,intressant,:,det,visar,hur,historia,i,digitala,medier,ofta,är,något,man,rör,sig,igenom,,,optimerar,och,överlever,,,snarare,än,något,man,stilla,kontemplerar,."
"Detta,arbete,undersöker,hur,virtuellt,teckenspråk,uppfattas,av,svenska,teckenspråksanvändare,i,en,datorspelsmiljö,.,I,en,studie,testades,olika,hanteringar,av,tredjepersonsperspektiv,.,Bakgrunden,behandlar,nutida,användningsområden,för,virtuellt,teckenspråk,;,avatarer,;,inkludering,;,animation,;,spelperspektiv,och,svenskt,teckenspråk,.,Frågeställningen,som,undersökningen,sökt,besvara,är,vilket,perspektiv,svenska,teckenspråksanvändare,föredrar,vid,hanteringen,av,teckenspråk,i,spel,.,Artefakten,består,av,tre,3D-animerade,spelsimulationer,i,videoform,;,där,testpersonen,fick,rangordna,dem,efter,tydlighet,i,teckenspråket,och,vilket,perspektiv,de,helst,hade,sett,i,ett,teckenspråksspel,.,Urvalsgruppen,bestod,av,svenska,teckenspråksanvändare,;,varav,51,testpersoner,svarade,på,enkäten,.,27,respondenter,svarade,att,de,hade,funktionsvariation,;,16,personer,hade,närstående,med,funktionsvariation,;,och,övriga,var,intresseanvändare,.,Framtida,studier,inom,ämnet,kan,vidareutvecklas,för,att,förbättra,inkluderande,speldesign,;,och,ge,ytterligare,tillgänglighet,för,teckenspråksanvändare,.","Arbetet,undersöker,hur,3D‑animerat,svenskt,teckenspråk,kan,fungera,i,en,spelmiljö,där,kameran,ständigt,förändrar,vad,spelaren,faktiskt,ser,.,Utgångspunkten,är,en,spänning,som,ofta,hamnar,i,skymundan,i,spelutveckling,:,det,perspektiv,som,upplevs,som,mest,“,spelmässigt,”,är,inte,alltid,det,som,ger,bäst,förutsättningar,att,uppfatta,tecken,tydligt,.,När,teckenspråk,flyttas,från,en,stabil,,,verklig,kommunikationssituation,till,ett,interaktivt,3D‑rum,blir,kamerans,placering,,,rörelse,och,bildutsnitt,en,del,av,språket,.,En,liten,vinkeländring,kan,räcka,för,att,handformer,skärs,av,,,att,rörelser,tappar,riktning,,,eller,att,mimik,och,munrörelser,blir,svårtolkade,.,Fokus,ligger,på,förståelse,,,inte,bara,på,att,“,ha,teckenspråk,”,som,en,funktion,.,Teckenspråk,är,visuellt,och,rumsligt,,,och,den,språkliga,informationen,sitter,i,mer,än,händerna,.,Ansiktsuttryck,,,kroppshållning,och,tempo,bär,grammatik,och,betoning,.,I,en,3D‑animerad,figur,måste,detta,göras,synligt,och,trovärdigt,,,annars,riskerar,animationen,att,bli,en,förenkling,som,ser,rätt,ut,på,håll,men,faller,isär,när,spelaren,behöver,tolka,innehållet,.,Studien,tar,därför,upp,hur,kameraperspektiv,påverkar,begriplighet,:,avståndet,till,avataren,,,om,spelaren,ser,tecknaren,framifrån,eller,snett,,,hur,mycket,av,överkroppen,som,får,plats,i,bild,,,och,vad,som,händer,när,kameran,prioriterar,action,,,miljö,eller,filmisk,känsla,framför,läsbarhet,.,En,central,del,är,hur,designval,i,spel,–,som,fri,kamera,,,“,over‑the‑shoulder,”,,,snabba,klipp,,,motion,blur,eller,trånga,korridorer,–,kan,krocka,med,teckenspråkets,behov,av,stabilitet,och,tydlighet,.,Lösningarna,som,diskuteras,rör,inte,bara,tekniska,inställningar,utan,också,inkluderande,speldesign,som,idé,:,när,teckenspråk,planeras,in,från,början,går,det,att,skapa,gränssnitt,och,situationer,där,spelaren,får,en,rimlig,chans,att,uppfatta,tecknen,utan,att,spelet,tappar,tempo,.,Det,kan,handla,om,kameraregler,som,prioriterar,överkropp,och,ansikte,under,dialog,,,adaptiva,zoomnivåer,,,smart,placering,av,tecknande,karaktärer,i,scenen,,,eller,val,som,låter,spelaren,låsa,kameran,när,informationen,är,språkligt,tät,.,Sammantaget,tecknar,uppsatsen,en,bild,av,att,3D‑animerat,teckenspråk,i,spel,inte,främst,är,en,fråga,om,att,“,lägga,till,”,en,animation,,,utan,om,att,hantera,relationen,mellan,språk,och,perspektiv,.,När,kameran,fungerar,som,en,medspelare,snarare,än,ett,hinder,ökar,chansen,att,svenskt,teckenspråk,blir,ett,verkligt,tillgänglighetsalternativ,,,inte,bara,en,symbolisk,markering,av,inkludering,."
"På,senare,år,har,tekniker,för,3D-visualisering,fått,ett,allt,mer,utbrett,användande,inom,kommunal,fysisk,planering,.,Detta,;,plus,att,jag,själv,använder,tekniken,i,mitt,dagliga,arbete,som,planarkitekt,;,väckte,frågor,kring,skälet,till,införandet,av,tekniken,;,vilka,beslut,och,förväntningar,som,legat,till,grund,för,införandet,och,vilket,forskningsstöd,tekniken,har,;,vad,gäller,visualisering,;,tydlighet,och,kommunicerbarhet,i,planarbetet,.,Detta,examensarbete,i,Fysisk,planering,vid,BTH,;,vill,belysa,dessa,frågor,.,Arbetet,består,av,litteratursökning,efter,adekvat,forskning,i,ämnet,;,en,enkät,ställd,till,ett,litet,urval,av,anställda,och,politiker,i,fyra,kommuner,som,är,medlemmar,i,ett,3D,nätverk,;,en,dokumentsökning,på,samma,kommuners,hemsidor,samt,en,kompletterande,enkätundersökning,bland,planarkitekter,i,fem,andra,kommuner,som,inte,är,medlemmar,i,ovan,nämnda,nätverk,.,Forskningsstöd,för,effektiviteten,i,eller,för-,och,nackdelar,med,att,använda,3D-modeller,för,ökad,förståelse,och,kommunikation,mellan,tjänstemän,och,politiker,samt,med,allmänheten,;,i,samband,med,kommunal,fysisk,planering,;,saknas,.,Genom,sammanställningar,av,forskning,inom,fälten,miljöpsykologi,och,åskådlig,planredovisning,samt,svensk,arkitekturforskning,kan,man,ändå,få,ledtrådar,till,möjligheter,och,svårigheter,med,användningen,av,3D,visualisering,och,dess,roll,som,kommunikationsmedel,.,Rätt,använd,skulle,tekniken,kunna,stärka,möjligheten,till,åskådliggörande,;,men,det,finns,också,risker,;,kopplade,till,användande,av,tekniken,.,Det,främsta,skälet,till,att,kommuner,inför,3D-teknik,inom,fysisk,planering,;,uppges,av,såväl,Planarkitekter,;,kommuntjänstemän,med,ansvar,för,3D,tekniken,;,samt,bland,politiker,vara,önskan,om,att,öka,förståelsen,hos,medborgarna,;,av,förslag,till,förändring,av,den,fysiska,miljön,.,Något,som,också,oftast,motsvaras,i,kommunernas,dokument,;,där,sådana,finns,.,Alla,kommuner,har,inte,dokumenterade,officiella,inriktnings-,och,policydokument,i,frågan,.,Forskningen,pekar,dock,på,risker,vid,användning,av,visualisering,i,tidiga,skeden,av,processen,.,I,den,avslutande,diskussionen,berörs,arbetets,frågeställningar,;,potentiella,problem,och,möjligheter,med,användandet,av,tekniken,samt,förslag,till,områden,för,vidare,studier,.,I,slutsatserna,konstateras,att,det,finns,en,diskrepans,mellan,den,övervägande,positiva,synen,på,användningen,i,kommunerna,och,det,som,forskningen,visar,.","Uppsatsen,behandlar,hur,och,varför,kommuner,använder,3D,som,verktyg,i,den,fysiska,planeringen,.,Utgångspunkten,är,att,planprocessen,ofta,rör,komplexa,miljöer,där,traditionella,kartor,och,planhandlingar,inte,alltid,räcker,för,att,göra,förändringar,begripliga,.,Genom,3D,kan,volymer,,,höjder,och,rumsliga,samband,synliggöras,på,ett,mer,direkt,sätt,,,vilket,påverkar,både,arbetet,internt,och,hur,planförslag,presenteras,utåt,.,Tyngdpunkten,ligger,på,motiven,bakom,användningen,.,Ett,återkommande,skäl,är,behovet,av,ökad,förståelse,.,I,detaljplanering,blir,frågor,om,skala,,,siktlinjer,,,skuggning,och,relationen,mellan,ny,och,befintlig,bebyggelse,snabbt,svåra,att,läsa,ur,en,tvådimensionell,redovisning,.,3D-modeller,och,visualiseringar,fungerar,då,som,ett,stöd,för,att,tolka,konsekvenserna,av,ett,förslag,,,inte,minst,i,täta,stadsmiljöer,eller,i,lägen,där,topografi,och,nivåskillnader,spelar,stor,roll,.,Det,handlar,inte,bara,om,att,”,visa,fint,”,,,utan,om,att,göra,planens,innehåll,mer,läsbart,.,Ett,annat,motiv,rör,kommunikationen,.,Kommuner,möter,många,grupper,i,planprocessen,:,tjänstepersoner,,,politiker,,,byggherrar,och,boende,.,De,har,olika,förkunskaper,och,olika,sätt,att,ta,till,sig,information,.,3D,beskrivs,ofta,som,ett,gemensamt,språk,som,kan,minska,avståndet,mellan,fackkunskap,och,vardaglig,erfarenhet,.,Planredovisningen,blir,mer,åskådlig,och,kan,bidra,till,mer,konkreta,samtal,vid,samråd,och,dialoger,,,där,frågor,om,hur,platsen,faktiskt,kommer,att,upplevas,får,större,utrymme,.,Samtidigt,antyder,undersökningen,att,3D,också,används,för,att,effektivisera,vissa,moment,i,arbetet,och,skapa,bättre,underlag,för,avvägningar,.,När,ett,förslag,kan,granskas,rumsligt,blir,det,lättare,att,upptäcka,konflikter,och,oklarheter,tidigt,.,Det,kan,ge,en,tryggare,process,,,men,ställer,också,krav,på,kompetens,,,data,och,arbetssätt,.,3D,framstår,därmed,som,både,ett,kommunikativt,hjälpmedel,och,ett,planeringsverktyg,som,påverkar,hur,detaljplaner,förstås,,,diskuteras,och,redovisas,i,kommunal,praktik,."
"Inom,den,kraftigt,växande,E-handeln,råder,stark,konkurrens,.,Metoder,att,öka,marknadsandelar,och,sälja,mer,produkter,är,viktigare,än,någonsin,.,I,denna,studie,utvärderas,metoden,att,presentera,produkter,med,hjälp,av,stereoskopisk,3D.,En,fördel,som,kan,konstateras,är,att,kunderna,får,en,mer,verklighetsnära,uppfattning,av,produkten,än,med,traditionella,bilder,av,tvådimensionell,typ,.,Den,tydligaste,förbättringen,är,kopplad,till,upplevelsen,av,djup,.,Den,verkar,ge,användaren,en,bättre,bedömning,av,en,produkts,rymlighet,.,Då,stereoskopisk,3D,inom,E-handeln,är,helt,oexploaterad,är,det,också,intressant,att,fördjupa,sig,i,eventuella,orsaker,till,detta,.,En,sådan,är,säkerligen,att,tekniken,är,ung,;,och,därmed,inte,färdigutvecklad,.,I,denna,studie,kan,bland,annat,konstateras,att,användare,upplever,2D-bilder,som,skarpare,än,3D-bilder,.,Även,andra,egenskaper,som,bedömts,med,hjälp,av,bilder,har,rankats,som,sämre,av,de,som,sett,bilderna,i,3D,jämfört,med,de,som,sett,de,i,2D.,Dock,har,sådana,egenskaper,som,kan,kopplas,till,djupupplevelse,en,stark,positiv,korrelation,med,just,3D-bilder,.,Det,finns,också,indikationer,på,att,upplevelsen,av,3D,påverkas,av,hur,testen,designas,.,I,denna,studies,Tänka-högt-test,var,respondenterna,mer,positiva,till,användningen,av,3D-bilder,än,vad,som,kunde,konstateras,i,en,omfattande,enkät,i,samband,med,en,uppföljande,test,.","Titeln,antyder,att,arbetet,undersöker,om,3D,på,webben,kan,bli,ett,nästa,praktiskt,steg,för,e-handeln,,,inte,som,teknik,för,teknikens,skull,utan,som,ett,sätt,att,förbättra,hur,produkter,upplevs,innan,köp,.,Fokus,ligger,på,stereoskopisk,3D,(,S3D,),och,hur,sådana,lösningar,kan,användas,som,produktpresentation,i,en,webbaserad,miljö,,,här,beskrivet,som,I3DPP,.,Utgångspunkten,är,den,klassiska,svagheten,i,nätbutiker,:,kunden,kan,varken,hålla,i,varan,,,känna,materialet,eller,bedöma,proportioner,och,detaljer,på,samma,sätt,som,i,fysisk,handel,.,Bilder,och,video,räcker,ofta,långt,,,men,lämnar,samtidigt,utrymme,för,osäkerhet,kring,form,,,storlek,och,kvalitet,.,Stereoskopisk,3D,framställs,i,detta,sammanhang,som,ett,försök,att,minska,glappet,mellan,digital,visning,och,fysisk,upplevelse,genom,att,skapa,ett,tydligare,djupintryck,.,En,produktpresentation,i,S3D,kan,i,bästa,fall,ge,mer,realistiska,volymer,,,förbättrad,förståelse,av,geometri,och,en,starkare,känsla,av,närvaro,,,särskilt,för,varor,där,form,och,detaljer,spelar,stor,roll,.,Samtidigt,skapar,tekniken,nya,trösklar,.,Den,behöver,fungera,på,olika,enheter,,,helst,utan,krångliga,inställningar,,,och,den,får,inte,störa,den,snabba,och,friktionsfria,köpresa,som,e-handeln,bygger,på,.,Där,finns,också,praktiska,frågor,om,produktion,:,hur,innehåll,ska,skapas,,,vilka,kompetenser,som,krävs,,,och,om,vinsten,i,upplevd,produktförståelse,motiverar,kostnaden,.,Arbetet,kan,därmed,läsas,som,en,avvägning,mellan,upplevelse,och,användbarhet,.,S3D,lovar,en,mer,informativ,och,engagerande,produktvisning,,,men,blir,bara,relevant,för,e-handel,om,den,går,att,integrera,utan,att,öka,belastningen,på,användaren,eller,på,verksamheten,.,I3DPP,pekar,mot,en,mer,interaktiv,och,rumslig,presentation,av,produkter,på,webben,,,där,målet,är,att,stärka,beslutsunderlaget,inför,köp,och,i,förlängningen,påverka,kundens,trygghet,,,upplevda,värde,och,vilja,att,genomföra,köpet,."
"Under,början,av,1980-talet,uppmärksammades,ovanliga,tumörer,och,infektioner,hos,unga,män,som,vanligtvis,drabbar,personer,med,nedsatt,immunförsvar,.,Forskargrupper,i,Frankrike,och,USA,upptäckte,1983,och,1984,ett,nytt,virus,som,fick,namnet,humant,immunbrist,virus,(,HIV,),.,En,infektion,av,HIV,fortlöper,under,många,år,asymtomatiskt,och,det,är,först,när,immunförsvaret,är,försvagat,som,symtom,börjar,märkas,.,Första,läkemedlet,som,godkändes,för,att,behandla,HIV,presenterades,1987,och,dödligheten,i,följdsjukdomen,Acquired,Immunodeficiency,Syndrome,(,AIDS,),minskade,drastiskt,.,Under,1996,infördes,en,ny,behandling,i,form,av,kombinationer,av,tre,eller,fler,läkemedel,;,som,kom,att,kallas,antiretroviral,terapi,(,ART,),.","Denna,litteraturstudie,behandlar,kombinationsbehandling,av,HIV,där,nukleosidanalogerna,abakavir,och,lamivudin,utgör,basen,och,jämför,två,vanliga,tredje,läkemedel,:,efavirenz,respektive,ritonavirboostat,atazanavir,(,atazanavir,/,r,),.,Syftet,är,att,belysa,hur,dessa,regimer,står,sig,mot,varandra,när,det,gäller,virologisk,effekt,och,säkerhet,i,kliniska,studier,och,annan,publicerad,evidens,,,med,fokus,på,vuxna,patienter,som,behandlas,med,modern,antiretroviral,terapi,(,ART,),.,Genomgången,av,litteraturen,pekar,på,att,båda,kombinationerna,i,regel,kan,ge,god,viruskontroll,och,immunologisk,återhämtning,när,behandlingen,fungerar,som,avsett,.,Skillnaderna,blir,tydligare,när,resultaten,bryts,ner,på,biverkningsprofil,,,tolerabilitet,och,orsaker,till,behandlingsavbrott,.,Efavirenzbaserad,behandling,har,ofta,kopplats,till,neuropsykiatriska,besvär,som,sömnstörningar,,,yrsel,och,livliga,drömmar,,,vilket,kan,påverka,följsamheten,,,särskilt,tidigt,i,behandlingen,.,Atazanavir,/,r,framstår,i,stället,som,mer,präglad,av,gastrointestinala,besvär,och,laboratorieförändringar,,,där,okonjugerad,hyperbilirubinemi,och,ikterusliknande,symtom,förekommer,relativt,ofta,,,ibland,så,pass,att,patienten,vill,byta,behandling,trots,bibehållen,antiviral,effekt,.,Säkerhetsbedömningen,i,litteraturen,berör,även,metabola,och,kardiovaskulära,aspekter,.,Atazanavir,/,r,beskrivs,ofta,som,relativt,lipidsnålt,bland,proteashämmare,,,men,boostringen,med,ritonavir,innebär,läkemedelsinteraktioner,och,kan,komplicera,samtidig,medicinering,.,Efavirenz,kan,påverka,lipidprofilen,och,har,en,interaktionsbild,kopplad,till,enzyminduktion,,,vilket,i,praktiken,kan,kräva,extra,uppföljning,vid,samsjuklighet,.,För,abakavir,/,lamivudin,lyfts,välkända,frågor,kring,överkänslighetsreaktioner,(,med,koppling,till,HLA-B*57:01,),samt,diskussionen,om,eventuell,kardiovaskulär,risk,i,vissa,material,,,vilket,gör,att,patientens,riskprofil,och,anamnes,får,stor,betydelse,när,behandlingen,väljs,.,Helhetsbilden,blir,att,effektdata,mellan,regimerna,ofta,ligger,nära,varandra,i,många,studier,,,medan,skillnader,i,tolerabilitet,,,interaktioner,och,typiska,biverkningar,i,högre,grad,styr,valet,av,tredje,substans,.,Efavirenz,kan,fungera,väl,för,patienter,som,tolererar,CNS-relaterade,biverkningar,och,där,interaktionsrisken,är,hanterbar,.,Atazanavir,/,r,passar,ofta,när,man,vill,undvika,vissa,CNS-effekter,men,är,mindre,attraktivt,vid,redan,besvärande,gastrointestinal,problematik,eller,när,kosmetiskt,störande,ikterus,riskerar,att,påverka,livskvalitet,och,följsamhet,.,Sammantaget,stödjer,litteraturen,ett,individualiserat,val,inom,ramen,för,ART,,,där,abakavir,/,lamivudin,i,kombination,med,antingen,efavirenz,eller,atazanavir,/,r,kan,vara,effektiva,alternativ,men,med,tydligt,skilda,säkerhetsprofiler,."
"Prevalensen,av,allergisjukdomar,har,ökat,kraftigt,sedan,mitten,av,1900-talet,.,Allergenspecifik,immunterapi,är,en,immunmodulerande,behandling,som,kan,vara,aktuell,hos,vissa,individer,med,medelsvår,till,svår,IgE-medierad,allergi,.,Behandlingen,kan,administreras,sublingualt,eller,subkutant,.,Syftet,med,detta,litteraturarbete,var,att,undersöka,om,sublingual,immunterapi,(,SLIT,),och,subkutan,immunterapi,(,SCIT,),med,husdammskvalsterallergen,skiljer,med,avseende,på,förändring,av,symtom-,och,medicineringspoäng,;,specifika,IgE-,och,IgG4-antikroppar,;,IL-10,och,IFN-γ,.,Artiklar,har,sökts,i,databasen,PubMed,.,Fem,artiklar,som,undersökte,effekten,av,både,SLIT,och,SCIT,valdes,ut,för,att,besvara,syftet,.,SCIT,gav,en,signifikant,större,minskning,av,symtompoängen,för,astma,i,studie,1,och,2,;,men,ej,i,studie,3,.,Även,medicineringspoängen,för,astma,minskade,signifikant,mer,med,SCIT,än,SLIT,i,studie,2,;,men,ej,i,studie,1,.,Studie,4,visade,att,SCIT,minskade,symtompoängen,signifikant,mer,än,SLIT,.,Ingen,statistiskt,signifikant,skillnad,sågs,mellan,SLIT,och,SCIT,vad,gäller,minskning,av,symtompoäng,för,rinit,i,studie,1-3,;,medicineringspoäng,för,rinit,i,studie,1,och,2,eller,totala,medicineringspoängen,i,studie,3,.,SCIT,ökade,halten,specifika,IgG4-antikroppar,signifikant,mer,än,SLIT,i,studie,1,;,2,och,5,.,Ingen,statistiskt,signifikant,skillnad,sågs,mellan,SLIT,och,SCIT,vad,gäller,förändring,av,specifika,IgE-antikroppar,;,IL-10,och,IFN-γ,.,Resultaten,från,studierna,tyder,på,att,SLIT,och,SCIT,är,lika,effektiva,vid,minskning,av,symtom-,och,medicineringspoäng,för,rinit,efter,1-2,års,behandling,.,SCIT,kan,däremot,tänkas,vara,effektivare,efter,3,års,behandling,.,Vad,gäller,minskning,av,symtom-,och,medicineringspoäng,för,astma,verkar,SCIT,vara,effektivare,än,SLIT,.,SCIT,ökar,halten,specifika,IgG4-antikroppar,mer,än,SLIT,.,Ingen,skillnad,mellan,SLIT,och,SCIT,verkar,finnas,vad,gäller,förändring,av,halten,specifika,IgE-antikroppar,;,IL-10,och,IFN-γ,.,Fler,randomiserade,kontrollerade,studier,som,gör,en,direkt,jämförelse,mellan,SLIT,och,SCIT,skulle,vara,önskvärt,för,att,fastställa,om,långtidseffekterna,mellan,SLIT,och,SCIT,med,husdammskvalsterallergen,skiljer,eller,ej,.","Allergenspecifik,immunterapi,(,ASIT,),används,för,att,påverka,själva,sjukdomsmekanismen,vid,allergi,,,snarare,än,att,enbart,dämpa,symtom,.,Vid,husdammskvalsterallergi,(,HDM,),är,behandlingen,särskilt,relevant,eftersom,exponeringen,ofta,är,daglig,och,svår,att,undvika,,,vilket,gör,att,många,patienter,får,långvariga,besvär,från,näsa,,,ögon,och,ibland,även,nedre,luftvägar,.,ASIT,syftar,till,att,omkalibrera,immunsvaret,mot,kvalsterallergen,genom,gradvis,tillförsel,av,allergenet,i,kontrollerade,doser,.,På,sikt,kan,detta,minska,reaktiviteten,och,leda,till,lägre,symtomnivåer,och,mindre,behov,av,symtomlindrande,läkemedel,.,Två,etablerade,administrationssätt,dominerar,:,subkutan,immunterapi,(,SCIT,),och,sublingual,immunterapi,(,SLIT,),.,SCIT,ges,som,injektioner,i,upptrappningsfas,följt,av,underhållsdoser,under,flera,år,.,Behandlingsregimen,är,relativt,strikt,och,bygger,på,regelbundna,mottagningsbesök,,,vilket,kan,ge,en,tydlig,struktur,men,också,bli,en,tröskel,i,vardagen,.,SLIT,ges,i,stället,under,tungan,,,ofta,som,tablett,eller,droppar,,,och,tas,vanligen,i,hemmet,efter,en,initial,bedömning,.,Det,gör,metoden,mer,flexibel,,,men,ställer,samtidigt,högre,krav,på,patientens,egen,följsamhet,över,tid,.,När,man,väger,SLIT,mot,SCIT,vid,HDM-allergi,hamnar,diskussionen,ofta,i,skärningspunkten,mellan,effekt,,,säkerhet,och,praktisk,genomförbarhet,.,SCIT,har,en,lång,klinisk,tradition,och,anses,generellt,ge,god,symtomlindring,hos,rätt,selekterade,patienter,,,men,injektionsbehandling,innebär,en,liten,men,reell,risk,för,systemreaktioner,och,kräver,därför,övervakning,i,anslutning,till,dosering,.,SLIT,har,i,många,studier,visat,kliniskt,meningsfull,effekt,vid,kvalsterallergi,och,förknippas,oftare,med,lokala,biverkningar,som,klåda,eller,irritation,i,mun,och,svalg,,,särskilt,i,början,av,behandlingen,.,För,vissa,blir,dessa,besvär,övergående,och,hanterbara,,,för,andra,påverkar,de,uthålligheten,.,Val,av,metod,påverkas,också,av,patientprofil,och,vårdlogistik,.,Personer,med,begränsad,möjlighet,att,komma,till,mottagning,regelbundet,kan,gynnas,av,SLIT,,,medan,patienter,som,föredrar,tätare,medicinsk,uppföljning,kan,uppleva,SCIT,som,tryggare,.,Samsjuklighet,som,astma,,,grad,av,sensibilisering,och,tidigare,reaktionsmönster,kan,spela,in,vid,riskbedömning,och,behandlingsplanering,.,I,praktiken,handlar,ASIT,vid,husdammskvalsterallergi,om,ett,långsiktigt,åtagande,där,resultatet,blir,bäst,när,indikation,,,administreringsform,och,patientens,förutsättningar,matchas,väl,."
"I,Sverige,är,abort,en,laglig,rättighet,och,det,finns,flera,godkända,metoder,för,regelbunden,antikonception,.,Ändå,finns,ett,behov,av,akutmetoder,för,att,förhindra,oönskad,graviditet,.,  ,Det,finns,tre,godkända,akutpreventivmedelsmetoder,;,levonorgestrel,;,ulipristal,och,kopparspiral,.,Detta,arbetes,syfte,var,att,undersöka,effektivitet,och,säkerhet,för,dessa,tre,godkända,metoder,.,En,litteratursökning,gjordes,i,databasen,PubMed,;,  ,7,artiklar,valdes,ut,för,analys,.,Artikel,1och,2,undersökte,levonorgestrels,effektivitet,och,säkerhet,och,kunde,redovisa,graviditetsfrekvenser,på,0,;,57,%,  ,och,0;67,%,;,samt,en,graviditetsförebyggande,effektivitet,på,68,%,.,Artikel,3,jämförde,ulipristal,och,levonorgestrel,och,redovisade,graviditetsfrekvenser,på,1;8,%,för,ulipristal,och,2;6,%,för,levonorgestrel,.,Även,”,non-inferiority,”,konstaterades,med,OR,på,0;68,.,Artikel,4,undersökte,levonorgestrels,effektivitet,och,redovisade,graviditetsfrekvenser,på,2;0,%,(,12,h-,gruppen,),och,1;9,%,(,24,h-,gruppen,),;,dessutom,redovisades,en,graviditetsförebyggande,effektivitet,på,72,%,(,12,h-,gruppen,),och,75,%,(,24,h-,gruppen,),.,Artikel,5,jämförde,ulipristal,och,levonorgestrel,och,fann,att,ulipristalbehandling,  ,är,”,non-inferiority,”,till,levonorgestrelbehandling,.,Artikel,6,undersökte,ulipristals,effektivitet,och,redovisade,en,graviditetsfrekvens,på,2,;,1,%,och,en,graviditetsförebyggande,effektivitet,på,  ,62,;,3,%,.,Artikel,7,undersökte,kopparspiralens,effektivitet,och,kunde,redovisa,100,%,graviditetsförebyggande,effektivitet,.,Akutpreventivmedel,fungerar,inte,alltid,;,men,förhindrar,oönskade,graviditeter,.,Slutsatsen,är,att,resultaten,ger,stöd,för,gällande,behandlingsrekommendationer,.","Den,här,uppsatsen,behandlar,akutpreventivmedel,och,jämför,de,tre,metoder,som,är,godkända,och,etablerade,i,klinisk,praxis,:,levonorgestrel,,,ulipristalacetat,och,kopparspiral,.,Utgångspunkten,är,en,enkel,men,kliniskt,avgörande,fråga,:,hur,skiljer,sig,metoderna,åt,när,det,gäller,effektivitet,och,säkerhet,,,och,vilka,praktiska,konsekvenser,får,skillnaderna,för,rådgivning,och,val,av,metod,efter,oskyddat,samlag,eller,preventivmedelssvikt,?,Genomgången,visar,att,kopparspiral,generellt,framstår,som,det,mest,effektiva,akutpreventivmedlet,.,Den,kan,användas,inom,ett,längre,tidsfönster,än,tabletter,i,många,riktlinjer,och,ger,samtidigt,ett,fortsatt,skydd,som,långtidsmetod,.,Effektiviteten,är,hög,även,när,ägglossning,ligger,nära,i,tid,,,vilket,är,en,av,de,svåra,situationerna,för,tablettalternativen,.,Nackdelen,är,att,metoden,kräver,ett,ingrepp,,,tillgång,till,utbildad,personal,och,en,mottagning,som,kan,erbjuda,insättning,snabbt,.,Säkerhetsprofilen,är,i,grunden,god,men,mer,beroende,av,individens,förutsättningar,:,blödningsmönster,kan,påverkas,,,menssmärtor,kan,förvärras,och,insättning,kan,upplevas,som,smärtsam,.,Risken,för,komplikationer,är,låg,men,inte,obefintlig,,,och,den,praktiska,tröskeln,blir,därför,en,del,av,“,säkerheten,”,i,vardagen,.,Ulipristalacetat,och,levonorgestrel,är,mer,lättillgängliga,eftersom,de,tas,som,engångsdos,i,tablettform,,,men,de,skiljer,sig,åt,både,i,hur,de,fungerar,och,i,hur,väl,de,skyddar,i,olika,lägen,.,Ulipristal,har,i,flera,jämförelser,visat,högre,effektivitet,än,levonorgestrel,,,särskilt,när,tiden,från,samlaget,är,längre,och,när,ägglossning,närmar,sig,.,Mekanismen,–,förskjutning,av,ägglossning,även,sent,i,follikelfasen,–,gör,att,ulipristal,ofta,bedöms,som,förstahandsval,bland,tabletterna,när,kopparspiral,inte,är,aktuell,.,Samtidigt,finns,en,mer,komplex,rådgivningsbild,kring,uppstart,eller,återstart,av,hormonella,preventivmedel,efter,intag,,,eftersom,ulipristal,kan,motverkas,av,gestagener,och,därför,kräver,en,period,med,barriärskydd,.,Det,är,en,säkerhetsfråga,i,praktiken,:,inte,för,att,läkemedlet,i,sig,är,farligt,,,utan,för,att,felaktig,kombination,eller,för,tidig,återgång,till,hormonell,metod,kan,minska,skyddet,.,Levonorgestrel,är,det,klassiska,alternativet,och,har,länge,varit,standard,,,med,god,tolerabilitet,och,få,allvarliga,biverkningar,.,Effekten,är,tydligast,när,tabletten,tas,tidigt,efter,samlaget,.,I,takt,med,att,timmarna,går,sjunker,skyddet,,,och,metoden,är,sämre,när,ägglossning,är,nära,,,vilket,också,bidrar,till,att,misslyckanden,kan,koncentreras,till,just,de,cykelfaser,där,risken,redan,är,hög,.,För,många,är,levonorgestrel,ändå,det,mest,realistiska,alternativet,på,grund,av,omedelbar,tillgänglighet,och,enkelhet,,,och,säkerhetsprofilen,är,välkänd,:,tillfälliga,biverkningar,som,illamående,,,huvudvärk,,,bröstspänningar,och,rubbade,blödningar,dominerar,.,Allvarliga,händelser,är,sällsynta,.,En,återkommande,fråga,i,materialet,rör,faktorer,som,påverkar,effekten,i,verkligheten,snarare,än,i,teorin,.,Tidsfönster,och,“,tid,till,behandling,”,är,centralt,,,men,även,kroppsvikt,/,BMI,diskuteras,eftersom,vissa,data,antyder,minskad,effekt,av,framför,allt,levonorgestrel,vid,högre,vikt,.,Evidensen,är,inte,helt,enhetlig,,,men,den,kliniska,konsekvensen,blir,ofta,att,kopparspiral,eller,ulipristal,framstår,som,mer,robusta,val,när,graviditetsrisken,bedöms,hög,.,Läkemedelsinteraktioner,spelar,också,roll,,,särskilt,med,enzyminducerande,preparat,som,kan,sänka,nivåerna,av,både,ulipristal,och,levonorgestrel,och,därmed,minska,skyddet,.,Säkerhetsjämförelsen,mellan,metoderna,hamnar,till,stor,del,i,hur,de,påverkar,användaren,på,kort,sikt,och,vilka,hinder,som,finns,för,korrekt,användning,.,Tabletterna,har,fördelen,att,de,sällan,ger,annat,än,övergående,besvär,,,men,de,ger,inget,långvarigt,skydd,och,kan,skapa,en,falsk,trygghet,om,personen,återgår,till,oskyddade,samlag,senare,i,samma,cykel,.,Kopparspiralen,är,mer,invasiv,men,kombinerar,akut,effekt,med,preventiv,fortsättning,.,Det,gör,att,den,,,när,den,är,möjlig,att,genomföra,,,ofta,kan,betraktas,som,både,effektivast,och,mest,“,strategiskt,”,säker,.,Uppsatsen,landar,i,att,valet,av,akutpreventivmetod,inte,bara,är,en,fråga,om,farmakologi,utan,om,logistik,,,timing,och,individens,preferenser,.,Kopparspiral,ger,det,starkaste,skyddet,och,en,långsiktig,lösning,,,ulipristal,är,det,mest,effektiva,tablettalternativet,i,många,situationer,,,och,levonorgestrel,är,ett,väl,tolererat,och,enkelt,alternativ,som,fungerar,bäst,vid,tidig,användning,.,Skillnaderna,är,tydliga,nog,för,att,motivera,en,mer,situationsanpassad,rådgivning,,,där,effektivitet,och,säkerhet,vägs,mot,tillgänglighet,och,möjlighet,till,korrekt,uppföljning,."
"Influenser,från,hela,världen,påverkar,livsmedelsindustrin,och,användandet,av,fröer,har,ökat,kraftigt,de,senaste,åren,.,Idag,används,endast,ett,begränsat,antal,fröer,inom,bageriindustrin,men,ett,intresse,finns,av,att,finna,alternativa,fröer,som,kan,bidra,med,sina,egenskaper,till,bröd,.,Syftet,med,det,här,examensarbetet,är,att,undersöka,amarant,;,bovete,;,chia,;,hirs,och,quinoa,;,för,att,se,vad,de,kan,bidra,med,för,näringsmässiga,och,sensoriska,egenskaper,till,bröd,.,Examensarbetet,utförs,vid,Pågen,AB,.,Genom,en,mindre,litteraturstudie,och,ett,antal,bakningsförsök,med,efterföljande,analyser,av,volym,;,inkråm,;,textur,och,vattenhalt,;,kartläggs,fröernas,närings-,och,bakningsegenskaper,.,Sensoriska,analyser,görs,även,för,att,undersöka,dessa,egenskaper,hos,varje,frö,.,Av,de,studerade,fröerna,valdes,chia,;,bovete,och,quinoa,ut,för,vidare,bakningsförsök,.,Chia,och,bovete,valdes,ut,bland,annat,på,grund,av,de,goda,resultaten,från,de,sensoriska,analyserna,och,försöken,visade,att,båda,fröerna,fungerar,bra,i,olika,bröd,;,i,olika,mängder,.,Quinoas,bittra,smak,och,lukt,var,svår,att,få,bort,men,minskade,när,fröet,användes,som,dekor,.,Även,chia,och,krossat,bovete,passade,bra,som,dekor,på,bröd,.,Försöken,visar,på,att,det,finns,spännande,alternativa,fröer,som,kan,bidra,med,mycket,både,när,det,gäller,näring,och,smak,till,bröd,.,Vidare,försök,med,olika,brödrecept,och,varierade,frömängder,krävs,för,att,se,hur,väl,fröerna,skulle,fungera,i,storskaliga,projekt,inom,bageriindustrin,.","Arbetet,behandlar,hur,alternativa,fröer,och,fröliknande,råvaror,kan,användas,i,bröd,och,annan,bakning,,,med,fokus,på,amarant,,,bovete,,,chia,,,hirs,och,quinoa,.,Utgångspunkten,är,att,dessa,ingredienser,ofta,lyfts,fram,som,näringsrika,och,intressanta,ur,både,konsument-,och,hållbarhetsperspektiv,,,men,att,de,samtidigt,kan,störa,de,strukturer,och,processer,som,traditionellt,vete,ger,.,Studien,tar,därför,sikte,på,två,spår,som,hänger,ihop,:,den,tekniska,funktionen,i,degen,och,den,sensoriska,upplevelsen,i,färdigt,bröd,.,I,den,tekniska,delen,diskuteras,hur,fröerna,påverkar,degens,vattenbindning,,,viskositet,,,jäsning,och,formstabilitet,.,Chia,framstår,som,särskilt,styrande,genom,sin,gelbildning,,,vilket,kan,ge,saftighet,och,en,tätare,,,mer,sammanhållen,smula,men,också,risk,för,tung,volym,om,balansen,blir,fel,.,Quinoa,och,amarant,bidrar,med,egna,aromer,och,en,finfördelad,mjölkänsla,i,smulan,när,de,används,i,mjöl-,eller,flingform,,,men,de,kan,samtidigt,ge,en,mer,spröd,och,mindre,elastisk,degstruktur,.,Bovete,är,funktionellt,användbart,men,tydligt,i,smaken,;,det,ger,ofta,en,mörkare,ton,och,en,fastare,textur,som,inte,alltid,upplevs,som,”,luftig,”,i,klassiskt,bröd,.,Hirs,beskrivs,som,mildare,och,kan,fungera,som,ett,sätt,att,höja,andelen,alternativa,råvaror,utan,att,smaken,tar,över,,,även,om,strukturen,kan,bli,torrare,om,den,inte,kompenseras,med,rätt,vätskemängd,och,process,.,Den,sensoriska,utvärderingen,kretsar,kring,volym,,,skorpa,,,smulans,porighet,,,saftighet,och,smakprofil,.,Fröerna,ger,olika,typer,av,”,karaktär,”,:,från,nötighet,och,rostade,toner,till,en,mer,örtig,eller,jordig,arom,,,ibland,med,en,lätt,bitterhet,som,behöver,hanteras,genom,rostning,,,sköljning,eller,val,av,inblandningsnivå,.,Konsistensen,påverkas,också,tydligt,.,Vissa,kombinationer,ger,ett,bröd,som,upplevs,mättande,och,stabilt,,,andra,drar,åt,kompakt,och,fuktigt,.,Här,blir,det,tydligt,att,konsumentacceptans,inte,bara,handlar,om,näringsvärden,utan,om,igenkänning,,,munkänsla,och,hur,väl,brödet,fungerar,i,vardaglig,användning,.,Helhetsbilden,som,tecknas,är,att,amarant,,,bovete,,,chia,,,hirs,och,quinoa,kan,bidra,med,både,funktion,och,sensorisk,variation,,,men,att,de,kräver,anpassning,av,recept,och,process,.,Vattennivå,,,malningsgrad,,,eventuell,förbehandling,och,hur,stor,del,av,mjölet,som,ersätts,avgör,om,resultatet,blir,ett,bröd,med,attraktiv,volym,och,balanserad,smak,eller,ett,som,tappar,luftighet,och,får,en,skarpare,profil,.,Arbetet,placerar,därmed,alternativa,fröer,som,realistiska,och,intressanta,ingredienser,i,modern,bakning,,,men,inte,som,enkla,”,drop-in”-ersättare,till,traditionella,spannmål,."
"Sepsis,är,ett,allvarligt,tillstånd,som,uppstår,när,bakterier,går,från,vävnad,till,blodbanan,.,Positiva,blododlingar,odlas,på,agarplattor,och,bakterier,analyseras,med,Matrix,Assisted,Laser,Desorption,Ionisation,Time-of-flight,Mass,spectrometry,(,MALDI-TOF,MS,),där,prov,blandas,med,en,matrix,och,sedan,bestrålas,med,laser,.,Proteinerna,i,provet,joniseras,och,rör,sig,mot,en,detektor,;,vilket,ger,ett,m,/,z-spektrum,som,jämförs,med,referensspektrum,i,en,databas,och,ett,score-värde,erhålls,över,hur,väl,analyten,liknar,referensen,.,Arbetets,syfte,var,att,undersöka,möjligheten,att,direktidentifiera,bakterier,från,blod,med,en,viss,preparation,innan,analys,med,MALDI-TOF,MS,och,på,så,vis,möjliggöra,snabbare,preliminära,svar,samt,undersöka,möjligheten,att,särskilja, ,Staphylocoocus,aureus, ,och,koagulasnegativa,stafylokocker,.,Innan,analys,med,MALDI-TOF,MS,centrifugerades,blod,från,positiva,blododlingar,blod,i,flera,steg,med,5,%,natriumkloridlösning,(,NaCl-metoden,),.,Dessutom,testades,ett,kommersiellt,kit,(,Sepsityper,;,Bruker,Daltonics,),.,Med,NaCl-metoden,sågs,korrekt,identifiering,hos,66,%,av,inokulerade,proverna,.,Av,blododlingar,innehållande,med, ,S.,aureus, ,respektive,koagulasnegativa,stafylokocker,identifierades,60,%,respektive,43,%,av,bakterierna,korrekt,.,Med,Sepsiptyper,erhöll,58,%,av,proverna,godkänt,score-värde,.,Slutsatsen,blev,att,det,är,möjligt,att,identifiera,bakterier,direkt,från,blod,efter,viss,preparation,;,men,metoden,bör,utvecklas,mer,då,det,fanns,en,signifikant,skillnad,i,score,mellan,NaCl-metoden,och,nuvarande,metod,.,Det,är,dock,möjligt,att,skilja,mellan, ,Staphylococcus,aureus, ,och,koagulasnegativa,stafylokocker,.,Fler,studier,är,nödvändiga,för,att,avgöra,möjligheten,att,föra,in,någon,av,metoderna,i,rutindiagnostiken,.","Arbetet,behandlar,möjligheten,att,art-,och,genusbestämma,bakterier,direkt,från,positiva,blododlingar,med,MALDI-TOF,MS,.,Utgångspunkten,är,den,kliniska,situationen,vid,sepsis,,,där,tidig,identifiering,av,agens,kan,styra,antibiotikaval,och,där,traditionell,odling,på,plattor,ofta,innebär,ett,tidsmässigt,glapp,innan,ett,säkert,svar,kan,lämnas,.,Fokus,ligger,på,blododlingssystemet,BacT,/,ALERT,och,på,hur,provmaterialet,kan,förberedas,så,att,det,fungerar,i,masspektrometern,utan,att,störas,av,blodkomponenter,.,I,centrum,står,NaCl-metoden,som,en,praktisk,provberedningsstrategi,:,cellmassan,från,en,positiv,flaska,separeras,och,tvättas,med,saltlösning,för,att,minska,bakgrund,och,förbättra,kvaliteten,på,proteinspektrat,.,Därefter,analyseras,provet,med,MALDI-TOF,MS,och,matchas,mot,databaser,för,att,ge,en,snabb,art-,eller,genusnivå-identifiering,.,Resultatet,sätts,i,relation,till,olika,sepsityper,och,typiska,fynd,i,blododling,,,där,exempelvis,skillnaden,mellan,grampositiva,och,gramnegativa,bakterier,kan,påverka,både,spektrens,tydlighet,och,metodens,träffsäkerhet,.,Studien,landar,i,att,direktidentifiering,från,blododling,med,MALDI-TOF,MS,,,i,kombination,med,en,enkel,NaCl-baserad,provberedning,,,kan,korta,tiden,till,mikrobiologiskt,svar,jämfört,med,enbart,subodling,.,Metodens,styrka,är,hastigheten,och,den,relativt,låga,arbetsinsatsen,när,rutinen,väl,sitter,.,Begränsningar,hänger,främst,ihop,med,provets,sammansättning,och,kvaliteten,på,biomassan,:,vissa,flaskor,ger,svagare,spektra,,,blandinfektioner,kan,försvåra,tolkningen,och,en,del,organismer,hamnar,lättare,på,genusnivå,än,på,artsnivå,.,Trots,detta,framstår,upplägget,som,ett,relevant,komplement,i,diagnostiken,av,sepsis,,,särskilt,när,man,vill,få,fram,en,tidig,riktning,på,behandlingen,medan,mer,omfattande,verifiering,och,resistensbestämning,pågår,."
"Under,förskoleåren,behöver,barn,utveckla,en,förståelse,för,tal,;,lika,väl,som,de,måste,erövra,det,talade,språket,.,Barns,möjligheter,att,lära,matematik,påverkas,av,hur,deras,första,möte,med,matematiken,ser,ut,.,Uppsatsen,är,en,fallstudie,vars,syfte,är,att,beskriva,hur,The,English,School,i,Älmhult,;,arbetar,med,taluppfattning,.,För,att,kunna,ge,en,så,fyllig,bild,som,möjligt,har,vi,genomfört,observationer,och,intervjuat,de,två,lärarna,som,arbetar,med,denna,åldersgrupp,samt,intervjuat,skolans,rektor,.,Vi,har,även,tittat,närmare,på,de,styrdokument,som,;,förutom,Lpfö,98,;,ligger,till,grund,för,verksamheten,.,Vi,har,mött,en,verksamhet,där,matematiken,lyfts,fram,och,fokuseras,på,redan,i,tidig,ålder,.,Lärarna,presenterar,och,introducerar,matematik,för,barn,på,ett,mycket,medvetet,och,strukturerat,sätt,.","Studien,tar,sin,utgångspunkt,i,hur,barn,i,åldern,3–5,år,möter,matematik,i,förskolan,,,med,särskilt,fokus,på,taluppfattning,.,Genom,att,rikta,blicken,mot,The,English,School,i,Älmhult,undersöks,hur,matematiska,idéer,blir,synliga,i,vardagen,och,vilka,arbetsmetoder,som,används,för,att,stödja,barns,tidiga,förståelse,av,antal,,,jämförelser,och,enkla,relationer,mellan,tal,.,Intresset,ligger,mindre,i,formella,övningar,och,mer,i,hur,matematiken,vävs,in,i,aktiviteter,som,redan,pågår,:,lek,,,rutiner,,,samtal,vid,måltider,och,arbete,i,små,grupper,.,Utifrån,nyckelbegreppen,matematik,och,taluppfattning,behandlas,frågor,om,hur,pedagoger,fångar,upp,spontana,tillfällen,att,räkna,,,sortera,,,para,ihop,,,se,mönster,och,resonera,om,“,mer,och,mindre,”,.,Språket,och,det,gemensamma,tänkandet,får,en,framträdande,roll,;,barnens,strategier,synliggörs,när,de,sätter,ord,på,sina,val,,,provar,igen,och,jämför,med,varandra,.,Studien,belyser,också,hur,miljö,och,material,påverkar,,,exempelvis,genom,tillgång,till,konkreta,föremål,,,tydliga,stationer,eller,uppgifter,som,går,att,anpassa,efter,olika,nivåer,utan,att,bryta,leken,.,Resultatet,tecknar,en,bild,av,ett,arbetssätt,där,taluppfattning,inte,isoleras,som,ett,separat,ämne,,,utan,byggs,upp,genom,återkommande,möten,med,antal,och,struktur,.,Pedagogernas,sätt,att,ställa,frågor,,,vänta,in,svar,och,låta,barnen,argumentera,framstår,som,centralt,,,liksom,deras,förmåga,att,göra,matematiska,aspekter,begripliga,utan,att,ta,över,.,Studien,ger,därmed,en,fördjupad,förståelse,för,hur,tidig,matematik,kan,formas,i,förskolans,praktik,och,hur,medvetna,arbetsmetoder,kan,stödja,barns,begynnande,taluppfattning,."
"Detta,arbete,undersöker,hur,två,olika,nätverksarkitekturer,för,artificiella,neurala,nätverk,fungerar,i,en,testmiljö,av,shooter-karaktär,.,De,två,arkitekturer,som,undersöks,är,ett,feedforward-nätverk,samt,ett,elman-nätverk,som,tränas,med,hjälp,av,evolutionära,algoritmer,.,Skillnaden,på,de,två,valda,nätverksarkitekturerna,är,att,det,sistnämnda,har,ett,korttidsminne,.,Resultaten,visar,att,det,i,den,testmiljö,som,använts,inte,är,någon,skillnad,på,de,två,nätverksarkitekturerna,;,utan,de,uppnår,i,princip,samma,resultat,.,Dock,så,har,de,beteenden,som,nätverken,uppnått,visat,på,att,det,är,möjligt,att,använda,agenter,som,är,skapade,av,artificiella,neurala,nätverk,i,ett,shooter-spel,och,att,de,kan,generera,bra,resultat,.,Något,som,inte,fokuserats,på,i,detta,arbete,men,som,skulle,vara,intressant,att,kolla,vidare,på,;,är,till,exempel,förändring,av,storleken,på,nätverken,eller,att,undersöka,om,ett,långtidsminne,på,det,rekurrenta,nätverket,hade,förändrat,resultatet,.","Arbetet,behandlar,hur,artificiell,intelligens,kan,utformas,för,shooterspel,med,fokus,på,två,närliggande,spår,:,artificiella,neurala,nätverk,(,ANN,),och,evolutionära,metoder,.,Utgångspunkten,är,att,spelmiljön,ställer,krav,som,är,svåra,att,lösa,med,handskrivna,regler,.,En,motståndare,måste,kunna,reagera,snabbt,,,tolka,ofullständig,information,,,hitta,rimliga,rörelser,i,en,rörig,spelkarta,och,samtidigt,uppträda,på,ett,sätt,som,upplevs,trovärdigt,av,spelaren,.,Här,blir,ANN,intressanta,som,styrsystem,eftersom,de,kan,lära,sig,samband,mellan,observationer,och,handlingar,utan,att,varje,situation,behöver,kodas,explicit,.,I,uppsatsen,diskuteras,hur,ett,neuralt,nätverk,kan,kopplas,till,typiska,beslut,i,ett,shooterspel,:,val,av,mål,,,sikte,och,skottdisciplin,,,positionsbyte,,,användning,av,skydd,,,samt,när,det,är,läge,att,pressa,eller,dra,sig,undan,.,Nätverkets,indata,kan,bestå,av,förenklade,representationer,av,omgivningen,,,exempelvis,avstånd,och,riktning,till,fiender,,,synlighet,,,tillgängliga,vägar,,,egen,hälsa,och,ammunition,.,Utdata,formar,sedan,agentens,beteende,i,realtid,.,Det,centrala,är,inte,bara,att,träffa,målet,,,utan,att,agera,med,en,viss,stil,och,skapa,variation,mellan,olika,botar,.,Den,andra,huvudlinjen,är,genetiska,algoritmer,och,evolution,som,tränings-,eller,optimeringsstrategi,.,I,stället,för,att,justera,vikterna,i,ett,ANN,med,klassisk,felminimering,låter,man,en,population,av,kandidatlösningar,konkurrera,.,Varje,individ,representerar,en,uppsättning,nätverksvikter,eller,parametrar,för,beteendelogik,.,Genom,selektion,,,korsning,och,mutation,uppstår,gradvis,bättre,varianter,.,Fitness,kan,mätas,på,flera,sätt,:,överlevnadstid,,,träffsäkerhet,,,skadeutdelning,,,måluppfyllelse,eller,mer,spelrelaterade,mått,som,tempo,och,rörelsemönster,.,Valet,av,fitnessfunktion,påverkar,resultatet,kraftigt,;,belönas,bara,elimineringar,riskerar,man,stereotypa,och,“,robotiska,”,strategier,,,medan,mer,balanserade,mål,kan,ge,ett,beteende,som,känns,mer,mänskligt,.,Samspelet,mellan,ANN,och,evolution,framstår,som,en,praktisk,väg,när,träningsdata,är,svåra,att,samla,in,eller,när,man,vill,undvika,tungt,beroende,av,expertetikettering,.,Evolutionen,blir,ett,sätt,att,söka,i,ett,stort,parameterutrymme,och,hitta,fungerande,beteenden,som,inte,nödvändigtvis,är,uppenbara,för,utvecklaren,.,Samtidigt,lyfts,vanliga,problem,:,hög,beräkningskostnad,,,risken,för,att,systemet,optimerar,mot,“,fel,”,beteende,,,samt,frågan,om,generalisering,när,agenten,möter,nya,kartor,eller,spelstilar,.,Studien,landar,i,att,ANN,,,i,kombination,med,genetiska,algoritmer,,,kan,ge,adaptiva,motståndare,och,mer,varierade,spelupplevelser,,,men,att,resultatet,i,hög,grad,avgörs,av,hur,man,beskriver,spelvärlden,för,agenten,och,hur,man,formulerar,vad,som,räknas,som,framgång,."
"Då,dataspel,blir,mer,grafiskt,tilltalande,för,var,år,som,går,innebär,detta,också,att,mer,utrymme,behövs,för,att,få,plats,med,alla,bildtexturer,.,Detta,leder,till,att,spel,som,annars,skulle,kunnat,läggas,ut,på,exempelvis,XBOX,Live,Marketplace,är,för,stora,för,att,få,plats,där,.,Genom,att,byta,ut,vanliga,bildtexturer,mot,procedurella,texturer,skulle,detta,problem,kunna,undvikas,då,de,senare,tar,mindre,plats,än,de,förstnämnda,.,Denna,uppsats,tar,upp,och,redovisar,en,metod,för,att,återskapa,bildtexturer,som,procedurella,texturer,;,där,en,genetisk,algoritm,används,för,att,evolvera,fram,procedurella,texturer,med,visuella,likheter,med,referenstexturen,.","Arbetet,undersöker,hur,procedurella,texturer,kan,skapas,så,att,de,efterliknar,en,given,referensbild,,,utan,att,bygga,på,traditionella,bildbaserade,texturer,.,Utgångspunkten,är,att,en,procedurell,textur,ofta,är,kompakt,,,skalbar,och,lätt,att,variera,,,men,att,den,kan,vara,svår,att,“,styra,”,mot,ett,specifikt,visuellt,mål,.,Här,prövas,en,genetisk,algoritm,som,ett,sätt,att,automatiskt,hitta,ett,texturprogram,eller,en,uppsättning,parametrar,som,producerar,ett,resultat,som,ligger,nära,referensen,.,Metoden,bygger,på,att,varje,kandidat,representerar,en,möjlig,texturlösning,i,form,av,ett,procedur-nätverk,eller,en,funktionell,beskrivning,med,justerbara,parametrar,.,Kandidaterna,genererar,bilder,som,jämförs,mot,referensbilden,med,en,fitness-funktion,.,Jämförelsen,tar,sikte,på,visuella,egenskaper,snarare,än,exakta,pixelvärden,,,exempelvis,färgfördelning,,,kontrast,,,struktur,och,upplevd,skala,,,eftersom,en,bra,matchning,ofta,handlar,om,mönsterkänsla,och,inte,om,identisk,kopia,.,Genom,urval,,,korsning,och,mutation,förbättras,populationen,steg,för,steg,.,I,praktiken,uppstår,en,tydlig,avvägning,:,högre,flexibilitet,i,representationsformen,ger,fler,möjliga,uttryck,,,men,gör,sökrymden,svårare,att,navigera,och,kan,leda,till,märkliga,lokala,lösningar,.,Resultatet,visar,att,genetiska,algoritmer,kan,fungera,som,ett,verktyg,för,att,“,invertera,”,en,referensbild,till,en,procedurell,beskrivning,som,är,användbar,i,datorgrafikproduktion,.,De,framtagna,texturerna,kan,ofta,återge,karaktären,i,referensen,,,även,när,de,inte,matchar,den,exakt,.,Arbetet,diskuterar,också,begränsningar,,,som,beräkningskostnad,och,känslighet,för,hur,fitness-funktionen,är,utformad,,,och,pekar,på,att,kvaliteten,i,hög,grad,avgörs,av,hur,väl,den,valda,jämförelsemetoden,fångar,det,mänskliga,intrycket,av,likhet,."
"Arbetet,som,presenteras,i,den,här,rapporten,handlar,om,ansiktsigenkänning,från,webbkameror,med,hjälp,av,principal,component,analysis,samt,artificiella,neurala,nätverk,av,typen,feedforward,.,Arbetet,förbättrar,tekniken,med,hjälp,av,filterbaserade,metoder,som,bland,annat,används,inom,ansiktsdetektering,.,Dessa,filter,bygger,på,att,skicka,med,redundant,data,av,delregioner,av,ansiktet,.","Arbetet,behandlar,användarverifiering,med,hjälp,av,en,vanlig,webbkamera,och,utgår,från,biometriska,metoder,där,ansiktet,används,som,identitetsbärare,.,Fokus,ligger,på,hur,ett,system,kan,avgöra,om,personen,framför,kameran,faktiskt,är,den,som,påstår,sig,vara,det,,,snarare,än,att,bara,hitta,“,rätt,”,person,i,en,stor,databas,.,En,central,del,är,därför,att,skapa,en,stabil,representation,av,ansiktet,trots,variationer,i,belysning,,,huvudvinkel,och,mimik,,,eftersom,sådana,förändringar,annars,riskerar,att,ge,falska,avvisningar,eller,felaktiga,godkännanden,.,Metoden,bygger,på,att,ansiktsbilder,först,förbehandlas,med,filter,för,att,dämpa,brus,och,jämna,ut,skillnader,som,webbkameror,ofta,introducerar,.,Efter,detta,används,Principal,Component,Analysis,för,att,reducera,dimensionaliteten,och,fånga,de,mest,informativa,dragen,i,materialet,.,PCA,fungerar,här,som,ett,sätt,att,komprimera,ansiktsdata,utan,att,helt,tappa,den,struktur,som,särskiljer,individer,,,vilket,gör,det,lättare,att,arbeta,vidare,med,klassificering,och,minskar,beräkningsbördan,.,Den,reducerade,representationen,matas,sedan,in,i,ett,artificiellt,neuralt,nätverk,av,feedforward-typ,.,Nätverket,tränas,på,exempelbilder,för,att,lära,sig,mönster,som,skiljer,en,auktoriserad,användare,från,en,obehörig,.,Tyngdpunkten,ligger,på,verifieringsbeslutet,:,matchar,den,aktuella,bilden,den,inlärda,profilen,tillräckligt,väl,för,att,släppas,igenom,?,Resultatet,blir,en,kedja,där,filtrering,och,PCA,står,för,robusta,,,kompakta,kännetecken,,,medan,det,neurala,nätverket,står,för,själva,beslutsfunktionen,.,Arbetet,diskuterar,också,de,praktiska,avvägningarna,mellan,noggrannhet,och,användbarhet,i,vardagsmiljö,,,där,kamerakvalitet,och,omgivningsljus,sätter,tydliga,gränser,för,vad,systemet,kan,prestera,utan,mer,kontrollerade,förhållanden,."
"Sverige,har,de,senaste,åren,konfronterats,med,ett,ökat,mottagande,av,ensamkommande,flyktingbarn,.,Vid,situationer,som,denna,är,det,viktigt,för,myndigheter,att,fatta,rättvisa,beslut,med,rätt,beslutsstödsystem,.,Denna,studie,inriktar,sig,på,en,undersökning,hos,Migrationsverket,samt,två,kommuner,där,forskningsfrågan,som,tillämpades,var,”,Hur,används,beslutsstödsystem,vad,gäller,placering,av,ensamkommandebarn,i,kommuner,?,”,.,Metoden,som,användes,var,kvalitativ,data,erhölls,genom,litteratursökning,samt,intervjuer,.,Studien,har,pågående,under,flera,faser,tillämpat,Zachmans,ramverk,som,ett,hjälpmedel,för,att,analysera,erhållen,data,samt,för,att,skapa,intervjufrågor,och,genomföra,intervjuer,.,En,beslutsmodell,och,Zachmans,ramverk,har,applicerats,på,respondenternas,svar,för,att,kartlägga,respondenterna,enligt,modellerna,.,Resultatet,har,varit,en,önskan,av,en,ökad,effektivitet,vad,gäller,beslutsfattande,för,kommuner,och,mottagandet,av,denna,information,från,Migrationsverket,.,Idag,uppfattar,kommunerna,sina,beslutprocesser,som,manuella,.,Utifrån,ett,Business,Intelligence,(,BI,),perspektiv,är,slutsatsen,av,denna,studie,att,Migrationsverket,samt,kommunerna,behöver,tillämpa,ett,dynamiskt,samspel,vad,gäller,beslutsfattande,;,integrering,;,mottagande,av,information,och,hantering,av,denna,information,för,att,fatta,beslut,.,Denna,studie,kan,användas,som,grund,för,framtida,forskning,där,syftet,är,att,applicera,Business,Intelligence,(,BI,),behov,i,en,verksamhet,genom,en,tillämpning,av,Zachmans,ramverk,.","Uppsatsen,behandlar,hur,Migrationsverket,använder,IT-stöd,vid,placeringen,av,ensamkommande,flyktingbarn,,,med,fokus,på,ett,beslutsstödssystem,som,ska,hjälpa,handläggare,att,följa,anvisningar,och,göra,mer,enhetliga,bedömningar,.,Utgångspunkten,är,att,placeringsbeslut,ofta,behöver,fattas,under,tidspress,,,med,stora,informationsmängder,och,flera,inblandade,aktörer,,,vilket,gör,arbetet,sårbart,för,skillnader,i,arbetssätt,och,tolkningar,.,Beslutsstöd,och,Business,Intelligence,lyfts,därför,fram,som,verktyg,för,att,omvandla,data,till,användbar,information,i,praktiken,:,att,få,överblick,,,hitta,mönster,,,och,stödja,prioriteringar,utan,att,själva,beslutsansvaret,flyttas,från,organisationen,.,Studien,undersöker,nyttjandet,snarare,än,bara,systemets,funktioner,.,Den,tittar,på,hur,systemet,används,i,det,dagliga,arbetet,,,hur,anvisningar,omsätts,i,konkreta,val,och,vad,som,händer,när,dataunderlag,är,bristfälligt,,,inkonsekvent,eller,svårt,att,tolka,.,Här,framträder,en,spänning,mellan,standardisering,och,verkliga,fall,som,sällan,är,helt,jämförbara,.,När,beslutsstödssystemet,fungerar,väl,bidrar,det,till,en,tydligare,spårbarhet,i,underlagen,och,skapar,en,gemensam,bild,av,läget,mellan,olika,delar,av,verksamheten,.,När,det,fungerar,sämre,tenderar,handläggare,att,kompensera,med,egna,rutiner,,,informella,listor,eller,personliga,erfarenheter,,,vilket,i,sin,tur,påverkar,likformigheten,.,Som,analytiskt,ramverk,används,Zachmans,ramverk,för,att,strukturera,förståelsen,av,både,informationsbehov,och,organisatoriska,perspektiv,.,Med,hjälp,av,ramverket,synliggörs,skillnader,mellan,vad,verksamheten,behöver,(,till,exempel,vilka,frågor,som,måste,kunna,besvaras,vid,en,anvisning,),,,hur,informationen,faktiskt,är,modellerad,och,tillgänglig,,,samt,hur,systemet,stödjer,arbetsprocesser,och,ansvarsfördelning,.,På,så,sätt,blir,det,möjligt,att,peka,ut,var,glapp,uppstår,:,mellan,krav,och,implementation,,,mellan,data,och,beslut,,,och,mellan,centrala,styrsignaler,och,lokalt,genomförande,.,Resultatet,som,tecknas,är,att,beslutsstöd,i,den,här,kontexten,inte,bara,handlar,om,teknik,,,utan,om,samspelet,mellan,system,,,data,och,arbetssätt,.,BI-lösningar,kan,ge,bättre,överblick,och,stöd,för,uppföljning,,,men,effekten,beror,på,hur,anvisningar,översätts,till,mätbara,variabler,och,hur,konsekvent,informationen,registreras,.,Studien,bidrar,med,en,mer,nyanserad,bild,av,beslutsstödssystemets,roll,vid,placeringen,av,ensamkommande,flyktingbarn,:,som,ett,stöd,för,struktur,och,transparens,,,men,också,som,en,källa,till,nya,beroenden,där,kvaliteten,på,underlaget,blir,avgörande,för,hur,väl,stödet,faktiskt,hjälper,."
"Svinnet,av,mat,har,i,Sverige,uppskattats,till,cirka,1,miljon,ton,per,år,och,sannolikt,är,det,på,hushållsnivå,som,de,största,mängderna,matsvinn,uppstår,.,En,färsk,undersökning,visar,att,det,årligen,slängs,uppemot,100,kilo,mat,per,person,i,Sverige,;,vilket,innebär,stora,och,onödiga,belastningar,på,miljö,och,klimat,.,Genom,att,minska,svinnet,av,mat,minskar,också,belastningen,på,miljön,.,Syftet,med,studien,har,varit,att,studera,attityder,till,matsvinn,i,svenska,hushåll,samt,identifiera,hinder,och,förutsättningar,för,ett,minskat,svinn,.,Resultatet,bygger,på,sju,enskilda,intervjuer,med,konsumenter,och,resultatet,visar,att,dessa,respondenter,ogillar,att,slänga,mat,och,slänger,relativt,lite,.,Svinnets,miljöpåverkan,tycks,inte,vara,huvudsakligt,skäl,till,att,inte,vilja,slänga,mat,.,Istället,är,respekt,för,maten,;,respekt,för,de,fattiga,samt,den,privata,ekonomin,mer,framträdande,aspekter,vad,gäller,orsaker,till,att,inte,vilja,slänga,mat,.,Dessa,känslor,har,följt,med,respondenterna,från,deras,egen,uppväxt,vilket,i,kombination,med,kunskaper,i,matlagning,tycks,vara,förutsättningar,som,leder,till,mindre,matsvinn,.","Uppsatsen,undersöker,hur,och,varför,mat,i,svenska,hushåll,ibland,hamnar,i,soporna,,,och,vilka,situationer,som,gör,att,den,i,stället,äts,upp,,,sparas,eller,tas,om,hand,på,andra,sätt,.,Utgångspunkten,är,att,matsvinn,inte,bara,är,en,praktisk,fråga,i,köket,utan,också,en,miljöfråga,,,där,vardagliga,beslut,får,konsekvenser,långt,bortom,hemmet,.,Genom,att,koppla,samman,ett,miljöperspektiv,med,ett,individperspektiv,belyses,spänningsfältet,mellan,kunskap,och,handling,:,många,känner,till,att,matsvinn,belastar,klimat,och,resurser,,,men,det,räcker,inte,alltid,för,att,ändra,beteenden,.,Studien,fokuserar,på,individens,attityder,och,vardagsrutiner,,,och,synliggör,hur,vanor,,,normer,och,känslor,påverkar,vad,som,faktiskt,händer,med,maten,.,Mat,kastas,sällan,av,en,enda,orsak,.,Det,kan,handla,om,planering,som,inte,håller,när,veckan,ändrar,sig,,,om,missbedömda,portioner,,,om,storpack,och,kampanjer,som,lockar,till,mer,än,vad,som,går,åt,.,I,andra,fall,är,det,snarare,tvekan,än,brist,på,vilja,som,styr,:,osäkerhet,kring,datummärkningar,,,rädsla,för,att,bli,sjuk,,,eller,en,känsla,av,att,rester,är,”,fel,”,mat,i,jämförelse,med,något,nygjort,.,Samtidigt,framträder,en,grupp,praktiker,som,fungerar,som,motkraft,till,svinnet,.,Personer,som,lyckas,minska,mängden,matavfall,beskriver,ofta,ett,mer,flexibelt,förhållningssätt,till,matlagning,,,bättre,överblick,över,kyl,och,skafferi,,,samt,en,vardag,där,rester,har,en,självklar,plats,.,Ett,centralt,resultat,är,att,miljöanpassade,handlingar,inte,enbart,beror,på,motivation,,,utan,formas,av,hinder,och,förutsättningar,i,hushållets,omgivning,.,Tidsbrist,,,ojämna,arbetstider,,,familjens,olika,preferenser,och,begränsat,utrymme,i,kyl,och,frys,gör,det,svårare,att,agera,som,man,tänkt,.,Det,som,upplevs,som,”,små,”,detaljer,får,stor,effekt,:,förpackningsstorlekar,,,hur,butiker,skyltar,,,hur,hemmet,är,organiserat,och,vilken,kompetens,man,har,kring,förvaring,och,matlagning,på,rester,.,När,förutsättningarna,finns,blir,det,enklare,att,göra,rätt,utan,att,behöva,anstränga,sig,varje,gång,.,Genom,att,hålla,ihop,miljö-,och,individnivå,visar,uppsatsen,hur,matsvinn,blir,en,fråga,om,både,ansvar,och,möjligheter,.,Den,pekar,mot,att,minskat,svinn,kräver,mer,än,informationskampanjer,;,förändring,behöver,också,stöd,i,form,av,praktiska,lösningar,och,socialt,acceptabla,vanor,.,Där,någonstans,ligger,skillnaden,mellan,när,mat,blir,sopor,och,när,den,inte,blir,det,."
"Bakgrund,Den,blivande,mammans,matvanor,under,graviditeten,är,viktiga,eftersom,hon,har,ett,ökat,näringsbehov,och,försörjer,en,annan,individ,.,En,del,av,grunden,för,barnets,framtida,hälsa,och,matvanor,ges,redan,i,mammans,mage,.,Trots,det,har,studier,visat,att,mammans,matintag,är,otillräckligt,jämfört,med,rekommendationerna,samt,att,intaget,av,godis,och,fikabröd,ofta,ökar,under,graviditeten,.,Syftet,med,studien,var,att,utforska,inställningen,till,hälsosam,och,ohälsosam,mat,;,samt,hur,denna,inställning,upplevdes,påverka,matintaget,;,hos,nyblivna,förstagångsmammor,under,graviditeten,.,Åtta,intervjuer,genomfördes,med,nyblivna,förstagångsmammor,.,Intervjuerna,genomfördes,med,en,semistrukturerad,intervjuguide,och,spelades,in,med,hjälp,av,en,inspelningsapp,.,Data,som,samlades,in,transkriberades,och,analyserades,sedan,med,kvalitativ,innehållsanalys,.,Deltagarna,berättade,att,de,ändrade,inställningen,till,sina,matvanor,då,de,blev,gravida,.,Det,blev,allt,viktigare,att,äta,en,varierad,kost,innehållande,mycket,grönsaker,och,frukt,(,hälsosam,mat,),;,och,intaget,av,snabbmat,och,produkter,innehållande,mycket,socker,minskade,(,ohälsosam,mat,),.,Denna,inställning,följdes,inte,under,hela,graviditeten,;,och,intaget,av,snabbmat,och,sockerrika,livsmedel,ökade,under,den,senare,delen,.,Kostråden,från,vårdpersonal,upplevdes,som,bristfälliga,på,grund,av,att,de,gavs,för,få,råd,;,och,att,mycket,information,själv,fick,hämtas,från,framförallt,Livsmedelsverket,.,Deltagarna,följde,inte,sin,initiala,inställning,till,upplevd,hälsosam,och,ohälsosam,mat,under,hela,graviditeten,.,Deltagarna,efterfrågade,även,mer,information,om,mat,under,graviditet,från,vårdpersonal,.,Mer,stöd,och,information,från,vården,kan,ge,den,gravida,kvinnan,bättre,förutsättningar,till,att,hålla,en,hälsosam,kost,under,hela,graviditeten,.","Studien,”,Jag,ville,ge,mitt,barn,de,bästa,förutsättningarna,”,undersöker,hur,nyblivna,förstagångsmammor,tänkte,kring,sina,matvanor,under,graviditeten,.,Med,utgångspunkt,i,kvalitativa,intervjuer,fångar,arbetet,hur,mat,inte,bara,blir,en,fråga,om,näring,,,utan,också,om,ansvar,,,kontroll,och,omsorg,.,Många,deltagare,beskriver,en,stark,vilja,att,”,göra,rätt,”,för,barnets,skull,.,Den,viljan,kunde,ge,riktning,och,trygghet,,,men,skapade,också,press,när,råden,upplevdes,som,många,,,detaljerade,eller,svåra,att,få,ihop,med,vardagen,.,Berättelserna,visar,hur,gravida,förstföderskor,navigerade,mellan,egna,vanor,och,nya,krav,.,Vissa,ändrade,kosten,tydligt,,,andra,försökte,snarare,justera,små,saker,som,mängder,,,mellanmål,eller,vad,man,valde,bort,.,Att,avstå,från,vissa,livsmedel,framställs,ofta,som,en,konkret,handling,som,gav,känslan,av,att,minska,risk,.,Samtidigt,uppstår,ett,slags,gråzoner,där,oro,och,osäkerhet,tar,plats,:,Vad,gäller,egentligen,?,Hur,strikt,måste,man,vara,?,När,blir,”,hälsosamt,”,för,snävt,?,I,intervjuerna,framkommer,också,att,information,hämtades,från,flera,håll,–,vården,,,nätet,,,sociala,medier,och,omgivningen,–,och,att,dessa,källor,ibland,krockade,.,Det,kunde,leda,till,att,kvinnorna,gjorde,egna,tolkningar,,,satte,personliga,regler,och,jämförde,sig,med,andra,.,Matvanorna,påverkades,inte,bara,av,kunskap,och,motivation,utan,också,av,kroppen,.,Illamående,,,smakförändringar,,,trötthet,och,cravings,styrde,ofta,mer,än,planering,och,ideal,.,Det,fanns,en,vilja,att,äta,”,rätt,”,,,men,också,en,realistisk,syn,på,att,vissa,dagar,handlade,om,att,få,i,sig,något,alls,.,Sociala,situationer,och,relationer,spelar,också,roll,.,Partner,,,familj,och,vänner,kunde,vara,stödjande,,,men,också,förstärka,känslan,av,att,bli,granskad,,,särskilt,när,graviditet,gör,matval,synliga,och,kommenterbara,.,Ur,ett,dietistperspektiv,pekar,studien,på,hur,matråd,under,graviditet,inte,bara,tas,emot,som,neutral,fakta,.,Råden,filtreras,genom,oro,,,ansvarskänsla,och,vardagsförutsättningar,.,Mammornas,erfarenheter,ger,en,bild,av,att,stöd,behöver,vara,konkret,,,begripligt,och,anpassat,,,men,också,avlastande,:,mindre,skuld,,,mer,handlingsutrymme,.,Målet,om,”,de,bästa,förutsättningarna,”,framträder,som,både,drivkraft,och,börda,,,och,det,är,i,spänningsfältet,däremellan,som,många,av,deltagarnas,matrelaterade,beslut,formas,."
"Forskning,har,visat,att,hur,länge,barn,ammats,;,har,betydelse,för,deras,hälsa,senare,i,livet,.,Även,barnens,sociala,miljö,har,visat,sig,ha,effekt,på,hälsan,och,barnens,matvanor,.,Salut,är,en,satsning,av,Västerbottens,läns,landsting,med,målet,att,förbättra,länsbornas,hälsa,fram,till,2030,.,Syftet,med,studien,var,att,undersöka,treåringars,matvanor,;,Body,Mass,Index,(,BMI,),och,fysiska,aktivitet,i,relation,till,amningsduration,och,familjekonstellation,.,
,2015,Bachelor's,Thesis,,,Granvirkes,permeabilitet,beroende,av,dess,fysikaliska,utformning,och,applicerat,färgsystem,,,Agricultural,and,Veterinary,Sciences,,,Densitetsmätningar,och,permeabilitetstest,enligt,EN,927-5,har,utförts,för,att,studera,huruvida,granvirkes,fysikaliska,egenskaper,i,kombination,med,applicerat,färgsystem,påverkar,permeabiliteten,.,De,egenskaper,som,studerats,är,frod-,och,senvuxenhet,;,splint-,och,kärnved,samt,densitet,.,Aktuella,färgsystem,som,studerats,är,alkyd,;,akrylat,och,linolja,;,vilka,jämförts,med,omålad,referens,.,Studien,påvisar,inget,samband,mellan,virkets,densitet,och,permeabilitet,;,bestruket,eller,ej,.,Det,som,istället,tycks,påverka,vattenabsorptionen,är,närvaro,av,splint-/kärnved,samt,frod-/senvuxenhet,.,Senvuxen,kärnved,var,den,bestrukna,vedtyp,som,absorberade,mest,vatten,gällande,samtliga,färgsystem,.,Vedtyp,som,hade,lägst,vattenabsorption,varierade,dock,.,Linolja,var,generellt,det,färgsystem,som,gav,lägst,permeabilitet,;,främst,på,frodvuxen,kärnved,.,Denna,kombination,hade,lägst,absorption,genom,hela,försöket.,,Gran,;,Picea,abies,;,alkyd,;,akrylat,;,linolja,;,absorption,;,densitet,;,EN,927-5,;,frodvuxen,;,senvuxen,;,kärnved,;,splintved,;,vårved,;,sommarved,,https://www.diva-portal.org,/,smash,/,get,/,diva2:823891,/,FULLTEXT01.pdf,,,
,2012,Bachelor's,Thesis,,,Nutidens,ventilationssystem,i,lantbrukets,lösdriftstallar,:,En,undersökning,av,sex,stycken,ventilationssystem,,,Agricultural,and,Veterinary,Sciences,,,Den,traditionella,båsladugården,har,idag,utvecklats,till,lösdriftstallar,där,korna,har,fri,tillgång,till,foder,och,liggplatser,.,Korna,mjölkas,i,antingen,mjölkgrop,;,karusell,eller,av,en,robot,.,För,att,uppnå,bra,termisk,komfort,i,lösdriftsstallen,så,använder,man,sig,av,naturlig,eller,mekanisk,ventilation,.,I,detta,arbete,så,undersöks,några,olika,ventilationssystem,som,använder,sig,av,naturlig,ventilation,på,fem,utvalda,kostall,för,att,se,hur,de,fungerar,i,praktiken,.,Detta,görs,med,fukt-,och,temperaturmätare,och,med,rökpatroner,för,att,se,hur,luften,rör,sig,i,stallet,.,Resultatet,analyseras,för,att,se,om,det,är,något,ventilationssystem,som,sticker,ut,jämför,med,de,andra,.,Beskrivning,kring,hur,man,skulle,kunna,gå,tillväga,vid,en,vidare,utveckling,av,detta,arbete,diskuteras,., ,,,,,lösdriftstall,;,naturlig,ventilation,;,kostall,;,ventilationssystem,,https://www.diva-portal.org,/,smash,/,get,/,diva2:537499,/,FULLTEXT01.pdf,,,
,2014,Bachelor's,Thesis,,,Jag,är,väl,ingen,sexuell,?,-,En,textanalys,om,barns,sexualitet,inom,förskolans,arena,,,Social,Sciences,,,Denna,uppsats,behandlar,barns,sexualitet,inom,förskolans,arena,.,Syftet,är,att,problematisera,förskolebarns,sexualitet,och,analysera,förskollärares,förutsättningar,att,arbeta,med,detta,utifrån,valda,dokument,samt,hur,detta,kan,påverka,barns,utveckling,.,Metoden,som,används,för,att,besvara,forskningsfrågorna,är,en,kvalitativ,innehållsanalys,.,Därtill,används,både,förskolans,och,grundskolans,läroplan,för,att,urskilja,hur,ämnet,sex-,och,samlevnad,behandlas,inom,utbildningsväsendet,.,Även,Malmö,högskolas,utbildningsplan,tillämpas,för,att,synliggöra,förskollärares,utbildning,angående,barns,sexualitet,och,ett,dokument,som,beskriver,kommitténs,uppdrag,samt,förslag,till,ett,måldokument,gällande,de,pedagogiska,verksamheterna,.,De,teoretiska,utgångspunkterna,handlar,om,sexualitet,utifrån,Foucault,tankar,;,därtill,används,Donzelots,tankar,om,norm,och,moral,och,tillsist,behandlas,begreppet,normalisering,.,Resultatet,visar,på,att,trots,att,förskolans,verksamhet,ska,utgå,från,forskning,och,beprövad,erfarenhet,så,erbjuds,inte,förskollärare,utbildning,inom,ämnet,sex-,och,samlevnad,.,Jag,för,en,diskussion,kring,de,eventuella,orsaker,som,ligger,till,grund,för,osynliggörandet,av,ämnet,inom,förskolans,arena,.,Ämnet,sex-,och,samlevnad,tolkas,även,in,i,förskolan,utan,att,för,den,delen,förändra,förskolans,läroplan,samt,hur,det,kan,gagna,barns,utveckling,.,Denna,förmån,handlar,om,att,främja,barns,sexuella,hälsa,för,att,erbjuda,barn,en,positiv,självuppfattning,;,kunskap,om,den,egna,integriteten,och,sociala,koder,samt,förståelse,för,sina,egna,sexuella,känslor,.,Pedagoger,får,möjlighet,att,förhindra,en,begränsande,könstillhörighet,samt,skapa,en,tolerant,miljö,inom,förskolan,.,Då,pedagoger,inom,förskola,arbetar,med,ämnet,sex-och,samlevnad,skulle,det,förekomma,en,mindre,risk,att,barnen,själva,får,hantera,sina,sexuella,känslor.,,Barns,sexualitet,;,Förskola,;,Textanalys,,https://www.diva-portal.org,/,smash,/,get,/,diva2:1496141,/,FULLTEXT01.pdf,,,
,2017,Bachelor's,Thesis,,,Pojkar,som,skriver,:,En,kvalitativ,studie,om,vad,som,utmärker,mer,avancerade,skrivare,,,Social,Sciences,,,Syftet,med,denna,studie,är,att,öka,kunskapen,om,vad,som,utmärker,mer,avancerade,manliga,skrivare,på,mellanstadiet,.,Genom,en,enkätundersökning,av,pojkars,attityder,till,skrivande,samt,observationer,av,pojkars,skrivpraktiker,före,och,under,ett,längre,skrivprojekt,studerades,aspekter,som,utmärker,dessa,skrivare,gentemot,övriga,elever,.,Studien,fann,att,de,mer,avancerade,manliga,skrivarna,kommer,från,högutbildade,familjer,samt,att,de,avancerade,skrivarnas,positiva,attityder,till,skrivandet,var,väl,förankrade,i,hemmet,.,Studien,fann,också,att,dessa,pojkar,i,högre,uträckning,anstränger,sig,för,sin,egen,;,lärarens,och,sina,vårdnadshavares,skull,än,deras,klasskamrater,.,Slutsatsen,är,att,vårdnadshavares,värderingar,samt,att,läraren,har,höga,förväntningar,på,pojkarna,avspeglar,sig,i,en,vilja,att,anstränga,sig,för,att,lära,–,vilket,i,studien,visade,sig,vara,nyckeln,till,att,bli,en,mer,avancerad,skrivare,,Mellanstadiet,;,attityder,;,skrivpraktiker,;,avancerade,skrivare,,https://www.diva-portal.org,/,smash,/,get,/,diva2:1114163,/,FULLTEXT01.pdf,,,
,2011,Bachelor's,Thesis,”Och,så,händer,det,något,som,förändrar,ens,liv,”,:,En,antologi,om,omställningar,i,livet,,,Social,Sciences,,,Ur,ett,symbolisk,interaktionistiskt,perspektiv,är,människan,en,social,varelse,som,lever,i,ett,samhälle,som,är,under,ständigt,skapande,.,I,det,samhälle,där,individen,genom,interaktion,både,formas,och,skapas,är,samhälle,och,individ,tätt,förenade,vilket,är,den,utgångspunkt,vi,genomgående,valt,att,förhålla,oss,till,i,denna,antologi,.,Antologin,belyser,omställningar,i,livet,genom,fyra,olika,bidrag,.,Agnesa,Abrashis,bidrag,heter,”,Ett,nytt,skede,i,livet,–,en,studie,om,identitet,och,moderskap,”,och,behandlar,hur,mammor,ser,på,sitt,identitetsskapande,.,Annika,Sternlund,tar,upp,adopterades,syn,på,sitt,identitetsskapande,och,sina,livsvillkor,i,bidraget,”,Rötterna,är,där,hjärtat,rotar,sig,”,.,Amanda,Sundberg,belyser,i,sitt,bidrag,”,Som,barn,var,man,ju,förväntansfull,–,en,studie,om,individer,som,immigrerat,vid,unga,år,”,fem,immigranters,brott,i,livet,i,och,med,flytten,till,ett,nytt,land,.,Helenas,Valentinsons,bidrag,"","",Man,känner,ju,i,benen,och,det,att,man,inte,är,17,år,längre,"","",handlar,om,de,förändringar,som,sker,när,en,individ,blir,pensionär,.,Gemensamt,för,antologin,är,även,att,vi,relaterar,identitetsskapandet,i,förhållande,till,tillhörighet,och,utanförskap,.,Slutsatsen,för,denna,studie,är,att,individens,livsvillkor,påverkas,av,faser,i,livet,vilket,inverkar,på,identitetsskapandet,.,På,så,sätt,ses,identiteten,som,något,föränderligt,.,""","Uppsatsen,tar,sin,utgångspunkt,i,hur,treåringars,matvanor,och,fysiska,aktivitet,hänger,ihop,med,BMI,i,Västerbotten,,,och,prövar,om,sambanden,ser,olika,ut,beroende,på,amningsduration,och,familjekonstellation,.,Materialet,kretsar,kring,vardagsmönster,:,vad,barnet,faktiskt,äter,,,hur,ofta,det,rör,sig,,,och,vilka,ramar,som,omger,familjens,rutiner,.,Här,blir,hemmet,mer,än,en,plats,där,mat,serveras,.,Det,är,också,en,social,miljö,där,normer,om,“,lagom,”,,,hälsa,och,omsorg,formas,och,omsätts,i,praktiken,.,I,analysen,framträder,amningen,som,en,faktor,som,inte,bara,kan,förstås,biologiskt,utan,även,socialt,.,Amningslängd,kopplas,till,föräldrars,möjligheter,och,villkor,,,till,stressnivåer,och,till,hur,stöd,från,omgivningen,ser,ut,.,Familjekonstellationen,fungerar,på,liknande,sätt,:,ensamstående,,,sammanboende,,,ombildade,familjer,eller,andra,arrangemang,kan,ge,olika,förutsättningar,för,planering,av,måltider,,,gemensam,mat,och,tid,för,lek,och,rörelse,.,Små,skillnader,i,vardagslogistik,kan,sätta,spår,i,barns,aktivitetsnivå,och,i,hur,regelbundet,måltider,äts,.,Samtidigt,rör,sig,uppsatsen,i,en,bredare,tolkningsram,där,identitet,,,tillhörighet,och,utanförskap,får,bära,en,del,av,förklaringen,till,varför,hälsobeteenden,blir,som,de,blir,.,Moderskap,skildras,som,en,roll,som,ofta,laddas,med,krav,och,granskning,,,vilket,kan,påverka,hur,föräldrar,talar,om,och,väljer,mat,,,och,hur,de,hanterar,ideal,om,“,rätt,”,aktiviteter,.,Omställning,och,förändring,blir,särskilt,tydliga,i,familjer,som,har,erfarenheter,av,migration,eller,adoption,,,där,språk,,,mattraditioner,och,sociala,nätverk,kan,se,annorlunda,ut,än,majoritetens,.,I,sådana,situationer,kan,maten,både,vara,något,som,skapar,trygghet,och,något,som,gör,att,man,sticker,ut,.,Vardagens,val,blir,ibland,en,förhandling,mellan,att,passa,in,och,att,hålla,fast,vid,det,som,känns,igen,.,Perspektivet,breddas,också,genom,att,inkludera,andra,livspositioner,som,påverkar,familjers,villkor,:,pensionärer,som,mor-,och,farföräldrar,med,omsorgsroll,,,emigranter,och,immigranter,med,skilda,erfarenheter,av,samhällskontakt,och,stöd,,,samt,adopterade,vars,tillhörighet,inte,alltid,tas,för,given,.,Poängen,är,inte,att,göra,dessa,grupper,till,förklaringar,i,sig,,,utan,att,visa,hur,sociala,sammanhang,kan,skapa,olika,handlingsutrymmen,.,Det,är,där,kost,,,rörelse,och,BMI,börjar,få,sin,mening,.,Resultatet,landar,i,en,bild,av,tidig,hälsa,som,något,relationellt,.,Treåringars,BMI,i,Västerbotten,förstås,inte,enbart,som,en,följd,av,energi,in,och,energi,ut,,,utan,som,ett,uttryck,för,hur,familjeliv,organiseras,,,vilka,normer,som,upplevs,som,möjliga,att,leva,upp,till,och,vilket,stöd,som,finns,när,vardagen,skaver,.,Uppsatsen,placerar,därmed,barns,matvanor,och,fysiska,aktivitet,i,skärningspunkten,mellan,det,kroppsliga,och,det,sociala,,,där,förändring,,,tillhörighet,och,identitet,hela,tiden,är,närvarande,,,ibland,tydligt,,,ibland,som,en,låg,bakgrundston,."
"Studien,belyser,uttagningsprocessen,och,mottagandet,av,kvotflyktingar,ur,de,arbetandes,perspektiv,samt,studerar,samverkan,mellan,olika,aktörer,som,arbetar,med,frågan,.,Studien,är,uppdelad,i,fyra,delar,där,första,delen,tar,upp,processen,och,samverkan,mellan,aktörer,.,Andra,delen,belyser,problematik,och,konsekvenser,kring,samverkan,samt,olika,aktörers,synsätt,.,Granskning,av,likheter,och,skillnader,mellan,kvotflyktingar,och,andra,flyktinggrupper,belyses,i,tredje,delen,och,sista,delen,tar,upp,hur,lagstiftning,och,kriterier,inverkar,i,processen,.","Studien,behandlar,kvotflyktingars,mottagande,i,Sverige,med,fokus,på,hur,arbete,organiseras,och,hur,samverkan,fungerar,mellan,de,aktörer,som,ansvarar,för,etablering,och,integration,.,Utgångspunkten,är,att,kvotflyktingar,ofta,anländer,genom,ett,planerat,system,,,men,att,planeringen,i,praktiken,möter,vardagsnära,hinder,:,skiftande,förkunskaper,,,olika,hälsolägen,och,varierande,erfarenheter,av,skola,,,arbete,och,myndighetskontakt,.,Sådant,får,konsekvenser,för,både,hur,insatser,utformas,och,hur,snabbt,de,får,fäste,.,Den,kvalitativa,ansatsen,riktas,mot,professionellas,och,organisatoriska,perspektiv,på,mottagandet,.,Särskilt,intresse,ägnas,åt,hur,bedömningar,av,individers,förutsättningar,görs,,,och,hur,dessa,bedömningar,påverkar,vägen,in,i,etableringsinsatser,,,språkundervisning,och,arbetsmarknadsrelaterade,aktiviteter,.,Ett,återkommande,tema,är,att,förkunskaper,inte,enbart,handlar,om,formell,utbildning,,,utan,också,om,språklig,och,kulturell,orientering,,,kännedom,om,samhällssystem,och,tidigare,arbetslivserfarenhet,.,När,den,kartläggningen,blir,grov,eller,fragmentarisk,riskerar,insatserna,att,hamna,fel,.,Det,kan,leda,till,passivisering,,,onödiga,omvägar,eller,en,känsla,av,att,inte,bli,förstådd,.,Maslows,behovshierarki,används,som,ett,sätt,att,synliggöra,hur,grundläggande,behov,sätter,ramarna,för,etableringsprocessen,.,Boendets,stabilitet,,,ekonomi,,,hälsa,och,trygghet,blir,inte,sidospår,utan,förutsättningar,för,att,kunna,ta,till,sig,språkträning,,,utbildning,eller,arbetslivsinriktade,insatser,.,När,dessa,behov,är,otillfredsställda,tar,de,plats,i,varje,möte,och,i,varje,plan,.,I,praktiken,innebär,det,att,mottagningsarbetet,ofta,rör,sig,mellan,akuta,frågor,och,långsiktiga,mål,,,ibland,inom,samma,arbetsdag,.,KASAM,fungerar,som,ett,tolkningsredskap,för,att,förstå,varför,vissa,insatser,upplevs,som,meningsfulla,och,andra,inte,.,Begriplighet,handlar,om,att,information,ges,på,ett,sätt,som,går,att,ta,in,och,att,rollerna,mellan,myndigheter,inte,flyter,ihop,.,Hanterbarhet,knyts,till,att,stödet,är,samordnat,och,att,det,finns,rimliga,verktyg,runt,individen,:,tolk,,,fungerande,kommunikation,,,tydliga,planer,och,ett,nätverk,som,bär,när,det,blir,rörigt,.,Meningsfullhet,återkommer,i,berättelser,om,arbete,,,praktik,och,sociala,sammanhang,där,kvotflyktingen,blir,mer,än,en,“,mottagen,person,”,och,får,en,position,som,räknas,.,Samverkan,framträder,som,både,nödvändig,och,skör,.,Den,tar,tid,,,den,kräver,personliga,kontaktytor,och,den,är,ofta,beroende,av,enskilda,eldsjälar,snarare,än,stabila,rutiner,.,När,samverkan,fungerar,skapas,en,röd,tråd,mellan,bosättning,,,socialt,stöd,,,språkinsatser,och,arbetsmarknadsåtgärder,.,När,den,brister,uppstår,glapp,:,dubbelarbete,,,utebliven,information,,,parallella,planer,som,drar,åt,olika,håll,.,Konsekvensen,hamnar,ofta,hos,individen,,,som,förväntas,förstå,ett,system,som,inte,alltid,framstår,som,begripligt,ens,för,dem,som,arbetar,i,det,.,Helhetsbilden,är,ett,mottagande,där,ambitionen,om,snabb,etablering,ständigt,behöver,balanseras,mot,det,faktum,att,kvotflyktingars,startpunkter,ser,olika,ut,.,Studien,pekar,på,ett,behov,av,mer,träffsäkra,kartläggningar,av,förkunskaper,,,tydligare,ansvarsfördelning,och,samordning,som,inte,vilar,på,tillfälligheter,.,Inte,för,att,“,effektivisera,”,i,abstrakt,mening,,,utan,för,att,minska,ryckighet,och,skapa,förutsättningar,för,trygghet,,,riktning,och,deltagande,i,det,svenska,samhället,."
"Då,Moderaterna,;,tillsammans,med,de,övriga,Allianspartierna,;,vann,riksdagsvalet,2006,blev,det,också,klart,att,en,ny,arbetsmarknadspolitik,skulle,komma,att,drivas,i,Sverige,.,Ändringar,i,bland,annat,arbetslöshetsförsäkringen,har,genomförts,för,att,öka,incitamenten,för,arbetssökande,att,acceptera,ett,jobberbjudande,.,Arbetslöshetsersättningen,ska,inte,längre,vara,ett,sätt,att,försörja,sig,på,utan,det,ska,löna,sig,att,arbeta,.,Men,vad,betyder,ändringarna,i,arbetslöshetsförsäkringen,för,de,individer,som,drabbas,av,dem,?,Och,hur,konstrueras,bilden,av,dessa,individer,i,det,empiriska,materialet,?,Syftet,med,studien,är,således,att,undersöka,hur,Moderaterna,konstruerar,bilder,av,grupper,som,befinner,sig,utanför,arbetsmarknaden,;,till,exempel,arbetslösa,och,förtidspensionärer,.,Syftet,är,också,att,analysera,vilka,lösningar,Moderaterna,presenterar,på,denna,problematik,samt,vilka,konsekvenser,dessa,åtgärder,får,för,individer,som,står,utanför,arbetsmarknaden,.","Uppsatsen,tar,sin,utgångspunkt,i,idén,om,”,en,ny,arbetsmarknadspolitik,”,och,undersöker,hur,arbetslöshet,och,arbetslinje,formas,i,skärningspunkten,mellan,ekonomisk,teori,och,politiskt,språkbruk,.,Fokus,ligger,på,arbetsmarknadspolitikens,klassiska,instrument,–,arbetslöshetskassan,och,arbetslöshetsförsäkringen,–,och,på,hur,dessa,kopplas,till,föreställningar,om,vilka,de,arbetslösa,är,,,vilka,drivkrafter,de,antas,ha,och,vilket,ansvar,som,läggs,på,individ,respektive,stat,.,I,materialet,framträder,en,tydlig,ambition,att,omdefiniera,trygghet,:,från,ett,skydd,mot,inkomstbortfall,till,ett,system,som,ska,påverka,beteenden,,,förstärka,incitament,och,påskynda,återgången,till,arbete,.,Det,gör,inte,bara,policyfrågan,teknisk,,,utan,också,moralisk,.,Analysen,kombinerar,diskursteori,med,nationalekonomiska,perspektiv,som,humankapitalteori,,,sökteori,och,resonemang,om,jämviktsarbetslöshet,.,Humankapital,används,som,en,referensram,för,att,motivera,insatser,som,höjer,anställningsbarheten,och,flyttar,tonvikten,från,konjunkturella,problem,till,individens,kompetens,och,”,investeringsvilja,”,.,Sökteorin,blir,ett,stöd,för,att,förstå,argument,om,ersättningsnivåers,effekter,på,sökbeteende,och,matchning,,,där,arbetslöshetsförsäkringen,beskrivs,som,en,faktor,som,kan,förlänga,arbetslöshet,om,den,utformas,fel,.,Begreppet,jämviktsarbetslöshet,fungerar,samtidigt,som,ett,tak,för,vad,politiken,kan,uppnå,:,arbetslöshet,framstår,inte,bara,som,ett,symptom,utan,som,ett,mer,eller,mindre,normaltillstånd,,,vilket,skiftar,frågan,från,full,sysselsättning,till,hur,hög,arbetslösheten,”,bör,”,vara,givet,incitament,,,regleringar,och,lönebildning,.,Moderaterna,spelar,en,central,roll,i,studien,som,bärare,av,den,diskursiva,förskjutningen,.,I,deras,problemformulering,framställs,arbetslöshet,ofta,som,en,konsekvens,av,bristande,drivkrafter,,,svag,matchning,och,för,generösa,eller,felkalibrerade,trygghetssystem,.,Arbetslöshetskassan,och,arbetslöshetsförsäkringen,blir,därmed,arenor,för,att,omförhandla,gränsen,mellan,rättighet,och,motprestation,.,Samtidigt,synliggörs,hur,vissa,grupper,hamnar,i,ett,särskilt,ljus,.,Arbetslösa,beskrivs,inte,enbart,som,personer,utan,arbete,,,utan,som,kategorier,som,kan,aktiveras,,,kontrolleras,eller,sorteras,.,Förtidspensionärer,figurerar,som,ett,närliggande,policyproblem,:,som,en,grupp,som,delvis,kan,förstås,som,ett,resultat,av,arbetsmarknadens,funktionssätt,och,politikens,sätt,att,hantera,arbetskraft,som,inte,passar,in,i,rådande,krav,,,snarare,än,som,enbart,medicinska,fall,.,Uppsatsen,visar,hur,den,”,nya,”,politiken,inte,bara,innebär,förändrade,åtgärder,utan,en,förändrad,berättelse,om,arbetslöshet,.,Den,ekonomiska,teorin,bidrar,med,begrepp,som,gör,vissa,lösningar,självklara,och,andra,svårare,att,formulera,,,medan,diskursperspektivet,blottlägger,hur,dessa,begrepp,får,politisk,kraft,när,de,knyts,till,ansvar,,,arbetsmoral,och,föreställningar,om,normalitet,på,arbetsmarknaden,.,Resultatet,är,en,politik,där,trygghetssystemens,legitimitet,i,högre,grad,binds,till,deras,förmåga,att,styra,mot,arbete,,,och,där,arbetslöshet,förstås,mindre,som,ett,kollektivt,misslyckande,och,mer,som,ett,fenomen,som,ska,hanteras,genom,incitament,,,aktivering,och,omställning,."
"I,akademisk,litteratur,om,public,relations,och,strategisk,kommunikation,talas,det,om,ett,paradigmskifte,.,Istället,för,att,se,kommunikation,som,information,som,skickas,från,en,aktiv,sändare,till,en,passiv,mottagare,;,börjar,man,se,kommunikation,som,något,som,skapas,i,en,dialog,mellan,två,aktiva,aktörer,.,Man,rör,sig,från,en,strategisk,syn,på,publiken,som,en,påverkbar,målgrupp,till,en,dialogisk,syn,på,publiken,som,aktiva,deltagare,.,Har,detta,paradigmskifte,även,ägt,rum,i,praktiken,?,Hur,ser,man,på,kommunikation,inom,svenska,offentliga,organisationer,idag,?,Finns,det,några,likheter,och,skillnader,i,synsätt,;,och,vad,kan,dessa,tänkas,bero,på,?,Materialet,utgörs,av,elva,svenska,offentliga,organisationers,kommunikationspolicys,.,Teorin,utgörs,av,två,svenska,forskningsantologier,om,public,relations,respektive,strategisk,kommunikation,;,samt,ett,urval,kritiskt,problematiserande,artiklar,i,ämnet,.,Efter,en,genomgång,av,den,teoretiska,litteraturen,har,de,samtida,forskningsperspektiven,sammanfattats,.,Utifrån,dessa,har,en,idéanalysmall,;,en,typologi,;,konstruerats,med,utgångspunkt,i,två,idealtyper,.,Det,förekom,tydliga,samband,mellan,de,olika,synsätten,och,hart,när,alla,organisationer,gick,att,placera,i,endera,av,de,två,idealtyperna,.,Samtliga,forskningsperspektiv,utom,ett,gick,att,hitta,i,materialet,.,Skillnaderna,i,synsätt,gick,att,koppla,till,de,olika,organisationernas,uppdrag,och,utformning,.,Organisationer,med,nya,synsätt,är,överlag,sådana,som,har,tydliga,behov,av,att,effektivt,kommunicera,med,omvärlden,;,medan,de,övriga,organisationerna,huvudsakligen,har,en,informationsspridande,funktion,.","Uppsatsen,tar,sin,utgångspunkt,i,kommunikationspolicyn,som,styrdokument,och,praktiskt,verktyg,i,svenska,offentliga,organisationer,.,Genom,att,läsa,och,jämföra,policydokument,från,myndigheter,och,andra,offentliga,aktörer,undersöks,hur,organisationerna,själva,beskriver,kommunikationens,syfte,,,ansvar,och,prioriteringar,,,och,hur,detta,förhåller,sig,till,samtida,forskning,om,strategisk,kommunikation,,,public,relations,och,organisationskommunikation,.,Fokus,ligger,inte,på,enskilda,kampanjer,eller,kanaler,,,utan,på,de,ideal,och,antaganden,som,byggs,in,i,policyn,och,som,därmed,riskerar,att,bli,“,sunt,förnuft,”,i,vardagsarbetet,.,Studien,visar,att,kommunikationspolicyer,ofta,rör,sig,i,spänningsfältet,mellan,offentlighetens,krav,och,strategiska,ambitioner,.,Policydokumenten,betonar,vanligtvis,service,,,tillgänglighet,och,saklighet,,,men,de,rymmer,också,formuleringar,som,pekar,mot,varumärkeslogik,,,samordning,av,budskap,och,en,vilja,att,“,styra,”,bilden,av,organisationen,.,Den,dubbla,rollen,blir,tydlig,:,å,ena,sidan,en,myndighet,som,ska,informera,och,möjliggöra,insyn,,,å,andra,sidan,en,organisation,som,vill,uppfattas,som,relevant,,,trovärdig,och,effektiv,.,Det,är,inte,alltid,en,konflikt,,,men,policyspråket,avslöjar,att,gränsen,kan,vara,svår,att,dra,när,kommunikation,beskrivs,som,både,demokratisk,funktion,och,strategiskt,medel,.,Begrepp,som,publiker,och,målgrupper,används,ofta,som,om,de,vore,självklara,kategorier,,,men,i,policydokumenten,framstår,de,sällan,som,något,som,verkligen,problematiseras,.,Målgrupper,listas,och,segmenteras,,,ibland,med,stor,precision,,,samtidigt,som,medborgaren,också,beskrivs,som,en,generell,“,allmänhet,”,.,Det,skapar,en,viss,friktion,:,policyn,vill,både,rikta,budskap,och,tala,till,alla,.,Dialog,lyfts,fram,som,ideal,,,särskilt,i,relation,till,digitala,kanaler,,,men,den,praktiska,innebörden,blir,ofta,otydlig,.,Dialogen,framställs,gärna,som,något,önskvärt,,,men,ramarna,sätts,av,organisationen,:,när,dialog,ska,ske,,,i,vilka,frågor,och,på,vilka,villkor,.,Policyn,blir,därmed,också,ett,dokument,om,kontroll,,,inte,bara,om,öppenhet,.,I,relation,till,public,relations,och,strategisk,kommunikation,synliggör,studien,hur,offentlig,sektor,lånar,språk,och,arbetsformer,från,andra,organisationsmiljöer,,,men,anpassar,dem,till,myndighetsrollen,.,Det,märks,i,betoningen,på,enhetlighet,,,ansvarsfördelning,och,interna,rutiner,:,vem,får,uttala,sig,,,hur,samordnas,budskap,,,hur,hanteras,medierelationer,.,Sådant,är,inte,i,sig,problematiskt,,,men,det,påverkar,vilka,publiker,som,får,utrymme,och,vilka,relationer,som,prioriteras,.,När,policyn,huvudsakligen,definierar,kommunikation,som,sändning,och,samordning,riskerar,dialog,att,bli,en,rubrik,snarare,än,en,praktik,.,Sammantaget,tecknar,uppsatsen,en,bild,av,kommunikationspolicyn,som,en,plats,där,offentliga,organisationer,försöker,förena,demokratiska,principer,med,strategiska,krav,på,effektivitet,och,förtroende,.,Policydokumenten,framstår,som,välmenande,och,ofta,ambitiösa,,,men,de,präglas,också,av,standardiserade,formuleringar,och,ett,språk,som,ibland,döljer,de,svåra,avvägningarna,.,Genom,att,läsa,policyn,som,mer,än,en,manual,–,som,en,text,som,formar,synen,på,publiker,,,målgrupper,och,relationer,–,blir,det,möjligt,att,se,hur,offentlig,kommunikation,både,öppnar,och,begränsar,utrymmet,för,verklig,ömsesidighet,mellan,myndighet,och,omvärld,."
"Syftet,med,föreliggande,studie,var,att,vinna,kunskap,om,och,ge,en,bild,av,hur,sex,pedagoger,inom,förskolan,upplever,att,det,är,att,arbeta,integrerat,med,asylbarn,i,den,allmänna,förskolan,och,att,ge,en,bild,av,vad,pedagogerna,berättar,om,hur,detta,arbete,organiseras,.,  ,För,att,få,svar,på,studiens,frågor,har,en,kvalitativ,forskningsintervju,använts,.,Två,forskningsfrågor,skapades,från,vilka,intervjufrågorna,huvudsakligen,formades,.,Forskningsfrågorna,var,:,Vilka,förutsättningar,för,arbetet,med,asylbarn,ger,pedagogerna,uttryck,för,och,på,vilket,sätt,organiseras,den,allmänna,förskolan,för,asylbarn,.,Som,analysredskap,i,studien,har,den,sociokulturella,och,den,interkulturella,teorin,använts,.,Studiens,resultat,visar,att,integreringen,av,asylbarn,i,den,allmänna,förskolan,innebär,att,pedagogerna,har,att,förhålla,sig,till,att,arbeta,med,asylbarn,och,deras,föräldrar,utan,att,dela,språk,eller,känna,till,mycket,om,deras,bakgrund,.,De,måste,också,arbeta,i,en,barngrupp,som,kan,vara,extra,rörlig,och,instabil,till,storlek,och,dagsform,.,Resultatet,visar,också,att,den,goda,intention,som,det,är,att,asylbarnen,ska,få,komma,varje,dag,till,den,allmänna,förskolan,gör,att,tiden,på,förskolan,blir,för,kort,för,att,pedagogerna,ska,kunna,arbeta,mer,planerat,med,asylbarnens,språk,och,egna,kultur,.","Uppsatsen,undersöker,hur,förskollärare,beskriver,arbetet,med,att,integrera,asylsökande,barn,i,den,allmänna,förskolan,.,Med,utgångspunkt,i,kvalitativa,intervjuer,med,verksamma,lärare,riktas,blicken,mot,vardagspraktiken,:,hur,inskolning,,,relationsskapande,och,undervisningsnära,aktiviteter,formas,när,barnen,bär,med,sig,erfarenheter,av,flykt,,,ovisshet,och,ibland,avbrott,i,tidigare,omsorg,och,skolgång,.,Fokus,ligger,inte,på,enskilda,metoder,som,”,lösningar,”,,,utan,på,hur,integrering,faktiskt,blir,till,i,mötet,mellan,barn,,,grupp,och,organisation,.,Resultaten,kretsar,kring,tre,återkommande,spänningsfält,.,Det,första,handlar,om,tillhörighet,och,trygghet,.,Lärarna,beskriver,hur,tid,,,rutiner,och,förutsägbarhet,används,för,att,skapa,stabilitet,,,samtidigt,som,behovet,av,flexibilitet,hela,tiden,gör,sig,påmint,.,Små,saker,får,stor,betydelse,:,fasta,platser,,,bildstöd,,,tydliga,start-,och,slutpunkter,i,dagen,,,en,vuxen,som,orkar,ligga,steget,före,när,barnet,inte,har,språket,.,Tillhörighet,skapas,också,i,kamratrelationer,,,men,det,kräver,aktivt,arbete,.,Barnen,släpps,inte,bara,”,in,”,av,sig,själva,,,utan,introduceras,,,paras,ihop,,,skyddas,från,att,hamna,utanför,och,får,hjälp,att,hitta,sin,roll,i,leken,.,Det,andra,spänningsfältet,rör,språk,och,kommunikation,.,Lärarna,berättar,om,hur,språkutveckling,ofta,blir,ett,integreringsarbete,i,sig,,,inte,en,separat,insats,.,Kroppsspråk,,,konkreta,material,,,bildscheman,och,återkommande,sånger,används,för,att,bygga,broar,.,Samtidigt,framträder,en,ambivalens,kring,modersmålet,:,det,ses,både,som,en,resurs,som,stärker,identitet,och,förståelse,,,och,som,något,som,är,svårt,att,ge,plats,åt,när,personal,saknar,språkligt,stöd,eller,när,barngruppen,är,språkligt,splittrad,.,Föräldrakontakten,påverkas,av,samma,frågor,.,Kommunikation,sker,ibland,via,tolk,,,ibland,via,appar,,,ibland,genom,att,man,helt,enkelt,gör,sig,förstådd,med,gester,och,tålamod,.,Det,tredje,spänningsfältet,handlar,om,professionella,villkor,.,Lärarna,beskriver,en,vilja,att,möta,barnens,behov,,,men,också,hur,tid,,,barngruppens,storlek,,,personalomsättning,och,brist,på,specialiserat,stöd,sätter,ramarna,.,Asylprocessens,osäkerhet,skär,igenom,förskolans,arbete,:,barn,kan,flytta,med,kort,varsel,,,familjer,kan,vara,pressade,,,och,planering,blir,skör,.,Några,lärare,uttrycker,att,de,förväntas,kompensera,för,sådant,som,ligger,långt,utanför,förskolans,uppdrag,,,samtidigt,som,de,ändå,måste,hantera,konsekvenserna,i,gruppen,.,Integrering,framstår,därmed,mindre,som,en,enskild,pedagogisk,fråga,och,mer,som,ett,organisatoriskt,och,relationellt,arbete,som,kräver,samordning,,,kontinuitet,och,stöd,från,ledning,och,externa,aktörer,.,Helhetsbilden,som,träder,fram,är,att,integrerat,arbete,med,asylbarn,inte,främst,handlar,om,att,”,anpassa,barnet,”,till,förskolan,,,utan,om,att,forma,en,miljö,där,barnet,kan,bli,en,del,av,gruppen,utan,att,behöva,lämna,sin,bakgrund,vid,dörren,.,Lärarnas,berättelser,visar,en,praktik,som,bygger,på,närvaro,,,fingertoppskänsla,och,många,små,beslut,under,dagen,.,Integrering,blir,något,som,sker,i,leken,,,vid,matbordet,,,i,hallen,,,i,konflikterna,och,i,stunderna,när,någon,vuxen,stannar,kvar,lite,längre,än,schemat,egentligen,tillåter,."
"Kvinnor,och,män,har,historiskt,sett,ansetts,ha,olika,fysiska,och,psykiska,förutsättningar,och,den,norm,i,samhället,som,vi,levt,efter,har,varit,mannens,.,Kvinnans,plats,var,i,hemmet,som,maka,;,mor,och,husfru,.,I,och,med,samhällets,utveckling,förändrades,den,könsspecifika,arbetsfördelningen,och,kvinnan,började,förvärvsarbeta,.,Hem,–,och,konsumentkunskap,har,gått,från,flickämne,i,skolan,till,obligatoriskt,för,alla,där,skolan,ska,främja,jämställdhet,och,jämlikhet,mellan,könen,.,Denna,rapports,syfte,är,att,undersöka,hur,yrkesverksamma,lärare,inom,hem,–,och,konsumentkunskap,ser,på,jämställdhet,och,genus,inom,sitt,ämne,;,vad,som,kan,påverka,hur,de,arbetar,med,jämställdhet,mellan,könen,i,sin,undervisning,samt,hur,de,praktiskt,genomför,detta,.,Sju,behöriga,lärare,från,norra,Sverige,deltog,i,enskilda,intervjuer,.,De,hade,olika,åldrar,och,längd,på,yrkesverksamhet,.,Intervjuerna,spelades,in,;,transkriberades,och,analyserades,med,kvalitativ,innehållsanalys,.,Respondenterna,beskrev,en,pågående,förändring,av,stereotypa,könsmönster,både,i,skolan,och,i,hemmet,men,att,traditionella,könsroller,fortfarande,reproduceras,.,Hkk,beskrevs,som,ett,skolämne,där,lärandet,till,stor,del,sker,i,praktiskt,arbete,där,roller,synliggörs,som,kan,ge,förutsättningar,till,diskussion,och,reflektion,om,jämställdhet,.,Respondenterna,var,dock,eniga,om,att,jämställdhetsarbete,i,skolan,ställer,krav,på,lärarrollen,och,sig,själv,som,verktyg,;,exempelvis,vid,bedömning,av,flickor,och,pojkar,.,Slutsatsen,av,denna,studie,är,att,lärare,i,hkk,anser,att,stereotypa,könsmönster,har,förändrats,men,fortfarande,reproduceras,traditionella,könsroller,i,skolan,.,Yngre,generationer,frångår,alltmer,de,traditionella,könsrollerna,då,jämställdhet,blir,en,allt,mer,naturlig,del,i,samhället,;,dock,kvarstår,det,arbete,i,jämställdhetsfrågan,då,det,fortfarande,finns,skillnader,mellan,könen,i,betyg,.","Uppsatsen,tar,sin,utgångspunkt,i,den,seglivade,föreställningen,att,hem-,och,konsumentkunskap,är,”,kvinnogöra,”,och,undersöker,hur,lärare,själva,förstår,,,talar,om,och,omsätter,jämställdhet,och,genus,i,ämnet,.,Fokus,ligger,inte,på,styrdokumenten,som,idealbild,,,utan,på,klassrummets,vardag,:,vad,som,faktiskt,händer,när,elever,ska,laga,mat,,,planera,hushållsarbete,,,samarbeta,i,kök,och,bli,bedömda,.,Studien,ringar,in,en,återkommande,spänning,i,lärarnas,resonemang,.,Å,ena,sidan,finns,en,tydlig,vilja,att,behandla,elever,lika,och,att,inte,låsa,fast,dem,i,könade,förväntningar,.,Å,andra,sidan,framträder,hur,invanda,mönster,lätt,smyger,sig,in,i,undervisningen,.,I,praktiken,kan,arbetsfördelning,i,köket,och,roller,i,gruppen,bli,könskodade,:,någon,tar,ledningen,,,någon,städar,,,någon,håller,sig,i,bakgrunden,.,Lärarna,beskriver,att,sådant,ibland,sker,snabbt,och,utan,att,någon,riktigt,hinner,få,syn,på,det,,,särskilt,när,tempot,är,högt,och,lektionen,ska,”,flyta,”,.,Gruppindelningar,blir,därför,en,central,fråga,.,Vissa,lärare,försöker,motverka,könade,arbetsmönster,genom,att,styra,grupper,och,uppgifter,,,exempelvis,genom,att,blanda,elever,eller,rotera,ansvarsområden,.,Andra,lämnar,större,frihet,i,namn,av,trivsel,och,arbetsro,,,men,ser,samtidigt,att,friheten,riskerar,att,förstärka,redan,etablerade,hierarkier,.,Här,framstår,genus,inte,som,en,enskild,”,temalektion,”,utan,som,något,som,skapas,i,det,löpande,samspelet,:,vem,som,tar,plats,,,vem,som,får,instruktioner,,,vem,som,förväntas,kunna,från,början,.,Även,betyg,och,bedömning,kopplas,till,jämställdhet,.,Lärarna,lyfter,svårigheter,med,att,bedöma,praktiskt,arbete,på,ett,likvärdigt,sätt,när,elever,bidrar,olika,mycket,och,när,vissa,insatser,är,mindre,synliga,.,En,elev,som,organiserar,,,städar,och,ser,till,att,arbetet,fungerar,kan,försvinna,i,bedömningen,om,fokus,ligger,på,den,som,står,vid,spisen,och,”,producerar,”,.,Bedömningen,blir,därmed,en,genusfråga,,,eftersom,värderingen,av,olika,typer,av,arbete,lätt,följer,traditionella,mönster,om,vad,som,räknas,som,prestation,.,Sammantaget,skildrar,uppsatsen,HKK,som,en,arena,där,jämställdhet,både,kan,utmanas,och,återskapas,samtidigt,.,Lärarnas,intentioner,räcker,inte,alltid,för,att,bryta,mönster,som,sitter,i,elevernas,förväntningar,,,i,klassrummets,rutiner,och,i,hur,praktiska,moment,organiseras,.,Genus,blir,synligt,i,det,lilla,:,i,fördelningen,av,tid,,,uppmärksamhet,och,ansvar,.,Studien,pekar,mot,att,ett,mer,medvetet,arbete,med,grupprocesser,och,bedömningspraktiker,kan,göra,skillnad,,,inte,genom,stora,gester,utan,genom,konsekventa,,,vardagliga,val,i,undervisningen,."
"Syftet,med,denna,studie,är,att,undersöka,vilken,uppfattning,elever,i,årskurs,nio,har,om,hälsa,.,Ämnet,Idrott,och,hälsa,bedrivs,på,olika,sätt,och,syftet,med,studien,är,även,att,få,en,klarare,bild,över,hur,eleverna,upplever,att,de,arbetar,med,hälsa,i,undervisningen,.,Genom,intervjuer,vill,vi,höra,elevernas,tankar,och,erfarenheter,om,hälsa,och,vad,de,skulle,vilja,lära,sig,mer,om,.,Vi,vill,även,veta,vad,de,tycker,är,viktigt,för,att,kunna,påverka,sin,framtida,hälsa,.","Studien,tar,sin,utgångspunkt,i,den,återkommande,frågan,om,vad,som,egentligen,händer,med,“,hälsan,”,i,ämnet,Idrott,och,hälsa,.,Med,fokus,på,elever,i,årskurs,nio,undersöks,hur,de,själva,beskriver,,,förstår,och,värderar,hälsa,i,mötet,med,undervisningen,.,Ambitionen,är,att,komma,åt,elevernas,egna,tolkningar,snarare,än,lärarens,intentioner,eller,styrdokumentens,formuleringar,.,Materialet,bygger,på,en,kvalitativ,ansats,där,elevernas,röster,står,i,centrum,.,I,deras,berättelser,framträder,en,bild,av,hälsa,som,något,som,ofta,kopplas,till,det,som,går,att,se,och,göra,:,att,vara,aktiv,,,orka,,,prestera,och,“,hålla,igång,”,.,Många,beskriver,att,hälsa,i,praktiken,blir,nära,knuten,till,fysisk,aktivitet,och,kroppslig,förmåga,,,ibland,nästan,som,ett,kvitto,på,att,man,gör,rätt,på,lektionerna,.,Samtidigt,dyker,andra,dimensioner,upp,,,men,mer,sporadiskt,.,Stress,,,sömn,,,matvanor,,,återhämtning,och,psykiskt,mående,nämns,,,men,eleverna,ger,ofta,intryck,av,att,de,delarna,får,ett,svagare,fäste,i,undervisningen,eller,hamnar,i,bakgrunden,när,fokus,ligger,på,genomförande,och,deltagande,.,Ett,centralt,inslag,i,studien,är,användningen,av,hälsokorset,som,tolkningsram,.,Genom,hälsokorset,synliggörs,spänningen,mellan,olika,sätt,att,förstå,hälsa,:,som,välbefinnande,och,balans,,,men,också,som,prestation,,,disciplin,och,“,rätt,”,val,.,Elevernas,utsagor,visar,att,undervisningen,kan,pendla,mellan,att,ge,stöd,för,en,bredare,syn,på,hälsa,och,att,samtidigt,reproducera,en,smalare,,,mer,kroppsnära,norm,där,vissa,livsstilar,och,kroppar,upplevs,som,mer,önskvärda,än,andra,.,För,några,elever,blir,hälsobegreppet,motiverande,och,konkret,.,För,andra,väcker,det,snarare,känslor,av,krav,,,jämförelse,och,att,inte,riktigt,räcka,till,.,Sammantaget,tecknar,studien,en,ganska,vardagsnära,bild,av,hälsoundervisning,i,årskurs,nio,:,hälsa,finns,där,som,ett,uttalat,mål,,,men,elevernas,erfarenheter,tyder,på,att,innehållet,ofta,blir,beroende,av,hur,det,tar,form,i,praktiken,,,i,aktiviteterna,,,i,samtalen,som,blir,av,och,i,de,normer,som,skapas,i,omklädningsrum,och,idrottshall,.,Hälsa,blir,därför,inte,enbart,något,man,lär,sig,om,,,utan,något,man,också,lär,sig,att,vara,inför,andra,."
"I,detta,arbete,har,jag,tittat,på,handledning,på,arbetsplatser,.,Handledning,är,idag,ett,svårdefinierbart,begrepp,som,används,allt,mer,på,arbetsplatser,.,Syftet,med,detta,arbete,är,att,studera,handledning,och,olika,handledningsprocesser,och,se,hur,man,skulle,kunna,använda,sig,av,dem,på,arbetsplatser,och,i,medarbetarsamtalet,.,Jag,kommer,att,avgränsa,mig,genom,att,titta,på,momentet,som,rör,medarbetarens,utveckling,i,medarbetarsamtalet,.,I,min,teoretiska,utgångspunkt,har,jag,utgått,ifrån,att,det,kan,förekomma,handledning,i,medarbetarsamtalet,;,men,att,man,inte,kan,se,hela,samtalet,som,handledning,.,För,att,undersöka,detta,har,jag,intervjuat,8,personer,;,fördelat,på,2,arbetsplatser,;,om,medarbetarsamtalet,.,Hälften,har,varit,chefer,och,hälften,medarbetare,.,I,intervjuerna,har,det,framkommit,att,man,definitivt,kan,se,handledande,förhållningssätt,i,medarbetarsamtalet,på,båda,företagen,och,att,man,också,kan,använda,sig,av,de,metoder,och,tankesätt,som,finns,inom,handledning,för,att,utveckla,medarbetarsamtalet,ytterligare,.,Om,man,säger,att,själva,medarbetarsamtalet,i,sig,inte,är,handledning,fullt,ut,;,men,att,man,kan,se,handledning,förekomma,på,arbetsplatser,;,så,skulle,man,kunna,säga,att,medarbetarsamtalet,är,själva,startskottet,för,den,handledning,som,sedan,sker,under,det,dagliga,arbetet,.,En,utgångspunkt,för,medarbetare,och,chefer,där,man,på,medarbetarsamtalet,har,stämt,av,varandras,förväntningar,och,samtyckt,om,var,det,behövs,utveckling,samt,hur,arbetet,fungerar,i,stort,på,arbetsplatsen,.,Utefter,detta,kan,man,sedan,arbeta,med,dessa,saker,i,det,dagliga,arbetet,under,tiden,till,nästa,medarbetarsamtal,.","Studien,tar,sin,utgångspunkt,i,medarbetarsamtalet,som,en,återkommande,arena,där,handledning,ofta,sker,utan,att,kallas,för,handledning,.,Fokus,ligger,på,själva,handledningsprocesserna,:,hur,samtalet,rör,sig,från,vardagliga,iakttagelser,i,arbetet,till,mer,riktade,frågor,om,utveckling,,,ansvar,och,lärande,.,I,den,meningen,blir,medarbetarsamtalet,inte,bara,en,administrativ,rutin,,,utan,en,plats,där,chef,och,medarbetare,gemensamt,kan,forma,förståelse,för,arbetets,krav,och,förväntningar,,,och,där,riktning,kan,skapas,för,kommande,period,.,Handledningen,beskrivs,som,något,som,växer,fram,i,relationen,och,i,samtalets,upplägg,.,Ibland,är,den,tydligt,målinriktad,och,knuten,till,prestation,och,uppdrag,,,ibland,mer,stödjande,och,reflekterande,.,Tonfall,,,frågor,och,uppföljning,får,stor,betydelse,.,Små,skiften,–,en,följdfråga,som,stannar,kvar,,,en,omformulering,av,ett,problem,,,ett,gemensamt,sätt,att,ringa,in,vad,som,faktiskt,behöver,tränas,–,kan,avgöra,om,samtalet,blir,ett,lärandetillfälle,eller,mest,en,avprickning,.,När,handledningsprocessen,fungerar,skapas,utrymme,för,både,bekräftelse,och,utmaning,,,och,medarbetaren,får,möjlighet,att,pröva,sin,egen,bild,av,arbetssituationen,mot,chefens,perspektiv,.,Kompetensutveckling,framstår,här,som,något,som,inte,bara,planeras,,,utan,som,förhandlas,fram,och,konkretiseras,.,Det,räcker,inte,med,att,nämna,en,kurs,eller,en,ambition,om,att,“,utvecklas,”,;,samtalet,behöver,landa,i,vad,som,ska,förändras,i,praktiken,,,vilka,resurser,som,finns,och,vilka,hinder,som,riskerar,att,stå,i,vägen,.,Ett,återkommande,tema,är,spänningen,mellan,verksamhetens,behov,och,individens,drivkrafter,.,När,handledningen,tar,den,spänningen,på,allvar,ökar,chansen,att,utvecklingsinsatser,blir,relevanta,,,genomförbara,och,möjliga,att,följa,upp,.,Samtidigt,synliggör,arbetet,att,medarbetarsamtalet,bär,på,en,dubbelhet,.,Det,ska,både,stödja,och,bedöma,,,både,öppna,för,ärlighet,och,knyta,an,till,styrning,.,Den,dubbelheten,påverkar,vad,som,sägs,och,vad,som,tystas,.,Här,blir,handledningsprocessen,delvis,en,fråga,om,tillit,och,ramar,:,hur,samtalet,förbereds,,,hur,ansvar,fördelas,,,hur,mål,formuleras,,,och,om,det,finns,en,faktisk,uppföljningskultur,.,När,uppföljningen,uteblir,tappar,handledningen,sin,tyngd,och,kompetensutveckling,riskerar,att,bli,en,formulering,i,ett,dokument,.,När,uppföljningen,är,levande,kan,medarbetarsamtalet,istället,fungera,som,en,struktur,för,kontinuerligt,lärande,,,där,erfarenheter,tas,om,hand,och,riktning,justeras,utan,att,allt,måste,börja,om,varje,år,."
"Denna,studie,syftar,på,att,ta,reda,på,hur,anställningsbarheten,ser,ut,i,förhållande,till,personlighet,och,sökbeteende,.,Studien,vänder,sig,till,tidigare,studenter,på,det,Arbetsvetenskapliga,programmet,på,Högskolan,i,Halmstad,.,Finns,det,någon,personlighetsprofil,som,är,mer,gynnsam,i,arbetssökningsprocessen,?,Hur,ser,kraven,ut,för,tjänster,inom,yrkesområdet,samt,finns,det,något,samband,mellan,personlighet,;,anställningsbarhet,och,beteende,i,sökprocessen,.,Genom,att,granska,platsannonser,sammanställdes,vilka,krav,som,krävs,för,tjänster,inom,yrkesområdet,.,En,enkätundersökning,skickades,till,personer,som,gått,utbildningen,.,Även,intervjuer,gjordes,med,respondenter,för,att,få,ett,djup,i,studien,.,Resultatet,visar,bland,annat,att,det,är,egenskaper,inom,området,samvetsgrannhet,och,extroversion,som,mest,efterfrågas,i,platsannonser,inom,yrkesområdet,.,Över,hälften,av,respondenterna,som,idag,har,arbete,inom,yrkesområdet,har,fått,arbete,genom,sitt,sociala,kontaktnät,.,I,intervjuerna,framkom,att,respondenterna,upplevt,att,personlighet,är,en,viktig,faktor,som,arbetsgivare,tittar,på,vid,rekrytering,.,Studien,visar,även,att,de,som,är,arbetslösa,är,mer,proaktiva,än,övriga,.,Dessutom,finns,ett,tydligt,samband,mellan,kön,;,familjesituation,och,geografisk,rörlighet,.,Att,vara,en,strategiker,samt,utarbeta,ett,stort,och,brett,socialt,nätverk,har,i,denna,studie,visat,sig,viktigt,på,vägen,mot,drömmen,om,ett,arbete,;,medan,däremot,skillnader,inom,gruppen,verkar,sakna,betydelse,.","Uppsatsen,*,Drömmen,om,ett,arbete,*,undersöker,hur,anställningsbarhet,hänger,ihop,med,personlighet,och,hur,människor,faktiskt,beter,sig,när,de,söker,jobb,.,Utgångspunkten,är,att,anställningsbarhet,inte,bara,kan,förstås,som,formell,kompetens,eller,ett,snyggt,CV,,,utan,också,som,ett,mer,rörligt,paket,av,egenskaper,och,strategier,som,påverkar,hur,en,person,tar,sig,fram,på,arbetsmarknaden,.,Fokus,ligger,på,Big,Five,som,ramverk,för,personlighet,och,på,vilka,drag,som,verkar,gynna,ett,aktivt,och,målinriktat,sökbeteende,.,Särskild,tyngd,läggs,vid,proaktivt,beteende,–,att,själv,ta,initiativ,,,skapa,kontakter,,,leta,information,och,driva,processer,snarare,än,att,invänta,svar,.,Det,kopplas,till,självförtroende,,,som,i,sin,tur,kan,påverka,hur,uthållig,man,är,i,sökandet,,,hur,man,hanterar,avslag,och,hur,man,presenterar,sig,i,möten,med,arbetsgivare,.,En,återkommande,tanke,är,att,sökbeteende,inte,bara,speglar,motivation,utan,också,hur,personen,tolkar,sina,möjligheter,:,den,som,tror,sig,kunna,påverka,sin,situation,agerar,ofta,annorlunda,än,den,som,känner,sig,låst,.,Anpassningsbarhet,behandlas,som,en,central,del,av,anställningsbarhet,i,praktiken,.,Arbetsmarknaden,förändras,snabbt,och,kraven,skiftar,mellan,branscher,och,roller,.,Där,blir,förmågan,att,ställa,om,,,lära,nytt,och,justera,sin,strategi,minst,lika,relevant,som,tidigare,erfarenhet,.,Uppsatsen,rör,sig,därför,mellan,det,relativt,stabila,(,personlighetsdrag,),och,det,mer,formbara,(,beteenden,i,jobbsökandet,),,,och,intresserar,sig,för,hur,de,samspelar,.,Resultatet,blir,en,bild,av,anställningsbarhet,som,något,som,både,sitter,i,personen,och,skapas,genom,handling,:,i,hur,man,söker,,,hur,man,tar,kontakt,,,och,hur,man,orkar,fortsätta,när,processen,drar,ut,på,tiden,."
"Syftet,med,denna,uppsats,har,varit,att,belysa,behandlares,uppfattningar,om,syskon,och,partners,upplevelser,av,att,ha,en,nära,person,med,en,ätstörning,;,samt,betydelsen,av,att,involvera,dem,i,den,drabbades,behandling,.,Studien,genomfördes,med,en,kvalitativ,metod,där,semistrukturerade,intervjuer,utfördes,med,6,behandlare,på,olika,ätstörningsverksamheter,i,Sverige,.,Resultat,och,slutsats,visade,att,syskon,och,partners,;,samt,andra,närstående,;,är,betydelsefulla,för,patientens,tillfriskande,.,Det,är,viktigt,att,syskon,och,partners,involveras,i,behandling,;,och,att,de,får,information,om,sjukdom,och,behandling,.,Syskon,ska,inte,anta,en,ansvarsroll,;,medan,partner,behöver,ta,ett,visst,ansvar,i,vardagen,.,Ätstörningar,har,en,tydlig,påverkan,på,partners,och,syskon,;,samt,på,närstående,i,allmänhet,.,Närstående,bör,få,goda,verktyg,till,hur,de,kan,vara,ett,stöd,på,bästa,sätt,till,den,drabbade,.,Behandlaren,ska,bemöta,närstående,med,förståelse,;,respekt,och,ingen,skuldbeläggning,.,Det,är,väsentligt,för,patientens,motivation,och,tillfrisknande,att,det,finns,en,god,och,nära,relation,till,de,närstående,som,är,involverade,i,behandlingen,.,Det,finns,en,brist,på,forskning,inom,detta,område,.,Vidare,forskning,krävs,för,att,stärka,studiens,resultat,och,slutsats,.","Den,här,uppsatsen,tar,sin,utgångspunkt,i,erfarenheter,hos,personer,som,står,nära,någon,med,ätstörningsproblematik,,,med,fokus,på,syskon,och,partners,.,Utifrån,teman,som,familj,,,relationer,och,behandling,undersöks,hur,anorexi,och,bulimi,påverkar,vardagsliv,,,ansvarsfördelning,och,känslomässiga,band,.,Perspektivet,ligger,inte,på,diagnosen,i,sig,utan,på,livet,runt,omkring,den,:,hur,en,relation,förändras,när,mat,,,kontroll,,,skam,och,oro,tar,plats,mellan,människor,som,egentligen,vill,varandra,väl,.,För,syskon,framträder,ofta,en,dubbel,position,.,Å,ena,sidan,finns,lojaliteten,och,viljan,att,skydda,,,å,andra,sidan,en,känsla,av,att,bli,bortprioriterad,när,familjens,energi,dras,mot,den,som,är,sjuk,.,Många,beskriver,att,hemmet,får,nya,regler,som,alla,förväntas,anpassa,sig,till,.,Måltider,blir,laddade,,,stämningen,kan,skifta,snabbt,,,och,syskon,lär,sig,att,läsa,av,minsta,signal,.,I,vissa,fall,leder,det,till,att,man,tar,på,sig,en,vuxenroll,,,blir,den,som,medlar,,,lugnar,eller,håller,ihop,.,I,andra,fall,skapar,det,distans,.,Irritation,och,skuld,kan,existera,samtidigt,,,vilket,gör,relationen,svår,att,prata,om,utan,att,känna,sig,hård,eller,självisk,.,Partnerrelationer,präglas,ofta,av,ett,annat,slags,närhet,.,Ätstörningen,tränger,in,i,intimiteten,,,både,kroppsligt,och,emotionellt,.,Vissa,berättelser,handlar,om,hur,spontanitet,och,gemensamma,aktiviteter,krymper,när,mat,och,rutiner,måste,kontrolleras,.,Andra,handlar,om,att,samtal,fastnar,i,samma,spår,:,löften,,,återfall,,,konflikter,kring,måltider,eller,träning,.,För,en,del,par,blir,relationen,mer,av,vård,än,partnerskap,.,Det,kan,väcka,sorg,och,frustration,,,men,också,en,stark,vilja,att,stanna,kvar,.,Äktenskap,och,långvariga,förhållanden,bär,ofta,spår,av,en,utdragen,period,där,den,friska,partnern,försöker,vara,stöd,utan,att,försvinna,som,person,.,Behandling,och,återhämtning,skildras,som,processer,som,påverkar,hela,nätverket,runt,den,drabbade,.,När,vården,fokuserar,på,individen,kan,syskon,och,partners,uppleva,att,de,hamnar,i,periferin,,,trots,att,de,ofta,förväntas,bidra,i,det,praktiska,och,emotionella,arbetet,hemma,.,Samtidigt,kan,involvering,i,behandling,vara,komplicerad,.,Att,få,kunskap,och,konkreta,verktyg,kan,hjälpa,,,men,kan,också,skapa,en,känsla,av,att,man,blir,medansvarig,för,tillfrisknandet,.,Många,närstående,beskriver,att,de,behöver,stöd,i,sin,egen,rätt,:,någon,som,kan,ta,emot,deras,ambivalens,,,ge,språk,åt,det,som,skaver,och,hjälpa,dem,att,sätta,gränser,utan,att,relationen,går,sönder,.,Uppsatsen,visar,hur,ätstörningsproblematik,formar,relationer,på,flera,plan,:,i,det,lilla,,,som,hur,man,pratar,vid,köksbordet,,,och,i,det,stora,,,som,hur,framtid,planeras,och,hur,man,ser,på,sig,själv,i,familjen,eller,i,ett,par,.,När,återhämtning,väl,tar,fart,förändras,ofta,dynamiken,igen,.,Det,kan,finnas,lättnad,och,närmare,kontakt,,,men,också,en,eftersläpande,trötthet,och,ett,behov,av,att,återuppbygga,förtroende,.,För,många,blir,frågan,inte,bara,hur,man,stöttar,någon,annan,,,utan,hur,man,orkar,vara,syskon,eller,partner,utan,att,helt,ge,upp,sina,egna,behov,."
"Turismen,i,Kalmar,har,ökat,de,senaste,åren,;,men,hamnar,till,synes,i,skymundan,av,Öland,och,Glasriket,.,Hur,får,man,besökare,att,få,upp,ögonen,för,Kalmar,som,primära,resmålet,och,hur,får,man,dem,att,stanna,?,Vi,har,i,denna,uppsats,intresserat,oss,för,att,ta,reda,på,hur,ett,starkt,platsvarumärke,skapas,och,vad,som,således,krävs,för,att,bli,en,framgångsrik,destination,;,samt,hur,man,kan,använda,sig,av,platsmarknadsföring,för,att,nå,ut,med,platsvarumärket,till,potentiella,målgrupper,.","Uppsatsen,tar,sin,utgångspunkt,i,hur,Kalmar,som,destination,formas,och,uppfattas,i,ett,regionalt,sammanhang,där,närliggande,dragplåster,ofta,tar,plats,i,rampljuset,.,Öland,och,Glasriket,fungerar,här,som,starka,referenspunkter,,,både,som,möjligheter,och,som,konkurrens,.,Frågan,är,inte,bara,varför,Kalmar,hamnar,i,skuggan,,,utan,hur,den,skuggan,faktiskt,påverkar,stadens,platsvarumärke,och,vilka,vägval,som,öppnas,när,man,vill,utveckla,en,destination,som,redan,är,tätt,sammanlänkad,med,andra,berättelser,i,samma,geografi,.,Studien,undersöker,hur,platsmarknadsföring,och,place,branding,används,i,praktiken,och,hur,olika,aktörer,–,exempelvis,kommun,,,besöksnäring,och,lokala,verksamheter,–,förhandlar,om,bilden,av,Kalmar,.,Analysen,kretsar,kring,vilka,associationer,som,dominerar,:,historien,,,slottet,,,stadskärnan,,,kustläget,,,evenemang,,,och,vardagslivet,i,en,mindre,stad,med,tydlig,sommarpuls,.,Samtidigt,synliggörs,en,spänning,mellan,att,luta,sig,mot,det,som,redan,är,igenkännbart,och,att,försöka,formulera,något,som,känns,egenartat,nog,för,att,inte,reduceras,till,en,“,bas,”,för,dagsutflykter,till,Öland,eller,en,port,till,Glasriket,.,Ett,centralt,resultat,är,att,Kalmars,varumärkesutmaning,inte,främst,handlar,om,brist,på,innehåll,,,utan,om,skärpa,.,Mycket,ryms,i,berättelsen,,,men,allt,fastnar,inte,.,När,kommunikationen,blir,för,bred,riskerar,Kalmar,att,framstå,som,trevligt,men,utbytbart,.,När,den,blir,för,starkt,kopplad,till,grannarnas,attraktionskraft,tappar,staden,en,del,av,sin,självständighet,.,Destinationsutveckling,framstår,därför,som,ett,arbete,där,fysisk,plats,,,upplevelseutbud,och,kommunikation,måste,dra,åt,samma,håll,,,annars,blir,marknadsföringen,mest,en,skyltning,utan,tydlig,riktning,.,Uppsatsen,pekar,på,att,Kalmar,kan,vinna,på,att,arbeta,med,sin,roll,som,nod,snarare,än,bihang,:,att,göra,kopplingarna,till,Öland,och,Glasriket,till,en,del,av,erbjudandet,,,men,med,Kalmar,som,huvudscen,.,Det,kräver,prioriteringar,,,samordning,och,en,mer,sammanhållen,idé,om,vilken,sorts,destination,Kalmar,vill,vara,–,inte,bara,under,högsäsong,,,utan,över,året,.,Målet,blir,att,skapa,ett,platsvarumärke,som,känns,förankrat,lokalt,och,samtidigt,går,att,bära,utåt,,,där,besökaren,inte,bara,passerar,igenom,utan,faktiskt,stannar,kvar,."
"Under,de,senaste,åren,har,miljömedvetenheten,i,samhället,blivit,alltmer,påtaglig,och,i,synnerhet,är,det,debatten,om,växthuseffekten,som,fått,mycket,stort,utrymme,i,media,.,Detta,har,medfört,att,företagens,intressenter,börjat,ställa,allt,högre,krav,på,att,även,företagen,ska,ta,sitt,miljöansvar,.,Ett,vanligt,sätt,att,få,struktur,på,miljöarbetet,är,att,implementera,ett,miljöledningssystem,i,verksamheten,.,Företagen,väljer,ofta,att,certifiera,sig,i,och,med,införandet,av,ett,miljöledningssystem,;,vilket,även,fler,och,fler,av,företagens,kunder,kräver,.,Idag,är,det,fortfarande,i,första,hand,stora,företag,som,miljöredovisar,och,använder,sig,av,gröna,nyckeltal,för,att,visa,sin,miljöpåverkan,för,dess,intressenter,.,I,mindre,företag,är,inte,denna,företeelse,särskilt,vanlig,.,Med,detta,som,utgångspunkt,blev,vår,problemformulering,:,Vad,driver,mindre,företag,att,använda,miljöledningssystem,och,gröna,nyckeltal,och,hur,bedriver,de,sitt,miljöarbete,?,Vårt,syfte,med,denna,uppsats,är,att,kunna,ge,vägledning,om,vilka,gröna,nyckeltal,som,kan,vara,relevanta,och,som,mindre,företag,kan,använda,sig,av,i,sin,redovisning,.,Vi,vill,se,om,det,går,att,identifiera,drivkrafterna,bakom,miljöredovisning,och,hur,intressenterna,påverkar,denna,.,Vi,försöker,fånga,upp,trender,inom,området,och,använder,företagskoncerner,som,jämförelsegrund,för,att,visa,alternativ,och,ge,exempel,på,miljöarbete,.,Teorin,inleds,med,en,redogörelse,för,olika,drivkrafter,som,kan,finnas,bakom,miljöredovisning,samt,en,djupare,diskussion,om,gröna,nyckeltal,.,Vidare,beskrivs,intressentmodellen,och,legitimitetsteorin,samt,vad,olika,intressenter,använder,miljöredovisning,till,.,Vi,valde,att,kombinera,en,kvantitativ,och,kvalitativ,metod,för,insamlandet,av,det,empiriska,materialet,till,vår,studie,.,Vi,börjar,med,den,kvantitativa,metoden,för,att,få,en,överblick,samt,för,att,få,respondenter,till,den,kvalitativa,delen,av,vår,studie,.,I,vår,analys,av,det,empiriska,materialet,har,vi,utgått,ifrån,vår,teoretiska,referensram,där,vi,dragit,slutsatserna,att,yttre,faktorer,och,intressenter,var,viktiga,vid,initieringen,av,miljöarbetet,och,införandet,av,ett,miljöledningssystem,hos,företagen,;,men,att,det,senare,var,de,interna,fördelarna,som,värderades,högst,.,Vad,det,visar,är,att,mindre,företag,upplever,en,press,utifrån,att,miljöcertifiera,sig,men,att,det,i,praktiken,verkar,vara,av,mindre,betydelse,vid,upphandlingar,.,Det,framstår,helt,klart,att,implementeringen,av,ett,miljöledningssystem,i,företaget,gör,att,miljöarbetet,blir,mer,konkret,och,strukturerat,.,Vad,avser,användandet,av,gröna,nyckeltal,är,det,energiförbrukning,i,olika,former,som,är,den,dominerande,indikatorn,;,däremot,verkar,det,finnas,problem,att,relatera,denna,på,ett,enkelt,och,rättvisande,sätt,.","Uppsatsen,behandlar,hur,mindre,företag,arbetar,med,miljöledningssystem,och,gröna,nyckeltal,,,och,varför,de,alls,väljer,att,göra,det,.,Utgångspunkten,är,att,miljöarbete,i,små,och,medelstora,verksamheter,ofta,drivs,av,andra,villkor,än,i,större,bolag,:,färre,resurser,,,kortare,beslutsvägar,och,en,vardag,där,miljöfrågor,lätt,konkurrerar,med,akuta,driftfrågor,.,Samtidigt,ökar,trycket,från,kunder,,,branscher,och,upphandlingar,,,vilket,gör,att,strukturerade,system,som,ISO-baserade,miljöledningssystem,och,olika,former,av,miljöcertifiering,får,en,mer,central,roll,.,Fokus,ligger,på,drivkrafterna,bakom,införande,och,användning,.,En,del,företag,tycks,främst,motiveras,av,externa,krav,och,legitimitet,–,att,kunna,visa,upp,en,certifiering,,,svara,på,kunders,frågor,och,klara,krav,i,leverantörsled,.,För,andra,är,den,interna,nyttan,mer,framträdande,.,Miljöledningssystemet,blir,ett,sätt,att,skapa,ordning,,,fördela,ansvar,och,göra,arbetet,mindre,personberoende,.,I,den,miljön,får,nyckeltal,en,praktisk,funktion,:,de,gör,miljöarbetet,mätbart,och,lättare,att,följa,upp,,,men,de,fungerar,också,som,ett,språk,gentemot,omvärlden,.,Uppsatsen,knyter,ihop,miljöledningssystem,med,miljöredovisning,och,hållbar,redovisning,.,Gröna,nyckeltal,hamnar,i,gränslandet,mellan,styrning,och,rapportering,.,De,kan,handla,om,energianvändning,,,avfall,,,utsläpp,,,transporter,eller,resursförbrukning,,,men,också,om,mer,verksamhetsnära,mått,som,andel,återvunnet,material,eller,miljökrav,i,inköp,.,Poängen,är,inte,bara,vad,som,mäts,utan,varför,just,dessa,mått,väljs,,,hur,de,räknas,fram,och,hur,de,faktiskt,används,i,beslut,.,I,mindre,företag,finns,ofta,en,spänning,mellan,ambitionen,att,mäta,mer,och,den,begränsade,tiden,för,datainsamling,och,dokumentation,.,Ett,genomgående,tema,är,att,miljöcertifiering,och,ISO-inriktade,system,kan,fungera,både,som,drivkraft,och,som,ramverk,.,De,sätter,en,miniminivå,,,skapar,rutiner,och,gör,det,lättare,att,kommunicera,prestationer,,,men,de,kan,också,upplevas,som,administrativa,om,de,inte,kopplas,till,verksamhetens,faktiska,prioriteringar,.,Studien,belyser,därmed,hur,miljöledningssystem,och,gröna,nyckeltal,används,som,verktyg,för,att,balansera,krav,på,trovärdighet,utåt,med,behovet,av,enkelhet,och,nytta,inåt,,,i,en,kontext,där,varje,extra,arbetsmoment,måste,motiveras,av,tydligt,värde,."
"Personer,under,15,år,kan,inte,straffrättsligt,bli,ansvariga,för,brott,de,begått,i,enlighet,med,1,kap,6§,BrB.,Däremot,kan,en,civilrättslig,process,gällande,skadeståndsrättsligt,anspråk,bli,aktuell,i,princip,oberoende,av,skadevållarens,ålder,.,Huvudregeln,är,alltså,att,barn,kan,bli,skadeståndsskyldiga,på,samma,sätt,som,en,vuxen,om,de,anses,ha,vållat,skada,.,De,större,utmärkande,skillnaderna,mellan,att,hålla,ett,barn,jämfört,med,en,vuxen,skadeståndsskyldig,är,att,det,görs,en,så,kallad,skälighetsbedömning,när,det,gäller,barn,och,även,vid,bedömning,av,barns,culpa,tar,man,mindre,hänsyn,till,de,subjektiva,kriterierna,.,I,denna,uppsats,utreds,vårdnadshavarens,ansvar,enligt,3,kap.,5§,skadeståndslagen,som,infördes,år,2010,.,Denna,reglering,innebär,att,föräldrar,kan,blir,skadeståndsansvariga,för,skador,som,deras,barn,orsakar,genom,brott,samt,genom,tillsynsansvaret,som,regleras,i,6,kap.,2§,föräldrabalken,.,Denna,paragraf,reglerar,att,vårdnadshavaren,skall,ge,barnet,den,tillsyn,och,uppsikt,det,behöver,medhänsyn,till,ålder,;,utveckling,och,övriga,omständigheter,för,att,hindra,skadevållande,handlingar,.,Skillnaden,mellan,dessa,respektive,lagregler,gällande,att,vårdnadshavaren,skall,anses,vara,skadeståndsansvarig,är,att,den,förra,förutsätter,att,barnet,begått,ett,brott,och,förutsätter,heller,ej,culpa,medan,den,senare,inte,gör,det,.","Uppsatsen,behandlar,principalansvaret,för,vårdnadshavare,och,tar,sikte,på,det,skadeståndsansvar,som,kan,aktualiseras,när,barn,orsakar,skada,.,Utgångspunkten,är,den,rättsvetenskapliga,diskussionen,om,hur,långt,ansvaret,sträcker,sig,och,på,vilka,grunder,föräldrar,kan,hållas,ersättningsskyldiga,:,som,ett,slags,ställföreträdande,ansvar,kopplat,till,tillsyn,och,kontroll,,,men,också,som,ett,normativt,verktyg,för,riskfördelning,i,vardagliga,skadesituationer,.,Framställningen,analyserar,de,centrala,skadeståndsrättsliga,principerna,bakom,regleringen,och,hur,de,motiveras,i,lag,,,förarbeten,och,rättspraxis,.,Fokus,ligger,på,gränsdragningarna,.,När,är,skadan,en,följd,av,bristande,tillsyn,,,och,när,är,barnets,agerande,något,som,rimligen,faller,utanför,vad,vårdnadshavaren,kan,förebygga,?,Här,ställs,krav,på,förutsebarhet,och,rimlighet,mot,intresset,av,att,den,skadelidande,faktiskt,får,ersättning,.,Uppsatsen,berör,även,hur,bedömningen,påverkas,av,barnets,ålder,och,mognad,,,skadans,art,och,situationens,karaktär,,,liksom,vilket,utrymme,som,finns,för,att,jämka,skadeståndet,.,Ett,genomgående,tema,är,spänningen,mellan,individualiserad,skuldprövning,och,mer,schabloniserade,ansvarsmodeller,.,Föräldraansvaret,kan,framstå,som,en,reaktion,på,praktiska,problem,i,skaderegleringen,när,barnet,saknar,betalningsförmåga,,,men,väcker,samtidigt,frågor,om,rättvisa,och,gränserna,för,ansvar,utan,egen,vållandehandling,.,Uppsatsen,diskuterar,också,hur,principalansvaret,förhåller,sig,till,barnets,eget,ansvar,och,hur,dessa,ansvar,kan,samspela,i,samma,skadehändelse,.,Målet,är,att,klarlägga,vilken,funktion,föräldraansvaret,faktiskt,fyller,i,svensk,skadeståndsrätt,,,och,vilka,konsekvenser,det,får,för,både,vårdnadshavare,och,skadelidande,."
"Inledning,:,Jordar,förorenade,med,höga,halter,giftiga,metaller,till,följd,av,antropogen,verksamhet,förekommer,på,flera,platser,på,jorden,och,kan,utgöra,hälsorisk,för,både,människor,;,djur,och,miljö,.,Därför,finns,orsak,att,se,på,miljövänliga,metoder,för,sanering,av,förorenad,mark,.,Då,konventionella,saneringsmetoder,där,jorden,förflyttas,från,platsen,ofta,är,mycket,kostsamma,och,riskerar,störa,ekosystemen,i,hög,grad,är,fytoremediering,en,metod,med,stor,potential,;,vilken,går,ut,på,att,rena,mark,eller,vatten,med,växter,.,Studier,har,bland,annat,gjorts,där,annuell,solros,visat,sig,användbar,för,rening,mark,.,Däremot,verkar,inga,studier,finns,för,perenn,solros,förmåga,att,ackumulera,metaller,från,mark,.,Syfte,:,Syftet,med,studien,är,att,undersöka,perenn,solros,H.,maximilianis,upptag,av,metaller,från,jord,hämtad,från,en,åker,i,Mellansverige,;,samt,att,kvantifiera,och,kemiskt,karakterisera,metallerna,i,jorden,.,Frågeställningen,studien,ämnar,besvara,är,om,solrosen,H.,maximiliani,lämpar,sig,för,fytoremediering,av,metallförorenad,mark,.,Metod,:,Perenn,solros,av,sorten,Helianthus,maximiliani,såddes,i,jord,hämtad,från,en,åker,i,Mellansverige,och,placerades,i,ett,klimatreglerat,växthus,på,Örebro,universitet,.,Frön,såddes,samtidigt,i,såjord,och,vermiculit,för,senare,omplantering,till,krukor,med,åkerjorden,.,Åkerjorden,analyserades,innan,sådd,på,syralakbar,halt,metaller,samt,på,växttillgänglig,;,reducerbar,och,oxiderbar,halt,.,Plantorna,skördades,vid,två,tillfällen,varpå,metallinnehållet,mättes,för,olika,växtdelar,.,Jorden,analyserades,efter,skörd,.,Metallanalysen,gjordes,i,IPC-MS,Agilent,7500,cx,.,Resultaten,analyserades,utifrån,en,signifikansnivå,på,5,%,och,plantans,ackumuleringseffektivitet,beräknades,och,bedömdes,utifrån,BCF,(,bioconcentration,factors,),.,Resultat,och,slutsats,:,H.,maximilianis,tillväxt,i,åkerjorden,var,låg,.,Möjligtvis,på,grund,av,låg,syrehalt,och,/,eller,lågt,pH,i,jorden,.,H.,maximiliani,tog,effektivt,upp,metaller,som,V,;,Cr,;,Co,;,Ni,;,Cu,;,Zn,;,Sr,;,Mo,;,Cd,;,Ba,och,Tl,från,den,växttillgängliga,fraktionen,i,marken,till,blad,och,stjälk,.,För,att,i,realiteten,kunna,använda,den,perenna,solrosen,H,maximiliani,som,fytoremedieringsgröda,krävs,högre,tillväxt,än,vad,som,åstadkommits,i,studien,.,Åkerjorden,från,Kvinnersta,innehöll,halter,av,Cd,;,Cu,;,Zn,och,Ni,högre,än,riktvärdena,för,acceptabel,nivå,innan,slamgödsling,bör,ske,;,samt,halter,som,översteg,eller,gränsade,till,riktvärdena,för,högsta,acceptabla,nivå,för,känslig,markanvändning,för,metallerna,As,;,Ba,;,Cd,;,Cu,;,och,Zn,.,Halten,uran,var,mellan,cirka,5,och,50,gånger,högre,än,den,genomsnittliga,uranhalten,för,jordar,i,Europa,.,De,metaller,av,dem,som,förekom,i,hög,halt,i,jorden,(,jämfört,med,Naturvårdsverkets,gränsvärden,för,känslig,markanvändning,;,samt,gräns,vid,slamgödsling,),som,H.,maximiliani,inte,tog,upp,effektivt,var,As,;,Pb,och,U.","Arbetet,behandlar,fytoremediering,i,åkerjord,med,fokus,på,perenn,solros,,,*,Helianthus,maximilianii,*,(,H.,maximilianis,),.,Utgångspunkten,är,att,jordar,i,jordbrukslandskapet,ibland,bär,på,förhöjda,halter,metaller,från,tidigare,markanvändning,,,atmosfäriskt,nedfall,eller,tillförsel,via,insatsmedel,.,I,stället,för,att,gräva,bort,jord,eller,kapsla,in,föroreningar,prövas,en,växtbaserad,metod,där,biomassa,och,rotaktivitet,används,för,att,påverka,metallers,rörlighet,och,minska,deras,tillgänglighet,i,marken,.,Studien,kopplar,växtens,etablering,och,tillväxt,till,metallanalysen,i,både,jord,och,växtmaterial,.,Tyngdpunkten,ligger,på,hur,metaller,fördelas,mellan,rot,och,ovanjordisk,biomassa,samt,om,upptaget,når,nivåer,som,gör,skörd,till,ett,meningsfullt,verktyg,för,att,successivt,avlägsna,metaller,ur,matjorden,.,Samtidigt,diskuteras,den,praktiska,sidan,:,perenn,solros,har,lång,växtsäsong,,,stort,rotsystem,och,återkommande,skördemöjlighet,utan,årlig,jordbearbetning,,,vilket,kan,vara,en,fördel,på,åkermark,där,markstruktur,och,erosion,är,relevanta,frågor,.,Resultaten,tolkas,i,relation,till,jordens,egenskaper,och,den,kemiska,form,som,metallerna,förekommer,i,,,eftersom,sådant,ofta,styr,både,växternas,tillgång,och,analysens,utslag,.,Arbetet,mynnar,ut,i,en,bedömning,av,H.,maximilianis,som,saneringsgröda,i,jordbruksmiljö,:,potentialen,finns,,,men,nyttan,avgörs,av,vilka,metaller,som,dominerar,,,hur,lätt,de,mobiliseras,och,om,den,skördade,biomassan,kan,hanteras,på,ett,säkert,och,rimligt,sätt,."
"Digital,video,är,ett,område,som,expanderat,kraftigt,senaste,åren,.,På,grund,av,avancerade,videokompressionsmetoder,kan,numera,en,hel,långfilm,rymmas,på,mobiltelefonen,eller,den,handhållna,videospelaren,.,Men,hur,fungerar,videokompression,och,hur,hårt,kan,man,komprimera,en,viss,filmsekvens,med,bibehållen,användarnytta,?,I,denna,uppsats,görs,en,genomgång,för,grunderna,inom,videokompression,.,Dess,förhållande,till,användarnyttan,undersöks,genom,ett,experiment,.,I,detta,experiment,testas,tre,videosekvenser,komprimerade,med,tre,olika,kodekar,i,tre,olika,datahastigheter,för,tre,olika,experimentgrupper,.,Slutsatsen,av,denna,studie,är,att,det,är,svårt,att,hitta,en,exakt,brytpunkt,där,användaren,finner,videokvaliteten,oacceptabel,.,Dock,kan,det,konstateras,att,den,högsta,datahastigheten(256,kbit,/,s,),genererar,hög,användarnytta,medan,den,lägsta,datahastigheten,genererar,låg,användarnytta,.,Mellanhastigheten,128,kbit,/,s,får,knappt,godkänt,av,testpersonerna,.","Uppsatsen,behandlar,hur,videokompression,påverkar,användarnyttan,i,praktiska,användningssituationer,.,Utgångspunkten,är,att,video,i,dag,konsumeras,under,skiftande,tekniska,villkor,:,mobilnät,med,varierande,täckning,,,trådlösa,hemnätverk,med,trängsel,och,tjänster,som,behöver,fungera,på,allt,från,billiga,telefoner,till,stora,tv-skärmar,.,I,det,landskapet,blir,kompression,inte,bara,en,fråga,om,filstorlek,,,utan,om,upplevd,kvalitet,,,väntetid,och,stabilitet,.,Fokus,ligger,på,sambandet,mellan,datahastighet,och,upplevelse,.,Lägre,bitrate,kan,minska,buffring,och,göra,uppspelningen,mer,följsam,,,vilket,ofta,upplevs,som,en,tydlig,vinst,även,om,bilden,blir,mjukare,eller,mer,artefaktfylld,.,När,datahastigheten,räcker,till,skiftar,prioriteringen,snabbt,:,användare,tenderar,att,acceptera,högre,belastning,på,nät,och,enhet,om,de,får,skarpare,detaljer,,,bättre,rörelseåtergivning,och,färre,kompressionsspår,i,mörka,partier,.,Det,visar,hur,nyttan,inte,kan,reduceras,till,ett,enskilt,kvalitetsmått,.,Den,formas,av,sammanhanget,,,av,förväntningar,och,av,vad,som,stör,mest,i,stunden,.,Uppsatsen,jämför,också,hur,olika,kodekar,och,kodningsstrategier,hanterar,avvägningen,mellan,kvalitet,och,datamängd,.,Äldre,standarder,kan,vara,enklare,att,avkoda,och,mer,kompatibla,,,men,kräver,ofta,högre,bitrate,för,samma,visuella,resultat,.,Nyare,kodekar,pressar,ned,datahastigheten,,,ibland,markant,,,men,kan,samtidigt,innebära,tyngre,beräkningar,,,högre,energiförbrukning,och,större,krav,på,hårdvarustöd,.,I,praktiken,blir,valet,av,kodek,därför,en,produktfråga,lika,mycket,som,en,teknisk,fråga,:,vad,tjänar,användaren,mest,på,,,i,just,den,miljö,där,tjänsten,används,?,Genom,att,knyta,kompression,till,konkreta,nyttokriterier,—,starttid,,,avbrott,,,batteriförbrukning,,,upplevd,skärpa,och,rörelse,—,skisserar,arbetet,en,mer,jordnära,bild,av,vad,“,bättre,video,”,faktiskt,betyder,.,Resultatet,pekar,mot,att,optimal,kompression,sällan,är,en,fast,punkt,.,Den,är,rörlig,och,behöver,anpassas,efter,nätförhållanden,och,enhet,,,men,också,efter,vilken,typ,av,innehåll,som,spelas,upp,och,vilken,tolerans,användaren,har,för,olika,typer,av,försämringar,."
"Det,svenska,språket,ska,finnas,tillgängligt,för,alla,som,bor,och,verkar,i,Sverige,.,Därförär,det,viktigt,att,det,finns,lättlästa,alternativ,för,dem,som,har,svårighet,att,läsa,svensktext,.,Detta,arbete,bygger,vidare,på,att,visa,att,det,är,möjligt,att,skapa,ett,automatisktomskrivningsprogram,som,gör,texter,mer,lättlästa,.,Till,grund,för,arbetet,liggerCogFLUX,som,är,ett,verktyg,för,automatisk,omskrivning,till,lätt,svenska,.,CogFLUXinnehåller,funktioner,för,att,syntaktiskt,skriva,om,texter,till,mer,lättläst,svenska,.,Omskrivningarna,görs,med,hjälp,av,omskrivningsregler,framtagna,i,ett,tidigare,projekt,.,I,detta,arbete,implementeras,ytterligare,omskrivningsregler,och,även,en,ny,modul,förhantering,av,synonymer,.,Med,dessa,nya,regler,och,modulen,ska,arbetet,undersöka,omdet,är,det,är,möjligt,att,skapa,system,som,ger,en,mer,lättläst,text,enligt,etableradeläsbarhetsmått,som,LIX,;,OVIX,och,Nominalkvot,.,Omskrivningsreglerna,ochsynonymhanteraren,testas,på,tre,olika,texter,med,en,total,lägnd,på,ungefär,hundra,tusenord,.,Arbetet,visar,att,det,går,att,sänka,både,LIX-värdet,och,Nominalkvoten,signifikantmed,hjälp,av,omskrivningsregler,och,synonymhanterare,.,Arbetet,visar,även,att,det,finnsfler,saker,kvar,att,göra,för,att,framställa,ett,riktigt,bra,program,för,automatiskomskrivning,till,lätt,svenska,.","Uppsatsen,behandlar,hur,ett,automatiskt,omskrivningsverktyg,kan,byggas,ut,för,att,producera,text,på,lätt,svenska,.,Utgångspunkten,är,att,många,texter,blir,onödigt,svåra,genom,långa,meningar,,,täta,nominaliseringar,och,ordval,som,kräver,god,språklig,vana,.,Målet,med,påbyggnaden,är,därför,inte,att,”,förenkla,allt,”,,,utan,att,göra,innehållet,mer,tillgängligt,utan,att,tappa,betydelse,,,ton,eller,centrala,nyanser,.,Arbetet,kretsar,kring,tre,delar,:,lättläst-principer,,,läsbarhetsmått,och,synonymhantering,.,Lättläst,fungerar,som,en,praktisk,målbild,:,kortare,satser,,,tydligare,referenser,,,rakare,ordföljd,och,ett,ordförråd,som,fler,känner,igen,.,För,att,kunna,mäta,om,omskrivningarna,faktiskt,rör,sig,i,rätt,riktning,används,läsbarhetsmått,som,kvantitativa,signaler,,,exempelvis,hur,meningslängd,och,ordens,komplexitet,förändras,.,Sådana,mått,räcker,inte,för,att,bedöma,begriplighet,på,egen,hand,,,men,de,ger,ett,konkret,sätt,att,jämföra,versioner,och,upptäcka,när,en,omskrivning,råkar,göra,texten,krångligare,trots,goda,intentioner,.,Synonymhanteringen,blir,en,kärnfråga,,,eftersom,”,enklare,ord,”,inte,alltid,är,rätt,ord,.,Verktyget,behöver,kunna,föreslå,byten,som,passar,i,sammanhanget,och,undvika,falska,vänner,,,stilkrockar,och,betydelseglidningar,.,I,praktiken,handlar,det,om,att,väga,frekvens,och,enkelhet,mot,precision,:,ibland,är,ett,längre,ord,ändå,det,tydligaste,,,ibland,räcker,ett,vardagligare,alternativ,.,Särskild,uppmärksamhet,läggs,på,polysemi,och,fasta,uttryck,,,där,en,ord-för-ord-logik,ofta,faller,igenom,och,resultatet,kan,bli,märkligt,eller,missvisande,.,Påbyggnaden,beskrivs,som,ett,steg,mot,mer,språkteknologiskt,stöd,för,tillgänglighet,.,Ett,fungerande,omskrivningsverktyg,kan,avlasta,skribenter,och,förbättra,konsekvensen,i,lättläst,bearbetning,,,men,det,kräver,styrning,och,kontrollmekanismer,så,att,förenklingen,inte,blir,en,förflackning,.,I,slutändan,framstår,balansen,mellan,mätbar,läsbarhet,och,verklig,begriplighet,som,det,som,avgör,kvaliteten,:,verktyget,ska,inte,bara,göra,texten,kortare,,,utan,göra,den,lättare,att,följa,."
"Forskning,har,visat,på,flera,former,av,migrationsrelaterad,språklig,variation,;,däribland,förortssvenska,och,förortsslang,.,Syftet,med,studien,är,att,undersöka,gymnasielärares,beskrivningar,av,och,attityder,till,förortssvenska,och,förortsslang,.,Metoden,består,av,en,enkätundersökning,;,där,lärarna,har,fått,lyssna,på,några,språkprov,och,svarat,på,några,frågor,;,varpå,ett,fokusgruppssamtal,tagit,vid,.,Materialet,i,examensarbetet,utgörs,av,sju,ifyllda,enkäter,och,tre,därpå,följande,fokusgruppssamtal,som,spelats,in,och,sedan,grovtranskriberats,.,Resultatet,gav,en,splittrad,bild,.,Lärarna,värderade,personer,som,talade,förortsslang,som,mindre,ordentliga,;,mindre,trevliga,och,tuffare,medan,talare,av,förortssvenska,uppfattades,som,trevligare,;,mer,ordentliga,och,mer,intelligenta,.,Vissa,av,lärarna,kunde,identifiera,förortssvenskan,och,dess,avvikande,prosodi,.,Några,av,lärarna,tolkade,förortsslang,som,bristfälligt,inlärarspråk,medan,andra,analyserade,slangspråket,som,en,markör,av,grupptillhörighet,.,Den,sociolingvistiska,medvetenheten,tolkas,därmed,som,hög,hos,vissa,lärare,i,studien,och,låg,hos,andra,lärare,.","Uppsatsen,tar,sin,utgångspunkt,i,hur,gymnasielärare,talar,om,det,som,ofta,kallas,förortssvenska,och,förortsslang,,,och,vad,deras,sätt,att,beskriva,varieteterna,säger,om,både,attityder,och,sociolingvistisk,medvetenhet,.,Titeln,–,“,Jag,tror,inte,han,är,där,än,;,alltså,rent,språkligt,”,–,pekar,mot,ett,återkommande,perspektiv,där,elevers,språk,kopplas,till,utveckling,,,nivå,och,”,språklig,mognad,”,,,snarare,än,till,stilval,eller,identitet,.,I,lärarnas,utsagor,framträder,förortsspråk,ofta,som,något,som,sitter,i,munnen,på,vissa,elever,,,i,vissa,områden,,,i,vissa,grupper,,,och,som,därmed,blir,lätt,att,kategorisera,och,värdera,.,Materialet,visar,att,lärarna,rör,sig,mellan,två,sätt,att,förstå,fenomenet,.,Å,ena,sidan,beskrivs,förortssvenska,som,ett,register,som,kan,vara,funktionellt,i,kamratrelationer,och,i,informella,situationer,,,ibland,med,en,tydlig,respekt,för,elevernas,språkliga,repertoar,och,förmåga,att,växla,.,Å,andra,sidan,blir,förortsslang,i,flera,beskrivningar,ett,problem,att,hantera,i,skolans,text-,och,bedömningspraktiker,.,Det,handlar,inte,bara,om,enstaka,ord,,,utan,om,uttal,,,prosodi,,,uttryckssätt,och,ibland,ett,helt,“,tonläge,”,som,uppfattas,som,avvikande,från,skolans,normer,.,När,gränsen,dras,mot,“,korrekt,svenska,”,görs,det,ofta,med,vardagliga,kriterier,och,exempel,,,snarare,än,med,ett,genomarbetat,metaspråk,.,En,central,iakttagelse,är,att,attityderna,sällan,är,entydigt,negativa,eller,positiva,.,Många,lärare,uttrycker,en,dubbelhet,:,de,kan,uppskatta,kreativiteten,och,gruppmarkeringen,samtidigt,som,de,oroar,sig,för,konsekvenser,i,betygssättning,,,nationella,prov,och,framtida,studier,eller,arbetsliv,.,Det,framkommer,också,hur,lärarnas,egna,föreställningar,om,språk,och,social,tillhörighet,påverkar,tolkningen,av,elevernas,uttryck,.,Förortssvenska,riskerar,då,att,fungera,som,en,signal,om,brist,,,trots,att,den,lika,gärna,kan,förstås,som,ett,kompetent,stilval,i,en,flerspråkig,och,urban,språkmiljö,.,Uppsatsen,belyser,därmed,hur,gymnasielärares,sociolingvistiska,medvetenhet,tar,form,i,praktiken,:,i,det,de,lägger,märke,till,,,i,det,de,reagerar,på,och,i,hur,de,sätter,ord,på,skillnader,.,I,vissa,fall,finns,en,tydlig,förståelse,för,variation,,,register,och,situationsanpassning,.,I,andra,blir,“,förortsspråk,”,en,samlingsetikett,som,blandar,ihop,slang,,,brytning,,,flerspråkiga,drag,och,ungdomsspråk,,,vilket,gör,bedömningarna,trubbiga,och,ibland,moraliserande,.,Sammantaget,visar,studien,att,lärarnas,beskrivningar,inte,bara,handlar,om,språk,,,utan,också,om,vilka,elever,som,uppfattas,höra,hemma,i,skolans,språkliga,mittfåra,–,och,vilka,som,placeras,i,utkanten,."
"Den,här,uppsatsen,är,en,undersökning,av,eventkulturen,i,det,regionala,resurscentrumet,Film,i,Skåne,.,Uppsatsens,teoretiska,utgångspunkter,är,befintlig,forskning,om,den,svenska,filmproduktionens,regionalisering,;,vilken,är,en,förutsättning,för,Film,i,Skånes,hela,verksamhet,;,samt,forskning,om,filmfestivalernas,funktion,för,enskilda,filmer,och,dess,ursprungsland,/,region,.,Syftet,med,uppsatsen,är,att,ta,reda,på,hur,eventkulturen,främjar,Film,i,Skånes,verksamhet,och,vad,eller,vilka,som,gynnas,av,verksamhetens,eventkultur,.,Tre,stycken,former,av,event,som,Film,i,Skåne,arrangerar,/,samarrangerar,förklaras,och,diskuteras,i,en,analys,med,syftet,att,ta,reda,på,hur,eventkulturen,fungerar,och,verkar,.,De,utvalda,eventen,är,CineSkåne,;,M,:,Dox,och,Filmbar,.,Med,hjälp,av,de,teoretiska,utgångspunkterna,utreds,eventens,funktion,i,Film,i,Skånes,verksamhet,.,I,slutdiskussionen,argumenteras,det,för,att,eventkulturen,i,Film,i,Skånes,verksamhet,blir,ett,verktyg,för,att,stärka,sin,egen,position,i,filmsverige,och,säkra,den,egna,tillväxten,.,Det,argumenteras,också,för,att,eventkulturen,gynnar,filmklimatet,i,regionen,genom,ett,brett,arrangörsnätverk,som,når,ut,i,stora,delar,av,regionen,samt,att,de,möjligheter,till,möten,och,utveckling,för,filmarbetare,som,eventkulturen,också,bidrar,med,är,till,stor,fördel,för,dem,.","Uppsatsen,undersöker,hur,Film,i,Skåne,har,byggt,upp,och,organiserat,en,egen,eventverksamhet,och,vad,den,har,fått,för,konsekvenser,för,regionens,filmkultur,.,Utgångspunkten,är,att,Skåne,under,en,längre,period,har,sett,en,tydlig,tillväxt,av,filmevent,–,från,större,festivalformat,till,återkommande,klubbkvällar,–,och,att,denna,utveckling,kan,förstås,som,en,sorts,“,eventbubbla,”,,,där,satsningar,på,synlighet,och,upplevelse,tenderar,att,driva,fram,fler,arrangemang,,,fler,samarbeten,och,högre,förväntningar,på,publikt,genomslag,.,Studien,tar,avstamp,i,konkreta,exempel,ur,Film,i,Skånes,portfölj,:,M,:,Dox,som,dokumentärinriktad,visnings-,och,samtalsplattform,,,CineSkåne,som,regional,samordning,och,spridning,av,filmkulturella,aktiviteter,,,samt,Filmbar,som,ett,mer,informellt,format,där,bransch,,,publik,och,lokala,aktörer,möts,.,Genom,att,följa,hur,dessa,event,produceras,,,marknadsförs,och,motiveras,framträder,en,eventkultur,där,filmen,ofta,fungerar,som,nav,,,men,där,lika,mycket,står,på,spel,i,kringaktiviteterna,:,samtalen,,,nätverkandet,,,platsens,symbolvärde,och,känslan,av,att,“,vara,där,”,när,något,händer,.,En,röd,tråd,är,regionalisering,.,Film,i,Skåne,framställs,inte,enbart,som,en,produktions-,eller,stödstruktur,utan,som,en,aktör,som,gör,regionen,synlig,genom,återkommande,offentliga,händelser,.,Eventen,blir,ett,verktyg,för,att,skapa,en,gemensam,skånsk,filmidentitet,och,samtidigt,knyta,regionen,närmare,nationella,och,internationella,flöden,av,festivaler,,,gäster,och,premiärer,.,I,det,ligger,också,en,spänning,:,mellan,Malmö,/,Lund,som,naturliga,dragpunkter,och,ambitionen,att,nå,hela,Skåne,,,mellan,bredd,och,spets,,,mellan,kulturpolitiska,mål,och,kravet,på,publik,attraktionskraft,.,Uppsatsen,visar,hur,eventlogiken,påverkar,prioriteringar,.,Det,som,går,att,paketera,som,en,tydlig,händelse,får,ofta,företräde,framför,långsammare,arbete,som,är,svårare,att,kommunicera,i,affischer,,,pressutskick,och,sociala,medier,.,Festivaler,och,liknande,arrangemang,skapar,energi,och,legitimitet,,,men,de,binder,också,resurser,,,kräver,kontinuitet,och,riskerar,att,skapa,en,trängsel,där,nya,initiativ,måste,överrösta,varandra,för,att,märkas,.,“,Eventbubblan,”,beskriver,därför,inte,bara,en,uppgång,i,antal,arrangemang,,,utan,ett,klimat,där,filmkulturell,verksamhet,i,ökande,grad,mäts,i,synlighet,,,tempo,och,upplevelsevärde,.,Samtidigt,framstår,Film,i,Skånes,eventverksamhet,som,en,central,mötesplats,i,regionen,.,Den,ger,utrymme,för,dokumentär,och,smalare,film,,,skapar,kontaktytor,mellan,lokala,filmarbetare,och,publik,,,och,bidrar,till,att,hålla,igång,biograf-,och,visningskulturen,i,en,tid,när,rörlig,bild,annars,lätt,flyttar,hem,till,individuella,skärmar,.,Resultatet,blir,en,bild,av,en,regional,aktör,som,genom,sina,event,både,stärker,filmens,offentlighet,i,Skåne,och,dras,med,de,inbyggda,riskerna,i,en,kultur,som,gärna,jagar,nästa,programsläpp,,,nästa,gäst,,,nästa,kväll,som,ska,kännas,större,än,den,förra,."
"Bakgrund,.,Skratt,och,humor,inom,vården,kan,minska,stress,,,oro,,,rädsla,och,utbrändhet,.,Humor,kan,även,bygga,relationer,och,lätta,upp,stämningen,.,Humor,kan,användas,som,kommunikationsmedel,mellan,människor,.,Syfte,.,Syftet,med,studien,var,att,belysa,hur,humor,i,vården,påverkar,patienter,och,personal,.,Metod,.,Litteraturstudie,där,sju,vetenskapliga,artiklar,granskades,och,analyserades,med,inspiration,av,Graneheim,och,Lundmans,(,2004,),analysmodell,.,Resultat,.,Studiens,resultat,påvisade,att,humor,ansågs,ha,en,viktig,funktion,i,vården,.,Humor,hjälpte,till,att,bemästra,svåra,situationer,,,att,hantera,känslor,,,bidra,till,välbefinnande,och,påverka,relationen,och,kommunikationen,.,Slutsats,.,Inom,vården,uppfattades,humor,vara,viktig,för,både,vårdpersonal,och,patienter,.,Humor,ansågs,kunna,påverka,patienter,och,vårdpersonal,genom,att,vara,en,hjälp,till,att,bemästra,situationer,,,bidra,till,välbefinnande,,,hantera,känslor,och,underlätta,relationen,och,kommunikationen,.","Titeln,”,Vad,är,det,för,vits,med,humor,i,vården,?,”,pekar,på,något,som,ofta,hamnar,i,skymundan,när,vård,diskuteras,som,teknik,,,rutiner,och,mätbara,resultat,.,Humor,framstår,här,inte,som,en,distraktion,från,det,”,riktiga,”,arbetet,,,utan,som,ett,mänskligt,verktyg,som,kan,påverka,välbefinnande,,,bemästring,och,kontakten,mellan,patient,och,sjuksköterska,.,I,mötet,där,oro,,,smärta,eller,osäkerhet,tar,stor,plats,kan,ett,skratt,eller,en,lättare,kommentar,fungera,som,en,liten,paus,i,det,tunga,.,Den,pausen,kan,göra,skillnad,:,den,kan,ge,andrum,,,sänka,spänningen,i,rummet,och,hjälpa,patienten,att,återfå,en,känsla,av,kontroll,.,Ur,ett,patientperspektiv,kan,humor,bidra,till,välbefinnande,på,ett,sätt,som,inte,låter,sig,fångas,helt,av,vårdplaner,.,Att,bli,sedd,som,mer,än,sin,diagnos,spelar,roll,.,Humor,kan,signalera,normalitet,och,mänsklig,närhet,,,ibland,också,hopp,.,För,vissa,blir,det,ett,sätt,att,bemästra,situationen,;,skämt,kan,fungera,som,en,strategi,för,att,stå,ut,,,förhandla,med,rädslan,och,göra,det,som,känns,hotfullt,mer,hanterbart,.,Samtidigt,finns,det,patienter,som,inte,vill,ha,skämt,alls,,,eller,som,upplever,humor,som,fel,tajmad,.,Då,blir,humorn,snarare,ett,test,på,lyhördhet,än,ett,”,knep,”,som,alltid,fungerar,.,För,sjuksköterskan,rör,humor,både,kommunikation,och,relation,.,I,praktiken,kan,humor,öppna,en,dörr,där,det,annars,bara,finns,korta,svar,och,spänd,tystnad,.,Den,kan,underlätta,känsliga,samtal,,,minska,hierarkier,och,skapa,en,mer,jämbördig,ton,,,utan,att,professionaliteten,behöver,gå,förlorad,.,I,en,fungerande,relation,kan,humor,också,bli,en,markör,för,tillit,:,patienten,vågar,skämta,,,sjuksköterskan,vågar,följa,med,,,och,båda,känner,av,gränserna,.,Den,gränskänslan,är,central,.,Humor,som,bygger,på,patientens,villkor,kan,förstärka,trygghet,,,men,humor,som,används,slentrianmässigt,,,eller,som,råkar,träffa,fel,,,riskerar,att,skapa,avstånd,och,upplevelser,av,att,inte,bli,tagen,på,allvar,.,En,annan,aspekt,handlar,om,bemästring,även,för,vårdpersonal,.,Vårdmiljöer,innehåller,stress,,,etiska,dilemman,och,många,möten,med,lidande,.,Humor,kan,fungera,som,ett,sätt,att,hantera,press,och,återhämta,sig,mellan,svåra,situationer,.,Det,är,dock,en,tunn,linje,mellan,avlastning,och,cynism,.,När,humorn,blir,hård,,,intern,eller,riktad,åt,”,fel,håll,”,förändras,den,från,stöd,till,skyddsmekanism,,,och,då,kan,den,skada,relationen,till,patienten,eller,påverka,arbetsklimatet,negativt,.,Sammantaget,framstår,humorns,vits,i,vården,som,något,konkret,men,svårmätt,:,den,kan,stärka,välbefinnande,,,stödja,bemästring,och,fördjupa,kommunikationen,mellan,patient,och,sjuksköterska,.,Allt,hänger,på,timing,,,ton,och,intention,.,Humor,fungerar,bäst,när,den,är,lyhörd,,,situationsanpassad,och,förankrad,i,respekt,,,inte,när,den,används,som,standardlösning,eller,som,en,genväg,för,att,slippa,det,svåra,."
"Syftet,med,denna,studie,var,att,belysa,ensamhet,bland,äldre,.,För,att,få,en,djupare,förståelse,för,betydelsen,av,de,äldres,sociala,förhållanden,,,gjordes,en,kvalitativ,intervjuundersökning,med,tre,äldre,människor,boende,i,eget,hem,med,hemtjänstinsatser,samt,tre,boende,på,servicehus,,,med,avsikt,att,jämföra,upplevelsen,av,ensamhet,i,de,olika,boendeformerna,.,Resultatet,tematiserades,kring,följande,teman,:,ålder,och,aktivitet,,,åldrande,och,sociala,kontakter,,,åldrande,och,upplevelse,av,ensamhet,/,gemenskap,,,boendeformen,och,dess,betydelse,för,ensamhets-/gemenskapsupplevelsen,,,hemtjänstens,betydelse,samt,strategier,mot,den,eventuella,ensamheten,.,Analysen,av,resultatet,gjordes,utifrån,följande,gerontologiska,teorier,:,rollteorin,,,aktivitetsteorin,,,disengagemangsteorin,,,teorin,om,gerotranscendens,och,livsloppsperspektiv,på,åldrandet,.,Undersökningen,visade,att,samtliga,respondenter,upplever,en,minskning,av,de,sociala,kontakterna,på,grund,av,åldrandet,och,medföljande,funktionsnedsättning,och,att,detta,har,bidragit,till,en,ökning,av,fysisk,ensamhet,.,Upplevelsen,av,ensamhet,tycks,däremot,inte,vara,påverkad,av,vare,sig,ålder,eller,boendeform,.,Alla,respondenter,tyckte,att,fysiska,aktiviteter,var,viktiga,och,deltog,själva,i,någon,form,av,aktivitet,oavsett,om,de,kände,sig,ensamma,eller,ej,.,Hemtjänstpersonalen,har,en,stor,betydelse,i,respondenternas,vardag,.,Den,minskar,deras,ensamhet,och,är,en,trygghetsfaktor,.,Positiva,omdömen,är,återkommande,i,respondenternas,beskrivning,av,hemtjänstens,roll,i,deras,tillvaro,.","Studien,tar,sin,utgångspunkt,i,frågan,om,hur,ensamhet,tar,form,i,ålderdomen,och,hur,den,upplevs,av,äldre,som,bor,kvar,i,eget,hem,jämfört,med,personer,som,bor,på,servicehus,.,Fokus,ligger,på,ensamhet,som,erfarenhet,snarare,än,som,ett,rent,mått,på,hur,ofta,man,träffar,andra,.,Genom,en,kvalitativ,ansats,undersöks,berättelser,om,vardag,,,relationer,och,den,sociala,omgivning,som,omger,den,äldre,,,där,både,känslan,av,att,sakna,någon,och,mer,lågmälda,former,av,tomhet,får,utrymme,.,Resultatet,pekar,mot,att,ensamhet,bland,äldre,är,mångfacetterad,och,ofta,sammanflätad,med,åldrandeprocessens,förändringar,.,För,flera,handlar,ensamhet,om,förlust,:,en,partner,som,gått,bort,,,vänner,som,fallit,ifrån,,,och,en,gradvis,krympande,umgängeskrets,.,Det,sociala,nätverket,förändras,inte,alltid,dramatiskt,över,en,natt,,,utan,tunnas,ut,.,I,det,egna,hemmet,kan,självständigheten,upplevas,som,värdefull,,,men,den,kan,också,bli,en,ram,som,låser,fast,dagen,i,repetitiva,rutiner,där,få,spontana,möten,uppstår,.,Den,som,har,begränsad,rörlighet,eller,oro,inför,att,gå,ut,får,lätt,ett,mindre,handlingsutrymme,,,vilket,i,sin,tur,kan,driva,på,social,isolering,även,om,viljan,att,ha,kontakt,finns,kvar,.,För,boende,på,servicehus,framträder,en,annan,bild,.,Närheten,till,andra,människor,skapar,fler,tillfällen,till,social,kontakt,,,men,det,betyder,inte,att,ensamheten,försvinner,.,En,del,beskriver,att,det,finns,ett,”,sällskap,”,runt,omkring,men,att,relationerna,kan,kännas,ytliga,eller,ojämlika,.,Man,kan,delta,i,gemensamma,aktiviteter,och,ändå,sakna,någon,som,känner,ens,historia,.,Samtidigt,kan,servicehuset,ge,en,känsla,av,trygghet,och,en,struktur,som,gör,det,lättare,att,hålla,igång,vardagliga,sociala,vanor,.,Skillnaden,mellan,att,vara,ensam,och,att,känna,sig,ensam,blir,tydlig,här,:,närvaron,av,andra,räcker,inte,alltid,,,men,den,kan,underlätta,.,Överlag,visar,studien,att,ensamhetsupplevelsen,påverkas,av,hur,relationer,ser,ut,,,hur,lätt,det,är,att,upprätthålla,dem,och,hur,den,äldre,själv,tolkar,sin,situation,.,Social,isolering,framstår,som,en,riskfaktor,,,men,ensamhet,är,inte,automatiskt,kopplad,till,att,vara,mycket,ensam,rent,praktiskt,.,Några,kan,ha,få,kontakter,och,ändå,känna,sig,förhållandevis,nöjda,,,andra,kan,vara,omgivna,av,människor,men,uppleva,ett,avstånd,.,Det,som,återkommer,är,betydelsen,av,meningsfulla,band,,,möjligheten,till,ömsesidighet,och,att,bli,sedd,som,mer,än,”,en,boende,”,eller,”,en,brukare,”,."
"Syftet,med,denna,c-uppsats,har,varit,att,kartlägga,Pensionärernas,riksorganisations,(,PRO,),roll,inom,äldreomsorgen,i,Österåkers,kommun,.,I,vilket,avseende,PRO,är,ett,komplement,eller,en,ersättning,till,kommunens,verksamhet,.,Den,här,studien,faller,under,kvalitativ,forskning,och,bygger,enbart,på,skriftligt,underlag,.,Materialet,är,PRO,:,s,mål,,,handlingsprogram,på,riksnivå,och,verksamhetsberättelse,2004,för,Österåkers,kommun,och,kommunens,mål,,,riktlinjer,och,verksamhetsberättelse,2004,.,Studien,har,visat,att,frivilliga,organisationer,i,nästan,alla,under-sökningar,man,har,gjort,har,haft,en,stark,roll,inom,den,offentliga,sektorn,.,Även,från,politiskt,håll,har,man,också,velat,att,dessa,organisationer,ska,sköta,en,del,av,kommunens,verksamhet,.,Studien,har,också,visat,genom,resultatet,och,analysen,att,PRO,som,frivilligorganisation,i,Ös-teråkers,kommun,varken,är,ett,komplement,eller,en,ersättning,till,kommunens,verksamhet,.,Däremot,har,PRO,en,roll,som,kooptering,d.v.s.,att,de,kan,påverka,beslut,som,berör,äldre,människor,genom,sin,plats,i,pensionärsrådet,.","Den,här,studien,undersöker,PRO:s,roll,inom,äldreomsorgen,i,Österåkers,kommun,och,hur,organisationen,fungerar,som,länk,mellan,äldre,invånare,,,kommunal,verksamhet,och,politiska,beslutsprocesser,.,Utgångspunkten,är,att,PRO,inte,bara,är,en,social,mötesplats,,,utan,också,en,aktör,som,försöker,påverka,villkor,,,kvalitet,och,bemötande,i,omsorgen,.,Fokus,ligger,på,hur,detta,tar,sig,uttryck,i,en,kommunal,kontext,där,ansvarsfördelning,,,resurser,och,prioriteringar,skapar,både,möjligheter,och,friktion,.,Arbetet,beskriver,hur,PRO,i,Österåker,driver,frågor,som,rör,trygghet,,,tillgänglighet,och,inflytande,,,och,hur,man,försöker,fånga,upp,äldres,erfarenheter,från,vardagen,.,Det,kan,handla,om,synpunkter,på,hemtjänstens,kontinuitet,,,boendemiljöer,,,aktivitetsutbud,eller,hur,lätt,det,är,att,nå,kommunens,stöd,.,PRO:s,praktiska,arbete,syns,i,möten,,,medlemsaktiviteter,och,kontakter,med,kommunen,,,men,också,i,det,mer,lågmälda,arbetet,där,man,tolkar,och,formulerar,medlemmarnas,behov,så,att,de,blir,begripliga,och,möjliga,att,ta,vidare,.,Samtidigt,visar,studien,att,PRO:s,påverkan,ofta,sker,under,villkor,.,Organisationens,ställning,bygger,på,förtroende,,,lokala,relationer,och,förmågan,att,vara,både,kritisk,och,konstruktiv,.,Ibland,uppstår,ett,glapp,mellan,det,som,efterfrågas,av,äldre,och,det,som,kommunen,anser,sig,kunna,leverera,,,särskilt,när,ekonomin,är,pressad,eller,när,regelverk,begränsar,handlingsutrymmet,.,PRO,hamnar,då,i,en,position,där,man,måste,välja,strider,och,arbeta,strategiskt,för,att,inte,förlora,tillgången,till,dialog,.,Genom,att,följa,PRO:s,arbete,i,Österåker,tecknar,uppsatsen,en,bild,av,civilsamhällets,roll,i,äldreomsorgen,:,som,röstbärare,,,som,samtalspartner,och,som,påminnelse,om,att,omsorg,inte,bara,handlar,om,insatser,,,utan,om,livsvillkor,.,Studien,landar,i,att,PRO,kan,bidra,till,ökad,delaktighet,och,bättre,förankring,av,beslut,,,men,att,effekten,hänger,tätt,ihop,med,kommunens,mottaglighet,och,med,PRO:s,egna,resurser,och,organisatoriska,kapacitet,."
"I,vår,undersökning,har,vi,valt,den,kvalitativa,metoden,,,närmare,bestämt,intervjuerna,,,för,att,få,svar,på,våra,frågor,.,Vilka,arbetssätt,använder,sig,lärarna,av,och,slutligen,vilka,förhållningssätt,märks,i,mötet,mellan,skolan,och,elever,i,en,skolsituation,?,I,den,empiriska,delen,har,vi,presenterat,svaren,i,olika,rubriker,:,Mötet,,,Arbetssätt,,,Elevens,självbild,och,Organisationen,.,I,vår,undersökning,intervjuade,vi,22,elever,och,4,lärare,.,Frågorna,till,respondenterna,berör,de,4,olika,rubrikerna,i,vår,undersökning,.,Intervjusvaren,visar,på,att,undervisningen,bedrivs,utefter,det,segregerande,perspektivet,.,Vidare,fann,vi,vissa,brister,i,arbetssättet,gällande,åtgärdsprogram,eftersom,flertal,av,elever,inte,kommer,ihåg,vad,som,skulle,förbättras,.,Relationer,mellan,lärare,och,elever,tyder,på,ett,bra,förhållningssätt,.,Den,här,undersökningen,hade,varit,intressant,att,utveckla,i,ett,större,perspektiv,där,diskussionen,om,betyg,kan,tas,upp,.","Titeln,pekar,mot,en,grundläggande,spänning,i,den,svenska,idén,om,“,en,skola,för,alla,”,:,ambitionen,om,inkludering,och,likvärdighet,möter,elevers,faktiska,erfarenheter,av,undervisning,som,ibland,fungerar,,,ibland,skaver,.,Ur,elevperspektiv,blir,frågan,mindre,ideologisk,och,mer,konkret,.,Handlar,“,för,alla,”,om,att,vara,i,samma,klassrum,,,eller,om,att,få,rätt,stöd,,,rätt,tempo,och,en,vardag,där,man,faktiskt,känner,sig,delaktig,?,Många,elever,beskriver,att,inkludering,kan,skapa,trygghet,och,tillhörighet,,,men,också,att,den,kan,leda,till,att,man,hamnar,i,ett,läge,där,man,varken,får,arbetsro,eller,tillräcklig,hjälp,.,I,spänningsfältet,mellan,segregerad,och,integrerad,undervisning,syns,olika,vinster,och,risker,.,Integrerad,undervisning,kan,ge,sociala,möjligheter,,,minska,stigmatisering,och,göra,det,lättare,att,känna,sig,som,“,en,i,gruppen,”,.,För,vissa,elever,blir,det,också,ett,sätt,att,hålla,kvar,motivationen,;,man,speglar,sig,i,andra,och,hittar,en,normalitet,i,skolvardagen,.,Samtidigt,berättar,elever,att,inkludering,ibland,mest,blir,en,fysisk,placering,.,Man,sitter,i,klassrummet,men,är,ändå,utanför,:,uppgifterna,är,för,svåra,eller,för,lätta,,,instruktionerna,går,för,fort,,,stödet,kommer,i,efterhand,.,När,undervisningen,inte,anpassas,i,praktiken,kan,integrering,upplevas,som,ett,krav,på,att,“,passa,in,”,,,vilket,gör,att,elever,antingen,drar,sig,undan,eller,tar,plats,på,sätt,som,stör,både,dem,själva,och,andra,.,Segregerade,lösningar,,,som,mindre,grupper,eller,särskilda,undervisningsmiljöer,,,framstår,i,elevberättelser,ofta,som,dubbelbottnade,.,På,den,ena,sidan,finns,lugnet,,,tydligheten,och,en,känsla,av,att,läraren,hinner,se,en,.,För,elever,som,under,lång,tid,upplevt,misslyckanden,kan,en,mindre,grupp,bli,ett,andrum,där,kunskapsutvecklingen,faktiskt,tar,fart,.,På,den,andra,sidan,finns,risken,att,man,tappar,kontakten,med,kamrater,,,att,man,märks,ut,,,eller,att,förväntningarna,sänks,så,att,undervisningen,blir,mer,förvaring,än,utbildning,.,Vissa,elever,uttrycker,också,en,oro,för,att,det,som,sägs,vara,stöd,kan,bli,en,återvändsgränd,,,särskilt,om,vägen,tillbaka,till,ordinarie,undervisning,är,oklar,eller,om,man,sällan,får,prova,sina,vingar,.,Hur,skolan,lyckas,verkar,i,hög,grad,hänga,på,förhållningssätt,och,arbetssätt,snarare,än,på,etiketten,“,integrerad,”,eller,“,segregerad,”,.,Elevperspektivet,lyfter,fram,relationer,och,bemötande,som,avgörande,.,En,lärare,som,tolkar,svårigheter,som,motstånd,eller,brist,på,vilja,skapar,lätt,en,vardag,där,eleven,hamnar,i,försvar,.,Ett,förhållningssätt,som,i,stället,utgår,från,att,svårigheter,är,något,som,kan,förstås,och,hanteras,–,tillsammans,–,förändrar,klimatet,i,klassrummet,.,Det,märks,i,små,saker,:,hur,man,pratar,om,stöd,,,om,hjälp,ges,utan,att,man,behöver,be,om,den,inför,alla,,,om,eleven,får,vara,kompetent,i,något,och,inte,bara,“,den,som,behöver,”,.,Arbetssätt,som,återkommer,i,elevernas,beskrivningar,rör,tydlighet,,,struktur,och,variation,.,När,mål,och,steg,är,begripliga,,,när,man,vet,vad,som,förväntas,och,får,rimliga,tidsramar,,,minskar,stressen,och,fler,orkar,vara,kvar,i,uppgiften,.,Flexibla,former,–,möjlighet,att,visa,kunskap,på,olika,sätt,,,arbeta,i,olika,tempo,,,växla,mellan,enskilt,och,tillsammans,–,kan,skapa,en,känsla,av,kontroll,.,Men,flexibilitet,utan,ramar,kan,också,slå,fel,,,särskilt,för,elever,som,behöver,förutsägbarhet,.,Då,blir,valfrihet,bara,ännu,en,sak,att,misslyckas,med,.,Under,ytan,ligger,människo-,och,kunskapssyn,.,Om,skolan,ser,elever,som,“,lika,”,på,ett,sätt,som,innebär,att,alla,ska,göra,samma,sak,på,samma,vis,,,riskerar,olikheter,att,bli,problem,som,ska,döljas,.,Om,skolan,i,stället,ser,olikhet,som,normalvariation,blir,anpassningar,mindre,laddade,och,mer,självklara,.,Synen,på,kunskap,spelar,också,in,:,om,kunskap,förstås,som,något,som,främst,mäts,genom,tempo,och,rätt,svar,,,hamnar,elever,med,andra,förutsättningar,snabbt,i,underläge,.,En,bredare,kunskapssyn,,,där,förståelse,,,strategier,,,kommunikation,och,utveckling,över,tid,värderas,,,ger,fler,möjligheter,att,lyckas,utan,att,sänka,kraven,.,Utifrån,detta,framstår,“,en,skola,för,alla,”,som,en,ambition,som,kan,vara,bra,för,många,,,men,inte,automatiskt,bra,för,alla,i,samma,form,.,Elevernas,erfarenheter,pekar,mot,att,frågan,inte,kan,avgöras,enbart,genom,att,välja,integrering,eller,segregering,som,princip,.,Det,som,avgör,är,om,skolan,klarar,att,kombinera,gemenskap,med,fungerande,stöd,,,höga,men,realistiska,förväntningar,,,och,undervisning,som,faktiskt,gör,det,möjligt,att,vara,delaktig,på,riktigt,.,När,den,balansen,saknas,blir,“,för,alla,”,lätt,en,vacker,formulering,.,När,den,finns,kan,den,bli,en,vardag,där,fler,elever,både,lär,sig,och,känner,att,de,hör,hemma,."
"Syftet,med,den,här,undersökningen,är,att,belysa,faktorer,som,påverkar,läraren,när,den,planerar,sin,undervisning,i,kursen,Estetisk,verksamhet,med,inriktning,musik,.,Av,särskilt,intresse,är,vilken,påverkan,lärarens,intressen,,,utbildning,och,erfarenhet,samt,elevernas,intressen,och,färdigheter,har,.,Undersökningen,har,genomförts,genom,att,fyra,stycken,verksamma,lärare,på,olika,skolor,i,olika,städer,intervjuats,.,Resultatet,visar,att,lärarna,till,stor,del,låter,eleverna,vara,med,och,planera,innehållet,i,kursen,och,att,innehållet,mestadels,utgörs,av,praktiskt,musicerande,.,Det,som,har,allra,störst,påverkan,på,att,kursen,utformas,åt,detta,håll,är,den,syn,som,läraren,har,på,eleven,och,på,ämnet,samt,elevernas,färdigheter,och,intressen,.,Resultatet,överrensstämmer,därmed,med,tidigare,forskning,.","Uppsatsen,*,”,Dom,vill,ju,spela,så,då,spelar,vi,!,”,*,undersöker,vad,som,faktiskt,styr,lärarens,planering,i,ämnet,estetisk,verksamhet,med,fokus,på,musik,.,Utgångspunkten,är,den,vardagsnära,situationen,där,elevernas,vilja,att,spela,instrument,eller,arbeta,praktiskt,kan,bli,avgörande,för,hur,undervisningen,formas,.,Studiens,intresse,ligger,inte,i,att,värdera,en,viss,metod,som,”,rätt,”,,,utan,i,att,synliggöra,vilka,faktorer,som,drar,i,lärarens,beslut,när,en,lektion,ska,bli,till,:,vad,som,väljs,,,vad,som,väljs,bort,och,varför,.,Genom,ett,musikdidaktiskt,perspektiv,riktas,blicken,mot,de,klassiska,didaktiska,frågorna,–,innehåll,,,arbetsformer,och,syften,–,men,här,förstås,de,som,rörliga,snarare,än,givna,.,Lärarens,planering,framträder,som,ett,slags,förhandling,mellan,flera,samtidiga,krav,.,Elevernas,motivation,och,önskemål,får,stor,tyngd,,,särskilt,i,praktiskt,musicerande,där,deltagande,ofta,hänger,på,känslan,av,mening,och,lust,.,Samtidigt,finns,ramar,som,inte,går,att,bortse,från,:,tid,,,gruppsammansättning,,,tillgång,till,instrument,och,lokaler,,,ljudnivåer,,,schemaläggning,och,sådant,som,på,pappret,kan,verka,trivialt,men,som,i,praktiken,avgör,om,en,idé,är,genomförbar,.,Handlingsteorin,används,för,att,förstå,planeringen,som,ett,handlande,i,en,konkret,situation,,,snarare,än,som,ett,rent,rationellt,upplägg,byggt,på,mål,och,innehåll,.,Lärarens,val,kan,då,läsas,som,svar,på,det,som,upplevs,möjligt,och,rimligt,här,och,nu,.,I,materialet,framstår,lärarens,erfarenhet,som,en,tyst,kunskap,som,snabbt,sorterar,mellan,alternativ,:,vilka,moment,som,brukar,fungera,med,en,viss,elevgrupp,,,var,konflikter,kan,uppstå,,,när,ett,upplägg,riskerar,att,tappa,tempo,.,Planeringen,blir,mindre,ett,färdigt,manus,och,mer,en,beredskap,,,där,läraren,håller,flera,spår,öppna,och,justerar,efter,hur,gruppen,tar,emot,uppgiften,.,Uppsatsen,visar,hur,estetisk,verksamhet,i,musik,ofta,hamnar,i,spänningsfältet,mellan,elevinflytande,och,undervisningsansvar,.,Att,”,de,vill,spela,”,kan,vara,en,stark,drivkraft,,,men,det,löser,inte,automatiskt,frågor,om,progression,,,bedömning,eller,innehållslig,bredd,.,Läraren,behöver,samtidigt,skapa,struktur,,,ge,riktning,och,se,till,att,musicerandet,inte,stannar,vid,aktivitet,för,aktivitetens,skull,.,Det,som,till,slut,planeras,fram,är,därför,ofta,en,kompromiss,:,tillräckligt,praktiskt,för,att,bära,engagemanget,,,tillräckligt,styrt,för,att,kunna,motiveras,didaktiskt,och,genomföras,i,skolans,villkor,."
"Forskningsproblem,:,De,två,forskningsfrågor,vi,utgått,från,i,denna,studie,är,:,?,Hur,ser,företagens,riskredovisning,ut,på,deras,hemsidor,idag,?,?,Hur,ser,företagens,avvägningar,ut,vid,redovisning,av,risker,och,riskpolicyer,?,Vi,tittar,även,närmare,på,om,det,kan,vara,lämpligt,att,dela,in,företagen,i,olika,grupper,till,exempel,efter,bransch,och,lönsamhet,.,Syfte,:,Vårt,syfte,är,att,kartlägga,företagens,riskredovisning,till,aktiemarknaden,på,deras,hemsidor,och,att,undersöka,de,avvägningar,som,företagen,har,gjort,vid,beslutet,att,redovisa,/,inte,redovisa,dessa,risker,och,policyer,.,Metod,:,Detta,är,en,kvantitativ,totalundersökning,som,utförts,med,hjälp,av,en,enkät,och,studier,av,de,aktuella,företagens,hemsidor,.,De,företag,som,ingår,i,vår,population,är,alla,A-listade,företag,på,Stockholms,fondbörs,som,uppgivit,en,svensk,kontaktadress,via,e-mail,på,deras,hemsidor,.,Slutsatser,:,Enligt,våra,observationer,redovisar,företag,risker,i,följande,ordning,efter,fallande,förekomst,,,valutarisker,(,64,%,),,,ränterisker,(,58,%,),samt,finansieringsrisker,(,47,%,),.,Motsvarande,siffror,för,policyerna,är,genomgående,lägre,men,rangordningen,är,densamma,:,valutapolicy,(,63,%,),,,räntepolicy,(,37,%,),samt,finansieringspolicy,(,24,%,),.,Vi,ser,även,tecken,på,en,medveten,avvägning,i,dessa,frågor,från,företagen,.,Den,skillnad,vi,här,ser,mellan,företagens,värdering,av,riskerna,och,policyerna,är,att,finansieringsrisken/,policyn,värderas,högt,av,företagen,i,förhållande,till,den,benägenhet,att,redovisa,som,vi,har,observerat,i,denna,studie,.,Det,verkar,vara,som,att,en,stor,anledning,till,att,begränsa,denna,typ,av,information,,,utifrån,företagens,perspektiv,,,är,att,den,begränsar,handlingsfriheten,.,Däremot,verkar,brist,på,verktyg,för,informationsförmedling,inte,vara,ett,problem,.,Vi,finner,tendenser,som,indikerar,att,branschindelningen,kan,vara,en,lämplig,indelning,för,företag,med,tanke,på,deras,riskredovisning,,,medan,lönsamheten,verkar,ha,störst,inflytande,på,företagens,redovisning,av,finansieringsrisker,och,policyer,.","Finansiell,riskredovisning,handlar,om,hur,företag,synliggör,de,risker,som,kan,slå,mot,resultat,,,kassaflöden,och,ställning,–,och,hur,de,väljer,att,paketera,den,bilden,för,externa,intressenter,.,I,praktiken,rör,det,sig,ofta,om,risker,kopplade,till,finansiering,och,marknader,:,ränterisk,,,valutarisk,,,kreditrisk,och,likviditetsrisk,.,Redovisningen,blir,ett,sätt,att,göra,dessa,hot,och,osäkerheter,begripliga,och,jämförbara,,,men,också,ett,uttryck,för,företagets,egen,syn,på,vad,som,är,centralt,och,vad,som,kan,tonas,ned,.,I,rapporteringen,möts,två,logiker,.,Den,ena,är,regelstyrd,och,kräver,konkreta,upplysningar,om,exponeringar,,,känslighetsanalyser,,,säkringsstrategier,och,hur,riskerna,hanteras,.,Den,andra,är,mer,kommunikativ,och,bygger,på,formuleringar,om,riskhanteringsprocesser,,,policyer,och,styrning,.,Resultatet,kan,bli,informativt,när,siffror,och,resonemang,hänger,ihop,,,men,också,svårtolkat,när,språket,blir,generellt,eller,när,mätningar,presenteras,utan,sammanhang,.,En,känslighetsanalys,säger,något,,,men,inte,allt,;,den,kan,visa,hur,en,variabel,påverkar,utfall,,,samtidigt,som,den,döljer,beroenden,mellan,risker,och,antaganden,som,ligger,under,beräkningarna,.,Finansiell,riskredovisning,får,därmed,en,dubbel,funktion,.,Den,ska,minska,informationsasymmetrier,och,ge,kapitalmarknaden,underlag,för,prissättning,av,risk,,,men,den,påverkas,också,av,incitament,,,förväntningar,och,omvärldstryck,.,Företag,med,större,komplexitet,eller,högre,extern,granskning,tenderar,att,redovisa,mer,,,medan,andra,kan,landa,i,miniminivåer,som,uppfyller,kraven,utan,att,ge,särskilt,mycket,vägledning,.,I,gränslandet,mellan,transparens,och,strategi,uppstår,en,fråga,som,präglar,hela,området,:,när,bidrar,riskupplysningar,till,verklig,förståelse,,,och,när,fungerar,de,mest,som,en,försäkran,om,att,riskerna,”,är,under,kontroll,”,?"
"Studiens,syfte,är,att,fokusera,på,om,och,i,så,fall,hur,lärare,säger,sig,omsätta,differentiering,i,praktiken,för,att,möta,elevers,naturliga,variationer,i,arbetet,med,sexåringar,.,Denna,kvalitativa,studie,belyser,och,förklarar,hur,lärare,säger,sig,differentiera,i,sexårsverksamhet,,,styrning,av,differentiering,och,konsekvenser,av,differentiering,.,I,den,empiriska,delen,av,studien,ingick,sju,lärare,som,blev,intervjuade,och,resultatet,tolkades,ur,ett,sociokulturellt,perspektiv,.,Huvudresultatet,visar,på,att,lärare,differentierar,genom,olika,gruppkonstellationer,utom,då,läromedel,används,samt,att,innehållet,i,undervisningen,inte,differentieras,.,Lärarna,beskriver,differentiering,som,en,strategi,för,att,möta,elevers,olika,förutsättningar,och,behov,.","Differentiering,kan,förstås,som,ett,sätt,att,organisera,undervisningen,så,att,den,faktiskt,passar,en,elevgrupp,som,aldrig,är,helt,homogen,.,I,stället,för,att,utgå,från,en,tänkt,“,medelelev,”,handlar,differentiering,om,att,undervisningens,innehåll,,,arbetssätt,och,stöd,anpassas,efter,skiftande,förutsättningar,och,behov,.,Det,kan,röra,sig,om,allt,från,språkliga,skillnader,och,olika,grad,av,förkunskaper,till,motivation,,,arbetsro,och,tempo,.,När,differentiering,fungerar,väl,skapar,den,fler,ingångar,till,samma,mål,och,gör,det,möjligt,för,fler,elever,att,lyckas,utan,att,sänka,ambitionerna,.,En,vanlig,väg,är,gruppindelning,.,Den,kan,vara,tillfällig,och,styras,av,uppgiftens,karaktär,,,där,elever,arbetar,i,par,eller,mindre,grupper,med,olika,roller,och,ansvar,.,Sådana,grupperingar,kan,hjälpa,både,elever,som,behöver,tydligare,ramar,och,de,som,behöver,mer,utrymme,för,fördjupning,.,Samtidigt,är,gruppindelning,ingen,neutral,metod,.,Vem,som,hamnar,var,,,och,på,vilka,grunder,,,spelar,roll,för,hur,elever,ser,på,sig,själva,och,på,varandra,.,Om,grupperna,blir,fasta,riskerar,de,att,förstärka,skillnader,snarare,än,att,skapa,stöd,.,I,diskussionen,om,individualisering,blir,spänningen,tydlig,.,Att,möta,elever,individuellt,kan,betyda,att,läraren,anpassar,stöd,,,återkoppling,och,material,så,att,varje,elev,kan,ta,nästa,steg,.,I,praktiken,kan,individualisering,också,glida,över,i,att,elever,lämnas,ensamma,med,uppgifter,på,“,sin,nivå,”,,,vilket,ibland,minskar,gemensamma,samtal,och,det,kollektiva,lärandet,.,En,genomtänkt,differentiering,håller,därför,kvar,en,gemensam,kärna,i,undervisningen,men,varierar,vägarna,dit,.,Eleverna,arbetar,inte,i,separata,spår,hela,tiden,,,men,de,får,olika,mycket,hjälp,,,olika,utmaningsgrad,eller,olika,sätt,att,visa,kunskap,.,Nivågruppering,är,ett,särskilt,omdebatterat,inslag,.,Förespråkare,lyfter,att,undervisningen,kan,bli,mer,träffsäker,när,elever,med,liknande,kunskapsläge,får,uppgifter,som,passar,deras,aktuella,behov,.,Kritiken,handlar,ofta,om,riskerna,:,låga,förväntningar,kan,cementeras,,,grupperna,kan,bli,svåra,att,lämna,,,och,elever,kan,få,en,etikett,som,påverkar,både,självbild,och,relationer,.,Det,är,inte,svårt,att,se,hur,nivågruppering,kan,skapa,arbetsro,och,tydlighet,i,stunden,,,men,frågan,är,vad,den,gör,med,elevernas,långsiktiga,möjligheter,,,särskilt,om,den,blir,permanent,.,Olikheter,i,klassrummet,blir,därmed,inte,ett,problem,som,ska,sorteras,bort,,,utan,ett,villkor,att,arbeta,med,.,Differentiering,kan,ses,som,ett,sätt,att,ta,olikheterna,på,allvar,utan,att,ge,upp,tanken,om,en,gemensam,skola,.,När,undervisningen,lyckas,kombinera,gemensamma,mål,med,varierade,vägar,,,och,när,gruppindelningar,används,flexibelt,och,transparent,,,ökar,chansen,att,både,stöd,och,utmaningar,hamnar,rätt,.,Det,kräver,lärarens,professionalitet,i,bedömning,,,planering,och,relationsskapande,,,men,också,en,medvetenhet,om,att,val,av,struktur,alltid,får,sociala,konsekvenser,i,ett,klassrum,."
"Dagens,företag,är,i,stort,behov,av,information,.,Företag,som,har,många,avdelningar,behöver,möjligheter,för,att,enkelt,och,smidigt,kunna,samordna,information,för,hela,företaget,.,Affärssystem,erbjuder,denna,möjlighet,genom,en,modulbaserad,konstruktion,som,integrerar,ett,företags,samtliga,avdelningar,i,ett,enda,system,.,Problem,kan,dock,uppstå,då,ett,valt,affärssystem,inte,passar,företagets,verksamhet,.,En,kompromiss,mellan,system,och,verksamhet,måste,då,försöka,uppnås,.,Ett,affärssystem,implementeras,ofta,i,samband,med,en,metod,,,vilken,ger,detaljerade,beskrivningar,för,hur,implementeringen,ska,gå,till,.,På,vilka,grunder,väljer,företagen,att,arbeta,efter,en,specifik,metod,då,system,och,verksamhet,behöver,anpassas,till,varandra,?,Detta,arbete,bygger,på,en,undersökning,som,har,utförts,genom,en,survey,där,fem,företag,har,medverkat,.,Resultatet,av,undersökningen,visar,ett,antal,metoder,samt,presenterar,orsaker,till,varför,dessa,metoder,används","Den,här,uppsatsen,behandlar,hur,organisationer,arbetar,när,de,implementerar,affärssystem,och,vilka,metoder,som,används,för,att,ta,systemet,från,beslut,till,fungerande,vardagsverktyg,.,Utgångspunkten,är,att,implementationen,sällan,är,en,rent,teknisk,fråga,.,Den,handlar,lika,mycket,om,arbetssätt,,,ansvarsfördelning,och,vilka,delar,av,verksamheten,som,faktiskt,ska,förändras,.,Fokus,ligger,på,valet,av,implementeringsmetod,och,hur,valet,hänger,ihop,med,graden,av,anpassning,.,I,praktiken,vägs,ofta,ett,mer,standardiserat,upplägg,mot,ett,mer,skräddarsytt,.,Standardisering,kan,ge,snabbare,införande,och,lägre,förvaltningskostnader,,,men,kräver,att,verksamheten,accepterar,nya,rutiner,och,ibland,lämnar,invanda,arbetssätt,.,Anpassning,av,systemet,kan,istället,kännas,tryggt,på,kort,sikt,eftersom,processer,och,rapporter,kan,likna,det,man,haft,tidigare,.,Samtidigt,tenderar,anpassningar,att,bygga,in,komplexitet,som,blir,dyr,att,bära,,,särskilt,vid,uppgraderingar,och,när,systemleverantören,förändrar,sin,plattform,.,Uppsatsen,belyser,också,att,”,anpassning,”,inte,är,en,enhetlig,företeelse,.,Det,kan,handla,om,allt,från,konfiguration,och,parametrar,till,egenutvecklade,tillägg,och,ombyggda,processflöden,.,Därför,blir,frågan,om,anpassning,i,grunden,en,fråga,om,styrning,:,vad,ska,låsas,fast,i,systemet,och,vad,ska,lösas,med,förändrat,arbetssätt,,,utbildning,och,tydligare,processägarskap,?,I,flera,fall,avgörs,detta,mer,av,interna,drivkrafter,och,lokala,kompromisser,än,av,en,strikt,metodhandbok,.,Ett,återkommande,tema,är,spänningen,mellan,verksamhetens,behov,och,projektets,genomförbarhet,.,Val,av,metod,påverkar,hur,krav,fångas,,,hur,beslut,fattas,och,hur,risker,hanteras,.,Mer,iterativa,arbetssätt,kan,ge,snabb,återkoppling,och,synliggöra,problem,tidigt,,,men,ställer,krav,på,tillgängliga,användare,och,ett,projektteam,som,klarar,tät,prioritering,.,Mer,sekventiella,upplägg,kan,kännas,tydliga,och,kontrollerbara,,,men,riskerar,att,flytta,de,svåra,diskussionerna,till,sent,i,projektet,,,när,ändringar,blir,kostsamma,.,Slutsatsen,som,tecknas,är,att,framgångsrik,implementering,ofta,bygger,på,en,medveten,kombination,:,en,vald,metod,som,ger,struktur,,,men,också,ett,pragmatiskt,förhållningssätt,till,anpassning,där,man,tydligt,motiverar,varje,avsteg,från,standard,.,När,organisationen,lyckas,koppla,metodvalet,till,hur,man,vill,balansera,systemanpassning,mot,verksamhetsanpassning,ökar,chansen,att,affärssystemet,inte,bara,går,att,driftsätta,,,utan,också,går,att,leva,med,över,tid,."
"Sammanfattning,:,Det,finns,olika,valmöjligheter,inom,redovisning,.,Vilket,val,man,gör,styrs,av,vilket,resultat,man,önskar,visa,.,Det,har,just,införts,en,ny,lag,som,innebär,att,juridiska,personer,skall,ta,upp,en,schablonintäkt,för,sina,periodiseringsfonder,och,vi,bestämde,oss,för,att,undersöka,vilka,val,företagen,gjort,och,vilken,betydelse,olika,faktorer,har,när,de,ska,välja,att,sätta,av,till,periodiseringsfonder,eller,ej,.,Vi,valde,ett,deduktivt,angreppssätt,och,de,vetenskapliga,teorier,vi,främst,utgick,ifrån,var,agentteorin,och,Positive,Accounting,Theory,(,PAT,),.,Vi,valde,att,undersöka,om,följande,faktorer,kan,ha,samband,med,vilka,beslut,man,tar,när,det,gäller,periodiseringsfonderna,:,bonus,till,ledningen,,,företagens,skuldsättningsgrad,,,storlek,,,bransch,och,ägarstruktur,.,Vi,ställde,samman,en,hypotes,för,varje,faktor,och,i,de,fall,vår,ursprungliga,rådata,var,kontinuerligt,kvantitativ,testade,vi,dessa,hypoteser,med,hjälp,av,så,kallade,t-tester,.,I,andra,fall,gjorde,vi,korstabeller,med,χ2-test,.,Från,PAT,är,det,endast,skuldsättningsgraden,som,påvisar,ett,svagt,samband,.,Signifikansnivån,på,de,andra,två,faktorerna,,,bonus,och,storlek,,,var,för,höga,för,att,visa,ett,samband,och,vi,falsifierade,därmed,dessa,.,Att,det,inte,föreligger,något,samband,kan,bero,på,att,vårt,urval,är,för,litet,eller,att,teorin,inte,är,direkt,applicerbar,på,svensk,företagskultur,.,Av,de,två,sista,faktorerna,vi,testade,var,det,bara,ägarstrukturen,som,visade,ett,samband","Uppsatsen,tar,sin,utgångspunkt,i,agentteorin,och,Positive,Accounting,Theory,för,att,belysa,varför,företag,gör,vissa,redovisningsval,i,samband,med,bokslut,.,Fokus,ligger,på,periodiseringsfonder,som,ett,praktiskt,verktyg,i,svensk,redovisning,och,beskattning,,,och,på,hur,dessa,fonder,kan,användas,för,att,påverka,resultatets,fördelning,över,tid,.,Utifrån,ett,synsätt,där,ägare,,,ledning,och,andra,intressenter,har,delvis,olika,mål,undersöks,hur,incitament,och,kontroll,påverkar,bokslutspolitiken,,,särskilt,när,resultatet,står,i,centrum,för,uppföljning,,,bonusar,eller,kreditvillkor,.,En,central,fråga,är,hur,ledningen,kan,utnyttja,det,handlingsutrymme,som,regelverket,ger,.,Periodiseringsfonder,framstår,då,inte,bara,som,en,teknisk,post,i,bokslutet,,,utan,som,ett,medel,för,att,jämna,ut,resultat,och,hantera,både,skattetryck,och,rapporterade,nyckeltal,.,Analysen,relaterar,redovisningsvalen,till,typiska,förklaringsmodeller,inom,Positive,Accounting,Theory,,,där,företag,antas,välja,principer,som,minskar,kostnader,kopplade,till,avtal,,,politisk,granskning,eller,finansiering,.,Det,handlar,om,beslut,som,ofta,presenteras,som,neutrala,,,men,som,i,praktiken,kan,få,tydliga,effekter,på,hur,företagets,prestation,framstår,ett,enskilt,år,.,Uppsatsen,mynnar,ut,i,en,diskussion,om,hur,periodiseringsfonder,kan,förstås,som,en,del,av,en,bredare,strategi,kring,resultatstyrning,och,legitimitet,.,Den,visar,hur,bokslutspolitik,kan,vara,rationell,ur,ledningens,perspektiv,,,samtidigt,som,den,kan,skapa,spänningar,i,relationen,mellan,agent,och,principal,när,informationsövertaget,utnyttjas,.,Redovisningen,framträder,därmed,som,mer,än,ett,avbildande,system,;,den,blir,också,en,arena,för,intressekonflikter,och,förhandling,om,hur,företagets,ekonomiska,verklighet,ska,beskrivas,."
"Studiens,syfte,har,varit,att,undersöka,tonårstjejers,syn,på,och,konstruktion,av,genus,och,sexualitet,och,huruvida,de,anser,att,det,finns,samband,mellan,genus,,,sexualitet,,,jämställdhet,och,feminism,.,Fokus,har,legat,på,sexuellt,handlingsutrymmer,,,förhållandet,mellan,kärlek,och,sexuella,handlingar,,,på,vilket,sätt,utseende,och,klädstil,kopplas,till,kön,och,sexualitet,,,syn,på,hetero-,,,homo-,,,och,bisexualitet,samt,tonårstjejernas,grad,av,feministisk,medvetenhet,.,Studien,har,byggts,på,kvalitativa,samtalsintervjuer,med,sammanlagt,sju,tonårstjejer,mellan,15-20,år,.,Studien,gör,en,postmodernistisk,feministisk,ansats,och,utgår,i,sin,analys,ifrån,Yvonne,Hirdmans,och,Judith,Butlers,teoribildning,om,genus,,,kön,och,sexualitet,.,Det,blir,genom,studien,tydligt,hur,de,studerade,tonårstjejerna,förhåller,sig,till,olika,genusnormer,kring,hur,en,normal,tjej,bör,vara,,,se,ut,och,uttrycka,sin,sexualitet","Studien,tar,avstamp,i,insikten,att,sorg,hos,barn,sällan,passar,in,i,tydliga,mallar,och,att,det,därför,ställs,krav,på,pedagogers,omdöme,,,språk,och,handlingsberedskap,.,Utifrån,titeln,–,“,Ingen,kan,göra,allt,,,men,alla,kan,göra,något,”,–,undersöks,hur,pedagoger,själva,uppfattar,sin,kompetens,när,de,möter,barn,i,sorg,,,men,också,vad,som,händer,när,dessa,möten,filtreras,genom,normer,om,genus,,,kön,och,sexualitet,.,Det,handlar,inte,bara,om,krisreaktioner,och,bemötande,i,stunden,,,utan,om,vilka,barn,som,får,sin,sorg,igenkänd,som,“,riktig,”,,,vilka,uttryck,som,uppfattas,som,rimliga,,,och,vilka,reaktioner,som,möts,av,oro,,,tystnad,eller,korrigering,.,I,materialet,framträder,en,bild,av,pedagoger,som,ofta,vill,väl,och,som,ser,relationen,till,barnet,som,sitt,viktigaste,redskap,.,Samtidigt,beskrivs,kompetensen,som,ojämnt,fördelad,och,ofta,erfarenhetsbaserad,snarare,än,förankrad,i,gemensamma,rutiner,eller,utbildning,.,Några,lutar,sig,mot,tydliga,strategier,,,andra,famlar,och,blir,beroende,av,“,magkänsla,”,.,Det,skapar,en,sårbarhet,,,inte,minst,när,sorg,tar,sig,uttryck,som,ilska,,,tillbakadragande,eller,kroppsliga,symptom,.,I,sådana,situationer,blir,gränsen,mellan,stöd,och,disciplin,ibland,oklar,,,och,pedagogerna,beskriver,hur,de,kan,hamna,i,att,hantera,beteende,istället,för,att,möta,förlusten,bakom,.,Genus-,och,queerteoretiska,perspektiv,synliggör,hur,sorg,inte,tolkas,neutralt,.,Tonårstjejers,känslouttryck,kan,beskrivas,som,“,dramatiska,”,eller,“,mycket,”,,,vilket,riskerar,att,förminska,deras,erfarenheter,och,förskjuta,fokus,från,sorgen,till,personligheten,.,Samtidigt,finns,en,annan,typ,av,begränsning,för,pojkar,,,där,normer,om,kontroll,och,styrka,gör,att,tystnad,lättare,blir,ett,accepterat,svar,,,ibland,till,och,med,ett,“,bra,”,sätt,att,hantera,.,För,unga,som,rör,sig,utanför,hetero-,och,cisnormen,uppstår,ytterligare,lager,:,rädslan,att,bli,felkönad,i,samtal,,,antaganden,om,familjekonstellationer,,,eller,en,försiktighet,hos,vuxna,som,gör,att,frågor,aldrig,ställs,.,Pedagoger,kan,beskriva,osäkerhet,inför,pronomen,,,relationer,och,identiteter,,,vilket,i,sin,tur,kan,leda,till,att,barnet,inte,erbjuds,samma,öppna,samtalsrum,som,andra,.,Sorg,framträder,därmed,som,något,socialt,konstruerat,i,praktiken,.,Inte,i,betydelsen,att,förlusten,inte,är,verklig,,,utan,att,det,finns,regler,för,hur,den,“,bör,”,se,ut,och,vilka,ord,som,anses,möjliga,.,Skolans,och,verksamhetens,jämställdhetsarbete,blir,i,det,här,sammanhanget,mer,än,en,värdegrundsfråga,;,det,påverkar,vilka,tolkningsramar,som,används,när,ett,barn,bryter,ihop,,,stänger,av,eller,försöker,hålla,ihop,.,Feministiska,och,normkritiska,ingångar,pekar,också,på,att,ungdomars,sorgeberättelser,ofta,läses,genom,vuxnas,föreställningar,om,sexualitet,och,mognad,,,särskilt,när,relationer,,,kärlek,eller,vänskap,är,en,del,av,förlusten,.,Helhetsbilden,är,att,pedagogers,upplevda,kompetens,formas,i,spänningsfältet,mellan,ansvar,och,begränsningar,.,De,kan,sällan,“,lösa,”,sorgen,,,men,de,kan,göra,något,:,skapa,kontinuitet,,,bekräfta,,,stå,ut,med,det,svåra,och,lotsa,vidare,när,det,behövs,.,Studien,pekar,mot,behov,av,gemensamt,språk,,,praktisk,handledning,och,en,mer,genomarbetad,normmedvetenhet,,,så,att,bemötandet,inte,blir,beroende,av,enskilda,personers,trygghet,eller,de,normer,som,råkar,dominera,i,arbetslaget,.,När,pedagoger,får,stöd,att,se,både,sorgen,och,de,genusmönster,som,styr,tolkningen,av,den,ökar,möjligheten,att,fler,barn,–,oavsett,kön,,,sexualitet,eller,sätt,att,uttrycka,sig,–,möts,med,samma,allvar,och,samma,värme,."
"I,dagens,samhälle,drabbas,många,människor,av,cancer,,,där,flertalet,av,de,drabbade,lider,av,smärta,.,En,liten,del,av,Danmarks,cancerpatienter,har,möjligheten,att,avsluta,sitt,liv,på,Hospice,.,Syftet,med,studien,var,att,genom,fyra,intervjuer,belysa,danska,sjuksköterskors,upplevelser,av,att,vårda,cancerpatienter,med,smärta,på,Hospice,.,Studien,är,fenomenologiskt,inriktad,.,Teoretikern,som,användes,i,studien,ar,Katie,Eriksson,.,Hon,framhäver,att,kroppslig,smärta,på,grund,av,sjukdom,kan,vara,outhärdlig,och,skapa,en,ångest,inför,sjukdom,till,en,själslig,och,andlig,död,.,Som,metod,i,studien,användes,innehållsanalys,,,där,intervjuerna,analyserades,och,sammanställdes,.,Resultatet,i,studien,tyder,på,att,sjuksköterskor,upplever,närvaro,som,en,väsentlig,del,av,vården,med,smärtpåverkade,cancerpatienter,.,Analysen,visar,att,närvaro,innefattar,närhet,,,beröring,samt,kommunikation","Arbetet,behandlar,palliativ,vård,för,personer,med,cancersjukdom,med,särskilt,fokus,på,smärta,och,den,omvårdnad,som,ges,i,hospiceverksamhet,.,Utgångspunkten,är,att,smärta,i,livets,slutskede,sällan,är,enbart,fysisk,.,Den,påverkas,av,oro,,,förluster,,,relationer,och,patientens,upplevelse,av,mening,och,kontroll,.,I,en,hospicekontext,framträder,därför,smärtbehandling,som,något,mer,än,läkemedelsjusteringar,;,den,blir,en,fråga,om,närvaro,,,lyhördhet,och,ett,genomtänkt,omvårdnadsarbete,.,Genom,att,knyta,an,till,Erikssons,vårdteoretiska,perspektiv,belyser,uppsatsen,hur,lidande,kan,förstås,och,bemötas,i,praktiken,.,Smärta,beskrivs,som,en,del,av,patientens,lidande,,,men,också,som,något,som,kan,mildras,när,vården,lyckas,skapa,trygghet,och,sammanhang,.,Sjuksköterskans,roll,framstår,som,central,:,att,kontinuerligt,bedöma,smärta,,,tolka,det,som,inte,alltid,sägs,rakt,ut,och,samordna,insatser,med,andra,professioner,.,I,mötet,med,patienten,blir,kommunikationen,avgörande,,,både,för,att,fånga,nyanser,i,smärtupplevelsen,och,för,att,kunna,erbjuda,stöd,som,passar,just,den,personen,.,Uppsatsen,lyfter,också,den,närståendes,situation,.,I,hospice,är,de,ofta,tätt,involverade,,,ibland,utmattade,,,ibland,en,tydlig,resurs,.,När,deras,oro,tas,om,hand,kan,det,indirekt,påverka,patientens,smärta,och,upplevelse,av,ro,.,Här,syns,omvårdnadens,bredd,:,att,ge,information,på,ett,begripligt,sätt,,,finnas,till,hands,när,frågor,kommer,sent,på,kvällen,,,och,samtidigt,värna,patientens,integritet,.,Helhetsbilden,som,tecknas,är,att,god,palliativ,vård,vid,cancer,kräver,både,klinisk,kompetens,och,förmåga,att,stå,kvar,i,det,svåra,.,Smärtlindring,blir,ett,gemensamt,projekt,där,läkemedel,,,omvårdnadsåtgärder,och,relationen,mellan,patient,och,vårdare,vävs,ihop,.,Hospice,framstår,som,en,miljö,där,detta,arbetssätt,kan,få,utrymme,,,men,där,det,också,ställer,höga,krav,på,personalens,kunskap,,,samarbete,och,etiska,omdöme,."
"Det,saknas,metoder,att,mäta,informationssäkerhet,inom,företag,och,företagets,tillgångar,har,förändrats,från,ett,fokus,på,maskiner,och,råvaror,till,kunskap,(,intellektuellt,kapital,),.,Rapporten,utforskar,om,det,finns,delar,av,företags,intellektuella,kapital,som,beskyddar,företagets,tillgångar,och,processer,.,Detta,kapital,kallas,säkerhetskapital,.,Hur,skulle,företags,informationssäkerhet,kunna,tydliggöras,genom,dess,intellektuella,kapital,och,hur,kan,begrepp,inom,informationssäkerhet,och,företagsvärdering,hänga,samman,?,Syftet,med,uppsatsen,är,att,öka,förståelsen,hur,informationssäkerhet,är,relaterat,till,intellektuellt,kapital,.,Rapporten,bygger,på,litteraturstudier,om,intellektuellt,kapital,och,informationssäkerhet,.,Data,har,samlats,in,från,dels,börsnoterade,företags,årsredovisningar,och,dels,från,pressreleaser,och,börsinformation,.,Denna,information,har,sedan,analyserats,både,kvantitativt,och,kvalitativt,och,begreppet,säkerhetskapital,har,växt,fram,.,Teorier,om,företagsvärdering,,,intellektuellt,kapital,,,risk,management,och,informationssäkerhet,presenteras,och,blir,den,referensram,i,vilket,begreppet,säkerhetskapital,sätts,i,sitt,sammanhang,.,Begreppet,säkerhetskapital,presenteras,i,form,av,modeller,och,situationer,vari,olika,perspektiv,på,säkerhetskapital,analyseras,och,utvärderas,.,Slutsatserna,är,främst,i,form,av,modeller,och,beskrivningar,av,hur,man,kan,se,på,säkerhetskapital,i,förhållande,till,intellektuellt,kapital,och,andra,begrepp,.,Området,är,komplext,men,delar,av,resultaten,(,som,är,på,en,hög,abstraktionsnivå,),kan,användas,för,att,värdera,andra,typer,av,immateriella,tillgångar","Uppsatsen,behandlar,hur,intellektuellt,kapital,kan,förstås,och,värderas,när,organisationers,informationssäkerhet,ställs,på,prov,.,Utgångspunkten,är,att,kunskap,,,rutiner,,,relationer,och,erfarenhet,i,praktiken,fungerar,som,en,form,av,säkerhetskapital,:,något,som,både,kan,byggas,upp,och,förbrukas,.,I,stället,för,att,se,säkerhet,som,en,ren,teknisk,fråga,riktas,blicken,mot,de,immateriella,resurser,som,avgör,om,skyddet,faktiskt,fungerar,i,vardagen,.,Arbetet,kopplar,samman,risk,med,hur,väl,ett,företag,lyckas,omsätta,sitt,intellektuella,kapital,i,konkreta,arbetssätt,.,Risk,förstås,inte,bara,som,sannolikheten,för,intrång,eller,driftstopp,,,utan,också,som,följderna,av,bristande,lärande,,,otydligt,ansvar,och,svaga,processer,.,När,kunskap,sitter,fast,hos,enskilda,personer,,,när,dokumentation,är,bristfällig,eller,när,samarbeten,med,externa,parter,saknar,tydliga,ramar,uppstår,sårbarheter,som,sällan,syns,i,traditionella,säkerhetskalkyler,.,En,central,idé,är,att,informationssäkerhet,blir,mer,robust,när,organisationen,utvecklar,sitt,säkerhetskapital,systematiskt,:,genom,utbildning,som,faktiskt,förändrar,beteenden,,,genom,rutiner,som,går,att,följa,även,under,stress,och,genom,en,kultur,där,avvikelser,tas,om,hand,innan,de,blir,incidenter,.,Relationen,mellan,teknik,och,människa,framträder,som,spänd,men,nödvändig,;,tekniska,kontroller,kan,dämpa,risk,,,men,de,kompenserar,inte,för,luckor,i,kompetens,,,kommunikation,och,ansvarsfördelning,.,Uppsatsen,mynnar,ut,i,att,immateriella,tillgångar,behöver,behandlas,som,en,del,av,säkerhetsarbetets,kärna,.,Att,synliggöra,och,förvalta,intellektuellt,kapital,ger,ett,språk,för,att,förstå,varför,vissa,organisationer,lyckas,stå,emot,hot,,,medan,andra,gång,på,gång,hamnar,i,samma,problem,.,Informationssäkerhet,framstår,därmed,som,ett,resultat,av,ackumulerad,kunskap,och,förmåga,,,inte,bara,av,brandväggar,och,policydokument,."
"Denna,studie,grundar,sig,på,en,undersökning,där,jag,har,försökt,finna,likheter,mellan,raweh,och,rai,.,För,att,kunna,hitta,eventuella,likheter,har,jag,valt,att,använda,mig,av,en,analysmetod,,,som,heter,cantometrics,.,Med,hjälp,av,cantometrics,kodningsformulär,har,jag,analyserat,sex,olika,musikstycken,,,tre,av,raweh,och,tre,av,rai,.,Av,de,37,analyspunkter,som,cantometrics,innefattar,har,jag,valt,att,använda,25,av,dessa,i,min,analys,.,Efter,analysen,visade,det,sig,att,kodningsresultaten,av,raweh,och,rai,endast,är,lika,i,7,punkter,medan,de,särskiljer,sig,i,de,andra,18,punkterna,.,Detta,resultat,tyddes,till,det,följande,:,De,sju,gemensamma,punkterna,för,raweh,och,rai,anser,jag,inte,vara,tillräckligt,för,att,bedöma,att,raweh,och,rai,är,lika,.,Enligt,min,analys,samt,undersökning,som,kodats,enligt,cantometricsmodellen,finns,det,få,likheter,mellan,raweh,och,rai","Uppsatsen,tar,sin,utgångspunkt,i,två,musikaliska,uttryck,som,ofta,placeras,långt,ifrån,varandra,,,både,geografiskt,och,kulturellt,:,raweh,med,rötter,i,Hakkaribergen,och,rai,från,Orans,kust,.,Genom,en,jämförande,analys,undersöks,hur,genrerna,formar,och,bär,erfarenheter,av,plats,,,tillhörighet,och,sociala,villkor,,,men,också,hur,de,förändras,när,de,rör,sig,mellan,lokala,sammanhang,och,större,offentligheter,.,Raweh,behandlas,här,som,en,genre,där,muntlighet,,,kollektivt,minne,och,ett,tydligt,band,till,landskapet,spelar,stor,roll,.,Musikens,funktion,framträder,inte,enbart,som,estetisk,utan,som,social,praktik,:,den,kan,markera,gemenskap,,,bära,berättelser,om,rörlighet,och,förlust,,,och,fungera,som,ett,slags,förhandling,om,identitet,i,marginaliserade,eller,politiskt,pressade,miljöer,.,Uttrycket,tenderar,att,vara,tätt,knutet,till,specifika,sammanhang,och,till,framträdandets,situation,,,där,röst,,,frasering,och,återkommande,motiv,blir,centrala,bärare,av,mening,.,Rai,analyseras,som,en,urban,och,kustnära,motpol,,,men,inte,som,en,enkel,motsats,.,Oran,framstår,som,ett,nav,där,olika,influenser,möts,,,och,rai,blir,ett,språk,för,modernitet,,,vardagsliv,och,konfliktfyllda,värderingsskiften,.,Genren,har,historiskt,rymt,en,råhet,och,en,tydlig,vilja,att,tala,rakt,om,begär,,,frustration,och,social,ojämlikhet,,,ofta,i,friktion,med,moralnormer,och,statlig,kontroll,.,Den,starka,kopplingen,till,inspelning,,,distribution,och,populärkulturella,kretslopp,gör,att,rai,tidigt,utvecklar,ett,annat,slags,offentlighet,än,raweh,,,där,stjärnstatus,,,censur,och,kommersialisering,påverkar,både,sound,och,tematik,.,Jämförelsen,visar,hur,raweh,och,rai,arbetar,med,liknande,grundmaterial,–,röstens,auktoritet,,,berättandets,kraft,och,musikens,roll,som,social,kommentar,–,men,gör,det,under,olika,villkor,.,I,raweh,kan,traditionens,tyngd,vara,en,resurs,,,ibland,också,en,begränsning,,,medan,rai,ofta,bygger,sitt,uttryck,på,att,bryta,,,blanda,och,tänja,.,Skillnaderna,hörs,i,estetiken,men,märks,också,i,vilka,arenor,musiken,hör,hemma,på,:,ceremonier,,,gemenskaper,och,lokala,kretsar,i,det,ena,fallet,;,klubbar,,,radio,,,kassettkultur,och,transnationella,lyssningsmiljöer,i,det,andra,.,Samtidigt,blir,det,tydligt,att,gränsen,mellan,“,berg,”,och,“,kust,”,inte,är,vattentät,.,När,människor,flyttar,,,när,inspelningar,cirkulerar,och,när,nya,generationer,tar,över,,,förändras,båda,genrerna,.,Uppsatsen,argumenterar,därför,för,att,raweh,och,rai,bör,förstås,som,levande,fält,där,identitet,och,historia,inte,bara,avspeglas,utan,faktiskt,produceras,i,musikens,form,,,språk,och,praktik,."
"Det,pågår,ständigt,diskussioner,om,den,senaste,läroplanen,.,Frågor,som,berör,mig,mest,är,:,vilken,ställning,jag,ska,inta,i,dessa,debatter,,,hur,jag,kan,argumentera,mitt,val,och,finns,det,något,samspel,mellan,de,praktiska,(,lärarnas,),och,teoretiska,(,läroplanen,),överväganden,.,Då,har,jag,bestämt,mig,att,ägna,faktabaserade,delen,av,uppsatsen,åt,studierna,av,studentlitteratur,som,på,olika,sätt,berör,ämnet,,,styrdokument,,,tidigare,forskning,,,samt,tidningsartiklar,.,Jag,ville,veta,hur,skolväsenden,utvecklades,i,Sverige,,,vilka,teorier,och,riktningar,ligger,i,grunden,på,olika,pedagogiska,synen,på,undervisning,och,kunskapens,natur,.,Jag,har,inriktat,mig,på,läxor,för,att,undersöka,det,rådande,pedagogiska,synsättet,.,Det,var,ett,sätt,(,genom,att,visa,hur,hemläxan,behandlas,),att,identifiera,och,synliggöra,de,problem,som,skolan,brottas,med,.,Den,delen,bygger,jag,i,stort,sätt,på,att,ta,del,i,andras,forskning,,,samt,genomföra,en,egen,undersökning,i,form,av,enkäter,och,intervjuer,.,Slutsatser,,,som,jag,kom,fram,till,,,var,:,att,befintliga,styrdokument,inte,följs,och,att,mål-,och,resultatstyrningen,av,skolan,ännu,inte,fungerar,,,att,lärarna,saknar,ett,eget,vetenskapligt,kunskapssystem,för,att,utveckla,sin,kompetens,och,behöver,självklart,stöd,som,måste,komma,i,form,av,utbildning,,,handledning,och,samtal,.,Lärare,måste,intellektuellt,övertygas,om,fördelarna,med,det,nya,i,en,skolreform,.,Till,detta,krävs,dels,tid,,,dels,dialog,med,personer,som,de,känner,förtroende,för","Arbetet,tar,sin,utgångspunkt,i,hur,läroplanen,faktiskt,lämnar,spår,i,skolans,vardag,och,hur,dessa,spår,blir,synliga,i,det,pedagogiska,arbetet,.,Fokus,ligger,på,det,konkreta,:,vad,lärare,gör,,,hur,de,motiverar,sina,val,och,hur,styrdokumentens,formuleringar,översätts,till,undervisning,,,planering,och,uppföljning,.,Läroplanen,framträder,här,inte,som,en,neutral,text,i,bakgrunden,utan,som,ett,ramverk,som,både,möjliggör,och,begränsar,.,I,mötet,mellan,läroplanens,ambitioner,och,klassrummets,villkor,uppstår,en,praktik,där,prioriteringar,,,tolkningar,och,kompromisser,ständigt,förhandlas,.,En,central,del,handlar,om,läxan,som,pedagogiskt,verktyg,.,Läxan,förstås,inte,bara,som,en,tradition,eller,ett,sätt,att,”,hinna,med,”,,,utan,som,ett,uttryck,för,skolans,syn,på,ansvar,,,progression,och,lärande,.,När,läxor,ges,blir,de,lätt,bärare,av,flera,olika,syften,samtidigt,:,repetition,,,förberedelse,,,träning,av,studieteknik,eller,en,markering,av,förväntningar,.,Samtidigt,blir,frågan,om,likvärdighet,svår,att,komma,runt,.,Elevers,tillgång,till,stöd,hemma,,,tid,,,språk,och,studievana,påverkar,vad,läxan,faktiskt,leder,till,.,Därför,blir,läxan,också,ett,tydligt,exempel,på,hur,läroplanens,mål,kan,krocka,med,sociala,och,praktiska,villkor,,,och,hur,lärare,försöker,hantera,den,spänningen,genom,anpassningar,,,uppföljning,och,ibland,genom,att,ompröva,själva,läxans,roll,.,Begreppet,kompetens,används,som,ett,sätt,att,förstå,vad,skolan,säger,sig,utveckla,hos,eleverna,och,hur,detta,tar,form,i,undervisningen,.,Kompetens,kan,i,praktiken,handla,om,ämneskunskaper,,,men,lika,ofta,om,förmågor,som,att,resonera,,,kommunicera,,,samarbeta,och,ta,ansvar,för,sitt,lärande,.,Här,uppstår,en,dubbelhet,:,kompetens,ska,vara,synlig,och,bedömningsbar,,,men,samtidigt,ryms,mycket,av,det,skolan,vill,främja,i,processer,som,är,svåra,att,fånga,i,tydliga,måttpunkter,.,Det,leder,till,att,lärare,behöver,göra,kompetens,”,läsbar,”,genom,uppgifter,,,matriser,,,dokumentation,och,samtal,.,I,den,processen,påverkas,också,undervisningens,innehåll,.,Det,som,kan,formuleras,och,visas,får,ofta,större,plats,än,det,som,växer,långsamt,och,mer,indirekt,.,Mål-,och,resultatstyrningen,fungerar,som,en,övergripande,logik,som,präglar,både,planering,och,utvärdering,.,Målen,ger,riktning,,,men,de,skapar,också,ett,tryck,på,att,kunna,visa,resultat,,,helst,på,ett,sätt,som,är,jämförbart,och,spårbart,över,tid,.,Det,påverkar,hur,undervisningen,organiseras,,,vilka,arbetsformer,som,väljs,och,hur,bedömning,blir,en,del,av,det,dagliga,arbetet,.,I,bästa,fall,skapar,styrningen,tydlighet,och,gemensamma,förväntningar,.,I,andra,fall,riskerar,den,att,tränga,undan,sådant,som,är,svårt,att,mäta,,,eller,att,göra,undervisningen,mer,instrumentell,än,avsett,.,Lärarens,professionella,omdöme,hamnar,i,centrum,:,att,tolka,målen,,,välja,vägar,dit,och,samtidigt,hålla,fast,vid,en,undervisning,som,känns,meningsfull,för,eleverna,.,Sammantaget,skildrar,studien,en,skola,där,läroplanen,blir,närvarande,genom,praktiska,beslut,,,rutiniserade,arbetssätt,och,återkommande,dokumentationskrav,,,men,också,genom,de,värderingar,som,följer,med,hur,kunskap,och,kompetens,definieras,.,Läxan,,,kompetensbegreppet,och,mål-,och,resultatstyrningen,fungerar,som,tre,ingångar,till,samma,fråga,:,hur,styrning,blir,praktik,.,Det,är,i,den,översättningen,som,läroplanens,konkreta,spår,går,att,se,."
"En,presentation,av,Kungliga,Svenska,Baletten,.,Denna,ska,distribueras,till,operahus,världen,över,innan,ny,turné,påbörjas,.,Shanghais,operahus,var,det,första,som,fick,den,färdiga,produkten,.,Fördjupningen,rör,olika,operahus,design,och,arkitektur,ut-,och,invändigt,.,Även,en,del,av,husens,relevanta,historia,tas,upp","Arbetet,tar,sin,utgångspunkt,i,baletten,som,scenkonst,och,i,hur,själva,operahuset,formar,förutsättningarna,för,den,:,hur,dansen,syns,,,hur,ljudet,bär,,,hur,publiken,rör,sig,och,hur,institutionen,framträder,i,staden,.,Genom,att,läsa,operahusens,design,som,både,teknisk,lösning,och,kulturell,markör,undersöks,samspelet,mellan,arkitektur,,,scenmaskineri,och,den,sociala,ordning,som,byggnaderna,både,speglar,och,producerar,.,Fokus,ligger,på,Kungliga,Operan,och,dess,roll,som,nationell,scen,,,men,sätts,hela,tiden,i,relation,till,andra,tongivande,operahus,där,balett,och,opera,har,påverkat,planering,,,ombyggnader,och,programideal,.,Kungliga,Operan,diskuteras,som,ett,hus,där,representation,och,funktion,länge,har,gått,sida,vid,sida,.,Det,handlar,om,en,arkitektur,som,vill,signalera,värdighet,och,kontinuitet,,,samtidigt,som,den,måste,hantera,konkreta,krav,:,siktlinjer,,,akustik,,,logistik,bakom,scen,,,repetition,,,verkstäder,och,publikflöden,.,Baletten,blir,här,ett,slags,stresstest,.,Dans,kräver,golv,,,utrymme,och,flexibilitet,,,och,ställer,andra,krav,än,operans,sångliga,tradition,.,I,uppsatsen,behandlas,därför,inte,bara,salongen,och,fasaden,,,utan,också,de,utrymmen,som,sällan,syns,:,scenhusets,dimensioner,,,sidoutrymmen,,,höjd,,,lastintag,och,de,arbetsmiljöer,där,föreställningen,faktiskt,byggs,.,Jämförelserna,fungerar,som,förstoringsglas,.,Teatro,alla,Scala,används,för,att,ringa,in,den,klassiska,europeiska,teatertypen,,,där,hästskoformad,salong,och,hierarkiska,loger,knyter,arkitekturen,till,en,tydlig,social,och,visuell,ordning,.,Opéra,de,Paris,Garnier,blir,ett,exempel,på,hur,operahuset,kan,vara,en,stad,i,miniatyr,:,ett,monument,över,institutionen,lika,mycket,som,en,maskin,för,scenkonst,,,där,foajéer,,,trappor,och,blickaxlar,är,noggrant,koreograferade,.,Mot,detta,ställs,Opéra,de,la,Bastille,,,som,med,ett,modernare,ideal,betonar,tillgänglighet,,,större,volymer,och,rationaliserad,teknik,,,men,där,frågor,om,atmosfär,och,identitet,ofta,hamnar,i,konflikt,med,effektiviteten,.,Sydney,Opera,House,och,Operaen,i,Köpenhamn,lyfts,fram,för,att,visa,hur,det,sena,1900-,och,2000-talets,operahus,i,hög,grad,också,är,stadsbyggnadsprojekt,.,De,fungerar,som,landmärken,och,turistbilder,,,men,måste,samtidigt,lösa,vardagens,krav,på,produktion,och,rep,.,I,de,här,fallen,blir,spänningen,mellan,ikonbyggnad,och,fungerande,scen,särskilt,tydlig,:,hur,mycket,form,kan,man,driva,innan,den,börjar,störa,akustik,,,scenlogistik,eller,publikens,upplevelse,av,närhet,?,Balettens,behov,av,repetitiva,,,slitsamma,processer,och,stora,tekniska,resurser,gör,den,konflikten,svår,att,dölja,.,Genom,helheten,framträder,operahuset,som,en,sorts,kompromissbyggnad,,,där,estetik,,,makt,,,ekonomi,och,kroppsligt,arbete,möts,.,Balett,och,opera,framstår,inte,bara,som,innehåll,som,råkar,framföras,i,en,byggnad,,,utan,som,praktiker,som,pressar,fram,rumsliga,beslut,och,långsamt,förändrar,husens,liv,.,Uppsatsen,visar,hur,arkitekturen,påverkar,vad,som,kan,skapas,på,scen,–,och,hur,scenkonsten,i,sin,tur,lämnar,spår,i,arkitekturen,,,från,salongens,geometri,till,de,mest,undanskymda,korridorerna,bakom,ridån,."
"Utmärkande,för,morgondagens,IS,är,att,integrera,befintliga,resurser,med,nya,IS,(,Lindencrona,2000,),,,dvs,att,vidareutveckla,i,stället,för,att,nyutveckla,.,Då,det,saknas,systematiserad,kunskap,om,den,utvecklingsprocess,som,äger,rum,då,morgondagens,IS,ska,utvecklas,är,det,av,yttersta,vikt,att,arbeten,vars,syfte,är,att,belysa,denna,process,genomförs,.,Syftet,med,denna,rapport,är,att,undersöka,vilka,olika,aktiviteter,som,går,att,identifiera,i,VAD-fasen,,,processen,fram,till,kravspecifikationen,,,då,ett,administrativt,informationssystem,ska,vidareutvecklas,.,Inom,ramen,för,detta,examensarbete,har,en,litteratur-survey,,,fokuserad,på,att,samla,in,material,som,detaljerat,belyser,VAD-fasen,,,utförts,.,För,att,samla,in,material,som,möjliggör,en,identifiering,av,olika,aktiviteter,i,VAD-fasen,då,ett,IS,ska,vidareutvecklas,,,har,en,enkät-,respektive,en,intervju-undersökning,av,olika,organisationer,inom,aktuell,population,genomförts,.,Då,det,insamlade,materialet,analyserats,har,i,VAD-fasen,följande,fyra,olika,aktiviteter,kunnat,identifieras,då,ett,IS,ska,vidareutvecklas,:,·,Fatta,beslut,·,Utföra,undersökningar,med,hjälp,av,informationsinsamlande,aktiviteter,·,Författa,dokument,·,Deltaga,i,diskussioner,Det,erhållna,resultatet,innebär,en,god,plattform,att,utgå,ifrån,då,ytterligare,forskning,ska,göras,inom,området,och,då,metoder,för,utvecklingen,av,morgondagens,IS,ska,utvecklas,och,arbetas,fram","Arbetet,behandlar,vidareutveckling,av,informationssystem,med,fokus,på,den,så,kallade,VAD-fasen,,,alltså,den,del,av,utvecklingsarbetet,där,man,försöker,ringa,in,vad,systemet,ska,åstadkomma,innan,man,tar,ställning,till,hur,det,ska,byggas,.,Utgångspunkten,är,att,verksamheter,sällan,står,stilla,.,System,som,en,gång,fungerat,väl,behöver,justeras,,,byggas,ut,eller,delvis,göras,om,när,processer,ändras,,,när,nya,regelkrav,tillkommer,eller,när,användarnas,arbetssätt,glider,åt,ett,annat,håll,.,I,det,läget,blir,VAD-fasen,avgörande,,,inte,som,en,teoretisk,formalitet,utan,som,ett,praktiskt,arbete,där,behov,,,begränsningar,och,prioriteringar,förhandlas,fram,.,I,VAD-fasen,går,flera,återkommande,aktiviteter,att,urskilja,.,En,central,del,är,att,fånga,och,formulera,behov,:,vilka,problem,som,faktiskt,ska,lösas,,,vilka,mål,som,finns,och,vilka,effekter,man,vill,se,i,verksamheten,.,Det,handlar,inte,bara,om,att,samla,önskemål,utan,om,att,översätta,dem,till,hanterbara,krav,och,tydliga,användningssituationer,.,Parallellt,behöver,den,befintliga,lösningen,förstås,.,Kartläggning,av,nuvarande,funktioner,,,informationsflöden,och,beroenden,blir,ofta,en,egen,arbetsinsats,i,vidareutveckling,,,eftersom,det,sällan,finns,en,fullständig,bild,av,vad,systemet,gör,i,praktiken,eller,hur,det,används,när,ingen,tittar,.,En,annan,aktivitet,rör,avgränsning,.,VAD-fasen,präglas,av,att,saker,måste,väljas,bort,.,Man,definierar,vad,som,ingår,i,förändringen,och,vad,som,får,ligga,kvar,,,vilka,delar,som,är,kritiska,och,vilka,som,kan,vänta,.,Här,ingår,också,att,identifiera,intressenter,och,deras,olika,perspektiv,.,Användare,,,systemförvaltning,,,verksamhetsansvariga,och,ibland,externa,parter,drar,inte,alltid,åt,samma,håll,,,vilket,gör,att,kravarbete,blir,ett,arbete,med,prioriteringar,och,kompromisser,snarare,än,en,enkel,insamling,.,Kravspecificering,och,förankring,framstår,som,ytterligare,en,tydlig,aktivitet,.,Krav,behöver,beskrivas,på,ett,sätt,som,både,verksamhet,och,utveckling,kan,förstå,,,samtidigt,som,de,måste,kontrolleras,mot,verkliga,arbetsflöden,och,mot,den,tekniska,och,organisatoriska,kontexten,.,I,praktiken,innebär,det,granskning,,,återkoppling,och,omformulering,flera,varv,.,Risker,och,konsekvenser,börjar,också,ta,form,redan,här,:,vilka,förändringar,kan,påverka,säkerhet,,,datakvalitet,,,ansvarsfördelning,eller,efterlevnad,av,regler,.,Till,detta,kommer,hantering,av,informationsbegrepp,och,data,.,I,informationssystem,blir,frågor,om,vilka,data,som,ska,registreras,,,hur,de,definieras,och,hur,de,hänger,ihop,ofta,lika,avgörande,som,själva,funktionerna,.,Helhetsbilden,som,växer,fram,är,att,VAD-fasen,i,vidareutveckling,består,av,ett,antal,sammanflätade,aktiviteter,:,behovsfångst,,,nulägesanalys,,,avgränsning,,,intressent-,och,prioriteringsarbete,,,kravformulering,,,begrepps-,och,informationsanalys,samt,förankring,genom,iterativ,dialog,.,Resultatet,blir,ett,underlag,som,gör,förändringen,möjlig,att,genomföra,utan,att,tappa,bort,varför,den,görs,och,vem,den,egentligen,är,till,för,."
"Skillnaden,i,bedömning,och,uppföljning,av,kompetensutveckling,och,materiella,investeringar,ligger,i,graden,av,kvantifierbarhet,.,Materiella,investeringar,som,maskiner,,,kan,oftast,bedömas,och,följas,upp,genom,objektiva,metoder,,,medan,kompetensutveckling,kräver,subjektiva,metoder,.,I,de,företag,vi,studerat,finns,en,ambition,att,finna,en,mer,objektiv,metod,för,kompetensutveckling,men,det,anses,ta,för,mycket,resurser,i,anspråk,relaterat,till,den,nytta,som,eventuellt,skulle,uppstå,.,En,annan,faktor,som,vi,fann,var,att,i,den,dynamiska,miljö,företagen,verkar,är,det,inte,motiverat,att,utvärdera,kompetensutveckling,eftersom,det,anses,vara,en,färskvara,.,Miljön,företagen,verkar,i,och,själva,syftet,med,kompetensutvecklingen,påverkar,också,om,man,ska,anse,kompetensutveckling,vara,en,investering,eller,inte","Uppsatsen,behandlar,hur,företag,resonerar,när,de,väljer,mellan,materiella,investeringar,,,som,maskiner,,,IT-utrustning,och,produktionsanläggningar,,,och,investeringar,i,kompetensutveckling,,,exempelvis,utbildning,,,ledarskapsprogram,och,lärande,i,arbetet,.,Utgångspunkten,är,att,båda,typerna,av,investeringar,syftar,till,att,stärka,verksamhetens,prestationsförmåga,,,men,att,de,fungerar,olika,ekonomiskt,och,styrningsmässigt,.,Där,materiella,satsningar,ofta,är,tydliga,i,budgeten,,,lätta,att,avgränsa,och,relativt,enkla,att,följa,upp,via,kalkyler,och,avskrivningar,,,hamnar,kompetensutveckling,närmare,de,immateriella,värdena,och,blir,svårare,att,sätta,en,prislapp,på,.,Effekterna,kan,komma,senare,,,vara,mer,spridda,i,organisationen,och,påverkas,av,personalomsättning,eller,förändrade,arbetssätt,.,Jämförelsen,lyfter,också,hur,synen,på,risk,och,avkastning,skiljer,sig,åt,.,Materiella,investeringar,kan,knytas,till,kapacitet,,,effektivitet,och,standardisering,,,men,låser,ibland,företaget,vid,en,viss,teknik,eller,en,viss,process,.,Kompetensutveckling,är,mer,rörlig,och,kan,öka,anpassningsförmågan,när,marknaden,skiftar,,,men,den,kräver,att,kunskapen,faktiskt,omsätts,i,praktiken,.,En,kurs,som,inte,följs,av,tid,,,stöd,och,tydliga,förväntningar,ger,sällan,mycket,tillbaka,.,I,ett,managementperspektiv,blir,därför,frågan,inte,bara,vad,man,investerar,i,,,utan,hur,investeringarna,leds,:,vilka,mål,som,sätts,,,hur,lärande,och,användning,följs,upp,och,hur,chefer,skapar,utrymme,för,förändring,i,vardagen,.,Texten,diskuterar,även,redovisnings-,och,styrproblem,som,uppstår,när,investeringar,i,kompetensutveckling,ofta,behandlas,som,kostnader,i,resultatet,snarare,än,som,tillgångar,,,trots,att,de,kan,bygga,långsiktig,konkurrenskraft,.,Det,påverkar,incitamenten,,,särskilt,i,organisationer,där,kortsiktiga,resultatmått,dominerar,.,Materiella,investeringar,får,en,annan,tyngd,i,beslutsunderlag,och,kan,framstå,som,mer,”,riktiga,”,investeringar,,,även,när,den,strategiska,nyttan,av,kompetenshöjning,är,större,.,Sammantaget,visar,jämförelsen,att,materiella,och,immateriella,investeringar,inte,bör,ställas,mot,varandra,som,antingen-eller,.,I,praktiken,fungerar,de,ofta,bäst,i,kombination,:,ny,teknik,ger,begränsad,effekt,utan,kunskap,,,och,kompetensutveckling,tappar,kraft,om,verktygen,,,systemen,och,arbetsprocesserna,inte,håller,jämna,steg,."
"I,ett,företag,finns,data,utspridd,i,olika,datasystem,.,För,att,lättare,och,snabbare,komma,åt,data,bör,data,finnas,samlad,på,ett,ställe,d.v.s.,ett,datalager,.,Om,datalagret,ska,fungera,som,ett,beslutsstöd,för,företagsledningen,är,det,viktigt,att,data,håller,en,hög,datakvalitetsnivå,så,att,beslut,fattas,som,gynnar,företaget,.,För,att,kontrollera,datakvalitet,kan,datakvalitetsverktyg,användas,.,Dessa,innehåller,funktioner,för,att,lösa,olika,datakvalitetsproblem,.,I,rapporten,behandlas,hur,datakvalitetsfaktorerna,korrekthet,,,datatypsenlighet,,,konsistens,,,lämplighet,,,integration,,,kompletthet,och,inga,dubbletter,hanteras,av,datakvalitetsverktyg,för,datalager,.,En,litteraturstudie,har,genomförts,för,att,se,hur,datakvalitetsfaktorerna,hanteras,samt,om,behandlingen,varierar,mellan,olika,datakvalitetslösningar,.,Litteraturstudien,har,också,använts,för,att,upptäcka,om,olikheter,och,likheter,i,behandlingen,av,enskilda,datakvalitetsfaktorer,har,påverkat,hur,väl,faktorerna,hanteras,i,lösningarna,.,Samtliga,lösningar,i,arbetet,innehåller,datakvalitetsverktyg,som,beaktar,de,utvalda,datakvalitetsfaktorerna,men,använder,ibland,olika,tillvägagångssätt,.,Skillnader,finns,i,hur,väl,de,olika,lösningarna,hanterar,enskilda,datakvalitetsfaktorer","Den,här,uppsatsen,behandlar,hur,datakvalitetsverktyg,används,i,datalager,och,på,vilket,sätt,de,faktiskt,angriper,olika,datakvalitetsfaktorer,.,Utgångspunkten,är,att,datalager,ofta,samlar,data,från,många,källor,med,skilda,format,,,begrepp,och,regler,.,Resultatet,blir,lätt,inkonsekvenser,,,dubbletter,och,luckor,som,i,sin,tur,påverkar,rapportering,,,analys,och,styrning,.,Fokus,ligger,därför,inte,på,datalagret,som,teknik,i,sig,,,utan,på,den,praktiska,datakvalitetsproblematiken,och,vilka,typer,av,verktygsstöd,som,finns,för,att,hantera,den,.,Arbetet,beskriver,vanliga,datakvalitetsfaktorer,som,korrekthet,,,fullständighet,,,konsistens,,,aktualitet,och,spårbarhet,,,och,kopplar,dem,till,funktioner,som,återkommer,i,datakvalitetsverktyg,.,Det,kan,handla,om,profilering,av,data,för,att,hitta,avvikelser,tidigt,,,valideringsregler,som,stoppar,orimliga,värden,,,standardisering,av,format,(,till,exempel,datum,,,adresser,och,koder,),,,matchning,och,deduplicering,där,samma,entitet,förekommer,i,flera,varianter,,,samt,berikning,och,referensdata,som,gör,att,värden,blir,jämförbara,över,systemgränser,.,En,central,del,är,hur,verktygen,integreras,i,ETL,/,ELT-flöden,och,hur,de,arbetar,i,praktiken,:,vissa,kontroller,sker,innan,data,lastas,in,i,datalagret,,,andra,läggs,som,övervakning,och,larm,i,efterhand,när,användningen,redan,pågår,.,Sammanfattningen,pekar,också,på,att,en,datakvalitetslösning,sällan,är,“,bara,ett,verktyg,”,.,Den,bygger,på,regler,,,ansvar,och,uppföljning,som,måste,få,plats,i,organisationens,vardag,.,Verktygen,kan,automatisera,mycket,,,men,de,avgör,inte,vilka,definitioner,som,ska,gälla,eller,vad,som,räknas,som,acceptabel,kvalitet,.,Därför,diskuteras,även,hur,datakvalitetsverktyg,stödjer,governance,:,versionshantering,av,regler,,,dokumentation,,,audit,trails,och,mätetal,som,gör,kvaliteten,synlig,över,tid,.,Uppsatsen,landar,i,att,värdet,uppstår,när,verktygens,funktioner,kopplas,tätt,till,datalagrets,processer,och,till,de,krav,som,verksamheten,faktiskt,har,,,snarare,än,till,en,generell,idé,om,“,ren,data,”,."
"Arbetet,behandlar,hypotesen,om,huruvida,personer,som,har,sin,primärinkomst,från,Internetpokerspel,har,homogena,köpvanor,eller,inte,.,Med,hjälp,av,konsumentteori,och,kvalitativa,intervjuer,med,ett,antal,pokerproffs,fösöker,denna,studie,ge,svar,på,detta","Studien,tar,avstamp,i,nätpokens,framväxt,som,yrkesarena,och,undersöker,hur,pokerproffs,faktiskt,beter,sig,som,konsumenter,när,spelet,i,sig,både,är,arbete,och,investering,.,Utgångspunkten,är,att,köpbeteende,i,den,här,miljön,inte,bara,handlar,om,vanliga,preferenser,,,utan,om,beslut,som,vägs,mot,risk,,,varians,och,en,ständigt,närvarande,osäkerhet,.,När,inkomsten,är,oregelbunden,och,vinsterna,kan,skifta,snabbt,får,även,små,inköp,en,annan,laddning,än,för,den,som,har,en,stabil,månadslön,.,Fokus,ligger,på,vilka,typer,av,produkter,och,tjänster,som,pokerproffs,lägger,pengar,på,,,och,varför,.,Det,kan,röra,sig,om,allt,från,programvara,för,analys,och,trackers,,,coachning,och,utbildningsmaterial,,,till,utrustning,,,abonnemang,och,ibland,rena,“,livsstilsinköp,”,som,motiveras,av,behovet,att,hålla,motivation,och,disciplin,uppe,.,Gränsen,mellan,privat,konsumtion,och,yrkesrelaterade,utgifter,framstår,som,porös,.,Ett,inköp,kan,vara,en,belöning,efter,en,bra,period,,,men,också,ett,försök,att,skapa,kontroll,efter,en,sämre,.,I,praktiken,blir,konsumtionen,en,del,av,strategin,:,att,köpa,sig,bättre,beslutsunderlag,,,bättre,rutiner,och,ett,sammanhang,som,gör,det,möjligt,att,fortsätta,spela,på,hög,nivå,.,Analysen,belyser,också,hur,proffsen,hanterar,pengar,och,planerar,.,Bankroll,management,påverkar,inte,bara,spelet,utan,spiller,över,på,vardagskonsumtionen,.,Vissa,drar,åt,svångremmen,vid,downswings,och,prioriterar,strikt,,,andra,jämnar,ut,svängningarna,genom,att,sätta,tydliga,ramar,för,vad,som,får,kosta,vad,,,oavsett,resultat,.,Här,syns,en,tydlig,spänning,mellan,kortsiktig,belöningslogik,och,långsiktig,kalkyl,.,Ett,köp,kan,framstå,som,irrationellt,i,stunden,men,ändå,vara,rimligt,om,det,minskar,stress,,,förbättrar,fokus,eller,sparar,tid,.,Sammantaget,tecknar,studien,en,bild,av,pokerproffs,som,konsumenter,med,ett,ovanligt,förhållande,till,risk,och,värde,.,De,köper,inte,bara,saker,;,de,köper,marginaler,.,I,en,miljö,där,små,skillnader,kan,avgöra,lönsamheten,blir,konsumtionsbeslut,en,förlängning,av,spelet,,,formade,av,samma,psykologiska,tryck,och,samma,krav,på,disciplin,som,vid,borden,."
"Effektiva,marknadshypotesen,(,EMH,),utvecklades,av,Eugene,Fama,under,1960-,och,1970-talet,.,Grundtanken,var,att,prisbildningen,alltid,reflekterar,den,information,som,finns,tillgänglig,för,marknaden,.,Fama,skiljde,på,tre,former,av,effektivitet,:,svaga,,,semistarka,och,starka,formen,.,I,denna,uppsats,studerar,vi,den,semistarka,formen,av,effektivitet,,,vilken,omfattar,all,offentligt,tillgänglig,information,.,Syftet,är,att,undersöka,effektiviteten,i,samband,med,att,ny,information,tillfaller,den,svenska,aktiemarknaden,.,I,de,fall,aktiemarknaden,är,effektiv,finns,ingen,möjlighet,till,onormal,avkastning,.,Vår,studie,omfattar,de,39,största,företagen,noterade,på,den,svenska,aktiemarknaden,,,vilket,motsvarar,81,5,procent,av,det,totala,värdet,.,Vi,kunde,i,vår,undersökning,dra,slutsatsen,att,Stockholmsbörsen,inte,är,fullständigt,effektiv,när,ny,information,offentliggörs","Uppsatsen,behandlar,frågan,om,hur,effektiv,den,svenska,aktiemarknaden,är,när,bolag,på,Stockholmsbörsen,publicerar,kvartalsrapporter,.,Utgångspunkten,är,den,effektiva,marknadshypotesen,(,EMH,),och,idén,att,ny,information,snabbt,ska,återspeglas,i,aktiekurserna,.,I,praktiken,är,kvartalsrapporter,ett,av,de,tydligaste,”,informationstillfällena,”,under,året,,,där,förväntningar,ställs,mot,faktiska,utfall,och,där,marknaden,får,ny,vägledning,om,framtida,utveckling,.,För,att,undersöka,hur,snabbt,och,hur,fullständigt,prisjusteringen,sker,används,en,eventstudie,.,Avkastningen,runt,rapportdagen,analyseras,med,marknadsmodellen,som,referensram,,,där,den,förväntade,avkastningen,skattas,utifrån,sambandet,mellan,en,enskild,aktie,och,marknaden,som,helhet,.,Skillnaden,mellan,faktisk,och,förväntad,avkastning,tolkas,som,abnormal,avkastning,,,och,dessa,avvikelser,summeras,över,ett,valt,tidsfönster,till,kumulativ,abnormal,avkastning,(,CAR,),.,På,så,sätt,går,det,att,fånga,både,den,omedelbara,reaktionen,vid,rapporttillfället,och,eventuella,eftersläpningar,dagarna,efter,.,Analysen,fokuserar,på,om,CAR,tenderar,att,vara,nära,noll,efter,att,rapporterna,blivit,offentliga,,,vilket,skulle,stödja,en,hög,grad,av,effektivitet,i,EMH:s,semistarka,mening,.,Om,det,i,stället,uppstår,systematiska,mönster,–,exempelvis,fortsatta,kursrörelser,efter,rapportdagen,eller,tydliga,reaktioner,före,offentliggörandet,–,pekar,det,mot,att,informationen,inte,fullt,ut,är,inprisad,direkt,,,eller,att,marknaden,påverkas,av,beteendemässiga,faktorer,och,tolkningsproblem,snarare,än,enbart,nya,fakta,.,Resultaten,diskuteras,i,relation,till,hur,rapportinformation,faktiskt,ser,ut,:,den,innehåller,sällan,bara,ett,”,utfall,”,,,utan,också,kommentarer,,,prognoser,och,engångsposter,som,kan,skapa,osäkerhet,och,därmed,ge,en,mer,utdragen,prisprocess,.,Målet,är,att,ge,en,empiriskt,förankrad,bild,av,hur,Stockholmsbörsen,fungerar,kring,kvartalsrapporter,:,reagerar,marknaden,snabbt,och,effektivt,,,eller,finns,det,mätbara,avvikelser,som,kan,tolkas,som,ineffektivitet,?,Uppsatsen,knyter,därmed,ihop,teori,(,EMH,),och,metod,(,marknadsmodellen,och,CAR,),med,ett,konkret,svenskt,sammanhang,där,informationsflödet,är,både,regelbundet,och,marknadspåverkande,."
"Detta,kandidatarbete,utreder,hur,väl,två,operativsystems,inbyggda,brandväggar,fungerar,i,symbios,med,en,användares,vanligaste,tjänsteutnyttjande,på,Internet,,,samt,att,se,hur,likartade,de,är,i,sitt,skydd,från,hot,.,De,två,operativsystemen,som,vi,utgick,ifrån,var,Microsoft,Windows,XP,samt,Red,Hat,Linux,8.0,.,Den,hypotes,vi,arbetat,kring,lyder,enligt,följande,:,De,två,inbyggda,brandväggarna,är,i,stort,likartade,rörande,skydd,från,hot,på,Internet,och,uppfyller,användarnas,tjänsteutnyttjande,.,De,metoder,vi,använt,,,för,att,svara,på,vår,frågeställning,,,har,delats,upp,i,ett,funktionalitetstest,och,ett,säkerhetstest,.,I,funktionalitetstestet,provades,de,vanligaste,Internettjänsterna,med,den,inbyggda,brandväggen,och,ifall,det,uppstod,några,komplikationer,eller,ej,.,De,två,inbyggda,brandväggarna,genom,gick,i,säkerhetstestet,skannings-,och,svaghetskontroll,via,ett,flertal,verktyg,.,Genom,resultatet,kan,vi,konstatera,att,de,inbyggda,brandväggarna,klarar,av,de,vanligaste,tjänsterna,på,Internet,,,men,att,en,skillnad,föreligger,hos,dem,vad,gäller,exponeringen,ut,mot,Internet,.,Windows,XP,ligger,helt,osynligt,utåt,,,medan,Red,Hats,inbyggda,brandvägg,avslöjar,en,mängd,information,om,värddatorn,,,som,kan,komma,att,användas,i,illvilliga,syften,.,Slutsatsen,blev,att,vi,avslutningsvis,falsifierade,vår,hypotes,då,de,två,inbyggda,brandväggarna,ej,var,jämlika,i,sitt,skydd,mot,yttre,hot,på,Internet","Studien,undersöker,hur,inbyggda,brandväggar,fungerar,i,två,vanliga,operativsystemmiljöer,:,Microsoft,Windows,XP,och,Red,Hat,Linux,.,Utgångspunkten,är,att,brandväggen,i,praktiken,ofta,blir,den,första,försvarslinjen,i,en,dator,som,är,uppkopplad,mot,ett,TCP,/,IP-nät,,,där,exponeringen,mot,omvärlden,inte,bara,handlar,om,användarens,beteende,utan,också,om,hur,operativsystemet,hanterar,inkommande,och,utgående,trafik,som,standard,.,Arbetet,jämför,brandväggarnas,grundläggande,möjligheter,och,begränsningar,,,med,fokus,på,hur,de,påverkar,systemets,säkerhet,vid,typiska,angreppsscenarier,.,Särskild,vikt,läggs,vid,skanning,,,eftersom,port-,och,tjänsteskanning,är,en,av,de,vanligaste,metoderna,för,att,kartlägga,ett,systems,angreppsyta,.,Skillnader,i,hur,XP,och,Red,Hat,Linux,svarar,på,TCP,/,IP-trafik,,,och,vilka,tjänster,som,exponeras,eller,döljs,,,blir,därför,centrala,.,Analysen,tar,också,upp,hur,regler,och,standardinställningar,formar,det,faktiska,skyddet,:,vad,som,blockeras,direkt,,,vad,som,släpps,igenom,av,bekvämlighetsskäl,och,vilka,konsekvenser,det,får,när,datorn,placeras,i,ett,nät,med,varierande,hotnivå,.,Resultatet,visar,att,“,inbyggd,”,inte,betyder,samma,sak,i,de,två,fallen,.,Implementationen,och,filosofin,skiljer,sig,,,liksom,hur,mycket,kontroll,administratören,får,utan,extra,verktyg,.,I,XP,hamnar,tyngdpunkten,ofta,på,ett,mer,fördefinierat,skydd,som,är,tätt,knutet,till,operativsystemets,egna,tjänster,,,medan,en,Linuxmiljö,i,högre,grad,bygger,på,tydliga,regelverk,som,kan,anpassas,ner,på,detaljnivå,men,också,kräver,mer,av,den,som,konfigurerar,.,Studien,diskuterar,hur,dessa,skillnader,påverkar,robusthet,mot,skanning,och,oönskad,åtkomst,,,och,knyter,slutsatserna,till,praktiska,val,i,drift,:,när,den,inbyggda,brandväggen,räcker,,,när,den,blir,en,falsk,trygghet,och,vad,som,krävs,för,att,den,faktiskt,ska,ge,ett,rimligt,skydd,."
"Detta,examensarbete,behandlar,elektronisk,handel,mellan,företag,och,vilken,affärsrelation,som,företaget,har,med,sina,företagskunder,efter,införandet,av,elektorisk,handel,.,Telefonintervjuer,har,skett,med,fyra,olika,företag,som,ingår,i,möbelbranschen,.,Syftet,med,arbete,är,att,se,om,företagens,förväntningar,med,avsikt,på,fem,olika,aspekter,som,utgör,en,god,affärsrelation,infriats,.,Denna,undersökning,visar,att,aspekterna,samarbete,och,förtroende,är,de,två,aspekter,som,företagen,har,störst,förväntningar,på,.,De,andra,tre,aspekterna,engagemang,,,anpassning,och,kunskap,om,kunden,har,generellt,företaget,inga,större,förväntningar,innan,införandet,av,elektronisk,handel,.,Om,dessa,förväntningar,har,infriats,eller,inte,besvaras,inte,i,denna,undersökning,på,grund,av,olika,faktorer,som,har,spelat,in","Den,här,uppsatsen,behandlar,hur,affärsrelationer,formas,,,underhålls,och,förändras,när,handel,flyttas,till,digitala,kanaler,.,Med,fokus,på,elektronisk,handel,mellan,företag,(,B2B,),undersöks,vad,som,händer,med,relationen,när,kontakt,,,beställningar,och,uppföljning,allt,oftare,sker,genom,system,snarare,än,genom,personliga,möten,.,Utgångspunkten,är,att,B2B-relationer,sällan,handlar,om,enstaka,köp,.,De,bygger,på,kontinuitet,,,rutiner,och,ömsesidiga,förväntningar,,,och,just,därför,blir,skiftet,till,elektroniska,flöden,mer,än,en,teknisk,fråga,.,E-handelns,standardisering,skapar,effektivitet,men,kan,samtidigt,flytta,makt,och,ansvar,i,relationen,.,När,beställningsprocessen,automatiseras,och,integreras,med,exempelvis,affärssystem,blir,det,lättare,att,mäta,,,jämföra,och,ställa,krav,,,vilket,kan,stärka,köparens,kontroll,.,Samtidigt,uppstår,en,beroenderelation,till,de,digitala,gränssnitten,:,fungerar,de,dåligt,påverkar,det,förtroendet,snabbt,,,även,om,den,bakomliggande,leveransen,i,grunden,är,bra,.,Det,blir,tydligt,att,relationens,kvalitet,inte,bara,sitter,i,pris,och,leveransprecision,utan,också,i,hur,smidigt,informationen,rör,sig,,,hur,avvikelser,hanteras,och,hur,transparens,skapas,i,systemen,.,Uppsatsen,lyfter,även,spänningen,mellan,personliga,kontakter,och,digital,interaktion,.,I,vissa,fall,minskar,behovet,av,tät,kontakt,eftersom,processen,“,bara,rullar,”,.,I,andra,fall,blir,den,mänskliga,dimensionen,mer,avgörande,,,särskilt,när,något,går,fel,eller,när,avtal,ska,omförhandlas,.,Elektronisk,handel,kan,alltså,både,stärka,och,försvaga,relationen,beroende,på,hur,parterna,organiserar,samarbetet,,,vilka,integrationslösningar,som,används,och,hur,man,arbetar,med,förtroendeskapande,aktiviteter,utanför,själva,transaktionen,.,Sammantaget,tecknas,en,bild,av,B2B-ehandel,som,en,relationsmiljö,där,teknik,,,rutiner,och,socialt,kapital,hänger,ihop,.,Affärsrelationer,blir,inte,mindre,betydelsefulla,av,att,handeln,digitaliseras,,,men,de,uttrycks,på,andra,sätt,.,De,sitter,i,processer,,,i,dataflöden,och,i,hur,snabbt,parterna,kan,agera,på,förändringar,,,minst,lika,mycket,som,i,det,traditionella,säljarbetet,."
"Begreppet,mångfald,diskuteras,allt,oftare,i,samhällsdebatten,och,valet,av,uppsatsämne,kändes,därför,naturligt,.,Syftet,med,vår,undersökning,var,att,beskriva,etnisk,mångfald,och,integration,på,två,arbetsplatser,inom,bankvärlden,.,Undersökningen,genomfördes,på,två,banker,som,aktivt,valt,att,anställa,invandrare,.,Vi,använde,oss,av,en,kvalitativ,metod,och,halvstrukturerade,intervjuer,och,genomförde,totalt,tio,stycken,.,Resultaten,visade,att,bankerna,befinner,sig,i,ett,startskede,där,det,än,så,länge,främst,är,i,rekryteringsprocessen,samt,inom,ramen,för,kundanpassning,som,tankar,om,tillvaratagande,av,etnisk,mångfald,återfinns,.,Det,finns,även,en,skillnad,vad,gäller,hur,de,anställda,med,utländsk,bakgrund,integrerats,i,bankerna,.,I,Bank,1,har,det,skett,en,viss,anpassning,till,den,svenska,majoritetskulturens,normer,och,värderingar,och,övervägande,återfinns,ett,tillvaratagande,av,olikhet,på,grund,av,kulturell,bakgrund,inom,arbetsgruppen,.,I,Bank,2,har,det,främst,skett,en,anpassning,till,majoritetskulturen,och,olikhet,betonas,inte,.,De,anställdas,upplevelse,av,att,ha,blivit,anställda,på,grund,av,sina,språkkunskaper,är,positiv,och,deras,arbetssituation,beskrivs,som,tillfredställande,.,Den,påstådda,ojämlikheten,i,samhället,där,människor,med,utländsk,bakgrund,är,underordnade,dem,med,svensk,bakgrund,återspeglas,till,viss,del,i,de,undersökta,bankerna","För,att,kunna,skriva,en,sammanfattning,som,faktiskt,bygger,på,*,din,*,titel,och,*,dina,*,nyckelord,behöver,jag,få,dem,av,dig,.,Just,nu,ser,jag,bara,titeln,(,”,Integration,på,två,arbetsplatser,”,),och,ordet,”,nan,”,,,som,jag,antar,är,en,felskrivning,eller,en,ofullständig,lista,.,Skicka,:,1,),Nyckelorden,(,lista,),2,),Gärna,2–4,meningar,om,vad,uppsatsen,handlar,om,(,syfte,/,frågeställning,,,vilka,arbetsplatser,det,gäller,,,metod,om,du,vill,),Så,skriver,jag,en,sammanfattning,i,kandidatuppsatsstil,på,svenska,,,med,varierad,meningslängd,och,ett,mer,naturligt,flyt,,,utan,AI-typiska,övergångar,."
"Syftet,med,denna,undersökning,är,att,få,en,inblick,i,om,och,hur,förlusten,av,sockenkyrkan,påverkade,livet,i,Nedertorneå-Haparanda,församling,socialt,samt,religiöst,och,i,så,fall,hur,eventuella,förändringar,yttrade,sig,när,de,efter,kriget,1809,förlorade,hemkyrkan,på,Björkön-Pirkkiö,till,Ryssland,.,Församlingskyrkan,blev,efter,gränsdragningen,kvar,på,ryskt,område,.,Eftersom,kyrkan,ansvarade,för,ett,flertal,nuvarande,statliga,uppgifter,under,denna,tid,,,har,jag,funderat,på,hur,undervisning,,,fattigvård,samt,sjukvård,fungerade,utan,kyrka,och,prästerskap,.,Hur,förrättningar,och,gudstjänster,fungerade,i,en,sådan,komplex,situation,är,ytterligare,faktorer,jag,studerat,närmare,.,För,att,ta,reda,på,hur,det,förhöll,sig,med,detta,under,den,här,tidsperioden,har,jag,ägnat,mig,åt,litteraturstudium,;,vilket,till,största,delen,varit,av,historisk,karaktär,.,Det,har,rört,sig,om,kyrkohistoria,,,studium,av,samhällsutveckling,,,samt,allmän,global,och,lokal,historia,.,Utifrån,det,samlade,materialet,har,jag,kommit,fram,till,att,livet,påverkades,ur,flera,aspekter,för,invånarna,i,Nedertorneå-Haparanda,församling,när,de,förlorade,sockenkyrkan,1809,.,Undervisningen,med,husförhör,fungerade,inte,som,de,skulle,,,negligering,av,förbud,att,bevista,den,gamla,stenkyrkan,förekom,samt,en,likgiltighet,hos,föräldrarna,att,undervisa,sina,barn,och,hålla,husandakt,är,några,exempel,på,hur,detta,kom,till,uttryck,hos,lokalbefolkningen","Uppsatsen,tar,sin,utgångspunkt,i,tiden,innan,den,moderna,,,mer,tydligt,uppdelade,samhällsordningen,slog,igenom,–,innan,den,strukturella,differentieringens,tidevarv,–,och,undersöker,hur,sockenkyrkan,fungerade,som,nav,i,lokalsamhället,i,Tornedalen,.,Fokus,ligger,på,Haparanda,och,Björkö,som,konkreta,platser,där,kyrkans,betydelse,kan,följas,i,vardagsliv,,,rumslig,orientering,och,social,ordning,.,Sockenkyrkan,framträder,inte,bara,som,gudstjänstrum,utan,som,en,institution,som,band,samman,människor,,,rättskipning,,,skolning,,,fattigvård,och,gemensamma,normer,.,Den,var,ett,slags,praktisk,mittpunkt,;,när,den,fanns,nära,var,den,självklar,,,när,den,försvann,blev,frånvaron,tydlig,.,Begreppet,kyrkoförlust,används,för,att,ringa,in,vad,som,händer,när,en,församling,mister,sin,kyrka,eller,när,kyrkans,funktioner,tunnas,ut,så,att,den,slutar,vara,den,lokala,tyngdpunkten,.,I,materialet,framstår,förlusten,både,som,något,konkret,–,en,kyrkobyggnad,som,lämnas,,,byts,ut,eller,hamnar,på,“,fel,”,sida,–,och,som,en,social,erfarenhet,som,kan,märkas,i,hur,människor,beskriver,avstånd,,,tillhörighet,och,sedvänjor,.,Kyrkan,var,knuten,till,mark,,,minnen,och,släktskap,.,Att,tappa,den,kunde,därför,upplevas,som,att,förlora,mer,än,en,byggnad,;,en,del,av,socknens,självklarhet,gick,också,förlorad,.,1809,års,krig,fungerar,som,en,skarp,brytpunkt,.,När,riksgränsen,drogs,om,och,Tornedalen,fick,en,ny,politisk,verklighet,förändrades,villkoren,för,församlingarna,i,gränslandet,.,Det,som,tidigare,varit,en,relativt,sammanhängande,kyrklig,och,social,geografi,splittrades,.,För,Haparanda,och,Björkö,blir,kriget,och,gränsdragningen,en,händelse,som,får,efterverkningar,i,sådant,som,kyrkvägar,,,administrativa,lojaliteter,och,vilka,centrum,som,uppfattas,som,naturliga,.,I,ett,område,där,människor,rört,sig,över,älv,och,is,i,generationer,blir,gränsen,inte,bara,en,linje,på,kartan,utan,en,kraft,som,omformar,vardagslivets,rutiner,och,det,kyrkliga,landskapet,.,Genom,att,följa,sockenkyrkans,roll,i,Tornedalen,före,och,kring,1809,kan,uppsatsen,visa,hur,tät,sammanflätningen,var,mellan,religion,,,lokalsamhälle,och,statliga,strukturer,innan,de,började,skiljas,åt,i,mer,självständiga,sfärer,.,Kyrkoförlusten,blir,då,ett,sätt,att,förstå,hur,gränskrig,och,omorganisationer,sipprar,ner,i,det,mest,lokala,.,Det,handlar,om,hur,människor,i,Haparanda,och,på,Björkö,fick,omförhandla,var,gemenskapen,hörde,hemma,när,den,gamla,ordningen,inte,längre,gick,att,ta,för,given,."
"Syftet,med,denna,studie,var,att,undersöka,vilka,situationer,som,vanligen,orsakar,ilska,hos,vuxna,individer,,,och,att,ur,dessa,försöka,härleda,vilka,faktorer,som,i,dessa,situationer,orsakat,ilskan,.,Genom,en,enkätundersökning,fick,55,psykologistudenter,vardera,beskriva,två,situationer,som,gjort,dem,arga,,,samt,vad,det,var,som,gjort,dem,arga,.,På,detta,material,utfördes,en,induktiv,tematisk,analys,,,vilket,visade,på,fem,olika,huvudorsaker,till,ilska,.,Dessa,var,:,Hot,mot,ens,(,eller,signifikant,annans,),välbefinnande,;,Normbrytande,beteende,och,orättvisa,;,Bristande,kontroll,över,relevant,situation,samt,förhindrelse,att,uppnå,mål,;,Ens,förväntningar,bryts,till,det,negativa,;,Negativa,tillstånd,.,I,en,vidare,diskussion,behandlas,att,dessa,teman,förefaller,passa,väl,in,i,ett,evolutionistiskt,synsätt,på,emotioner,.,Ilska,förefaller,vara,en,handlingsmotiverande,emotion,som,huvudsakligen,fyller,funktionen,som,mobiliserande,kraft,gentemot,negativa,utvecklingar","Frågan,om,vad,som,orsakar,ilska,rymmer,både,biologi,,,psykologi,och,sociala,villkor,.,Ilskan,uppstår,sällan,ur,tomma,intet,.,Ofta,är,den,en,reaktion,på,något,som,upplevs,som,ett,hot,eller,en,kränkning,:,gränser,som,passeras,,,orättvisa,beslut,,,svek,,,eller,situationer,där,man,förlorar,kontroll,.,I,många,fall,handlar,det,inte,bara,om,händelsen,i,sig,,,utan,om,tolkningen,av,den,.,Två,personer,kan,möta,samma,motgång,och,ändå,reagera,helt,olika,,,eftersom,tidigare,erfarenheter,,,förväntningar,och,självkänsla,påverkar,hur,situationen,förstås,.,En,vanlig,utlösande,faktor,är,frustration,.,När,ett,mål,blockeras,och,handlingsutrymmet,känns,litet,ökar,spänningen,,,och,ilskan,kan,fungera,som,ett,sätt,att,mobilisera,energi,.,Den,kan,också,vara,kopplad,till,skam,eller,sårbarhet,.,För,vissa,är,ilska,ett,mer,tillgängligt,uttryck,än,rädsla,eller,sorg,,,särskilt,i,miljöer,där,det,inte,är,socialt,accepterat,att,visa,osäkerhet,.,Då,kan,ilskan,bli,ett,slags,skydd,,,snabbt,och,effektivt,,,men,också,trubbigt,.,På,en,fysiologisk,nivå,hänger,ilska,ihop,med,stressystemen,.,Sömnbrist,,,långvarig,press,och,hög,belastning,gör,tröskeln,lägre,;,kroppen,ligger,redan,nära,ett,beredskapsläge,.,Temperament,spelar,roll,,,liksom,inlärda,mönster,för,hur,man,hanterar,konflikt,.,Om,man,tidigt,har,lärt,sig,att,höja,rösten,ger,resultat,,,eller,att,aggressivitet,skapar,avstånd,och,därmed,trygghet,,,kan,ilskan,bli,en,återkommande,strategi,snarare,än,en,tillfällig,reaktion,.,Sociala,sammanhang,formar,också,känslan,.,Maktobalans,,,otydliga,regler,och,upprepade,erfarenheter,av,att,inte,bli,lyssnad,på,kan,bygga,upp,en,kronisk,irritation,som,till,sist,tar,form,som,utbrott,eller,cynism,.,I,nära,relationer,väcks,ilska,ofta,när,behov,krockar,:,när,någon,känner,sig,förbisedd,,,kontrollerad,eller,inte,respekterad,.,I,arbetslivet,kan,den,triggas,av,brist,på,autonomi,,,upplevd,orättvisa,eller,att,kraven,överstiger,resurserna,.,Ofta,är,det,inte,de,stora,konflikterna,som,tänder,gnistan,,,utan,små,återkommande,situationer,som,staplas,på,varandra,.,Sammantaget,framträder,ilska,som,en,känsla,som,både,signalerar,och,påverkar,:,den,markerar,gränser,,,reagerar,på,hot,och,driver,handling,.,Orsakerna,ligger,sällan,i,en,enskild,faktor,.,De,växer,fram,i,mötet,mellan,kroppens,stressreaktioner,,,individens,tolkningar,och,de,villkor,som,omger,personen,i,vardagen,."
"Syftet,med,denna,uppsats,var,att,undersöka,hur,stor,kunskap,pedagoger,har,om,utlandsadopterade,barn,och,deras,eventuella,språkproblem,.,De,frågeställningar,vi,ämnade,besvara,var,bland,annat,vad,litteraturen,skriver,om,utlandsadopterade,barns,språk,.,Vi,ville,också,ta,reda,på,vad,föräldrarna,till,de,utlandsadopterade,barnen,hade,för,åsikter,om,deras,barns,eventuella,språkproblem,och,hur,dessa,barnen,fått,den,hjälp,de,rimligtvis,behöver,.,Vi,arbetade,enligt,trianguleringsmetoden,och,arbetet,inleds,med,en,litteraturstudie,,,där,vi,redogör,för,den,forskning,vi,tagit,del,av,.,Därefter,följer,en,enkätundersökning,där,15,föräldrar,till,utlandsadopterade,barn,deltog,.,Metoddelen,avslutas,med,intervjuer,av,fem,pedagoger,.,Resultatet,visar,att,föräldrarna,,,efter,hårt,arbete,,,fick,den,hjälp,som,barnet,behövde,,,exempelvis,genom,att,få,hjälp,av,en,logoped,eller,talpedagog,.,Resultatet,visar,även,att,lärarna,i,vår,undersökning,inte,hade,någon,större,kunskap,om,utlandsadopterade,barns,språkproblem","Uppsatsen,tar,sin,utgångspunkt,i,en,återkommande,fråga,i,både,hem,och,skola,:,får,utlandsadopterade,barn,språkproblem,,,och,i,så,fall,hur,märks,det,i,vardagen,?,Fokus,ligger,inte,på,att,mäta,språklig,nivå,i,tester,,,utan,på,hur,språksvårigheter,uppfattas,och,tolkas,av,dem,som,står,barnen,nära,–,föräldrar,och,pedagoger,.,Genom,att,undersöka,deras,erfarenheter,och,bedömningar,blir,det,möjligt,att,se,hur,språkfrågan,formas,i,mötet,mellan,barnets,bakgrund,,,skolans,krav,och,de,vuxnas,förväntningar,.,Materialet,kretsar,kring,berättelser,och,observationer,från,två,arenor,.,Hemmet,,,där,föräldrar,ofta,beskriver,de,tidiga,språkliga,stegen,och,jämför,med,syskon,eller,jämnåriga,.,Skolan,,,där,pedagoger,tolkar,barnets,språk,utifrån,undervisningens,tempo,,,klassrummets,samtal,och,det,som,krävs,för,att,hänga,med,i,läsning,och,skrivning,.,I,båda,grupperna,återkommer,en,bild,av,att,språket,ibland,tar,fart,snabbt,efter,adoptionen,,,men,att,vissa,svårigheter,kan,dyka,upp,senare,när,språket,blir,mer,abstrakt,och,kraven,ökar,.,Det,kan,handla,om,ordförråd,,,berättande,,,förståelse,av,instruktioner,,,uttal,eller,att,läs-,och,skrivutvecklingen,hakar,i,.,En,central,del,i,undersökningen,handlar,om,hur,vuxna,försöker,förklara,det,de,ser,.,En,del,kopplar,språkliga,svårigheter,till,barnets,tidiga,livsvillkor,,,byte,av,språk,och,möjliga,avbrott,i,stimulans,innan,adoptionen,.,Andra,beskriver,osäkerhet,:,är,det,“,bara,”,en,normal,variation,,,en,fråga,om,tid,,,eller,något,som,kräver,stödinsatser,?,Här,syns,också,en,skillnad,i,perspektiv,.,Föräldrar,tenderar,att,se,språkets,utveckling,i,relation,till,barnets,hela,livssituation,och,känslomässiga,trygghet,,,medan,pedagoger,oftare,kopplar,språket,till,skolprestation,och,deltagande,i,undervisningen,.,I,praktiken,flyter,dessa,perspektiv,ihop,,,men,de,kan,leda,till,olika,slutsatser,om,när,oro,är,befogad,.,Uppsatsen,belyser,även,samspelet,mellan,språksvårigheter,och,skolans,stöd,.,När,pedagoger,har,kunskap,om,adoption,och,om,hur,språkutveckling,kan,se,ut,efter,ett,språkskifte,blir,beskrivningarna,mer,nyanserade,och,åtgärderna,mer,träffsäkra,.,När,sådan,kunskap,saknas,riskerar,barnet,att,antingen,överskattas,(,“,det,går,nog,över,”,),eller,att,svårigheter,snabbt,tolkas,som,generella,inlärningsproblem,.,Föräldrar,beskriver,ofta,att,de,får,agera,mellanhand,och,driva,på,för,utredning,eller,extra,stöd,,,men,också,att,de,ibland,möter,en,försiktighet,från,skolan,inför,att,särskilja,utlandsadopterade,barns,behov,från,andras,.,Helhetsbilden,som,tecknas,är,att,språkproblem,inte,kan,ses,som,något,självklart,eller,likadant,för,alla,utlandsadopterade,barn,.,Däremot,finns,återkommande,erfarenheter,av,att,språkliga,utmaningar,kan,uppstå,och,att,de,ibland,blir,tydliga,först,när,skolans,språkliga,krav,skärps,.,Uppsatsen,visar,hur,föräldrars,och,pedagogers,uppfattningar,formar,vilka,svårigheter,som,uppmärksammas,,,hur,de,förstås,och,vilket,stöd,som,faktiskt,blir,av,."
"Arbetsmarknadsläget,är,idag,hårdare,än,det,tidigare,varit,för,nyutexaminerade,akademiker,.,Vägen,till,drömyrket,är,krokig,och,kantas,av,flera,val,som,måste,göras,,,i,fråga,om,strategier,och,mobilitet,.,Denna,uppsats,belyser,yngre,akademikers,rumsliga,mobilitet,och,nuvarande,situation,på,arbetsmarknaden,samt,strategier,under,etableringsprocessen,i,förhållande,till,olika,aspekter,såsom,ålder,och,familjebildning,.,En,kvalitativ,metod,i,form,av,intervjuer,användes,.,Uppsatsens,teoretiska,referensram,präglas,av,Becks,individualiseringsteori,samt,andra,teorier,av,Bourdieu,,,Giddens,och,Bäck-Wiklund,.,Tidigare,forskning,visar,bland,annat,att,individualiseringen,och,kravet,på,flexibilitet,leder,till,ökade,svårigheter,att,både,förvärva,och,behålla,en,anställning,.,Undersökningens,resultat,och,analys,genomfördes,på,6,respondenter,som,alla,tagit,examen,från,Mälardalens,högskola,under,hösten,2004,.,Studiens,resultat,präglas,av,de,val,som,respondenterna,gjort,,,både,före,,,under,och,efter,utbildningstiden,.,Alla,respondenter,i,studien,har,arbete,men,några,anser,att,de,är,överkvalificerade,för,de,tjänster,de,nu,har,.,De,upplevde,sig,också,vara,osäkra,i,sina,anställningar,men,hade,en,hög,mobil,vilja,under,förutsättning,att,flytt,eller,pendling,leder,till,en,anställning,.,Gemensamt,för,alla,var,dock,att,de,anser,att,de,i,och,med,sin,unga,ålder,saknar,erfarenhet,vilket,ökar,svårigheterna,på,arbetsmarknaden,.,Respondenterna,hade,i,flera,fall,haft,en,stor,hjälp,av,det,nätverk,som,de,förvärvat,på,sina,arbetsplatser,då,de,sökte,andra,jobb,.,I,diskussionen,resoneras,kring,undersökningens,resultat,som,bland,annat,rörde,respondenternas,mobila,vilja,,,hur,olika,val,påverkat,arbetslivet,och,etableringsprocessen,,,betydelsen,av,det,personliga,nätverket,och,attityder,till,den,egna,åldern","Uppsatsen,undersöker,hur,unga,akademiker,försöker,etablera,sig,på,arbetsmarknaden,två,år,efter,examen,.,Genom,intervjuer,fångas,vardagsnära,berättelser,om,hur,övergången,från,studier,till,arbete,faktiskt,går,till,när,den,första,entusiasmen,lagt,sig,och,mötet,med,arbetsmarknadens,villkor,blivit,mer,konkret,.,Fokus,ligger,på,strategier,:,vilka,val,som,görs,,,vad,som,upplevs,som,möjligt,och,hur,deltagarna,förklarar,sina,framgångar,och,motgångar,.,Materialet,visar,att,etablering,sällan,följer,en,rak,linje,.,Snarare,pendlar,den,mellan,perioder,av,aktivt,jobbsökande,,,kortare,anställningar,,,praktik,eller,projekt,,,och,stunder,av,tvekan,där,planerna,ritas,om,.,Individualism,framträder,som,ett,tydligt,ideal,.,Många,beskriver,att,de,förväntas,vara,självgående,,,flexibla,och,ständigt,”,på,”,,,samtidigt,som,ansvaret,för,att,lyckas,läggs,på,individen,.,Det,kan,ge,handlingskraft,,,men,också,skapa,press,.,När,jobben,uteblir,tenderar,vissa,att,tolka,det,som,ett,personligt,misslyckande,,,även,när,det,handlar,om,branschlogik,och,tillfälligheter,.,Rumslig,mobilitet,fungerar,för,flera,som,en,uttalad,strategi,.,Att,flytta,,,pendla,långt,eller,vara,beredd,att,ta,jobb,i,en,annan,region,beskrivs,ibland,som,nödvändigt,snarare,än,som,ett,fritt,val,.,Mobiliteten,öppnar,dörrar,,,men,den,har,ett,pris,:,relationer,påverkas,,,boendesituationen,blir,osäker,och,känslan,av,att,”,börja,om,”,återkommer,.,För,andra,är,rörlighet,begränsad,av,ekonomi,,,familj,eller,social,förankring,.,Det,skapar,olika,förutsättningar,redan,från,start,.,Sociala,nätverk,spelar,en,mer,avgörande,roll,än,vad,många,först,vill,medge,.,Kontakter,förmedlar,tips,,,informella,rekommendationer,och,inblick,i,hur,rekryteringar,går,till,i,praktiken,.,Samtidigt,finns,ett,tydligt,ambivalent,förhållande,till,nätverkande,.,Några,ser,det,som,en,självklar,del,av,yrkeslivet,,,andra,upplever,det,som,obekvämt,eller,orättvist,,,nästan,som,att,kompetens,borde,räcka,.,I,intervjuerna,blir,det,ändå,tydligt,att,nätverk,kan,fungera,som,genvägar,,,särskilt,i,branscher,där,ingångarna,är,få,och,konkurrensen,hög,.,Sammantaget,tecknar,studien,en,bild,av,etablering,som,något,som,görs,,,prövas,och,förhandlas,fram,.,Strategierna,formas,i,skärningspunkten,mellan,egna,ambitioner,och,arbetsmarknadens,krav,,,mellan,viljan,att,styra,sin,väg,och,behovet,av,att,anpassa,sig,.,Två,år,efter,examen,befinner,sig,många,inte,i,ett,”,slutläge,”,utan,i,en,pågående,process,,,där,arbete,,,identitet,och,framtidsplaner,fortfarande,hänger,ihop,på,ett,lite,provisoriskt,sätt,."
"Utgångspunkt,för,arbetet,har,varit,de,brister,i,matematikkunskaper,hos,eleverna,som,framkommit,i,ett,flertal,rapporter,,,samtidigt,som,många,framställningar,pekar,på,att,dagens,matematikundervisning,bedrivs,på,ett,mycket,traditionellt,sätt,.,Syftet,med,denna,uppsats,har,varit,att,ur,ett,matematikdidaktiskt,perspektiv,belysa,hur,matematiklärare,i,grundskolans,senare,år,planerar,,,genomför,,,följer,upp,och,utvärderar,sin,undervisning,i,avsikt,möta,den,stora,variation,av,elever,som,finns,i,varje,elevgrupp,,,dvs,hur,lärare,arbetar,för,att,variera,sin,undervisning,i,syfte,att,individualisera,för,eleverna,.,Undersökningen,har,genomförts,som,en,kombination,av,enkät,och,intervju,,,där,den,inledande,enkäten,dels,har,gett,en,bred,bild,av,lärarnas,uppfattningar,inom,några,väsentliga,områden,dels,använts,för,att,fånga,in,intervjupersoner,för,den,efterföljande,intervjun,.,Den,senare,delen,av,undersökningen,,,där,avsikten,varit,att,komma,några,utvalda,lärare,närmare,in,på,livet,,,har,genomförts,som,kvalitativa,intervjuer,.,Resultatet,av,undersökningen,visar,att,det,både,finns,stora,variationer,mellan,olika,lärares,sätt,att,arbeta,,,samtidigt,som,det,finns,många,gemensamma,uppfattningar,.,Den,bild,som,jag,fått,genom,intervjuerna,,,vilken,i,mycket,stämmer,överens,med,flera,tidigare,undersökningar,,,är,att,den,dominerande,formen,av,individualisering,är,hastighetsindividualisering,där,eleverna,arbetar,med,samma,material,men,i,olika,takt,.,För,att,individualisera,undervisningen,på,ett,mer,effektivt,sätt,krävs,troligtvis,en,större,variation,,,än,vad,denna,undersökning,kunnat,visa,,,både,vad,gäller,innehåll,och,metoder,.,Ofta,handlar,det,om,resurser,,,intentioner,kontra,betingelser,,,och,frågan,om,att,låta,sig,styras,eller,att,försöka,påverka,och,styra,.,För,att,kunna,arbeta,efter,det,senare,alternativet,krävs,ett,systematiskt,och,strukturerat,angrepps-,och,arbetssätt,.,Detta,kräver,i,sin,tur,åtgärder,på,flera,olika,nivåer,inom,skolan","Titeln,*,Matematik,för,alla,?,*,pekar,mot,en,spänning,som,många,lärare,känner,igen,:,ambitionen,att,ge,alla,elever,likvärdiga,möjligheter,i,matematik,,,samtidigt,som,elevgruppen,är,ojämn,både,vad,gäller,förkunskaper,,,tempo,och,motivation,.,I,fokus,står,hur,lärare,faktiskt,arbetar,med,individualisering,i,ämnet,,,och,vilka,lösningar,som,blir,möjliga,i,den,vardag,där,tid,,,resurser,och,styrdokument,drar,åt,olika,håll,.,Individualisering,framträder,här,som,något,mer,än,att,“,alla,gör,olika,”,.,Det,handlar,om,att,anpassa,undervisningens,nivå,,,stöd,och,förväntningar,utan,att,tappa,den,gemensamma,riktningen,.,Lärare,behöver,därför,hålla,flera,saker,i,huvudet,samtidigt,:,vilka,matematiska,idéer,som,ska,synliggöras,för,hela,gruppen,,,vilka,elever,som,behöver,fler,konkreta,exempel,eller,längre,tid,,,och,vilka,som,behöver,större,utmaningar,för,att,inte,stanna,av,.,I,praktiken,blir,individualisering,ofta,en,balans,mellan,planerade,anpassningar,och,sådant,som,sker,i,stunden,,,när,en,genomgång,inte,landar,eller,när,en,elev,plötsligt,fastnar,på,ett,till,synes,enkelt,moment,.,Arbetssätten,kan,ta,sig,flera,uttryck,.,Vissa,lärare,organiserar,undervisningen,med,nivåindelade,uppgifter,,,stationer,eller,flexibla,grupper,som,skiftar,beroende,på,område,.,Andra,lägger,tyngdpunkten,på,samtal,och,återkoppling,,,där,samma,problem,används,för,alla,men,där,stödet,och,frågorna,skiljer,sig,åt,.,Individualisering,kan,också,ligga,i,hur,läraren,bygger,progression,:,kortare,delmål,,,tydligare,språkligt,stöd,,,extra,modellering,eller,fler,möjligheter,att,visa,kunskap,på,olika,sätt,.,Ofta,blir,bedömningen,en,central,motor,,,inte,främst,som,betygsunderlag,utan,som,ett,sätt,att,se,var,missförstånd,uppstår,och,hur,nästa,steg,bör,se,ut,.,Samtidigt,visar,titeln,att,frågan,inte,är,självklar,.,“,För,alla,”,låter,inkluderande,,,men,kan,också,dölja,att,vissa,elever,riskerar,att,få,en,förenklad,matematik,medan,andra,får,den,intressanta,.,Om,individualisering,mest,innebär,att,elever,arbetar,ensamma,i,olika,böcker,eller,digitala,spår,,,finns,en,risk,att,undervisningen,fragmenteras,och,att,lärarens,tid,går,åt,till,brandsläckning,.,Då,kan,stödet,bli,ojämlikt,,,trots,goda,intentioner,.,Lärare,hamnar,också,i,ett,dilemma,mellan,att,ge,mycket,hjälp,och,att,skapa,självständighet,;,för,mycket,styrning,kan,göra,matematiken,passiv,,,för,lite,kan,göra,den,otillgänglig,.,Sammanfattningen,mynnar,ut,i,en,bild,av,individualisering,som,ett,hantverk,där,läraren,ständigt,justerar,undervisningen,för,att,hålla,ihop,gruppen,och,samtidigt,möta,enskilda,behov,.,Matematik,för,alla,blir,inte,en,färdig,metod,utan,ett,pågående,arbete,,,präglat,av,professionella,bedömningar,,,didaktiska,val,och,de,ramar,som,skolan,sätter,.,Resultatet,blir,ofta,kompromisser,,,men,också,kreativa,lösningar,där,målet,är,att,fler,elever,ska,känna,att,matematiken,faktiskt,angår,dem,och,går,att,erövra,."
"Denna,studie,utgörs,av,ett,explorativt,experiment,.,Det,som,har,legat,i,fokus,för,denna,studie,har,varit,att,mäta,attityd,gentemot,varumärkes,produkter,.,Eftersom,det,har,skett,genom,experiment,har,det,centrala,varit,att,se,hur,attityden,påverkas,.,Studien,använder,sig,av,vissa,teorier,kring,varumärken,som,råd,och,tips,i,upplägget,av,experimentet,.,En,av,hypoteserna,som,ställdes,i,studien,var,att,positiv,beskrivning,av,varumärkes,produkter,ger,högre,utfall,i,värderandet,och,viljan,att,äga,produkten,än,neutral,beskrivning,.,Den,andra,hypotesen,var,att,det,inte,finns,någon,könsskillnad,i,utfallet,.,Experimentet,gav,ett,samstämmigt,svar,sett,till,hypotesen,men,vissa,överraskningar,och,mer,oväntade,resultat,framkom,också","Uppsatsen,undersöker,hur,olika,sätt,att,beskriva,ett,varumärke,påverkar,studenters,attityder,till,produkter,,,med,särskilt,fokus,på,hur,de,värderar,dem,och,hur,de,ser,på,ägande,.,Utgångspunkten,är,att,varumärkesbeskrivningar,inte,bara,informerar,,,utan,också,färgar,den,bild,som,skapas,av,både,produkten,och,personen,som,förväntas,använda,den,.,För,studenter,,,som,ofta,rör,sig,i,ett,läge,där,ekonomi,,,identitet,och,social,tillhörighet,drar,åt,olika,håll,,,kan,formuleringar,om,kvalitet,,,hållbarhet,,,exklusivitet,eller,“,vardaglighet,”,få,oväntat,stor,effekt,.,Studien,riktar,blicken,mot,samspelet,mellan,varumärkets,språk,och,studenters,bedömningar,:,Vad,uppfattas,som,värt,pengarna,?,När,känns,en,produkt,som,något,man,vill,äga,,,och,när,framstår,den,mer,som,ett,tillfälligt,verktyg,?,Här,blir,attityd,centralt,,,inte,som,en,stabil,egenskap,,,utan,som,något,som,lätt,kan,skifta,när,ett,varumärke,presenteras,på,ett,visst,sätt,.,En,beskrivning,som,framhäver,lång,livslängd,och,ansvar,kan,till,exempel,höja,upplevt,värde,och,skapa,en,mer,“,rättfärdigad,”,vilja,att,äga,,,medan,en,beskrivning,som,betonar,status,och,unikhet,kan,trigga,andra,drivkrafter,,,som,social,signalering,eller,känslan,av,belöning,.,Genom,att,koppla,varumärken,och,produkter,till,studenters,föreställningar,om,värde,och,ägande,visar,uppsatsen,hur,små,skillnader,i,ordval,kan,leda,till,olika,tolkningar,av,samma,typ,av,produkt,.,I,praktiken,handlar,det,om,hur,varumärkeskommunikation,kan,styra,vad,en,produkt,“,är,”,i,mottagarens,ögon,:,en,investering,,,en,identitetsmarkör,,,något,onödigt,dyrt,eller,något,som,känns,rimligt,att,prioritera,.,Målet,är,att,ge,en,tydligare,bild,av,hur,varumärkesbeskrivningar,formar,attityder,i,en,grupp,som,både,är,köpstark,på,sitt,sätt,och,samtidigt,begränsad,,,och,där,varje,köp,ofta,behöver,motiveras,–,inför,sig,själv,,,och,ibland,inför,andra,."
"Invandringen,sker,i,Sverige,i,allt,större,utsträckning,,,och,till,följd,av,det,ställs,högre,krav,på,den,transkulturella,omvårdnaden,.,Nya,krav,ställs,på,vårdpersonalen,i,deras,arbete,.,Med,detta,som,grund,utformades,studiens,syfte,,,som,var,att,genom,en,litteraturstudie,belysa,patienters,upplevelser,och,uppfattning,av,sjukdom,och,hälsa,relaterad,till,deras,kultur,,,samt,vad,som,kan,göras,för,att,förbättra,vården,utifrån,deras,kulturella,bakgrund,.,I,resultatet,visas,att,kulturella,värderingar,är,de,mest,framträdande,faktorerna,som,påverkar,patientens,uppfattning,om,sin,hälsa,och,sjukdom,.,Kunskap,och,förståelse,om,kulturella,värderingar,är,grunden,för,en,optimal,omvårdnad,.,Nyckelord,:,transkulturell,omvårdnad,,,sjuksköterskan,,,kultur,,,respekt,,,patienter,med,annan,kulturell,bakgrund","Transkulturell,omvårdnad,handlar,om,hur,vård,kan,ges,på,ett,sätt,som,fungerar,i,mötet,mellan,olika,kulturella,erfarenheter,,,värderingar,och,livsvillkor,.,I,praktiken,rör,det,sig,inte,om,att,”,lära,sig,alla,kulturer,”,,,utan,om,att,förstå,hur,människor,tolkar,hälsa,,,sjukdom,och,behandling,utifrån,sin,vardag,,,sin,historia,och,sina,relationer,.,Det,kan,vara,små,saker,–,hur,man,ser,på,smärta,,,integritet,eller,kroppskontakt,–,men,också,större,frågor,som,familjens,roll,i,beslut,,,vad,som,uppfattas,som,respektfullt,bemötande,och,vilka,förväntningar,som,finns,på,sjuksköterskan,.,En,central,del,är,kommunikationen,.,Språkbarriärer,och,olika,sätt,att,uttrycka,behov,kan,snabbt,skapa,missförstånd,,,särskilt,när,tiden,är,knapp,och,vården,är,stressad,.,Tolkning,blir,då,mer,än,en,teknisk,lösning,;,det,påverkar,maktbalansen,i,rummet,,,patientens,möjlighet,att,förstå,alternativ,och,sjuksköterskans,chans,att,göra,en,korrekt,bedömning,.,Samtidigt,räcker,det,inte,att,översätta,ord,.,Betydelser,måste,också,översättas,,,annars,riskerar,patientens,berättelse,att,bli,fragmenterad,eller,”,förenklad,”,till,något,som,passar,journalens,rutor,.,Transkulturell,omvårdnad,kräver,också,självkännedom,.,Sjuksköterskans,egna,normer,om,vad,som,är,rimligt,,,normalt,eller,ansvarsfullt,färgar,mötet,,,ofta,utan,att,man,märker,det,.,När,patienten,agerar,på,ett,oväntat,sätt,kan,det,lätt,tolkas,som,bristande,följsamhet,eller,ointresse,,,fast,det,egentligen,handlar,om,andra,erfarenheter,av,vård,,,andra,prioriteringar,eller,rädsla,.,Att,arbeta,transkulturellt,blir,därför,ett,slags,dubbel,blick,:,att,se,patienten,tydligt,och,samtidigt,se,sin,egen,position,.,I,en,svensk,vårdkontext,kopplas,området,ofta,till,migration,och,minoritetsgrupper,,,men,transkulturella,perspektiv,är,bredare,än,så,.,Kultur,finns,även,i,professionen,,,i,vårdorganisationen,och,i,de,oskrivna,regler,som,styr,mötet,.,När,rutiner,krockar,med,patientens,behov,uppstår,etiska,frågor,:,vems,sätt,att,förstå,situationen,får,tolkningsföreträde,,,och,vad,händer,med,patientens,autonomi,när,kommunikationen,brister,?,Som,kunskapsområde,pekar,transkulturell,omvårdnad,mot,en,vård,där,individen,inte,pressas,in,i,generella,mallar,.,Det,handlar,om,att,skapa,förtroende,,,minska,risken,för,felbedömningar,och,ge,omvårdnad,som,faktiskt,går,att,ta,emot,.,Inte,perfekt,,,inte,friktionsfritt,,,men,mer,lyhört,och,mer,rättvist,."
"Titel,:,Om,personalförmåner,motiverar,de,anställda,Författare,:,Niklas,Ambrus,&,Peter,Lundström,Handledare,:,Klaus,Solberg,Söilen,Institution,:,Institutionen,för,Ekonomi,,,Management,och,Samhällsvetenskap,,,Blekinge,Tekniska,Högskola,Kurs,:,Kandidatarbete,i,företagsekonomi,,,10,poäng,.,Hypotes,:,Personalförmåner,motiverar,inte,de,anställda,Syfte,:,Med,den,här,studien,vill,vi,klargöra,om,det,finns,ett,samband,mellan,anställdas,motivation,på,revisionsbyråer,och,deras,personalförmåner,.,Vi,vill,också,utreda,vad,som,ger,de,anställda,hög,arbetstillfredsställelse,och,motivation,.,Metod,:,Vi,har,valt,att,göra,en,kvantitativ,surveyundersökning,med,frågeformulär,som,redskap,för,att,samla,in,empirisk,data,.,Formulären,har,sedan,genererat,statistisk,data,som,analyserats,och,jämförts,med,de,teorier,vi,valt,att,använda,.,Surveyundersökningen,har,genomförts,på,fem,revisionsbyråer,i,östra,Blekinge,med,fem,eller,fler,anställda,.,Slutsats,:,I,vår,undersökning,fann,vi,att,personalförmåner,inte,motiverar,de,anställda,,,utan,ses,som,en,faktor,för,trivsel,på,arbetsplatsen,.,Vi,fann,alltså,inget,direkt,samband,mellan,personalförmåner,och,motivation,hos,de,anställda,på,revisionsbyråerna,,,utan,det,är,andra,faktorer,som,arbetsuppgiftens,värde,i,sig,,,utvecklingsmöjligheter,och,lön,som,ger,arbetstillfredsställelse,och,motivation,.,Däremot,är,trivsel,viktigt,för,att,inte,skapa,missnöje,och,otrivsel,.,Konklusion,:,Bekräftad","Uppsatsen,behandlar,frågan,om,personalförmåner,faktiskt,motiverar,anställda,och,hur,sådana,förmåner,fungerar,som,en,del,av,organisationers,belöningssystem,.,Utgångspunkten,är,att,belöningar,sällan,verkar,i,ett,vakuum,.,De,får,mening,i,relation,till,arbetsuppgifter,,,rättvisa,,,ledarskap,och,hur,ekonomistyrningen,är,utformad,.,Personalförmåner,–,allt,från,friskvårdsbidrag,och,extra,ledighet,till,pensionslösningar,och,flexibel,arbetstid,–,framställs,ofta,som,enkla,verktyg,för,att,öka,motivationen,.,I,praktiken,blir,sambandet,mer,svårfångat,.,En,central,del,handlar,om,hur,anställda,tolkar,förmånens,värde,.,En,förmån,som,upplevs,relevant,och,användbar,kan,fungera,som,en,tydlig,signal,om,uppskattning,och,omsorg,,,vilket,i,sin,tur,kan,stärka,både,trivsel,och,lojalitet,.,Samma,förmån,kan,samtidigt,passera,obemärkt,om,den,inte,passar,livssituation,,,arbetstider,eller,individuella,behov,.,Motivation,påverkas,också,av,hur,belöningssystemet,upplevs,som,rättvist,.,Om,vissa,grupper,systematiskt,får,bättre,villkor,,,eller,om,reglerna,är,otydliga,,,riskerar,förmåner,att,skapa,irritation,snarare,än,engagemang,.,Då,blir,de,mer,en,källa,till,intern,jämförelse,än,en,sporre,i,arbetet,.,Belöningssystemet,kopplas,även,till,ekonomistyrningens,logik,:,vad,organisationen,väljer,att,mäta,,,följa,upp,och,ersätta,säger,något,om,vad,som,räknas,.,När,förmåner,används,strategiskt,kan,de,bidra,till,att,styra,beteenden,i,önskad,riktning,,,exempelvis,genom,att,stödja,hälsa,,,minska,personalomsättning,eller,göra,det,lättare,att,rekrytera,.,Men,styrningen,får,bieffekter,.,Om,förmåner,ses,som,kompensation,för,hög,arbetsbelastning,,,eller,som,ett,substitut,för,rimliga,villkor,,,uppstår,en,spänning,som,kan,urholka,motivationen,.,Den,ekonomiska,rationaliteten,–,kostnadskontroll,och,effektivitet,–,behöver,därför,balanseras,mot,hur,belöningar,upplevs,i,vardagen,.,Sammantaget,visar,temat,att,personalförmåner,kan,motivera,,,men,oftast,indirekt,och,under,vissa,förutsättningar,.,De,fungerar,bäst,när,de,är,begripliga,,,relevanta,och,kopplade,till,en,helhet,där,arbetsmiljö,,,rättvisa,och,styrning,drar,åt,samma,håll,.,När,de,blir,symbolpolitik,eller,en,standardlösning,utan,förankring,förlorar,de,snabbt,sin,kraft,.,Motivationen,tycks,då,snarare,bero,på,hur,arbetet,är,organiserat,och,hur,människor,blir,bemötta,än,på,förmånens,formella,värde,."
"Syftet,med,vår,uppsats,är,att,undersöka,vägen,ut,ur,missbruk,.,Vi,har,utgått,från,följande,frågeställningar,:,Varför,bryter,man,upp,från,missbruk,?,Vad,är,viktigt,för,att,kunna,bryta,upp,från,missbruk,?,Vad,är,viktigt,för,att,kunna,upprätthålla,drogfrihet,?,Vi,har,i,vår,uppsats,haft,en,fenomenologisk,ansats,som,genomsyrat,uppsatsen,på,så,vis,att,informanternas,berättelser,har,fått,stort,utrymme,.,Därför,har,vi,använt,oss,av,en,kvalitativ,metod,i,form,av,samtalsintervjuer,med,fem,personer,som,har,brutit,upp,från,missbruk,och,lever,drogfria,idag,.,De,teoretiska,perspektiven,,,som,vi,valt,efter,undersökningens,genomförande,,,består,av,teorier,om,olika,vägar,ut,ur,missbruk,,,samt,teorier,om,sociala,band,.,Resultatet,i,denna,undersökning,visar,att,vägen,ut,ur,missbruk,kan,se,olika,ut,,,men,våra,intervjupersoners,berättelser,har,ändå,ett,antal,gemensamma,nämnare,.,Vi,fann,att,missbrukets,negativa,konsekvenser,,,och,olika,negativa,kritiska,händelser,,,i,kombination,med,stödet,i,relationer,frammanade,en,insikt,om,och,en,inom,individen,förankrad,vilja,att,bryta,upp,från,missbruket,.,Dessa,tre,komponenter,utgjorde,tillsammans,anledningen,till,varför,våra,informanter,bröt,upp,från,missbruket,.,Relationer,,,dvs.,stödet,från,betydelsefulla,personer,i,nätverket,,,framstod,som,viktigt,även,för,att,kunna,bryta,upp,från,missbruket,.,Viktigast,för,uppbrottet,var,dock,en,inre,drivkraft,som,bestod,i,en,,,i,grunden,,,positiv,självbild,och,en,tro,på,den,egna,förmågan,att,lyckas,med,uppbrottet,.,För,att,sedan,kunna,upprätthålla,drogfriheten,framträdde,två,tydliga,trender,i,våra,informanters,handlande,.,Dels,tillbakablickar,på,missbrukets,negativa,konsekvenser,,,och,dels,strävandet,efter,och,värderandet,av,positiva,komponenter,i,det,nya,drogfria,livet,,,såsom,återuppbyggda,och,nyetablerade,relationer,,,sysselsättning,,,bostad,och,personlig,utveckling","Uppsatsen,*,Jävlar,anamma,!,En,studie,om,vägen,ut,ur,missbruk,/,The,Spirit,Within,*,undersöker,vad,som,faktiskt,bär,en,person,från,ett,liv,präglat,av,droger,till,en,vardag,där,drogfrihet,håller,över,tid,.,Utgångspunkten,ligger,i,själva,uppbrottet,:,det,där,skiftet,när,missbruket,inte,längre,upplevs,som,ett,”,normalt,”,tillstånd,utan,som,något,man,måste,lämna,,,även,om,kroppen,,,vanorna,och,omgivningen,drar,åt,andra,hållet,.,Vägen,ut,framstår,inte,som,en,rak,process,utan,som,en,serie,beslut,,,bakslag,och,omförhandlingar,av,vem,man,är,och,vad,man,står,ut,med,.,Centralt,i,studien,är,spänningen,mellan,individuellt,driv,och,de,sociala,band,som,antingen,drar,kvar,eller,hjälper,till,att,bryta,.,”,Jävlar,anamma,”,fångar,den,inre,kraft,som,ofta,beskrivs,som,nödvändig,i,början,,,en,blandning,av,trots,,,skam,,,vilja,och,ren,överlevnadsinstinkt,.,Men,viljan,räcker,sällan,ensam,.,Sociala,relationer,blir,avgörande,på,två,sätt,.,Dels,som,återhållande,krafter,:,vänner,och,miljöer,där,droger,cirkulerar,,,lojaliteter,som,gör,det,svårt,att,dra,sig,undan,,,och,en,vardag,som,är,så,invand,att,den,nästan,känns,omöjlig,att,byta,ut,.,Dels,som,det,som,kan,bära,förändringen,:,någon,som,orkar,stå,kvar,,,ett,nytt,sammanhang,som,inte,bygger,på,droger,,,eller,en,relation,där,man,får,låna,stabilitet,när,den,egna,sviktar,.,Uppsatsen,visar,också,hur,drogfrihet,inte,enbart,handlar,om,att,sluta,ta,en,substans,.,Det,handlar,om,att,skapa,en,annan,rytm,i,livet,,,med,nya,rutiner,,,nya,platser,och,en,annan,självbild,.,Uppbrottet,blir,därför,både,praktiskt,och,existentiellt,.,Man,lämnar,inte,bara,drogerna,,,man,lämnar,en,identitet,och,en,gemenskap,,,även,om,den,gemenskapen,varit,destruktiv,.,I,den,processen,blir,återhållande,krafter,synliga,:,rädsla,för,ensamhet,,,ekonomisk,osäkerhet,,,skuld,och,ett,socialt,stigma,som,kan,följa,med,långt,efter,att,drogerna,är,borta,.,Studien,tecknar,i,slutändan,en,bild,av,förändring,som,något,relationellt,och,mödosamt,.,Den,som,tar,sig,ur,missbruk,gör,det,genom,att,stå,ut,i,ett,mellanläge,där,det,gamla,livet,redan,har,spruckit,men,det,nya,ännu,inte,sitter,.,Där,behövs,både,den,inre,”,spirit,within,”,och,yttre,band,som,tål,trycket,.,Drogerna,kan,lämnas,,,men,det,är,i,ombyggnaden,av,vardagen,och,relationerna,som,drogfriheten,får,fäste,."
"Vi,har,undersökt,vilket,innehåll,som,socialtjänstens,enhet,individ-och,familjeomsorgen,inom,olika,kommuner,har,på,sina,hemsidor,samt,hur,de,har,organiserat,och,koordinerat,arbetet,.,Det,visar,sig,att,innehållsmässigt,ser,det,väldigt,lika,ut,med,den,information,som,erbjuds,,,det,som,skiljer,hemsidorna,åt,är,aktiviteter,och,kontaktmöjligheter,för,användarna,.,En,del,kommuner,erbjuder,sina,användare,möjligheten,till,kontakt,via,email,till,berörd,handläggare,medan,andra,valt,att,enbart,ha,email,till,själva,enheten,eller,någon,chef,.,Koordinationen,kring,själva,arbetet,sker,i,det,flesta,fall,via,muntlig,kommunikation,och,ömsesidig,anpassning,.,Endast,en,kommun,har,minskat,koordinationen,genom,att,använda,standardprogram,.,Arbetets,organisation,utgår,ifrån,en,grundläggande,form,av,AD-hocracy","Uppsatsen,tar,sin,utgångspunkt,i,att,kommunala,myndigheters,webbplatser,sällan,bara,är,“,en,kanal,”,utan,snarare,en,arbetsyta,där,många,funktioner,möts,:,service,,,information,,,vägledning,,,kontaktvägar,och,ibland,även,ärendehantering,.,I,det,sammanhanget,blir,koordination,och,organisation,mer,än,administrativa,ideal,.,De,påverkar,direkt,om,webbplatsen,upplevs,som,innehållsrik,på,rätt,sätt,–,tydlig,,,levande,och,användbar,–,eller,som,en,splittrad,samling,sidor,som,råkar,ligga,under,samma,domän,.,Koordination,handlar,här,om,hur,olika,delar,av,kommunen,synkar,sina,insatser,.,När,verksamheter,skriver,,,publicerar,och,uppdaterar,utan,gemensamma,hållpunkter,får,användaren,leta,efter,svar,som,egentligen,borde,hänga,ihop,.,Små,skillnader,i,språk,,,begrepp,och,struktur,får,stora,konsekvenser,,,särskilt,när,invånaren,inte,vet,vilken,förvaltning,som,ansvarar,för,vad,.,Koordinationen,blir,därför,en,praktisk,fråga,:,vem,äger,innehållet,,,hur,signaleras,förändringar,,,hur,undviks,dubbleringar,och,hur,hanteras,gränsytor,mellan,verksamheter,där,ansvaret,är,delat,eller,otydligt,.,Organisation,beskriver,de,mer,varaktiga,ramarna,:,roller,,,mandat,och,arbetsflöden,som,håller,webbplatsen,stabil,över,tid,.,En,innehållsrik,webbplats,kräver,inte,bara,många,texter,utan,en,fungerande,infrastruktur,för,att,hålla,dem,korrekta,och,möjliga,att,hitta,.,Det,räcker,inte,med,en,redaktörsfunktion,“,någonstans,”,.,Ansvarsfrågan,måste,gå,att,spåra,,,prioriteringar,behöver,kunna,göras,,,och,rutinerna,måste,fungera,även,när,personal,byts,ut,eller,när,politiska,beslut,snabbt,ändrar,förutsättningarna,.,Interaktiv,adhocracy,används,som,ett,sätt,att,förstå,den,rörliga,verklighet,som,kommunal,webbförvaltning,ofta,befinner,sig,i,.,I,stället,för,en,strikt,hierarkisk,modell,där,allt,passerar,samma,led,blir,arbetet,mer,nätverksbaserat,och,situationsstyrt,.,En,kris,,,en,ny,e-tjänst,eller,ett,förändrat,regelverk,kan,kräva,att,personer,från,olika,delar,av,organisationen,samarbetar,tätt,under,kort,tid,,,tar,snabba,beslut,och,prövar,sig,fram,.,Interaktiviteten,handlar,inte,bara,om,tekniska,funktioner,för,medborgaren,,,utan,också,om,hur,internt,samarbete,och,feedbackloopar,formar,innehållet,:,frågor,från,invånare,,,statistik,över,sökbeteenden,och,återkommande,missförstånd,kan,styra,om,texter,,,menyer,och,guider,.,Samtidigt,uppstår,en,spänning,.,Adhocratiska,arbetssätt,kan,ge,fart,och,relevans,,,men,riskerar,att,skapa,ojämlik,kvalitet,om,de,inte,kopplas,till,tydliga,organisatoriska,ramar,.,Uppsatsens,kärna,blir,därför,relationen,mellan,flexibilitet,och,ordning,:,hur,en,kommun,kan,skapa,en,webbplats,som,både,klarar,snabba,förändringar,och,håller,en,jämn,nivå,i,språk,,,struktur,och,tillgänglighet,.,När,koordinationen,fungerar,och,organisationen,bär,arbetet,blir,innehållsrikedom,inte,ett,mått,på,mängd,,,utan,på,hur,väl,innehållet,hänger,ihop,med,användarens,behov,och,kommunens,ansvar,."
"”,Hasta,la,victoria,siempre,”,,,som,betyder,något,i,stil,med,”,länge,leve,segern,”,associeras,oftast,med,Che,Guevara,.,Det,går,inte,att,förneka,att,det,råder,en,mystik,kring,den,revolutionära,mannen,.,Om,det,är,någon,människa,i,modern,tid,som,har,uppfattas,som,en,legend,är,det,Che,Guevara,.,En,man,som,för,många,är,någon,att,se,upp,till,,,en,kämpe,som,inte,gav,efter,oavsett,hur,mycket,motvind,han,hade,.,En,hjälte,som,förtvivlat,kämpade,för,social,och,politisk,rättvisa,.,Dessa,ord,som,kämpe,och,hjälte,är,vanliga,beskrivningar,av,Che,Guevara,som,fick,allt,fler,anhängare,efter,sin,död,.,Denna,revolutionära,man,är,också,allmänt,erkänd,som,en,kommunist,och,idag,kan,det,inte,bli,mer,paradoxalt,då,han,som,bild,och,namn,har,blivit,ett,varumärke,.,Människor,känner,igen,kända,bilden,på,Che,Guevara,utan,att,veta,vem,han,var,och,vad,han,kämpade,för,.,Dock,råder,det,även,delade,meningar,om,uppfattningen,av,honom,.,Han,har,enligt,en,del,människor,blivit,vänstersidans,ansikte,ute,,,en,ikon,med,en,stor,politiskt,laddning,.,Den,borgerliga,/,liberala,sidan,däremot,hyllar,inte,Che,Guevara,som,en,hjälte,utan,tar,fram,hans,negativa,sidor,som,indirekt,blir,kritik,till,vänstern,då,de,använder,honom,som,sin,symbol","Uppsatsen,tar,sin,utgångspunkt,i,ett,till,synes,motsägelsefullt,fenomen,:,hur,Ernesto,“,Che,”,Guevara,både,kan,framträda,som,revolutionär,ikon,och,som,ett,nästan,religiöst,tecken,i,samtida,kultur,.,Titeln,KommunistJesus,och,Varumärke,pekar,mot,spänningsfältet,mellan,politisk,radikalism,och,kommersiell,cirkulation,,,där,Che,inte,bara,förstås,som,historisk,person,utan,som,en,figur,som,laddas,om,och,om,igen,i,olika,sammanhang,.,Med,diskursanalys,som,metod,undersöks,talet,om,Che,Guevara,i,texter,och,uttryck,där,han,framställs,,,tolkas,och,brukas,.,Analysen,fokuserar,på,vilka,återkommande,sätt,att,tala,som,gör,vissa,versioner,av,Che,begripliga,och,attraktiva,.,En,central,iakttagelse,är,hur,Che,ofta,tillskrivs,drag,som,påminner,om,Jesusgestalten,:,martyrskap,,,uppoffring,,,renhet,,,lidande,och,en,idé,om,frälsning,–,men,frälsningen,blir,politisk,,,kollektiv,och,jordisk,.,“,KommunistJesus,”,fungerar,då,inte,som,ett,skämt,eller,en,enskild,metafor,,,utan,som,en,diskursiv,position,där,Che,görs,till,moralisk,kompass,och,symbol,för,ett,löfte,om,en,annan,värld,.,Samtidigt,rör,sig,Che,som,varumärke,.,Den,berömda,bilden,av,hans,ansikte,,,förenklad,och,reproducerad,,,blir,ett,grafiskt,tecken,som,kan,fästas,på,allt,från,affischer,till,t-shirts,.,I,den,processen,förskjuts,innehållet,:,det,revolutionära,programmet,tunnas,ibland,ut,,,medan,känslan,av,motstånd,,,autenticitet,och,“,att,stå,utanför,”,består,.,Varumärkeslogiken,skapar,en,form,av,igenkänning,som,inte,kräver,historisk,kunskap,,,men,som,ändå,kan,ge,bäraren,en,identitet,.,Che,blir,en,genväg,till,en,viss,självbild,–,modig,,,kompromisslös,,,anti-etablissemang,–,även,när,sammanhanget,är,helt,avpolitiserat,.,Uppsatsen,diskuterar,hur,dessa,två,spår,,,det,religiöst,färgade,helgonet,och,den,kommersiella,ikonen,,,inte,nödvändigtvis,utesluter,varandra,.,De,kan,tvärtom,samverka,.,Det,helgonlika,stärker,varumärkets,aura,av,äkthet,,,och,varumärkets,spridning,gör,den,helgonlika,berättelsen,mer,tillgänglig,.,Resultatet,blir,en,rörlig,identitetsfigur,som,människor,kan,använda,för,att,markera,tillhörighet,,,distans,,,idealism,eller,nostalgi,.,Che,Guevara,framstår,därmed,mindre,som,en,stabil,referens,och,mer,som,en,plats,där,olika,betydelser,möts,,,krockar,och,förhandlas,–,i,språket,,,i,bilderna,och,i,de,identitetsprojekt,som,söker,något,större,att,haka,fast,vid,."
"Arbetets,syfte,är,att,ta,reda,på,om,det,finns,kunskap,om,lärstilar,bland,lärare,och,elever,på,gymnasiets,omvårdnadsprogram,.,Vidare,har,arbetet,fokuserat,på,hur,undervisningen,ser,ut,i,medicinsk,grundkurs,och,hur,den,kan,utvecklas,för,att,anpassas,till,elevers,olika,sätt,att,lära,in,.,Uppsatsen,anknyter,till,tidigare,pedagogisk,forskning,och,teori,där,nyckelorden,är,lärande,,,lärstilar,och,undervisning,.,Studiens,empiri,består,av,en,lärstilsanalys,som,genomförts,i,två,klasser,samt,intervjuer,av,vårdlärare,och,elever,,,där,lärarna,har,undervisat,någon,av,eleverna,i,medicinsk,grundkurs,.,Arbetet,begränsas,till,att,omfatta,Richard,Bandlers,och,John,Grinders,lärstilar,samt,de,faktorer,som,enligt,Gardner,påverkar,elevernas,inlärning,.,Studien,visar,att,det,finns,kunskap,om,de,olika,lärstilarna,,,såväl,bland,lärare,som,elever,och,att,undervisningen,i,medicinsk,grundkurs,är,flexibel,.,Avslutningsvis,hävdar,uppsatsen,att,undervisningen,kan,utvecklas,genom,att,pedagoger,bl.a.,i,allt,större,utsträckning,tar,in,elevers,olika,preferenser,för,inlärning","Studien,tar,sin,utgångspunkt,i,frågan,om,vad,det,innebär,att,låta,lärande,ske,på,elevers,villkor,inom,omvårdnadsprogrammet,.,I,centrum,står,den,medicinska,grundkursen,,,som,ofta,upplevs,som,både,teoretiskt,tung,och,avgörande,för,hur,eleverna,förstår,sin,kommande,yrkesroll,.,Ambitionen,är,att,synliggöra,hur,elever,faktiskt,tar,sig,an,stoffet,:,vad,som,hjälper,dem,att,minnas,,,förstå,och,kunna,använda,kunskaperna,i,situationer,som,liknar,vårdens,praktik,.,Med,begrepp,som,lärande,,,lärstilar,och,undervisning,undersöks,samspelet,mellan,elevens,sätt,att,lära,och,den,undervisningsmiljö,som,erbjuds,.,En,återkommande,tanke,är,att,många,elever,inte,har,ett,enhetligt,”,sätt,”,att,lära,,,utan,växlar,strategi,beroende,på,innehåll,,,dagsform,och,sammanhang,.,För,vissa,blir,genomgångar,och,tydliga,strukturer,en,trygg,ram,.,Andra,behöver,samtal,,,case,och,praktiska,moment,för,att,få,grepp,om,centrala,medicinska,begrepp,.,När,undervisningen,låser,sig,vid,en,enda,form,riskerar,några,att,halka,efter,,,inte,för,att,de,saknar,förmåga,utan,för,att,arbetssättet,inte,ger,dem,ingångar,.,Resultatet,pekar,mot,att,lärande,på,elevers,villkor,inte,handlar,om,att,sänka,kraven,,,utan,om,att,göra,kraven,begripliga,och,möjliga,att,arbeta,med,.,Undervisning,som,kombinerar,teori,med,konkreta,exempel,från,vården,,,som,ger,utrymme,för,repetition,och,som,tillåter,olika,sätt,att,bearbeta,kunskap,,,tycks,skapa,större,delaktighet,.,Elevernas,motivation,framträder,som,starkt,kopplad,till,upplevelsen,av,relevans,:,när,de,ser,hur,anatomi,,,fysiologi,och,medicinska,termer,hänger,ihop,med,mötet,med,patienten,händer,något,med,engagemanget,.,De,vill,förstå,,,men,de,vill,också,känna,att,det,de,lär,sig,går,att,använda,.,I,förlängningen,bidrar,studien,med,en,bild,av,den,medicinska,grundkursen,som,en,plats,där,undervisningens,form,får,stor,betydelse,för,vilka,elever,som,får,möjlighet,att,lyckas,.,Genom,att,ta,lärstilar,och,varierande,lärstrategier,på,allvar,kan,undervisningen,bli,mer,träffsäker,,,utan,att,förlora,ämnets,tydlighet,eller,nivå,.,Det,handlar,om,att,skapa,undervisningssituationer,där,fler,hittar,en,fungerande,väg,in,i,kunskapen,och,där,lärandet,får,fäste,i,både,huvud,och,praktik,."
"Döden,är,ett,kontroversiellt,ämne,som,väcker,starka,känslor,hos,många,människor,.,Syftet,med,föreliggande,litteraturstudie,var,att,undersöka,sjuksköterskors,upplevelser,i,samband,med,omvårdnaden,av,den,döende,patienten,och,hur,sjuksköterskan,hanterar,sina,upplevelser,.,Litteratursökning,gjordes,i,sex,databaser,.,12,vetenskapliga,artiklar,granskades,och,resultatet,visade,att,sjuksköterskors,upplevelser,är,av,både,positiv,,,styrkande,art,och,av,negativ,,,energikrävande,art,.,Resultat,uppkom,även,om,sjuksköterskans,förhållningssätt,till,yrkesrollen,och,hantering,av,upplevelser,.,Genomgående,uppvisas,ett,stort,behov,av,handledning,i,yrkesrollen","Detta,arbete,handlar,om,sjuksköterskans,möte,med,döden,och,hur,omvårdnad,formas,i,palliativ,vård,när,bot,inte,längre,är,möjligt,.,Fokus,ligger,på,sjuksköterskors,upplevelser,:,vad,som,händer,i,dem,själva,och,i,relationen,till,patienten,och,de,närstående,när,tid,,,kropp,och,framtid,krymper,.,I,den,palliativa,kontexten,framträder,omvårdnad,inte,främst,som,en,uppsättning,åtgärder,,,utan,som,ett,sätt,att,hålla,ihop,situationen,–,att,skapa,lugn,,,lindra,symtom,och,samtidigt,försöka,bevara,patientens,värdighet,,,även,när,det,som,kan,göras,rent,medicinskt,är,begränsat,.,Sjuksköterskor,beskriver,ofta,en,dubbelhet,.,Döden,kan,vara,väntad,och,ändå,skakande,.,Arbetet,rymmer,stunder,av,närhet,och,mening,,,men,också,trötthet,,,maktlöshet,och,sorg,som,ibland,följer,med,hem,efter,avslutat,pass,.,Att,stå,kvar,i,rummet,när,någon,är,rädd,,,att,tolka,smärta,som,inte,alltid,går,att,mäta,,,att,förklara,för,familjen,vad,som,sker,i,kroppen,–,allt,detta,kräver,både,professionell,skärpa,och,mänsklig,uthållighet,.,I,mötet,med,närstående,kan,sjuksköterskan,bli,en,länk,mellan,olika,behov,:,patientens,vilja,,,familjens,hopp,,,vårdteamets,bedömningar,.,Konflikter,kan,uppstå,,,men,också,en,stark,samhörighet,när,kommunikationen,fungerar,och,rollerna,är,tydliga,.,Erfarenheterna,påverkas,av,förutsättningar,på,arbetsplatsen,.,När,tid,för,samtal,saknas,blir,omvårdnaden,lätt,mer,teknisk,och,fragmenterad,,,och,sjuksköterskan,kan,uppleva,att,hon,inte,räcker,till,.,Kollegialt,stöd,och,en,kultur,där,det,går,att,prata,om,svåra,dödsfall,framstår,som,avgörande,för,att,orka,.,Även,egna,värderingar,och,tidigare,erfarenheter,spelar,in,;,vissa,situationer,väcker,existentiella,frågor,och,kan,skava,mot,föreställningar,om,vad,ett,“,bra,döende,”,innebär,.,Arbetet,visar,hur,palliativ,omvårdnad,rör,sig,i,gränslandet,mellan,det,kliniska,och,det,existentiella,.,Sjuksköterskans,upplevelser,präglas,av,ansvar,,,relation,och,närvaro,,,men,också,av,de,villkor,som,omger,vården,.,Döden,blir,inte,en,punkt,i,journalen,utan,en,process,som,kräver,både,kompetens,och,mod,–,och,som,lämnar,avtryck,."
"Denna,studie,berör,återköp,av,damtidningar,.,Frågeställningen,syftar,till,att,ta,reda,på,varför,kvinnor,köper,damtidningar,.,Studien,använder,surveyundersökningar,som,forskningsstrategi,och,enkäter,och,intervjuer,för,insamling,av,primärdata,.,En,enkätundersökning,har,gjorts,bland,den,målgrupp,damtidningar,vänder,sig,till,.,Chefredaktörerna,på,två,stora,damtidningar,,,Amelia,och,Hennes,har,intervjuats,i,djupare,intervjuer,.,Teorin,om,marknadsmixen,och,dess,4,P,används,som,en,av,tre,teorier,.,Den,andra,teorin,behandlar,mänskligt,beteende,och,den,tredje,köpbeteende,.,Genom,de,4,P.na,,,Pris,,,Produkt,,,Plats,och,Promotion,kan,damtidningar,som,produkter,beskrivas,.,Priset,förklaras,i,relation,till,produkten,.,Platsen,talar,om,var,och,hur,tidningarna,kommer,i,kontakt,med,konsumenterna,.,Promotion,beskriver,på,vilka,sätt,och,med,hjälp,av,vilka,verktyg,damtidningarna,kommuniceras,till,konsumenterna,.,Det,mänskliga,beteendet,förklaras,med,hjälp,av,två,teorier,,,en,om,de,naturlagar,människor,följer,och,ett,om,människan,i,vardagen,.,Dessa,två,teorier,underlättar,förståelsen,för,mänskligt,beteende,och,att,förutse,den,.,Teorierna,om,köpbeteende,ger,en,översiktsbild,av,hur,människor,resonerar,innan,ett,köp,,,om,de,gör,det,överhuvudtaget,.,Genom,de,olika,stegen,i,köpprocessen,kan,ett,köp,följas,från,det,att,ett,behov,skapas,tills,det,att,ett,återköp,sker,.,Dessa,teorier,visar,också,hur,människor,vill,ha,störst,värde,till,lägsta,pris,,,på,kortast,tid,.,I,empirikapitlet,redogörs,sammanfattande,för,de,båda,intervjuerna,samt,för,enkätundersökningen,.,Diagram,visar,bland,andra,hur,många,damtidningar,kvinnor,köper,per,år,.,Analysen,visar,att,damtidningar,är,produkter,som,handlas,av,impuls,.,De,finns,tillgängliga,och,kostnaden,för,att,nå,den,är,inte,stor,.,De,ger,också,mycket,värde,för,lite,pengar,.,Damtidningar,använder,flera,opersonliga,marknadsföringskanaler,för,att,kommunicera,med,konsumenterna,.,Resultatet,är,att,det,finns,flera,orsaker,och,inte,bara,ett,grundläggande,till,varför,kvinnor,köper,damtidningar","Uppsatsen,tar,sin,utgångspunkt,i,frågan,om,damtidningar,faktiskt,fyller,ett,behov,hos,läsaren,eller,om,de,främst,hålls,vid,liv,av,vana,och,marknadsföringslogik,.,Med,fokus,på,återköp,undersöks,vilka,mekanismer,som,gör,att,en,titel,återkommer,i,kundens,vardag,,,trots,hård,konkurrens,från,digitala,kanaler,och,snabbt,skiftande,trender,.,Här,framträder,damtidningen,som,mer,än,en,produkt,i,hyllan,:,den,fungerar,ofta,som,en,ritual,,,en,paus,eller,en,trygg,igenkänning,,,vilket,kan,vara,minst,lika,avgörande,som,innehållet,i,sig,.,Studien,kopplar,samman,marknadsföring,och,kundtillfredsställelse,för,att,förstå,vad,som,driver,lojalitet,.,Återköp,beskrivs,som,en,följd,av,både,förväntningar,och,erfarenheter,.,När,tidningen,levererar,det,läsaren,söker,–,inspiration,,,underhållning,,,praktiska,råd,eller,en,viss,typ,av,ton,och,identitet,–,stärks,relationen,och,köpet,upprepas,.,Men,återköp,uppstår,inte,bara,av,nöjdhet,.,Kampanjer,,,omslag,,,säsongsanpassade,teman,och,löften,om,“,något,nytt,”,påverkar,valet,i,stunden,och,kan,skapa,en,vana,som,håller,även,när,engagemanget,varierar,.,I,det,ligger,en,spänning,:,marknadsföring,kan,locka,fram,ett,köp,,,men,det,är,läsarupplevelsen,som,avgör,om,det,blir,ett,mönster,.,Resultatet,pekar,mot,att,behovet,av,damtidningar,sällan,är,strikt,funktionellt,.,Det,handlar,oftare,om,en,kombination,av,igenkänning,,,identifikation,och,bekvämlighet,,,där,tidningen,erbjuder,ett,kuraterat,innehållspaket,som,upplevs,lättare,att,ta,till,sig,än,ett,splittrat,digitalt,flöde,.,Kundtillfredsställelsen,verkar,därmed,knuten,till,helheten,–,känslan,av,att,få,“,rätt,”,typ,av,innehåll,,,i,rätt,format,,,vid,rätt,tillfälle,.,Damtidningen,framstår,i,studien,som,en,produkt,som,lever,på,relationen,till,sin,publik,:,inte,alltid,nödvändig,,,men,för,många,ändå,motiverad,att,återvända,till,."
"Utifrån,en,kvalitativ,och,rättsdogmatisk,metod,ställde,vi,oss,frågande,till,hur,och,utifrån,vilka,faktorer,kuratorer,på,ungdomsmottagningar,bygger,sina,bedömningar,på,.,I,sexualbrottslagstiftningen,framgår,det,på,flera,ställen,att,ett,barn,under,15,år,som,utsätts,eller,deltar,i,sexuella,handlingar,är,brottsutsatt,.,Vilket,ledde,till,funderingar,hur,kuratorerna,tillämpade,lag,och,/,eller,förhöll,sig,till,lag,i,praktiken,.,I,denna,uppsats,har,vi,undersökt,hur,kuratorer,på,olika,ungdomsmottagningar,i,Stockholms,län,,,förhåller,sig,till,förändringen,i,sexualbrottslagstiftningen,(,BrB,6:4-6:5,),som,trädde,i,kraft,1,april,2005,,,samt,om,den,fått,någon,praktisk,betydelse,för,kuratorerna,i,deras,arbete,.,Vidare,har,vi,undersökt,kuratorernas,beslutsprocess,samt,hur,kuratorerna,kommer,fram,till,för,motiv,till,beslut,att,anmäla,enligt,SoL,14:1,.,Resultatet,visar,att,kuratorerna,följer,ett,tydligt,mönster,vid,beslutsfattandet,.,Resultatet,av,studien,visar,att,kuratorerna,får,svårt,att,förhålla,sig,till,sin,egen,policy,samtidigt,som,de,förhåller,sig,till,sexualbrottslagstiftningen,,,BrB,6:4-6:5,.,Kuratorerna,gör,ofta,själva,en,egen,utredning,innan,de,tillämpar,anmälningsskyldigheten,,,SoL,14:1,.,Resonemanget,runt,barns,skyddsbehov,ser,olika,ut,beroende,på,barnets,kön,,,ålder,och,kroppsmognad,samt,termer,som,frivillighet,och,ömsesidighet,.,Hur,domstolarna,dömer,utifrån,lagarna,visade,sig,ha,betydelse,för,hur,kuratorerna,resonerar,runt,sina,egna,skyldigheter,kring,barns,skyddsbehov,.,Resultatet,är,ur,ett,rättsociologiskt,perspektiv,,,en,differens,mellan,lag,och,verklighet,.,Eftersom,lagstiftaren,lämnat,ett,tolkningsutrymme,blir,det,den,enskilde,kuratorn,som,förväntas,tolka,och,förstå,verkligheten,,,vilket,i,slutändan,leder,till,att,det,blir,magkänslan,,,eller,den,dolda,professionen,som,avgör,.,Vi,har,använt,oss,av,genusteori,och,kognitiv,teori,för,att,belysa,till,våra,resultat,i,analysen,i,ytterligare,en,dimension,.,Studiens,resultat,ligger,i,linje,med,tidigare,forskning","Uppsatsen,behandlar,hur,kuratorer,på,ungdomsmottagningar,förhåller,sig,till,anmälningsskyldigheten,när,de,möter,barn,under,15,år,som,är,sexuellt,aktiva,.,Utgångspunkten,är,att,ungdomsmottagningen,ofta,bygger,sitt,arbete,på,tillit,,,låg,tröskel,och,samtal,som,får,ta,tid,,,samtidigt,som,kuratorn,har,ett,tydligt,lagstyrt,ansvar,att,agera,vid,misstanke,om,att,ett,barn,far,illa,.,I,praktiken,hamnar,kuratorn,i,ett,gränsland,där,sexuell,aktivitet,kan,rymma,både,frivillighet,och,risk,,,både,mognad,och,sårbarhet,.,Studien,fokuserar,på,bedömningar,som,görs,i,det,konkreta,mötet,.,Kuratorernas,resonemang,kretsar,kring,mognad,,,ålder,,,samtycke,,,relationens,karaktär,och,eventuella,maktobalanser,.,Frågor,om,partnerns,ålder,,,hur,relationen,ser,ut,,,om,det,finns,påtryckningar,eller,kontroll,,,och,barnets,eget,sätt,att,berätta,blir,centrala,hållpunkter,.,Bedömningen,framstår,sällan,som,en,enkel,checklista,.,Den,görs,i,ett,samtal,där,kuratorn,väger,ord,,,tystnader,och,sammanhang,mot,varandra,och,försöker,förstå,om,sexualiteten,är,en,del,av,en,ömsesidig,utforskning,eller,om,den,bär,spår,av,exploatering,,,utsatthet,eller,gränsöverskridanden,.,Ett,återkommande,tema,är,spänningen,mellan,att,värna,barnets,integritet,och,att,skydda,barnet,från,skada,.,Kuratorerna,tycks,navigera,mellan,två,risker,:,att,anmäla,för,snabbt,och,därmed,bryta,förtroendet,och,stänga,dörren,till,fortsatt,kontakt,,,eller,att,vänta,för,länge,och,missa,signaler,på,att,barnet,behöver,skydd,.,När,mognad,används,som,tolkningsram,blir,den,både,ett,stöd,och,en,källa,till,osäkerhet,,,eftersom,den,inte,alltid,låter,sig,fångas,i,tydliga,kriterier,.,Många,av,de,situationer,som,beskrivs,verkar,handla,mindre,om,“,sex,i,sig,”,och,mer,om,villkoren,runt,omkring,:,trygghet,,,gränser,,,beroendeställning,och,möjligheten,att,säga,nej,utan,konsekvenser,.,Uppsatsen,ger,en,bild,av,kuratorsrollen,som,ett,arbete,där,professionell,etik,,,juridiskt,ansvar,och,relationsskapande,måste,hållas,igång,samtidigt,.,Anmälningsskyldigheten,finns,där,som,ett,skarpt,verktyg,,,men,den,används,i,ett,vardagligt,sammanhang,där,kuratorn,först,behöver,förstå,vad,som,faktiskt,pågår,.,Studien,pekar,på,att,bedömningarna,ofta,formas,av,erfarenhet,och,kollegiala,samtal,,,och,att,gränsdragningen,blir,särskilt,svår,när,barnet,själv,inte,beskriver,sig,som,utsatt,.,Resultatet,tecknar,ett,praktiknära,dilemma,:,kuratorn,ska,både,vara,någon,man,vågar,berätta,för,och,någon,som,kan,tvingas,agera,,,även,när,barnet,inte,vill,det,."
"Syftet,med,uppsatsen,är,att,undersöka,hur,sex-,och,samlevnadsundervisningen,bedrivs,på,gymnasiesärskolan,,,hur,lärare,arbetar,med,elevernas,kvinno-,och,mansroller,,,samt,att,ställa,undervisningen,i,relation,till,de,av,Skolverket,uppsatta,nationella,målen,för,sex-,och,samlevnadsundervisning,.,Metoden,för,undersökningen,är,kvalitativa,intervjuer,av,lärare,.,Resultatet,av,undersökningen,visar,att,sex-,och,samlevnadsundervisningen,ser,olika,ut,beroende,på,elevgruppens,sammansättning,.,Lärarna,ser,sex-,och,samlevnadsundervisningen,som,viktig,och,värdefull,.,Undersökningen,visar,att,de,utvidgar,ämnet,till,att,behandla,stärkandet,av,elevernas,självkänsla,och,självbestämmande,samt,att,ge,eleverna,grunderna,för,att,känna,trygghet,i,sina,kvinno-,och,mansroller,.,Lärarna,lägger,stor,vikt,vid,diskussioner,kring,accepterade,sexuella,beteenden,och,uttryck,samt,vad,som,inte,kan,antas,vara,accepterat,,,hos,eleverna,själva,och,personer,i,olika,ställningar,eleverna,möter,i,livet,.,Undersökningen,visar,att,lärarna,är,engagerade,och,vinnlägger,sig,om,att,få,en,varierad,undervisning,med,inslag,där,eleverna,efter,egen,förmåga,kan,finna,kunskap,att,ta,till,sig,.,Resultatet,pekar,på,att,de,nationella,målen,för,sex-,och,samlevnadskunskap,är,för,allmänt,hållna,och,svåra,att,bedriva,ett,kvalitetsarbete,kring,.,Målen,för,vad,en,elev,bör,kunna,efter,avslutad,skolgång,är,inte,anpassade,efter,gymnasiesärskoleelevernas,varierade,utvecklings-,och,mognadsnivåer","Den,här,uppsatsen,behandlar,sexualundervisning,på,särgymnasiet,och,hur,ämnet,sexualkunskap,tar,form,i,en,skolmiljö,där,elever,har,en,intellektuell,funktionsnedsättning,.,Utgångspunkten,är,att,sexualitet,är,en,del,av,vardagslivet,även,i,särskolan,,,men,att,undervisningen,ofta,hamnar,i,spänningsfältet,mellan,omsorg,,,skydd,och,elevers,rätt,till,kunskap,och,självbestämmande,.,I,praktiken,påverkas,innehållet,av,både,skolans,styrdokument,och,av,lokala,traditioner,,,personalens,erfarenheter,och,enskilda,lärares,trygghet,i,ämnet,.,Fokus,ligger,på,vilka,delar,av,sexualundervisningen,som,ges,utrymme,och,vad,som,tenderar,att,falla,bort,.,Frågor,om,kroppen,,,pubertet,och,relationer,återkommer,ofta,,,medan,mer,komplexa,områden,som,samtycke,,,gränssättning,,,makt,,,sexuell,identitet,och,digital,sexualitet,lätt,blir,svårare,att,få,grepp,om,.,Elevernas,behov,är,sällan,enhetliga,,,vilket,gör,att,undervisningen,behöver,vara,konkret,och,anpassad,utan,att,bli,förenklad,på,ett,sätt,som,gör,eleverna,passiva,mottagare,.,Här,spelar,kommunikationsstöd,,,repetition,och,tydliga,sammanhang,stor,roll,,,men,också,lärarens,förmåga,att,fånga,upp,elevernas,egna,frågor,när,de,faktiskt,dyker,upp,.,Uppsatsen,belyser,även,hur,föreställningar,om,utvecklingsstörning,kan,påverka,undervisningen,,,exempelvis,genom,att,vuxna,ibland,tolkar,sexualitet,som,något,riskfyllt,som,främst,behöver,kontrolleras,.,Den,hållningen,kan,skapa,tystnad,,,och,tystnad,gör,elever,mer,sårbara,snarare,än,mer,skyddade,.,Mot,den,bakgrunden,diskuteras,hur,sexualeducation,i,special,school,kan,bidra,till,ökad,trygghet,och,handlingsförmåga,:,att,känna,igen,gränser,,,uttrycka,vilja,,,förstå,relationer,och,veta,vart,man,kan,vända,sig,om,något,känns,fel,.,Sexualundervisning,framträder,då,inte,som,ett,avgränsat,moment,,,utan,som,en,del,av,skolans,uppdrag,att,ge,elever,verktyg,för,ett,mer,självständigt,vuxenliv,."
"Arbetets,syfte,är,att,belysa,varför,flickor,/,kvinnor,väljer,att,utbilda,sig,till,elektriker,och,hur,de,upplever,sin,skolsituation,.,Syftet,är,även,att,skildra,deras,syn,på,jämställdhet,och,könsskillnader,.,Uppsatsens,empiri,består,av,enkäter,till,kvinnliga,elever,på,elprogramets,elteknikinriktning,samt,Lernias,elektrikerutbildning,.,Utifrån,enkätmatrialet,har,sedan,sex,intervjuer,genomförts,.,Det,som,framkommit,är,att,flickorna,/,kvinnorna,menat,sig,välja,elektrikerutbildningen,utifrån,sitt,intresse,och,att,yrket,är,praktiskt,men,,,att,de,också,påverkats,av,närstående,.,De,har,mångskiftande,upplevelser,av,skolsituationen,,,både,negativa,och,positiva,.,En,del,har,upplevt,viss,skepsis,från,sin,omgivning,och,vissa,har,erfarit,svårigheter,med,att,bli,accepterade,som,”,en,i,gänget,”,.,Många,av,respondenterna,anser,att,jämställdhet,är,viktigt,och,mindre,än,en,tredjedel,har,upplevt,orättvisa,mellan,könen,under,uppväxten","Studien,undersöker,hur,flickor,och,kvinnor,upplever,och,navigerar,elektrikerutbildningen,inom,elprogrammet,,,och,vad,som,ligger,bakom,valet,att,gå,in,i,ett,yrke,som,ofta,uppfattas,som,manligt,kodat,.,Utgångspunkten,är,könsöverskridande,utbildnings-,och,yrkesval,:,vad,det,innebär,i,praktiken,,,hur,det,bemöts,och,vilka,konsekvenser,det,får,under,utbildningens,gång,.,Fokus,ligger,på,både,drivkrafter,och,friktion,.,Å,ena,sidan,framträder,intresse,för,teknik,,,problemlösning,och,ett,tydligt,yrkesspår,som,återkommande,skäl,till,att,söka,utbildningen,.,Vissa,beskriver,valet,som,självklart,,,nästan,avdramatiserat,,,medan,andra,berättar,om,en,mer,medveten,vilja,att,bryta,förväntningar,.,Å,andra,sidan,synliggörs,hur,kön,kan,bli,närvarande,i,vardagliga,situationer,:,i,verkstaden,,,under,APL,,,i,grupparbeten,och,i,kontakten,med,handledare,.,Små,kommentarer,,,antaganden,om,fysisk,förmåga,eller,att,behöva,“,bevisa,”,sin,kompetens,kan,skapa,en,känsla,av,att,stå,ut,,,även,när,ingen,öppet,ifrågasätter,ens,plats,.,Materialet,pekar,också,på,betydelsen,av,sammanhang,.,Stöd,från,enskilda,lärare,,,fungerande,handledning,och,ett,klimat,där,frågor,får,ställas,utan,att,göras,till,ett,könsproblem,verkar,spela,stor,roll,för,trivsel,och,uthållighet,.,Samtidigt,framträder,ensamhet,som,ett,återkommande,tema,,,särskilt,när,man,är,den,enda,tjejen,i,en,klass,eller,på,en,arbetsplats,.,Där,blir,strategierna,för,att,passa,in,tydliga,:,vissa,tar,plats,och,markerar,tidigt,,,andra,försöker,smälta,in,och,låta,arbetet,tala,.,Det,som,förenar,dem,är,en,stark,yrkesidentitet,under,uppbyggnad,,,där,kunnandet,blir,centralt,för,att,hitta,trygghet,.,Studien,bidrar,med,en,nyanserad,bild,av,elektrikerutbildningen,som,både,möjlighet,och,prövning,för,flickor,och,kvinnor,.,Den,visar,hur,yrkesvalet,formas,i,spänningsfältet,mellan,intresse,,,sociala,normer,och,utbildningens,praktiker,,,och,hur,könsöverskridande,inte,bara,handlar,om,att,välja,“,fel,”,utbildning,enligt,gamla,mönster,,,utan,om,att,dagligen,förhandla,sin,självklarhet,i,en,miljö,där,majoriteten,ser,ut,på,ett,annat,sätt,än,en,själv,."
"Vargens,återetablering,har,gett,upphov,till,en,tidvis,ganska,intensiv,debatt,.,Tidigare,forskning,visade,att,svenskarna,var,positiva,till,att,det,fanns,varg,i,landet,,,men,att,en,eventuell,risk,för,människor,eller,tamdjur,hade,negativ,inverkan,på,människors,attityder,.,Människorna,är,också,påverkade,av,sin,uppväxtmiljö,och,det,samhälle,de,lever,i,.,Genom,en,kvantitativ,innehållsanalys,av,de,tre,tidningstyperna,landsortspress,(,Falu,Kuriren,),,,storstadspress,(,Dagens,Nyheter,),och,fackpress,(,ATL,),har,rapporteringen,om,vargen,under,fyra,månader,åren,2001-2005,analyserats,.,Det,förekom,två,övergripande,argumentationslinjer,.,Å,ena,sidan,det,perspektiv,där,vargen,lyfts,fram,som,hotad,av,människan,,,å,andra,sidan,det,perspektiv,som,bygger,på,att,vargen,utgör,ett,hot,mot,människan,och,hennes,aktiviteter,.,I,Falu,Kuriren,publicerades,fler,vargnegativa,artiklar,än,i,Dagens,Nyheter,och,ATL,.,Dagens,Nyheter,publicerade,fler,neutrala,artiklar,än,Falu,Kuriren,och,ATL,.,Men,rapporteringen,var,till,största,delen,saklig,och,objektiv,oavsett,tidning,.,De,aktörer,som,oftast,kom,till,tals,i,vargdebatten,var,jägare,,,makthavare,/,tjänstemän,och,forskare,/,sakkunniga,.,Ämnen,som,togs,upp,var,främst,jaktrelaterade,frågeställningar,,,vargstammens,utbredning,och,tillväxt,samt,händelser,med,anknytning,till,folks,vardag,.,Rapporteringen,i,tidningarna,präglades,av,olika,synsätt,och,uppfattningar,om,varg,.,Tidningarna,och,dess,reportrar,påverkades,av,den,miljö,de,verkade,i,,,men,det,fanns,en,likriktning,där,man,försökte,undvika,att,ta,ställning,.,Detta,stämde,väl,överens,med,teorin","Uppsatsen,med,titeln,*,Ingen,rädder,för,vargen,?,*,undersöker,hur,vargen,skildras,i,svensk,press,och,om,rapporteringen,skiljer,sig,beroende,på,vilken,typ,av,tidning,som,står,för,bevakningen,.,Utgångspunkten,är,att,vargen,är,ett,laddat,ämne,där,frågor,om,rovdjurspolitik,,,landsbygdens,villkor,,,jakt,,,naturvård,och,risk,vävs,samman,.,Mot,den,bakgrunden,analyseras,tre,tidningstyper,:,storstadspress,,,landsortspress,och,fackpress,.,Metoden,är,en,kvantitativ,innehållsanalys,.,Materialet,består,av,artiklar,där,varg,står,i,centrum,och,där,olika,aspekter,av,frågan,kan,mätas,och,jämföras,.,Kodningen,fokuserar,på,återkommande,drag,i,texterna,:,vilka,teman,som,dominerar,(,till,exempel,angrepp,på,tamdjur,,,förvaltning,och,licensjakt,,,biologisk,mångfald,,,konflikter,mellan,myndigheter,och,lokalbefolkning,),,,vilken,ton,som,präglar,framställningen,,,och,vilka,aktörer,som,får,tolkningsföreträde,.,En,central,del,är,också,att,se,hur,ofta,vargen,beskrivs,som,problem,respektive,som,resurs,eller,naturligt,inslag,,,och,om,rapporteringen,tenderar,att,personifiera,konflikten,genom,starka,berättelser,och,konkreta,händelser,.,Jämförelsen,mellan,tidningstyperna,bygger,på,antagandet,att,redaktionella,prioriteringar,och,publikens,geografiska,närhet,till,vargfrågan,påverkar,vilka,ramar,som,används,.,Storstadspressen,förväntas,i,högre,grad,knyta,an,till,nationell,politik,,,principfrågor,och,expertkällor,,,medan,landsortspressen,oftare,kan,spegla,lokala,konsekvenser,och,vardagsnära,erfarenheter,.,Fackpressen,,,med,sin,specialiserade,läsekrets,,,antas,i,sin,tur,ge,mer,utrymme,åt,praktiska,perspektiv,,,branschintressen,och,sakfrågor,som,rör,jakt,,,djurhållning,eller,förvaltning,.,Studiens,upplägg,gör,det,möjligt,att,synliggöra,mönster,som,annars,lätt,försvinner,i,enskilda,uppmärksammade,händelser,.,Genom,att,räkna,,,kategorisera,och,jämföra,återkommande,inslag,kan,uppsatsen,säga,något,om,hur,pressen,bidrar,till,att,forma,bilden,av,vargen,:,som,hot,,,som,symbol,,,som,politiskt,problem,eller,som,del,av,ett,ekosystem,.,Resultatet,ska,inte,förstås,som,en,bedömning,av,vad,som,är,“,rätt,”,bild,,,utan,som,en,kartläggning,av,hur,olika,medielogiker,och,publikrelationer,kan,sätta,avtryck,i,rapporteringen,."
"Pappersmakulatur,uppstår,i,tryckpressarna,,,men,orsakerna,finns,i,företagets,alla,funktioner,.,För,ett,framgångsrikt,förbättringsarbete,med,att,minska,makulaturen,krävs,därför,att,all,personal,är,engagerad,.,Examensarbetet,utfördes,på,Bobergs,Tryckeri,AB,i,Falun,,,ett,familjeägt,företag,med,60,anställda,,,som,producerar,personifierad,direktreklam,och,blanketter,.,Syftet,var,att,undersöka,hur,pappersmakulaturen,kan,minska,och,målet,var,att,hitta,orsaker,samt,ge,förslag,på,åtgärder,för,att,minska,den,.,Genom,intervjuer,med,personalen,kartlades,produktionssprocessen,och,utifrån,det,utarbetades,förbättringsförslag,.,Exempel,på,förbättringsförslag,är,att,kontinuerligt,mäta,och,rapportera,makulaturen,,,förbättra,kommunikationen,mellan,avdelningarna,och,utveckla,färgstyrningen,.,Litteraturstudier,och,kontakter,med,nyckelpersoner,inom,branschorganisationer,och,andra,liknande,företag,,,var,till,stor,hjälp,i,arbetet,.,Fördjupningsdelen,i,projektet,har,sin,grund,i,boken,The,Printer,’,s,Guide,to,Waste,Reduction,av,Tim,Dalton","Arbetet,behandlar,pappersmakulatur,vid,Bobergs,Tryckeri,AB,och,försöker,ringa,in,varför,spill,uppstår,i,den,dagliga,produktionen,.,Utgångspunkten,är,att,makulatur,inte,bara,är,en,kostnad,i,form,av,förlorat,material,,,utan,också,ett,tecken,på,slöseri,i,processen,:,tid,går,åt,till,omtryck,,,stopp,,,justeringar,och,extra,hantering,.,Studien,fokuserar,på,att,synliggöra,var,i,flödet,pappret,tappar,värde,och,vilka,mönster,som,återkommer,,,snarare,än,att,peka,ut,enstaka,felhändelser,.,Analysen,kretsar,kring,typiska,orsaksområden,för,pappersmakulatur,i,tryckerimiljö,,,som,inställningskörningar,,,kvalitetsavvikelser,,,maskinstörningar,och,missförstånd,mellan,orderunderlag,och,produktion,.,Även,mer,vardagliga,faktorer,ges,utrymme,:,variation,i,papperskvalitet,,,bristfälliga,rutiner,vid,formatbyte,,,otydliga,kontrollpunkter,och,stress,i,skiftöverlämningar,.,Resultatet,blir,en,bild,av,att,spill,sällan,har,en,ensam,orsak,.,Det,byggs,ofta,upp,av,små,avvikelser,som,får,fäste,när,standarder,saknas,,,följs,ojämt,eller,inte,uppdateras,.,Förbättringsdelen,tar,sin,form,genom,PDCA,som,arbetssätt,.,Fokus,ligger,på,att,föreslå,praktiska,åtgärder,som,går,att,testa,i,liten,skala,och,sedan,skruva,på,.,Exempel,är,tydligare,startkontroller,,,mer,konsekventa,parametrar,vid,uppstart,,,visuell,uppföljning,av,makulatur,per,jobb,och,maskin,samt,en,enklare,struktur,för,att,fånga,avvikelseorsaker,direkt,när,de,uppstår,.,Tanken,är,inte,en,stor,omorganisation,,,utan,att,minska,slöseri,genom,att,göra,rätt,steg,lättare,att,göra,varje,gång,.,När,orsakerna,blir,mätbara,och,återkopplingen,snabb,kan,tryckeriet,stegvis,pressa,ned,makulaturen,utan,att,tumma,på,leverans,eller,kvalitet,."
"Missnöjet,inom,vården,beror,främst,på,de,långa,väntetiderna,och,bristfällig,tillgänglighet,till,vårdcentralerna,.,Frågan,är,om,det,verkligen,är,mer,resurser,som,är,lösningen,på,problemen,eller,om,intresset,istället,bör,riktas,mot,de,system,och,ramar,som,vårdpersonalen,har,att,verka,inom,?,Att,använda,ett,styrmedel,som,fokuserar,på,rätt,faktorer,och,inte,bara,det,ekonomiska,,,kan,möjligtvis,hjälpa,vårdcentralerna,att,bli,mer,flexibla,,,förbättra,tillgängligheten,och,öka,kvaliteten,på,vården,.,I,denna,uppsats,studeras,KvaLita,Närsjukvård,AB,(,KvaLita,NSV,),,,en,privat,vårdorganisation,som,driver,ett,antal,vårdcentraler,på,entreprenad,åt,landstinget,.,KvaLita,NSV:s,ekonomistyrning,bedrivs,med,ett,balanserat,styrkort,som,styrmedel,.,Tanken,med,balanserat,styrkort,är,att,företaget,ska,ses,ur,fler,perspektiv,än,enbart,det,finansiella,.,Styrkortet,ska,även,koppla,ihop,den,kortsiktiga,verksamhetsstyrningen,med,den,långsiktiga,visionen,och,strategin,.,Uppsatsens,övergripande,syfte,är,att,beskriva,KvaLita,NSV:s,balanserade,styrkort,och,därmed,belysa,hur,en,sjukvårdsenhet,kan,tillämpa,modellen,.,Delsyftet,med,uppsatsen,är,att,identifiera,och,jämföra,företagsledningens,attityder,kring,styrkortets,funktion,och,fördelar,.,Som,metod,för,insamling,av,empirisk,data,användes,en,kvalitativ,fallstudie,.,Primärdata,samlades,in,genom,ostrukturerade,intervjuer,.,Undersökningen,är,gjord,ur,ett,ledningsperspektiv,,,där,de,intervjuade,valdes,utifrån,deras,position,i,företagets,ledning,.,Användandet,av,balanserat,styrkort,i,KvaLita,NSV,har,inte,riktigt,fått,den,effekt,som,ledningen,på,huvudkontoret,önskade,.,De,har,inte,lyckats,förankra,konceptet,i,hela,organisationen,och,uppföljningen,har,varit,bristfällig,.,Det,framkom,av,undersökningen,att,det,finns,en,hel,del,skillnader,inom,ledningen,gällande,attityden,till,styrkortet,.,Styrkortet,måste,för,att,fungera,,,vara,levande,i,hela,organisationen,.,Om,inte,ledningen,är,överens,om,dess,funktion,och,fördelar,är,det,svårt,att,övertyga,och,engagera,övriga,medarbetare,.,De,intervjuade,är,dock,överens,om,att,balanserat,styrkort,är,rätt,styrmedel,för,verksamheten,och,att,utformningen,är,bra,.,KvaLita,NSV,kommer,därför,att,göra,en,nysatsning,i,styrkortsarbetet,år,2006","Uppsatsen,behandlar,hur,balanserat,styrkort,kan,användas,som,ett,verktyg,för,ekonomistyrning,och,verksamhetsstyrning,i,primärvården,.,Utgångspunkten,är,en,fallstudie,av,KvaLita,Närsjukvård,AB,,,där,styrkortet,studeras,som,en,praktisk,lösning,på,ett,välkänt,problem,:,vårdverksamheter,behöver,hålla,ihop,ekonomi,,,kvalitet,och,tillgänglighet,samtidigt,som,de,arbetar,i,en,vardag,som,ofta,präglas,av,hög,belastning,och,många,parallella,krav,.,I,fokus,står,hur,styrkortet,utformas,och,används,i,organisationen,.,Studien,belyser,vilka,perspektiv,och,mått,som,prioriteras,,,hur,målen,kopplas,till,det,dagliga,arbetet,och,på,vilket,sätt,uppföljningen,faktiskt,får,genomslag,i,beslut,och,prioriteringar,.,En,central,fråga,blir,hur,styrkortet,hanterar,spänningen,mellan,finansiell,kontroll,och,medicinska,samt,patientnära,mål,.,När,måtten,fungerar,uppstår,en,tydligare,gemensam,riktning,,,men,det,finns,också,risker,.,Vissa,indikatorer,kan,bli,alltför,dominerande,,,medan,andra,blir,svåra,att,mäta,utan,att,förenkla,det,som,egentligen,betyder,mest,.,Fallstudien,visar,styrkortet,som,både,en,struktur,och,en,förhandlingsyta,.,Det,ger,ett,språk,för,att,prata,om,prestation,och,förbättring,,,men,speglar,också,makt,,,ansvar,och,olika,yrkesgruppers,syn,på,vad,som,räknas,som,“,bra,”,resultat,.,Ekonomistyrningen,framträder,inte,enbart,som,budgetuppföljning,,,utan,som,ett,försök,att,styra,genom,flera,mål,samtidigt,.,Hur,väl,detta,lyckas,verkar,bero,på,om,styrkortet,upplevs,relevant,på,mottagningsnivå,och,om,chefer,och,medarbetare,kan,använda,det,som,stöd,i,prioriteringar,,,snarare,än,som,en,rapporteringsrutin,.,Uppsatsen,landar,i,en,bild,av,balanserat,styrkort,som,ett,användbart,men,krävande,verktyg,i,primärvården,.,Det,kan,bidra,till,bättre,samordning,mellan,ekonomi,och,vårdkvalitet,,,men,resultaten,avgörs,av,hur,måtten,väljs,,,hur,de,kommuniceras,och,hur,uppföljningen,används,i,praktiken,.,Styrkortet,är,inte,en,färdig,lösning,som,“,införs,”,,,utan,något,som,behöver,hållas,levande,för,att,inte,tappa,mening,eller,skapa,styrning,som,känns,långt,från,patientmötet,."
"Bakgrund,:,Att,skapa,kontakt,med,demensdrabbade,kan,vara,svårt,om,vårdaren,inte,har,rätt,kunskap,i,hur,kontakt,kan,skapas,.,Den,ickeverbala,kommunikationen,såsom,beröring,och,musik,kan,vara,av,betydelse,när,kontakt,ska,skapas,.,Människan,förknippar,beröring,med,att,vara,omtyckt,och,genom,detta,ökar,känslan,av,trygghet,och,tillit,och,på,så,sätt,kan,kontakt,skapas,.,Ett,annat,sätt,att,skapa,kontakt,på,är,genom,musik,,,där,det,har,visat,sig,att,minnet,av,sång,och,musik,betyder,mycket,för,människan,och,kan,stärka,kommunikationen,.,Syfte,:,Syftet,med,studien,är,att,belysa,hur,kontakt,kan,skapas,med,demensdrabbade,genom,beröring,och,genom,musik,.,Metod,:,En,litteraturstudie,som,är,baserad,på,åtta,vetenskapliga,artiklar,.,Artiklarna,ar,granskade,och,analyserade,efter,Burnards,innehållsanalys,.,Orlandos,omvårdnadsteori,användes,som,teoretisk,referensram,och,som,b1.a,.,tar,upp,interaktionen,mellan,vårdare,och,patient,.,Resultat,:,I,resultatet,har,det,visat,sig,att,genom,beröring,och,genom,musik,kan,vårdare,få,en,ökad,förståelse,för,den,demensdrabbade,.,Kontakt,och,kommunikation,skapar,gemenskap,mellan,demensdrabbade,och,deras,vårdare,,,känslor,av,välbefinnande,bildas,och,minnesförmågan,hos,personer,med,demenssjukdom,ökar","Den,här,uppsatsen,behandlar,hur,ickeverbal,kommunikation,kan,fungera,som,en,väg,till,kontakt,med,personer,som,lever,med,demens,,,med,särskilt,fokus,på,beröring,och,musik,.,När,språkförmågan,förändras,eller,sviktar,blir,kroppsliga,signaler,ofta,mer,avgörande,än,det,som,sägs,.,Blickar,,,tempo,,,avstånd,och,små,rörelser,kan,avgöra,om,ett,möte,känns,tryggt,eller,pressande,.,I,den,meningen,handlar,kommunikation,mindre,om,att,“,förmedla,information,”,och,mer,om,att,skapa,en,gemensam,situation,där,personen,känner,sig,sedd,.,Beröring,framstår,som,ett,centralt,redskap,.,Den,kan,lugna,,,väcka,igenkänning,och,skapa,en,känsla,av,närvaro,när,orden,inte,räcker,till,.,En,hand,på,axeln,,,en,varsam,strykning,över,underarmen,eller,att,hålla,någon,i,handen,kan,ge,en,tydlig,signal,om,stöd,och,uppmärksamhet,.,Samtidigt,är,beröring,inte,neutralt,;,den,påverkas,av,personliga,gränser,,,tidigare,erfarenheter,och,relationen,mellan,vårdgivare,och,vårdtagare,.,I,uppsatsens,ram,blir,därför,lyhördhet,en,praktisk,kompetens,,,inte,en,abstrakt,värdering,.,Den,som,ger,beröring,behöver,läsa,av,reaktioner,i,stunden,:,spänning,,,undanrörelser,,,förändrad,andning,eller,tvärtom,en,kropp,som,slappnar,av,.,Musik,behandlas,som,ett,annat,ickeverbalt,“,språk,”,som,kan,kringgå,de,kognitiva,hinder,som,demenssjukdom,ofta,innebär,.,Musik,kan,väcka,minnen,,,känslor,och,kroppslig,respons,även,när,samtal,är,svårt,.,Rytm,kan,hjälpa,till,att,synkronisera,rörelse,och,skapa,struktur,i,en,annars,splittrad,vardag,,,medan,välbekanta,melodier,kan,ge,en,känsla,av,sammanhang,och,identitet,.,Effekten,tycks,sällan,handla,om,musik,i,allmänhet,,,utan,om,rätt,musik,för,rätt,person,.,Någon,blir,stilla,av,psalmer,,,en,annan,piggnar,till,av,dansband,,,en,tredje,vill,bara,lyssna,på,samma,låt,om,och,om,igen,.,Det,kan,se,monotont,ut,utifrån,,,men,fungera,som,en,hållpunkt,för,personen,.,I,mötet,mellan,beröring,och,musik,uppstår,en,möjlighet,att,bygga,relation,utan,att,kräva,prestation,.,En,enkel,stund,där,personalen,sitter,nära,,,följer,rytmen,,,nynnar,och,håller,handen,kan,bli,en,form,av,samtal,där,trygghet,och,välbefinnande,står,i,centrum,.,Uppsatsen,pekar,därmed,mot,en,syn,på,omsorg,där,ickeverbala,uttryck,inte,betraktas,som,“,komplement,”,till,talet,,,utan,som,bärande,kommunikationsformer,i,sig,.,När,kontakt,skapas,på,det,sättet,kan,oro,minska,,,deltagande,öka,och,personen,få,bättre,förutsättningar,att,känna,sig,hemma,i,sin,kropp,och,i,situationen,,,även,när,orden,inte,längre,vill,komma,."
"I,uppsatsen,redovisas,vårt,examensarbete,inom,den,kompletterande,lärarutbildningen,vid,Södertörns,högskola,.,Syftet,med,detta,arbete,är,att,göra,en,teoretisk,studie,med,praktiska,inslag,för,att,få,en,klarare,bild,av,vad,dyskalkyli,är,och,hur,vi,som,lärare,skall,hantera,elever,med,detta,specialpedagogiska,problem,.,Arbetet,är,en,komparativ,litteraturstudie,där,vi,utgått,från,material,kopplat,till,dyskalkyli,och,matematiksvårigheter,samt,en,kvalitativ,studie,i,form,av,intervjuer,med,tre,specialpedagoger,vid,olika,skolor,för,att,få,en,inblick,i,hur,arbetet,med,matematiksvårigheter,bedrivs,.,Vår,slutsats,är,att,dyskalkyli,är,svårt,att,begripa,och,att,det,är,svårt,att,avgöra,när,en,elev,har,dyskalkyli,och,inte,allmänna,matematiksvårigheter,.,Trots,detta,är,det,viktigt,att,ställa,en,diagnos,för,att,eleven,skall,kunna,få,rätt,hjälp,.,Vi,kan,även,konstatera,att,det,finns,kopplingar,mellan,dyskalkyli,och,dyslexi","Uppsatsen,tar,sin,utgångspunkt,i,frågan,vad,dyskalkyli,egentligen,är,och,hur,den,tar,sig,uttryck,i,skolans,vardag,.,Begreppet,avgränsas,mot,mer,allmänna,matematiksvårigheter,och,kopplas,till,forskning,om,taluppfattning,,,arbetsminne,och,automatisering,av,grundläggande,räknefärdigheter,.,Tyngdpunkten,ligger,på,hur,svårigheterna,kan,se,ut,i,praktiken,:,elever,som,fastnar,i,enkla,beräkningar,,,tappar,bort,steg,i,procedurer,,,har,svårt,att,uppskatta,mängd,och,storlek,eller,behöver,oproportionerligt,mycket,tid,för,att,nå,samma,säkerhet,som,andra,.,Samtidigt,lyfts,att,dyskalkyli,sällan,framträder,“,rent,”,,,utan,ofta,samspelar,med,stress,,,låg,självtillit,och,tidigare,misslyckanden,i,matematik,.,Studien,knyter,samman,en,teoretisk,genomgång,med,ett,mer,praktiskt,skolperspektiv,.,Fokus,hamnar,på,pedagogiska,arbetssätt,och,på,vad,som,faktiskt,kan,hjälpa,.,Här,diskuteras,tidig,upptäckt,,,strukturerad,kartläggning,och,hur,undervisningen,kan,göras,mer,begriplig,genom,konkreta,material,,,visuellt,stöd,och,ett,tydligt,språk,kring,matematiska,begrepp,.,Upprepning,beskrivs,inte,som,mekanisk,nötning,,,utan,som,planerad,träning,där,eleven,får,många,chanser,att,lyckas,,,med,snabb,återkoppling,och,små,steg,som,går,att,överblicka,.,Strategier,för,att,avlasta,arbetsminnet,och,skapa,stabila,rutiner,i,problemlösning,får,utrymme,,,liksom,hur,digitala,hjälpmedel,och,alternativa,redovisningsformer,kan,sänka,trösklar,utan,att,sänka,kraven,.,En,central,del,handlar,om,möjligheten,att,bli,hjälpt,.,Uppsatsen,landar,i,att,dyskalkyli,inte,“,försvinner,”,,,men,att,konsekvenserna,kan,minska,markant,när,insatserna,är,långsiktiga,och,anpassade,.,När,undervisningen,utgår,från,elevens,sätt,att,förstå,tal,och,när,läraren,bygger,progressionen,medvetet,,,kan,eleven,utveckla,fungerande,strategier,och,få,en,mer,hållbar,relation,till,matematik,.,På,så,sätt,blir,frågan,om,hjälp,mindre,en,fråga,om,bot,och,mer,en,fråga,om,rätt,stöd,,,rätt,timing,och,ett,arbetssätt,som,gör,matematiken,möjlig,att,erövra,."
"SAMMANFATTNING,Problem,:,Det,finns,många,tankar,om,organisationer,och,hur,de,ska,styras,.,Förr,handlade,det,om,att,styra,företagets,olika,resurser,för,att,uppnå,lönsamhet,.,I,dag,krävs,det,mer,av,företagen,och,dess,traditionella,organisationsformer,sätts,på,prov,.,För,att,utvecklas,och,framförallt,kunna,konkurrera,i,den,allt,mer,föränderliga,omgivningen,krävs,det,att,organisationerna,är,öppna,för,nya,tankesätt,.,Det,pågår,en,övergång,från,traditionella,organisationer,till,processorienterade,organisationer,.,Med,detta,följer,ofta,att,team,inrättas,.,Teamen,har,kommit,att,bli,grunden,i,de,processorienterade,organisationerna,.,Utifrån,detta,vill,vi,veta,varför,organisationer,har,infört,team,?,Hur,styr,organisationen,teamen,?,Har,förväntningarna,uppfyllts,?,Syfte,:,Syftet,med,uppsatsen,är,att,vi,ur,ett,ledningsperspektiv,vill,beskriva,varför,företag,har,infört,team,,,hur,de,har,utformat,dem,och,hur,de,styrs,.,Vi,vill,även,se,om,det,finns,indikationer,på,överensstämmelse,mellan,förväntningar,och,verklighet,.,Metod,:,Vi,har,valt,att,göra,en,kvalitativ,studie,då,vi,vill,beskriva,en,händelse,.,En,fallstudie,passar,oss,bäst,då,vi,vill,få,en,djupare,förståelse,för,vad,införandet,av,team,har,inneburit,.,Slutsats,:,Organisationerna,inför,team,för,att,de,vill,öka,lönsamheten,och,motivationen,hos,de,anställda,.,Införandet,av,team,leder,till,att,medarbetarna,får,större,ansvar,och,det,ökar,deras,motivation,.,Detta,leder,i,sin,tur,till,att,företaget,kan,öka,sin,flexibilitet,,,kostnadseffektivitet,och,leveranssäkerhet,.,Dessa,tre,är,faktorer,som,kan,påverka,lönsamheten","Arbetet,med,utgångspunkt,i,Andersson,(,Anna-Karin,),kretsar,kring,hur,styrning,kan,utformas,när,verksamheter,organiseras,mer,kring,flöden,och,processer,än,kring,traditionella,funktioner,.,Fokus,ligger,på,vad,som,händer,när,team,får,ett,tydligare,ansvar,för,ett,sammanhängande,flöde,,,från,start,till,leverans,,,och,hur,det,påverkar,både,arbetssätt,och,resultat,.,I,en,sådan,logik,blir,styrning,mindre,en,fråga,om,att,följa,upp,enskilda,delprestationer,och,mer,en,fråga,om,att,skapa,riktning,,,tempo,och,stabilitet,i,själva,flödet,.,En,central,idé,är,att,flödesorientering,och,processorientering,förändrar,villkoren,för,ledning,och,uppföljning,.,När,arbetet,skär,tvärs,över,avdelningsgränser,räcker,det,inte,med,lokala,mål,eller,optimering,inom,varje,enhet,;,teamens,gränssnitt,och,överlämningar,blir,minst,lika,avgörande,som,den,interna,effektiviteten,.,Det,gör,att,styrningen,behöver,fånga,helheten,utan,att,kväva,den,dagliga,problemlösningen,.,Teamen,behöver,mandat,att,hantera,variation,,,stoppa,och,rätta,till,fel,,,och,justera,arbetsfördelning,när,belastningen,skiftar,.,Samtidigt,kräver,ett,processperspektiv,tydliga,ramar,:,gemensamma,principer,,,prioriteringar,och,mätetal,som,speglar,flödets,prestation,snarare,än,enskilda,funktioners,produktivitet,.,Lönsamhet,kopplas,i,första,hand,till,hur,väl,flödet,fungerar,i,praktiken,.,Kortare,ledtider,,,färre,fel,,,mindre,omarbete,och,bättre,resursutnyttjande,ger,effekter,som,syns,i,både,kostnader,och,intäkter,,,men,sambandet,är,inte,automatiskt,.,Om,styrningen,fortsätter,premiera,lokal,beläggning,eller,volym,per,avdelning,riskerar,den,att,skapa,köer,,,väntetider,och,suboptimering,som,i,slutändan,urholkar,marginalerna,.,När,flödestänkandet,däremot,får,genomslag,kan,förbättringar,bli,mer,uthålliga,,,eftersom,teamen,lär,sig,arbeta,med,rotorsaker,och,inte,bara,släcka,bränder,.,I,gränslandet,mellan,styrning,och,självorganisering,blir,resultatet,ofta,en,förskjutning,snarare,än,en,total,omställning,.,Formella,strukturer,behövs,fortfarande,,,men,de,får,en,annan,roll,:,att,samordna,,,göra,prioriteringar,synliga,och,säkerställa,att,processerna,utvecklas,över,tid,.,Teamen,står,närmare,vardagsproblemen,,,men,behöver,stöd,i,form,av,tydliga,processägarskap,,,fungerande,feedbackloopar,och,en,uppföljning,som,belönar,flödesförbättringar,.,På,så,vis,framträder,en,bild,där,processorientering,inte,bara,är,en,organisationsmodell,,,utan,ett,styrningsproblem,som,berör,både,ansvarsfördelning,och,hur,lönsamhet,faktiskt,skapas,i,det,löpande,arbetet,."
"Vårt,examensarbete,i,informatik,är,utfört,på,ett,producerande,företag,som,expanderat,och,därför,sett,behov,av,att,förändra,sin,organisation,.,Ägarna,upplever,att,personalplanering,och,tillverkningsplanering,är,alltför,tidskrävande,och,de,hinner,inte,med,viktiga,arbetsuppgifter,som,marknadsföring,och,företagsutveckling,.,Examensarbetet,har,innefattat,teoristudier,,,en,analys,av,företagets,verksamhet,samt,utformning,av,förändringsförslag,för,att,förbättra,företagets,organisation,.,Våra,litteraturstudier,har,bestått,av,inläsning,av,teorier,om,problem,som,kan,uppstå,i,expanderande,företag,samt,datainsamling,genom,intervjuer,av,företagets,ägare,och,några,av,de,anställda,.,Detta,har,legat,till,grund,för,den,verksamhetsanalys,vi,genomfört,med,hjälp,av,delar,ur,metoden,FA,/,SIM,.,Denna,analys,ligger,till,grund,för,de,förändringsförslag,som,har,arbetats,fram,.,I,analysen,har,problem,som,rör,följande,fyra,aktiviteter,identifierats,.,-,Arbetsledning,-,Planering,-,Tillverkning,-,Varuleverans,De,åtgärdsförslag,vi,anser,viktigast,att,genomföra,för,att,effektivisera,och,underlätta,arbetssituationen,för,ägare,och,anställda,är,att,börja,registrera,ordrar,dagligen,och,införa,rutiner,för,att,registrera,produktion,och,lagerhållning,.,Ytterligare,åtgärder,är,att,anställa,kvalificerad,personal,på,kontoret,samt,utbilda,fler,i,personalen,i,att,köra,lackeringen,.,Vi,kan,konstatera,att,företagets,övergripande,problem,till,stor,del,orsakas,av,att,organisationen,inte,anpassats,till,företagets,expansion,.,Det,är,vanligt,att,insikt,om,detta,kommer,först,när,problemen,börjar,kännas,oöverstigliga","Arbetet,tar,sin,utgångspunkt,i,ett,snickeriföretag,som,står,inför,en,expansionsfas,och,där,den,dagliga,verksamheten,börjar,visa,tecken,på,att,vara,dimensionerad,för,en,mindre,skala,.,Syftet,är,att,genom,en,verksamhetsanalys,synliggöra,var,arbetssätt,,,ansvarsfördelning,och,resursutnyttjande,inte,längre,hänger,ihop,med,företagets,nya,förutsättningar,.,Fokus,ligger,på,att,förstå,problemen,så,som,de,faktiskt,uppträder,i,vardagen,:,i,orderflödet,,,i,planeringen,,,i,verkstaden,och,i,kontakten,med,kund,.,Analysen,kretsar,kring,typiska,tillväxtproblem,i,småföretag,,,där,mycket,kunskap,sitter,i,enskilda,personer,och,där,informella,rutiner,länge,fungerar,bra,men,gradvis,blir,en,flaskhals,.,När,fler,uppdrag,tas,in,och,fler,medarbetare,tillkommer,ökar,behovet,av,struktur,,,utan,att,flexibiliteten,som,ofta,är,företagets,styrka,går,förlorad,.,I,studien,identifieras,spänningar,mellan,produktion,och,administration,,,brister,i,samordning,och,ett,växande,beroende,av,ad,hoc-lösningar,.,Det,kan,handla,om,otydliga,beslutsvägar,,,svårigheter,att,prioritera,mellan,parallella,projekt,och,att,uppföljning,av,tid,,,material,och,leveranser,sker,för,sent,eller,inte,alls,.,Problemanalysen,mynnar,ut,i,ett,behov,av,organisationsanpassning,snarare,än,enbart,“,mer,resurser,”,.,Det,gäller,att,skapa,tydligare,roller,,,stabilare,planeringsrutiner,och,ett,mer,förutsägbart,informationsflöde,från,offert,till,färdig,leverans,.,Arbetet,visar,hur,expansionen,inte,bara,är,en,fråga,om,ökad,volym,,,utan,om,att,verksamheten,måste,formas,om,för,att,klara,nya,krav,på,styrning,,,kommunikation,och,kvalitet,.,Målet,blir,att,lägga,en,grund,som,gör,fortsatt,tillväxt,möjlig,utan,att,arbetsbelastningen,,,missförstånd,eller,produktionsstörningar,blir,det,som,styr,utvecklingen,."
"SAMMANFATTNING,Syftet,med,denna,studie,var,att,ta,reda,på,vad,sjuksköterskan,upplever,som,sitt,inre,etiska,ansvar,samt,lyfta,fram,och,reflektera,över,den,etiska,dimensionen,i,omvårdnaden,.,Studien,är,empirisk,och,grundar,sig,på,en,kvalitativ,metod,med,innehållsanalys,.,Data,har,samlats,in,från,fyra,intervjuade,verksamma,allmänsjuksköterskor,.,Forskningen,anknyter,till,Katie,Erikssons,omvårdnadsteori,samt,till,Iréne,von,Post,.,Etiken,hos,de,intervjuade,sjuksköterskorna,förknippades,till,stor,del,utifrån,ett,medicinskt,perspektiv,.,Resultatet,pekade,dock,på,att,sjuksköterskan,till,viss,del,handlar,utifrån,sitt,inre,etiska,ansvar,i,den,dagliga,omvårdnaden,såsom,den,teoretiska,ansatsen,beskriver,.,Ett,reflekterande,förhållningssätt,medvetandegör,den,etiska,dimensionen,i,omvårdnaden,.,Ansvar,i,omvårdnaden,ansågs,vara,att,tillgodose,varje,patients,individuella,behov,.,Emellertid,påvisade,resultatet,vissa,hinder,och,förutsättningar,för,en,god,omvårdnad,.,Mod,framkom,som,en,betydande,egenskap,hos,sjuksköterskan,eftersom,det,upplevdes,ett,behov,av,att,försvara,sitt,ansvarsområde-omvårdnaden,.,ABSTRACT,The,aim,of,this,subject,is,to,find,out,how,the,nurse,meets,with,her,inner,ethical,responsibilities,and,to,bring,forward,and,consider,the,ethical,dimension,of,caring,.,The,study,is,empirical,and,has,its,base,in,a,qualitative,method,with,an,analysis,of,content,.,Data,has,been,gathered,from,four,practising,hospital,nurses,.,The,research,connects,on,to,Katie,Eriksson,?,s,theory,of,caring,and,to,Iréne,von,Post,.,The,ethics,of,the,nurses,interviewed,is,to,a,large,content,seen,from,a,medical,point,of,view,.,Yet,,,the,result,points,to,the,fact,that,the,nurse,partly,acts,from,her,inner,ethical,responsibility,in,daily,care,,,as,the,theoretical,suggestion,describes,.,A,reflective,attitude,raises,the,level,of,consciousness,of,the,ethical,dimension,in,health,care,.,It,is,considered,that,the,responsibility,of,nursing,is,to,be,able,to,meet,the,need,in,every,single,patient,.,However,,,the,result,showed,some,hinders,and,necessary,qualities,for,good,health,care,.,Courage,is,one,important,trait,among,nurses,,,as,they,feel,a,need,to,be,able,to,stand,up,for,their,field,of,responsibility,,,namely,caring","Uppsatsen,behandlar,hur,sjuksköterskor,upplever,och,beskriver,ett,inre,etiskt,ansvar,i,sitt,dagliga,omvårdnadsarbete,.,Utgångspunkten,är,att,ansvar,inte,bara,följer,av,lagar,,,riktlinjer,och,professionella,krav,,,utan,också,formas,av,personliga,värderingar,,,samvete,och,en,vilja,att,göra,gott,för,den,enskilda,patienten,.,I,fokus,står,den,situation,där,sjuksköterskan,upplever,sig,behöva,bära,ett,moraliskt,åtagande,som,ibland,går,längre,än,det,som,formellt,förväntas,.,Studien,bygger,på,en,kvalitativ,metod,där,sjuksköterskors,erfarenheter,ges,utrymme,genom,deras,egna,berättelser,.,Materialet,belyser,hur,etiska,ställningstaganden,växer,fram,i,konkreta,möten,:,i,samtalet,vid,sängkanten,,,i,prioriteringar,under,tidspress,och,i,situationer,där,patientens,behov,krockar,med,organisatoriska,ramar,.,Det,inre,ansvaret,framträder,som,något,som,kan,ge,riktning,och,mening,i,yrkesrollen,,,men,som,också,kan,bli,tungt,att,bära,,,särskilt,när,handlingsutrymmet,är,begränsat,.,Resultatet,visar,att,sjuksköterskor,ofta,kopplar,sitt,etiska,ansvar,till,relationen,med,patienten,och,till,en,strävan,efter,att,se,hela,människan,.,Många,beskriver,en,vaksamhet,inför,sådant,som,riskerar,att,förminska,patientens,värdighet,:,att,bli,osynliggjord,,,att,inte,bli,lyssnad,på,,,att,reduceras,till,en,diagnos,eller,en,plats,på,en,lista,.,Samtidigt,skapar,återkommande,etiska,dilemman,en,form,av,inre,friktion,.,Det,kan,handla,om,att,veta,vad,som,borde,göras,men,inte,hinna,,,att,uppleva,krav,på,effektivitet,som,står,i,vägen,för,god,omvårdnad,,,eller,att,hamna,mellan,patientens,önskemål,och,medicinska,beslut,.,Uppsatsen,synliggör,också,hur,ansvar,upplevs,i,relation,till,kollegor,och,arbetskultur,.,Stöd,,,öppen,dialog,och,möjlighet,till,reflektion,kan,lätta,på,trycket,och,göra,det,etiska,arbetet,mer,gemensamt,.,I,andra,miljöer,blir,ansvaret,mer,ensamt,,,nästan,privat,.,Då,riskerar,sjuksköterskan,att,bära,på,tvivel,,,skuld,eller,moralisk,stress,,,även,när,problemen,i,grunden,är,strukturella,.,Sammantaget,tecknas,en,bild,av,det,inre,etiska,ansvaret,som,en,central,del,av,omvårdnaden,,,något,som,påverkar,både,kvaliteten,i,vårdmötet,och,sjuksköterskans,hållbarhet,i,yrket,.,Uppsatsen,pekar,mot,behov,av,förutsättningar,som,gör,etik,möjlig,i,praktiken,:,tid,för,omvårdnad,,,utrymme,för,professionellt,omdöme,och,sammanhang,där,etiska,frågor,får,diskuteras,utan,att,förenklas,."
"Kurs,:,Kandidatuppsats,41-60p,,,våren,-,2002,,,Företagsekonomi,Titel,:,Kartläggning,och,utvärdering,av,utbildningar,-,en,svaghet,i,företag,?,Författare,:,Annika,Andersson,,,Nina,Blomkvist,och,Goce,Lamevski,Handledare,:,Göran,Alsén,,,IEM,,,Blekinge,Tekniska,Högskola,Syfte,:,Vårt,syfte,med,uppsatsen,är,att,beskriva,och,skapa,förståelse,för,vilka,faktorer,som,ligger,bakom,hur,företag,kartlägger,utbildningsbehov,,,vilka,utvärderingsmetoder,som,används,samt,hur,effekter,kan,tydliggöras,i,organisationen,.,Vidare,är,syftet,att,efter,studien,kunna,bemöta,den,kritik,som,vi,tar,upp,i,problemdiskussionen,.,Metod,:,Vi,har,i,denna,studie,använt,oss,av,semistrukturerade,,,kvalitativa,intervjuer,med,utbildningsansvariga,inom,telecombranschen,.,Slutsats,:,I,vår,studie,har,vi,kommit,fram,till,att,företag,lägger,ner,,,ett,till,synes,noggrant,arbete,med,att,karlägga,behov,för,utbildning,,,i,kontrast,till,den,kritik,som,har,framhållits,av,forskare,.,Vidare,har,vi,funnit,att,företag,främst,använder,sig,av,enkäter,vid,utvärderingsprocessen,,,samt,att,syftet,med,utvärderingen,i,första,hand,,,verkar,vara,att,förbättra,kommande,utbildningar,.,Vad,gäller,att,tydliggöra,effekter,av,utbildningar,,,har,vi,uppmärksammat,att,den,dynamiska,miljön,kan,vara,en,förklarande,faktor,till,varför,inte,företag,lägger,ner,mer,tid,och,resurser,på,detta,moment,.,Vi,har,gjort,tolkningen,att,tillverkande,företag,,,i,större,bemärkelse,än,tjänsteföretag,,,har,möjlighet,att,genom,kunskapsprövning,,,utläsa,effekter,av,utbildning","I,den,här,studien,undersöker,Andersson,hur,utbildning,kan,planeras,och,följas,upp,på,ett,sätt,som,faktiskt,fångar,verksamhetens,behov,.,Utgångspunkten,är,att,utbildningsinsatser,ofta,beställs,på,ganska,lösa,grunder,–,ibland,för,att,”,något,måste,göras,”,,,ibland,för,att,enstaka,problem,blir,synliga,–,och,att,det,skapar,en,risk,för,att,resurser,läggs,på,fel,saker,.,Fokus,hamnar,därför,på,kartläggning,av,utbildningsbehov,:,hur,man,identifierar,vad,som,saknas,,,vem,som,behöver,vad,och,varför,behoven,uppstår,.,Det,handlar,inte,bara,om,individuella,kompetensluckor,,,utan,också,om,arbetsprocesser,,,krav,från,omvärlden,och,sådant,som,sitter,i,organisationens,sätt,att,arbeta,.,En,central,del,är,hur,man,går,från,behovsbild,till,utformning,.,Andersson,behandlar,spänningen,mellan,generella,utbildningspaket,och,mer,riktade,insatser,.,När,kartläggningen,blir,för,grov,blir,utbildningen,ofta,för,allmän,,,men,när,den,blir,alltför,detaljerad,riskerar,man,att,missa,det,som,faktiskt,påverkar,resultaten,i,praktiken,.,Studien,visar,att,en,genomtänkt,behovsanalys,tenderar,att,kräva,flera,perspektiv,samtidigt,:,chefernas,mål,,,medarbetarnas,erfarenheter,och,faktiska,prestationer,i,arbetet,.,Det,räcker,sällan,med,en,enkät,.,Intervjuer,,,observationer,och,genomgång,av,dokumentation,får,större,tyngd,när,man,vill,förstå,vad,som,ligger,bakom,ett,upplevt,utbildningsbehov,.,Utvärdering,av,utbildning,beskrivs,som,en,svår,men,nödvändig,förlängning,av,kartläggningen,.,Om,man,inte,i,förväg,bestämmer,vad,som,ska,räknas,som,effekt,blir,uppföljningen,lätt,en,fråga,om,nöjdhet,snarare,än,förändring,.,Andersson,lyfter,skillnaden,mellan,att,mäta,deltagarnas,upplevelse,och,att,följa,om,kunskapen,används,,,om,arbetssätt,förändras,och,om,verksamheten,får,en,faktisk,förbättring,.,Det,är,där,utbildningens,värde,prövas,,,men,också,där,många,utvärderingar,stannar,av,eftersom,det,kräver,tid,,,tillgång,till,data,och,en,vilja,att,diskutera,resultat,som,inte,alltid,är,smickrande,.,Helhetsintrycket,är,att,utbildning,,,behovskartläggning,och,utvärdering,behöver,ses,som,en,sammanhängande,kedja,snarare,än,separata,moment,.,När,kopplingen,brister,uppstår,en,återkommande,rundgång,:,nya,utbildningar,beställs,utan,att,man,riktigt,vet,vad,de,ska,lösa,,,och,de,utvärderas,utan,att,det,finns,en,tydlig,måttstock,.,Anderssons,arbete,pekar,mot,ett,mer,systematiskt,sätt,att,arbeta,,,men,utan,att,det,blir,mekaniskt,.,Det,kräver,snarare,ett,praktiskt,omdöme,och,en,ärlighet,kring,vad,utbildning,kan,åstadkomma,–,och,vad,som,egentligen,är,ett,organisationsproblem,som,råkar,ta,formen,av,ett,utbildningsbehov,."
"Oron,för,att,utsättas,för,hot,eller,våld,är,för,många,anställda,inom,vårdsektorn,en,daglig,psykisk,påfrestning,.,Studiens,syfte,var,att,beskriva,sjuksköterskans,upplevelser,i,samband,,,med,hot,och,våld,i,den,somatiska,vården,samt,hur,det,hanteras,.,Studien,är,en,litteraturstudie,baserad,på,vetenskapliga,artiklar,.,I,databaserna,Medline,och,Cinahl,fann,författarna,33,artiklar,varav,7,artiklar,ansågs,svara,mot,studiens,syfte,,,genom,manuell,sökning,valdes,5,artiklar,ut,.,De,vetenskapliga,artiklarna,granskades,och,bedömdes,vad,gällde,vetenskaplig,kvalitet,.,Vid,analys,av,artiklarnas,resultat,framkom,tre,tema,i,form,av,1.Upplevelser,vid,hot,och,våld,,,2,.,Hantering,av,upplevelser,som,uppstår,vid,hot,och,våld,,,3,.,Upplevelser,av,brist,av,stöd,från,arbetsledningen,samt,underrapportering,av,våldsincidenter,.,Ilska,,,rädsla,,,stress,,,maktlöshet,och,hjälplöshet,var,de,mest,omskrivna,upplevelserna,.,De,viktigaste,faktorerna,i,hanteringen,av,upplevelser,var,support,från,kollegor,samt,coping,strategier,.,Det,framkommer,också,hur,personalen,upplever,avsaknad,av,stöd,från,arbetsledningen,vid,hot,och,våld,incidenter,,,samt,vikten,av,rapportering,av,dessa,incidenter,.,När,sjuksköterskan,har,kunskap,om,olika,upplevelser,som,kan,uppstå,samt,hantera,dessa,på,ett,optimalt,sätt,,,medför,det,att,sjuksköterskan,blir,tryggare,i,sin,yrkesroll,.,Detta,genererar,i,att,de,omvårdnadsåtgärder,som,patienten,skall,ha,genomförs","Denna,litteraturstudie,belyser,hur,sjuksköterskor,i,somatisk,vård,upplever,hot,och,våld,i,arbetet,och,hur,händelserna,påverkar,både,yrkesutövning,och,vardag,.,Genom,att,sammanställa,tidigare,forskning,framträder,en,bild,av,en,arbetsmiljö,där,aggressiva,situationer,ofta,uppstår,plötsligt,och,lämnar,spår,som,inte,alltid,syns,utåt,.,Många,sjuksköterskor,beskriver,en,omedelbar,känsla,av,rädsla,och,stress,i,stunden,,,följt,av,en,mer,långvarig,oro,inför,nya,möten,med,patienter,och,anhöriga,.,Vissa,blir,vaksamma,på,ett,sätt,som,gör,att,de,hela,tiden,ligger,steget,före,,,andra,känner,sig,mer,utlämnade,och,osäkra,på,hur,de,ska,agera,.,Upplevelserna,rör,inte,bara,den,konkreta,händelsen,utan,också,reaktionerna,efteråt,.,Skam,,,skuld,och,självtvivel,återkommer,i,flera,studier,,,särskilt,när,våldet,kopplas,till,tankar,om,att,man,borde,ha,kunnat,förutse,situationen,eller,agerat,annorlunda,.,När,stöd,från,chefer,och,kollegor,upplevs,bristfälligt,förstärks,känslan,av,ensamhet,.,I,kontrast,kan,ett,snabbt,omhändertagande,,,ett,tydligt,efterarbete,och,en,kultur,där,man,får,prata,om,det,som,hänt,göra,stor,skillnad,.,För,vissa,blir,upplevelsen,en,vändpunkt,som,påverkar,inställningen,till,yrket,.,Några,överväger,att,byta,arbetsplats,eller,lämna,vården,helt,,,inte,för,att,de,saknar,kompetens,utan,för,att,de,tröttnar,på,att,behöva,acceptera,risk,som,en,normal,del,av,arbetet,.,Hot,och,våld,får,även,konsekvenser,för,omvårdnaden,.,I,materialet,beskrivs,hur,bemötandet,kan,förändras,efter,en,incident,:,distans,,,kortare,samtal,,,mer,kontrollerade,rutiner,och,ibland,ett,större,fokus,på,att,skydda,sig,själv,än,att,skapa,relation,.,Det,kan,leda,till,att,vårdmötet,blir,mer,mekaniskt,,,särskilt,när,sjuksköterskan,försöker,undvika,nya,konflikter,.,Samtidigt,finns,berättelser,om,hur,erfarenheterna,väcker,reflektion,och,stärker,handlingsberedskap,,,till,exempel,genom,att,man,blir,mer,uppmärksam,på,tidiga,varningssignaler,och,tydligare,i,gränssättning,.,Helhetsbilden,pekar,på,att,hot,och,våld,i,somatisk,vård,inte,enbart,är,en,fråga,om,enskilda,incidenter,utan,om,arbetsmiljö,,,stödstrukturer,och,normer,.,När,händelser,normaliseras,riskerar,de,att,tystna,,,och,då,blir,det,svårare,att,anmäla,,,följa,upp,och,förebygga,.,Litteraturen,ger,ett,tydligt,intryck,av,att,sjuksköterskans,upplevelser,formas,lika,mycket,av,det,som,sker,efteråt,som,av,själva,våldet,:,om,det,tas,på,allvar,,,om,någon,lyssnar,,,och,om,arbetsplatsen,faktiskt,lär,av,det,som,hänt,."
"Sedan,1979,när,den,amerikanska,ambassaden,i,Teheran,ockuperades,av,studenter,och,personalentogs,som,gisslan,under,444,dagar,har,kontakterna,mellan,Iran,och,USA,varit,ansträngda,.,Iran,harbland,annat,pekats,ut,av,president,George,W,Bush,som,”,en,av,ondskans,axelmakter,”,.,Syftet,meddenna,uppsats,är,att,undersöka,vilka,metoder,för,amerikanskt,strategiskt,inflytande,som,haranvänts,av,USA,mot,Iran,och,haft,framgång,.,Den,valda,metoden,är,kvalitativ,textanalys,.,Utifrånfrågeställningen:Vilken,/,vilka,typer,av,strategiskt,inflytande,har,varit,effektiva,för,att,påverka,styret,av,Iran,?,granskas,tre,fall,av,informationsoperationer,(,militär-,,,politisk-,och,mediaoperation,),genomfördamot,Iran,mellan,1979,och,2006,.,Aktörerna,ayatolla,,,parlament,,,president,,,prästerskap,ochmedelklass,beskrivs,utifrån,Pierre,Bourdieus,fältteori,för,att,belysa,vilka,metoder,som,varitändamålsenliga,och,framgångsrika,från,USA:s,sida,.,Granskningen,visar,att,USA:s,främsta,väg,tillframgång,har,varit,psyops,och,mjuka,metoder,mot,utvalda,grupper,medan,direkt,konfrontation,iform,av,hårda,politiska,påtryckningar,och,hot,om,,,eller,bruket,av,militära,medel,inte,i,sammautsträckning,varit,framgångsrika","Uppsatsen,undersöker,om,och,i,vilken,utsträckning,iranska,aktörer,kan,påverkas,av,USA,,,och,vad,”,strategiskt,inflytande,”,faktiskt,innebär,när,man,lämnar,antagandet,om,att,makt,främst,är,en,fråga,om,resurser,och,hot,.,Utgångspunkten,är,ett,fältperspektiv,:,iranska,och,amerikanska,aktörer,förstås,som,positionerade,i,ett,politiskt,och,säkerhetspolitiskt,fält,där,handlingsutrymme,formas,av,relationer,,,etablerade,spelregler,och,kampen,om,legitimitet,.,Frågan,blir,då,inte,bara,vilka,verktyg,USA,har,,,utan,om,amerikanska,initiativ,passar,fältets,logik,och,om,de,kan,omsättas,till,erkänd,auktoritet,i,de,arenor,där,iranska,beslut,faktiskt,tar,form,.,Analysen,kretsar,kring,hur,inflytande,uppstår,genom,mer,än,synlig,tvångsmakt,.,Sanktioner,,,diplomati,,,militär,närvaro,och,informationspåverkan,behandlas,som,praktiker,som,kan,fungera,olika,beroende,på,vilka,aktörer,som,bär,dem,,,vilka,berättelser,de,kopplas,till,och,hur,de,tolkas,i,Iran,.,Iranska,beslutsmiljöer,präglas,av,konkurrens,mellan,institutioner,och,fraktioner,där,symboliskt,kapital,–,revolutionär,trovärdighet,,,nationell,suveränitet,,,religiös,legitimitet,och,säkerhetsmeriter,–,ofta,väger,tyngre,än,ekonomiska,incitament,isolerade,från,sin,politiska,inramning,.,Det,gör,att,amerikanskt,tryck,kan,ge,motsatt,effekt,:,åtgärder,som,i,Washington,ses,som,rationella,signaler,kan,i,Teheran,bli,bränsle,för,mobilisering,,,misstänksamhet,och,intern,positionering,.,Uppsatsen,visar,att,USA:s,förmåga,till,strategiskt,inflytande,är,villkorad,och,ojämnt,fördelad,.,På,vissa,områden,kan,amerikanska,insatser,påverka,kostnader,,,tidslinjer,och,handlingsalternativ,,,särskilt,när,de,samordnas,internationellt,och,när,de,knyts,till,trovärdiga,utvägar,.,På,andra,områden,stöter,de,på,motstånd,som,inte,bara,är,materiellt,utan,socialt,och,symboliskt,:,försök,att,styra,beteenden,riskerar,att,undergräva,de,aktörer,i,Iran,som,skulle,behöva,bära,en,förändring,,,eftersom,de,kan,misstänkliggöras,som,eftergivna,eller,”,utifrån,styrda,”,.,Strategiskt,inflytande,framstår,därför,mindre,som,en,fråga,om,att,pressa,fram,eftergifter,och,mer,som,en,kamp,om,att,forma,spelplanen,,,definiera,vad,som,räknas,som,rimligt,och,skapa,situationer,där,vissa,val,blir,politiskt,möjliga,för,iranska,aktörer,att,göra,utan,att,förlora,ansikte,eller,ställning,.,Resultatet,blir,en,nyanserad,bild,av,påverkan,:,ja,,,iranska,aktörer,kan,påverkas,,,men,sällan,på,det,direkta,sätt,som,ofta,antas,i,policydebatt,.,Inflytande,uppstår,när,amerikanska,åtgärder,lyckas,interagera,med,fältets,logik,snarare,än,krocka,med,den,.,När,de,inte,gör,det,omvandlas,styrka,lätt,till,friktion,."
"Föreliggande,rapport,redovisar,resultat,från,den,svenska,pilotstudien,inom,det,internationella,s.k.,SINR-projektet,(,Societal,Images,of,Natural,Recovery,),.,Detta,projekt,syftar,till,ökad,kunskap,om,hur,olika,synsätt,,,hos,allmänheten,såväl,som,inom,olika,professionella,grupper,,,påverkar,människor,möjligheter,att,komma,tillrätta,med,olika,former,av,missbruk,.,Som,ett,första,steg,i,projektet,har,i,hittills,sex,större,städer,i,fem,olika,länder,ett,mindre,antal,svarande,,,representerande,olika,samhällsgrupper,,,tillfrågats,om,sin,uppfattning,om,möjligheterna,att,på,egen,hand,ta,sig,ur,olika,slag,av,missbruksproblem,.,Den,svenska,pilotstudien,har,,,på,uppdrag,av,FoU-enheten,,,av,tre,socionomstuderande,vid,Stockholms,universitet,i,form,av,ett,examensarbete,.,Rapporten,innehåller,inledningsvis,en,översiktlig,sammanfattning,av,förekommande,perspektiv,på,olika,former,av,missbruk,,,av,aktuell,forskning,om,s.k.,”,självläkning,”,(,”,natural,recovery,”,),från,sådana,problem,,,och,av,attributionsteori,och,attributionsforskning,.,Därefter,redovisas,resultat,den,svenska,pilotstudien,.,Denna,bygger,på,intervjuer,med,femton,personer,,,representerande,fem,olika,samhällssektorer,:,”,behandling,”,,,”,kontroll,”,,,”,vardagsterapeuter,”,,,”,media,”,och,”,allmänhet,”,.,De,frågor,som,står,i,fokus,är,respondenternas,syn,på,möjligheten,till,”,självläkning,”,från,elva,olika,former,av,missbruksproblem,och,vad,de,upplever,som,de,största,hindren,mot,effektiva,lösningar,på,dessa,problem,.,Svaren,relateras,också,till,eventuella,erfarenheter,(,egna,eller,närståendes,),av,de,aktuella,problemen,.,Bland,de,mest,intressanta,resultaten,är,att,de,svarande,tämligen,genomgående,ser,”,illegala,”,beroendeproblem,(,olika,narkotiska,preparat,),som,betydligt,svårare,att,komma,tillrätta,med,än,”,legala,”,sådana,(,alkohol,,,tobak,,,spel,,,shopping,),.,På,samma,sätt,uppfattas,substansrelaterade,beroenden,ganska,genomgående,som,betydligt,svårare,än,beteenderelaterade,sådana,(,spel,och,shopping,),.,Om,man,ser,till,specifika,former,av,missbruk,finns,ett,starkt,samband,mellan,de,svarandes,(,negativa,),syn,på,möjligheten,att,sluta,med,amfetamin,,,kokain,och,heroin,.,Däremot,uppfattas,cannabis,som,nästan,lika,lätt,att,sluta,med,som,rökning,,,det,beroende,som,de,svarande,i,genomsnitt,uppfattar,det,som,allra,lättast,att,komma,tillrätta,med,.,Representanterna,för,behandlingsområdet,är,,,intressant,nog,,,ganska,genomgående,de,mest,pessimistiska,när,det,gäller,möjligheten,att,ta,sig,ur,ett,missbruk,på,egen,hand,,,medan,mediarepresentanterna,är,de,mest,optimistiska,.,Sammantagna,antyder,resultaten,att,människor,ganska,lätt,införlivar,den,officiella,och,av,media,reproducerade,bilden,av,olika,självdestruktiva,beteenden,.,Samtidigt,indikerar,skillnaderna,mellan,olika,grupper,av,svarande,att,uppfattningarna,i,vissa,avseenden,skiljer,sig,påtagligt,åt,mellan,olika,samhällssektorer,,,något,som,pekar,på,behovet,av,fortsatta,,,mer,ingående,studier,på,detta,område,.,I,ett,avslutande,Appendix,görs,några,jämförelser,mellan,data,från,Stockholm,och,från,de,fem,övriga,deltagarstäderna,.,Dessa,visar,både,på,vissa,likheter,–,t.ex.,att,representanterna,för,behandlingsområdet,i,flertalet,städer,är,de,mest,pessimistiska,vad,gäller,människors,möjligheter,att,sluta,med,ett,missbruk,på,egen,hand,–,och,vissa,skillnader,–,t.ex.,den,särställning,Sverige,tycks,ha,när,det,gäller,demoniseringen,av,heroin,som,den,svåraste,och,farligaste,av,alla,droger,.,Dessa,resultat,talar,för,värdet,av,en,tvärkulturell,ansats,till,dessa,frågor","I,Bodil,Anderssons,framställning,kopplas,beroende,och,missbruk,tätt,till,frågor,om,social,avvikelse,och,socialt,stigma,.,Utgångspunkten,är,att,missbruk,sällan,förstås,enbart,som,ett,individuellt,problem,,,utan,att,det,också,formas,i,mötet,med,omgivningens,normer,och,reaktioner,.,Den,som,använder,alkohol,eller,andra,droger,på,ett,sätt,som,uppfattas,som,okontrollerat,riskerar,att,hamna,i,en,särskild,kategori,:,avvikaren,.,Den,kategoriseringen,får,konsekvenser,.,Inte,bara,för,hur,personen,blir,bemött,,,utan,också,för,hur,livet,kan,levas,i,praktiken,.,Texten,kretsar,kring,hur,stigma,uppstår,och,hålls,vid,liv,.,Det,handlar,om,skam,,,misstänksamhet,och,förlorat,förtroende,,,men,också,om,mer,konkreta,saker,som,begränsad,tillgång,till,arbete,,,bostad,och,sociala,sammanhang,.,Missbruk,blir,då,något,som,”,syns,”,,,även,när,personen,försöker,dölja,det,.,Blickar,,,små,markeringar,och,mer,öppna,avståndstaganden,skapar,ett,tryck,som,kan,göra,det,svårt,att,bryta,mönster,.,Den,sociala,avvikelsen,blir,nästan,självförstärkande,:,när,omgivningen,räknar,med,återfall,eller,oansvar,kan,det,bli,svårare,att,bli,tagen,på,allvar,i,försök,till,förändring,.,En,central,linje,är,att,erfarenheter,som,inte,är,direkt,behandlingsrelaterade,spelar,stor,roll,.,Det,som,sker,utanför,vård,och,insatser,–,i,familjen,,,på,arbetsplatsen,,,i,myndighetskontakter,och,i,vardagens,relationer,–,kan,både,försvåra,och,möjliggöra,förändring,.,Här,framträder,en,mer,vardagsnära,bild,av,beroende,,,där,återhämtning,inte,enbart,avgörs,av,program,och,metoder,utan,av,hur,livet,runt,omkring,faktiskt,fungerar,.,När,stöd,saknas,,,eller,när,stödet,blandas,med,kontroll,och,misstro,,,riskerar,stigmat,att,bli,en,del,av,problemet,snarare,än,en,reaktion,på,det,.,Sammantaget,tecknas,missbruk,som,ett,fenomen,som,samtidigt,är,personligt,och,socialt,.,Beroendet,påverkar,individens,handlingsutrymme,,,men,stigma,och,avvikelsestämpling,påverkar,också,vilka,vägar,som,ens,står,öppna,.,I,den,spänningen,uppstår,en,vardag,präglad,av,både,anpassning,och,motstånd,:,strategier,för,att,passa,in,,,för,att,skydda,sig,,,för,att,behålla,en,identitet,som,inte,helt,reduceras,till,”,missbrukare,”,.,Det,är,där,,,i,friktionen,mellan,individ,och,omgivning,,,som,Anderssons,perspektiv,blir,som,tydligast,."
"Bakgrund,:,Enligt,statistiska,central,byråns,prognos,(,2003,),kommer,invandrare,eller,barn,till,invandrare,att,stå,för,cirka,åtta,procent,av,Sveriges,befolkningsökning,inom,de,närmsta,tjugo,åren,.,För,att,kunna,bistå,med,god,vård,på,lika,villkor,för,hela,befolkningen,måste,den,svenska,sjukvården,anpassas,efter,det,mångkulturella,samhälle,vi,lever,i,.,Syfte,:,Denna,litteraturstudie,syftar,till,att,belysa,svårigheter,som,kan,påverka,mötet,mellan,svensk,vårdpersonal,och,personer,med,invandrarbakgrund,.,Metod,:,Litteraturstudien,bygger,på,sju,vetenskapliga,artiklar,,,alla,med,kvalitativ,forskningsansats,.,Studien,analyserades,utifrån,Malterud,(,1996,),.,Resultat,:,Resultatet,av,studien,visar,att,verbal,och,icke-verbal,kommunikation,,,kulturella,olikheter,och,invandrares,syn,på,sjukvård,kan,försvåra,mötet,mellan,svensk,sjukvårdspersonal,och,personer,med,invandrarbakgrund","Denna,litteraturstudie,belyser,vilka,svårigheter,som,kan,uppstå,i,mötet,mellan,svensk,sjukvårdspersonal,och,personer,med,invandrarbakgrund,.,Utgångspunkten,är,ett,mångkulturellt,omvårdnadsperspektiv,där,vården,inte,bara,handlar,om,medicinska,insatser,,,utan,också,om,hur,kommunikation,,,relation,och,förståelse,formar,patientens,möjlighet,att,få,adekvat,stöd,.,I,materialet,framträder,en,vardag,där,god,vilja,ofta,finns,,,men,där,praktiska,och,kulturella,hinder,återkommande,skapar,friktion,.,Ett,centralt,problem,rör,språket,.,När,gemensamt,språk,saknas,blir,anamnes,,,smärtbeskrivningar,och,information,om,behandling,svårare,att,förmedla,.,Missförstånd,kan,uppstå,snabbt,och,hinner,ibland,inte,redas,ut,i,en,pressad,vårdsituation,.,Tolk,kan,vara,en,lösning,men,skapar,också,nya,utmaningar,,,som,brist,på,tillgång,,,osäkerhet,kring,kvalitet,och,svårigheter,att,tala,om,känsliga,frågor,.,I,vissa,fall,drar,både,personal,och,patient,sig,för,att,använda,tolk,,,vilket,gör,att,samtalet,blir,förenklat,och,att,patientens,frågor,stannar,i,bakgrunden,.,Studien,lyfter,även,kulturella,skillnader,i,synen,på,hälsa,,,sjukdom,och,vårdrelationer,.,Förväntningar,på,vem,som,fattar,beslut,,,hur,man,uttrycker,oro,eller,smärta,och,vad,som,räknas,som,respekt,kan,skilja,sig,åt,.,När,dessa,skillnader,inte,fångas,upp,riskerar,vårdmötet,att,upplevas,som,kyligt,eller,otydligt,,,ibland,till,och,med,kränkande,,,trots,att,intentionen,varit,den,motsatta,.,Personalen,kan,samtidigt,uppleva,osäkerhet,:,rädslan,att,göra,fel,eller,att,bli,missförstådd,påverkar,bemötandet,,,särskilt,när,tiden,är,knapp,.,Ett,återkommande,tema,är,att,vårdens,rutiner,och,arbetssätt,inte,alltid,passar,en,heterogen,patientgrupp,.,Standardiserad,information,,,snabba,utskrivningar,och,krav,på,egenvård,kan,kollidera,med,patientens,tidigare,erfarenheter,av,sjukvård,,,familjens,roll,eller,kunskap,om,det,svenska,systemet,.,Bristande,kännedom,om,rättigheter,och,vårdvägar,gör,att,vissa,patienter,hamnar,efter,,,missar,uppföljningar,eller,söker,vård,sent,.,Det,påverkar,både,patientsäkerhet,och,förtroende,.,Litteraturen,pekar,också,på,att,stereotypa,föreställningar,och,ojämlika,maktförhållanden,ibland,präglar,mötet,.,Patienter,med,invandrarbakgrund,kan,uppleva,att,de,inte,blir,tagna,på,allvar,,,att,symtom,tolkas,genom,en,kulturell,mall,eller,att,deras,behov,reduceras,till,”,språkproblem,”,.,För,personalen,blir,det,en,balansgång,mellan,att,försöka,förstå,kulturell,kontext,och,att,inte,fastna,i,generaliseringar,.,När,lyhördhet,och,nyfikenhet,saknas,riskerar,relationen,att,hårdna,,,och,vården,blir,mer,transaktion,än,omvårdnad,.,Överlag,tecknar,studien,en,bild,av,att,svårigheterna,sällan,beror,på,en,enskild,faktor,.,De,uppstår,i,skärningspunkten,mellan,kommunikation,,,organisatoriska,villkor,och,föreställningar,om,normalitet,i,vården,.,När,resurser,för,tolkning,,,tid,för,samtal,och,kunskap,om,mångkulturell,omvårdnad,inte,räcker,till,,,blir,det,patienten,som,får,bära,konsekvenserna,.,Samtidigt,framgår,att,många,hinder,är,möjliga,att,minska,genom,bättre,stödstrukturer,,,mer,genomtänkt,kommunikation,och,ett,arbetssätt,där,patientens,livsvärld,får,ta,plats,,,även,när,den,inte,ser,ut,som,majoritetens,."
"Litteratur,inom,systemutvecklingsområdet,påvisar,fördelar,med,användarmedverkan,.,Fördelarna,kan,påverka,organisationer,och,systemutvecklare,att,vilja,involvera,användare,i,utvecklingsarbetet,.,Det,resulterar,dock,inte,automatiskt,i,att,fördelarna,uppnås,,,eftersom,det,finns,faktorer,som,kan,påverka,användare,under,samarbetet,.,Detta,arbete,syftar,till,att,klargöra,vilka,faktorer,som,användare,anser,vara,mest,betydelsefulla,under,samarbetet,och,vad,de,anser,om,faktorerna,.,Syftet,är,även,att,klargöra,vilka,faktorer,systemutvecklare,tror,att,användare,anser,vara,mest,betydelsefulla,och,vad,de,anser,om,faktorerna,.,Likheter,och,skillnader,mellan,användares,och,systemutvecklares,rangordning,och,kommentarer,till,faktorerna,lyfts,också,fram,.,För,att,få,frågeställningarna,i,problempreciseringen,besvarade,har,ett,antal,intervjuer,genomförts,med,användare,och,systemutvecklare,.,Resultatet,visar,att,användare,rangordnar,faktorn,tala,samma,språk,högst,och,faktorn,feedback,placeras,på,andra,plats,.,På,delad,tredje,till,femte,placering,hamnar,faktorerna,att,få,tala,och,följa,med,i,diskussioner,,,motivation,och,fokusering,på,arbetsrelaterade,frågor,.,Systemutvecklare,sätter,faktorn,att,få,tala,och,följa,med,i,diskussioner,främst,.,På,delad,andra,och,tredje,plats,hamnar,faktorerna,feedback,och,motivation","Titeln,pekar,mot,en,kärnfråga,i,systemutveckling,:,varför,samarbetet,mellan,användare,och,systemutvecklare,ibland,flyter,på,och,ibland,låser,sig,.,I,centrum,står,användarmedverkan,,,inte,som,en,enskild,aktivitet,utan,som,ett,mönster,av,kontakter,,,förväntningar,och,beslut,över,tid,.,När,användare,bjuds,in,tidigt,,,får,reellt,inflytande,och,förstår,vad,som,faktiskt,går,att,påverka,,,tenderar,dialogen,att,bli,mer,konkret,och,mindre,präglad,av,missförstånd,.,Om,medverkan,mest,blir,symbolisk,–,ett,möte,här,och,en,enkät,där,–,riskerar,den,att,skapa,frustration,snarare,än,samsyn,.,Flera,faktorer,formar,relationen,.,Kommunikation,är,ofta,avgörande,,,men,det,handlar,inte,bara,om,hur,mycket,man,pratar,utan,om,hur,man,pratar,.,Utvecklare,som,fastnar,i,tekniska,begrepp,kan,uppfattas,som,distanserade,,,medan,användare,som,uttrycker,behov,i,vaga,termer,lätt,tolkas,som,“,svåra,”,.,Här,uppstår,ett,glapp,mellan,verksamhetens,språk,och,utvecklingens,språk,.,Gemensamma,artefakter,som,prototyper,,,enkla,skisser,eller,testbara,delversioner,kan,minska,glappet,,,eftersom,de,gör,diskussionen,mindre,abstrakt,och,mer,förankrad,i,något,man,kan,peka,på,och,reagera,mot,.,Tillit,och,maktförhållanden,spelar,också,in,.,Användare,behöver,känna,att,deras,kunskap,om,arbetet,tas,på,allvar,,,annars,blir,de,passiva,eller,motvilliga,.,Samtidigt,behöver,utvecklare,uppleva,att,de,får,arbetsro,och,att,beslut,inte,ändras,utan,förklaring,.,Om,roller,och,ansvar,är,otydliga,blir,samarbetet,personberoende,,,och,då,påverkas,projektet,kraftigt,av,enskilda,individers,engagemang,,,konflikter,eller,frånvaro,.,Praktiska,villkor,får,inte,glömmas,bort,.,Tid,,,resurser,och,tillgång,till,rätt,personer,styr,hur,meningsfull,användarmedverkan,faktiskt,kan,bli,.,Om,nyckelanvändare,inte,har,utrymme,i,kalendern,,,eller,om,verksamheten,byter,prioriteringar,mitt,i,arbetet,,,blir,det,svårt,att,hålla,en,stabil,riktning,.,Organisationskultur,och,erfarenhet,sätter,sin,prägel,på,allt,detta,.,I,miljöer,där,förändring,ses,som,hot,,,eller,där,tidigare,IT-projekt,lämnat,en,bitter,eftersmak,,,krävs,mer,arbete,för,att,få,till,ett,fungerande,samarbete,.,I,andra,sammanhang,finns,en,vana,att,testa,,,justera,och,leva,med,att,lösningar,växer,fram,stegvis,.,Då,blir,användarmedverkan,mer,naturlig,och,mindre,laddad,.,Sammantaget,kan,samarbetet,förstås,som,ett,samspel,mellan,sociala,och,organisatoriska,förutsättningar,,,arbetssätt,och,kommunikation,.,När,dessa,delar,drar,åt,samma,håll,ökar,chansen,att,systemet,både,fungerar,tekniskt,och,faktiskt,stödjer,användarnas,arbete,i,praktiken,."
"Syftet,med,föreliggande,undersökning,är,att,undersöka,huruvida,föräldrars,föreställningar,gällande,föräldraledighet,stämmer,överens,med,verkliga,förutsättningar,,,eller,om,det,finns,en,skillnad,däremellan,.,Mer,specifikt,har,det,undersökts,om,det,är,de,allmänna,föreställningarna,gällande,hindren,för,mäns,föräldraledighet,som,styr,eller,om,det,är,de,faktiska,förhållandena,som,styr,uttaget,.,Undersökningen,bygger,på,en,kvantitativ,empiri,där,datainsamlingen,skett,genom,ett,tillgänglighetsurval,med,enkät,som,mätinstrumentet,.,För,att,få,svar,på,frågeställningen,har,teori,inom,området,föräldraledighet,och,genus,studerats,.,Teoriavsnittet,innehåller,en,presentation,av,föräldraledighetsdiskursen,med,dess,fyra,hinder,;,ekonomin,,,arbetsplatsen,,,kvinnan,och,könsrollerna,.,Avsnittet,ligger,till,grund,för,vår,förståelse,och,har,även,varit,den,ram,utifrån,vilken,enkätfrågorna,konstruerats,.,Resultaten,från,empiriundersökningen,har,analyserats,tillsammans,med,relevant,litteratur,för,att,ett,svar,på,frågeställningen,ska,kunna,ges,.,Utifrån,detta,kan,utläsas,att,fördelningen,av,föräldraledighetsdagarna,är,starkt,påverkade,av,föreställningarna,kring,mäns,hinder,för,föräldraledighet,.,Resultaten,har,också,tydligt,visat,att,hindren,delvis,inte,har,förankring,i,verkligheten,.,I,undersökningen,framkom,även,att,respondenterna,hade,en,bristfällig,kunskap,gällande,föräldraförsäkringen,vilket,vi,tror,kan,ha,bidragit,till,att,de,allmänna,föreställningarna,påverkat,i,den,grad,de,gjort,.,Författarna,anser,därmed,att,informationen,till,föräldrarna,borde,bli,bättre,och,att,forskare,inom,området,borde,finna,strategier,för,att,nå,ut,med,sin,kunskap,till,allmänheten,.,Nyckelord,:,Föräldraförsäkring,,,föräldraledighet,,,genussystem,,,diskurs,och,hinder","Uppsatsen,tar,avstamp,i,frågan,om,vad,som,egentligen,ligger,bakom,hur,föräldraledighet,tas,ut,:,är,det,framför,allt,människors,föreställningar,om,hur,en,”,bra,”,mamma,eller,pappa,bör,agera,,,eller,är,det,mer,handfasta,omständigheter,som,ekonomi,,,arbetsvillkor,och,familjens,vardagslogistik,som,avgör,.,Titeln,pekar,mot,ett,val,som,ofta,framställs,som,personligt,och,fritt,,,men,där,beslutet,i,praktiken,formas,i,spänningsfältet,mellan,normer,och,begränsningar,.,En,central,utgångspunkt,är,att,föräldraledighet,inte,bara,är,en,rättighet,utan,också,ett,socialt,laddat,handlingsutrymme,.,Föreställningar,om,anknytning,,,omsorg,och,ansvar,påverkar,hur,ledigheten,värderas,och,fördelas,.,Mamman,förknippas,ofta,med,den,självklara,huvudföräldern,,,medan,pappans,ledighet,lätt,blir,något,som,”,hjälper,till,”,snarare,än,något,som,tas,för,barnets,skull,på,samma,villkor,.,Sådana,bilder,lever,kvar,även,när,viljan,att,dela,lika,finns,.,I,intervjuer,och,tidigare,forskning,brukar,de,synas,i,små,formuleringar,och,förklaringar,:,att,en,förälder,”,passar,bättre,”,hemma,,,att,det,känns,tryggare,att,en,viss,person,är,borta,längst,,,att,man,vill,undvika,konflikter,på,jobbet,.,Normerna,behöver,inte,uttalas,för,att,påverka,;,de,kan,ligga,som,en,tyst,ram,för,vad,som,upplevs,rimligt,och,möjligt,.,Samtidigt,visar,uppsatsen,hur,materiella,villkor,ofta,är,svåra,att,komma,runt,.,Skillnader,i,lön,,,anställningsform,och,trygghet,på,arbetsmarknaden,gör,att,ett,jämlikt,uttag,kan,bli,dyrt,eller,riskabelt,.,Om,en,förälder,har,högre,inkomst,,,sämre,möjlighet,att,vara,frånvarande,eller,en,arbetsplats,där,frånvaro,straffas,informellt,,,blir,det,rationellt,att,den,andra,tar,större,del,av,ledigheten,.,Även,sådant,som,arbetstider,,,pendling,,,tillgång,till,förskola,och,familjens,boendesituation,kan,styra,mer,än,man,först,vill,medge,.,I,dessa,lägen,framstår,”,valet,”,ibland,som,ett,val,mellan,dåliga,alternativ,:,ekonomisk,press,,,karriärmässiga,konsekvenser,eller,en,vardag,som,inte,går,ihop,.,Uppsatsens,poäng,är,att,det,sällan,går,att,skilja,föreställningar,från,faktiska,förhållanden,som,två,rena,förklaringar,.,De,hakar,i,varandra,.,Ekonomi,blir,inte,bara,siffror,utan,också,en,berättelse,om,ansvarstagande,,,och,normer,får,fäste,just,eftersom,de,kan,motiveras,med,något,som,låter,praktiskt,.,Ett,ojämnt,uttag,kan,beskrivas,som,en,följd,av,löneskillnader,,,men,löneskillnaderna,har,i,sin,tur,en,historia,av,könade,arbetsmarknadsmönster,.,På,samma,sätt,kan,en,arbetsgivares,inställning,till,föräldraledighet,färgas,av,förväntningar,på,vilka,som,”,brukar,”,vara,borta,,,hur,länge,och,med,vilka,ambitioner,efteråt,.,Genom,att,hålla,båda,perspektiven,i,spel,visar,studien,hur,föräldraledighet,fungerar,som,en,spegel,av,samhälleliga,strukturer,i,miniatyr,.,Det,som,på,ytan,ser,ut,som,ett,privat,upplägg,i,en,enskild,familj,blir,ett,resultat,av,ekonomiska,ramar,,,arbetslivets,villkor,och,seglivade,idéer,om,kön,och,föräldraskap,.,Uppsatsen,landar,i,att,uttaget,formas,av,en,blandning,där,normer,ofta,ger,riktning,och,legitimitet,,,medan,de,konkreta,omständigheterna,sätter,gränserna,för,vad,som,faktiskt,går,att,göra,."
"Abstrakt,Detta,är,en,hermeneutisk,studie,där,vi,använt,oss,av,intervjuer,som,datainsamlingsmetod,.,Vi,har,studerat,samarbete,ur,ett,lärarperspektiv,i,distansundervisning,på,Blekinge,Tekniska,högskola,(,BTH,),.,Vad,vi,fann,var,att,lärarna,och,deras,kollegor,efterfrågade,ett,mer,organiserat,samarbete,dem,emellan,.,Två,former,för,ett,ökat,samarbete,är,,,samarbete,i,team,och,i,distansnätverk,,,vilka,kan,existera,parallellt,med,varandra,.,I,nätverket,ingår,alla,personer,som,arbetar,med,distanskurser,,,allt,ifrån,lärare,till,tekniker,.,Team,är,en,mindre,enhet,för,samarbete,och,är,uppbyggd,runt,en,specifik,distanskurs,.,Deltagarna,i,teamet,är,experter,på,olika,yrkesområden,och,kan,komplettera,och,hjälpa,varandra,.,Lärarna,är,experter,på,sitt,område,,,vilket,är,undervisning,,,och,vill,inte,behöva,känna,sig,tvingade,att,bli,experter,på,nya,områden,,,för,att,kunna,undervisa,på,distans,.,Undersökningen,visar,att,de,teammedlemmar,som,kan,vara,till,hjälp,för,lärarna,är,:,Andra,lärare,,,Administratörer,,,Teknikpedagoger,,,Bibliotekarier,,,Inlånade,kompetenser,,,Tekniker,och,Studentrepresentanter,.,Kursen,och,temadeltagarna,,,i,huvudsak,lärarna,,,avgör,när,och,hur,mycket,de,olika,experterna,behövs,under,kursen,.,Men,det,är,viktigt,att,vara,medveten,om,att,alla,inte,vill,arbeta,i,team,eller,anser,att,samarbete,alltid,är,positivt,.,Samarbete,och,teamarbete,ska,ses,som,ett,stöd,för,lärarnas,i,deras,arbete","Denna,uppsats,behandlar,hur,organiserat,samarbete,mellan,lärare,och,andra,yrkesroller,formas,och,fungerar,i,IKT-baserad,distansundervisning,inom,högskolan,.,Utgångspunkten,är,att,distanskurser,sällan,bärs,av,en,enskild,lärare,,,utan,av,ett,nätverk,av,personer,och,funktioner,där,pedagogiska,,,tekniska,och,administrativa,beslut,hänger,tätt,ihop,.,När,undervisningen,sker,på,nätet,blir,arbetsdelningen,mer,synlig,:,den,som,designar,kursens,struktur,,,den,som,ansvarar,för,examination,,,den,som,sköter,lärplattformens,logik,och,den,som,håller,ihop,kommunikationen,med,studenterna,arbetar,ofta,parallellt,,,ibland,utan,att,ha,samma,bild,av,vad,som,faktiskt,behöver,prioriteras,.,Fokus,ligger,på,teamarbete,som,är,organiserat,snarare,än,spontant,.,Det,innebär,rutiner,för,planering,,,gemensamma,mallar,för,kursrum,,,tydliga,kontaktvägar,och,en,överenskommen,fördelning,av,ansvar,mellan,lärare,,,administratör,och,teknikpedagog,.,Samarbetsformerna,påverkar,i,praktiken,kvaliteten,i,distansundervisningen,:,hur,snabbt,problem,fångas,upp,,,hur,enhetligt,kursen,upplevs,av,studenter,,,och,hur,väl,den,pedagogiska,idén,överlever,mötet,med,tekniska,begränsningar,.,I,materialet,framträder,också,att,teknikpedagogens,roll,ofta,blir,en,brygga,mellan,didaktik,och,system,,,medan,administratören,kan,bli,den,som,stabiliserar,flödena,kring,schema,,,kursinformation,och,studentärenden,.,När,dessa,funktioner,kopplas,in,sent,uppstår,lätt,dubbelarbete,och,ryckighet,;,när,de,är,integrerade,från,början,kan,lärarens,tid,användas,mer,strategiskt,.,Uppsatsen,diskuterar,även,de,spänningar,som,följer,med,nätverksbaserat,arbete,.,Beslut,kan,fastna,mellan,roller,,,och,ansvarsgränser,blir,otydliga,när,både,pedagogiska,och,tekniska,frågor,ska,lösas,i,samma,möte,.,Samtidigt,kan,ett,väl,fungerande,team,skapa,en,gemensam,praxis,kring,distanskurser,:,en,delad,syn,på,närvaro,online,,,hur,återkoppling,ska,ges,,,och,vilka,digitala,verktyg,som,faktiskt,stöder,lärande,i,stället,för,att,bara,bli,ytterligare,moment,att,hantera,.,På,så,vis,blir,organiserat,samarbete,inte,ett,sidospår,,,utan,en,förutsättning,för,att,distansundervisning,ska,bli,hållbar,över,tid,och,möjlig,att,utveckla,bortom,enskilda,eldsjälar,."
"I,form,av,en,utvärdering,har,Stiftelsen,för,Insamlingskontroll,(,nedan,kallat,SFI,),granskats,med,avseende,på,hur,deras,kontroll,av,90-kontoinnehavare,ser,ut,.,Syftet,med,utvärderingen,är,att,skapa,en,bild,av,granskningen,i,dagsläget,samt,att,kartlägga,var,eventuella,brister,finns,.,Informationen,som,ligger,till,grund,för,undersökningen,har,hämtats,direkt,från,SFI,men,kompletterande,data,har,även,inhämtats,från,organisationer,som,innehar,ett,90-konto,.,Till,följd,av,att,brister,upptäckts,har,jag,försökt,kartlägga,hur,kontrollen,kan,göras,mer,tillförlitlig,.,Huvudsakligen,bottnar,bristerna,i,otydlighet,från,SFI:s,sida,samt,för,lågt,ställda,krav,på,kontoinnehavarna,.,Viktigast,idag,för,kontrollen,är,kostnaderna,i,verksamheterna,.,SFI,gör,skillnad,på,skäliga,och,oskäliga,kostnader,.,De,förstnämnda,är,kostnader,som,är,nödvändiga,för,att,organisationen,ska,kunna,utöva,verksamhet,i,enlighet,med,sitt,syfte,.,Dessa,kostnadsgrupper,har,otydliga,avgränsningar,och,kan,redovisas,fel,.,I,ett,försök,att,vara,tydligare,har,anvisningar,och,förklaringar,till,anvisningarna,gjorts,tillgängliga,men,även,dessa,är,svårtolkade,.,En,organisation,har,sju,månader,på,sig,att,skicka,in,sin,redovisning,till,SFI,.,Om,ingen,redovisning,har,kommit,in,då,kan,SFI,antingen,kräva,förseningsavgift,eller,spärra,kontot,.,Denna,tidsfrist,är,väl,tilltagen,och,ger,onödigt,stora,marginaler,för,oseriösa,90-konto¬innehavare,.,En,annan,brist,är,SFI:s,stora,förtroende,för,kontoinnehavarnas,egna,revisorer,.,En,opartisk,granskning,bör,inte,vara,beroende,av,en,revisor,som,anställts,av,den,part,som,granskas,.,Det,jag,rekommenderar,SFI,att,göra,är,att,bli,tydligare,och,har,strängare,rutiner,för,hur,ett,90-konto,ska,skötas","Uppsatsen,tar,sin,utgångspunkt,i,frågan,om,granskningen,av,organisationer,med,90‑konto,faktiskt,räcker,för,att,upprätthålla,förtroendet,för,insamlingsmarknaden,.,Fokus,ligger,på,Stiftelsen,för,Insamlingskontroll,(,SFI,),och,hur,deras,rutiner,fungerar,i,praktiken,:,vilka,kontroller,som,görs,,,när,de,görs,och,vad,som,händer,när,brister,upptäcks,.,Utifrån,en,kritisk,läsning,av,regelverk,och,granskningens,upplägg,diskuteras,spänningen,mellan,två,mål,som,inte,alltid,drar,åt,samma,håll,–,att,möjliggöra,ideell,verksamhet,utan,att,belasta,den,med,orimlig,administration,,,och,att,samtidigt,skapa,ett,robust,skydd,mot,felaktig,redovisning,,,otydlig,insamlingskommunikation,och,otillbörlig,användning,av,medel,.,Analysen,kretsar,kring,kontrollkedjans,svagare,länkar,.,På,papperet,framstår,90‑kontot,som,en,kvalitetsstämpel,,,men,i,takt,med,att,insamling,flyttar,till,digitala,kanaler,,,kampanjer,blir,mer,kortlivade,och,pengar,kan,cirkulera,snabbare,,,riskerar,traditionella,kontrollmoment,att,missa,sådant,som,sker,mellan,rapporteringstillfällen,.,Det,diskuteras,också,hur,beroendet,av,inrapporterat,material,och,revisorers,arbete,kan,skapa,blinda,fläckar,,,särskilt,när,granskningen,i,hög,grad,handlar,om,formalia,och,efterhandskontroll,snarare,än,löpande,uppföljning,av,insamlingspraktiker,.,En,återkommande,fråga,är,om,rutinerna,är,tillräckligt,riskbaserade,:,behandlas,aktörer,med,olika,komplexitet,och,riskprofil,på,liknande,sätt,,,och,finns,det,incitament,att,prioritera,de,fall,där,konsekvenserna,av,fel,blir,störst,?,Uppsatsen,belyser,även,gränsdragningen,mellan,kontroll,och,kommunikation,.,Även,när,ekonomiska,nyckeltal,uppfyller,kraven,kan,otydliga,budskap,i,kampanjer,,,oklarheter,kring,ändamålsbestämning,eller,kreativa,tolkningar,av,vad,som,räknas,som,insamlingskostnader,påverka,givarnas,faktiska,förståelse,.,I,den,meningen,handlar,tillräcklig,granskning,inte,enbart,om,att,siffror,stämmer,,,utan,om,att,den,bild,som,förmedlas,till,allmänheten,håller,.,Här,prövas,SFI:s,rutiner,mot,förväntningar,om,transparens,och,ansvar,,,och,hur,väl,kontrollen,fångar,sådant,som,ligger,i,gränslandet,mellan,redovisning,och,marknadsföring,.,Slutsatsen,som,prövas,är,att,SFI:s,system,har,en,tydlig,funktion,som,normerande,ram,,,men,att,det,finns,en,risk,att,legitimiteten,övervärderas,i,relation,till,kontrollens,räckvidd,.,Om,90‑kontot,uppfattas,som,en,garanti,snarare,än,ett,minimikrav,blir,sårbarheten,större,när,rutinerna,inte,är,anpassade,för,nya,insamlingsformer,och,mer,komplexa,organisationsstrukturer,.,Uppsatsen,pekar,därför,mot,behov,av,skarpare,riskprioritering,,,tydligare,krav,på,löpande,transparens,och,en,kontroll,som,bättre,fångar,hur,insamling,faktiskt,bedrivs,,,inte,bara,hur,den,redovisas,i,efterhand,."
"Alla,barn,i,förskolan,har,rätt,till,stimulans,efter,sina,behov,och,förutsättningar,.,De,barn,som,behöver,extra,stöd,ska,få,det,.,För,barn,i,behov,av,särskilt,stöd,och,deras,föräldrar,samt,lärare,kanske,åtgärdsprogram,kan,vara,ett,hjälpmedel,i,arbetet,.,Syftet,med,studien,är,att,undersöka,förekomsten,,,användandet,samt,behovet,av,åtgärdsprogram,i,förskolan,.,Vi,vill,även,undersöka,specialpedagogens,roll,och,delaktighet,i,upprättandet,av,åtgärdsprogram,.,I,litteraturbearbetningen,belyses,förskolans,historia,,,förskolans,ansvar,,,specialpedagogik,,,utvecklingsekologi,,,barn,i,behov,av,särskilt,stöd,,,åtgärdsprogram,och,individuella,utvecklingsplaner,.,Den,empiriska,delen,av,uppsatsen,har,utförts,med,kvalitativa,enskilda,intervjuer,.,Målgruppen,består,av,tolv,lärare,från,tre,olika,småstäder,.,Studien,visar,att,alla,förskolorna,i,undersökningen,använder,sig,av,åtgärdsprogram,,,trots,att,de,till,skillnad,från,skolan,inte,är,skyldiga,att,göra,detta,enligt,lag,.,Åtgärdsprogrammen,används,dock,i,skiftande,omfattning,.,Det,är,inte,alla,förskolor,som,har,hjälp,och,handledning,av,specialpedagoger,inför,och,under,samtal,angående,åtgärdsprogram,.,Några,av,respondenterna,framhåller,att,dokumenten,inte,alltid,är,anpassade,till,förskolan,utan,att,de,får,använda,sig,av,de,dokument,som,är,utformade,till,skolan,.,Flertalet,av,lärarna,menar,att,det,finns,ett,behov,av,åtgärdsprogram,.,De,anser,att,det,framför,allt,gynnar,barnet,,,men,att,åtgärdsprogrammet,också,kan,vara,till,hjälp,för,personal,och,föräldrar","Jag,kan,göra,det,,,men,jag,behöver,själva,titeln,och,nyckelorden,(,och,gärna,vilken,typ,av,arbete,det,gäller,:,artikel,,,rapport,eller,uppsats,),.,Just,nu,står,bara,“,Andersson,,,Caroline,,,nan,”,,,och,“,nan,”,brukar,betyda,att,uppgifterna,saknas,.,Klistra,in,:,1,),Titel,2,),Nyckelord,3,),(,Valfritt,),ämne,/,institution,eller,en,mening,om,vad,texten,handlar,om,Så,skriver,jag,en,sammanfattning,i,kandidatuppsatsstil,enligt,dina,riktlinjer,."
"För,socialtjänstens,klienter,innebär,klientskapet,en,ovillkorligt,underordnad,roll,,,där,individen,befinner,sig,i,en,situation,denne,inte,styr,över,.,Individen,etablerar,en,relation,till,den,offentliga,hjälpapparaten,som,samtidigt,är,en,maktapparat,.,Det,övergripande,syftet,med,studien,är,att,skapa,förståelse,för,hur,den,specifika,ekonomisektionen,inom,socialförvaltningen,,,i,en,kommun,i,södra,Sverige,,,som,avgränsat,socialt,fält,,,är,konstruerat,.,Ett,delsyfte,är,att,belysa,hur,enskilda,socialsekreterare,inom,denna,sektion,samt,ett,urval,av,deras,klienter,,,upplever,interaktionen,vid,handläggning,av,ekonomiskt,bistånd,.,Ytterligare,ett,delsyfte,är,att,få,en,förståelse,för,hur,de,sociala,konfigurationerna,ter,sig,samt,hur,makt,konstrueras,,,i,interaktionen,mellan,klient,och,socialsekreterare,.,Tidigare,forskning,inom,området,,,av,Greta-Marie,Skau,och,Leila,Billqvist,,,belyser,problematiken,i,den,svåra,balanssituation,som,socialsekreterare,befinner,sig,i,,,vad,gäller,att,ha,makt,och,ge,hjälp,samt,vad,som,sker,i,klientprocessen,.,Studiens,teoretiska,ansats,utgörs,av,Tillys,teori,om,beständig,ojämlikhet,,,där,fokus,ligger,på,kombinationer,av,sociala,konfigurationer,samt,den,kategoriella,ojämlikhetens,orsaksmekanismer,.,Studien,metodologiska,ansats,är,av,abduktiv,art,,,varpå,Tillys,teori,utgör,grunden,för,den,empiriska,datainsamlingen,.,Genom,studiens,resultat,modifieras,därefter,denna,teori,.,För,den,empiriska,datainsamlingen,tillämpas,en,metodtriangulering,,,i,form,av,personliga,dokument,samt,semistrukturerade,intervjuer,.,Huvuddraget,i,resultatet,inbegriper,upplevelser,av,distinktionen,i,socialsekreterarrollen,,,vilken,består,av,dels,en,hjälpande,/,behandlande,funktion,,,dels,en,myndighetsutövande,funktion,.,Resultatet,påvisar,även,en,distinktion,vad,gäller,klientrollen,,,då,den,består,av,såväl,rättigheter,som,skyldigheter,.,Vidare,presenteras,upplevelser,av,interaktionen,mellan,klient,och,socialsekreterare,,,varigenom,ojämlikheter,upprättas,och,vidmakthålls,.,Av,analysen,framgår,att,en,beständig,ojämlikhet,råder,i,interaktionen,mellan,klient,och,socialsekreterare,.,Denna,ojämlikhet,yttrar,sig,inom,det,kategoriella,paret,,,vilka,karaktäriseras,av,inre,och,yttre,kategorier,,,således,tenderar,den,kategoriella,ojämlikheten,att,vara,strukturellt,betingad,.,Ojämlikheten,och,maktobalansen,upprättas,genom,exploatering,och,möjlighetsansamling,samt,vidmakthålls,genom,efterlikning,och,anpassning","Uppsatsen,behandlar,hur,klienter,upplever,mötet,med,socialsekreterare,,,med,fokus,på,hur,makt,tar,form,i,själva,interaktionen,.,Utgångspunkten,är,att,makt,inte,enbart,finns,“,i,”,rollen,som,myndighetsutövare,eller,i,regelverket,,,utan,skapas,och,förhandlas,i,samtal,,,beslut,,,blickar,,,tystnader,och,dokumentation,.,I,den,meningen,blir,interaktionen,en,plats,där,sociala,konfigurationer,uppstår,:,vissa,positioner,framstår,som,självklara,och,andra,blir,svåra,att,inta,,,även,när,parterna,försöker,samarbeta,.,Analysen,visar,hur,klientens,handlingsutrymme,ofta,påverkas,av,att,socialsekreteraren,kontrollerar,processens,tempo,,,vilka,frågor,som,räknas,och,vad,som,skrivs,in,i,ärendet,.,Att,få,sin,historia,översatt,till,myndighetsspråk,kan,upplevas,som,både,hjälp,och,förlust,.,När,den,som,söker,stöd,känner,sig,reducerad,till,“,ärende,”,eller,“,insatsbehov,”,riskerar,interaktionen,att,uppfattas,som,exploaterande,,,inte,i,första,hand,genom,direkta,övergrepp,utan,genom,ett,vardagligt,uttag,av,information,,,tid,och,känslomässigt,arbete,som,klienten,måste,leverera,för,att,över,huvud,taget,bli,prövad,.,Gränsen,mellan,stöd,och,kontroll,blir,då,svår,att,se,,,och,den,kan,flytta,sig,beroende,på,bemötande,,,tidigare,erfarenheter,och,hur,mycket,klienten,förstår,av,reglerna,.,Samtidigt,synliggörs,att,makt,inte,alltid,verkar,ensidigt,.,Klienter,utvecklar,strategier,för,att,hantera,mötet,:,att,anpassa,sitt,språk,,,tona,ned,,,förstärka,,,hålla,tillbaka,,,eller,pröva,olika,berättelser,för,att,passa,in,i,systemets,logik,.,Här,blir,begreppet,möjlighetsansamling,relevant,.,De,som,redan,har,resurser—språklig,säkerhet,,,nätverk,,,kunskap,om,myndigheter,,,psykisk,ork—har,lättare,att,samla,på,sig,fler,möjligheter,:,rätt,intyg,,,rätt,kontakter,,,rätt,formuleringar,.,De,som,saknar,detta,hamnar,oftare,i,ett,läge,där,varje,missförstånd,eller,försening,får,större,konsekvenser,.,Interaktionen,fungerar,då,som,en,sorts,sorteringsmekanism,,,där,ojämlikheter,förstärks,utan,att,någon,behöver,vilja,det,.,Uppsatsen,landar,i,att,relationen,mellan,klient,och,socialsekreterare,präglas,av,ett,spänningsfält,:,professionell,omsorg,på,ena,sidan,,,institutionell,maktutövning,på,den,andra,.,När,sociala,konfigurationer,låser,fast,klienten,i,en,underordnad,position,blir,utrymmet,för,delaktighet,begränsat,,,och,risken,för,exploatering,ökar,genom,krav,,,villkor,och,asymmetrisk,insyn,.,När,socialsekreteraren,lyckas,skapa,begriplighet,,,respekt,och,reell,förhandlingsyta,kan,samma,möte,öppna,möjligheter,.,Det,avgörande,tycks,inte,vara,enstaka,“,bra,”,eller,“,dåliga,”,samtal,,,utan,hur,makt,byggs,in,i,återkommande,interaktioner,och,i,de,små,detaljer,som,formar,vem,som,får,tolkningsföreträde,."
"Examensarbetet,handlar,om,maten,i,en,specifik,förskola,som,arbetar,med,Livsstil,och,hälsa,under,läsåret,2004/2005,.,Vi,har,genom,intervjuer,och,enkäter,undersökt,vad,kokerska,och,förskollärare,/,barnskötare,anser,om,måltiderna,i,förskolan,och,om,förskollärarna,/,barnskötarna,känner,att,de,kan,påverka,dessa,.,Resultatet,blev,att,frukosten,var,den,måltid,personalen,var,mest,nöjda,med,,,lunchen,ville,de,tillaga,själva,på,förskolan,och,mellanmålet,var,lite,enformigt,.,En,majoritet,av,förskollärarna,/,barnskötarna,kände,att,de,kunde,vara,med,och,påverka,måltidernas,innehåll,genom,diskussioner,med,kokerskan,.,En,intervju,har,även,genomförts,med,kostkonsulenten,i,den,kommun,som,förskolan,tillhör,,,för,att,ta,reda,på,vad,hon,utgår,ifrån,när,matsedeln,för,förskolan,utarbetas,.,Kostkonsulenten,utgår,ifrån,Livsmedelsverkets,riktlinjer,för,barnomsorgens,måltider,när,hon,sammanställer,förskolans,matsedel","Den,här,uppsatsen,tar,sin,utgångspunkt,i,förskolans,måltider,som,en,vardaglig,men,samtidigt,styrande,del,av,verksamheten,.,Fokus,ligger,på,hur,personalen,uppfattar,måltidernas,innehåll,och,kvalitet,,,men,också,på,deras,faktiska,möjligheter,att,påverka,vad,som,serveras,.,Måltiden,blir,här,mer,än,en,paus,i,dagen,:,den,rymmer,frågor,om,barns,hälsa,,,vanor,,,kultur,och,delaktighet,,,samtidigt,som,den,formas,av,praktiska,villkor,som,tid,,,ekonomi,och,organisation,.,Utifrån,personalens,erfarenheter,framträder,ofta,en,tydlig,skillnad,mellan,ansvar,och,inflytande,.,Många,upplever,att,de,förväntas,bära,ett,pedagogiskt,och,omsorgsmässigt,ansvar,kring,maten,–,skapa,lugn,,,stötta,barn,som,är,kräsna,,,uppmuntra,till,att,smaka,,,samtala,om,råvaror,och,hållbarhet,–,men,att,besluten,om,innehållet,i,måltiderna,i,hög,grad,ligger,någon,annanstans,.,I,förskolor,där,maten,planeras,centralt,eller,levereras,externt,blir,personalens,roll,lätt,mer,mottagande,än,styrande,.,Det,kan,skapa,en,känsla,av,att,måltiden,är,något,som,“,bara,händer,”,,,trots,att,den,påverkar,barnens,vardag,lika,mycket,som,andra,planerade,aktiviteter,.,Samtidigt,visar,personalens,utsagor,ofta,på,en,stark,vilja,att,påverka,.,Det,handlar,sällan,om,att,göra,stora,förändringar,,,utan,om,att,kunna,justera,och,förbättra,:,mer,grönsaker,som,barnen,faktiskt,äter,,,bättre,variation,,,tydligare,hänsyn,till,allergier,och,kulturella,behov,,,rimligare,portioner,och,en,meny,som,går,att,arbeta,pedagogiskt,med,.,Möjligheten,att,föra,dialog,med,kökspersonal,,,kostansvariga,eller,leverantörer,framstår,som,avgörande,.,Där,kontaktytorna,är,tydliga,och,återkoppling,tas,på,allvar,upplevs,måltidsarbetet,som,mer,meningsfullt,.,Där,kommunikationen,brister,växer,frustration,,,och,personalen,kan,känna,sig,låst,mellan,barnens,reaktioner,och,beslut,de,inte,rår,över,.,En,återkommande,aspekt,är,hur,styrdokument,och,riktlinjer,för,näringsriktiga,måltider,möter,verkligheten,i,barngruppen,.,Personalens,bedömningar,färgas,av,barnens,behov,här,och,nu,:,energi,efter,utelek,,,mättnad,som,håller,hela,eftermiddagen,,,mat,som,fungerar,för,barn,med,selektivt,ätande,.,Måltidens,innehåll,bedöms,inte,bara,utifrån,näringsvärden,utan,även,utifrån,hur,den,fungerar,socialt,.,En,maträtt,som,är,“,rätt,”,på,papperet,kan,bli,“,fel,”,i,praktiken,om,den,leder,till,stress,,,svinn,eller,konflikter,vid,bordet,.,Sammanfattningen,som,växer,fram,är,att,personalens,uppfattning,om,måltiderna,formas,i,spänningsfältet,mellan,pedagogiska,ambitioner,och,organisatoriska,ramar,.,Deras,möjlighet,att,påverka,är,sällan,obefintlig,,,men,den,är,ofta,indirekt,och,beroende,av,relationer,,,rutiner,och,hur,förskolan,valt,att,organisera,sitt,måltidssystem,.,När,personalen,ges,reella,kanaler,för,inflytande,blir,måltiden,lättare,att,integrera,i,det,pedagogiska,uppdraget,.,När,de,saknar,dem,riskerar,maten,att,reduceras,till,logistik,–,och,då,tappar,man,också,en,del,av,det,som,måltiden,kan,vara,i,förskolan,."
"Prostatacancer,är,den,vanligaste,cancerformen,hos,män,och,drabbar,i,genomsnitt,8000,personer,per,år,.,För,de,drabbade,männen,kan,vardagslivet,förändras,,,både,på,grund,av,cancersjukdomen,och,av,behandlingen,.,Behandlingen,kan,leda,till,komplikationer,som,inkontinens,och,impotens,vilket,kan,påverka,mannens,fysiska,existens,,,sociala,identitet,och,trygghet,.,Studiens,teoretiska,referensram,utgår,från,Cullbergs,kris-,och,utvecklingsteori,.,Studiens,syfte,var,att,belysa,hur,man,upplever,livet,efter,diagnosen,prostatacancer,.,Syftet,besvaras,genom,en,kvalitativ,innehållsanalys,av,elva,vetenskapliga,artiklar,.,Innehållsanalysen,inspirerades,av,Malterud,(,1998,),.,Resultatet,visade,att,prostatacancer,påverkade,männens,dagliga,liv,och,sociala,relationer,.,En,stor,del,av,manligheten,upplevdes,som,förlorad,och,männen,ifrågasatte,deras,identitet,så,som,de,hade,identifierat,sig,själva,före,sjukdomen","Att,drabbas,av,prostatacancer,innebär,för,många,män,mer,än,en,medicinsk,diagnos,.,Sjukdomen,kommer,ofta,mitt,i,ett,vardagsliv,som,redan,är,uppbyggt,kring,arbete,,,relationer,och,en,etablerad,bild,av,den,egna,kroppen,.,När,beskedet,ges,beskrivs,det,inte,sällan,som,en,brytpunkt,:,framtiden,blir,plötsligt,svårare,att,planera,och,tankarna,rör,sig,mellan,hopp,om,behandling,och,oro,för,försämring,.,Vissa,män,berättar,om,en,stark,känsla,av,att,tappa,kontroll,,,andra,om,att,de,tidigt,försöker,”,hålla,ihop,”,och,fortsätta,som,vanligt,,,ibland,på,bekostnad,av,att,de,skjuter,undan,egna,reaktioner,.,Upplevelsen,av,prostatacancer,formas,i,hög,grad,av,komplikationer,och,sidoeffekter,.,Behandlingar,kan,ge,konsekvenser,som,märks,i,det,mest,privata,:,urinläckage,,,trötthet,,,smärta,och,förändringar,i,sexualfunktion,.,För,en,del,handlar,det,om,att,kroppen,inte,längre,går,att,lita,på,,,att,den,plötsligt,gör,”,fel,”,i,sociala,situationer,och,att,skamkänslor,växer,fram,.,Andra,beskriver,en,mer,praktisk,anpassning,där,vardagen,byggs,om,steg,för,steg,,,men,även,då,finns,ofta,en,underliggande,sorg,över,förlorad,spontanitet,och,över,att,behöva,planera,kring,sådant,som,tidigare,skedde,utan,eftertanke,.,Sexualiteten,lyfts,ofta,fram,som,ett,område,där,effekterna,blir,särskilt,tydliga,och,känslomässigt,laddade,.,Förändrad,erektionsförmåga,,,minskad,lust,eller,en,ny,typ,av,kroppslig,respons,kan,påverka,självkänslan,och,känslan,av,manlighet,.,En,del,män,pratar,öppet,med,partner,och,vårdpersonal,och,hittar,nya,sätt,att,vara,nära,.,Andra,blir,tystare,,,drar,sig,undan,och,försöker,hantera,förändringen,på,egen,hand,.,I,vissa,fall,uppstår,en,känsla,av,ensamhet,i,relationen,,,inte,för,att,partnern,saknar,vilja,att,stötta,,,utan,för,att,ämnet,är,svårt,att,formulera,utan,att,det,gör,ont,.,Samtidigt,framträder,en,tydlig,spänning,mellan,det,som,syns,utåt,och,det,som,pågår,inuti,.,Prostatacancer,kan,upplevas,som,en,”,osynlig,”,sjukdom,,,särskilt,när,mannen,ser,frisk,ut,men,lever,med,biverkningar,som,styr,dagen,.,Kontakter,med,vården,påverkar,också,upplevelsen,:,när,informationen,uppfattas,som,begriplig,och,individanpassad,skapas,lugn,,,men,när,besked,blir,för,snabba,,,motstridiga,eller,allmänt,hållna,växer,osäkerheten,.,Många,män,tycks,väga,risker,och,vinster,mot,varandra,på,ett,konkret,sätt,,,men,beslut,kring,behandling,kan,ändå,kännas,tunga,,,eftersom,de,ofta,innebär,att,välja,mellan,olika,typer,av,förluster,.,Sjukdomserfarenheten,verkar,också,påverka,identiteten,.,Några,beskriver,att,de,blir,mer,sårbara,,,mer,lyhörda,för,kroppen,och,mindre,benägna,att,ta,hälsan,för,given,.,För,andra,skapar,sjukdomen,en,tydlig,gräns,mellan,”,före,”,och,”,efter,”,,,där,det,tidigare,livet,inte,riktigt,går,att,återvända,till,.,Det,finns,berättelser,om,oro,för,återfall,som,ligger,kvar,som,ett,brus,även,när,kontroller,ser,bra,ut,.,Ändå,syns,också,strategier,för,att,få,vardagen,att,fungera,:,humor,,,rutiner,,,stöd,från,närstående,,,samtal,med,andra,i,liknande,situation,och,ett,mer,aktivt,sätt,att,förhålla,sig,till,livsstilsfrågor,.,Helhetsbilden,visar,prostatacancer,som,en,erfarenhet,där,medicinska,komplikationer,och,sidoeffekter,flätas,samman,med,skam,,,omförhandling,av,närhet,,,förändrad,självbild,och,ett,ibland,skört,förtroende,för,den,egna,kroppen,.,För,många,män,blir,sjukdomen,inte,bara,något,som,behandlas,,,utan,något,som,måste,hanteras,i,vardagen,,,i,relationer,och,i,den,tysta,dialogen,med,sig,själv,."
"Syftet,med,denna,uppsats,är,att,belysa,pedagogers,uppfattning,om,lekens,betydelse,för,barns,utveckling,och,lärande,i,grundskolan,och,träningsskolan,samt,på,vilket,sätt,pedagoger,tillämpar,lek,i,sin,undervisning,.,Synen,på,lek,har,varierat,under,tidens,gång,.,Leken,har,tillmätts,stor,betydelse,för,barn,och,dess,utveckling,.,I,vårt,litteraturavsnitt,har,vi,valt,att,skriva,en,allmän,historisk,bakgrund,kring,lek,och,olika,teorier,om,lek,.,Genom,kvalitativa,intervjuer,med,pedagoger,i,de,båda,verksamheterna,har,vi,fått,en,bild,av,vad,lek,är,för,dem,och,i,vilken,utsträckning,de,använder,sig,av,leken,i,sin,undervisning,.,Resultatet,av,vår,undersökning,visar,att,pedagogerna,i,de,båda,verksamheterna,anser,att,leken,har,betydelse,för,barnets,utveckling,och,lärande,.,Leken,används,i,båda,verksamheterna,på,olika,sätt,och,i,varierande,utsträckning","Uppsatsen,tar,sin,utgångspunkt,i,påståendet,att,lek,inte,bara,är,ett,trevligt,inslag,i,skoldagen,utan,något,som,barn,faktiskt,behöver,för,att,utvecklas,och,fungera,i,lärmiljön,.,Med,fokus,på,grundskolan,och,träningsskolan,undersöks,hur,pedagoger,tänker,om,lekens,plats,,,värde,och,villkor,.,Intresset,riktas,mot,hur,lek,förstås,i,relation,till,inlärning,:,när,den,ses,som,ett,mål,i,sig,,,när,den,används,som,metod,och,när,den,hamnar,i,skymundan,av,andra,krav,.,I,materialet,framträder,lek,som,ett,sätt,för,barn,att,pröva,idéer,,,kommunicera,och,skapa,mening,tillsammans,med,andra,.,Den,blir,en,arena,där,regler,kan,förhandlas,,,roller,kan,testas,och,känslor,kan,hanteras,utan,att,allt,behöver,formuleras,i,ord,.,För,många,pedagoger,hänger,detta,tätt,ihop,med,lärande,,,men,sambandet,beskrivs,på,olika,sätt,.,I,grundskolan,kopplas,leken,ofta,till,motivation,,,socialt,samspel,och,språkutveckling,,,samtidigt,som,den,ibland,begränsas,av,tidsramar,,,kunskapsmål,och,en,stark,förväntan,på,“,arbete,”,.,I,träningsskolan,framstår,leken,oftare,som,en,bärande,del,av,undervisningen,och,som,en,väg,till,delaktighet,.,Där,ges,den,också,ett,tydligare,värde,för,kommunikation,,,relationsskapande,och,sinnesbaserat,lärande,,,även,om,den,kan,kräva,mer,planering,,,fler,anpassningar,och,en,annan,typ,av,närvaro,från,pedagogen,.,Pedagogperspektivet,blir,centralt,eftersom,leken,sällan,uppstår,i,ett,vakuum,.,Hur,läraren,tolkar,barns,initiativ,,,vilka,material,som,finns,,,hur,gruppen,organiseras,och,vilka,regler,som,gäller,påverkar,vad,som,över,huvud,taget,blir,möjligt,att,leka,.,Några,pedagoger,betonar,vikten,av,att,skydda,barns,fria,lek,från,alltför,tydliga,syften,,,andra,beskriver,hur,styrd,lek,kan,fungera,som,bro,mellan,elevens,intressen,och,skolans,mål,.,Spänningen,mellan,lekens,egenlogik,och,skolans,krav,återkommer,genom,hela,arbetet,och,blir,extra,synlig,när,samma,begrepp,–,lek,–,rymmer,så,olika,praktiker,i,olika,skolformer,.,Sammantaget,tecknar,uppsatsen,en,bild,av,lek,som,livsnödvändig,i,den,meningen,att,den,bär,barns,sätt,att,förstå,världen,,,bygga,relationer,och,orka,vara,i,lärande,.,Den,blir,också,en,pedagogisk,fråga,:,inte,om,lek,ska,finnas,,,utan,vilken,lek,som,får,plats,,,på,vems,villkor,och,med,vilken,syn,på,barn,och,kunskap,i,botten,."
"Dagens,samhälle,ställer,höga,krav,på,våra,elever,.,De,ska,förberedas,för,ett,samhälle,där,det,inte,bara,är,faktakunskaper,som,är,det,viktiga,,,utan,främst,förmågan,att,inhämta,och,lära,de,kunskaper,som,krävs,för,den,specifika,situationen,.,Detta,kräver,en,allt,högre,grad,av,individanpassad,undervisning,,,där,varje,elevs,behov,tillgodoses,.,Samtidigt,blir,vi,ständigt,påminda,om,nedskärningar,i,skolan,som,resulterar,i,bristande,resurser,och,allt,större,klasser,.,Hur,ska,pedagoger,i,dagens,skola,lyckas,bedriva,en,individanpassad,undervisning,under,dessa,förutsättningar,?,Med,denna,fråga,som,utgångspunkt,har,vi,tagit,del,av,litteratur,och,forskning,i,ämnet,individanpassad,undervisning,.,Mycket,av,denna,litteratur,inriktar,sig,på,inlärningsstilar,och,multipla,intelligenser,och,vi,vill,därför,med,detta,examensarbete,undersöka,möjligheterna,med,att,bedriva,en,individanpassad,undervisning,utifrån,just,inlärningsstilar,och,multipla,intelligenser,.,I,vår,teoridel,presenterar,vi,olika,faktorer,och,intelligenser,som,påverkar,varje,elevs,inlärningsstil,och,i,vår,empiriska,del,redovisar,vi,för,vår,undersökning,,,där,vi,intervjuat,aktiva,pedagoger,på,fältet,om,hur,de,arbetar,med,inlärningsstilar,och,individanpassad,undervisning,.,Vi,hoppas,att,denna,uppsats,ökar,läsarens,medvetenhet,om,hur,viktig,kunskapen,om,olika,inlärningsstilar,är,.,Vi,hoppas,också,att,ge,läsaren,inspiration,,,lust,och,vilja,att,bedriva,en,individanpassad,undervisning","I,den,här,uppsatsen,undersöks,idén,om,inlärningsstilar,som,ett,verktyg,för,individanpassad,undervisning,.,Utgångspunkten,är,den,återkommande,föreställningen,att,elever,lär,sig,bäst,på,olika,sätt,–,ofta,beskrivna,som,visuella,,,auditiva,eller,kinestetiska,preferenser,–,och,att,undervisningen,därför,bör,matchas,mot,dessa,.,Frågan,är,om,ett,sådant,arbetssätt,faktiskt,leder,till,bättre,lärande,,,eller,om,det,snarare,riskerar,att,förenkla,komplexa,lärprocesser,och,cementera,kategorier,som,inte,håller,i,praktiken,.,Texten,behandlar,hur,teorier,om,inlärningsstilar,fått,fäste,i,skolans,vardag,,,både,genom,lärarutbildning,,,fortbildning,och,pedagogiska,material,.,Ett,skäl,verkar,vara,att,modellen,erbjuder,ett,lättbegripligt,språk,för,skillnader,mellan,elever,och,en,snabb,väg,till,”,individanpassning,”,.,Samtidigt,problematiseras,den,vetenskapliga,grunden,.,Forskning,som,prövat,matchningshypotesen,–,att,elever,presterar,bättre,när,undervisningen,anpassas,till,deras,påstådda,stil,–,ger,i,stort,sett,svagt,eller,motsägelsefullt,stöd,.,När,effekter,ändå,hittas,är,de,ofta,svåra,att,skilja,från,andra,faktorer,,,som,motivation,,,tidigare,kunskaper,,,undervisningens,tydlighet,eller,variation,i,arbetssätt,.,Ett,annat,fokus,ligger,på,konsekvenserna,i,klassrummet,.,Att,sortera,elever,efter,stil,kan,bli,en,etikettering,som,påverkar,deras,självbild,och,förväntningar,:,”,jag,är,en,visuell,elev,”,kan,förvandlas,till,en,begränsning,snarare,än,en,hjälp,.,Det,kan,också,leda,till,att,undervisningen,smalnar,av,,,när,elever,får,färre,chanser,att,träna,på,olika,sätt,att,ta,till,sig,och,bearbeta,innehåll,.,I,stället,lyfts,vikten,av,att,skilja,mellan,preferenser,och,lärande,.,Många,elever,har,tydliga,preferenser,,,men,det,betyder,inte,att,lärandet,blir,bäst,om,undervisningen,enbart,följer,dem,.,Uppsatsen,landar,i,en,mer,pragmatisk,syn,på,individanpassning,.,Anpassning,förstås,inte,som,att,hitta,rätt,”,stil,”,för,varje,elev,,,utan,som,att,arbeta,med,tydliga,mål,,,stödstrukturer,,,återkoppling,och,varierade,uttrycksformer,där,innehållet,styr,metodvalet,.,Variation,blir,då,inte,en,kosmetisk,detalj,utan,ett,sätt,att,göra,stoffet,tillgängligt,genom,flera,ingångar,,,samtidigt,som,elever,utvecklar,strategier,och,uthållighet,i,sitt,lärande,.,Inlärningsstilar,framstår,därmed,mer,som,ett,pedagogiskt,narrativ,än,som,en,hållbar,grund,för,individualisering,,,medan,en,bredare,,,evidensnära,syn,på,undervisningsanpassning,ger,större,möjligheter,att,möta,olikheter,utan,att,låsa,fast,dem,."
"Gerillakrigföring,som,metod,i,konflikter,som,inte,är,mellanstatliga,är,aktuella,att,studera,ur,ett,svensktperspektiv,.,Ett,ökat,internationellt,militärt,åtagande,föranleder,valet,av,ämne,,,samtidigt,som,okonventionellatillvägagångssätt,omgärdas,av,fascination,.,Uppsatsen,undersöker,vilka,faktorer,som,ligger,bakomframgångar,med,gerillakrigföring,,,i,syfte,att,öka,medvetenheten,om,de,företeelser,som,behöver,uppmärksammasi,en,konflikt,med,gerillakrigsinslag,.,I,arbetet,utnyttjas,en,induktiv,metod,kombinerad,med,fallstudier,.,Inledningsvis,skapas,en,definitionsgrundför,gerillakrigföring,.,Därefter,prövas,teorin,om,krigföringens,principer,som,framgångselement,på,krigen,iAlgeriet,(,1954-62,),samt,Malaysia,(,1948-57,),.,De,viktigaste,resultaten,är,att,framgångsfaktorer,på,taktisknivå,skiljer,sig,marginellt,mellan,gerillakrigföring,och,konventionell,krigföring,.,Vidare,har,interaktionenmellan,civilbefolkningen,,,motivet,för,kamp,och,aktörerna,som,brukar,gerillametoder,framkommit,somytterst,väsentlig,för,utgången,av,de,studerade,konflikterna,.,Problemställningen,för,undersökningen,är,:,Beror,det,på,krigföringens,principer,att,gerillataktik,kan,varaframgångsrik,?,Den,avslutande,diskussionen,konstaterar,att,vid,ett,möte,med,okonventionella,metodermåste,hela,existensen,för,en,konflikt,beaktas","Uppsatsen,behandlar,vilka,faktorer,som,gör,gerillakrigföring,framgångsrik,,,med,utgångspunkt,i,två,fallstudier,:,Malaya,/,Malaysia,och,Algeriet,.,Fokus,ligger,inte,på,att,återge,stridsteknik,i,detalj,,,utan,på,att,förstå,hur,gerillan,kan,överleva,,,växa,och,i,vissa,lägen,påverka,motståndaren,politiskt,trots,underläge,i,eldkraft,och,resurser,.,Studien,placerar,sig,i,ett,militärprofessionellt,sammanhang,och,knyter,an,till,frågor,som,är,relevanta,för,chefsutbildning,:,hur,en,motståndare,med,begränsade,medel,skapar,handlingsfrihet,,,och,hur,en,starkare,part,misslyckas,när,den,läser,konflikten,fel,.,Genom,att,jämföra,utvecklingen,i,Malaysia,och,Algeriet,ringas,ett,antal,återkommande,drivkrafter,in,.,Legitimitet,och,förankring,i,befolkningen,framträder,som,en,kärna,,,men,den,tar,olika,uttryck,.,I,det,ena,fallet,blir,kontroll,över,lokalsamhällen,,,information,och,trygghet,avgörande,;,i,det,andra,skärps,konflikten,av,politiska,låsningar,,,brutala,motsättningar,och,svårigheter,att,skilja,kombattanter,från,civila,.,Gerillans,organisatoriska,förmåga,–,cellstrukturer,,,disciplin,,,samband,,,rekrytering,och,försörjning,–,vägs,mot,motståndarens,förmåga,att,isolera,rörelsen,från,dess,sociala,och,geografiska,bas,.,Små,misstag,får,stora,följder,när,kriget,förs,i,byar,,,städer,och,nätverk,snarare,än,på,tydliga,frontlinjer,.,Fallstudierna,pekar,också,mot,att,gerillakrigets,utgång,sällan,avgörs,av,enskilda,taktiska,segrar,.,Tidsfaktorn,,,uthålligheten,och,den,politiska,ramen,blir,ofta,mer,avgörande,än,terrängvinster,.,Där,motståndaren,lyckas,kombinera,säkerhetsåtgärder,med,politiska,reformer,,,trovärdig,administration,och,selektivt,våld,minskar,gerillans,manöverutrymme,.,Där,repression,,,kollektiv,bestraffning,och,otydliga,mål,präglar,insatsen,kan,gerillan,istället,vinna,på,motståndarens,agerande,,,även,när,den,militära,pressen,är,hög,.,Resultatet,blir,en,bild,av,gerillakrigföring,som,en,helhet,av,militär,metod,,,politisk,strategi,och,psykologisk,påverkan,,,där,framgång,i,praktiken,handlar,om,att,styra,människors,val,under,osäkerhet,snarare,än,att,”,besegra,”,en,fiende,i,traditionell,mening,."
"Regler,är,befallningar,från,normgivningsmakten,som,uttrycker,hur,den,/,de,som,regeln,riktar,sig,mot,skall,och,får,handla,.,Regler,kan,därför,sägas,vara,handlingsmönster,.,Principer,är,däremot,regler,med,”,bör-sats,”,,,d.v.s.,hur,rättstillämparen,bör,handla,i,ett,specifikt,mål,.,När,en,princip,anses,viktig,kan,den,helt,eller,delvis,bli,lagfäst,.,Legalitetsprincipen,är,ett,exempel,.,Den,tillkännagavs,skriftligt,som,princip,år,1789,i,Frankrike,i,och,med,revolutionen,.,Den,förvaltningsrättsliga,legalitetsprincipen,i,Sverige,blev,inte,lagstadgad,förrän,i,1974,års,regeringsform,och,innebär,krav,på,lagstöd,;,all,offentlig,makt,skall,utövas,under,lagarna,.,Beslut,tagna,av,myndigheter,skall,ha,författningsstöd,och,betungande,beslut,skall,därutöver,ha,särskilt,stöd,i,lag,.,Den,straffrättsliga,legalitetsprincipen,lagstadgades,år,1964,i,brottsbalken,.,Principen,inom,straffrätten,har,fyra,förbud,som,tillsammans,utgör,legalitetsprincipen,.,Dessa,är,praeter,legem-,,,analogi-,,,retroaktivitets-,och,obestämdhetsförbudet,.,De,tre,förstnämnda,är,lagstadgade,och,innebär,krav,på,lagstöd,,,förbud,till,analogitolkning,av,bestämmelser,samt,förbud,att,låta,lag,ge,en,tillbakaverkande,kraft,.,Obestämdhetsförbudet,är,fortfarande,en,princip,i,egentlig,mening,och,innebär,att,lagstiftaren,bör,stifta,begripliga,och,preciserade,straffbestämmelser,.,Inom,förvaltningsrätten,är,analogi-,och,retroaktivitetsförbudet,inte,lagfästa,vilket,kan,innebära,att,den,enskildes,rättsgaranti,försvagas,;,förutsebarheten,av,hur,och,när,den,enskilde,kan,bli,ansvarig,för,sitt,förfaringssätt,enligt,lag,begränsas,.,Legalitetsprincipen,finns,också,uttryckt,i,Europeiska,konventionen,för,mänskliga,rättigheter,där,bestämmelser,och,rättspraxis,stödjer,detta,.,De,europeiska,stater,som,ingått,i,konventionen,har,förbundit,sig,till,legalitetsprincipen,och,innefattas,därmed,i,deras,rättssystem","Uppsatsen,behandlar,legalitetsprincipen,i,straffrätten,och,i,den,offentliga,rätten,,,med,särskilt,fokus,på,hur,principen,fungerar,som,en,spärr,mot,maktutövning,som,blir,oförutsebar,eller,godtycklig,.,I,straffrätten,framträder,legalitetsprincipen,i,sin,mest,strikta,form,:,straffansvar,måste,ha,tydligt,lagstöd,.,Den,enskilde,ska,i,rimlig,mån,kunna,förutse,när,ett,handlande,är,straffbart,och,vilket,straff,som,kan,följa,.,Därför,får,domstolar,inte,skapa,nya,straffbud,genom,kreativ,tolkning,,,och,analogiförbudet,får,en,central,roll,.,Gränsdragningen,blir,ofta,praktisk,snarare,än,teoretisk,.,Hur,långt,kan,en,tolkning,sträckas,innan,den,i,realiteten,blir,analogi,?,I,den,frågan,möts,kravet,på,effektiv,brottsbekämpning,och,kravet,på,rättssäkerhet,,,och,det,är,sällan,helt,friktionsfritt,.,Retroaktivitetsförbudet,knyter,an,till,samma,idé,om,förutsebarhet,.,Ingen,ska,kunna,straffas,med,stöd,av,regler,som,inte,gällde,när,gärningen,begicks,,,eller,drabbas,av,en,strängare,ordning,i,efterhand,.,Det,handlar,inte,bara,om,rättvisa,i,moralisk,mening,,,utan,om,att,staten,måste,binda,sig,själv,genom,regler,som,gäller,framåt,och,som,går,att,läsa,och,förstå,innan,de,får,konsekvenser,.,Legalitetsprincipen,blir,därmed,ett,skydd,mot,att,straffrätten,används,som,ett,snabbt,politiskt,verktyg,när,opinionen,svänger,.,När,uppsatsen,rör,sig,över,till,förvaltningsrätten,förändras,bilden,.,Även,där,finns,ett,legalitetskrav,:,myndigheter,behöver,stöd,i,rättsordningen,för,att,ingripa,mot,enskilda,och,för,att,använda,offentliga,maktmedel,.,Men,offentlig,rätt,rymmer,fler,nyanser,.,Förvaltningsrätten,arbetar,ofta,med,öppnare,normer,,,målsättningsstadganden,och,skönsmässiga,bedömningar,.,Det,kan,vara,nödvändigt,för,att,hantera,komplexa,samhällsområden,,,men,det,ökar,samtidigt,risken,för,otydliga,gränser,.,Rättssäkerhet,får,därför,delvis,en,annan,tyngdpunkt,:,inte,bara,vilken,regel,som,finns,,,utan,hur,beslut,motiveras,,,hur,likabehandling,säkerställs,och,vilka,möjligheter,den,enskilde,har,att,få,beslut,prövade,.,En,bärande,tanke,i,framställningen,är,att,legalitetsprincipen,fungerar,som,en,gemensam,ryggrad,i,både,straffrätt,och,förvaltningsrätt,,,men,att,den,tar,sig,olika,uttryck,beroende,på,sanktionernas,karaktär,och,systemens,behov,av,flexibilitet,.,Straffrätten,kräver,skärpa,och,snäva,tolkningsramar,;,förvaltningsrätten,kräver,lagstöd,men,måste,också,kunna,fungera,i,praktiken,när,lagstiftaren,inte,kan,förutse,alla,situationer,.,Spänningen,mellan,tydlighet,och,handlingsutrymme,löper,genom,hela,analysen,och,landar,i,en,fråga,som,är,enkel,att,ställa,men,svår,att,besvara,helt,:,hur,mycket,osäkerhet,kan,rättsstaten,acceptera,utan,att,rättssäkerheten,börjar,urholkas,?"
"IT-företaget,Conect,AB,var,i,behov,av,en,förstärkning,av,sin,marknadskommunikation,,,som,innebar,en,utveckling,av,deras,webbsida,,,samt,en,nyproduktion,av,produktblad,om,företagets,samtliga,tjänster,,,som,ska,finnas,tillgängliga,på,webbsidan,.,Då,företagets,informationskanaler,och,målgrupp,var,förutbestämda,,,återstod,en,förbättring,av,budskapet,.,Med,hjälp,av,teorier,inom,informationsteknik,med,inriktning,på,användbarhet,,,användbar,webbdesign,och,användbar,grafisk,kommunikation,skulle,företagets,budskap,förtydligas,.,Tillämpandet,av,teorierna,skulle,på,så,sätt,förbättra,kommunikationen,med,potentiella,och,befintliga,kunder,.,Uppdraget,formulerades,som,en,övergripande,frågeställning,med,två,delfrågor,:,,Hur,kan,man,med,informationsteknik,förbättra,ett,företags,marknadskommunikation,?,o,Hur,kan,webbsidan,byggas,upp,för,att,fungera,som,en,länk,mellan,företag,och,kund,med,hänsyn,till,teorier,inom,användbarhet,och,användbar,webbdesign,?,o,Hur,kan,ett,produktblad,på,ett,effektivt,sätt,förmedla,information,till,kunden,med,hänsyn,till,teorier,inom,användbarhet,och,användbar,grafisk,kommunikation,?,Utvecklingen,av,produkten,genomfördes,utifrån,teorier,som,gör,den,enkel,och,lättförståelig,.,Stor,vikt,lades,vid,webbsidans,utseende,,,navigation,,,struktur,och,information,.,Med,webbsidan,som,plattform,utvecklades,produktbladen,i,enlighet,med,den,.,Viktiga,aspekter,gällande,produktbladen,var,utseendet,som,skulle,samspela,med,webbsidan,,,samt,behandling,av,information,,,formgivning,av,texter,,,bilder,och,illustrationer,.,Resultatet,blev,en,marknadsföringsprodukt,som,använder,både,Internet,och,det,personliga,mötet,som,informationskanal,,,dvs.,webbsidan,,,samt,säljarens,möte,med,kunden,där,produktbladen,kommer,väl,till,hands,.,Webbsidan,och,produktbladen,bildar,ett,marknadsföringspaket,där,användaren,kan,ta,del,av,företagets,budskap,.,Produkten,bidrog,till,ett,upplyft,av,företagets,marknadskommunikation,genom,Internet,och,personliga,möten,som,informationskanaler,,,där,webbsida,och,produktblad,kommunicerar,med,kunderna,på,ett,effektivt,sätt,.,Genom,informativa,rubriker,,,texter,och,bilder,som,samspelar,med,en,användarvänlig,navigering,och,struktur,,,leder,det,till,att,budskapet,på,ett,effektivare,sätt,når,fram,till,användaren,.,Därmed,har,målet,mot,god,marknadskommunikation,uppnåtts","Arbetet,behandlar,hur,ett,företags,marknadskommunikation,kan,utvecklas,med,hjälp,av,informationsteknik,,,med,fokus,på,det,som,faktiskt,möter,mottagaren,:,webbsidan,och,produktbladet,.,Utgångspunkten,är,att,ett,budskap,sällan,faller,på,plats,av,sig,självt,.,Det,måste,gå,att,hitta,,,förstå,och,känna,igen,.,Därför,kopplas,marknadskommunikation,ihop,med,användbarhet,och,praktisk,utformning,.,Studien,undersöker,hur,navigation,och,struktur,styr,användarens,väg,genom,innehållet,och,hur,små,friktioner,–,otydliga,menyer,,,splittrade,rubriker,,,svårtolkade,länkar,–,kan,försvaga,ett,i,grunden,bra,erbjudande,.,Texterna,granskas,ur,ett,klarspråksperspektiv,:,ordval,,,tonalitet,och,meningsbyggnad,jämförs,med,vad,som,krävs,för,att,göra,produktinformation,tydlig,utan,att,bli,platt,.,Parallellt,analyseras,formgivningen,.,Visuella,hierarkier,,,kontrast,,,typografi,och,layout,används,inte,som,dekoration,utan,som,en,del,av,budskapet,,,där,en,konsekvent,design,kan,skapa,förtroende,och,minska,kognitiv,belastning,.,Målet,är,att,ta,fram,en,mer,sammanhållen,kommunikation,där,webbsida,och,produktblad,drar,åt,samma,håll,.,Arbetet,mynnar,ut,i,förslag,som,rör,både,innehåll,och,gränssnitt,:,hur,budskap,prioriteras,,,hur,information,grupperas,,,hur,navigationslogik,förenklas,och,hur,språket,stramas,upp,för,att,stödja,läsning,snarare,än,att,imponera,.,Resultatet,visar,att,informations­tekniska,val,och,kommunikationsval,i,praktiken,hänger,ihop,.,När,struktur,,,navigation,,,klarspråk,och,formgivning,behandlas,som,en,helhet,blir,det,lättare,för,mottagaren,att,förstå,erbjudandet,–,och,för,företaget,att,uppfattas,som,tydligt,och,professionellt,."
"I,denna,studie,har,utveckling,av,sportfisket,i,Motala,ström,,,den,del,som,rinner,genom,Norrköpings,centralort,,,studerats,.,Det,finns,i,dag,hinder,för,fisken,som,gör,att,den,inte,kommer,upp,till,sina,forna,lek-,och,uppväxtplatser,.,Motala,ström,avvattnar,Vättern,vid,utloppet,i,Motala,och,fortsätter,sedan,österut,mot,Bråviken,.,Strömfårans,fall,genom,Norrköping,är,betydande,och,i,naturligt,tillstånd,består,av,den,av,strömmande,vatten,.,De,nedre,delarna,av,Motala,ström,och,anslutande,delar,av,Bråviken,lämnar,en,särskilt,gynnsam,miljö,för,laxartade,fiskar,.,Fisket,i,Motala,ström,har,pågått,i,flera,hundra,år,men,i,början,av,1900-talet,försvann,den,vilda,populationen,på,grund,av,föroreningar,och,en,hård,reglering,av,strömmen,.,I,dag,finns,det,två,kraftverk,som,har,större,kapacitet,än,någon,av,de,tidigare,.,Kraftverken,producerar,varje,år,122,GWh,eller,lika,mycket,ström,som,går,åt,för,att,förse,Norrköping,med,hushållsel,.,När,man,talar,om,tvister,mellan,olika,intressen,och,när,denna,konflikt,handlar,om,en,naturresurs,,,kommer,man,lätt,in,på,etiska,och,moraliska,frågor,.,Det,finns,en,gren,av,etiken,som,hanterar,miljöetiska,frågor,.,Denna,gren,har,två,olika,huvudinriktningar,kopplade,till,hur,de,ser,på,förhållandet,mellan,människan,och,naturen,.,Det,gäller,antropocentrism,,,som,hävdar,att,bara,människor,har,ett,inneboende,värde,.,Medan,icke-,antropocentrister,anser,att,det,finns,varelser,förutom,människan,som,har,ett,instrumentellt,värde,.,I,fallet,med,Motala,ström,och,dess,flöde,genom,Norrköping,är,det,framförallt,tre,olika,intressen,som,agerar,mot,varandra,.,Jag,har,koncentrerat,mig,på,att,göra,intervjuer,med,representanter,från,dessa,intressegrupper,och,försöka,få,en,uppfattning,om,hur,de,ser,på,saken,.,Intervjuerna,har,varit,öppna,och,de,inledande,frågor,har,varit,samma,för,alla,informanterna,.,Jag,har,även,tagit,del,av,de,vattenhushållningsbestämmelser,som,gäller,för,Motala,ström,och,den,del,som,rinner,genom,Norrköping,samt,andra,dokument,för,att,få,en,uppfattning,om,de,tvister,som,finns,kring,Motala,ströms,passage,genom,Norrköping,.,Resultaten,från,studien,visar,att,vattenkraften,i,Motala,ström,kommer,att,brukas,som,elproducent,under,lång,tid,.,Det,skulle,kosta,för,mycket,pengar,att,ändra,vattenflöden,så,att,en,självreproduktion,av,fisk,kan,ske,,,och,det,har,varken,kommunen,eller,kraftbolaget,råd,med,.,Det,ökade,vattenflödena,som,en,planerad,självreproduktion,skulle,innebära,,,kan,även,påverka,kulturmiljön,och,de,estetiska,värdena,på,ett,oönskat,sätt,.,I,denna,studie,har,jag,kommit,fram,till,att,det,inte,går,att,både,ha,en,vacker,och,en,levande,stad,.,I,alla,fall,inte,om,man,ska,följa,de,lagar,som,är,uppsatta,.,Det,finns,vattenflödesbestämmelser,och,det,finns,miniminivåer,för,vattnet,.,Dessa,är,reglerade,av,lagar,och,de,är,svåra,att,ändra,på","Arbetet,behandlar,Motala,ströms,ekologiska,utveckling,och,vilka,förutsättningar,som,har,styrt,den,över,tid,.,Utgångspunkten,är,att,vattendraget,inte,kan,förstås,som,ett,”,naturligt,”,system,i,isolering,,,utan,som,ett,landskap,där,hydrologi,,,markanvändning,och,tekniska,ingrepp,hela,tiden,har,format,livsmiljöerna,.,Strömmens,ekologiska,status,framträder,som,resultatet,av,en,lång,kedja,av,förändringar,:,förändrade,flöden,,,sedimenttransport,och,näringsdynamik,har,påverkat,bottenmiljöer,,,vegetation,och,fiskfauna,,,och,dessa,effekter,har,i,sin,tur,förstärkts,eller,mildrats,av,lokala,förhållanden,.,En,central,del,handlar,om,hur,vattenreglering,,,dammar,och,rensningar,har,ändrat,strömmens,rytm,.,Där,naturliga,variationer,i,flöde,tidigare,skapade,en,mosaik,av,strömmande,och,lugnare,partier,,,har,stabilisering,och,avskärning,av,sidofåror,ofta,lett,till,mer,enformiga,miljöer,.,Konsekvenserna,syns,i,spridningsvägar,och,reproduktionsområden,för,fisk,,,men,också,i,småskalig,habitatförlust,för,ryggradslösa,djur,och,vattenväxter,.,Fragmenteringen,blir,ett,nyckelproblem,:,även,när,vattenkvaliteten,förbättras,kan,vandringshinder,och,torrlagda,sträckor,göra,att,återkolonisation,går,långsamt,eller,uteblir,.,Samtidigt,lyfter,studien,fram,att,Motala,ström,är,starkt,beroende,av,vad,som,händer,i,hela,avrinningsområdet,.,Tillförsel,av,näringsämnen,,,metaller,och,organiska,föroreningar,följer,inte,administrativa,gränser,.,Jordbruk,,,tätorter,och,industrihistorik,sätter,spår,i,vattnet,och,i,sedimenten,,,ibland,tydligt,,,ibland,mer,diffust,.,Eutrofiering,och,ökad,finpartikelbelastning,påverkar,siktdjup,,,syreförhållanden,och,bottenstruktur,,,vilket,i,sin,tur,kan,missgynna,arter,som,kräver,rena,grusbottnar,och,väl,syresatta,lekplatser,.,På,vissa,avsnitt,kan,effekterna,dämpas,av,naturliga,reningsprocesser,,,våtmarker,eller,sjöar,i,systemet,,,men,sådana,buffertar,är,ojämnt,fördelade,och,ofta,hårt,belastade,.,Arbetet,diskuterar,också,förutsättningarna,för,återhämtning,.,Restaurering,framstår,som,möjlig,,,men,sällan,enkel,.,Åtgärder,som,fiskvägar,,,omlöp,,,återmeandring,och,återförsel,av,sten,och,grus,kan,förbättra,strukturell,variation,och,konnektivitet,,,men,resultatet,avgörs,av,hur,väl,åtgärderna,passar,platsens,hydrologi,och,av,hur,flödesregimen,faktiskt,ser,ut,efter,ingreppen,.,Lika,avgörande,är,den,långsiktiga,förvaltningen,:,utan,minskad,tillförsel,av,näringsämnen,och,partiklar,riskerar,lokala,habitatförbättringar,att,få,begränsad,effekt,.,Här,blir,samspelet,mellan,ekologiska,mål,och,konkurrerande,intressen,–,energi,,,kulturmiljö,,,översvämningsskydd,och,friluftsliv,–,en,återkommande,spänning,som,påverkar,vad,som,är,genomförbart,.,Helhetsbilden,som,tecknas,är,en,ström,med,stor,ekologisk,potential,men,med,arv,från,äldre,exploatering,och,ett,pågående,tryck,från,dagens,markanvändning,.,Utvecklingen,kan,beskrivas,som,varken,entydigt,negativ,eller,positiv,.,På,vissa,håll,finns,tecken,på,förbättring,,,på,andra,sitter,problemen,fast,i,strukturer,som,är,svåra,att,ändra,snabbt,.,Det,är,i,det,sammanhanget,Motala,ströms,förutsättningar,blir,tydliga,:,ekologi,,,hydrologi,och,samhälle,är,sammanflätade,,,och,det,är,i,den,väven,framtida,åtgärder,måste,få,fäste,."
"Detta,examensarbete,behandlar,ett,experiment,som,Tom,Smith,utförde,vid,sitt,magisterarbete,,,att,utveckla,en,Kheperarobot,som,ska,utföra,en,fotbollsuppgift,av,enklare,modell,.,Dock,koncentrerar,sig,detta,arbete,mer,på,en,evaluering,av,artificiella,neurala,nätverk,för,detta,problem,.,De,olika,typerna,av,ANN-arkitekturer,som,har,använts,till,detta,arbete,är,förutom,Tom,Smiths,,,baserade,på,arkitekturer,från,en,artikel,skriven,av,Stefano,Nolfi,.,De,resultat,som,har,uppnåtts,visar,att,precis,som,i,Stefano,Nolfis,artikel,är,det,en,arkitektur,med,"",spontan,modularitet,"",som,visar,sig,fungera,bäst,av,de,arkitekturer,som,undersökts,,,även,till,detta,problem","Arbetet,undersöker,hur,olika,neurala,nätverk,lämpar,sig,för,att,styra,en,mobil,robot,som,spelar,fotboll,i,en,simulerad,miljö,.,Utgångspunkten,är,Kheperafotboll,,,där,små,differentialstyrda,robotar,ska,lokalisera,boll,och,mål,,,undvika,motståndare,och,fatta,beslut,under,tidspress,.,Fokus,ligger,inte,på,att,konstruera,en,perfekt,spelare,från,grunden,,,utan,på,att,jämföra,hur,väl,olika,nätverkslösningar,fungerar,som,styrsystem,när,de,tränas,fram,genom,evolutionär,robotik,.,Metoden,bygger,på,att,robotens,beteende,representeras,av,ett,neuralt,nätverk,vars,vikter,och,eventuella,parametrar,optimeras,med,evolutionära,algoritmer,.,Prestationen,mäts,genom,en,fitnessfunktion,kopplad,till,matchlika,scenarier,:,förmåga,att,hitta,bollen,,,driva,spelet,framåt,,,göra,mål,och,samtidigt,undvika,ineffektiva,rörelsemönster,.,För,att,kunna,köra,många,generationer,och,upprepade,tester,används,robotsimulering,i,YAKS,,,vilket,ger,kontrollerade,experiment,där,sensordata,,,brusnivåer,och,arenakonfiguration,kan,varieras,utan,att,hårdvarubegränsningar,styr,resultatet,.,Utvärderingen,tar,sikte,på,både,resultat,och,beteendekvalitet,.,En,lösning,kan,göra,mål,ofta,men,ändå,vara,skör,,,till,exempel,genom,att,fastna,i,hörn,eller,bara,fungera,mot,en,viss,startposition,.,Därför,granskas,även,stabilitet,över,flera,körningar,,,generalisering,till,nya,utgångslägen,och,hur,känsligt,beteendet,är,för,små,förändringar,i,sensorinläsning,.,Analysen,knyter,an,till,typiska,problem,i,evolutionär,robotik,,,som,att,evolutionen,hittar,genvägar,i,fitnessen,och,att,bra,beteenden,i,simulering,inte,alltid,motsvarar,robust,spel,i,mer,varierade,situationer,.,Arbetet,mynnar,ut,i,en,praktisk,jämförelse,av,nätverksbaserade,kontrollstrategier,för,Khepera-liknande,fotbollsrobotar,,,med,YAKS,som,experimentplattform,.,Resultaten,ger,vägledning,om,vilka,nätverksval,som,ger,bäst,balans,mellan,effektivitet,och,robusthet,,,och,pekar,på,vilka,delar,av,träningsupplägg,och,simulering,som,påverkar,utfallet,mest,när,neurala,nätverk,ska,användas,som,autonoma,spelkontroller,."
"Forskning,kring,omvårdnad,av,patienter,med,stickrädsla,är,i,det,närmaste,obefintlig,.,Syftet,med,denna,studie,var,därför,att,undersöka,sjuksköterskans,erfarenheter,av,omvårdnad,vid,stickrädsla,.,En,empirisk,studie,med,kvalitativ,ansats,genomfördes,.,Datainsamlingen,skedde,med,hjälp,av,nio,semistrukturerade,intervjuer,med,legitimerade,sjuksköterskor,.,Analysmetoden,som,användes,inspirerades,av,en,kvalitativ,innehållsanalys,.,Resultatet,visade,att,stickrädslan,tog,sig,uttryck,genom,kroppsliga,reaktioner,,,olika,beteenden,samt,specifika,önskemål,kring,behandling,.,De,omvårdnadsåtgärder,som,kunde,underlätta,var,sjuksköterskans,bemötande,samt,agerande,.,Stödjande,faktorer,visade,sig,vara,personliga,kvaliteter,hos,sjuksköterskan,,,arbetsplatsen,,,stickhjälp,,,tidsfaktorn,och,socialt,stöd,.,De,hindrande,faktorerna,som,framkom,var,sjuksköterskan,som,profession,,,stress,,,avdelningen,och,patienten,.,För,en,bättre,omvårdnad,av,patienter,med,stickrädsla,krävs,kunskap,kring,stickrädslans,uttryck,och,åtgärder,,,vilket,bör,tydliggöras,i,sjuksköterskans,grundutbildning","Studien,behandlar,stickrädsla,ur,ett,omvårdnadsperspektiv,och,fokuserar,på,hur,sjuksköterskor,möter,patienter,som,upplever,oro,,,starkt,obehag,eller,ren,panik,inför,nålstick,och,venprovtagning,.,Utgångspunkten,är,att,stickrädsla,inte,bara,påverkar,själva,proceduren,utan,också,patientens,tillit,,,upplevelse,av,kontroll,och,benägenhet,att,söka,eller,fullfölja,vård,.,I,den,kliniska,vardagen,kan,rädslan,ta,sig,olika,uttryck,:,spänning,,,undvikande,,,gråt,,,ilska,,,svimmning,eller,att,patienten,försöker,avbryta,i,sista,stund,.,Det,gör,situationen,känslig,och,ibland,tidskrävande,,,särskilt,när,provtagning,eller,injektion,är,medicinskt,nödvändig,.,Med,en,kvalitativ,ansats,undersöks,sjuksköterskors,erfarenheter,av,att,identifiera,stickrädsla,och,anpassa,omvårdnaden,efter,patientens,behov,.,Resultatet,belyser,hur,bemötandet,ofta,avgör,om,situationen,eskalerar,eller,går,att,genomföra,på,ett,tryggt,sätt,.,En,återkommande,del,handlar,om,att,fånga,upp,rädslan,tidigt,,,gärna,redan,i,första,kontakten,,,och,skapa,ett,samtalsklimat,där,patienten,vågar,säga,ifrån,utan,att,känna,sig,besvärlig,.,Sjuksköterskans,sätt,att,tala,,,kroppsspråk,och,tempo,blir,centralt,.,För,vissa,patienter,räcker,det,med,en,lugn,,,tydlig,genomgång,och,en,paus,för,att,samla,sig,;,andra,behöver,mer,omfattande,stöd,.,I,materialet,framträder,praktiska,strategier,som,sjuksköterskor,använder,i,mötet,med,stickrädda,patienter,.,Det,kan,handla,om,att,erbjuda,valmöjligheter,och,ge,patienten,mer,kontroll,,,till,exempel,att,bestämma,om,man,vill,sitta,eller,ligga,,,om,man,vill,titta,bort,eller,följa,proceduren,,,och,om,man,vill,ha,en,tydlig,nedräkning,eller,att,sticket,tas,utan,förvarning,.,Smärtlindring,och,avledning,lyfts,också,fram,,,liksom,att,arbeta,med,andning,,,samtal,och,korta,pauser,.,I,vissa,fall,behövs,två,personal,för,att,skapa,trygghet,och,hålla,en,lugn,struktur,.,Samtidigt,beskrivs,en,balansgång,:,att,vara,effektiv,utan,att,pressa,,,att,vara,förberedande,utan,att,trigga,mer,rädsla,,,att,respektera,patientens,gränser,men,också,kunna,motivera,när,åtgärden,inte,kan,skjutas,upp,.,Studien,synliggör,även,hinder,i,vårdmiljön,.,Tidspress,,,brist,på,kontinuitet,och,otydliga,rutiner,gör,arbetet,svårare,,,och,flera,sjuksköterskor,beskriver,att,de,saknar,tillräcklig,utbildning,om,stickrädsla,och,hanteringsmetoder,.,Det,kan,leda,till,att,ansvaret,hamnar,på,individen,och,att,bemötandet,varierar,mellan,olika,mottagningar,och,personalgrupper,.,När,sjuksköterskan,däremot,har,erfarenhet,,,stöd,från,kollegor,och,möjlighet,att,planera,provtagning,eller,injektion,utifrån,patientens,förutsättningar,förbättras,förutsättningarna,för,en,god,omvårdnad,.,Helhetsbilden,är,att,stickrädsla,behöver,tas,på,allvar,som,en,omvårdnadsfråga,,,inte,som,ett,”,motstånd,”,från,patienten,.,När,vårdrelationen,präglas,av,lyhördhet,,,tydlighet,och,respekt,för,autonomi,ökar,chansen,att,proceduren,går,att,genomföra,med,mindre,lidande,.,Studien,pekar,på,behov,av,mer,strukturerat,arbetssätt,,,kunskapsstöd,och,tidiga,insatser,,,så,att,patienter,med,stickrädsla,inte,undviker,vård,eller,fastnar,i,återkommande,negativa,erfarenheter,."
"Inom,det,marknadsekonomiska,systemet,spelar,finansmarknaden,den,centrala,rollen,när,det,gäller,att,allokera,finansiella,resurser,.,På,en,mogen,finansmarknad,finns,det,oberoende,aktörer,som,hjälper,till,att,bestämma,värdet,på,en,idé,.,De,hjälper,på,så,sätt,entreprenörerna,att,finna,de,finansiella,resurserna,och,investerarna,att,hitta,de,rätta,idéerna,.,Grundläggande,för,bestämmande,av,värdet,är,information,.,För,börsnoterade,företag,är,de,två,huvudsakliga,medlen,för,informationsförmedling,årsredovisningar,och,delårsrapporter,.,Uppsatsen,syftar,till,att,,,ur,ett,marknadsperspektiv,,,undersöka,i,vilken,utsträckning,företag,lämnar,frivillig,information,i,delårsrapporter,samt,att,med,utgångspunkt,i,detta,undersöka,om,nuvarande,reglering,av,delårsrapportering,bör,utvidgas,.,Studien,omfattar,tio,företag,från,fem,olika,branscher,,,där,varje,bransch,representeras,av,två,företag,av,olika,storlek,.,Alla,företagen,är,noterade,på,OMX,Stockholmsbörsen,.,Studien,inleds,med,en,redogörelse,för,de,lagar,och,övrig,reglering,som,finns,kring,delårsrapportering,.,Utifrån,denna,görs,sedan,en,systematisk,genomgång,av,företagens,delårsrapporter,och,den,frivilliga,informationen,urskiljs,och,systematiseras,.,Därefter,redogörs,för,analytikers,synpunkter,kring,den,frivilliga,information,som,studien,resulterat,i,.,Detta,leder,fram,till,en,uppfattning,kring,huruvida,regleringen,bör,utvidgas,.,Grundläggande,för,regleringen,av,noterade,företags,delårsrapporter,är,den,svenska,lagstiftningen,och,EU:s,föreskrifter,.,Dessa,två,är,till,stor,del,en,ramlagstiftning,och,förutsätter,en,stark,normgivning,och,självreglering,från,marknadens,aktörer,.,Denna,självreglering,sker,genom,ett,flertal,organ,,,där,OMX,Stockholmsbörsen,med,sitt,noteringsavtal,utgör,en,central,del,.,Resultatet,av,studien,visar,också,att,det,är,mycket,vanligt,att,företag,väljer,att,tillkännage,information,frivilligt,i,delårsrapporter,.,Generellt,sett,visar,studien,att,frivillig,information,främst,utgörs,av,framåtriktad,information,,,flertalet,nyckeltal,samt,utförligare,jämförelseuppgifter,.,Denna,information,anser,även,analytiker,vara,viktig,.,Regleringen,kring,delårsrapportering,har,visat,sig,vara,omfattande,,,det,har,dock,påvisats,ett,visst,utrymme,för,utvidgning,och,denna,bör,enligt,vår,mening,ske,genom,självreglering","Uppsatsen,behandlar,frivillig,information,i,delårsrapporter,och,undersöker,hur,sådan,information,faktiskt,tar,plats,i,rapporteringen,hos,tio,aktiebolag,noterade,på,OMX,Stockholmsbörsen,.,Utgångspunkten,är,att,delårsrapporter,formellt,styrs,av,redovisningsregler,och,krav,på,finansiell,rapportering,,,men,att,företagen,samtidigt,har,ett,tydligt,utrymme,att,kommunicera,mer,än,det,som,måste,redovisas,.,Det,är,i,det,utrymmet,som,studien,rör,sig,:,vad,företagen,väljer,att,säga,när,de,inte,behöver,.,Fokus,ligger,på,förekomsten,och,karaktären,hos,frivilligt,offentliggjord,information,i,kvartalsrapporter,.,Den,typen,av,information,kan,handla,om,allt,från,mer,utförliga,kommentarer,om,marknadsläget,,,strategiska,prioriteringar,och,risker,till,alternativa,nyckeltal,,,framtidsutsikter,och,beskrivningar,av,händelser,som,påverkat,perioden,.,I,praktiken,blir,delårsrapporten,inte,bara,en,avstämning,av,siffror,,,utan,också,ett,dokument,där,ledningen,sätter,ord,på,utvecklingen,och,försöker,förklara,den,.,Ibland,görs,det,rakt,och,konkret,,,ibland,mer,berättande,och,med,tydliga,ambitioner,att,styra,tolkningen,av,resultatet,.,Genom,att,granska,tio,börsnoterade,bolags,delårsrapporter,synliggörs,skillnader,i,hur,generöst,företagen,använder,den,frivilliga,delen,av,rapporteringen,.,Vissa,framstår,som,återhållsamma,och,håller,sig,nära,det,obligatoriska,ramverket,.,Andra,lägger,större,vikt,vid,egna,mått,,,längre,kommentarer,och,tydligare,framåtblickar,.,Det,går,att,se,hur,rapporterna,fungerar,som,kommunikationsverktyg,gentemot,aktieägare,och,marknad,,,där,frivillig,information,kan,användas,för,att,skapa,trovärdighet,,,minska,osäkerhet,eller,rama,in,en,period,med,svagare,resultat,.,Arbetet,knyter,an,till,företagsekonomi,med,tyngdpunkt,på,redovisning,och,extern,rapportering,.,Delårsrapporten,hamnar,i,skärningspunkten,mellan,formell,rapporteringsplikt,och,strategisk,kommunikation,.,Studien,ger,en,bild,av,hur,bolag,på,Stockholmsbörsen,utnyttjar,det,frivilliga,informationsutrymmet,,,vilka,typer,av,innehåll,som,återkommer,och,hur,omfattningen,varierar,mellan,företag,.,Resultatet,bidrar,med,en,mer,jordnära,förståelse,av,delårsrapporten,som,genre,:,inte,bara,regelstyrd,,,utan,också,präglad,av,val,,,prioriteringar,och,en,vilja,att,påverka,hur,företaget,uppfattas,mellan,boksluten,."
"Detta,examensarbete,är,utfört,vid,Portsystem,2000,AB,i,Habo,som,är,en,tillverkare,av,portsystem,,,däribland,dockningssystem,och,garageportar,.,Bakgrunden,till,examensarbetet,är,att,Portsystem,anser,sig,ha,problem,med,uppföljningen,av,efterkalkyler,.,Målet,och,syftet,med,arbetet,är,att,undersöka,och,beskriva,det,befintliga,tillvägagångssättet,vid,uppföljningsarbetet,av,tidsåtgången,i,produktionen,samt,ge,förslag,till,förbättringar,med,utgångspunkt,från,vald,litteratur,inom,området,.,Examensarbetet,behandlar,områdena,informationssystem,,,kvalitet,,,processer,och,kalkylering,.,Metoder,som,använts,är,huvudsakligen,semistrukturerade,intervjuer,och,en,mindre,kvantitativ,undersökning,.,Resultaten,från,undersökningen,visar,att,Portsystem,har,brister,inom,följande,områden,:,•,Kommunikation,mellan,informationssystemets,olika,delar,•,Formulerade,rutiner,för,avvikelsehantering,•,Kartläggning,av,orsaker,till,avvikelser,•,Pålitlighet,i,informationssystemet,Våra,slutsatser,är,att,Portsystem,först,och,främst,behöver,lägga,resurser,på,att,göra,en,omfattande,revidering,av,tidsåtgången,för,de,artiklar,där,efterkalkyler,redan,finns,arkiverade,.,De,bör,även,se,över,möjligheterna,att,få,Scala,och,System,Andersson,att,kommunicera,med,varandra,,,vilket,skulle,underlätta,uppföljningen,.,Kanske,är,det,motiverat,att,byta,affärssystem,.,Vi,anser,att,man,genom,enkla,frekventa,beräkningar,kan,förbättra,precisionen,i,förkalkylen,.,Ytterligare,en,slutsats,är,att,de,urskiljbara,orsakerna,till,avvikelse,borde,undersökas,närmare,och,tas,med,i,planeringen","Arbetet,behandlar,hur,Portsystem,2000,AB,arbetar,med,efterkalkyler,och,hur,uppföljningen,faktiskt,fungerar,i,praktiken,.,Utgångspunkten,är,spänningen,mellan,förkalkylen,,,som,ofta,styr,beslut,och,prissättning,,,och,efterkalkylen,,,som,visar,hur,projekten,verkligen,utföll,när,tiden,,,materialet,och,de,indirekta,kostnaderna,landat,.,När,de,två,inte,kopplas,ihop,på,ett,fungerande,sätt,blir,erfarenheterna,svåra,att,ta,tillvara,.,Då,riskerar,kalkylarbetet,att,bli,mer,en,rutin,än,ett,lärande,.,Fokus,ligger,på,processen,:,vilka,steg,som,finns,från,att,en,förkalkyl,tas,fram,till,att,en,efterkalkyl,skapas,,,vem,som,ansvarar,för,vad,och,var,informationen,tenderar,att,tappas,bort,.,Affärssystemet,och,företagets,informationssystem,framträder,som,en,central,faktor,.,Systemen,ska,både,bära,ekonomidata,och,spegla,verksamhetens,logik,,,men,de,är,inte,alltid,anpassade,för,den,typ,av,analys,som,efterkalkyler,kräver,.,Det,kan,handla,om,allt,från,hur,kostnader,konteras,och,tidrapporteras,till,hur,projekt,struktureras,och,avslutas,.,Små,brister,i,registreringen,ger,stora,effekter,när,resultat,ska,tolkas,.,Efterkalkylernas,roll,kopplas,också,till,kvalitet,.,Inte,som,teknisk,produktkvalitet,i,första,hand,,,utan,som,kvalitet,i,beslutsunderlag,och,återkoppling,.,När,uppföljningen,blir,otydlig,eller,försenad,sjunker,värdet,av,den,,,och,det,blir,svårt,att,se,mönster,som,annars,hade,kunnat,påverka,arbetssätt,,,offertnivåer,och,riskbedömningar,.,Studien,pekar,därmed,mot,att,förbättringar,inte,bara,handlar,om,att,“,göra,fler,efterkalkyler,”,,,utan,om,att,skapa,en,mer,sammanhållen,kedja,mellan,kalkyl,,,genomförande,och,analys,,,där,affärssystemets,stöd,,,ansvarsfördelning,och,arbetssätt,hänger,ihop,och,ger,en,uppföljning,som,går,att,lita,på,."
"Att,konstruera,ett,tidtagningssystem,för,enduro,i,skogen,leder,till,flera,frågor,som,måste,undersökas,och,besvaras,.,Vilken,kommunikationsteknik,ska,användas,och,vilken,systemarkitekturisk,lösning,passar,bäst,?,Att,dra,kabel,ute,i,skogen,är,ett,bra,sätt,att,lösa,det,kommunikationstekniska,problemet,,,lösningen,är,säker,och,relativt,billig,.,Visst,påverkas,priset,av,distansen,mellan,olika,klienter,ute,i,skogen,,,men,alla,positiva,egenskaper,hos,tekniken,gör,denna,kostnad,värd,sitt,pris,.,De,geografiska,variationer,som,kan,finnas,är,de,som,kan,spela,ut,de,övriga,teknikerna,i,form,av,stabilitet,.,En,snabb,resultatförmedling,kräver,ett,system,som,har,en,väl,uppbyggd,systemarkitektur,.,Vid,tidtagning,kommer,data,i,form,av,tider,skickas,från,klienterna,direkt,till,huvudservern,,,ingen,mellanlagring,sker,utan,data,lagras,centralt,vilket,förespråkas,i,IRM,.,Dessutom,kommer,ingen,redundans,att,accepteras,,,vilket,även,det,förespråkas,av,IRM,.,Det,finns,även,flera,andra,parametrar,som,väger,för,att,välja,IRM,,,vilket,är,det,som,rekommenderas,utifrån,den,analys,som,gjorts,i,denna,uppsats","Arbetet,behandlar,hur,olika,kommunikationstekniker,och,systemarkitektoniska,angreppssätt,påverkar,möjligheten,att,bygga,nätverk,i,naturmiljöer,,,där,terräng,,,väder,och,avstånd,ofta,styr,mer,än,idealiserade,standardlösningar,.,Utgångspunkten,är,att,samma,kravbild,–,datainsamling,,,fjärrövervakning,och,stabil,kommunikation,–,kan,få,helt,olika,praktiska,konsekvenser,beroende,på,om,man,lutar,sig,mot,mobilnätsbaserade,tekniker,som,GSM,och,GPRS,eller,om,man,bygger,lokala,nät,med,WLAN,och,klassisk,LAN-infrastruktur,via,TP-kabel,.,Valen,påverkar,inte,bara,räckvidd,och,bandbredd,,,utan,också,energibudget,,,underhållsbehov,och,hur,sårbart,systemet,blir,när,förutsättningarna,ändras,.,GSM,/,GPRS,framställs,som,ett,pragmatiskt,alternativ,när,man,behöver,täckning,över,större,områden,och,vill,undvika,omfattande,kabeldragning,.,För,sensornoder,och,enklare,mätstationer,räcker,ofta,GPRS,för,att,rapportera,små,datamängder,,,medan,GSM,kan,fungera,som,bas,för,larm,och,redundans,.,Nackdelen,är,att,man,blir,beroende,av,operatörernas,täckning,och,av,att,uppkopplingen,faktiskt,beter,sig,som,man,tänkt,i,skog,,,dalgångar,eller,nära,vatten,.,Latens,och,varierande,kapacitet,spelar,roll,när,systemen,ska,reagera,snabbt,,,och,kostnadsmodeller,kopplade,till,abonnemang,eller,datamängd,kan,göra,storskaliga,utrullningar,mindre,attraktiva,än,de,ser,ut,på,papper,.,WLAN,och,LAN,med,TP-kabel,ger,i,stället,mer,kontroll,och,ofta,högre,kapacitet,lokalt,.,För,stationära,installationer,i,begränsade,områden,–,exempelvis,en,forskningsstation,,,en,depå,eller,ett,avgränsat,mätområde,–,kan,det,vara,effektivt,att,bygga,ett,robust,lokalt,nät,där,man,själv,äger,hela,kedjan,.,TP-kabel,ger,stabilitet,och,förutsägbarhet,men,kan,vara,opraktisk,i,terräng,där,markarbete,är,svårt,eller,där,kablage,riskerar,skador,från,fukt,,,frost,,,djur,eller,mänsklig,påverkan,.,WLAN,kan,minska,behovet,av,fysisk,infrastruktur,,,men,radiolänkarnas,kvalitet,påverkas,av,siktlinjer,,,vegetation,och,interferens,.,I,naturen,kan,ett,system,som,fungerade,utmärkt,i,en,testmiljö,få,problem,när,löven,kommer,,,när,snön,dämpar,signaler,eller,när,strömförsörjningen,blir,begränsad,.,På,arkitektursidan,jämförs,olika,sätt,att,organisera,noder,,,kommunikationsvägar,och,funktioner,.,VBS,,,IRM,och,PAKS,kan,förstås,som,skilda,principer,för,hur,data,ska,samlas,in,,,hanteras,och,förmedlas,i,ett,fältnät,:,från,mer,centraliserade,upplägg,,,där,en,basstation,eller,gateway,blir,navet,,,till,mer,distribuerade,lösningar,där,delar,av,intelligensen,ligger,närmare,kanten,.,Ett,mer,centraliserat,system,kan,vara,enklare,att,överblicka,och,underhålla,,,men,det,kan,också,få,en,tydlig,felpunkt,och,ställa,högre,krav,på,länken,in,till,navet,.,Distribuerade,varianter,kan,vara,tåligare,och,skala,bättre,,,men,de,är,ofta,svårare,att,konfigurera,och,kräver,mer,av,noderna,,,både,beräkningsmässigt,och,energimässigt,.,Studien,landar,i,att,teknikvalen,sällan,handlar,om,“,bäst,”,i,allmän,mening,,,utan,om,vilken,kompromiss,som,passar,platsen,och,uppdraget,.,I,naturmiljöer,blir,robusthet,,,energiförbrukning,och,praktisk,servicebarhet,minst,lika,styrande,som,nominell,bandbredd,.,Ett,rimligt,upplägg,kan,därför,vara,hybrid,:,lokala,WLAN,/,LAN-nät,där,man,behöver,hög,kapacitet,eller,tät,insamling,,,kopplat,till,GSM,/,GPRS,som,bärare,för,längre,avstånd,och,som,reservväg,när,lokala,länkar,faller,bort,.,Resultatet,blir,ett,nätverk,som,går,att,driva,över,tid,,,även,när,verkligheten,inte,följer,ritningen,."
"I,denna,uppsats,utreder,jag,hur,inställningen,var,till,ett,förbud,mot,slöja,i,de,svenska,skolorna,.,Uppsatsen,syftar,till,att,undersöka,vilka,tankar,och,inställningar,som,framkom,i,Sverige,bland,skolledningar,,,politiker,och,ungdomar,med,utländskbakgrund,under,åren,2003,till,2005,.,Uppsatsen,syftar,även,till,att,se,till,vilka,eventuella,skillnader,som,finns,mellan,Sverige,och,Frankrike,,,där,debatten,om,slöjan,startade,redan,under,slutet,av,1980,talet,och,där,man,sedan,2004,genom,lag,har,förbjudit,slöja,i,de,statliga,skolorna,.,Uppsatsen,bygger,på,en,hermeneutisk,metod,och,med,hjälp,av,politiska,dokument,,,debattartiklar,och,forskning,om,ungdomarnas,inställningar,till,slöjan,i,de,svenska,skolorna,,,har,jag,genom,min,textanalys,och,tolkning,nått,mitt,syfte,.,Resultatet,av,undersökningen,visar,att,inställningen,för,ett,förbud,mot,slöja,i,skolorna,var,väldigt,svagt,i,Sverige,.,Individens,frihet,betonades,mycket,,,men,elevernas,situation,kom,ändå,under,tidsperioden,att,ändras,genom,en,ny,diskrimineringslag","För,att,kunna,skriva,en,sammanfattning,i,kandidatuppsatsstil,behöver,jag,lite,mer,underlag,än,bara,titeln,.,Just,nu,har,jag,bara,*,*,“,Slöja,i,skolan,?,”,*,*,och,ordet,*,*,“,nan,”,*,*,(,är,det,ett,nyckelord,eller,en,felskrivning,?,),.,Skicka,gärna,:,1,),*,*,Nyckelorden,*,*,(,lista,),2,),Om,du,har,:,*,*,syfte,/,frågeställning,*,*,,,*,*,metod,*,*,,,*,*,material,/,empiri,*,*,,,*,*,huvudresultat,*,*,(,punktform,räcker,),3,),Önskad,längd,(,t.ex.,150–250,ord,),När,du,skickat,det,skriver,jag,en,sammanfattning,med,varierad,meningslängd,och,en,mer,naturlig,,,lite,ojämn,akademisk,ton,."
"Bekgrund,:,Tidigare,studier,visar,att,preoperativ,information,är,viktigt,för,patienterna,.,Via,informationen,reduceras,ångest,och,oro,.,Studierna,har,tagit,upp,vad,patienterna,vill,ha,med,i,sin,information,och,hur,vårdaren,ska,ge,informationen,.,Ingen,av,studierna,har,med,djupare,förståelse,beskrivit,hur,patienterna,upplever,den,preoperativa,informationen,.,Syfte,:,Syftet,med,studien,var,att,belysa,informationens,betydelse,ur,patientens,perspektiv,i,den,preoperativa,vården,.,Metod,:,Litteraturstudien,byggde,på,sju,artiklar,,,varav,fem,med,kvalitativ,forskningsansats,och,två,med,kvantitativ,ansats,.,Studierna,granskades,och,analyserades,enligt,Graneheim,och,Lundmans,(,2003,),analys,modell,,,med,avsikt,att,komma,fram,till,olika,kategorier,/,subgrupper,.,Sju,subkategorier,framkom,och,delades,in,efter,samhörighet,till,två,kategorier,.,Resultat,:,Preoperativ,information,och,sättet,att,delge,den,visade,sig,vara,av,stor,vikt,gör,patienterna,.,De,upplevde,större,delaktighet,i,sin,vård,.,Komplikationerna,minskade,postoperativt,och,sjukhusvistelserna,kortades,ner,.,Vid,det,första,mötet,mellan,vårdare,och,patient,skapades,både,tillit,och,kontinuitet,,,det,visade,vara,av,stor,vikt,för,dem,.,Patienterna,upplevde,en,större,trygghet,när,tid,togs,till,preoperativ,information,.,Diskussion,:,Patienterna,tyckte,att,den,preoperativa,informationen,var,minst,lika,viktigt,som,bemötandet,vid,informationstillfället,.,Informationen,måste,vara,anpassad,till,patienterna,och,delges,på,ett,sätt,som,passar,dem,.,Patienterna,tyckte,att,det,var,viktigt,när,vårdaren,i,sitt,bemötande,var,lugn,och,förtroendegivande","Den,preoperativa,vården,rymmer,mer,än,praktiska,förberedelser,inför,ett,ingrepp,.,I,mötet,mellan,patient,och,vårdpersonal,blir,information,en,central,del,av,själva,omvårdnaden,,,eftersom,den,påverkar,hur,patienten,förstår,sin,situation,och,hur,hanterbar,operationen,framstår,.,När,informationen,är,tydlig,och,anpassad,kan,den,skapa,orientering,i,ett,annars,snabbt,och,svårtillgängligt,vårdförlopp,.,Den,kan,också,bidra,till,att,patienten,upplever,kontroll,,,vilket,ofta,hänger,ihop,med,lägre,nivåer,av,oro,och,stress,.,Preoperativ,information,handlar,inte,enbart,om,att,“,berätta,”,vad,som,ska,hända,,,utan,om,att,ge,patienten,möjlighet,att,förbereda,sig,mentalt,och,praktiskt,.,För,vissa,räcker,en,kort,genomgång,,,för,andra,behövs,mer,tid,,,upprepning,och,utrymme,att,ställa,frågor,.,Innehållet,kan,gälla,allt,från,fasta,och,hygienrutiner,till,smärtlindring,,,anestesi,,,mobilisering,och,förväntad,återhämtning,.,Om,informationen,blir,för,generell,eller,levereras,i,fel,skede,riskerar,den,att,missa,sitt,syfte,.,Patienter,kan,då,lämnas,med,egna,tolkningar,,,vilket,i,sin,tur,kan,driva,på,oro,.,Preoperativ,utbildning,kan,ses,som,en,fördjupad,form,av,information,där,fokus,ligger,på,förståelse,och,förberedelse,snarare,än,på,ren,instruktion,.,Den,fungerar,bäst,när,den,knyts,till,patientens,förkunskaper,,,språk,och,livssituation,.,När,patienten,får,en,rimlig,bild,av,vad,som,väntar,–,vad,som,kan,kännas,obehagligt,,,vad,som,är,normalt,och,vilka,strategier,som,finns,–,minskar,ofta,den,stress,som,annars,följer,av,osäkerhet,.,Det,gäller,särskilt,inför,narkos,och,den,postoperativa,smärtan,,,där,fantasier,lätt,tar,över,om,ingenting,förklaras,.,Samtidigt,kan,information,också,öka,stressen,om,den,upplevs,som,överväldigande,,,motsägelsefull,eller,levereras,utan,hänsyn,till,patientens,tillstånd,.,En,person,som,redan,är,rädd,kan,stänga,av,,,missa,detaljer,och,senare,känna,sig,oförberedd,.,Därför,blir,kommunikationen,i,den,preoperativa,vården,i,praktiken,en,balansgång,:,lagom,mycket,,,i,rätt,form,,,och,med,möjlighet,till,återkoppling,.,Det,räcker,sällan,med,ett,standardiserat,informationsblad,.,Den,mänskliga,kontakten,,,att,någon,tar,sig,tid,att,lyssna,och,kontrollera,att,budskapet,gått,fram,,,verkar,ofta,vara,det,som,gör,skillnad,.,Sett,i,ett,omvårdnadsperspektiv,framstår,information,som,ett,verktyg,för,att,minska,oro,och,stress,,,men,också,som,en,del,av,en,relation,där,patientens,trygghet,byggs,.,När,preoperativ,information,och,utbildning,blir,personcentrerad,kan,den,bidra,till,en,mer,förutsägbar,vårdupplevelse,och,ett,bättre,utgångsläge,inför,operationen,."
"Användningen,av,elektroniska,kommunikationsmedel,ökar,ständigt,och,många,organisationer,byggersin,verksamhet,på,ett,starkt,informationsberoende,.,Verksamheterna,har,blivit,allt,mer,informationsbaserade,och,informationsteknologin,är,en,oumbärlig,del,för,organisationers,infrastrukturer,.,Därför,är,utgångspunkten,för,denna,studie,att,utveckla,ny,kunskap,om,hur,individer,uppfattar,effektiv,kommunikation,i,en,IT-intensiv,organisation,.,Arbetet,undersöker,även,aspekter,som,medverkar,eller,motverkar,den,upplevda,effektiviteten,vid,användandet,av,e-post,i,IT-intensiva,organisationer,och,hur,e-post,kombineras,med,andra,kommunikationsverktyg,för,att,uppnå,önskad,effektivitet,.,Den,empiriska,grunden,till,studien,är,en,organisation,,,där,tio,kvalitativa,intervjuer,gjorts,.,Studien,har,hermeneutisk,inriktning,eftersom,den,bygger,på,informanternas,tolkningar,,,uppfattningar,och,åsikter,.,Arbetet,undersöker,empirisk,data,,,intervjuer,,,vilket,har,mynnat,ut,i,ett,resultat,,,vilket,är,ett,induktivt,förhållningssätt,.,Vid,intervjutillfällena,har,gruppmedlemmarnas,intention,varit,att,få,så,mycket,information,som,möjligt,,,om,organisationen,och,deras,arbetssätt,med,elektroniska,kommunikationsmedel,för,att,sedan,behandla,det,mest,relevanta,.,Studiens,resultat,påvisar,att,e-post,är,ett,väsentligt,arbetsredskap,och,ett,villkor,för,effektiv,kommunikation,i,en,IT-intensiv,organisation,.,E-post,kan,ses,som,en,del,av,en,stor,verktygslåda,där,olika,verktyg,kompletterar,varandra,.,Det,är,medarbetaren,själv,som,väljer,vilket,verktyg,som,är,mest,lämpat,i,olika,situationer,.,Resultatet,visar,även,att,informations-,och,uppgiftsmängden,ständigt,ökar,med,den,elektroniska,kommunikationen,.,Vilket,leder,till,tyngre,arbetsbörda,och,stress,för,medarbetarna","Uppsatsen,“,You,´,ve,got,m@il,”,undersöker,hur,e-post,används,och,vilka,konsekvenser,det,får,för,kommunikationen,i,en,IT-intensiv,organisation,inom,systemteknik,.,Utgångspunkten,är,att,e-post,ofta,betraktas,som,ett,självklart,verktyg,för,snabb,och,spårbar,kontakt,,,men,att,det,i,praktiken,kan,skapa,både,flyt,och,friktion,i,arbetet,.,Studien,fokuserar,på,sambandet,mellan,själva,kanalvalet,(,e-post,),och,upplevelsen,av,effektiv,kommunikation,,,snarare,än,att,utgå,från,att,digitalt,automatiskt,betyder,effektivt,.,Materialet,belyser,hur,e-postens,styrkor,hänger,ihop,med,organisationens,krav,på,dokumentation,,,tydlighet,och,ansvarsfördelning,.,När,frågor,behöver,kunna,följas,upp,,,när,beslut,måste,kunna,motiveras,i,efterhand,eller,när,flera,parter,ska,hållas,informerade,samtidigt,blir,e-post,ett,funktionellt,nav,.,Samtidigt,visar,studien,att,just,dessa,egenskaper,kan,bidra,till,en,växande,mängd,meddelanden,,,otydliga,trådar,och,ett,arbetssätt,där,information,“,skickas,”,snarare,än,förankras,.,Det,som,är,skrivet,upplevs,lätt,som,klart,,,trots,att,mottagaren,kanske,tolkar,annorlunda,eller,inte,ens,ser,vad,som,efterfrågas,.,En,central,iakttagelse,är,att,effektivitet,inte,bara,handlar,om,att,meddelanden,levereras,,,utan,om,att,rätt,personer,får,rätt,information,i,rätt,tid,och,med,rätt,förväntningar,.,E-post,fungerar,väl,när,ärenden,är,avgränsade,och,när,det,finns,en,gemensam,praxis,för,ämnesrader,,,svarstider,,,kopior,och,hur,man,formulerar,uppdrag,.,När,de,gemensamma,spelreglerna,saknas,tenderar,kommunikationen,att,glida,:,vissa,överanvänder,“,Cc,”,för,säkerhets,skull,,,andra,svarar,i,fel,tråd,,,och,många,bygger,egna,strategier,för,att,hantera,volymen,.,Resultatet,blir,en,ojämn,bild,av,vad,som,är,brådskande,,,vad,som,är,informativt,och,vad,som,faktiskt,kräver,handling,.,Uppsatsen,pekar,också,på,att,e-post,lätt,konkurrerar,med,mer,direkta,kommunikationsformer,.,Snabba,avklaranden,som,hade,kunnat,lösas,via,ett,kort,samtal,eller,ett,möte,kan,hamna,i,en,lång,tråd,där,missförstånd,växer,och,beslut,fördröjs,.,Därmed,blir,e-post,ibland,en,källa,till,avbrott,och,fragmenterad,arbetsdag,,,snarare,än,ett,verktyg,som,avlastar,.,I,en,miljö,med,många,parallella,projekt,blir,detta,särskilt,påtagligt,:,varje,nytt,meddelande,bär,en,liten,prioriteringsfråga,som,mottagaren,själv,måste,lösa,.,Helhetsbilden,som,växer,fram,är,att,e-post,kan,stödja,effektiv,kommunikation,i,en,IT-intensiv,organisation,,,men,att,effekten,beror,på,hur,den,används,,,vilka,normer,som,råder,och,hur,väl,e-post,kompletteras,av,andra,kanaler,.,Studien,landar,i,att,tekniken,i,sig,inte,avgör,utfallet,.,Det,är,samspelet,mellan,arbetskultur,,,organisatoriska,krav,och,vardagliga,vanor,som,gör,e-post,till,antingen,en,effektiv,samarbetsyta,eller,en,trög,flaskhals,."
"Varje,år,får,allt,fler,män,diagnosen,prostatacancer,och,behandlas,för,sjukdomen,.,Detta,innebär,också,att,fler,män,drabbas,av,de,biverkningar,som,behandlingen,kan,medföra,.,Impotens,ar,en,vanlig,biverkning,.,Syftet,med,studien,var,att,belysa,hur,den,förändrade,sexualiteten,i,samband,med,behandling,av,prostatacancer,kan,påverka,mannens,självbild,och,relationer,.,Metoden,som,använts,var,litteraturstudie,.,Resultatet,visar,,,att,förlorad,potens,påverkar,mannens,välbefinnande,eller,lidande,gällande,sexualitet,.,Dessa,förändringar,leder,ofta,till,att,mannens,självbild,och,identitet,tar,skada,.,Detta,påverkar,i,sin,tur,mannens,relation,med,sin,partner,och,andra,.,I,diskussionen,framkommer,vikten,av,sjuksköterskans,förståelse,samt,bemötande,av,dessa,ofta,äldre,män,,,då,sexualitet,fortfarande,ar,ett,tabubelagt,område,för,dem,.,En,tänkbar,omvårdnadsintervention,är,att,använda,sig,av,PLISSIT-modellen","Behandling,av,prostatacancer,räddar,liv,men,lämnar,ofta,spår,som,inte,syns,på,provsvar,eller,röntgen,.,För,många,män,blir,förändrad,sexualitet,en,av,de,mest,påtagliga,konsekvenserna,,,särskilt,när,impotens,eller,erektil,dysfunktion,uppstår,efter,kirurgi,,,strålbehandling,eller,hormonell,behandling,.,Det,handlar,inte,bara,om,en,kroppslig,funktion,som,sviktar,.,Förlusten,av,spontanitet,,,känslan,av,kontroll,och,möjligheten,att,uttrycka,lust,på,ett,invant,sätt,kan,rubba,mannens,självbild,och,skapa,en,osäkerhet,som,sipprar,in,i,vardagen,.,Självbilden,påverkas,ofta,genom,att,sexualiteten,kopplas,till,föreställningar,om,manlighet,,,styrka,och,att,”,fungera,”,som,partner,.,När,erektionen,inte,kommer,som,förr,kan,det,väcka,skam,,,sorg,eller,irritation,,,ibland,i,en,tyst,form,som,är,svår,att,sätta,ord,på,.,Vissa,beskriver,att,de,känner,sig,äldre,över,en,natt,,,andra,att,kroppen,känns,främmande,.,En,del,drar,sig,undan,,,inte,bara,sexuellt,utan,också,känslomässigt,,,för,att,slippa,bli,påminda,om,förändringen,.,För,andra,blir,problemet,mer,praktiskt,laddat,:,planering,,,hjälpmedel,och,oro,för,misslyckande,gör,att,intimiteten,tappar,sin,lätthet,.,I,relationer,kan,detta,slå,åt,olika,håll,.,I,par,där,kommunikationen,redan,är,försiktig,kan,erektil,dysfunktion,bli,ett,nytt,område,som,ingen,vill,röra,vid,.,Partnern,kan,tolka,undvikande,som,brist,på,lust,eller,kärlek,,,medan,mannen,själv,kan,uppleva,att,han,skyddar,både,sig,själv,och,relationen,genom,att,inte,försöka,.,Det,kan,uppstå,en,spiral,av,missförstånd,,,där,båda,längtar,efter,närhet,men,inte,hittar,fram,.,Samtidigt,finns,relationer,där,sjukdomserfarenheten,skapar,en,öppning,.,När,pressen,på,prestation,minskar,kan,intimitet,få,andra,uttryck,:,mer,ömhet,,,mer,närvaro,,,ett,annat,tempo,.,Det,sker,sällan,av,sig,självt,,,men,det,kan,ske,.,Livskvaliteten,påverkas,ofta,i,skärningspunkten,mellan,det,fysiska,och,det,psykosociala,.,Erektil,dysfunktion,kan,sammanfalla,med,trötthet,,,urinbesvär,och,förändrad,lust,,,särskilt,vid,hormonell,behandling,.,Tillsammans,kan,det,göra,att,mannen,känner,sig,begränsad,i,sin,roll,som,partner,och,i,sin,bild,av,vem,han,är,.,För,vissa,blir,sexualiteten,ett,mått,på,hur,”,frisk,”,man,egentligen,är,efter,behandlingen,;,för,andra,väcker,den,en,sorg,över,det,som,inte,kommer,tillbaka,.,Det,finns,också,män,som,upplever,lättnad,när,cancersjukdomen,är,behandlad,och,sexualiteten,får,stå,tillbaka,.,Även,det,kan,skapa,spänningar,,,särskilt,om,partnerns,behov,ser,annorlunda,ut,.,Ur,ett,omvårdnadsperspektiv,blir,bemötandet,centralt,.,Sexualitet,hamnar,lätt,i,skuggan,av,cancerdiagnosen,,,men,för,patienten,kan,den,vara,helt,avgörande,för,hur,livet,efter,behandling,upplevs,.,När,vårdpersonal,tar,upp,ämnet,på,ett,rakt,och,respektfullt,sätt,minskar,känslan,av,att,vara,ensam,eller,”,onormal,”,.,Information,om,vanliga,sexuella,biverkningar,,,realistiska,förväntningar,och,tillgängliga,behandlingsalternativ,(,läkemedel,,,vakuumpump,,,injektionsbehandling,,,rehabilitering,),kan,ge,tillbaka,en,del,av,kontrollen,.,Lika,mycket,handlar,det,om,samtal,:,att,få,sätta,ord,på,skam,,,oro,och,förändrade,behov,utan,att,bli,avfärdad,.,Att,vid,behov,inkludera,partnern,kan,underlätta,,,eftersom,problemen,ofta,delas,även,när,de,känns,privata,.,Den,förändrade,sexualiteten,efter,prostatacancerbehandling,blir,alltså,sällan,en,isolerad,komplikation,.,Den,kan,påverka,hur,mannen,ser,på,sig,själv,,,hur,han,vågar,vara,nära,,,och,hur,relationer,fungerar,i,praktiken,.,När,omvårdnaden,fångar,upp,dessa,frågor,tidigt,och,återkommande,ökar,chansen,att,mannen,och,paret,hittar,strategier,som,fungerar,,,även,om,sexualiteten,inte,blir,som,förr,."
"Rapporten,huvudsyfte,är,att,beskriva,hur,vi,genom,användning,av,språk,och,kommunikation,har,kunnat,tillgodose,våra,användares,krav,på,ett,ärendehanteringssystem,,,samt,på,vilket,sätt,vi,har,använt,artefakter,för,att,kommunicera,.,Vi,kommer,att,beskriva,olika,delar,av,projektet,där,språk,och,kommunikation,har,haft,centrala,"",roller,"",och,visat,sig,ha,olika,betydelse,beroende,på,de,personer,som,medverkar,och,i,vilken,miljö,situationen,har,utspelat,sig,.,Rapporten,behandlar,även,hur,resultatet,av,ovanstående,har,lett,oss,in,i,en,utvecklingsprocess,där,vi,försökt,tillgodose,användarens,krav,på,bästa,sätt,.,Vi,kommer,också,att,beskriva,de,kända,och,tidigare,okända,metoder,som,vi,använt,oss,av,för,att,uppnå,vår,målsättning,,,att,överlämna,en,första,prototyp,av,ett,ärendehanteringssystem","Helena,Anderssons,uppsats,tar,avstamp,i,systemutveckling,där,fokus,ligger,på,hur,en,designprocess,faktiskt,formas,när,den,sker,nära,användare,och,inom,ramarna,för,ett,redan,existerande,system,.,Utgångspunkten,är,att,utveckling,sällan,börjar,på,ett,blankt,papper,.,I,stället,handlar,arbetet,om,att,förstå,och,förändra,något,som,redan,används,,,med,tidigare,beslut,inbyggda,i,gränssnitt,,,funktioner,och,arbetsflöden,.,Det,gör,designarbetet,mer,förhandlande,än,uppfinnande,.,Ett,bärande,tema,är,relationen,mellan,användare,och,utvecklingsteam,.,Användarnas,behov,framträder,inte,bara,genom,intervjuer,och,kravlistor,utan,genom,språket,som,används,i,vardagen,och,i,mötet,med,systemet,.,Orden,betyder,saker,,,men,de,gör,också,saker,:,de,markerar,ansvar,,,prioriteringar,och,gränser,.,När,teamet,tolkar,detta,språk,sker,det,inte,neutralt,.,Det,påverkas,av,tidigare,erfarenheter,,,av,vilken,del,av,organisationen,man,tillhör,och,av,hur,man,pratar,om,”,problem,”,och,”,lösningar,”,.,Kommunikation,genom,artefakter,ges,en,central,roll,.,Skisser,,,prototyper,,,user,stories,,,ärendelistor,och,andra,mellanprodukter,fungerar,som,gemensamma,ytor,där,olika,perspektiv,kan,mötas,utan,att,allt,måste,vara,färdigformulerat,.,Artefakterna,blir,ett,sätt,att,hålla,samtalet,igång,när,det,saknas,enhetliga,begrepp,eller,när,målkonflikter,ligger,under,ytan,.,De,kan,samtidigt,skapa,missförstånd,.,En,prototyp,kan,uppfattas,som,ett,löfte,snarare,än,ett,förslag,,,och,en,enkel,formulering,i,en,backlog,kan,få,orimligt,stor,tyngd,när,den,cirkulerar,mellan,roller,.,Arbete,i,grupp,framställs,som,både,motor,och,friktion,i,designprocessen,.,Beslut,formas,i,möten,,,i,informella,avstämningar,och,i,de,små,kompromisserna,som,sällan,dokumenteras,.,Vem,som,får,tolkningsföreträde,skiftar,över,tid,och,beror,ofta,på,vilken,artefakt,som,råkar,vara,i,fokus,.,När,designen,ska,passa,in,i,ett,befintligt,system,blir,samordning,extra,påtaglig,:,tekniska,begränsningar,,,tidigare,användarvanor,och,organisationens,språkbruk,drar,åt,olika,håll,.,Resultatet,blir,en,process,där,design,inte,enbart,handlar,om,gränssnitt,,,utan,om,hur,människor,tillsammans,skapar,mening,,,förhandlar,om,förståelse,och,stegvis,gör,systemet,mer,användbart,utan,att,riva,upp,allt,som,redan,fungerar,."
"Bakgrund,:,Mycket,tyder,på,att,massage,har,förekommit,i,många,kulturer,under,flera,århundranden,.,tidigare,forskning,visar,att,råttor,som,blev,strukna,på,magen,eller,ryggen,blev,lugnare,och,fick,lägre,blodtryck,som,följd,.,Syfte,:,Syftet,med,studien,var,att,belysa,om,terapeutisk,fysisk,beröring,har,någon,effekt,för,människors,välbefinnande,.,Metod,:,En,litteraturstudie,som,bygger,på,nio,artiklar,.,Artiklarnas,resultat,analyserades,med,hjälp,av,Graneheim,&,Lundmans,innehållsanalysmetod,.,Detta,resulterade,i,tio,subkategorier,och,tre,kategorier,.,Resultat,:,I,flera,fall,uppgav,testpersonerna,att,deras,smärta,,,oro,och,ångest,lindrades,.,Resultatet,visade,att,massage,hade,sänkande,effekt,på,blodtryck,och,visade,även,att,vårdtiden,förkortades,samt,att,läkemedelsförbrukningen,minskade,.,Diskussion,:,I,de,fall,där,man,inte,fann,några,konkreta,fysiska,förbättringar,uppgav,likväl,testpersonerna,att,de,tyckte,att,massage,var,skönt,och,avslappnande","Titeln,“,Fysisk,beröring,för,människans,välbefinnande,?,”,fångar,en,vardaglig,erfarenhet,som,samtidigt,rymmer,tydliga,medicinska,och,psykologiska,frågor,.,Beröring,är,en,av,de,tidigaste,kommunikationsformerna,vi,har,,,och,i,vuxenlivet,fortsätter,den,att,fungera,som,en,regulator,av,både,känsloläge,och,kroppsliga,stressreaktioner,.,I,den,här,texten,förstås,fysisk,beröring,främst,genom,massage,och,terapeutisk,beröring,,,där,syftet,inte,är,prestation,eller,rehabilitering,i,snäv,mening,utan,ett,bredare,välbefinnande,.,Massage,lyfts,ofta,fram,som,ett,praktiskt,verktyg,för,att,påverka,smärta,.,Det,handlar,inte,enbart,om,muskler,som,“,slappnar,av,”,,,utan,också,om,hur,nervsystemet,tolkar,signaler,.,Beröring,kan,skifta,uppmärksamhet,,,minska,hotkänslan,i,kroppen,och,dämpa,smärtupplevelsen,,,särskilt,vid,spänningsrelaterad,värk,.,Effekten,verkar,ofta,vara,starkast,när,behandlingen,upplevs,som,trygg,och,anpassad,,,vilket,gör,relationen,och,sammanhanget,till,en,del,av,själva,interventionen,.,På,den,psykologiska,sidan,kopplas,beröring,ofta,till,minskad,oro,och,ångest,.,En,lugn,,,avgränsad,beröringssituation,kan,sänka,den,inre,beredskapen,och,ge,en,kroppslig,upplevelse,av,kontroll,.,För,vissa,blir,detta,tydligt,som,mental,avlastning,;,för,andra,märks,det,mer,indirekt,i,sömn,,,återhämtning,och,vardagsstress,.,Terapeutisk,beröring,har,i,det,perspektivet,en,dubbel,funktion,:,den,kan,både,vara,en,konkret,kroppslig,stimulans,och,en,signal,om,omsorg,och,social,trygghet,.,Oxytocin,nämns,ofta,som,en,biologisk,nyckel,i,sammanhanget,.,Hormonet,förknippas,med,social,bindning,och,lugn,,,och,beröring,kan,bidra,till,ökade,nivåer,och,därigenom,påverka,stressystemen,.,Det,passar,ihop,med,observationer,om,sänkt,fysiologisk,aktivering,,,där,även,blodtryck,ibland,uppvisar,en,nedgång,efter,avslappnande,behandlingar,.,Alla,reagerar,inte,likadant,,,men,idén,om,att,beröring,kan,“,ställa,om,”,från,stress,till,återhämtning,har,stöd,i,hur,autonoma,nervsystemet,fungerar,.,Sammantaget,pekar,nyckelorden,mot,en,helhetsbild,där,fysisk,beröring,kan,förstås,som,en,lågtröskelinsats,med,potential,att,påverka,välbefinnande,genom,flera,vägar,samtidigt,:,smärta,,,känsloreglering,,,stresshormoner,och,cirkulatoriska,markörer,som,blodtryck,.,Det,som,framträder,är,inte,en,mirakelmetod,,,utan,en,mänsklig,och,ofta,underskattad,resurs,som,blir,mest,verksam,när,den,ges,med,tydlighet,,,samtycke,och,en,känsla,av,trygghet,."
"Den,nuvarande,svenska,regleringen,beträffande,det,straffrättsliga,ansvaret,för,psykiskt,störda,lagöverträdare,är,i,ett,internationellt,perspektiv,unik,.,I,svensk,gällande,rätt,är,psykiskt,störda,människor,ansvariga,för,sina,handlingar,i,den,meningen,att,de,inte,frikänns,utan,kan,dömas,till,påföljder,.,Det,är,30:6,BrB,som,reglerar,den,straffrättsliga,särbehandlingen,,,som,har,flyttats,från,ansvarsledet,till,påföljdsledet,,,genom,ett,fängelseförbud,för,allvarligt,psykiskt,störda,gärningsmän,.,I,vissa,,,inte,alldeles,ovanliga,,,fall,kan,gärningsmannen,ha,begått,brottet,under,en,kortvarig,men,allvarlig,psykisk,störning,,,här,kallad,”,kortvarig,psykos,”,.,När,han,då,vid,domstillfället,har,tillfrisknat,och,befinner,sig,i,ett,normalt,psykiskt,tillstånd,uppstår,problem,.,Domstolen,ska,med,hjälp,av,läkarutlåtande,(,§,7-intyg,),eller,utlåtande,från,socialstyrelsens,rättsliga,råd,(,RPU,),avgöra,huruvida,en,kortvarig,psykos,faktiskt,förelåg,och,om,gärningsmannen,då,ska,vara,fri,från,påföljd,.,Denna,situation,kompliceras,ytterligare,när,gärningsmannen,genom,eget,vållande,har,försatt,sig,i,det,sinnestillståndet,.,Denna,typ,av,psykoser,är,vanligtvis,rusutlösta,.,Studien,undersöker,gällande,rätt,med,avsikten,att,utreda,de,psykiskt,störda,lagöverträdarnas,straffansvar,,,med,fokus,på,påföljdsfrågan,i,valet,mellan,fängelse,och,rättpsykiatrisk,vård,.,Tonvikten,ligger,på,de,gärningsmän,som,lidit,av,en,kortvarig,psykos,.,Det,framkommer,att,lagen,ger,ett,alltför,stort,utrymme,för,tolkning,när,det,handlar,om,huruvida,gärningsmän,med,kortvariga,psykoser,ska,gå,fria,från,påföljd,eller,inte,.,Ett,antal,rättsfall,refereras,i,syfte,att,på,ett,enkelt,sätt,illustrera,problemet,.,Studien,undersöker,även,om,Psykansvarkommitténs,betänkande,framlagt,en,tillfredställande,lösning,på,det,nämnda,problemet,varefter,en,konklusion,följer","Uppsatsen,med,titeln,”,Man,kan,vara,sjuk,och,frisk,samma,dag,”,undersöker,den,rättsliga,ställningen,för,lagöverträdare,med,psykisk,störning,och,hur,svensk,offentlig,rätt,hanterar,gränslandet,mellan,straffrätt,och,tvångsvård,.,Utgångspunkten,är,den,vardagliga,men,juridiskt,laddade,iakttagelsen,att,psykiskt,mående,kan,skifta,snabbt,och,att,en,person,kan,framstå,som,både,fungerande,och,allvarligt,störd,inom,kort,tid,.,Det,skapar,friktion,i,ett,system,som,gärna,vill,arbeta,med,tydliga,kategorier,:,ansvar,eller,inte,ansvar,,,straff,eller,vård,,,frihet,eller,tvång,.,Studien,kretsar,kring,hur,begreppet,psykisk,störning,får,betydelse,i,rättsprocessen,.,Det,handlar,inte,bara,om,diagnoser,,,utan,om,juridiska,trösklar,och,bevisfrågor,:,när,anses,en,störning,vara,så,allvarlig,att,den,påverkar,påföljdsvalet,,,och,vem,får,i,praktiken,tolkningsföreträde,när,medicinsk,bedömning,möter,rättsliga,krav,?,I,fokus,ligger,samspelet,mellan,domstolarnas,prövning,,,rättspsykiatriska,utlåtanden,och,de,regler,som,styr,möjligheten,att,besluta,om,tvångsvård,.,Här,syns,en,spänning,mellan,skyddet,för,den,enskildes,integritet,och,samhällets,intresse,av,säkerhet,och,kontroll,,,särskilt,när,riskbedömningar,blir,en,del,av,argumentationen,.,Ett,återkommande,tema,är,hur,rättsordningen,hanterar,förändring,över,tid,.,Psykisk,ohälsa,är,sällan,statisk,,,medan,juridiken,ofta,behöver,fixera,ett,tillstånd,vid,ett,visst,ögonblick,:,vid,gärningen,,,vid,rättegången,,,vid,verkställigheten,.,Det,gör,att,frågor,om,ansvar,och,påföljd,kan,få,en,skör,grund,.,Tvångsvård,framstår,då,som,ett,verktyg,som,både,kan,fungera,som,skydd,och,som,begränsning,,,eftersom,den,knyts,till,kriterier,om,allvarlig,psykisk,störning,och,vårdbehov,men,också,får,konsekvenser,som,påminner,om,straffrättens,:,frihetsberövande,,,kontroll,och,långvariga,ingrepp,.,Uppsatsen,belyser,även,vad,denna,ordning,innebär,för,den,enskildes,rättssäkerhet,.,När,gränsen,mellan,vård,och,sanktion,blir,otydlig,riskerar,rättigheter,att,hamna,i,ett,mellanläge,.,Den,som,bedöms,behöva,tvångsvård,kan,samtidigt,uppfattas,som,”,för,frisk,”,för,att,passa,in,i,den,rättspsykiatriska,logiken,,,men,”,för,sjuk,”,för,att,behandlas,som,andra,lagöverträdare,.,Titeln,fångar,därmed,en,central,poäng,:,samma,person,kan,,,beroende,på,tidpunkt,och,bedömningsram,,,beskrivas,på,två,motstridiga,sätt,utan,att,någon,nödvändigtvis,har,fel,.,Studien,pekar,mot,att,den,rättsliga,ställningen,för,psykiskt,störda,lagöverträdare,formas,lika,mycket,av,systemets,behov,av,ordning,och,gränsdragning,som,av,individens,faktiska,tillstånd,."
"Det,moderna,arbetslivet,präglas,av,att,nya,krav,ställs,på,individen,.,En,förståelse,för,vilka,dessa,krav,är,och,framför,allt,hur,individen,kan,hantera,dessa,och,vilka,psykologiska,förmågor,som,individen,behöver,är,inte,så,väl,undersökt,i,Sverige,.,Syftet,med,detta,arbete,är,därför,att,ta,reda,på,vilka,psykologiska,förmågor,som,krävs,för,att,hantera,kraven,i,det,moderna,arbetslivet,.,Som,metod,för,att,undersöka,detta,gjordes,en,litteraturstudie,av,forskning,kring,det,moderna,arbetslivets,krav,och,resultaten,analyserades,utifrån,ett,utvecklingspsykologiskt,perspektiv,baserade,på,Kegans,teorier,om,vuxnas,utveckling,.,Resultaten,visar,på,att,det,moderna,arbetslivet,ställer,krav,på,att,vi,kan,utforma,,,själva,ta,initiativ,och,styra,vårt,arbete,.,Individen,måste,själv,kunna,skapa,en,rågång,i,sitt,liv,mellan,arbete,,,privatliv,och,normsystem,och,kunna,ta,ansvar,för,sitt,välmående,på,och,utanför,arbetet,,,inneha,social,och,situationsanpassad,kompetens,och,till,sist,kunna,se,sin,del,i,ett,större,perspektiv,.,Detta,ställer,krav,på,individen,att,minst,ha,en,självförvaltande,kompetens,vilket,innebär,en,utvecklingsnivå,enligt,Kegans,teorier,på,minst,steg,4,,,ett,så,kallat,livsförfattande,förhållningssätt,.,Det,är,först,på,denna,nivå,individen,har,möjlighet,att,aktivt,och,självständigt,skapa,,,utforma,och,ta,ansvar,för,sitt,liv","Det,moderna,arbetslivet,präglas,av,högt,tempo,,,otydliga,gränser,och,en,ständig,förväntan,på,omställning,.,Krav,på,flexibilitet,,,självledarskap,och,kontinuerligt,lärande,har,blivit,en,del,av,vardagen,i,många,yrken,,,samtidigt,som,digitaliseringen,både,effektiviserar,och,skapar,nya,former,av,belastning,.,Arbetsuppgifter,flyter,lätt,ihop,med,kommunikationsflöden,,,och,den,som,arbetar,förväntas,ofta,vara,nåbar,,,uppdaterad,och,redo,att,växla,spår,.,I,den,här,kontexten,blir,frågan,inte,bara,hur,mycket,människor,orkar,,,utan,hur,de,utvecklas,–,och,vad,som,händer,när,arbetslivets,krav,möter,vuxenlivets,psykologiska,förändringsprocesser,.,Ur,ett,vuxenutvecklingspsykologiskt,perspektiv,kan,arbetslivet,förstås,som,en,arena,där,identitet,,,ansvar,och,relationer,prövas,och,omformas,över,tid,.,Vuxenutveckling,handlar,inte,enbart,om,att,samla,erfarenhet,,,utan,om,att,förändra,sättet,man,tolkar,sig,själv,och,sin,omvärld,.,När,arbetsvillkor,kräver,snabb,anpassning,kan,det,trigga,utveckling,,,men,också,skapa,friktion,.,En,del,klarar,förändring,genom,att,skruva,på,rutiner,eller,jobba,hårdare,;,andra,tvingas,omförhandla,sin,självbild,,,sina,prioriteringar,och,sin,syn,på,prestation,.,Särskilt,när,kraven,är,diffusa,–,“,ta,ägarskap,”,,,“,vara,proaktiv,”,,,“,driva,värde,”,–,blir,det,psykologiska,tolkningsarbetet,en,del,av,jobbet,.,I,tidigt,vuxenliv,sammanfaller,arbetslivets,krav,ofta,med,etableringsprojekt,:,att,hitta,riktning,,,bygga,kompetens,och,bli,tagen,på,allvar,.,Det,kan,ge,energi,,,men,också,göra,sårbarheten,större,för,jämförelse,och,prestationsstress,.,Senare,i,vuxenlivet,handlar,utmaningarna,oftare,om,att,integrera,flera,livsområden,och,stå,ut,med,att,allt,inte,kan,optimeras,samtidigt,.,Kraven,i,arbetslivet,kan,då,upplevas,som,mer,existentiella,än,praktiska,:,Vad,ska,få,ta,plats,?,Vad,är,rimligt,att,offra,?,När,organisationer,driver,förändring,utan,stabilitet,riskerar,arbetet,att,bli,en,plats,där,man,ständigt,ska,“,bli,någon,annan,”,,,vilket,kan,krocka,med,behovet,av,kontinuitet,och,mening,.,Samtidigt,kan,samma,krav,fungera,som,katalysatorer,för,mognad,.,När,människor,ges,utrymme,att,reflektera,,,påverka,och,lära,i,takt,med,sin,livssituation,kan,komplexa,arbetsuppgifter,stödja,utveckling,av,omdöme,,,tolerans,för,osäkerhet,och,en,mer,nyanserad,självkänsla,.,Skillnaden,ligger,ofta,i,villkoren,:,rimliga,ramar,,,återhämtning,,,tydlighet,kring,ansvar,och,en,kultur,där,man,får,vara,människa,även,när,man,presterar,.,Utan,sådant,stöd,tenderar,kraven,att,slå,över,i,kronisk,stress,,,cynism,eller,ett,smalare,sätt,att,fungera,där,man,fokuserar,på,att,överleva,veckan,snarare,än,att,utvecklas,.,Sammanfattningen,pekar,mot,att,arbetslivets,krav,inte,kan,förstås,enbart,som,externa,belastningar,som,ska,minskas,eller,hanteras,.,De,interagerar,med,vuxenutvecklingens,processer,,,och,kan,både,främja,och,hindra,psykologisk,mognad,beroende,på,hur,arbetet,organiseras,och,hur,individens,livssituation,ser,ut,.,Frågan,blir,därför,hur,arbetsplatser,kan,utformas,så,att,de,inte,bara,kräver,anpassning,,,utan,också,möjliggör,utveckling,som,håller,över,tid,."
"Försvarsmaktens,nya,inriktning,med,förskjutning,från,invasionsförsvar,till,insatsförsvar,samt,Sverigesökande,internationella,engagemang,kräver,en,försvarsmakt,som,aktivt,kan,utnyttjas,som,ett,säkerhetspolitiskt,instrument,.,Detta,ställer,krav,på,att,Försvarsmakten,flexibelt,kan,genomföra,insatser,med,kort,varsel,vid,såväl,nationell,sominternationell,konflikthantering,.,För,att,genomföra,det,krävs,ett,fokuserat,stöd,i,form,av,snabb,och,flexibel,logistik,.,Detmilitära,försvarets,agerande,skall,präglas,av,manövertänkande,vilket,innebär,att,logistikresurserna,bör,utformas,så,att,destridande,enheternas,manöverförmåga,vidmakthålls,och,helst,förstärks,av,ett,robust,och,dynamiskt,logistiksystem,.,Ett,sättatt,stödja,den,utvecklingen,kan,vara,att,använda,simuleringssystem,i,större,omfattning,.,Uppsatsen,syfte,är,att,undersöka,vilket,behov,av,simuleringssystem,för,logistik,som,Försvarsmakten,har,samt,att,studeravilka,befintliga,system,som,är,användbara,i,framtiden,.,Kvalitativa,intervjuer,och,litteraturstudier,utgör,källmaterialet,föruppsatsen,.,Metoden,som,använts,i,studien,utgörs,av,konstruktion,av,hypoteser,samt,prövning,av,dessa,.,Uppsatsens,resultat,pekar,på,att,det,finns,ett,stort,behov,av,simuleringssystem,för,logistik,inom,Försvarsmakten,men,attdet,råder,osäkerhet,om,vilka,områden,som,är,viktigast,att,simulera,.,Detta,kan,bero,på,att,Försvarsmakten,inte,har,enlogistikdoktrin,och,att,begreppet,logistik,inte,ännu,är,klart,definierat,.,Försvarsmaktens,uppföljning,av,tillgängliga,resursermåste,förbättras,för,att,ge,ett,bra,underlag,till,ett,simuleringssystem,.,Det,finns,en,risk,att,en,kritisk,sårbarhet,uppstår,förFörsvarsmakten,om,ett,simuleringssystem,används,för,att,minska,tillgängliga,logistikresurser,på,grund,av,fredsrationalitetoch,minskade,anslag,.,Befintliga,simuleringssystem,inom,logistik,är,antingen,föråldrade,eller,är,på,väg,att,bli,omodernainom,några,år,.,Ett,nytt,system,bör,vara,försvarsgrensgemensamt,och,bygga,på,en,struktur,med,system,av,system,fråntaktisk,till,strategisk,nivå,.,Systemet,behöver,vara,interoperabelt,med,civila,leverantörers,system,och,internationellaorganisationers,som,FN,,,NATO,och,EU,.,Det,bör,undersökas,i,vilken,utsträckning,civila,system,kan,användas","Uppsatsen,tar,sin,utgångspunkt,i,en,enkel,men,besvärlig,fråga,:,räcker,Försvarsmaktens,sätt,att,planera,och,öva,logistik,när,manöverkrigföring,ställer,krav,på,tempo,,,rörlighet,och,snabba,omgrupperingar,,,eller,behövs,simuleringssystem,som,en,mer,integrerad,del,av,verksamheten,?,I,fokus,står,glappet,mellan,hur,logistik,ofta,framställs,i,planeringsdokument,och,hur,den,faktiskt,beter,sig,när,förband,rör,sig,,,förbrukar,,,slits,och,tvingas,fatta,beslut,under,osäkerhet,.,Det,handlar,inte,bara,om,att,räkna,bränsle,och,ammunition,,,utan,om,att,förstå,hur,försörjningskedjor,påverkas,av,hot,,,terräng,,,ledtider,och,begränsade,resurser,.,Mot,bakgrund,av,Chefsprogrammet,och,den,doktrinella,betoningen,på,manöverkrigföring,prövas,idén,att,simulering,kan,fungera,som,ett,verktyg,för,att,synliggöra,logistikens,begränsningar,och,handlingsutrymme,redan,i,planerings-,och,utbildningsskedet,.,Simulering,beskrivs,som,en,möjlighet,att,testa,olika,upplägg,för,försörjning,,,underhåll,och,transport,utan,att,binda,stora,övningsresurser,,,och,samtidigt,få,fram,konsekvenser,som,annars,lätt,tappas,bort,:,flaskhalsar,,,sårbarheter,,,effekten,av,friktion,och,hur,små,störningar,kan,slå,igenom,i,hela,systemet,.,Den,typen,av,insikter,blir,särskilt,relevanta,när,man,vill,öva,ledning,och,beslutsfattande,snarare,än,enbart,procedurer,.,Uppsatsen,pekar,också,på,att,värdet,av,simuleringssystem,inte,ligger,i,att,de,ger,“,rätta,svar,”,,,utan,i,att,de,tvingar,fram,tydligare,antaganden,och,gör,avvägningar,mätbara,.,De,kan,stödja,såväl,utbildning,som,stabsarbete,,,men,kräver,att,logistikdata,,,modeller,och,användarkompetens,håller,en,nivå,som,gör,resultaten,trovärdiga,.,Annars,riskerar,simuleringen,att,bli,en,isolerad,teknikprodukt,som,lever,sitt,eget,liv,vid,sidan,av,förbandsverkligheten,.,Slutsatsen,landar,i,att,Försvarsmakten,har,ett,reellt,behov,av,simuleringssystem,för,logistik,,,framför,allt,som,stöd,för,att,pröva,handlingsalternativ,och,för,att,öva,beslutsfattande,under,tidspress,.,Behovet,drivs,av,manöverkrigföringens,krav,,,men,också,av,att,logistiken,ofta,är,den,faktor,som,i,praktiken,sätter,gränsen,för,vad,som,går,att,genomföra,."
"Utgångspunkten,för,min,studie,har,varit,att,se,på,ur,vilket,perspektiv,Islam,behandlas,i,tre,västerländska,nyhetskanaler,eller,nyhetsprogram,.,De,tre,undersökta,nyhetskanalerna,har,varit,Euronews,,,Aktuellt,och,TV4s,nyheter,.,Undersökningen,har,gjorts,under,mars,månad,år,2000,.,Ett,nyhetsprogram,från,var,och,en,av,de,tre,kanalerna,spelades,in,varje,dag,.,För,att,en,korrekt,tolkning,skall,ha,varit,möjlig,har,jag,vidare,studerat,en,mängd,litteratur,.,En,del,har,behandlat,vad,Islam,är,,,medan,annan,litteratur,behandlat,hur,media,använder,olika,stereotyper,och,schablonsbilder,när,de,skall,beskriva,ett,nyhetsfenomen,.,När,det,gäller,mediabilden,så,förekommer,det,i,arbetet,en,separat,punkt,som,just,behandlar,media,och,dess,bilder,av,verkligheten,.,En,annan,kompletterande,litteratur,har,rört,ämnet,"",orientalism,"",vilket,kan,beskrivas,som,ett,specifikt,sätt,att,beskriva,Orienten,på,.,Detta,har,föranlett,att,en,separat,punkt,med,ämnet,"",orientalism,"",finns,i,mitt,arbete,.,Vidare,innehåller,arbetet,en,enkätundersökning,utförd,på,Högskolan,i,Gävle,000828,.,I,enkäten,frågas,om,olika,ords,värdeladdning,.,Nästan,samtliga,ord,som,förekom,i,enkäten,har,en,anknytning,till,ett,islamiskt,sammanhang","Uppsatsen,undersöker,hur,islam,framställs,i,tre,nyhetsprogram,och,vilka,konsekvenser,dessa,bilder,får,för,publikens,förståelse,av,religionen,och,de,människor,som,kopplas,till,den,.,Utgångspunkten,är,att,nyhetsrapportering,inte,bara,speglar,verkligheten,utan,också,sorterar,,,värderar,och,sätter,ramar,för,vad,som,uppfattas,som,normalt,eller,avvikande,.,I,materialet,prövas,om,islam,ges,utrymme,som,en,mångfacetterad,religion,och,vardagspraktik,,,eller,om,den,oftare,placeras,i,berättelser,där,konflikt,,,hot,eller,kulturell,krock,blir,den,bärande,logiken,.,Analysen,knyter,an,till,medieforskning,om,representation,och,till,orientalism,som,tolkningsram,.,Här,blir,det,tydligt,hur,vissa,återkommande,mönster,kan,skapa,en,distans,mellan,”,vi,”,och,”,de,andra,”,.,När,islam,kopplas,till,utrikespolitik,,,säkerhet,och,social,oro,riskerar,religionen,att,framstå,som,en,enhetlig,förklaring,till,komplexa,händelser,.,Nyhetsprogrammens,val,av,ord,,,bildmaterial,,,rubriker,och,vilka,röster,som,får,tolkningsföreträde,granskas,därför,som,mer,än,neutrala,detaljer,.,Tendentiösa,drag,kan,visa,sig,i,små,förskjutningar,:,när,problem,görs,religiösa,snarare,än,politiska,,,när,muslimska,aktörer,främst,syns,som,misstänkta,,,sörjande,eller,hotfulla,,,eller,när,”,muslimer,”,behandlas,som,en,homogen,grupp,utan,interna,skillnader,.,En,central,del,av,undersökningen,rör,diskriminering,i,mediernas,vardagliga,form,,,alltså,hur,stereotyper,och,snäva,ramar,kan,reproduceras,utan,att,någon,explicit,uttrycker,fientlighet,.,Kulturmöten,skildras,ofta,genom,konfliktens,dramaturgi,,,vilket,gör,att,det,som,fungerar,,,blandas,och,förhandlas,i,vardagen,sällan,blir,nyhetsmässigt,.,Resultatet,pekar,mot,att,de,tre,nyhetsprogrammen,i,olika,grad,bidrar,till,att,förstärka,en,orientalistisk,blick,där,islam,blir,något,som,ska,förklaras,,,hanteras,eller,kontrolleras,,,snarare,än,något,som,självklart,ryms,inom,samhällsgemenskapen,.,Samtidigt,syns,variationer,mellan,programmen,,,där,vissa,inslag,ger,plats,åt,fler,perspektiv,och,där,muslimska,röster,ibland,får,definiera,sina,egna,erfarenheter,,,men,ofta,inom,ramar,som,redan,är,satta,av,redaktionens,problemformulering,.,Uppsatsen,landar,i,att,nyhetsrapporteringen,spelar,en,aktiv,roll,i,skapandet,av,sociala,gränser,.,När,islam,återkommande,används,som,markör,för,avvikelse,påverkas,publikens,föreställningar,om,tillhörighet,och,legitimitet,.,Det,handlar,inte,enbart,om,enskilda,felaktigheter,,,utan,om,ett,mönster,av,återberättande,som,med,tiden,kan,normalisera,misstänkliggörande,och,göra,diskriminerande,tolkningar,mer,plausibla,."
"Syftet,med,uppsatsen,var,att,undersöka,socialsekreterarnas,arbete,med,att,följa,upp,det,familjehemsplacerade,barnet,,,vårdnadshavarna,och,familjehemmet,.,För,att,besvara,undersökningens,syfte,användes,kvalitativ,metod,.,Studien,grundade,sig,på,intervjuer,med,fyra,barnhandläggare,och,fyra,familjehemsekreterare,som,arbetar,inom,åtta,olika,kommuner,.,I,tidigare,forskning,framkom,att,socialtjänsten,brister,i,sin,uppföljning,av,det,familjehemsplacerade,barnet,,,vårdnadshavarna,och,familjehemmet,.,För,att,understryka,socialnämndens,ansvar,under,pågående,familjehemsplacering,har,regeringen,infört,detaljerade,bestämmelser,i,5,kap,1b,§,Socialtjänstförordningen,.,Litteraturen,som,ingår,i,studien,redogör,dels,för,handlingsutrymmet,som,existerar,inom,socialsekreterarnas,arbete,och,hjälper,till,att,få,en,djupare,förståelse,för,kontexten,inom,organisationen,.,Tolkningsramen,innefattas,även,av,den,diskussion,som,förs,angående,socialsekreterarnas,kompetens,inom,uppföljningsarbete,.,Resultatet,från,intervjuerna,visade,att,socialsekreterarna,i,varierande,omfattning,utför,det,uppföljningsarbete,som,lagen,föreskriver,men,att,i,socialförvaltningarnas,organisationer,prioriteras,inte,uppföljningsarbetet,.,Respondenterna,i,studien,anser,sig,ha,bristande,kompetens,och,att,de,har,svårt,att,se,sitt,eget,handlingsutrymme,i,uppföljningsarbetet","Uppsatsen,tar,sin,utgångspunkt,i,familjehemsvård,och,de,villkor,som,omger,arbetet,när,barn,och,unga,placeras,i,familjehem,.,Med,fokus,på,stöd,och,uppföljning,undersöks,hur,socialtjänstens,ansvar,enligt,socialtjänstlagen,tar,form,i,praktiken,,,och,vad,som,händer,när,lagens,krav,möter,vardagens,organisatoriska,ramar,.,Ett,genomgående,spår,är,hur,själva,organisationen,påverkar,möjligheterna,att,ge,ett,likvärdigt,stöd,till,familjehem,och,samtidigt,följa,upp,placeringen,på,ett,sätt,som,både,är,rättssäkert,och,meningsfullt,.,Tyngdpunkten,ligger,på,socialsekreterarnas,kompetens,och,handlingsutrymme,.,Arbetet,kräver,juridisk,kunskap,,,förmåga,att,bedöma,barnets,behov,över,tid,och,en,relationell,skicklighet,i,kontakten,med,familjehem,,,barn,och,biologiska,föräldrar,.,I,materialet,framträder,hur,kompetens,inte,enbart,är,en,fråga,om,utbildning,och,erfarenhet,,,utan,också,om,tillgång,till,handledning,,,rimlig,arbetsbelastning,och,stabila,arbetsgrupper,.,När,personalomsättning,och,tidsbrist,blir,styrande,riskerar,uppföljningen,att,glida,mot,det,administrativa,.,Då,tenderar,stödet,att,bli,mer,reaktivt,än,planerat,,,vilket,kan,skapa,osäkerhet,för,familjehemmen,och,göra,det,svårare,att,fånga,upp,tidiga,tecken,på,att,barnet,inte,har,det,bra,.,Uppsatsen,belyser,också,spänningen,mellan,kontroll,och,stöd,.,Socialtjänsten,förväntas,både,granska,och,samtidigt,vara,en,hjälpande,aktör,.,Hur,den,balansen,hanteras,verkar,i,hög,grad,bero,på,organisatoriska,lösningar,:,ansvarsfördelning,mellan,enheter,,,hur,uppföljningsrutiner,ser,ut,och,om,det,finns,strukturer,som,faktiskt,ger,utrymme,för,kontinuitet,.,Sammantaget,tecknas,en,bild,av,familjehemsvård,där,lagstiftningens,intentioner,är,tydliga,,,men,där,kvaliteten,i,stöd,och,uppföljning,ofta,avgörs,av,mer,jordnära,faktorer,som,tid,,,kompetensutveckling,och,hur,socialtjänstens,arbete,är,organiserat,."
"Det,finns,idag,många,olika,sätt,att,benämna,och,utföra,utvecklingssamtal,.,En,av,de,samtalsmodeller,som,den,senaste,tiden,nått,framgång,inom,området,är,Amforas,Samtalsmodell,Komfortgränsen,(,R,),.,Denna,studie,är,en,beskrivning,av,hur,medarbetare,upplever,utvecklingssamtal,som,förs,i,grupp,enligt,ovan,samtalsmodell,samt,vilka,effekter,av,gruppdialogen,som,erfars,.,Sju,halvstrukturerade,intervjuer,genomfördes,,,tolkades,och,bearbetades,enligt,ett,induktivt,tematiskt,analyssätt,.,Medarbetarna,beskrev,tre,övergripande,delar,:,gruppdynamiken,och,processen,,,effekter,av,gruppdialogen,och,gruppdialogens,effekt,på,organisationen,.,Några,av,de,saker,som,framkom,i,ovanstående,delar,var,att,gruppdialogen,har,positiva,effekter,på,beslutsprocessen,i,organisationen,samt,vid,förändringsarbeten,.,Samtliga,resultat,överensstämde,med,den,tidigare,knapphändiga,forskningen,och,visar,på,behovet,av,att,framöver,kunna,öka,denna,för,att,förbättra,arbetsprestationer,och,arbetstrivsel,för,medarbetare,i,organisationerna","Arbetet,undersöker,hur,medarbetare,upplever,gruppdialogen,när,den,genomförs,enligt,Amforas,samtalsmodell,.,Utgångspunkten,är,att,modellen,inte,bara,erbjuder,en,uppsättning,samtalsregler,,,utan,också,formar,vad,som,faktiskt,blir,möjligt,att,säga,i,en,grupp,.,Fokus,ligger,därför,på,deltagarnas,egna,beskrivningar,av,dialogens,kvalitet,:,om,den,upplevs,som,öppen,eller,styrd,,,trygg,eller,pressande,,,och,hur,den,påverkar,viljan,att,bidra,med,egna,perspektiv,.,Ett,återkommande,tema,är,komfortgränsen,.,Den,fungerar,som,en,praktisk,gräns,i,samtalet,där,deltagare,väger,risken,att,sticka,ut,mot,behovet,av,att,vara,ärliga,.,För,vissa,blir,modellen,ett,stöd,som,gör,det,lättare,att,ta,ordet,och,hålla,sig,kvar,i,ett,ämne,även,när,det,skaver,.,För,andra,kan,samma,struktur,kännas,som,en,ram,som,både,skyddar,och,begränsar,,,särskilt,när,känsliga,frågor,ska,formuleras,inför,kollegor,.,Gruppdialogen,rör,sig,då,mellan,trygghet,och,exponering,,,och,deltagarna,beskriver,hur,små,skillnader,i,gruppklimat,,,relationer,och,tidigare,erfarenheter,påverkar,var,gränsen,hamnar,.,Analysen,pekar,också,på,att,Amforas,samtalsmodell,påverkar,dynamiken,i,rummet,.,När,samtalet,får,en,tydligare,form,minskar,avbrott,och,parallella,spår,,,vilket,kan,upplevas,som,respektfullt,och,effektivt,.,Samtidigt,blir,det,tydligt,att,modellen,inte,i,sig,skapar,mod,eller,tillit,.,Den,kan,ge,språk,och,ordning,åt,dialogen,,,men,om,det,finns,spänningar,i,gruppen,kan,strukturen,upplevas,som,ett,krav,på,delaktighet,snarare,än,en,inbjudan,.,Medarbetarnas,upplevelser,visar,därför,hur,gruppdialog,enligt,Amfora,både,kan,sänka,trösklar,och,synliggöra,dem,,,särskilt,när,samtalet,närmar,sig,deltagarnas,komfortgräns,."
"I,detta,arbete,tas,det,del,av,hur,uppfattningen,till,daglig,fysisk,aktivitet,är,bland,lärarna,ute,på,fältet,.,Syftet,var,att,undersöka,vad,lärarna,på,stadier,7-9,har,för,inställning,till,fysisk,aktivitet,,,hur,de,använder,sig,av,det,i,sin,undervisning,samt,vad,de,gör,för,att,påverka,detta,.,Vi,tar,även,allmänt,upp,betydelsen,av,fysisk,aktivitet,och,visar,på,vad,fysisk,inaktivitet,kan,leda,till,.,Vad,som,framkommit,under,arbetets,gång,är,att,elevers,fysiska,aktivitet,har,minskat,.,Skolan,har,därför,en,viktig,roll,då,det,gäller,att,aktivera,barn,och,ungdomar,.,Undersökningen,har,genomförts,på,en,högstadieskola,,,på,en,mindre,ort,i,Skåne,.,Genom,att,använda,kvalitativ,undersökningsmetod,och,har,12,stycken,lärare,intervjuats,.,Syftet,med,intervjuerna,var,att,ta,reda,på,hur,dessa,lärares,inställning,var,till,fysisk,aktivitet,och,hur,de,arbetar,för,att,ge,eleverna,möjlighet,till,fysisk,aktivitet,inom,ramen,av,skoldagen,.,Resultatet,visade,att,samtliga,lärare,på,den,undersökta,skolan,var,positivt,inställda,till,fysisk,aktivitet,,,men,över,lag,var,de,inte,villiga,att,få,in,det,på,sina,lektioner,.,Ett,resultat,av,intervjuerna,visar,att,skolan,bör,arbeta,för,att,skapa,bättre,möjligheter,för,fysisk,aktivitet,genom,att,uppmuntra,till,daglig,rörelse,.,Ämnesord,:,rörelse,,,utevistelse,,,skolgård,,,skola,och,fritidshem","Titeln,pekar,på,en,vardagsnära,men,krävande,fråga,i,grundskolan,:,hur,daglig,fysisk,aktivitet,faktiskt,blir,av,för,elever,,,och,varför,ansvaret,i,praktiken,hamnar,hos,fler,än,idrottsläraren,.,Utgångspunkten,är,att,rörelse,inte,bara,handlar,om,kondition,eller,“,rastlek,”,,,utan,om,elevers,möjligheter,att,orka,skoldagen,,,hålla,fokus,och,må,bra,.,Samtidigt,framstår,genomförandet,som,en,skolgemensam,utmaning,där,varje,lärare,behöver,förhålla,sig,till,rörelse,som,en,del,av,undervisningen,,,inte,som,ett,separat,projekt,vid,sidan,om,.,En,central,spänning,rör,tidsbrist,och,prioriteringar,.,Många,lärare,upplever,press,att,hinna,med,kursinnehåll,och,bedömning,,,vilket,gör,att,planerad,aktivitet,lätt,skjuts,åt,sidan,eller,blir,något,man,“,tar,om,det,finns,tid,”,.,Det,blir,ofta,tydligt,att,idén,om,daglig,aktivitet,krockar,med,scheman,,,lokaler,och,arbetsmiljöfrågor,.,Trånga,korridorer,,,begränsad,tillgång,till,utemiljö,och,stora,elevgrupper,gör,att,även,enkla,rörelsepauser,kan,kännas,svåra,att,genomföra,på,ett,tryggt,sätt,.,Här,syns,också,skillnader,mellan,skolor,:,vissa,har,etablerade,rutiner,och,en,kultur,som,uppmuntrar,rörelse,,,andra,saknar,både,struktur,och,gemensamt,språk,för,hur,det,ska,se,ut,.,Lärarens,roll,blir,därmed,dubbel,.,Å,ena,sidan,förväntas,läraren,stödja,elevernas,hälsa,och,skapa,variation,i,lärandet,,,å,andra,sidan,måste,läraren,hantera,ordning,,,motivation,och,anpassningar,.,Det,handlar,inte,bara,om,att,“,få,eleverna,att,röra,på,sig,”,,,utan,om,att,utforma,aktiviteter,som,fungerar,för,olika,förutsättningar,.,Elever,med,neuropsykiatriska,svårigheter,,,rörelsenedsättningar,eller,låg,trygghet,i,gruppen,riskerar,annars,att,hamna,utanför,.,Daglig,fysisk,aktivitet,kan,då,bli,ännu,en,arena,där,vissa,tar,plats,medan,andra,drar,sig,undan,,,vilket,gör,inkludering,till,en,praktisk,och,etisk,kärnfråga,snarare,än,ett,tillägg,.,I,sammanhanget,lyfts,ofta,betydelsen,av,skolledning,och,kollegialt,stöd,.,När,daglig,aktivitet,ses,som,ett,gemensamt,uppdrag,,,med,tydliga,ramar,och,realistiska,förväntningar,,,ökar,chansen,att,den,blir,återkommande,och,meningsfull,.,Det,kan,handla,om,schemalagda,rörelsepass,,,korta,“,mikropauser,”,i,klassrummet,,,eller,undervisningsupplägg,där,rörelse,kopplas,till,ämnesinnehåll,.,Sådana,lösningar,kräver,dock,planering,och,samsyn,,,inte,bara,entusiasm,.,När,ansvaret,blir,otydligt,riskerar,arbetet,att,vila,på,enskilda,eldsjälar,och,falla,bort,vid,personalbyten,eller,hög,arbetsbelastning,.,Sammantaget,framträder,daglig,fysisk,aktivitet,som,en,fråga,om,skolans,organisering,lika,mycket,som,om,pedagogen,i,klassrummet,.,Utmaningen,ligger,i,att,omsätta,en,bred,ambition,till,hållbara,rutiner,som,fungerar,i,verkliga,klassrum,,,varje,dag,,,även,när,det,är,stökigt,,,blött,ute,och,tiden,känns,knapp,.,Det,är,där,titeln,träffar,rätt,:,det,här,är,en,utmaning,för,alla,lärare,,,men,också,ett,område,där,små,,,genomtänkta,förändringar,kan,göra,stor,skillnad,för,elevernas,skoldag,."
"Syftet,med,studien,är,att,undersöka,varför,det,är,så,många,distansstudenter,som,avbryter,sina,distansstudier,i,matematik,.,Distansutbildning,(,DU,),är,en,studieform,i,stark,frammarsch,.,Nyckelorden,för,en,lyckad,DU,är,bland,annat,flexibilitet,och,individanpassning,.,Medan,flexibiliteten,framförallt,ökar,tillgängligheten,står,individanpassningen,som,garant,för,en,god,lärsituation,.,Faktorer,som,i,hög,grad,påverkar,DU,och,genomströmningen,är,studiemotiv,,,artefakter,och,hur,det,sociala,sammanhanget,upplevs,.,Jag,har,i,min,undersökning,samlat,in,data,med,hjälp,av,kvalitativa,intervjuer,och,dessutom,granskat,distansupplägget,som,eleverna,på,den,aktuella,skolan,haft,.,Urvalsgruppen,består,av,fem,stycken,elever,i,olika,åldersgrupper,som,redan,klarat,av,halva,kursen,.,Även,analysen,har,skett,med,en,kvalitativ,ansats,.,I,den,aktuella,studien,kan,man,se,att,många,av,de,riskfaktorer,som,tros,ligga,bakom,många,avhopp,även,föreligger,här,med,det,aktuella,studieupplägget","Distansstudier,i,gymnasiematematik,lockar,många,som,vill,läsa,in,kurser,vid,sidan,av,arbete,,,familj,eller,andra,studier,,,men,genomströmningen,är,ofta,låg,och,avbrotten,många,.,Den,här,uppsatsen,tar,avstamp,i,frågan,varför,just,matematiken,tycks,vara,så,svår,att,fullfölja,på,distans,.,Fokus,ligger,mindre,på,enskilda,elevers,“,bristande,motivation,”,och,mer,på,hur,distansformatet,samspelar,med,ämnets,karaktär,,,deltagarnas,lärstil,och,de,sociala,villkor,som,omger,studierna,.,Matematik,kräver,regelbunden,övning,,,tät,återkoppling,och,en,tydlig,progression,där,små,missförstånd,snabbt,kan,växa,till,hinder,.,I,distansutbildning,blir,dessa,behov,ofta,svårare,att,fånga,upp,.,Den,som,fastnar,i,ett,moment,kan,bli,sittande,länge,utan,att,få,respons,,,och,tiden,som,går,gör,tröskeln,högre,att,ta,upp,tråden,igen,.,Det,handlar,inte,bara,om,kunskapsluckor,utan,om,rytm,:,när,arbetet,hackar,sönder,blir,det,svårt,att,bygga,de,vanor,som,kursen,förutsätter,.,För,vissa,fungerar,självständigheten,som,en,frihet,,,för,andra,blir,den,ett,krav,de,inte,riktigt,förhandlat,om,.,Lärstilar,och,studieteknik,spelar,in,,,men,inte,som,enkla,kategorier,där,vissa,“,passar,”,för,distans,och,andra,inte,.,Snarare,syns,skillnader,i,hur,deltagare,organiserar,tid,,,tolkar,instruktioner,och,använder,resurser,.,Den,som,är,van,att,lära,genom,att,resonera,högt,,,ställa,följdfrågor,och,få,direkt,bekräftelse,kan,uppleva,kursen,som,tyst,och,svårnavigerad,.,Den,som,i,stället,trivs,med,att,arbeta,metodiskt,i,egen,takt,kan,få,en,fungerande,struktur,,,förutsatt,att,kursupplägget,är,tydligt,och,att,det,finns,snabb,hjälp,när,det,kör,fast,.,Små,designval,–,hur,uppgifter,formuleras,,,hur,exempel,presenteras,,,hur,ofta,feedback,ges,–,kan,därför,få,oproportionerligt,stor,betydelse,för,genomströmningen,.,Det,sociala,sammanhanget,framträder,som,en,nyckelfaktor,.,I,klassrummet,uppstår,informella,stödstrukturer,:,man,jämför,lösningar,,,får,syn,på,att,andra,också,kämpar,och,plockar,upp,tempo,och,förväntningar,“,gratis,”,.,På,distans,kan,studierna,bli,privata,på,ett,sätt,som,både,ökar,risken,för,isolering,och,gör,misslyckanden,mer,personliga,.,När,kontakten,med,lärare,och,kurskamrater,är,sporadisk,blir,det,lättare,att,försvinna,utan,att,någon,märker,det,,,och,avbrottet,framstår,som,ett,rationellt,beslut,snarare,än,ett,misslyckande,.,Särskilt,vuxenstuderande,hamnar,ofta,i,en,vardag,där,studierna,konkurrerar,med,ansvar,som,inte,går,att,skjuta,upp,.,Ett,andragogiskt,perspektiv,hjälper,till,att,förstå,hur,vuxnas,lärande,villkor,påverkar,distansstudier,i,matematik,.,Många,deltagare,är,målinriktade,och,vill,se,tydlig,koppling,mellan,insats,och,resultat,.,När,kursen,upplevs,som,oöverskådlig,,,eller,när,återkopplingen,inte,gör,nästa,steg,klart,,,minskar,känslan,av,kontroll,.,Samtidigt,kommer,vuxna,med,tidigare,skolupplevelser,i,bagaget,,,ibland,negativa,,,som,kan,aktiveras,när,matematiken,blir,svår,.,Distansformatet,kan,då,förstärka,pressen,eftersom,man,saknar,den,sociala,normalisering,som,finns,i,ett,fysiskt,klassrum,.,Uppsatsen,landar,i,att,avbrott,sällan,kan,förklaras,av,en,enskild,faktor,.,Det,är,mötet,mellan,ämnets,krav,på,kontinuitet,,,distansutbildningens,ofta,begränsade,stöd,i,stunden,,,deltagarnas,olika,sätt,att,lära,och,behovet,av,social,förankring,som,driver,processen,mot,avhopp,.,När,stödet,är,snabbt,,,kommunikationen,levande,och,studieupplägget,ger,struktur,utan,att,kväva,flexibiliteten,ökar,chanserna,att,fler,faktiskt,tar,sig,igenom,matematikkurserna,på,distans,."
"Metakognitiva,processer,och,förmågor,innefattar,bland,annat,människans,förmåga,att,reflektera,över,sin,egen,kunskapsnivå,och,minneskapacitet,,,och,att,utifrån,detta,till,exempel,kunna,reglera,tid,och,inlärningsstrategier,vid,inlärningssituationer,.,Kännetecknande,för,en,person,som,räknas,till,att,vara,expert,inom,en,viss,domän,är,bland,annat,att,denne,anses,kunna,övervaka,sin,kunskapsnivå,på,ett,korrekt,sätt,.,Denna,studie,undersöker,om,personer,med,stor,domänkunskap,uppvisar,en,större,förmåga,till,metakognitiv,övervakning,än,vad,personer,med,sämre,domänkunskap,gör,.,Aktuell,kunskapsdomän,i,denna,studie,är,deklarativ,kunskap,kring,fotboll,,,och,fotbollsspelare,och,ledare,rekryterades,som,försöksdeltagare,.,Förmågan,till,metakognitiv,övervakning,mättes,med,hjälp,av,mätteknikerna,Assessment,of,Cognitive,Monitoring,Effectiveness,(,ACME,),och,Metacognitive,Knowledge,Monitoring,Assessment,(,KMA,),,,där,försöksdeltagarna,i,samband,med,att,ett,kunskapstest,genomförs,får,avgöra,vilka,frågor,de,tror,sig,kunna,eller,inte,kunna,svaret,på,.,Resultatet,visar,att,personer,med,expertkunskap,uppvisar,en,signifikant,bättre,förmåga,till,metakognitiv,övervakning,än,personer,med,sämre,domänkunskap","Uppsatsen,behandlar,argumenten,för,och,emot,privat,sjukvård,med,fokus,på,hur,människor,faktiskt,bildar,sig,uppfattningar,i,frågan,,,snarare,än,enbart,vilka,sakargument,som,brukar,lyftas,.,Debatten,framställs,som,en,kollision,mellan,olika,kunskapsformer,:,vardagserfarenheter,av,vårdköer,och,bemötande,,,professionell,expertkunskap,om,resursfördelning,och,kvalitet,,,samt,politiskt,färgade,tolkningar,av,rättvisa,och,valfrihet,.,Försvarare,av,privat,sjukvård,betonar,ofta,effektivitet,,,innovation,och,möjligheten,att,själv,välja,vårdgivare,.,Kritiken,pekar,i,stället,mot,risken,för,ökade,klyftor,,,parallella,system,och,att,lönsamhetslogik,tränger,undan,medicinska,behov,.,Båda,sidor,gör,anspråk,på,att,tala,om,kvalitet,,,men,fyller,begreppet,med,olika,innehåll,.,Analysen,tar,avstamp,i,metakognition,,,särskilt,metakognitiv,övervakning,:,hur,individer,bedömer,sin,egen,förståelse,,,sina,källor,och,sin,säkerhet,i,ställningstaganden,.,I,materialet,syns,en,återkommande,tendens,att,stark,övertygelse,inte,alltid,följer,av,stabil,kunskapsgrund,.,Tvärtom,kan,hög,säkerhet,bygga,på,enstaka,berättelser,,,medialt,laddade,exempel,eller,generaliseringar,från,ett,specifikt,sammanhang,.,Metakognitiv,övervakning,blir,därför,ett,sätt,att,synliggöra,var,resonemang,glider,från,prövbara,påståenden,till,identitets-,och,värdestyrda,hållningar,.,När,människor,uppfattar,sig,som,”,insatta,”,utan,att,kunna,redogöra,för,vad,de,faktiskt,vet,,,uppstår,ett,glapp,mellan,upplevd,och,faktisk,kompetens,.,Det,glappet,formar,hur,argument,väljs,,,hur,motargument,avfärdas,och,vilka,kompromisser,som,framstår,som,otänkbara,.,Expertkunskap,ges,en,dubbel,roll,.,Å,ena,sidan,fungerar,den,som,en,möjlig,korrigering,av,intuitioner,om,exempelvis,kölogik,,,incitament,,,produktivitet,och,patientutfall,.,Å,andra,sidan,kan,expertis,också,bli,ett,retoriskt,verktyg,som,används,selektivt,,,där,”,forskning,”,åberopas,utan,att,läsaren,får,tillgång,till,metoder,,,antaganden,eller,osäkerheter,.,Uppsatsen,undersöker,hur,tilliten,till,experter,påverkas,av,upplevd,närhet,:,läkaren,på,vårdcentralen,upplevs,ofta,mer,trovärdig,än,en,nationalekonom,i,debattstudio,,,även,när,sakfrågan,rör,finansieringssystem,och,styrning,.,Samtidigt,kan,personlig,erfarenhet,få,överordnad,status,även,när,den,egentligen,säger,lite,om,systemeffekter,.,Här,blir,metakognitionen,central,:,förmågan,att,skilja,mellan,det,man,vet,genom,egen,kontakt,med,vården,och,det,man,bara,tror,sig,veta,om,helheten,.,ACME,och,KMA,används,som,analytiska,verktyg,för,att,strukturera,hur,argument,produceras,och,utvärderas,.,ACME,kopplas,till,hur,aktörer,bygger,upp,trovärdighet,och,auktoritet,i,sina,positioner—vilka,anspråk,som,görs,,,på,vilken,grund,och,hur,de,försvaras,när,de,pressas,.,KMA,relateras,till,kriterier,för,kunskapsbedömning,:,hur,källor,granskas,,,hur,slutsatser,motiveras,och,hur,olika,typer,av,evidens,vägs,mot,varandra,.,Tillsammans,ger,dessa,ramar,ett,språk,för,att,beskriva,varför,vissa,argument,”,biter,”,i,offentligheten,trots,svag,evidens,,,och,varför,andra,,,mer,robusta,resonemang,,,kan,framstå,som,kalla,,,krångliga,eller,politiskt,misstänkliggjorda,.,Resultatet,blir,en,bild,av,privat,sjukvård,som,en,fråga,där,sak,och,självbild,hänger,ihop,.,De,som,prioriterar,individuell,frihet,tenderar,att,uppleva,privat,vård,som,ett,rimligt,komplement,som,avlastar,systemet,,,medan,de,som,utgår,från,jämlikhet,oftare,ser,den,som,en,mekanism,som,dränerar,resurser,och,legitimitet,från,det,gemensamma,.,Metakognitiv,övervakning,visar,hur,båda,perspektiven,kan,låsa,sig,när,osäkerhet,inte,tolereras,och,när,kunskapsanspråk,blir,en,markering,av,grupptillhörighet,.,Uppsatsen,landar,därför,inte,i,ett,enkelt,ja,eller,nej,,,utan,i,en,fördjupad,förståelse,för,varför,frågan,polariserar,,,vilka,kognitiva,genvägar,som,driver,den,,,och,hur,bättre,kunskapsbedömning,kan,öppna,för,mer,nyanserade,samtal,om,kvalitet,,,rättvisa,och,styrning,i,vården,."
"Tillväxten,har,i,företagen,lett,till,ökad,planering,och,ett,mer,detaljerat,budgetarbete,.,Informanterna,upplever,att,den,starka,tillväxten,gör,budgeten,till,ett,användbart,verktyg,för,främst,planering,och,kontroll,.,Utan,planeringen,och,uppföljningen,skulle,man,inte,kunna,identifiera,problemområden,.,Likviditetsplanering,ses,ej,som,något,prioriterat,i,fallföretagen,trots,teoretiskt,förespråkande,,,detta,då,likviditet,för,den,löpande,verksamheten,aldrig,upplevs,som,något,problem","Den,här,studien,tar,avstamp,i,frågan,om,hur,så,kallade,gasellföretag,budgeterar,när,de,växer,snabbt,,,och,vad,tillväxttakten,gör,med,själva,budgetarbetet,.,Gaseller,kännetecknas,ofta,av,korta,ledtider,,,snabba,beslut,och,ett,starkt,fokus,på,försäljning,och,expansion,.,I,en,sådan,vardag,blir,budgeten,både,ett,verktyg,och,ett,irritationsmoment,:,den,kan,skapa,ordning,och,ansvar,,,men,riskerar,också,att,stelna,och,hamna,efter,när,förutsättningarna,ändras,från,månad,till,månad,.,Utgångspunkten,är,att,budgetering,i,gasellföretag,sällan,följer,en,“,läroboksmodell,”,.,I,stället,formas,arbetet,av,praktiska,behov,.,I,tidiga,tillväxtfaser,kan,budgeten,vara,relativt,enkel,,,ibland,mer,som,en,grov,ekonomisk,karta,än,ett,detaljerat,styrdokument,.,När,organisationen,växer,blir,kraven,andra,.,Fler,anställda,,,fler,kostnadsställen,och,större,kapitalbindning,gör,att,uppföljning,och,kostnadskontroll,får,mer,tyngd,.,Samtidigt,pressas,den,traditionella,årsbudgeten,av,osäkerhet,och,snabba,skiften,i,marknaden,.,Det,skapar,ett,dilemma,:,företaget,behöver,struktur,,,men,har,begränsat,tålamod,med,processer,som,tar,tid,och,låser,fast,resurser,.,Studien,belyser,hur,budgetens,roll,förändras,i,takt,med,tillväxten,.,I,vissa,fall,används,budgeten,främst,för,att,kommunicera,mål,och,förväntningar,internt,,,skapa,en,gemensam,bild,av,vad,som,är,realistiskt,och,fördela,ansvar,mellan,funktioner,.,I,andra,fall,blir,den,mer,finansiellt,motiverad,,,kopplad,till,likviditetsplanering,,,investeringsbeslut,och,krav,från,externa,parter,som,banker,och,ägare,.,Tillväxten,gör,också,att,prognoser,och,rullande,uppföljning,ofta,får,större,plats,,,eftersom,de,upplevs,bättre,anpassade,till,en,verksamhet,som,ändrar,riktning,snabbt,.,Budgetering,blir,då,mindre,en,årlig,händelse,och,mer,en,löpande,styraktivitet,,,där,fokus,flyttas,från,perfekta,siffror,till,användbara,siffror,.,En,central,poäng,är,att,gasellföretag,inte,nödvändigtvis,budgeterar,mindre,,,utan,annorlunda,.,Tillväxten,driver,fram,behovet,av,kontroll,,,men,också,av,flexibilitet,.,Därför,tenderar,budgetprocessen,att,bli,mer,pragmatisk,:,man,väljer,den,nivå,av,detalj,som,ger,effekt,,,skalar,bort,sådant,som,mest,skapar,administration,och,kompletterar,med,tätare,avstämningar,.,Resultatet,är,en,bild,av,budgetering,som,en,föränderlig,praktik,,,tydligt,präglad,av,tillväxtens,tempo,och,av,den,spänning,som,uppstår,mellan,struktur,och,handlingsfrihet,."
"Genom,en,omfattande,teoristudie,fann,vi,ett,flertal,teoribildningar,inom,ämnet,,,teoribildningar,som,på,olika,sätt,berörde,gruppers,utveckling,såväl,som,den,individuella,utvecklingen,.,Vi,fann,att,individens,utveckling,är,starkt,förknippad,med,teamets,utveckling,varför,självinsikt,är,av,stor,betydelse,för,teamets,utveckling,,,Carl,Gustav,Jungs,teorier,om,den,introverta,/,extroverta,människan,har,således,stor,betydelse,inom,detta,område,.,Andra,dominerande,aktörer,inom,teoristudien,är,Schutz,och,hans,FIRO,–,modell,som,berör,hur,sociala,behov,såsom,tillhörighet,,,kontroll,och,samhörighet,påverkar,gruppen,under,olika,faser,.,Vidare,är,Johari,´,s,fönster,av,stor,betydelse,,,Joseph,Lufts,och,Harry,Inghams,modell,av,vår,personlighet,är,väl,känd,för,alla,som,arbetar,inom,denna,genre,.,I,denna,studie,har,vi,valt,att,fokusera,på,tre,kärnfrågor,:,•,Varför,genomför,grupper,teambuilding,?,Naturligtvis,finns,en,rad,olika,anledningar,till,varför,företag,söker,sig,till,teambuilding,kurser,.,Vi,har,dock,funnit,tre,huvudsvar,på,denna,fråga,.,För,det,första,används,teambuilding,då,gruppen,står,inför,en,krissituation,,,dvs.,gruppen,är,dysfunktionell,och,behöver,stärkas,.,Vidare,kan,kursen,syfta,till,att,ge,de,inblandade,en,gemensam,målbild,för,att,uppnå,effektivitet,i,arbetet,.,Det,tredje,svaret,vi,erhållit,under,våra,intervjuer,är,ett,effektivitetsmål,,,dvs.,teambuilding,kurser,genomgås,för,att,höja,effektiviteten,.,•,Vad,är,effekten,av,teambuilding,?,Vi,har,sökt,efter,studier,som,pekar,på,vinsten,av,en,genomgången,teambuilding,kurs,,,inga,sådana,mätningar,har,dock,genomförts,enligt,vår,efterforskning,.,Den,effekt,som,uppgivits,för,oss,av,såväl,kursdeltagare,som,kursledare,är,följande,:,kommunikationen,inom,gruppen,stärks,och,trivseln,ökar,på,arbetsplatsen,.,Organisationens,struktur,kan,förändras,och,medarbetarnas,arbetsuppgifter,kan,ibland,förädlas,eller,förändras,.,•,Hur,går,en,teambuildingprocess,till,?,Hur,en,teambuilding,kurs,genomförs,beror,till,stor,del,på,dess,längd,oh,dess,mål,.,Initialt,delas,arbetet,upp,i,tre,faser,.,Först,kartläggs,gruppens,och,individernas,beteende,i,organisationen,,,detta,sker,oftast,genom,observationer,av,gruppen,eller,intervjuer,med,enskilda,medlemmar,.,Till,detta,följer,diverse,gruppövningar,av,praktisk,och,teoretisk,karaktär,där,kursledaren,förstärker,individernas,handlingsmönster,och,beteende,inom,gruppen,.,Detta,ligger,sedan,till,grund,för,det,gruppanalytiska,efterarbete,som,följer,i,det,tredje,steget,.,Gruppen,samtalar,om,de,gemensamma,erfarenheter,som,har,utbytts,under,gruppövningarna,med,teamledaren,som,moderator,.,Detta,för,att,skapa,en,självmedvetenhet,om,hur,individen,fungerar,i,ett,gruppsammanhang,men,även,för,att,utverka,en,handlingsplan,som,åsyftar,att,skapa,en,effektivisering,och,öppenhet,inom,teamet,.,Våra,egna,reflektioner,kring,marknaden,är,följande,:,För,den,svenska,teambuildingmarknaden,har,vi,funnit,många,likheter,mellan,de,olika,företagen,/,konsulterna,.,Till,en,början,kan,vi,konstatera,att,den,svenska,marknaden,består,främst,av,konsulter,med,bakgrund,från,med,varierande,ledarskapsegenskaper,.,Detta,kan,vara,allt,ifrån,militärt,ledarskap,till,ledarskapserfarenheter,inom,föreningslivet,.,Vi,fann,i,vår,undersökning,att,många,av,de,som,handleder,teambuilding,saknar,någon,form,av,formell,utbildning,.,Det,som,bemyndigar,dessa,personer,att,vara,verksamma,inom,sitt,område,är,deras,yrkeserfarenhet,och,kunskaper,inom,grupprelationer,.,Detta,kan,ligga,till,grund,för,varierande,kvalitet,av,utbildningar,inom,teambuilding,.,Den,dominerande,teoretiska,kunskapen,hämtas,främst,från,UGL-kurserna,där,främst,Schutz,´,s,forskning,om,gruppdynamik,ligger,till,grund,.,Enligt,oss,skulle,branschen,tjäna,på,att,införa,någon,form,av,certifiering,för,att,säkerställa,kvaliteten,på,utbildningar,.,Idag,,,som,marknaden,ser,ut,,,kan,vilken,person,som,helst,hålla,i,en,utbildning,,,vilket,kan,skapa,svårigheter,att,urskilja,bra,respektive,mindre,bra,utbildningar,.,En,certifiering,skulle,på,lång,sikt,underlätta,för,konsumenterna,i,valet,att,välja,konsult,.,Vidare,skapar,detta,en,värdehöjande,effekt,på,teambuildingmarknaden,som,kan,leda,till,kvalitetsförbättringar,för,branschen,.,Teambuilding,som,företeelse,är,idag,ett,populärt,fenomen,,,effekterna,är,dock,svåra,att,kvantifiera,.,Om,dessa,skulle,studeras,och,kunna,mätas,skulle,branschen,förmodligen,få,se,ett,större,uppsving,.,En,certifiering,av,teamledare,skulle,underlätta,för,beställarna,av,dylika,kurser,samtidigt,som,det,skulle,säkerställa,kvaliteten,på,utbjudna,kurser,.,Även,om,teambuilding,som,begrepp,funnits,under,flera,decennier,så,är,dess,applicering,på,kommersiella,organisationer,relativt,ungt,.,Denna,bransch,är,enligt,oss,i,ett,tidigt,stadium,varpå,det,finns,goda,utvecklingsmöjligheter,för,branschen","Den,här,uppsatsen,behandlar,teambuilding,som,tjänst,och,fenomen,på,den,svenska,marknaden,,,med,utgångspunkt,i,hur,konsulter,och,andra,leverantörer,tolkar,,,paketerar,och,säljer,insatser,som,ska,stärka,arbetsgrupper,.,Fokus,ligger,mindre,på,idealbilder,av,“,det,goda,teamet,”,och,mer,på,hur,efterfrågan,faktiskt,ser,ut,:,vilka,problem,organisationer,vill,lösa,,,vilka,argument,som,biter,i,inköpsögonblicket,och,hur,teambuilding,motiveras,i,en,vardag,där,tid,,,budget,och,internpolitik,sätter,ramarna,.,Analysen,tar,avstamp,i,att,teambuilding,i,Sverige,spänner,över,allt,från,korta,,,upplevelsebaserade,aktiviteter,till,längre,utvecklingsprogram,kopplade,till,ledarskap,,,kommunikation,och,kulturarbete,.,För,en,konsult,blir,gränsdragningen,central,.,När,kunden,efterfrågar,“,något,som,får,ihop,gruppen,”,kan,det,i,praktiken,handla,om,konflikter,,,otydliga,mål,,,svagt,mandat,,,hög,personalomsättning,eller,en,ny,chef,som,behöver,skapa,riktning,snabbt,.,Tjänsten,blir,därför,både,en,produkt,och,en,diagnos,:,leverantören,säljer,en,insats,,,men,måste,samtidigt,formulera,kundens,situation,på,ett,sätt,som,gör,insatsen,rimlig,och,legitim,.,Uppsatsen,belyser,också,hur,marknaden,påverkas,av,svenska,arbetslivsnormer,.,Platta,hierarkier,,,hög,grad,av,delaktighet,och,en,stark,möteskultur,gör,att,teambuilding,ofta,knyts,till,samtal,,,samsyn,och,samarbete,snarare,än,hård,prestationsträning,.,Samtidigt,finns,en,tydlig,spänning,mellan,det,“,mjuka,”,och,det,mätbara,.,Köparen,vill,gärna,se,effekt,,,men,effekterna,är,svåra,att,isolera,och,tenderar,att,visa,sig,indirekt,:,färre,missförstånd,,,snabbare,beslut,,,ökad,psykologisk,trygghet,,,lägre,friktion,i,gränsytor,.,Konsulter,hamnar,därmed,i,ett,läge,där,de,behöver,skapa,trovärdighet,med,metoder,och,språk,som,signalerar,professionalitet,,,utan,att,lova,mer,än,vad,som,går,att,leverera,.,Ett,återkommande,tema,är,hur,relationer,och,förtroende,styr,affären,.,Teambuilding,köps,sällan,som,en,helt,standardiserad,vara,.,Rekommendationer,,,tidigare,uppdrag,och,personkemi,väger,tungt,,,särskilt,när,insatsen,rör,känsliga,frågor,i,en,grupp,.,Marknaden,framstår,därför,som,splittrad,:,några,aktörer,arbetar,med,tydliga,ramverk,och,längre,kundresor,,,andra,säljer,enstaka,events,där,upplevelsen,är,produkten,.,Båda,kan,fungera,,,men,de,svarar,på,olika,typer,av,behov,och,olika,typer,av,köpare,.,Genom,ett,konsultperspektiv,blir,det,tydligt,att,teambuilding,inte,bara,handlar,om,aktiviteter,utan,om,förväntanshantering,,,design,av,processer,och,översättning,mellan,kundens,språk,och,utvecklingslogik,.,Uppsatsen,landar,i,att,den,svenska,teambuildingmarknaden,präglas,av,stor,variationsbredd,,,låg,standardisering,och,hög,beroendegrad,av,kontext,.,Framgång,verkar,i,mindre,grad,sitta,i,“,rätt,övning,”,och,mer,i,hur,väl,insatsen,kopplas,till,gruppens,verklighet,,,hur,den,följs,upp,och,hur,konsulten,lyckas,skapa,ett,arbetssätt,som,håller,när,workshopen,är,över,."
"Inom,en,yrkesgrupp,finns,det,en,samlad,kunskap,och,ett,yrkeskunnande,.,En,stor,del,av,denna,kunskap,är,outtalad,och,svårdefinierad,.,När,man,överför,arbetet,till,en,datormiljö,kan,det,vara,av,intresse,att,utforma,programvaran,på,ett,sådant,sätt,att,användarna,får,möjlighet,att,utnyttja,detta,kunnande,även,här,.,Genom,att,undersöka,hur,användare,arbetar,med,ett,verktyg,,,som,uppenbarligen,är,designat,för,att,hjälpa,användare,genom,att,låta,dem,utnyttja,sin,tidigare,kunskap,inom,området,,,vill,vi,söka,svar,på,hur,detta,kan,fungera,och,vilka,för-,och,nackdelar,det,medför,.,Det,verktyg,vi,använde,för,vår,undersökning,var,Reason,2.5,,,ett,musikprogram,som,erbjuder,en,simulering,av,en,verklig,studiomiljö,.,Vi,har,under,testerna,sett,tydliga,tecken,på,att,användarna,utnyttjar,sitt,tysta,kunnande,i,stor,utsträckning,då,de,arbetar,med,gränssnittet,.,Det,stora,användandet,av,metaforer,och,simuleringar,gör,att,användarna,känner,igen,sig,,,men,det,innebär,också,begränsningar,i,möjlig,arbetsgång,.,Vi,har,även,sett,att,man,med,denna,typ,av,gränssnitt,kan,erhålla,en,låg,inlärningströskel,utan,att,inskränka,på,experters,möjlighet,att,arbeta,effektivt,.,Den,låga,inlärningströskeln,är,dock,beroende,av,användarens,tidigare,erfarenhet,.,Ett,simulerat,gränssnitt,bidrar,till,konserverandet,av,den,traditionella,bild,av,musikproduktion,som,är,djupt,rotad,inom,yrkesgruppen","Uppsatsen,undersöker,hur,datorstödd,musikproduktion,formas,av,tyst,kunnande,–,sådant,som,sällan,uttalas,men,som,styr,arbetssätt,,,beslut,och,tempo,i,studion,.,Utgångspunkten,är,att,många,centrala,handlingar,i,en,DAW-miljö,inte,följer,tydliga,regler,utan,bygger,på,invanda,rörelser,,,hörselmässiga,bedömningar,och,en,känsla,för,när,något,”,sitter,”,.,Det,kan,handla,om,att,snabbt,hitta,rätt,ljud,,,förstå,hur,en,kompressor,reagerar,i,just,den,här,mixen,,,eller,att,navigera,i,ett,projekt,utan,att,stanna,upp,och,tänka,på,var,funktionerna,finns,.,Studien,kopplar,detta,kunnande,till,design,för,användbarhet,och,visar,hur,gränssnitt,,,arbetsflöden,och,återkoppling,i,programvaran,antingen,stödjer,eller,bromsar,den,här,ofta,kroppsliga,och,situationsbundna,kunskapen,.,När,designen,ligger,nära,producentens,mentala,modeller,blir,arbetet,flytande,:,kortkommandon,,,tydliga,visuella,markörer,,,konsekventa,verktygsbeteenden,och,meningsfulla,standardinställningar,gör,att,fokus,kan,ligga,på,lyssnandet,snarare,än,på,letande,.,När,designen,brister,skapas,friktion,som,inte,bara,kostar,tid,,,utan,också,påverkar,det,kreativa,omdömet,.,Små,avbrott,kan,räcka,för,att,en,idé,ska,tappa,riktning,.,Ett,centralt,resultat,är,att,användbarhet,i,musikproduktion,inte,enbart,handlar,om,att,funktioner,är,lätta,att,hitta,,,utan,om,hur,väl,systemet,fångar,den,praktiska,logiken,i,studioarbete,:,att,kunna,arbeta,snabbt,,,prova,sig,fram,utan,rädsla,att,”,förstöra,”,,,jämföra,versioner,,,återgå,,,och,göra,finjusteringar,med,hög,precision,.,Uppsatsen,pekar,mot,en,design,som,tar,höjd,för,lärande,genom,görande,och,som,gör,det,möjligt,att,bygga,egna,rutiner,.,Det,tysta,kunnandet,blir,därmed,inte,ett,hinder,för,användbarhetsarbete,,,utan,en,nyckel,till,att,förstå,vad,som,faktiskt,gör,verktygen,användbara,i,praktiken,."
"Övervikt,och,fetma,är,idag,ett,världsomspännande,hälso-,och,omvårdnadsproblem,där,sjuksköterskan,har,en,stödjande,och,motiverande,uppgift,för,att,hjälpa,personer,hantera,samt,klara,av,en,livsstilsförändring,som,leder,till,viktminskning,.,Syftet,med,studien,var,att,belysa,sjuksköterskans,stöd,vid,personens,livsstilsförändring,i,samband,med,viktnedgång,.,Metoden,som,används,är,litteraturstudie,.,Resultatet,visar,på,att,sjuksköterskan,har,en,betydande,roll,vid,personens,livsstilsförändring,när,det,gäller,att,bistå,med,stöd,.,Genom,att,basera,en,relation,på,tillit,kan,sjuksköterskan,och,personen,tillsammans,skapa,de,mål,som,möjliggör,personens,livsstilsförändring,.,Vidare,visar,Resultatet,att,sjuksköterskan,bör,fokusera,på,personens,kroppsuppfattning,för,att,motivera,personen,till,en,livsstilsförändring,som,leder,till,viktminskning,.,I,diskussionen,framkommer,vikten,av,att,sjuksköterskan,förstår,personens,motiv,till,viktminskning,och,utgår,från,detta,då,stöd,och,motivation,skall,ges","Övervikt,och,fetma,är,vanliga,tillstånd,som,påverkar,både,fysisk,och,psykisk,hälsa,och,som,ofta,hänger,samman,med,levnadsvanor,,,livsvillkor,och,tidigare,erfarenheter,av,vikt,och,kropp,.,I,mötet,med,vården,blir,frågan,därför,sällan,enbart,medicinsk,.,Den,rör,skam,,,bemötande,och,känslan,av,att,bli,reducerad,till,siffror,på,en,våg,.,I,den,här,uppsatsen,behandlas,hur,sjuksköterskan,kan,ge,stöd,vid,övervikt,och,fetma,med,fokus,på,livsstilsförändring,och,motivation,.,Sjuksköterskans,roll,framträder,som,både,praktisk,och,relationell,.,Stödet,handlar,om,att,skapa,en,trygg,kontakt,där,patientens,egen,berättelse,får,styra,samtalet,,,snarare,än,färdiga,råd,.,När,personen,upplever,respekt,och,blir,tagen,på,allvar,ökar,ofta,viljan,att,pröva,förändringar,.,Ett,lyhört,bemötande,,,utan,moraliserande,ton,,,kan,minska,motstånd,och,göra,det,lättare,att,prata,om,vanor,,,hinder,och,tidigare,misslyckanden,.,Små,,,konkreta,mål,tenderar,att,fungera,bättre,än,stora,omställningar,som,kräver,ett,“,nytt,liv,”,över,en,natt,.,Motivation,beskrivs,som,föränderlig,och,beroende,av,sammanhang,.,Den,kan,stärkas,när,patienten,får,vara,delaktig,i,beslut,,,får,återkoppling,som,känns,relevant,och,märker,framsteg,i,vardagen,.,Sjuksköterskan,kan,bidra,genom,att,ställa,öppna,frågor,,,spegla,det,som,sägs,och,hjälpa,till,att,sortera,vad,personen,själv,vill,uppnå,.,För,en,del,blir,det,centralt,att,arbeta,med,rutiner,kring,mat,och,rörelse,,,för,andra,handlar,det,mer,om,stress,,,sömn,,,ekonomi,eller,psykisk,ohälsa,.,Stödinsatser,som,inte,tar,hänsyn,till,sådana,faktorer,riskerar,att,upplevas,som,tomma,eller,skuldbeläggande,.,Livsstilsförändring,framstår,som,en,process,snarare,än,en,punktinsats,.,Den,kräver,ofta,uthållighet,,,återkommande,kontakt,och,ett,stöd,som,håller,även,när,resultaten,uteblir,eller,när,vikten,går,upp,igen,.,Här,blir,sjuksköterskans,kontinuitet,och,förmåga,att,normalisera,bakslag,betydelsefull,.,Att,arbeta,personcentrerat,,,stärka,patientens,tilltro,till,sin,egen,förmåga,och,samtidigt,erbjuda,realistiska,strategier,kan,skapa,bättre,förutsättningar,för,långsiktiga,förändringar,.,Uppsatsen,pekar,mot,att,stöd,vid,övervikt,och,fetma,fungerar,bäst,när,det,utgår,från,individens,behov,,,präglas,av,respekt,och,bygger,på,samarbete,snarare,än,instruktioner,."
"Datalager,är,ett,system,som,består,av,information,från,flera,olika,system,.,Datautvinning,går,ut,på,att,få,fram,ej,tidigare,känd,kunskap,från,till,exempel,datalager,.,Kostnaden,för,att,hålla,något,i,lager,är,en,dold,kostnad,som,många,företagsledare,ej,är,medvetna,om,hur,mycket,det,kostar,dem,.,Syftet,med,detta,examensarbete,är,att,undersöka,ett,möjligt,angreppssätt,med,datautvinningsmetoder,ur,datalager,för,framtagande,av,beslutsunderlag,rörande,lagernivåer,.,Kostnaden,att,hålla,något,i,lager,är,en,dold,kostnad,som,det,är,intressant,att,finna,nya,metoder,för,att,påverka,.,För,att,besvara,frågeställningen,utfördes,en,fallstudie,på,ett,lagerhållande,företag,som,använder,sig,av,datalager,.,Resultatet,visar,att,den,ena,metoden,är,mer,lämpad,än,den,andra,för,beslutsunderlag","Uppsatsen,behandlar,hur,lageroptimering,kan,förbättras,genom,att,kombinera,lagerstyrning,med,datautvinning,på,information,som,redan,finns,samlad,i,ett,datalager,.,Utgångspunkten,är,att,många,organisationer,sitter,på,stora,mängder,transaktions-,och,artikeldata,men,ändå,fattar,beslut,om,påfyllnad,,,säkerhetslager,och,sortiment,med,begränsat,stöd,i,mönster,som,faktiskt,går,att,avläsa,i,historiken,.,Genom,att,strukturera,data,i,ett,datalager,skapas,förutsättningar,för,analyser,som,håller,över,tid,,,där,olika,källor,kan,jämföras,och,där,kvaliteten,blir,tillräckligt,stabil,för,att,resultat,ska,kunna,användas,operativt,.,Arbetet,utgår,från,en,fallstudie,där,lagerrelaterad,data,samlas,,,bearbetas,och,analyseras,med,metoder,hämtade,från,datautvinning,.,Fokus,ligger,på,att,hitta,återkommande,beteenden,i,efterfrågan,,,identifiera,artiklar,med,avvikande,flöden,och,koppla,dessa,mönster,till,praktiska,beslut,i,lagerstyrningen,.,Analysen,prövar,hur,segmentering,av,artiklar,,,upptäckt,av,anomalier,och,enklare,prediktiva,modeller,kan,ge,en,mer,nyanserad,bild,än,traditionella,tumregler,,,särskilt,när,sortimentet,är,brett,och,efterfrågan,varierar,kraftigt,mellan,produkter,.,Resultatet,visar,hur,datadrivna,insikter,kan,minska,både,kapitalbindning,och,bristsituationer,genom,att,sätta,mer,träffsäkra,nivåer,för,beställningspunkter,och,säkerhetslager,,,samtidigt,som,arbetssättet,gör,det,lättare,att,prioritera,vilka,artiklar,som,kräver,manuell,uppföljning,.,Uppsatsen,diskuterar,också,de,praktiska,hinder,som,uppstår,i,gränslandet,mellan,datalager,och,verksamhet,:,bristande,datakvalitet,,,olika,definitioner,av,samma,begrepp,och,svårigheten,att,få,analysresultat,att,leva,vidare,när,projektet,är,avslutat,.,I,fallstudien,framstår,därför,inte,metoden,som,ett,fristående,analysprojekt,utan,som,ett,sätt,att,koppla,ihop,datalagerarkitektur,,,analys,och,lagerstyrning,i,ett,gemensamt,flöde,.,Målet,är,inte,perfekta,prognoser,,,utan,ett,beslutsstöd,som,är,tillräckligt,robust,för,att,ge,mätbara,förbättringar,i,den,dagliga,styrningen,av,lagret,."
"Benämningen,Lex,Uggla,uppkom,när,artisten,Magnus,Ugglas,bolag,Uggly,Music,AB,granskades,under,2005,då,Skatteverket,genomförde,en,riktad,granskning,mot,företag,med,särskilt,hög,likviditet,.,I,ett,onoterat,bolag,är,tillgångarna,i,bolaget,skattepliktiga,hos,ägaren,så,länge,det,inte,rör,sig,om,rörelsetillgångar,.,Lagens,huvudsyfte,är,att,privatpersoner,inte,ska,kunna,inneha,skattepliktig,förmögenhet,i,ett,bolag,för,att,på,så,sätt,komma,undan,förmögenhetsskatt,.,Hur,mycket,som,anses,kunna,räknas,till,arbetande,kapital,och,förbli,skattefritt,kapital,har,enligt,rättsfall,visat,att,det,beror,på,följande,;,verksamhetens,art,och,omfattning,,,framtida,investeringsbehov,och,investeringsplaner,under,en,viss,tid,framåt,.,I,flertalet,av,rättsfallen,som,blivit,presenterade,har,det,framkommit,att,domstolarna,har,gått,på,Skatteverkets,linje,,,vilket,föranlett,att,merparten,av,de,skatteskyldiga,blivit,påförda,förmögenhetsbeskattning,.,I,de,fall,som,domstolen,dömt,till,den,skatteskyldiges,fördel,har,denne,kunnat,argumentera,och,påvisa,historiska,och,troliga,framtida,investeringsplaner,för,företaget,.,Trovärdigheten,bygger,på,att,den,skattskyldige,har,kunnat,styrka,tidigare,års,affärsuppgörelser,samt,underlag,för,framtida,investeringar,.,Vi,anser,att,lagen,i,sig,skall,finnas,kvar,för,att,det,inte,skall,vara,möjligt,att,dölja,privata,tillgångar,genom,att,tillskjuta,företaget,kapital,för,att,på,så,sätt,undvika,förmögenhetsbeskattning,.,Däremot,anser,vi,dagens,tolkning,och,tillämpning,är,felaktig,då,personer,som,är,innovativa,och,som,driver,lönsamma,företag,drabbas,.,Detta,eftersom,företagens,internt,upparbetade,vinster,i,princip,skall,”,lyftas,”,ut,ur,företagen,och,beskattas,som,ägarens,privata,förmögenhet,.,Vi,anser,att,lagen,leder,till,att,företagare,troligtvis,blir,mer,angelägna,om,att,komma,fram,till,avancerade,tekniska,skattelösningar,.,Vi,kommer,säkerligen,att,få,se,fler,vägledande,avkunnanden,den,närmaste,tiden,efterhand,som,Skatteverket,upptäcker,dessa","Jag,kan,göra,det,,,men,jag,behöver,själva,titeln,och,nyckelorden,(,och,gärna,ämnesområde,eller,kurs,,,om,du,har,),.,Just,nu,står,det,bara,“,Andersson,,,Jonas,,,nan,”,,,vilket,inte,räcker,för,att,skriva,en,sammanfattning,som,faktiskt,stämmer,.,Skicka,:,1,),Titel,2,),Nyckelord,(,lista,),3,),Ev.,2–3,meningar,om,vad,uppsatsen,handlar,om,(,om,du,har,),Så,skriver,jag,en,sammanfattning,i,kandidatuppsatsstil,enligt,dina,stilkrav,."
"Malaria,är,ett,globalt,hälsoproblem,som,orsakar,många,dödsfall,runt,om,i,världen,varje,år,och,nästan,hälften,av,jordens,befolkning,ligger,i,riskzonen,att,drabbas,av,sjukdomen,.,I,Indien,drabbas,mellan,2-3,miljoner,människor,varje,år,och,det,inträffar,omkring,900,dödsfall,.,Malaria,orsakas,av,Plasmodium,sp,.,som,är,en,protozoe,,,och,det,finns,fyra,olika,arter,som,är,patogena,för,människor,,,P.,vivax,,,P.,ovale,,,P.,falciparium,samt,P.,malariae,.,Vanliga,metoder,för,att,diagnostisera,malaria,är,genom,tunna,och,tjocka,blodutstryk,som,färgas,till,exempel,med,Giemsa,,,Fields,eller,Leishmans,färgningsteknik,och,studeras,mikroskopiskt,,,Quantitative,Buffy,Coat,(,QBC,),,,PCR,tester,,,acridinorange,färgning,samt,olika,immunologiska,tester,för,detektion,av,antikroppar,eller,antigen,som,till,exempel,enzyme-linked,immunosorbent,assays,(,ELISA,),test,och,dipstick,test,.,Syftet,med,denna,studie,är,att,utvärdera,om,en,användning,av,SD,Bio,Line,Malaria,Antigen,ELISA,kit,ger,en,mer,känslig,,,tillförlitlig,,,praktisk,samt,mindre,kostsam,diagnostikmetod,för,malaria,hos,patienter,med,misstänkt,malariainfektion,än,den,nuvarande,guldstandardmetoden,,,QBC,tillsammans,med,blodutstryk,,,vid,Christian,Medical,College,and,Hospital,i,Vellore,.,Patientproverna,har,i,både,ELISA,testet,samt,QBC,testet,tillsammans,med,utstryk,erhållit,samma,resultat,vilket,tyder,på,att,SD,Bio,Line,Malaria,Antigen,ELISA,kitet,skulle,kunna,vara,en,lika,bra,diagnostikmetod,som,QBC,testet,för,diagnos,av,malaria,.,ELISA,kitet,har,dock,fler,nackdelar,,,i,jämförelse,med,QBC,testet,,,så,därför,är,slutsatsen,att,SD,Bio,Line,Malaria,Antigen,ELISA,kitet,inte,är,en,mer,lämplig,diagnostisk,metod,för,malaria,än,den,som,används,vid,CMCH,.,Men,då,ELISA,testet,ändå,ger,en,säker,diagnos,,,enligt,resultatet,i,studien,,,kan,den,vara,ett,lämpligt,test,inom,något,annat,användningsområde","Studien,behandlar,diagnostik,av,malaria,vid,Christian,Medical,College,and,Hospital,i,Vellore,,,Indien,,,med,fokus,på,hur,väl,ett,Malaria,Antigen,ELISA-kit,fungerar,i,klinisk,vardag,.,Utgångspunkten,är,behovet,av,metoder,som,både,är,tillförlitliga,och,praktiskt,genomförbara,i,miljöer,där,patientflödet,kan,vara,stort,och,där,snabb,handläggning,påverkar,behandling,och,smittkontroll,.,Arbetet,är,upplagt,som,en,jämförande,utvärdering,mellan,två,diagnostiska,angreppssätt,:,Quantitative,Buffy,Coat,(,QBC,),,,som,bygger,på,mikroskopisk,detektion,efter,koncentration,av,blodets,cellfraktion,,,och,enzyme-linked,immunosorbent,assay,(,ELISA,),,,där,parasitrelaterade,antigener,påvisas,immunologiskt,.,ELISA-metodiken,prövas,som,alternativ,eller,komplement,till,QBC,,,med,frågor,om,träffsäkerhet,,,användbarhet,och,möjliga,felkällor,.,Jämförelsen,tar,sikte,på,hur,resultaten,överensstämmer,mellan,metoderna,,,hur,ofta,avvikelser,uppstår,och,vilka,konsekvenser,det,kan,få,för,diagnostiska,beslut,.,Ett,centralt,inslag,är,bedömningen,av,testprestanda,i,termer,av,sensitivitet,och,specificitet,,,men,också,hur,metoden,fungerar,när,provtagning,sker,under,realistiska,förhållanden,.,ELISA,kan,erbjuda,standardiserad,avläsning,och,möjligheten,att,hantera,många,prover,samtidigt,,,medan,QBC,ofta,ger,snabb,återkoppling,men,är,mer,beroende,av,utrustning,,,erfarenhet,och,tolkning,.,Studien,belyser,därför,inte,bara,en,teknisk,jämförelse,,,utan,också,skillnader,i,arbetsflöde,och,krav,på,resurser,.,Målet,är,att,ge,underlag,för,om,ett,Malaria,Antigen,ELISA-kit,kan,införas,som,rutinmetod,,,eller,om,det,bäst,används,som,stöd,vid,oklara,fynd,och,i,situationer,där,mikroskopisk,diagnostik,inte,räcker,till,."
"Syftet,med,att,undersöka,läroböcker,i,matematik,är,att,få,en,insikt,i,hur,stor,vikt,läroböckerna,lägger,på,själva,utförandet,istället,för,på,slutprodukten,.,Vi,vill,även,undersöka,om,läroboken,visar,att,det,kan,finnas,mer,än,en,lösning,till,en,och,samma,uppgift,.,Vi,bestämde,oss,för,att,granska,läroböcker,i,årskurs,fyra,och,utifrån,en,mall,med,fem,större,analysfrågor,och,dess,undergrupper,kategoriserade,vi,de,olika,läroböckernas,uppgifter,.,Resultatet,har,visat,att,ingen,av,de,tre,läroböckerna,är,stora,representanter,för,uppgifter,som,stimulerar,eleverna,till,ett,självständigt,tänkande","Arbetet,tar,sin,utgångspunkt,i,en,enkel,men,avgörande,fråga,:,uppmuntrar,matematikläroboken,eleverna,att,tänka,självständigt,,,eller,lotsas,de,främst,genom,färdiga,procedurer,?,Med,konstruktivistiska,utgångspunkter,förstås,lärande,här,som,något,eleverna,bygger,upp,själva,genom,att,pröva,,,ompröva,och,sätta,ihop,idéer,.,Det,gör,att,läroboken,inte,bara,blir,en,samling,uppgifter,,,utan,ett,styrande,redskap,för,vilka,typer,av,tankar,som,faktiskt,får,plats,i,matematikundervisningen,.,I,granskningen,av,läromedlet,ligger,fokus,på,hur,uppgifterna,och,presentationerna,formar,elevers,inlärningsmetoder,.,Undersökningen,tittar,på,om,boken,öppnar,för,flera,lösningsvägar,eller,om,den,i,praktiken,premierar,en,enda,“,rätt,”,metod,.,En,central,del,blir,därför,att,analysera,variation,:,variation,i,representationsformer,,,i,svårighetsgrad,,,i,krav,på,resonemang,och,i,hur,elever,förväntas,motivera,sina,val,.,Uppgifter,som,bara,tränar,rutin,kan,ge,tempo,och,trygghet,,,men,risken,är,att,de,samtidigt,gör,matematiken,smal,.,När,samma,typ,av,metod,återkommer,sida,upp,och,sida,ner,blir,det,lätt,att,eleverna,lär,sig,att,leta,efter,ett,mönster,i,uppgiftsformatet,snarare,än,att,undersöka,problemet,.,Analysen,knyter,an,till,processinriktad,matematikdidaktik,,,där,metoden,inte,ses,som,ett,mål,i,sig,utan,som,ett,resultat,av,förståelse,.,Här,blir,frågor,,,förklaringskrav,och,jämförelser,mellan,strategier,avgörande,.,En,bok,som,verkligen,vill,stötta,självständigt,tänkande,behöver,ge,utrymme,för,prövande,,,misstag,och,diskussion,,,inte,bara,visa,“,så,här,gör,man,”,.,Det,kan,handla,om,uppgifter,som,ber,eleverna,motivera,,,generalisera,,,hitta,egna,exempel,eller,värdera,olika,lösningar,.,Lika,talande,är,frånvaron,av,sådana,uppmaningar,:,när,facitlogiken,tar,över,och,resonemangen,blir,något,man,eventuellt,gör,efteråt,,,om,tid,finns,.,Arbetet,placerar,läroboken,i,ett,större,sammanhang,av,matematikundervisning,där,läromedel,ofta,fungerar,som,både,planering,och,bedömning,i,praktiken,.,Genom,en,systematisk,läromedelsgranskning,synliggörs,vilka,möjligheter,elever,faktiskt,får,att,utveckla,strategisk,flexibilitet,och,begreppslig,förståelse,.,Målet,är,inte,att,avgöra,om,en,lärobok,är,“,bra,”,eller,“,dålig,”,,,utan,att,beskriva,vilken,sorts,matematik,den,gör,möjlig,i,klassrummet,och,vilken,sorts,elev,den,verkar,förutsätta,:,den,som,följer,en,given,väg,,,eller,den,som,får,chans,att,välja,,,motivera,och,tänka,själv,."
"I,dagens,samhälle,drabbas,många,människor,av,cancer,,,där,flertalet,av,de,drabbade,lider,av,smärta,.,En,liten,del,av,Danmarks,cancerpatienter,har,möjligheten,att,avsluta,sitt,liv,på,Hospice,.,Syftet,med,studien,var,att,genom,fyra,intervjuer,belysa,danska,sjuksköterskors,upplevelser,av,att,vårda,cancerpatienter,med,smärta,på,Hospice,.,Studien,är,fenomenologiskt,inriktad,.,Teoretikern,som,användes,i,studien,ar,Katie,Eriksson,.,Hon,framhäver,att,kroppslig,smärta,på,grund,av,sjukdom,kan,vara,outhärdlig,och,skapa,en,ångest,inför,sjukdom,till,en,själslig,och,andlig,död,.,Som,metod,i,studien,användes,innehållsanalys,,,där,intervjuerna,analyserades,och,sammanställdes,.,Resultatet,i,studien,tyder,på,att,sjuksköterskor,upplever,närvaro,som,en,väsentlig,del,av,vården,med,smärtpåverkade,cancerpatienter,.,Analysen,visar,att,närvaro,innefattar,närhet,,,beröring,samt,kommunikation,.","Arbetet,tar,sin,utgångspunkt,i,palliativ,vård,inom,cancersjukdom,och,belyser,hur,smärta,påverkar,patientens,vardag,och,livskvalitet,när,bot,inte,längre,är,målet,.,Med,fokus,på,hospice,och,omvårdnad,undersöks,hur,vårdinsatser,kan,lindra,både,fysiskt,lidande,och,den,oro,som,ofta,följer,med,sjukdomens,sena,skeden,.,Smärtan,framträder,som,något,mer,än,ett,symtom,;,den,rör,kroppen,,,men,också,relationer,,,identitet,och,känslan,av,kontroll,.,Därför,behöver,bedömning,och,smärtlindring,förstås,som,en,del,av,ett,större,sammanhang,där,patientens,upplevelse,får,styra,.,I,texten,används,Katie,Erikssons,omvårdnadsteori,som,tolkningsram,.,Begrepp,som,lidande,,,vårdande,och,värdighet,ger,språk,åt,det,som,ibland,hamnar,mellan,rutiner,och,mätvärden,.,Patientens,behov,av,närhet,,,trygghet,och,att,bli,tagen,på,allvar,sätts,i,relation,till,vårdpersonalens,ansvar,att,se,hela,människan,,,även,när,tid,,,resurser,och,organisatoriska,krav,drar,åt,andra,håll,.,Hospice,framstår,som,en,miljö,där,denna,helhetssyn,ofta,får,bättre,förutsättningar,:,symtomlindring,kombineras,med,samtal,,,stöd,till,närstående,och,en,omsorg,om,det,existentiella,som,inte,alltid,ryms,i,annan,vård,.,Arbetet,lyfter,också,omvårdnadens,praktiska,sida,.,Smärtskattning,,,läkemedel,,,icke-farmakologiska,metoder,och,kontinuitet,i,vårdrelationen,beskrivs,som,avgörande,delar,.,Samtidigt,betonas,att,god,palliativ,vård,inte,enbart,handlar,om,att,“,ta,bort,smärta,”,utan,om,att,lindra,lidande,på,ett,sätt,som,bevarar,personens,värde,och,självbestämmande,.,I,mötet,mellan,patient,,,närstående,och,vårdteam,prövas,detta,i,det,lilla,:,hur,man,lyssnar,,,hur,man,är,närvarande,,,hur,man,vågar,tala,om,det,svåra,utan,att,ta,över,berättelsen,."
"Det,saknas,metoder,att,mäta,informationssäkerhet,inom,företag,och,företagets,tillgångar,har,förändrats,från,ett,fokus,på,maskiner,och,råvaror,till,kunskap,(,intellektuellt,kapital,),.,Rapporten,utforskar,om,det,finns,delar,av,företags,intellektuella,kapital,som,beskyddar,företagets,tillgångar,och,processer,.,Detta,kapital,kallas,säkerhetskapital,.,Hur,skulle,företags,informationssäkerhet,kunna,tydliggöras,genom,dess,intellektuella,kapital,och,hur,kan,begrepp,inom,informationssäkerhet,och,företagsvärdering,hänga,samman,?,Syftet,med,uppsatsen,är,att,öka,förståelsen,hur,informationssäkerhet,är,relaterat,till,intellektuellt,kapital,.,Rapporten,bygger,på,litteraturstudier,om,intellektuellt,kapital,och,informationssäkerhet,.,Data,har,samlats,in,från,dels,börsnoterade,företags,årsredovisningar,och,dels,från,pressreleaser,och,börsinformation,.,Denna,information,har,sedan,analyserats,både,kvantitativt,och,kvalitativt,och,begreppet,säkerhetskapital,har,växt,fram,.,Teorier,om,företagsvärdering,,,intellektuellt,kapital,,,risk,management,och,informationssäkerhet,presenteras,och,blir,den,referensram,i,vilket,begreppet,säkerhetskapital,sätts,i,sitt,sammanhang,.,Begreppet,säkerhetskapital,presenteras,i,form,av,modeller,och,situationer,vari,olika,perspektiv,på,säkerhetskapital,analyseras,och,utvärderas,.,Slutsatserna,är,främst,i,form,av,modeller,och,beskrivningar,av,hur,man,kan,se,på,säkerhetskapital,i,förhållande,till,intellektuellt,kapital,och,andra,begrepp,.,Området,är,komplext,men,delar,av,resultaten,(,som,är,på,en,hög,abstraktionsnivå,),kan,användas,för,att,värdera,andra,typer,av,immateriella,tillgångar,.","Säkerhetskapital,kan,förstås,som,en,särskild,del,av,det,intellektuella,kapitalet,:,de,immateriella,resurser,som,gör,att,en,organisation,faktiskt,kan,skydda,sin,information,och,hålla,verksamheten,stabil,även,när,hoten,förändras,.,Det,handlar,inte,bara,om,teknik,,,utan,om,samlad,förmåga,.,Rutiner,som,fungerar,när,det,blir,stressigt,.,Medarbetare,som,vet,vad,som,är,känsligt,och,varför,.,Beslutsvägar,som,gör,att,incidenter,fångas,upp,i,tid,i,stället,för,att,normaliseras,.,I,ett,intellektuellt,kapital-perspektiv,blir,informationssäkerhet,mindre,en,fråga,om,enskilda,verktyg,och,mer,en,fråga,om,organisatoriskt,kunnande,och,struktur,.,Säkerhetskapitalet,växer,när,säkerhetsarbetet,är,inbäddat,i,vardagen,:,i,systemdesign,,,i,upphandlingar,,,i,utbildning,,,i,ledningens,prioriteringar,.,Det,går,att,lägga,stora,pengar,på,brandväggar,och,kryptering,och,ändå,stå,svagt,,,om,kunskapen,inte,omsätts,i,praktiken,eller,om,ansvarsfördelningen,är,oklar,.,Omvänt,kan,en,organisation,med,relativt,begränsade,resurser,få,god,effekt,när,man,har,tydliga,processer,,,ett,fungerande,lärande,efter,incidenter,och,en,kultur,där,avvikelser,rapporteras,.,Riskperspektivet,knyter,ihop,resonemanget,.,Säkerhetskapitalet,visar,sig,i,hur,väl,organisationen,kan,identifiera,,,värdera,och,hantera,risker,kopplade,till,konfidentialitet,,,riktighet,och,tillgänglighet,.,Det,påverkar,hur,snabbt,man,upptäcker,intrång,,,hur,konsekvent,man,gör,behörighetsstyrning,,,hur,man,prioriterar,mellan,verksamhetsnytta,och,skydd,,,och,hur,man,återhämtar,sig,när,något,ändå,går,fel,.,På,så,sätt,blir,säkerhetskapital,inte,bara,ett,skydd,mot,förluster,,,utan,också,en,möjliggörare,:,det,skapar,handlingsutrymme,för,digitalisering,,,samarbete,och,informationsdelning,utan,att,risknivån,skenar,.,Sett,som,en,del,av,det,intellektuella,kapitalet,kan,säkerhetskapitalet,beskrivas,som,en,kombination,av,kompetens,,,styrning,och,praktiserade,arbetssätt,som,minskar,sårbarheter,och,gör,riskhantering,mer,träffsäker,.,Det,är,ett,kapital,som,byggs,långsamt,,,kan,raseras,snabbt,och,som,ofta,märks,först,när,det,saknas,."
"Syftet,med,denna,undersökning,är,att,få,en,inblick,i,om,och,hur,förlusten,av,sockenkyrkan,påverkade,livet,i,Nedertorneå-Haparanda,församling,socialt,samt,religiöst,och,i,så,fall,hur,eventuella,förändringar,yttrade,sig,när,de,efter,kriget,1809,förlorade,hemkyrkan,på,Björkön-Pirkkiö,till,Ryssland,.,Församlingskyrkan,blev,efter,gränsdragningen,kvar,på,ryskt,område,.,Eftersom,kyrkan,ansvarade,för,ett,flertal,nuvarande,statliga,uppgifter,under,denna,tid,,,har,jag,funderat,på,hur,undervisning,,,fattigvård,samt,sjukvård,fungerade,utan,kyrka,och,prästerskap,.,Hur,förrättningar,och,gudstjänster,fungerade,i,en,sådan,komplex,situation,är,ytterligare,faktorer,jag,studerat,närmare,.,För,att,ta,reda,på,hur,det,förhöll,sig,med,detta,under,den,här,tidsperioden,har,jag,ägnat,mig,åt,litteraturstudium,;,vilket,till,största,delen,varit,av,historisk,karaktär,.,Det,har,rört,sig,om,kyrkohistoria,,,studium,av,samhällsutveckling,,,samt,allmän,global,och,lokal,historia,.,Utifrån,det,samlade,materialet,har,jag,kommit,fram,till,att,livet,påverkades,ur,flera,aspekter,för,invånarna,i,Nedertorneå-Haparanda,församling,när,de,förlorade,sockenkyrkan,1809,.,Undervisningen,med,husförhör,fungerade,inte,som,de,skulle,,,negligering,av,förbud,att,bevista,den,gamla,stenkyrkan,förekom,samt,en,likgiltighet,hos,föräldrarna,att,undervisa,sina,barn,och,hålla,husandakt,är,några,exempel,på,hur,detta,kom,till,uttryck,hos,lokalbefolkningen,.","Uppsatsen,behandlar,sockenkyrkans,ställning,i,Tornedalen,innan,den,period,då,samhällets,funktioner,i,högre,grad,började,skiljas,åt,och,fördelas,mellan,olika,institutioner,.,Utgångspunkten,är,att,kyrkan,i,den,äldre,sockenordningen,inte,enbart,var,en,religiös,plats,utan,också,en,knutpunkt,för,lokalt,beslutsfattande,,,social,ordning,och,vardagens,rytm,.,När,man,närmar,sig,Tornedalen,blir,detta,särskilt,tydligt,,,eftersom,området,länge,präglades,av,långa,avstånd,,,gränsnära,kontakter,och,en,praktisk,beroendekultur,där,socknens,gemensamma,resurser,hade,stor,betydelse,.,I,centrum,står,kyrkoförlust,som,erfarenhet,och,process,,,inte,bara,som,en,fysisk,förlust,av,byggnad,eller,inventarier,utan,som,en,rubbning,av,socknens,sammanhållning,.,Frågan,blir,vad,som,händer,när,den,självklara,mittpunkten,försvagas,:,vilka,funktioner,faller,bort,,,vilka,flyttar,,,och,vilka,återuppfinns,på,annat,håll,.,Materialet,knyts,till,konkreta,platser,och,lokala,förhållanden,,,med,Haparanda,och,Björkö,som,hållpunkter,i,en,berättelse,där,kyrkliga,strukturer,möter,gränsdragning,och,omförhandling,av,tillhörighet,.,1809,års,krig,fungerar,som,en,skarp,brytpunkt,.,Kriget,och,den,efterföljande,gränsdragningen,gjorde,Tornedalen,till,ett,delat,landskap,,,där,församlingars,tidigare,rörelsemönster,och,administrativa,band,plötsligt,blev,problematiska,eller,omöjliga,.,I,det,läget,blir,sockenkyrkan,mer,än,ett,hus,:,den,blir,ett,tecken,på,var,makt,och,lojalitet,förväntas,ligga,,,och,på,vems,vardag,som,räknas,.,Kyrkoförlusten,kan,därför,läsas,både,i,praktiska,termer,–,ändrade,vägar,,,längre,resor,,,nya,samlingsplatser,–,och,i,mer,lågmälda,förskjutningar,i,identitet,och,lokalt,självförtroende,.,Genom,att,följa,hur,kyrkans,roll,omprövas,i,Tornedalen,,,och,hur,Haparanda,och,Björkö,relaterar,till,de,nya,politiska,och,kyrkliga,gränserna,,,synliggörs,en,tid,då,socknen,ännu,bar,många,samhällsfunktioner,men,samtidigt,började,tappa,sin,självklarhet,.,Studien,visar,hur,kriget,1809,inte,bara,ritade,om,kartan,utan,också,pressade,fram,förändringar,i,det,lokala,institutionslandskapet,,,där,kyrkan,kunde,gå,från,självklar,mitt,till,en,omstridd,eller,förlorad,punkt,i,människors,geografi,."
"Utgångspunkt,för,arbetet,har,varit,de,brister,i,matematikkunskaper,hos,eleverna,som,framkommit,i,ett,flertal,rapporter,,,samtidigt,som,många,framställningar,pekar,på,att,dagens,matematikundervisning,bedrivs,på,ett,mycket,traditionellt,sätt,.,Syftet,med,denna,uppsats,har,varit,att,ur,ett,matematikdidaktiskt,perspektiv,belysa,hur,matematiklärare,i,grundskolans,senare,år,planerar,,,genomför,,,följer,upp,och,utvärderar,sin,undervisning,i,avsikt,möta,den,stora,variation,av,elever,som,finns,i,varje,elevgrupp,,,dvs,hur,lärare,arbetar,för,att,variera,sin,undervisning,i,syfte,att,individualisera,för,eleverna,.,Undersökningen,har,genomförts,som,en,kombination,av,enkät,och,intervju,,,där,den,inledande,enkäten,dels,har,gett,en,bred,bild,av,lärarnas,uppfattningar,inom,några,väsentliga,områden,dels,använts,för,att,fånga,in,intervjupersoner,för,den,efterföljande,intervjun,.,Den,senare,delen,av,undersökningen,,,där,avsikten,varit,att,komma,några,utvalda,lärare,närmare,in,på,livet,,,har,genomförts,som,kvalitativa,intervjuer,.,Resultatet,av,undersökningen,visar,att,det,både,finns,stora,variationer,mellan,olika,lärares,sätt,att,arbeta,,,samtidigt,som,det,finns,många,gemensamma,uppfattningar,.,Den,bild,som,jag,fått,genom,intervjuerna,,,vilken,i,mycket,stämmer,överens,med,flera,tidigare,undersökningar,,,är,att,den,dominerande,formen,av,individualisering,är,hastighetsindividualisering,där,eleverna,arbetar,med,samma,material,men,i,olika,takt,.,För,att,individualisera,undervisningen,på,ett,mer,effektivt,sätt,krävs,troligtvis,en,större,variation,,,än,vad,denna,undersökning,kunnat,visa,,,både,vad,gäller,innehåll,och,metoder,.,Ofta,handlar,det,om,resurser,,,intentioner,kontra,betingelser,,,och,frågan,om,att,låta,sig,styras,eller,att,försöka,påverka,och,styra,.,För,att,kunna,arbeta,efter,det,senare,alternativet,krävs,ett,systematiskt,och,strukturerat,angrepps-,och,arbetssätt,.,Detta,kräver,i,sin,tur,åtgärder,på,flera,olika,nivåer,inom,skolan,.","Uppsatsen,*,Matematik,för,alla,?,*,tar,sin,utgångspunkt,i,en,vardaglig,men,svår,fråga,:,hur,gör,matematiklärare,för,att,ge,alla,elever,en,rimlig,chans,att,lyckas,när,skillnaderna,i,förkunskaper,,,tempo,och,motivation,är,stora,.,Fokus,ligger,på,individualisering,som,praktiskt,arbete,i,klassrummet,,,snarare,än,som,idealformulering,i,styrdokument,.,Genom,att,rikta,blicken,mot,lärarnas,val,,,prioriteringar,och,arbetssätt,synliggörs,spänningen,mellan,ambitionen,att,möta,varje,elev,och,de,ramar,som,undervisningen,faktiskt,sker,inom,.,Studien,visar,att,individualisering,ofta,tar,formen,av,en,kombination,av,gemensamma,genomgångar,och,differentierat,arbete,där,eleverna,arbetar,på,olika,nivåer,eller,med,olika,uppgifter,.,Läraren,försöker,skapa,ett,“,lagom,”,avstånd,mellan,eleverna,:,tillräckligt,stort,för,att,alla,ska,kunna,arbeta,meningsfullt,,,men,inte,så,stort,att,gruppen,faller,isär,.,I,praktiken,blir,stödinsatser,,,extra,förklaringar,och,återkoppling,centrala,verktyg,.,Det,handlar,mindre,om,att,skapa,helt,individuella,upplägg,för,varje,elev,och,mer,om,att,göra,justeringar,medan,undervisningen,pågår,,,ibland,snabbt,och,intuitivt,.,Lärarnas,beskrivningar,pekar,också,på,att,individualisering,lätt,reduceras,till,uppgiftsdifferentiering,,,särskilt,när,läromedel,och,arbetsböcker,styr,arbetet,.,Då,kan,“,eget,arbete,”,framstå,som,en,lösning,,,men,kräver,samtidigt,att,läraren,är,aktivt,närvarande,och,fångar,upp,elever,som,kör,fast,eller,som,tar,sig,igenom,uppgifter,utan,att,riktigt,förstå,.,Några,lärare,betonar,vikten,av,att,variera,representationsformer,och,arbetssätt,för,att,öppna,fler,ingångar,till,samma,innehåll,,,medan,andra,främst,talar,om,nivåanpassning,och,tempo,.,En,återkommande,slutsats,är,att,individualisering,inte,bara,är,en,metodfråga,utan,en,fråga,om,villkor,.,Tid,,,gruppstorlek,,,tillgång,till,stödresurser,och,möjligheten,att,följa,upp,elevers,arbete,påverkar,vad,som,faktiskt,blir,möjligt,att,genomföra,.,Lärarens,intentioner,räcker,inte,alltid,när,undervisningen,samtidigt,ska,vara,likvärdig,,,effektiv,och,hanterbar,.,Titeln,fungerar,därför,som,en,prövning,av,idén,om,“,matematik,för,alla,”,:,målet,finns,där,,,men,vägen,dit,består,av,kompromisser,,,professionella,avvägningar,och,ett,kontinuerligt,arbete,med,att,få,variationen,i,elevgruppen,att,rymmas,i,samma,klassrum,."
"Denna,studie,utgörs,av,ett,explorativt,experiment,.,Det,som,har,legat,i,fokus,för,denna,studie,har,varit,att,mäta,attityd,gentemot,varumärkes,produkter,.,Eftersom,det,har,skett,genom,experiment,har,det,centrala,varit,att,se,hur,attityden,påverkas,.,Studien,använder,sig,av,vissa,teorier,kring,varumärken,som,råd,och,tips,i,upplägget,av,experimentet,.,En,av,hypoteserna,som,ställdes,i,studien,var,att,positiv,beskrivning,av,varumärkes,produkter,ger,högre,utfall,i,värderandet,och,viljan,att,äga,produkten,än,neutral,beskrivning,.,Den,andra,hypotesen,var,att,det,inte,finns,någon,könsskillnad,i,utfallet,.,Experimentet,gav,ett,samstämmigt,svar,sett,till,hypotesen,men,vissa,överraskningar,och,mer,oväntade,resultat,framkom,också,.","Uppsatsen,undersöker,hur,sättet,ett,varumärke,beskrivs,på,påverkar,studenters,attityder,till,produkter,,,särskilt,hur,de,värderar,dem,och,hur,de,ser,på,ägande,.,Utgångspunkten,är,att,varumärken,inte,bara,fungerar,som,igenkänning,eller,kvalitetssignal,,,utan,också,bär,på,berättelser,och,associationer,som,kan,styra,hur,en,produkt,uppfattas,redan,innan,någon,har,provat,den,.,I,en,studentkontext,,,där,ekonomiska,ramar,ofta,är,tydliga,men,konsumtionsval,ändå,kan,vara,identitetsskapande,,,blir,den,här,typen,av,påverkan,extra,intressant,.,Fokus,ligger,på,kopplingen,mellan,varumärkesbeskrivning,och,attityd,.,En,viss,formulering,kan,få,en,produkt,att,framstå,som,mer,exklusiv,,,mer,pålitlig,eller,mer,“,rätt,”,för,en,viss,person,.,Den,kan,också,göra,att,ägande,upplevs,som,mer,meningsfullt,än,själva,nyttan,av,produkten,.,Resultatet,som,studien,söker,ringa,in,är,alltså,inte,bara,om,studenter,gillar,en,produkt,mer,eller,mindre,,,utan,hur,deras,uppfattning,om,produktens,värde,förändras,,,och,om,de,känner,större,(,eller,mindre,),benägenhet,att,vilja,äga,den,.,Arbetet,placerar,varumärken,i,gränslandet,mellan,marknadsföring,och,konsumentpsykologi,.,När,beskrivningar,laddas,med,vissa,värden—som,hållbarhet,,,status,,,enkelhet,eller,tradition—kan,de,påverka,vilka,egenskaper,studenter,lägger,märke,till,och,vilka,de,bortser,från,.,I,praktiken,kan,samma,produkt,bedömas,olika,beroende,på,vilka,ord,som,omger,den,.,Uppsatsen,bidrar,därför,med,en,tydligare,bild,av,hur,varumärkeskommunikation,formar,studenters,värderingsprocesser,och,hur,ägande,kan,få,en,symbolisk,tyngd,som,går,utöver,pris,och,funktion,."
"Bakgrund,:,Att,skapa,kontakt,med,demensdrabbade,kan,vara,svårt,om,vårdaren,inte,har,rätt,kunskap,i,hur,kontakt,kan,skapas,.,Den,ickeverbala,kommunikationen,såsom,beröring,och,musik,kan,vara,av,betydelse,när,kontakt,ska,skapas,.,Människan,förknippar,beröring,med,att,vara,omtyckt,och,genom,detta,ökar,känslan,av,trygghet,och,tillit,och,på,så,sätt,kan,kontakt,skapas,.,Ett,annat,sätt,att,skapa,kontakt,på,är,genom,musik,,,där,det,har,visat,sig,att,minnet,av,sång,och,musik,betyder,mycket,för,människan,och,kan,stärka,kommunikationen,.,Syfte,:,Syftet,med,studien,är,att,belysa,hur,kontakt,kan,skapas,med,demensdrabbade,genom,beröring,och,genom,musik,.,Metod,:,En,litteraturstudie,som,är,baserad,på,åtta,vetenskapliga,artiklar,.,Artiklarna,ar,granskade,och,analyserade,efter,Burnards,innehållsanalys,.,Orlandos,omvårdnadsteori,användes,som,teoretisk,referensram,och,som,b1.a,.,tar,upp,interaktionen,mellan,vårdare,och,patient,.,Resultat,:,I,resultatet,har,det,visat,sig,att,genom,beröring,och,genom,musik,kan,vårdare,få,en,ökad,förståelse,för,den,demensdrabbade,.,Kontakt,och,kommunikation,skapar,gemenskap,mellan,demensdrabbade,och,deras,vårdare,,,känslor,av,välbefinnande,bildas,och,minnesförmågan,hos,personer,med,demenssjukdom,ökar,.","Uppsatsen,behandlar,ickeverbal,kommunikation,i,vård,och,omsorg,med,fokus,på,personer,som,lever,med,demens,.,När,språket,blir,svårare,att,använda,,,eller,när,orden,inte,längre,räcker,för,att,uttrycka,behov,och,känslor,,,får,andra,sätt,att,skapa,kontakt,större,betydelse,.,Arbetet,tar,sin,utgångspunkt,i,hur,beröring,och,musik,kan,fungera,som,bärande,kanaler,för,samspel,mellan,vårdpersonal,och,demensdrabbade,,,och,hur,sådana,insatser,kan,påverka,upplevelsen,av,trygghet,och,välbefinnande,.,Beröring,beskrivs,som,ett,direkt,och,ofta,kraftfullt,sätt,att,nå,fram,där,talad,kommunikation,inte,gör,det,.,En,hand,på,axeln,,,en,lugn,handmassage,eller,ett,stilla,hållande,kan,ge,kroppslig,orientering,och,minska,oro,,,särskilt,i,situationer,som,annars,lätt,blir,stressfyllda,,,som,vid,omvårdnad,eller,förflyttningar,.,Samtidigt,problematiseras,beröringens,dubbelhet,:,den,kan,skapa,närhet,men,också,väcka,motstånd,om,den,upplevs,som,påtvingad,,,fel,tajmad,eller,svår,att,tolka,.,Uppsatsen,lyfter,därför,fram,lyhördhet,för,signaler,,,tempo,och,individens,tidigare,erfarenheter,som,centralt,.,Kontakt,handlar,inte,bara,om,att,röra,vid,någon,,,utan,om,hur,man,gör,det,och,när,.,Musikens,roll,skildras,som,ett,sätt,att,öppna,dörrar,till,minnen,,,känslor,och,igenkänning,.,Den,kan,ge,struktur,åt,stunden,,,skapa,ett,gemensamt,fokus,och,bidra,till,ett,lugnare,känsloläge,.,I,mötet,med,demens,kan,musik,fungera,som,en,sorts,bro,mellan,person,och,omgivning,,,där,tonfall,,,rytm,och,välbekanta,melodier,ibland,når,fram,trots,nedsatt,kognitiv,förmåga,.,Uppsatsen,rör,sig,också,kring,musikens,sociala,dimension,.,Att,lyssna,tillsammans,eller,sjunga,enkla,fraser,kan,skapa,en,delad,situation,där,personen,inte,bara,blir,mottagare,av,omsorg,utan,också,deltagare,.,Genom,att,knyta,ihop,ickeverbal,kommunikation,,,demens,och,välbefinnande,visar,arbetet,hur,små,,,vardagliga,handlingar,kan,få,stor,effekt,i,omsorgen,.,Kontakt,skapas,inte,alltid,genom,mer,prat,eller,fler,instruktioner,,,utan,genom,att,möta,personen,där,den,befinner,sig,–,i,kroppen,,,i,stämningen,och,i,det,som,fortfarande,känns,bekant,.,Beröring,och,musik,framstår,som,två,praktiska,verktyg,som,,,när,de,används,med,respekt,och,fingertoppskänsla,,,kan,bidra,till,ökad,trygghet,,,minskad,oro,och,en,mer,mänsklig,vårdrelation,."
"SAMMANFATTNING,Problem,:,Det,finns,många,tankar,om,organisationer,och,hur,de,ska,styras,.,Förr,handlade,det,om,att,styra,företagets,olika,resurser,för,att,uppnå,lönsamhet,.,I,dag,krävs,det,mer,av,företagen,och,dess,traditionella,organisationsformer,sätts,på,prov,.,För,att,utvecklas,och,framförallt,kunna,konkurrera,i,den,allt,mer,föränderliga,omgivningen,krävs,det,att,organisationerna,är,öppna,för,nya,tankesätt,.,Det,pågår,en,övergång,från,traditionella,organisationer,till,processorienterade,organisationer,.,Med,detta,följer,ofta,att,team,inrättas,.,Teamen,har,kommit,att,bli,grunden,i,de,processorienterade,organisationerna,.,Utifrån,detta,vill,vi,veta,varför,organisationer,har,infört,team,?,Hur,styr,organisationen,teamen,?,Har,förväntningarna,uppfyllts,?,Syfte,:,Syftet,med,uppsatsen,är,att,vi,ur,ett,ledningsperspektiv,vill,beskriva,varför,företag,har,infört,team,,,hur,de,har,utformat,dem,och,hur,de,styrs,.,Vi,vill,även,se,om,det,finns,indikationer,på,överensstämmelse,mellan,förväntningar,och,verklighet,.,Metod,:,Vi,har,valt,att,göra,en,kvalitativ,studie,då,vi,vill,beskriva,en,händelse,.,En,fallstudie,passar,oss,bäst,då,vi,vill,få,en,djupare,förståelse,för,vad,införandet,av,team,har,inneburit,.,Slutsats,:,Organisationerna,inför,team,för,att,de,vill,öka,lönsamheten,och,motivationen,hos,de,anställda,.,Införandet,av,team,leder,till,att,medarbetarna,får,större,ansvar,och,det,ökar,deras,motivation,.,Detta,leder,i,sin,tur,till,att,företaget,kan,öka,sin,flexibilitet,,,kostnadseffektivitet,och,leveranssäkerhet,.,Dessa,tre,är,faktorer,som,kan,påverka,lönsamheten,.","Uppsatsen,undersöker,varför,organisationer,väljer,att,arbeta,i,team,och,vad,det,valet,innebär,för,styrning,och,lönsamhet,.,Utifrån,en,fallstudie,av,tre,företag,studeras,hur,team,används,som,ett,praktiskt,sätt,att,få,arbete,att,röra,sig,snabbare,och,jämnare,genom,verksamheten,.,Fokus,ligger,mindre,på,team,som,“,arbetsform,”,i,allmänhet,och,mer,på,vad,som,händer,när,man,försöker,styra,utifrån,flöde,och,processer,snarare,än,traditionella,funktioner,och,hierarkier,.,I,materialet,framträder,teamen,som,en,knutpunkt,där,flera,kompetenser,möts,runt,ett,gemensamt,uppdrag,.,När,ansvar,,,beslut,och,problemlösning,flyttas,närmare,själva,arbetet,minskar,behovet,av,att,skicka,ärenden,mellan,avdelningar,.,Det,påverkar,flödet,direkt,:,väntetider,blir,synliga,,,handoffs,blir,färre,och,prioriteringar,kan,göras,där,kunskapen,finns,.,Samtidigt,skärps,kraven,på,styrning,.,Företagen,behöver,ramar,som,håller,ihop,helheten—tydliga,mål,,,roller,,,gränssnitt,mellan,team,och,ett,sätt,att,följa,upp,prestation,som,inte,driver,fram,lokala,optimeringar,.,Fallstudien,pekar,på,att,processorientering,och,flödesorientering,inte,uppstår,automatiskt,bara,för,att,man,inför,team,.,De,företag,som,lyckas,bättre,verkar,arbeta,mer,konsekvent,med,processansvar,,,visualisering,av,arbete,,,hantering,av,kapacitet,och,gemensamma,regler,för,hur,uppgifter,tas,in,och,avslutas,.,Där,teamen,får,ett,sammanhållet,ansvar,för,en,del,av,processen,blir,kopplingen,mellan,dagligt,arbete,och,övergripande,resultat,tydligare,.,När,ansvar,är,otydligt,hamnar,teamen,lätt,i,att,“,städa,i,sin,egen,hörna,”,,,vilket,ger,aktivitet,men,sämre,genomslag,i,flödet,.,Lönsamhet,behandlas,som,en,effekt,av,hur,väl,styrning,och,arbetssätt,stödjer,flöde,.,Kortare,ledtider,,,färre,fel,och,mindre,omarbete,kan,frigöra,resurser,och,skapa,bättre,leveransprecision,.,Men,det,finns,en,baksida,när,team,blir,en,ny,struktur,utan,att,processerna,förändras,.,Då,kan,kostnaderna,öka,genom,fler,möten,,,oklara,beslutsvägar,och,parallella,prioriteringssystem,.,Studien,landar,i,att,team,blir,motiverade,när,de,används,som,ett,verktyg,för,att,styra,mot,flöde,:,att,göra,arbetet,enklare,att,leda,,,lättare,att,följa,upp,och,mer,direkt,kopplat,till,kundvärde,och,ekonomiskt,utfall,."
"Kurs,:,Kandidatuppsats,41-60p,,,våren,-,2002,,,Företagsekonomi,Titel,:,Kartläggning,och,utvärdering,av,utbildningar,-,en,svaghet,i,företag,?,Författare,:,Annika,Andersson,,,Nina,Blomkvist,och,Goce,Lamevski,Handledare,:,Göran,Alsén,,,IEM,,,Blekinge,Tekniska,Högskola,Syfte,:,Vårt,syfte,med,uppsatsen,är,att,beskriva,och,skapa,förståelse,för,vilka,faktorer,som,ligger,bakom,hur,företag,kartlägger,utbildningsbehov,,,vilka,utvärderingsmetoder,som,används,samt,hur,effekter,kan,tydliggöras,i,organisationen,.,Vidare,är,syftet,att,efter,studien,kunna,bemöta,den,kritik,som,vi,tar,upp,i,problemdiskussionen,.,Metod,:,Vi,har,i,denna,studie,använt,oss,av,semistrukturerade,,,kvalitativa,intervjuer,med,utbildningsansvariga,inom,telecombranschen,.,Slutsats,:,I,vår,studie,har,vi,kommit,fram,till,att,företag,lägger,ner,,,ett,till,synes,noggrant,arbete,med,att,karlägga,behov,för,utbildning,,,i,kontrast,till,den,kritik,som,har,framhållits,av,forskare,.,Vidare,har,vi,funnit,att,företag,främst,använder,sig,av,enkäter,vid,utvärderingsprocessen,,,samt,att,syftet,med,utvärderingen,i,första,hand,,,verkar,vara,att,förbättra,kommande,utbildningar,.,Vad,gäller,att,tydliggöra,effekter,av,utbildningar,,,har,vi,uppmärksammat,att,den,dynamiska,miljön,kan,vara,en,förklarande,faktor,till,varför,inte,företag,lägger,ner,mer,tid,och,resurser,på,detta,moment,.,Vi,har,gjort,tolkningen,att,tillverkande,företag,,,i,större,bemärkelse,än,tjänsteföretag,,,har,möjlighet,att,genom,kunskapsprövning,,,utläsa,effekter,av,utbildning,.","Arbetet,behandlar,hur,företag,kartlägger,och,utvärderar,sina,utbildningsinsatser,och,varför,just,dessa,moment,ofta,blir,en,svag,punkt,i,kompetensarbetet,.,Utgångspunkten,är,att,utbildning,sällan,är,problemet,i,sig,;,det,är,snarare,vägen,dit,och,vad,som,händer,efteråt,som,brister,.,När,utbildningsbehov,identifieras,på,otydliga,grunder,–,till,exempel,via,allmänna,önskemål,,,tradition,eller,enstaka,chefernas,magkänsla,–,riskerar,insatserna,att,hamna,bredvid,den,faktiska,verksamhetsutmaningen,.,Resultatet,kan,bli,kurser,som,upplevs,relevanta,i,stunden,men,som,inte,förändrar,arbetssätt,,,prestation,eller,kvalitet,.,I,fokus,står,kartläggningen,av,utbildningsbehov,som,ett,praktiskt,beslutsunderlag,.,Här,diskuteras,hur,företag,kan,fånga,upp,behov,på,flera,nivåer,:,individens,kompetensluckor,,,teamens,arbetsflöden,och,organisationens,strategiska,mål,.,Spännvidden,är,stor,.,Vissa,verksamheter,har,etablerade,rutiner,med,kompetensmatriser,,,utvecklingssamtal,och,analyser,av,avvikelser,,,medan,andra,lutar,sig,mot,ad,hoc-lösningar,där,utbildning,beställs,när,problem,redan,uppstått,.,Den,senare,modellen,tenderar,att,göra,utbildning,till,en,brandsläckare,snarare,än,ett,verktyg,för,långsiktig,utveckling,.,Utvärdering,av,utbildning,behandlas,som,den,andra,kritiska,länken,.,Många,företag,nöjer,sig,med,deltagarnas,nöjdhet,efter,en,kurs,,,vilket,ger,en,bild,av,upplevelsen,men,sällan,säger,något,om,faktisk,effekt,.,Texten,lyfter,i,stället,behovet,av,att,följa,upp,om,kunskap,används,i,arbetet,,,om,beteenden,förändras,och,om,verksamheten,får,mätbara,förbättringar,.,Här,uppstår,ofta,friktion,:,tid,saknas,,,ansvarsfördelningen,är,oklar,och,data,är,svår,att,samla,in,.,När,uppföljning,uteblir,blir,det,också,svårt,att,lära,av,tidigare,satsningar,,,och,samma,typer,av,utbildningar,upprepas,utan,att,man,vet,om,de,fungerar,.,Sammanfattningen,pekar,mot,att,svagheten,inte,främst,ligger,i,viljan,att,utbilda,,,utan,i,bristen,på,systematik,och,koppling,mellan,behov,,,genomförande,och,resultat,.,När,kartläggning,och,utvärdering,fungerar,som,två,isolerade,aktiviteter,tappar,företaget,kontrollen,över,sin,kompetensinvestering,.,När,de,knyts,tätare,till,vardagsarbete,,,mål,och,uppföljning,ökar,chansen,att,utbildning,faktiskt,gör,skillnad,–,inte,bara,på,papperet,utan,i,praktiken,."
"Sedan,1979,när,den,amerikanska,ambassaden,i,Teheran,ockuperades,av,studenter,och,personalentogs,som,gisslan,under,444,dagar,har,kontakterna,mellan,Iran,och,USA,varit,ansträngda,.,Iran,harbland,annat,pekats,ut,av,president,George,W,Bush,som,”,en,av,ondskans,axelmakter,”,.,Syftet,meddenna,uppsats,är,att,undersöka,vilka,metoder,för,amerikanskt,strategiskt,inflytande,som,haranvänts,av,USA,mot,Iran,och,haft,framgång,.,Den,valda,metoden,är,kvalitativ,textanalys,.,Utifrånfrågeställningen:Vilken,/,vilka,typer,av,strategiskt,inflytande,har,varit,effektiva,för,att,påverka,styret,av,Iran,?,granskas,tre,fall,av,informationsoperationer,(,militär-,,,politisk-,och,mediaoperation,),genomfördamot,Iran,mellan,1979,och,2006,.,Aktörerna,ayatolla,,,parlament,,,president,,,prästerskap,ochmedelklass,beskrivs,utifrån,Pierre,Bourdieus,fältteori,för,att,belysa,vilka,metoder,som,varitändamålsenliga,och,framgångsrika,från,USA:s,sida,.,Granskningen,visar,att,USA:s,främsta,väg,tillframgång,har,varit,psyops,och,mjuka,metoder,mot,utvalda,grupper,medan,direkt,konfrontation,iform,av,hårda,politiska,påtryckningar,och,hot,om,,,eller,bruket,av,militära,medel,inte,i,sammautsträckning,varit,framgångsrika,.","Uppsatsen,tar,avstamp,i,frågan,om,iranska,aktörer,faktiskt,går,att,påverka,,,och,prövar,USA:s,förmåga,att,utöva,strategiskt,inflytande,genom,att,betrakta,relationen,som,ett,fält,där,olika,aktörer,konkurrerar,om,handlingsutrymme,,,legitimitet,och,tolkningsföreträde,.,Utgångspunkten,är,att,inflytande,inte,bara,är,en,fråga,om,materiell,makt,eller,formella,beslut,,,utan,om,hur,budskap,,,symboler,och,uppfattningar,cirkulerar,och,får,fäste,i,ett,politiskt,sammanhang,präglat,av,historiska,erfarenheter,och,inhemska,maktstrider,.,I,ett,sådant,perspektiv,blir,den,iranska,sidan,inte,en,enhetlig,motpart,utan,ett,landskap,av,institutioner,,,fraktioner,och,nätverk,som,både,samarbetar,och,motarbetar,varandra,.,Med,fokus,på,amerikansk,utrikespolitik,undersöks,hur,USA,försöker,påverka,iranska,beslutsmiljöer,och,opinioner,genom,en,kombination,av,diplomatiska,signaler,,,sanktioner,och,informationspåverkansmetoder,.,Informationskrigföring,behandlas,som,ett,praktiskt,verktyg,snarare,än,en,abstrakt,idé,:,kamp,om,narrativ,,,urval,av,målgrupper,,,och,försök,att,skapa,sprickor,i,motståndarens,koalitioner,.,Samtidigt,visar,arbetet,hur,dessa,insatser,ofta,möter,ett,motstånd,som,är,inbyggt,i,själva,fältet,.,Iranska,aktörer,kan,absorbera,,,omtolka,och,utnyttja,amerikanska,åtgärder,i,sin,egen,legitimitetsproduktion,,,där,yttre,hot,inte,sällan,fungerar,som,ett,kitt,som,stärker,vissa,maktpositioner,internt,.,Analysen,pekar,på,att,USA:s,inflytande,varken,är,obefintligt,eller,allsmäktigt,.,Det,uppstår,luckor,där,påverkan,kan,få,effekt,,,särskilt,när,interna,spänningar,i,Iran,sammanfaller,med,trovärdiga,erbjudanden,eller,signaler,som,inte,uppfattas,som,rent,tvång,.,När,politiken,domineras,av,hårda,medel,och,kommunikationen,blir,förutsägbar,tenderar,fältet,att,sluta,sig,,,och,utrymmet,för,strategiskt,inflytande,krymper,.,Slutsatsen,blir,att,frågan,“,kan,iranska,aktörer,påverkas,?,”,måste,besvaras,med,hänsyn,till,vilka,aktörer,man,avser,,,vilka,insatser,som,används,och,hur,de,passar,in,i,fältets,logik,.,USA,kan,påverka,,,men,bara,när,det,lyckas,spela,på,de,relationer,,,konflikter,och,symboliska,resurser,som,redan,formar,den,iranska,politiska,arenan,."
"Föreliggande,rapport,redovisar,resultat,från,den,svenska,pilotstudien,inom,det,internationella,s.k.,SINR-projektet,(,Societal,Images,of,Natural,Recovery,),.,Detta,projekt,syftar,till,ökad,kunskap,om,hur,olika,synsätt,,,hos,allmänheten,såväl,som,inom,olika,professionella,grupper,,,påverkar,människor,möjligheter,att,komma,tillrätta,med,olika,former,av,missbruk,.,Som,ett,första,steg,i,projektet,har,i,hittills,sex,större,städer,i,fem,olika,länder,ett,mindre,antal,svarande,,,representerande,olika,samhällsgrupper,,,tillfrågats,om,sin,uppfattning,om,möjligheterna,att,på,egen,hand,ta,sig,ur,olika,slag,av,missbruksproblem,.,Den,svenska,pilotstudien,har,,,på,uppdrag,av,FoU-enheten,,,av,tre,socionomstuderande,vid,Stockholms,universitet,i,form,av,ett,examensarbete,.,Rapporten,innehåller,inledningsvis,en,översiktlig,sammanfattning,av,förekommande,perspektiv,på,olika,former,av,missbruk,,,av,aktuell,forskning,om,s.k.,”,självläkning,”,(,”,natural,recovery,”,),från,sådana,problem,,,och,av,attributionsteori,och,attributionsforskning,.,Därefter,redovisas,resultat,den,svenska,pilotstudien,.,Denna,bygger,på,intervjuer,med,femton,personer,,,representerande,fem,olika,samhällssektorer,:,”,behandling,”,,,”,kontroll,”,,,”,vardagsterapeuter,”,,,”,media,”,och,”,allmänhet,”,.,De,frågor,som,står,i,fokus,är,respondenternas,syn,på,möjligheten,till,”,självläkning,”,från,elva,olika,former,av,missbruksproblem,och,vad,de,upplever,som,de,största,hindren,mot,effektiva,lösningar,på,dessa,problem,.,Svaren,relateras,också,till,eventuella,erfarenheter,(,egna,eller,närståendes,),av,de,aktuella,problemen,.,Bland,de,mest,intressanta,resultaten,är,att,de,svarande,tämligen,genomgående,ser,”,illegala,”,beroendeproblem,(,olika,narkotiska,preparat,),som,betydligt,svårare,att,komma,tillrätta,med,än,”,legala,”,sådana,(,alkohol,,,tobak,,,spel,,,shopping,),.,På,samma,sätt,uppfattas,substansrelaterade,beroenden,ganska,genomgående,som,betydligt,svårare,än,beteenderelaterade,sådana,(,spel,och,shopping,),.,Om,man,ser,till,specifika,former,av,missbruk,finns,ett,starkt,samband,mellan,de,svarandes,(,negativa,),syn,på,möjligheten,att,sluta,med,amfetamin,,,kokain,och,heroin,.,Däremot,uppfattas,cannabis,som,nästan,lika,lätt,att,sluta,med,som,rökning,,,det,beroende,som,de,svarande,i,genomsnitt,uppfattar,det,som,allra,lättast,att,komma,tillrätta,med,.,Representanterna,för,behandlingsområdet,är,,,intressant,nog,,,ganska,genomgående,de,mest,pessimistiska,när,det,gäller,möjligheten,att,ta,sig,ur,ett,missbruk,på,egen,hand,,,medan,mediarepresentanterna,är,de,mest,optimistiska,.,Sammantagna,antyder,resultaten,att,människor,ganska,lätt,införlivar,den,officiella,och,av,media,reproducerade,bilden,av,olika,självdestruktiva,beteenden,.,Samtidigt,indikerar,skillnaderna,mellan,olika,grupper,av,svarande,att,uppfattningarna,i,vissa,avseenden,skiljer,sig,påtagligt,åt,mellan,olika,samhällssektorer,,,något,som,pekar,på,behovet,av,fortsatta,,,mer,ingående,studier,på,detta,område,.,I,ett,avslutande,Appendix,görs,några,jämförelser,mellan,data,från,Stockholm,och,från,de,fem,övriga,deltagarstäderna,.,Dessa,visar,både,på,vissa,likheter,–,t.ex.,att,representanterna,för,behandlingsområdet,i,flertalet,städer,är,de,mest,pessimistiska,vad,gäller,människors,möjligheter,att,sluta,med,ett,missbruk,på,egen,hand,–,och,vissa,skillnader,–,t.ex.,den,särställning,Sverige,tycks,ha,när,det,gäller,demoniseringen,av,heroin,som,den,svåraste,och,farligaste,av,alla,droger,.,Dessa,resultat,talar,för,värdet,av,en,tvärkulturell,ansats,till,dessa,frågor,.","Uppsatsen,undersöker,hur,självläkning,vid,beroende,förstås,och,värderas,i,olika,diskurser,,,och,vad,dessa,sätt,att,tala,får,för,konsekvenser,för,människor,som,försöker,förändra,sitt,bruk,utan,formell,behandling,.,Utgångspunkten,är,att,beroende,och,missbruk,sällan,beskrivs,som,neutrala,fenomen,.,De,kopplas,ofta,till,föreställningar,om,social,avvikelse,och,bristande,kontroll,,,vilket,gör,att,personen,lätt,hamnar,i,en,position,där,identiteten,“,missbrukare,”,tar,över,andra,delar,av,livet,.,I,den,ramen,blir,självläkning,svår,att,känna,igen,som,legitim,förändring,.,Den,riskerar,att,framstå,som,otillräcklig,,,misstänklig,eller,bara,tillfällig,,,även,när,den,faktiskt,fungerar,.,I,materialet,syns,hur,stigma,inte,bara,handlar,om,omgivningens,attityder,utan,också,om,vilka,berättelser,som,uppfattas,som,trovärdiga,.,Behandlingsrelaterade,förklaringsmodeller,tenderar,att,ge,tydliga,roller,och,en,igenkännbar,väg,framåt,,,medan,icke,behandlingsrelaterade,strategier,ofta,hamnar,i,skuggan,och,får,mindre,språk,att,bära,sig,med,.,Den,som,slutar,på,egen,hand,kan,möta,krav,på,“,riktig,”,bekräftelse,:,diagnos,,,program,,,professionella,vittnen,.,På,så,sätt,skapas,ett,slags,hierarki,där,vissa,former,av,återhämtning,räknas,mer,än,andra,.,Studien,visar,också,hur,diskurser,kring,ansvar,och,moral,påverkar,inställningar,till,självläkning,.,I,vissa,tolkningar,läggs,tyngdpunkten,på,individens,val,,,vilket,kan,förstärka,skam,när,återfall,sker,och,göra,det,svårare,att,söka,stöd,.,I,andra,beskrivningar,betonas,sjukdom,eller,tvång,,,vilket,kan,minska,skuldbeläggning,men,samtidigt,göra,självstyrd,förändring,svårare,att,föreställa,sig,.,Självläkning,hamnar,då,i,ett,mellanläge,:,man,förväntas,ta,ansvar,för,förändringen,,,men,får,inte,fullt,erkännande,när,man,gör,det,utan,institutionell,inramning,.,Genom,att,läsa,beroendeproblematik,som,en,socialt,formad,avvikelse,snarare,än,enbart,ett,individuellt,problem,blir,det,tydligt,hur,stigma,och,normer,styr,vilka,vägar,bort,från,missbruk,som,framstår,som,möjliga,.,Uppsatsen,pekar,mot,att,självläkning,inte,främst,bör,förstås,som,frånvaro,av,behandling,,,utan,som,en,praktik,som,behöver,socialt,utrymme,:,språk,,,legitimitet,och,tillgång,till,icke-dömande,stöd,.,När,dessa,villkor,saknas,blir,steget,bort,från,beroendet,inte,bara,en,kamp,mot,substansen,,,utan,också,mot,de,berättelser,som,gör,vissa,förändringar,osynliga,."
"Bakgrund,:,Enligt,statistiska,central,byråns,prognos,(,2003,),kommer,invandrare,eller,barn,till,invandrare,att,stå,för,cirka,åtta,procent,av,Sveriges,befolkningsökning,inom,de,närmsta,tjugo,åren,.,För,att,kunna,bistå,med,god,vård,på,lika,villkor,för,hela,befolkningen,måste,den,svenska,sjukvården,anpassas,efter,det,mångkulturella,samhälle,vi,lever,i,.,Syfte,:,Denna,litteraturstudie,syftar,till,att,belysa,svårigheter,som,kan,påverka,mötet,mellan,svensk,vårdpersonal,och,personer,med,invandrarbakgrund,.,Metod,:,Litteraturstudien,bygger,på,sju,vetenskapliga,artiklar,,,alla,med,kvalitativ,forskningsansats,.,Studien,analyserades,utifrån,Malterud,(,1996,),.,Resultat,:,Resultatet,av,studien,visar,att,verbal,och,icke-verbal,kommunikation,,,kulturella,olikheter,och,invandrares,syn,på,sjukvård,kan,försvåra,mötet,mellan,svensk,sjukvårdspersonal,och,personer,med,invandrarbakgrund,.","Den,här,litteraturstudien,tar,avstamp,i,mötet,mellan,svensk,sjukvårdspersonal,och,patienter,med,invandrarbakgrund,och,försöker,ringa,in,var,och,varför,det,skaver,.,Utifrån,forskning,inom,mångkulturell,omvårdnad,framträder,en,vardagsnära,bild,av,en,vård,som,ofta,vill,vara,jämlik,men,som,ändå,fastnar,i,praktiska,och,kulturella,hinder,.,Svårigheterna,handlar,sällan,om,en,enskild,faktor,.,De,växer,fram,i,samspelet,mellan,språk,,,förväntningar,,,organisation,och,hur,vårdpersonal,tolkar,patientens,behov,.,Ett,återkommande,tema,är,kommunikationen,.,Språkbrist,gör,det,svårare,att,fånga,symtom,,,sjukdomshistoria,och,oro,,,och,det,påverkar,både,patientsäkerheten,och,relationen,.,När,tolkar,saknas,,,används,fel,eller,inte,fungerar,som,tänkt,blir,samtalet,lätt,kantigt,och,fragmentariskt,.,Ibland,tar,anhöriga,tolkningsrollen,,,vilket,kan,kännas,praktiskt,i,stunden,men,skapar,nya,problem,:,patientens,integritet,kan,urholkas,,,vissa,frågor,ställs,inte,,,och,känsliga,uppgifter,filtreras,.,Det,blir,också,tydligt,att,kommunikation,inte,bara,handlar,om,ord,.,Kroppsspråk,,,tystnad,,,artighetsnormer,och,hur,man,uttrycker,smärta,kan,tolkas,på,olika,sätt,,,och,missförstånd,kan,uppstå,även,när,alla,tycker,att,de,”,förstår,”,.,Studien,pekar,också,på,krockar,i,synen,på,hälsa,,,sjukdom,och,behandling,.,Vissa,patienter,förväntar,sig,en,mer,auktoritativ,vård,där,läkaren,ger,tydliga,besked,och,tar,beslutet,,,medan,svensk,vård,ofta,strävar,efter,delaktighet,och,gemensamma,överenskommelser,.,När,förväntningarna,inte,möts,kan,vårdpersonalen,uppfatta,patienten,som,passiv,eller,krävande,,,och,patienten,kan,uppleva,vården,som,otydlig,eller,distanserad,.,Det,gäller,även,sådant,som,smärtbehandling,,,psykisk,ohälsa,och,förebyggande,vård,.,I,vissa,sammanhang,blir,religion,,,familjestrukturer,och,könsnormer,praktiskt,relevanta,,,till,exempel,vid,intim,omvårdnad,,,undersökningar,eller,val,av,vårdgivare,.,Då,hamnar,personalen,i,en,balansgång,mellan,att,respektera,patientens,önskemål,och,att,hålla,fast,vid,verksamhetens,förutsättningar,.,En,tredje,del,rör,vårdens,organisatoriska,ramar,.,Tidsbrist,,,hög,arbetsbelastning,och,begränsad,tillgång,till,professionell,tolk,gör,att,det,som,kräver,lite,mer,samtal,eller,eftertanke,ofta,får,för,lite,utrymme,.,När,mötet,pressas,in,i,ett,standardiserat,flöde,blir,vården,lätt,mer,regelstyrd,än,relationsbyggande,.,Personalens,egen,osäkerhet,framträder,i,materialet,:,rädsla,att,säga,fel,,,att,uppfattas,som,fördomsfull,,,eller,att,inte,räcka,till,.,Det,kan,leda,till,att,man,håller,distans,,,undviker,vissa,frågor,eller,förlitar,sig,på,generaliserande,antaganden,.,I,det,ligger,en,risk,för,stereotyper,,,men,också,en,påtaglig,frustration,över,att,vilja,göra,rätt,utan,att,ha,rätt,verktyg,.,Sammantaget,beskriver,litteraturen,en,vårdsituation,där,mångkulturella,möten,blir,en,del,av,det,dagliga,arbetet,,,men,där,kompetens,,,resurser,och,rutiner,inte,alltid,hänger,med,.,Svårigheterna,uppstår,i,det,konkreta,:,samtal,som,inte,går,i,mål,,,behov,som,misstolkas,,,värderingar,som,krockar,och,beslut,som,inte,förankras,.,Studien,ger,därmed,en,bild,av,att,mångkulturell,omvårdnad,i,Sverige,inte,främst,är,en,fråga,om,god,vilja,,,utan,om,förutsättningar,för,kommunikation,,,kunskap,och,ett,arbetssätt,som,klarar,variationen,i,patienters,erfarenheter,och,förväntningar,."
"Abstrakt,Detta,är,en,hermeneutisk,studie,där,vi,använt,oss,av,intervjuer,som,datainsamlingsmetod,.,Vi,har,studerat,samarbete,ur,ett,lärarperspektiv,i,distansundervisning,på,Blekinge,Tekniska,högskola,(,BTH,),.,Vad,vi,fann,var,att,lärarna,och,deras,kollegor,efterfrågade,ett,mer,organiserat,samarbete,dem,emellan,.,Två,former,för,ett,ökat,samarbete,är,,,samarbete,i,team,och,i,distansnätverk,,,vilka,kan,existera,parallellt,med,varandra,.,I,nätverket,ingår,alla,personer,som,arbetar,med,distanskurser,,,allt,ifrån,lärare,till,tekniker,.,Team,är,en,mindre,enhet,för,samarbete,och,är,uppbyggd,runt,en,specifik,distanskurs,.,Deltagarna,i,teamet,är,experter,på,olika,yrkesområden,och,kan,komplettera,och,hjälpa,varandra,.,Lärarna,är,experter,på,sitt,område,,,vilket,är,undervisning,,,och,vill,inte,behöva,känna,sig,tvingade,att,bli,experter,på,nya,områden,,,för,att,kunna,undervisa,på,distans,.,Undersökningen,visar,att,de,teammedlemmar,som,kan,vara,till,hjälp,för,lärarna,är,:,Andra,lärare,,,Administratörer,,,Teknikpedagoger,,,Bibliotekarier,,,Inlånade,kompetenser,,,Tekniker,och,Studentrepresentanter,.,Kursen,och,temadeltagarna,,,i,huvudsak,lärarna,,,avgör,när,och,hur,mycket,de,olika,experterna,behövs,under,kursen,.,Men,det,är,viktigt,att,vara,medveten,om,att,alla,inte,vill,arbeta,i,team,eller,anser,att,samarbete,alltid,är,positivt,.,Samarbete,och,teamarbete,ska,ses,som,ett,stöd,för,lärarnas,i,deras,arbete,.","Arbetet,behandlar,hur,organiserat,samarbete,mellan,lärare,och,andra,yrkesroller,kan,byggas,upp,och,fungera,i,IKT-baserad,distansundervisning,inom,högskolan,,,med,Blekinge,Institute,of,Technology,och,School,of,Management,som,tydlig,kontext,.,Utgångspunkten,är,att,distanskurser,ställer,andra,krav,än,campusundervisning,.,Det,räcker,sällan,med,att,en,enskild,lärare,“,flyttar,”,sitt,material,till,en,digital,plattform,.,När,undervisningen,sker,på,nätet,blir,planering,,,stödstrukturer,och,teknisk-pedagogisk,kompetens,en,del,av,själva,kursens,kärna,,,och,ansvaret,hamnar,ofta,på,flera,personer,samtidigt,.,Fokus,ligger,på,teamarbete,och,nätverk,:,hur,lärare,,,administratörer,och,teknikpedagoger,samordnar,sina,insatser,för,att,distansundervisningen,ska,bli,hållbar,över,tid,.,Samarbetet,beskrivs,som,något,som,behöver,vara,mer,än,informella,kontakter,.,Tydliga,roller,,,överenskommelser,om,arbetsflöden,och,gemensamma,rutiner,framstår,som,avgörande,,,särskilt,i,moment,som,rör,kursstart,,,kommunikation,med,studenter,,,hantering,av,lärplattformar,och,uppföljning,av,examination,.,I,materialet,framträder,också,en,spänning,mellan,självständighet,och,samordning,:,lärare,vill,ofta,värna,sin,pedagogiska,frihet,,,samtidigt,som,distansformatet,kräver,en,viss,standardisering,för,att,minska,sårbarhet,och,förbättra,studenternas,upplevelse,.,En,central,del,är,hur,teknikpedagogen,får,en,bryggfunktion,mellan,didaktik,och,teknik,.,Rollen,handlar,inte,enbart,om,support,,,utan,om,att,bidra,till,didaktiska,val,,,strukturera,digitala,lärmiljöer,och,stötta,lärare,i,hur,verktyg,faktiskt,kan,användas,för,lärande,.,Administrativa,funktioner,kopplas,på,samma,sätt,till,kvalitet,i,distanskurser,,,exempelvis,genom,tydliga,informationsvägar,,,tidsplaner,och,rutiner,för,återkoppling,och,dokumentation,.,När,sådana,delar,faller,mellan,stolarna,uppstår,lätt,dubbelarbete,och,ad,hoc-lösningar,,,vilket,i,sin,tur,påverkar,både,arbetsmiljö,och,kurskvalitet,.,Sammanfattningen,pekar,mot,att,organiserat,samarbete,i,distansundervisning,behöver,bygga,på,planerad,koordinering,,,inte,personberoende,initiativ,.,När,team,och,nätverk,får,mandat,,,tid,och,gemensamma,arbetssätt,kan,distanskurser,utvecklas,mer,systematiskt,,,och,lärare,får,bättre,förutsättningar,att,lägga,energi,på,undervisning,snarare,än,på,att,lösa,tekniska,och,organisatoriska,problem,under,pågående,kurs,.,Resultatet,blir,en,distansutbildning,som,upplevs,mer,sammanhållen,,,både,för,personal,och,för,studenter,."
"Alla,barn,i,förskolan,har,rätt,till,stimulans,efter,sina,behov,och,förutsättningar,.,De,barn,som,behöver,extra,stöd,ska,få,det,.,För,barn,i,behov,av,särskilt,stöd,och,deras,föräldrar,samt,lärare,kanske,åtgärdsprogram,kan,vara,ett,hjälpmedel,i,arbetet,.,Syftet,med,studien,är,att,undersöka,förekomsten,,,användandet,samt,behovet,av,åtgärdsprogram,i,förskolan,.,Vi,vill,även,undersöka,specialpedagogens,roll,och,delaktighet,i,upprättandet,av,åtgärdsprogram,.,I,litteraturbearbetningen,belyses,förskolans,historia,,,förskolans,ansvar,,,specialpedagogik,,,utvecklingsekologi,,,barn,i,behov,av,särskilt,stöd,,,åtgärdsprogram,och,individuella,utvecklingsplaner,.,Den,empiriska,delen,av,uppsatsen,har,utförts,med,kvalitativa,enskilda,intervjuer,.,Målgruppen,består,av,tolv,lärare,från,tre,olika,småstäder,.,Studien,visar,att,alla,förskolorna,i,undersökningen,använder,sig,av,åtgärdsprogram,,,trots,att,de,till,skillnad,från,skolan,inte,är,skyldiga,att,göra,detta,enligt,lag,.,Åtgärdsprogrammen,används,dock,i,skiftande,omfattning,.,Det,är,inte,alla,förskolor,som,har,hjälp,och,handledning,av,specialpedagoger,inför,och,under,samtal,angående,åtgärdsprogram,.,Några,av,respondenterna,framhåller,att,dokumenten,inte,alltid,är,anpassade,till,förskolan,utan,att,de,får,använda,sig,av,de,dokument,som,är,utformade,till,skolan,.,Flertalet,av,lärarna,menar,att,det,finns,ett,behov,av,åtgärdsprogram,.,De,anser,att,det,framför,allt,gynnar,barnet,,,men,att,åtgärdsprogrammet,också,kan,vara,till,hjälp,för,personal,och,föräldrar,.","Uppsatsen,tar,sin,utgångspunkt,i,den,där,lite,obekväma,frågan,som,titeln,antyder,:,vad,händer,egentligen,med,åtgärdsprogram,i,förskolan,när,de,väl,är,skrivna,?,Med,fokus,på,förskolans,vardag,undersöks,hur,åtgärdsprogram,förstås,,,används,och,ibland,blir,liggande,som,dokument,snarare,än,levande,verktyg,.,Studien,är,kvalitativ,och,bygger,på,nära,beskrivningar,av,pedagogers,erfarenheter,och,resonemang,kring,arbetet,med,barn,i,behov,av,stöd,.,Resultaten,pekar,mot,en,praktik,där,åtgärdsprogram,ofta,hamnar,i,ett,spänningsfält,mellan,krav,på,dokumentation,och,de,faktiska,förutsättningarna,i,verksamheten,.,Pedagogerna,beskriver,hur,tid,,,resurser,och,organisatoriska,ramar,påverkar,möjligheten,att,följa,upp,insatser,,,och,hur,ansvaret,för,dokumentet,kan,bli,otydligt,när,flera,yrkesroller,är,inblandade,.,I,vissa,fall,framstår,åtgärdsprogrammet,som,en,hjälp,för,att,skapa,struktur,,,synliggöra,behov,och,formulera,gemensamma,mål,.,I,andra,fall,blir,det,mer,av,en,markering,utåt,–,något,som,ska,finnas,–,medan,det,pedagogiska,arbetet,ändå,sker,i,stunden,,,i,relationerna,och,i,de,små,anpassningarna,som,sällan,ryms,fullt,ut,på,papper,.,Analysen,visar,också,hur,själva,skrivandet,påverkar,synen,på,barnet,.,När,behov,ska,formuleras,riskerar,språket,att,luta,åt,individförklaringar,,,även,när,pedagogerna,egentligen,vill,betona,miljö,och,sammanhang,.,Det,gör,dokumentet,till,en,plats,där,olika,perspektiv,på,stöd,och,inkludering,krockar,:,å,ena,sidan,ambitionen,att,arbeta,relationellt,och,förebyggande,,,å,andra,sidan,behovet,av,att,konkretisera,och,avgränsa,.,Uppsatsen,tecknar,därmed,en,bild,av,åtgärdsprogrammet,som,både,nödvändigt,och,problematiskt,–,ett,redskap,som,kan,skapa,riktning,och,legitimitet,,,men,som,också,kan,tappa,fart,och,hamna,“,någonstans,”,när,vardagens,tempo,tar,över,."
"För,socialtjänstens,klienter,innebär,klientskapet,en,ovillkorligt,underordnad,roll,,,där,individen,befinner,sig,i,en,situation,denne,inte,styr,över,.,Individen,etablerar,en,relation,till,den,offentliga,hjälpapparaten,som,samtidigt,är,en,maktapparat,.,Det,övergripande,syftet,med,studien,är,att,skapa,förståelse,för,hur,den,specifika,ekonomisektionen,inom,socialförvaltningen,,,i,en,kommun,i,södra,Sverige,,,som,avgränsat,socialt,fält,,,är,konstruerat,.,Ett,delsyfte,är,att,belysa,hur,enskilda,socialsekreterare,inom,denna,sektion,samt,ett,urval,av,deras,klienter,,,upplever,interaktionen,vid,handläggning,av,ekonomiskt,bistånd,.,Ytterligare,ett,delsyfte,är,att,få,en,förståelse,för,hur,de,sociala,konfigurationerna,ter,sig,samt,hur,makt,konstrueras,,,i,interaktionen,mellan,klient,och,socialsekreterare,.,Tidigare,forskning,inom,området,,,av,Greta-Marie,Skau,och,Leila,Billqvist,,,belyser,problematiken,i,den,svåra,balanssituation,som,socialsekreterare,befinner,sig,i,,,vad,gäller,att,ha,makt,och,ge,hjälp,samt,vad,som,sker,i,klientprocessen,.,Studiens,teoretiska,ansats,utgörs,av,Tillys,teori,om,beständig,ojämlikhet,,,där,fokus,ligger,på,kombinationer,av,sociala,konfigurationer,samt,den,kategoriella,ojämlikhetens,orsaksmekanismer,.,Studien,metodologiska,ansats,är,av,abduktiv,art,,,varpå,Tillys,teori,utgör,grunden,för,den,empiriska,datainsamlingen,.,Genom,studiens,resultat,modifieras,därefter,denna,teori,.,För,den,empiriska,datainsamlingen,tillämpas,en,metodtriangulering,,,i,form,av,personliga,dokument,samt,semistrukturerade,intervjuer,.,Huvuddraget,i,resultatet,inbegriper,upplevelser,av,distinktionen,i,socialsekreterarrollen,,,vilken,består,av,dels,en,hjälpande,/,behandlande,funktion,,,dels,en,myndighetsutövande,funktion,.,Resultatet,påvisar,även,en,distinktion,vad,gäller,klientrollen,,,då,den,består,av,såväl,rättigheter,som,skyldigheter,.,Vidare,presenteras,upplevelser,av,interaktionen,mellan,klient,och,socialsekreterare,,,varigenom,ojämlikheter,upprättas,och,vidmakthålls,.,Av,analysen,framgår,att,en,beständig,ojämlikhet,råder,i,interaktionen,mellan,klient,och,socialsekreterare,.,Denna,ojämlikhet,yttrar,sig,inom,det,kategoriella,paret,,,vilka,karaktäriseras,av,inre,och,yttre,kategorier,,,således,tenderar,den,kategoriella,ojämlikheten,att,vara,strukturellt,betingad,.,Ojämlikheten,och,maktobalansen,upprättas,genom,exploatering,och,möjlighetsansamling,samt,vidmakthålls,genom,efterlikning,och,anpassning,.","Uppsatsen,undersöker,hur,mötet,mellan,klient,och,socialsekreterare,upplevs,när,det,betraktas,genom,ett,maktperspektiv,.,Fokus,ligger,på,själva,interaktionen,:,samtalen,,,bedömningarna,,,väntetiderna,,,formulären,,,kroppsspråket,och,de,små,markeringarna,som,avgör,vem,som,får,tolkningsföreträde,.,I,materialet,framträder,makt,inte,bara,som,något,någon,“,har,”,,,utan,som,något,som,skapas,och,återskapas,i,praktiken,.,Den,tar,form,i,rutiner,,,i,språkbruk,och,i,de,organisatoriska,ramar,som,både,klient,och,socialsekreterare,måste,förhålla,sig,till,.,Analysen,knyter,an,till,sociala,konfigurationer,där,rollerna,är,tydligt,asymmetriska,.,Socialsekreteraren,representerar,myndigheten,och,kontrollen,över,resurser,,,beslut,och,tidslinjer,.,Klienten,är,beroende,av,samma,system,för,stöd,eller,insatser,,,samtidigt,som,hen,ofta,måste,bevisa,behov,,,vara,begriplig,på,rätt,sätt,och,acceptera,att,bli,granskad,.,I,berättelser,om,mötena,märks,hur,denna,obalans,kan,kännas,i,rummet,:,vem,som,ställer,frågorna,,,vem,som,avbryter,,,vem,som,sammanfattar,och,sätter,punkt,.,Ett,“,fel,”,ord,kan,upplevas,få,stora,konsekvenser,,,medan,socialsekreterarens,tolkning,lättare,blir,den,som,fastnar,i,akten,.,Maktperspektivet,synliggör,också,mekanismer,som,kan,beskrivas,som,exploatering,och,möjlighetsansamling,.,Exploatering,framträder,när,klientens,situation,,,tid,och,berättelse,blir,ett,underlag,som,systemet,använder,för,att,administrera,,,sortera,och,fatta,beslut,,,ofta,utan,att,klienten,upplever,sig,ha,kontroll,över,processen,eller,förstå,kriterierna,fullt,ut,.,Möjlighetsansamling,syns,när,tillgång,till,information,,,nätverk,och,institutionell,kompetens,samlas,på,myndighetssidan,:,att,kunna,reglerna,,,veta,hur,man,uttrycker,sig,“,rätt,”,,,känna,till,alternativa,vägar,och,interna,rutiner,.,För,klienten,blir,samma,kunskap,något,man,försöker,gissa,sig,till,,,ibland,genom,försök,och,misstag,,,ibland,genom,att,anpassa,sin,berättelse,för,att,passa,in,.,Samtidigt,framkommer,att,interaktionen,inte,är,entydigt,repressiv,.,I,vissa,möten,beskrivs,socialsekreteraren,som,en,möjlig,motkraft,mot,systemets,hårdhet,:,någon,som,kan,översätta,myndighetsspråk,,,skapa,handlingsutrymme,och,göra,klientens,perspektiv,begripligt,inom,ramen,för,reglerna,.,När,relationen,präglas,av,respekt,,,tydlighet,och,förutsägbarhet,förskjuts,maktens,uttryck,.,Klienten,kan,då,uppleva,större,delaktighet,och,mindre,känsla,av,att,stå,under,prövning,,,även,om,beroendeställningen,finns,kvar,.,Helhetsbilden,som,tecknas,är,att,makten,i,klient–socialsekreterarrelationen,sitter,i,fler,lager,än,den,formella,beslutanderätten,.,Den,finns,i,hur,problem,definieras,,,i,vilka,berättelser,som,får,status,som,trovärdiga,och,i,vilka,möjligheter,som,öppnas,eller,stängs,genom,små,interaktiva,val,.,Uppsatsen,pekar,därmed,på,hur,vardagliga,möten,i,socialt,arbete,blir,platser,där,ojämlikhet,både,kan,förstärkas,och,,,ibland,,,mildras,."
"Prostatacancer,är,den,vanligaste,cancerformen,hos,män,och,drabbar,i,genomsnitt,8000,personer,per,år,.,För,de,drabbade,männen,kan,vardagslivet,förändras,,,både,på,grund,av,cancersjukdomen,och,av,behandlingen,.,Behandlingen,kan,leda,till,komplikationer,som,inkontinens,och,impotens,vilket,kan,påverka,mannens,fysiska,existens,,,sociala,identitet,och,trygghet,.,Studiens,teoretiska,referensram,utgår,från,Cullbergs,kris-,och,utvecklingsteori,.,Studiens,syfte,var,att,belysa,hur,man,upplever,livet,efter,diagnosen,prostatacancer,.,Syftet,besvaras,genom,en,kvalitativ,innehållsanalys,av,elva,vetenskapliga,artiklar,.,Innehållsanalysen,inspirerades,av,Malterud,(,1998,),.,Resultatet,visade,att,prostatacancer,påverkade,männens,dagliga,liv,och,sociala,relationer,.,En,stor,del,av,manligheten,upplevdes,som,förlorad,och,männen,ifrågasatte,deras,identitet,så,som,de,hade,identifierat,sig,själva,före,sjukdomen,.","Uppsatsen,behandlar,hur,män,upplever,att,drabbas,av,prostatacancer,och,hur,sjukdomen,påverkar,vardagsliv,,,självbild,och,relationer,.,Utifrån,ett,vårdvetenskapligt,perspektiv,vid,Blekinge,Institute,of,Technology,,,School,of,Health,Science,,,belyses,inte,bara,diagnosen,i,sig,utan,också,följderna,av,behandling,och,tiden,därefter,.,Fokus,ligger,på,den,levda,erfarenheten,:,chocken,vid,beskedet,,,perioder,av,ovisshet,och,den,ofta,utdragna,anpassningen,till,ett,liv,där,kroppen,inte,längre,fungerar,som,förut,.,Männens,berättelser,kretsar,ofta,kring,en,förlust,av,kontroll,.,Kroppsliga,förändringar,blir,påtagliga,och,ibland,svåra,att,prata,om,,,särskilt,när,komplikationer,och,sidoeffekter,rör,urinläckage,,,tarmbesvär,och,sexualitet,.,Erektil,dysfunktion,och,minskad,lust,beskrivs,inte,enbart,som,fysiska,problem,utan,som,något,som,kan,skava,mot,föreställningar,om,manlighet,,,intimitet,och,värde,.,För,vissa,leder,detta,till,skam,och,undvikande,,,för,andra,till,en,mer,pragmatisk,hållning,där,man,försöker,hitta,nya,sätt,att,vara,nära,sin,partner,eller,acceptera,att,livet,förändras,.,Sjukdomen,påverkar,också,socialt,.,En,del,män,drar,sig,undan,,,andra,söker,stöd,i,familj,,,vänner,eller,patientgrupper,.,Samtalen,med,vården,framstår,som,avgörande,:,tydlig,information,kan,skapa,trygghet,,,medan,oklara,besked,och,bristande,uppföljning,riskerar,att,förstärka,oro,och,ensamhet,.,Uppsatsen,visar,hur,upplevelsen,av,prostatacancer,rör,sig,mellan,rädsla,och,hopp,,,mellan,en,vardag,som,ska,fungera,och,en,kropp,som,kräver,ständig,uppmärksamhet,.,I,slutänden,framträder,prostatacancer,som,mer,än,en,medicinsk,diagnos,;,den,blir,en,erfarenhet,som,formar,identitet,,,relationer,och,synen,på,framtiden,."
"Syftet,med,denna,uppsats,är,att,belysa,pedagogers,uppfattning,om,lekens,betydelse,för,barns,utveckling,och,lärande,i,grundskolan,och,träningsskolan,samt,på,vilket,sätt,pedagoger,tillämpar,lek,i,sin,undervisning,.,Synen,på,lek,har,varierat,under,tidens,gång,.,Leken,har,tillmätts,stor,betydelse,för,barn,och,dess,utveckling,.,I,vårt,litteraturavsnitt,har,vi,valt,att,skriva,en,allmän,historisk,bakgrund,kring,lek,och,olika,teorier,om,lek,.,Genom,kvalitativa,intervjuer,med,pedagoger,i,de,båda,verksamheterna,har,vi,fått,en,bild,av,vad,lek,är,för,dem,och,i,vilken,utsträckning,de,använder,sig,av,leken,i,sin,undervisning,.,Resultatet,av,vår,undersökning,visar,att,pedagogerna,i,de,båda,verksamheterna,anser,att,leken,har,betydelse,för,barnets,utveckling,och,lärande,.,Leken,används,i,båda,verksamheterna,på,olika,sätt,och,i,varierande,utsträckning,.","Uppsatsen,tar,sin,utgångspunkt,i,idén,om,lek,som,något,mer,än,en,rastaktivitet,–,som,en,livsnödvändig,del,av,barns,sätt,att,vara,i,världen,.,Med,fokus,på,grundskolan,och,träningsskolan,undersöks,hur,lek,förstås,och,används,i,skolans,vardag,,,och,vad,dessa,föreställningar,får,för,konsekvenser,för,barns,möjligheter,till,inlärning,och,delaktighet,.,Centralt,är,pedagogperspektivet,:,vilka,tankar,lärare,och,annan,skolpersonal,bär,med,sig,när,de,talar,om,lek,,,och,hur,de,tankarna,tar,form,i,praktiken,.,Genom,att,följa,hur,lek,beskrivs,i,relation,till,undervisning,synliggörs,en,spänning,mellan,lek,som,fri,,,egenstyrd,aktivitet,och,lek,som,ett,pedagogiskt,verktyg,.,I,grundskolan,framträder,lek,ofta,som,något,som,placeras,vid,sidan,av,“,det,riktiga,”,skolarbetet,,,men,som,ändå,återkommer,som,metod,när,motivation,,,socialt,samspel,eller,begreppsförståelse,står,på,spel,.,I,träningsskolan,får,lek,en,annan,tyngd,.,Den,blir,inte,bara,en,paus,eller,en,belöning,,,utan,en,väg,in,i,kommunikation,,,relation,och,meningsskapande,,,särskilt,när,språket,är,begränsat,och,lärandet,behöver,förankras,i,kropp,,,sinnen,och,upprepning,.,Uppsatsen,pekar,också,på,att,lek,inte,är,neutral,.,Vem,som,får,leka,,,på,vilket,sätt,och,under,vilka,villkor,hänger,ihop,med,normer,om,vad,lärande,ska,se,ut,som,och,vad,som,räknas,som,“,framsteg,”,.,När,leken,får,ta,plats,på,barns,villkor,kan,den,öppna,för,utforskande,,,initiativ,och,självständighet,.,När,den,styrs,hårt,riskerar,den,att,tappa,sin,bärande,kraft,och,bli,ännu,ett,led,i,träning,och,kontroll,.,I,skärningspunkten,mellan,omsorg,och,kunskapskrav,framträder,leken,som,en,plats,där,skolans,syn,på,barn,blir,synlig,–,och,där,möjligheten,finns,att,skapa,undervisning,som,inte,bara,tolererar,lek,,,utan,faktiskt,bygger,på,den,."
"Gerillakrigföring,som,metod,i,konflikter,som,inte,är,mellanstatliga,är,aktuella,att,studera,ur,ett,svensktperspektiv,.,Ett,ökat,internationellt,militärt,åtagande,föranleder,valet,av,ämne,,,samtidigt,som,okonventionellatillvägagångssätt,omgärdas,av,fascination,.,Uppsatsen,undersöker,vilka,faktorer,som,ligger,bakomframgångar,med,gerillakrigföring,,,i,syfte,att,öka,medvetenheten,om,de,företeelser,som,behöver,uppmärksammasi,en,konflikt,med,gerillakrigsinslag,.,I,arbetet,utnyttjas,en,induktiv,metod,kombinerad,med,fallstudier,.,Inledningsvis,skapas,en,definitionsgrundför,gerillakrigföring,.,Därefter,prövas,teorin,om,krigföringens,principer,som,framgångselement,på,krigen,iAlgeriet,(,1954-62,),samt,Malaysia,(,1948-57,),.,De,viktigaste,resultaten,är,att,framgångsfaktorer,på,taktisknivå,skiljer,sig,marginellt,mellan,gerillakrigföring,och,konventionell,krigföring,.,Vidare,har,interaktionenmellan,civilbefolkningen,,,motivet,för,kamp,och,aktörerna,som,brukar,gerillametoder,framkommit,somytterst,väsentlig,för,utgången,av,de,studerade,konflikterna,.,Problemställningen,för,undersökningen,är,:,Beror,det,på,krigföringens,principer,att,gerillataktik,kan,varaframgångsrik,?,Den,avslutande,diskussionen,konstaterar,att,vid,ett,möte,med,okonventionella,metodermåste,hela,existensen,för,en,konflikt,beaktas,.","Uppsatsen,undersöker,vilka,faktorer,som,gör,gerillakrigföring,framgångsrik,och,försöker,komma,bort,från,förenklade,bilder,av,”,små,mot,stora,”,.,Fokus,ligger,på,hur,väpnade,rörelser,kan,överleva,över,tid,,,bygga,handlingsutrymme,och,stegvis,flytta,konfliktens,tyngdpunkt,från,slagfältet,till,politik,,,legitimitet,och,kontroll,av,befolkningen,.,Arbetet,är,skrivet,inom,ramen,för,Chefsprogrammet,vid,Försvarshögskolan,och,använder,fallstudier,som,metod,.,Två,historiska,fall,står,i,centrum,:,Malaysia,och,Algeriet,.,Genom,att,jämföra,dessa,konflikter,diskuteras,hur,gerillan,organiserar,sig,,,hur,den,utnyttjar,terräng,och,samhällsstrukturer,,,och,hur,den,hanterar,relationen,till,civilbefolkningen,.,Analysen,kretsar,kring,stöd,,,skydd,och,information,som,hårdvaluta,i,ett,gerillakrig,.,När,gerillan,lyckas,skapa,lokala,nätverk,,,disciplinera,sina,egna,förband,och,framstå,som,ett,trovärdigt,alternativ,får,den,ett,övertag,som,inte,alltid,syns,i,rena,stridsdata,.,Misslyckas,den,med,detta,,,urholkas,rörelsen,snabbt,av,interna,motsättningar,,,motståndarens,säkerhetsåtgärder,och,förlorad,legitimitet,.,En,annan,central,tråd,är,motståndarens,agerande,.,Uppsatsen,belyser,hur,statliga,styrkor,kan,försvåra,eller,underlätta,gerillans,framgång,beroende,på,strategi,,,underrättelseförmåga,och,förhållningssätt,till,befolkningen,.,I,materialet,framträder,betydelsen,av,politisk,styrning,,,samordning,mellan,civila,och,militära,medel,och,uthållighet,över,tid,.,Gerillakriget,framstår,inte,som,enbart,en,militär,kamp,utan,som,en,prövning,av,kontroll,,,förtroende,och,narrativ,,,där,våldet,ofta,är,ett,medel,för,att,påverka,beteenden,snarare,än,för,att,vinna,territoriella,vinster,i,klassisk,mening,.,Studien,landar,i,att,framgångsfaktorerna,sällan,är,en,enskild,”,hemlighet,”,utan,ett,mönster,:,förmågan,att,knyta,samman,militär,verksamhet,med,politiska,mål,,,att,säkra,befolkningens,stöd,eller,åtminstone,passivitet,,,att,upprätthålla,organisatorisk,sammanhållning,och,att,utnyttja,motståndarens,misstag,.,Malaysia,och,Algeriet,används,för,att,visa,hur,olika,förutsättningar,kan,leda,till,skilda,utfall,,,men,också,hur,återkommande,mekanismer,går,att,känna,igen,mellan,fallen,."
"Bekgrund,:,Tidigare,studier,visar,att,preoperativ,information,är,viktigt,för,patienterna,.,Via,informationen,reduceras,ångest,och,oro,.,Studierna,har,tagit,upp,vad,patienterna,vill,ha,med,i,sin,information,och,hur,vårdaren,ska,ge,informationen,.,Ingen,av,studierna,har,med,djupare,förståelse,beskrivit,hur,patienterna,upplever,den,preoperativa,informationen,.,Syfte,:,Syftet,med,studien,var,att,belysa,informationens,betydelse,ur,patientens,perspektiv,i,den,preoperativa,vården,.,Metod,:,Litteraturstudien,byggde,på,sju,artiklar,,,varav,fem,med,kvalitativ,forskningsansats,och,två,med,kvantitativ,ansats,.,Studierna,granskades,och,analyserades,enligt,Graneheim,och,Lundmans,(,2003,),analys,modell,,,med,avsikt,att,komma,fram,till,olika,kategorier,/,subgrupper,.,Sju,subkategorier,framkom,och,delades,in,efter,samhörighet,till,två,kategorier,.,Resultat,:,Preoperativ,information,och,sättet,att,delge,den,visade,sig,vara,av,stor,vikt,gör,patienterna,.,De,upplevde,större,delaktighet,i,sin,vård,.,Komplikationerna,minskade,postoperativt,och,sjukhusvistelserna,kortades,ner,.,Vid,det,första,mötet,mellan,vårdare,och,patient,skapades,både,tillit,och,kontinuitet,,,det,visade,vara,av,stor,vikt,för,dem,.,Patienterna,upplevde,en,större,trygghet,när,tid,togs,till,preoperativ,information,.,Diskussion,:,Patienterna,tyckte,att,den,preoperativa,informationen,var,minst,lika,viktigt,som,bemötandet,vid,informationstillfället,.,Informationen,måste,vara,anpassad,till,patienterna,och,delges,på,ett,sätt,som,passar,dem,.,Patienterna,tyckte,att,det,var,viktigt,när,vårdaren,i,sitt,bemötande,var,lugn,och,förtroendegivande,.","Den,preoperativa,vården,rymmer,mer,än,medicinska,kontroller,och,praktiska,förberedelser,.,I,centrum,står,också,den,information,som,ges,till,patienten,före,en,operation,,,och,hur,den,tas,emot,.,I,en,preoperativ,situation,är,många,patienter,spända,,,oroliga,eller,stressade,,,ibland,utan,att,själva,kunna,sätta,ord,på,vad,som,skaver,.,Då,blir,informationen,en,del,av,omvårdnaden,på,samma,sätt,som,smärtlindring,eller,övervakning,;,den,kan,skapa,begriplighet,,,minska,osäkerhet,och,ge,patienten,en,känsla,av,kontroll,.,Preoperativ,information,handlar,inte,bara,om,att,förmedla,fakta,om,ingreppet,.,Den,omfattar,också,förväntningar,på,tiden,före,och,efter,operationen,,,vad,patienten,själv,behöver,göra,,,och,vad,som,är,normalt,att,känna,.,När,informationen,är,tydlig,och,anpassad,efter,individen,tenderar,oron,att,sjunka,.,Patienten,kan,förbereda,sig,mentalt,,,förstå,rutiner,och,få,en,mer,realistisk,bild,av,förloppet,.,En,kort,men,konkret,genomgång,kan,ibland,räcka,långt,,,medan,en,annan,patient,behöver,upprepning,och,möjlighet,att,ställa,frågor,i,lugn,och,ro,.,Samtidigt,är,det,tydligt,att,preoperativ,utbildning,inte,fungerar,som,en,standardmall,.,Mängden,information,,,språket,och,tidpunkten,spelar,roll,.,För,mycket,på,en,gång,kan,skapa,mer,stress,än,trygghet,,,särskilt,om,patienten,redan,är,pressad,eller,har,svårt,att,ta,till,sig,medicinska,termer,.,Bristfällig,eller,motsägelsefull,information,kan,ge,motsatt,effekt,:,oro,förstärks,,,tilliten,till,vården,minskar,och,patienten,går,in,i,operationen,med,fler,frågetecken,än,svar,.,I,praktiken,blir,vårdpersonalens,förhållningssätt,avgörande,.,Att,lyssna,in,,,uppfatta,tecken,på,oro,och,anpassa,samtalet,efter,patientens,behov,framstår,som,centralt,i,den,preoperativa,omvårdnaden,.,När,patienten,känner,sig,sedd,och,får,möjlighet,att,förstå,vad,som,väntar,minskar,stressen,ofta,,,och,den,preoperativa,vården,får,en,lugnare,och,mer,trygg,prägel,.,Information,blir,då,inte,en,punkt,på,en,checklista,utan,ett,verktyg,för,att,stödja,patientens,trygghet,inför,en,utsatt,situation,."
"Varje,år,får,allt,fler,män,diagnosen,prostatacancer,och,behandlas,för,sjukdomen,.,Detta,innebär,också,att,fler,män,drabbas,av,de,biverkningar,som,behandlingen,kan,medföra,.,Impotens,ar,en,vanlig,biverkning,.,Syftet,med,studien,var,att,belysa,hur,den,förändrade,sexualiteten,i,samband,med,behandling,av,prostatacancer,kan,påverka,mannens,självbild,och,relationer,.,Metoden,som,använts,var,litteraturstudie,.,Resultatet,visar,,,att,förlorad,potens,påverkar,mannens,välbefinnande,eller,lidande,gällande,sexualitet,.,Dessa,förändringar,leder,ofta,till,att,mannens,självbild,och,identitet,tar,skada,.,Detta,påverkar,i,sin,tur,mannens,relation,med,sin,partner,och,andra,.,I,diskussionen,framkommer,vikten,av,sjuksköterskans,förståelse,samt,bemötande,av,dessa,ofta,äldre,män,,,då,sexualitet,fortfarande,ar,ett,tabubelagt,område,för,dem,.,En,tänkbar,omvårdnadsintervention,är,att,använda,sig,av,PLISSIT-modellen,.","Efter,behandling,av,prostatacancer,beskriver,många,män,en,sexualitet,som,förändras,på,ett,sätt,som,inte,bara,handlar,om,kroppen,utan,också,om,vem,man,upplever,sig,vara,.,Impotens,och,erektil,dysfunktion,blir,för,vissa,ett,tydligt,brott,mot,en,tidigare,självklar,bild,av,manlighet,,,kontroll,och,förmåga,.,När,erektionen,uteblir,eller,blir,opålitlig,kan,det,väcka,skam,,,sorg,och,frustration,,,men,också,en,mer,tyst,känsla,av,förlust,.,Sexualiteten,reduceras,lätt,till,“,funktion,”,,,och,när,funktionen,sviktar,påverkas,självkänslan,.,För,en,del,innebär,det,att,de,drar,sig,undan,intimitet,helt,,,inte,av,brist,på,lust,utan,av,rädsla,för,misslyckande,eller,för,att,behöva,förklara,sig,.,Relationerna,förändras,ofta,i,samma,takt,som,självbilden,.,I,parrelationer,kan,kommunikationen,bli,antingen,mer,sårbar,och,nära,eller,mer,försiktig,och,kantig,.,Vissa,par,hittar,nya,sätt,att,vara,intima,där,närhet,,,beröring,och,ömhet,får,större,plats,.,Andra,fastnar,i,en,tyst,överenskommelse,där,man,undviker,ämnet,,,vilket,kan,skapa,avstånd,och,missförstånd,.,Den,som,behandlats,kan,uppleva,sig,som,mindre,attraktiv,eller,mindre,“,hel,”,,,medan,partnern,samtidigt,kan,känna,oro,för,att,pressa,eller,såra,.,När,sexualitet,blir,förknippad,med,prestation,och,förväntan,blir,det,svårare,att,vara,spontan,,,och,det,som,tidigare,var,en,självklar,del,av,relationen,kan,börja,kännas,som,ett,problem,som,måste,lösas,.,Livskvalitet,framträder,som,ett,brett,begrepp,där,sexuell,hälsa,ingår,men,inte,alltid,får,samma,utrymme,i,vårdmöten,.,Många,män,vill,ha,konkret,information,om,erektil,dysfunktion,,,möjliga,hjälpmedel,och,rehabilitering,,,men,också,ett,bemötande,som,tar,de,existentiella,följdfrågorna,på,allvar,:,“,Vem,är,jag,nu,?,”,och,“,Hur,ska,vi,ha,det,tillsammans,?,”,Här,blir,omvårdnaden,central,.,När,vårdpersonal,ställer,raka,,,respektfulla,frågor,och,normaliserar,att,sexualiteten,kan,förändras,skapas,en,öppning,för,samtal,som,annars,sällan,sker,.,Stöd,som,omfattar,både,individ,och,partner,kan,minska,känslan,av,ensamhet,och,bidra,till,att,intimiteten,får,nya,former,snarare,än,att,försvinna,.,Sammantaget,pekar,ämnet,mot,att,den,förändrade,sexualiteten,efter,prostatacancerbehandling,ofta,påverkar,mannens,självbild,och,nära,relationer,på,djupet,.,Det,är,inte,bara,en,medicinsk,biverkan,.,Det,kan,bli,en,identitetsfråga,,,en,relationsfråga,och,en,fråga,om,livskvalitet,,,där,omvårdnadens,sätt,att,möta,,,informera,och,följa,upp,kan,göra,påtaglig,skillnad,."
"Rapporten,huvudsyfte,är,att,beskriva,hur,vi,genom,användning,av,språk,och,kommunikation,har,kunnat,tillgodose,våra,användares,krav,på,ett,ärendehanteringssystem,,,samt,på,vilket,sätt,vi,har,använt,artefakter,för,att,kommunicera,.,Vi,kommer,att,beskriva,olika,delar,av,projektet,där,språk,och,kommunikation,har,haft,centrala,"",roller,"",och,visat,sig,ha,olika,betydelse,beroende,på,de,personer,som,medverkar,och,i,vilken,miljö,situationen,har,utspelat,sig,.,Rapporten,behandlar,även,hur,resultatet,av,ovanstående,har,lett,oss,in,i,en,utvecklingsprocess,där,vi,försökt,tillgodose,användarens,krav,på,bästa,sätt,.,Vi,kommer,också,att,beskriva,de,kända,och,tidigare,okända,metoder,som,vi,använt,oss,av,för,att,uppnå,vår,målsättning,,,att,överlämna,en,första,prototyp,av,ett,ärendehanteringssystem,.","Uppsatsen,utgår,från,utvecklingen,av,Trouble,Ticket,och,hur,ett,befintligt,system,kan,omformas,när,designprocessen,hela,tiden,måste,förhandlas,mellan,människor,,,teknik,och,verksamhet,.,Titeln,,,”,Kommunikationen,gav,oss,vind,i,seglen,”,,,fångar,en,erfarenhet,som,återkommer,:,när,gruppen,lyckades,prata,om,samma,sak,på,samma,nivå,ökade,farten,i,arbetet,märkbart,.,Det,handlade,inte,bara,om,fler,möten,,,utan,om,att,hitta,ett,gemensamt,språk,för,problem,,,prioriteringar,och,vad,som,faktiskt,räknas,som,en,fungerande,lösning,.,Arbetet,rörde,sig,mellan,krav,som,redan,låg,inbyggda,i,systemet,och,nya,behov,från,användare,.,Det,befintliga,systemet,satte,ramar,,,ibland,hårda,,,ibland,diffusa,.,Gamla,flöden,,,tidigare,beslut,och,tekniska,begränsningar,påverkade,vad,som,gick,att,göra,och,hur,snabbt,.,I,den,situationen,blev,designprocessen,mindre,en,linjär,kedja,och,mer,en,serie,omtag,:,skisser,som,ändrades,,,prototyper,som,behövde,förklaras,,,och,beslut,som,ibland,fick,tas,på,ofullständigt,underlag,eftersom,vardagen,i,verksamheten,inte,väntar,.,En,central,iakttagelse,är,hur,kommunikation,ofta,sker,genom,artefakter,snarare,än,genom,rena,diskussioner,.,Användarberättelser,,,wireframes,,,klickbara,prototyper,,,listor,med,ärenden,och,till,och,med,namngivningen,av,knappar,och,fält,fungerade,som,gemensamma,hållpunkter,.,När,gruppen,kunde,peka,på,något,konkret,minskade,missförstånd,,,och,det,blev,tydligare,vad,som,var,en,faktisk,designfråga,och,vad,som,var,en,tolkning,av,domänen,.,Språket,blev,ett,verktyg,,,men,också,en,källa,till,friktion,:,samma,ord,kunde,betyda,olika,saker,för,utvecklare,,,beställare,och,slutanvändare,.,Mycket,tid,gick,åt,till,att,reda,ut,vad,”,ärende,”,,,”,status,”,och,”,prioritet,”,skulle,innebära,i,praktiken,.,Grupparbetet,framträder,som,avgörande,.,Inte,som,ett,idealiserat,samarbete,där,alla,tänker,lika,,,utan,som,ett,arbete,där,roller,,,ansvar,och,förväntningar,behöver,kalibreras,om,under,vägen,.,När,kommunikationen,fungerade,uppstod,ett,slags,momentum,.,När,den,brast,blev,konsekvenserna,snabbt,synliga,i,systemet,:,otydliga,flöden,,,inkonsekventa,begrepp,och,lösningar,som,såg,bra,ut,på,papper,men,skavde,i,användning,.,Trouble,Ticket,blir,därmed,ett,exempel,på,hur,systemutveckling,i,en,verklig,kontext,i,hög,grad,handlar,om,att,skapa,gemensam,förståelse,,,och,hur,artefakter,kan,bära,den,förståelsen,när,ord,inte,räcker,till,."
"Bakgrund,:,Mycket,tyder,på,att,massage,har,förekommit,i,många,kulturer,under,flera,århundranden,.,tidigare,forskning,visar,att,råttor,som,blev,strukna,på,magen,eller,ryggen,blev,lugnare,och,fick,lägre,blodtryck,som,följd,.,Syfte,:,Syftet,med,studien,var,att,belysa,om,terapeutisk,fysisk,beröring,har,någon,effekt,för,människors,välbefinnande,.,Metod,:,En,litteraturstudie,som,bygger,på,nio,artiklar,.,Artiklarnas,resultat,analyserades,med,hjälp,av,Graneheim,&,Lundmans,innehållsanalysmetod,.,Detta,resulterade,i,tio,subkategorier,och,tre,kategorier,.,Resultat,:,I,flera,fall,uppgav,testpersonerna,att,deras,smärta,,,oro,och,ångest,lindrades,.,Resultatet,visade,att,massage,hade,sänkande,effekt,på,blodtryck,och,visade,även,att,vårdtiden,förkortades,samt,att,läkemedelsförbrukningen,minskade,.,Diskussion,:,I,de,fall,där,man,inte,fann,några,konkreta,fysiska,förbättringar,uppgav,likväl,testpersonerna,att,de,tyckte,att,massage,var,skönt,och,avslappnande,.","Arbetet,med,titeln,*,Fysisk,beröring,för,människans,välbefinnande,?,*,tar,avstamp,i,hur,beröring,används,inom,vård,och,hälsa,,,med,särskilt,fokus,på,massage,och,terapeutisk,beröring,.,Utgångspunkten,är,att,beröring,inte,enbart,är,ett,socialt,uttryck,utan,också,en,kroppslig,stimulans,som,kan,påverka,både,psykiska,och,fysiologiska,processer,.,I,uppsatsen,belyses,hur,olika,former,av,fysisk,kontakt,kopplas,till,upplevelser,av,välbefinnande,och,hur,detta,kan,komma,till,uttryck,i,minskad,smärta,,,lägre,grad,av,oro,och,ångest,samt,förändringar,i,kroppens,stressreaktioner,.,Ett,återkommande,tema,är,smärta,.,Beröring,,,framför,allt,i,form,av,massage,,,beskrivs,kunna,ge,en,kortsiktig,lindring,genom,avslappning,och,en,förändrad,uppmärksamhet,på,smärtan,.,Vissa,personer,rapporterar,också,en,mer,långvarig,effekt,,,men,bilden,är,inte,entydig,och,tycks,bero,på,sammanhang,,,individens,förväntningar,och,hur,beröringen,utförs,.,Terapeutisk,beröring,lyfts,fram,som,en,metod,där,närvaro,och,ett,lugnt,,,avgränsat,bemötande,ofta,står,i,centrum,.,För,en,del,verkar,det,bidra,till,en,känsla,av,trygghet,som,i,sin,tur,kan,påverka,smärtupplevelsen,.,På,den,psykiska,sidan,diskuteras,oro,och,ångest,som,centrala,aspekter,av,välbefinnande,.,Beröring,framställs,här,som,en,möjlig,väg,till,nedvarvning,.,Den,kan,ge,en,direkt,kroppslig,signal,om,säkerhet,och,omsorg,,,vilket,ibland,märks,i,andning,,,muskeltonus,och,allmän,spänningsnivå,.,Effekterna,beskrivs,ofta,som,subtila,men,påtagliga,:,en,känsla,av,att,“,landa,”,,,att,bli,mer,närvarande,i,kroppen,och,att,tankarna,tappar,tempo,.,I,den,fysiologiska,delen,knyts,resultaten,till,stressystemet,och,hormoner,,,med,oxytocin,som,ett,särskilt,intressant,spår,.,Oxytocin,förknippas,med,lugn,,,tillit,och,social,anknytning,och,kan,,,enligt,resonemanget,i,uppsatsen,,,vara,en,del,av,förklaringen,till,varför,vissa,upplever,beröring,som,smärtlindrande,och,ångestdämpande,.,Även,blodtryck,nämns,som,en,mätbar,markör,.,Beröringsinsatser,som,genomförs,i,rofyllda,former,beskrivs,ibland,sammanfalla,med,sänkta,blodtrycksvärden,och,en,mer,stabil,fysiologisk,återhämtning,,,vilket,stämmer,med,bilden,av,minskad,stresspåslag,.,Sammantaget,tecknar,uppsatsen,en,bild,av,fysisk,beröring,som,något,mer,än,en,“,extra,”,insats,.,Den,kan,fungera,som,ett,stöd,för,välbefinnande,på,flera,nivåer,samtidigt,:,kropp,,,känslor,och,upplevelse,av,trygghet,.,Samtidigt,framstår,beröring,som,tydligt,kontextberoende,.,Den,behöver,vara,professionellt,utförd,,,anpassad,efter,individens,gränser,och,ges,på,ett,sätt,som,inger,förtroende,,,annars,riskerar,effekten,att,utebli,eller,i,värsta,fall,bli,motsatt,."
"Försvarsmaktens,nya,inriktning,med,förskjutning,från,invasionsförsvar,till,insatsförsvar,samt,Sverigesökande,internationella,engagemang,kräver,en,försvarsmakt,som,aktivt,kan,utnyttjas,som,ett,säkerhetspolitiskt,instrument,.,Detta,ställer,krav,på,att,Försvarsmakten,flexibelt,kan,genomföra,insatser,med,kort,varsel,vid,såväl,nationell,sominternationell,konflikthantering,.,För,att,genomföra,det,krävs,ett,fokuserat,stöd,i,form,av,snabb,och,flexibel,logistik,.,Detmilitära,försvarets,agerande,skall,präglas,av,manövertänkande,vilket,innebär,att,logistikresurserna,bör,utformas,så,att,destridande,enheternas,manöverförmåga,vidmakthålls,och,helst,förstärks,av,ett,robust,och,dynamiskt,logistiksystem,.,Ett,sättatt,stödja,den,utvecklingen,kan,vara,att,använda,simuleringssystem,i,större,omfattning,.,Uppsatsen,syfte,är,att,undersöka,vilket,behov,av,simuleringssystem,för,logistik,som,Försvarsmakten,har,samt,att,studeravilka,befintliga,system,som,är,användbara,i,framtiden,.,Kvalitativa,intervjuer,och,litteraturstudier,utgör,källmaterialet,föruppsatsen,.,Metoden,som,använts,i,studien,utgörs,av,konstruktion,av,hypoteser,samt,prövning,av,dessa,.,Uppsatsens,resultat,pekar,på,att,det,finns,ett,stort,behov,av,simuleringssystem,för,logistik,inom,Försvarsmakten,men,attdet,råder,osäkerhet,om,vilka,områden,som,är,viktigast,att,simulera,.,Detta,kan,bero,på,att,Försvarsmakten,inte,har,enlogistikdoktrin,och,att,begreppet,logistik,inte,ännu,är,klart,definierat,.,Försvarsmaktens,uppföljning,av,tillgängliga,resursermåste,förbättras,för,att,ge,ett,bra,underlag,till,ett,simuleringssystem,.,Det,finns,en,risk,att,en,kritisk,sårbarhet,uppstår,förFörsvarsmakten,om,ett,simuleringssystem,används,för,att,minska,tillgängliga,logistikresurser,på,grund,av,fredsrationalitetoch,minskade,anslag,.,Befintliga,simuleringssystem,inom,logistik,är,antingen,föråldrade,eller,är,på,väg,att,bli,omodernainom,några,år,.,Ett,nytt,system,bör,vara,försvarsgrensgemensamt,och,bygga,på,en,struktur,med,system,av,system,fråntaktisk,till,strategisk,nivå,.,Systemet,behöver,vara,interoperabelt,med,civila,leverantörers,system,och,internationellaorganisationers,som,FN,,,NATO,och,EU,.,Det,bör,undersökas,i,vilken,utsträckning,civila,system,kan,användas,.","Uppsatsen,undersöker,om,Försvarsmakten,har,ett,praktiskt,och,operativt,behov,av,simuleringssystem,för,logistik,,,med,utgångspunkt,i,kravbilden,som,följer,av,manöverkrigföring,och,ett,mer,rörligt,,,tidskritiskt,sätt,att,föra,strid,.,I,ett,sådant,synsätt,blir,logistiken,inte,en,stödprocess,som,kan,planeras,färdigt,i,förväg,,,utan,en,del,av,manövern,där,uthållighet,,,tempo,och,handlingsfrihet,hänger,på,hur,snabbt,försörjning,,,underhåll,,,transporter,och,sjukvård,kan,anpassas,till,förändrade,lägen,.,Frågan,är,därför,inte,bara,om,man,kan,simulera,logistik,,,utan,vad,Försvarsmakten,vinner,på,att,göra,det,.,Tyngdpunkten,ligger,på,hur,simulering,kan,användas,för,att,pröva,antaganden,och,synliggöra,konsekvenser,som,annars,är,svåra,att,fånga,i,traditionell,planering,.,Ett,realistiskt,flöde,av,ammunition,,,drivmedel,,,reservdelar,och,transportresurser,påverkas,av,friktion,,,köer,,,sårbarhet,i,noder,och,avstånd,–,sådant,som,gärna,försvinner,i,tabeller,och,idealiserade,kalkyler,.,Med,simuleringsmodeller,går,det,att,ställa,scenarier,mot,varandra,,,testa,olika,logistikupplägg,,,se,var,flaskhalsar,uppstår,och,vilken,effekt,små,förändringar,kan,få,på,förbandens,tempo,.,Det,handlar,lika,mycket,om,att,förstå,systemet,som,att,räkna,på,det,.,Uppsatsen,pekar,också,på,att,behovet,blir,tydligt,i,utbildning,och,övning,.,Logistikens,beslut,tas,ofta,under,osäkerhet,och,tidspress,,,och,simulering,kan,skapa,en,miljö,där,chefer,och,staber,tvingas,hantera,prioriteringar,,,brister,och,avvägningar,utan,att,övningen,blir,orimligt,dyr,eller,materiellt,slitagekrävande,.,Samtidigt,framhålls,att,simuleringssystem,inte,är,en,snabb,lösning,i,sig,.,De,kräver,data,,,kompetens,och,en,organisation,som,faktiskt,använder,resultaten,.,Annars,riskerar,de,att,bli,tekniska,prestigeprojekt,som,lever,vid,sidan,av,verksamheten,.,Helhetsbilden,blir,att,Försvarsmakten,har,ett,tydligt,behov,av,logistiksimulering,,,men,att,behovet,är,kopplat,till,hur,systemen,integreras,i,planering,,,övning,och,konceptutveckling,.,Värdet,ligger,i,att,fånga,dynamiken,i,logistiken,när,manöverkrigföringens,krav,på,tempo,och,flexibilitet,pressar,hela,försörjningskedjan,–,och,i,att,kunna,fatta,beslut,på,mer,än,magkänsla,när,marginalerna,är,små,."
"Syftet,med,uppsatsen,var,att,undersöka,socialsekreterarnas,arbete,med,att,följa,upp,det,familjehemsplacerade,barnet,,,vårdnadshavarna,och,familjehemmet,.,För,att,besvara,undersökningens,syfte,användes,kvalitativ,metod,.,Studien,grundade,sig,på,intervjuer,med,fyra,barnhandläggare,och,fyra,familjehemsekreterare,som,arbetar,inom,åtta,olika,kommuner,.,I,tidigare,forskning,framkom,att,socialtjänsten,brister,i,sin,uppföljning,av,det,familjehemsplacerade,barnet,,,vårdnadshavarna,och,familjehemmet,.,För,att,understryka,socialnämndens,ansvar,under,pågående,familjehemsplacering,har,regeringen,infört,detaljerade,bestämmelser,i,5,kap,1b,§,Socialtjänstförordningen,.,Litteraturen,som,ingår,i,studien,redogör,dels,för,handlingsutrymmet,som,existerar,inom,socialsekreterarnas,arbete,och,hjälper,till,att,få,en,djupare,förståelse,för,kontexten,inom,organisationen,.,Tolkningsramen,innefattas,även,av,den,diskussion,som,förs,angående,socialsekreterarnas,kompetens,inom,uppföljningsarbete,.,Resultatet,från,intervjuerna,visade,att,socialsekreterarna,i,varierande,omfattning,utför,det,uppföljningsarbete,som,lagen,föreskriver,men,att,i,socialförvaltningarnas,organisationer,prioriteras,inte,uppföljningsarbetet,.,Respondenterna,i,studien,anser,sig,ha,bristande,kompetens,och,att,de,har,svårt,att,se,sitt,eget,handlingsutrymme,i,uppföljningsarbetet,.","Titeln,pekar,på,en,spänning,som,präglar,familjehemsvården,i,dag,:,ska,verksamheten,drivas,framåt,genom,att,pröva,nya,arbetssätt,,,eller,ska,man,hålla,fast,vid,rutiner,som,upplevs,trygga,och,redan,är,inarbetade,?,Utifrån,nyckelorden,framträder,en,bild,av,en,vårdform,där,ambitionerna,om,utveckling,ofta,möter,praktiska,gränser,i,organisationen,,,i,lagens,ramar,och,i,socialsekreterarnas,faktiska,möjligheter,att,följa,upp,och,ge,stöd,.,Familjehemsvården,vilar,på,socialtjänstlagens,krav,om,barnets,bästa,och,om,en,vård,som,är,planerad,,,trygg,och,kontrollerad,.,Samtidigt,är,lagen,relativt,öppen,och,lämnar,stort,utrymme,för,lokala,tolkningar,.,Det,gör,att,skillnader,mellan,kommuner,lätt,uppstår,,,inte,bara,i,hur,man,rekryterar,och,utreder,familjehem,,,utan,också,i,hur,stödet,utformas,över,tid,.,I,vissa,verksamheter,blir,rutinerna,en,stabil,grund,som,skapar,likvärdighet,och,minskar,risken,för,misstag,.,I,andra,kan,samma,rutiner,stelna,och,göra,det,svårt,att,anpassa,insatser,efter,barnets,förändrade,behov,eller,efter,familjehemmets,situation,.,Organisationen,blir,därför,en,avgörande,faktor,för,hur,vården,faktiskt,utvecklas,.,Resursfördelning,,,personalomsättning,och,hur,ansvar,fördelas,mellan,enheter,påverkar,kontinuiteten,.,Om,socialsekreterare,byts,ut,ofta,eller,har,för,stora,ärendemängder,förskjuts,tyngdpunkten,från,relationsbyggande,arbete,till,administration,och,akut,problemlösning,.,Stödet,till,familjehemmen,riskerar,då,att,bli,reaktivt,:,man,rycker,in,när,något,redan,skaver,,,snarare,än,att,arbeta,förebyggande,.,Uppföljning,hamnar,lätt,i,samma,läge,.,Den,görs,,,men,mer,som,ett,krav,att,bocka,av,än,som,ett,verktyg,för,att,förstå,barnets,vardag,och,kvaliteten,i,placeringen,.,Socialsekreterarnas,kompetens,framstår,som,både,en,möjlighet,och,en,sårbarhet,.,Erfarenhet,,,kunskap,om,barns,utveckling,,,trauma,och,anknytning,,,samt,färdighet,i,att,hantera,samarbetet,mellan,biologiska,föräldrar,,,familjehem,och,skola,kan,göra,stor,skillnad,.,När,kompetensen,är,ojämnt,fördelad,eller,när,introduktion,och,handledning,är,bristfälliga,får,rutinerna,en,överdrivet,stor,roll,.,De,blir,ett,slags,skyddsnät,som,ska,kompensera,för,brist,på,tid,och,stöd,,,men,de,kan,inte,ersätta,professionella,bedömningar,eller,ett,genomtänkt,uppföljningsarbete,.,Utveckling,i,familjehemsvården,tycks,därför,handla,mindre,om,att,välja,mellan,”,nytt,”,och,”,gammalt,”,och,mer,om,att,skapa,en,praktik,där,rutiner,ger,struktur,utan,att,ta,över,.,Nya,arbetssätt,behöver,kunna,prövas,,,men,de,måste,också,gå,att,bära,i,vardagen,.,När,organisationen,ger,utrymme,för,lärande,,,rimliga,caseloads,och,tydlig,ansvarsfördelning,finns,bättre,förutsättningar,att,arbeta,systematiskt,med,stöd,och,uppföljning,,,i,linje,med,socialtjänstlagens,intentioner,.,Där,blir,utveckling,inte,ett,projekt,vid,sidan,av,,,utan,något,som,märks,i,kontakten,med,barnet,,,i,familjehemmets,upplevelse,av,att,inte,stå,ensamt,och,i,socialtjänstens,förmåga,att,se,placeringen,som,en,pågående,process,snarare,än,ett,beslut,som,fattas,en,gång,."
"Titel,:,Argument,för,och,emot,privat,sjukvård,–,scenario,för,framtidens,sjukvård,vid,ett,eventuellt,maktskifte,Författare,:,Jessica,Andersson,,,Nina,Gunnarsson,Handledare,:,Thomas,Danborg,Institution,:,Managementhögskolan,,,Blekinge,Tekniska,Högskola,Kurs,:,Kandidatarbete,i,företagsekonomi,10,poäng,Syfte,:,Syftet,är,att,beskriva,problemet,med,privatisering,av,sjukvården,genom,att,analysera,argument,för,och,emot,sjukvård,i,privat,regi,och,framställa,ett,scenario,om,framtidens,sjukvård,med,hjälp,av,partiprogram,.,Metod,:,Grounded-theory-metoden,som,är,kvalitativ,och,innebär,att,man,kategoriserar,sekundär,data,som,man,fått,fram,för,att,få,en,fullständig,kartläggning,.,Slutsatser,:,Marknaden,för,privata,aktörer,kommer,att,öka,vid,ett,eventuellt,maktskifte,.","Den,här,uppsatsen,behandlar,frågan,om,privat,sjukvård,och,vilka,argument,som,brukar,lyftas,för,och,emot,,,med,särskilt,fokus,på,hur,resonemangen,tar,form,i,en,svensk,kontext,.,Utgångspunkten,är,att,vård,inte,bara,handlar,om,medicinska,resultat,utan,också,om,styrning,,,prioriteringar,och,förtroende,.,Privat,sjukvård,blir,därför,en,fråga,om,mer,än,driftform,:,den,rör,jämlikhet,,,effektivitet,och,vem,som,i,praktiken,får,makt,över,vårdens,utveckling,.,Förespråkare,menar,ofta,att,privata,aktörer,kan,bidra,med,kortare,väntetider,och,ett,mer,patientnära,bemötande,.,När,verksamheter,konkurrerar,om,patienter,skapas,tryck,på,att,förbättra,service,,,tillgänglighet,och,arbetsprocesser,.,Företag,kan,också,ha,lättare,att,införa,nya,arbetssätt,eller,investera,i,teknik,om,beslutsvägarna,är,kortare,och,incitamenten,tydliga,.,I,den,typen,av,argumentation,framstår,valfrihet,som,central,.,Patienten,ses,som,en,aktiv,part,som,ska,kunna,välja,vårdgivare,,,byta,om,kvaliteten,brister,och,därmed,påverka,vårdens,utbud,.,Motargumenten,tar,ofta,sin,början,i,prioriteringslogiken,.,Om,ekonomiska,drivkrafter,blir,starka,finns,en,risk,att,vården,styrs,mot,sådant,som,är,lätt,att,mäta,,,snabbt,att,behandla,och,relativt,lönsamt,.,Mer,komplexa,patientgrupper,kan,hamna,i,skymundan,,,särskilt,om,ersättningssystemen,inte,fångar,vårdtyngd,och,långsiktiga,behov,.,Kritiken,riktas,också,mot,att,en,växande,privat,sektor,kan,skapa,en,tudelning,där,vissa,får,snabbare,vägar,in,via,privata,försäkringar,eller,egen,betalningsförmåga,,,medan,andra,blir,kvar,i,köer,.,Det,väcker,frågor,om,rättvisa,och,om,den,gemensamt,finansierade,vårdens,grundidé,urholkas,,,även,om,vården,formellt,sett,fortsatt,är,offentligt,reglerad,.,En,annan,återkommande,konfliktpunkt,gäller,resursfördelning,och,kompetensförsörjning,.,Om,privata,vårdgivare,lockar,personal,med,bättre,villkor,kan,den,offentliga,vården,få,svårare,att,bemanna,,,särskilt,i,redan,ansträngda,regioner,.,Det,kan,leda,till,en,ond,cirkel,där,kapaciteten,minskar,och,väntetiderna,växer,,,vilket,i,sin,tur,ökar,efterfrågan,på,privata,alternativ,.,Kritiker,lyfter,också,styrningsfrågan,:,när,många,aktörer,är,inblandade,krävs,omfattande,uppföljning,,,avtal,och,kontroll,.,Det,kostar,tid,och,pengar,och,kan,göra,det,svårare,att,hålla,ihop,vårdkedjor,,,särskilt,för,patienter,som,behöver,insatser,från,flera,håll,.,Diskussionen,om,privat,sjukvård,landar,ofta,i,att,fördelar,och,nackdelar,i,praktiken,avgörs,av,hur,systemen,utformas,.,Ersättningsmodeller,,,reglering,,,transparens,och,krav,på,medicinsk,kvalitet,spelar,stor,roll,för,om,privat,drift,leder,till,bättre,tillgänglighet,utan,att,jämlikheten,försämras,.,Uppsatsen,visar,hur,argumenten,speglar,olika,syn,på,vad,vården,ska,vara,:,en,marknad,där,valfrihet,driver,förbättring,,,eller,en,samhällstjänst,där,lika,tillgång,väger,tyngre,än,konkurrens,.,Spänningen,mellan,dessa,perspektiv,präglar,hela,debatten,och,gör,frågan,svår,att,reducera,till,ett,enkelt,ja,eller,nej,."
"Metakognitiva,processer,och,förmågor,innefattar,bland,annat,människans,förmåga,att,reflektera,över,sin,egen,kunskapsnivå,och,minneskapacitet,,,och,att,utifrån,detta,till,exempel,kunna,reglera,tid,och,inlärningsstrategier,vid,inlärningssituationer,.,Kännetecknande,för,en,person,som,räknas,till,att,vara,expert,inom,en,viss,domän,är,bland,annat,att,denne,anses,kunna,övervaka,sin,kunskapsnivå,på,ett,korrekt,sätt,.,Denna,studie,undersöker,om,personer,med,stor,domänkunskap,uppvisar,en,större,förmåga,till,metakognitiv,övervakning,än,vad,personer,med,sämre,domänkunskap,gör,.,Aktuell,kunskapsdomän,i,denna,studie,är,deklarativ,kunskap,kring,fotboll,,,och,fotbollsspelare,och,ledare,rekryterades,som,försöksdeltagare,.,Förmågan,till,metakognitiv,övervakning,mättes,med,hjälp,av,mätteknikerna,Assessment,of,Cognitive,Monitoring,Effectiveness,(,ACME,),och,Metacognitive,Knowledge,Monitoring,Assessment,(,KMA,),,,där,försöksdeltagarna,i,samband,med,att,ett,kunskapstest,genomförs,får,avgöra,vilka,frågor,de,tror,sig,kunna,eller,inte,kunna,svaret,på,.,Resultatet,visar,att,personer,med,expertkunskap,uppvisar,en,signifikant,bättre,förmåga,till,metakognitiv,övervakning,än,personer,med,sämre,domänkunskap,.","Uppsatsen,behandlar,relationen,mellan,expertkunskap,och,metakognition,,,med,särskilt,fokus,på,hur,experter,övervakar,sitt,eget,tänkande,i,praktiska,situationer,.,Utgångspunkten,är,att,expertis,inte,bara,handlar,om,att,kunna,mycket,eller,ha,lång,erfarenhet,,,utan,också,om,att,kunna,avgöra,när,den,egna,kunskapen,räcker,och,när,den,brister,.,Metakognitiv,övervakning,blir,då,en,slags,intern,kontrollfunktion,:,experten,bedömer,kvaliteten,i,sina,slutsatser,,,upptäcker,osäkerhet,,,fångar,upp,misstag,i,tid,och,kan,justera,strategi,innan,ett,problem,hinner,växa,.,Analysen,knyter,an,till,metakognitionsforskning,där,skillnaden,mellan,att,prestera,och,att,veta,hur,väl,man,presterar,får,stor,betydelse,.,Experter,framstår,ofta,som,snabba,och,säkra,,,men,mycket,av,deras,styrka,ligger,i,hur,de,tolkar,signaler,om,att,något,inte,stämmer,.,Det,kan,handla,om,subtila,avvikelser,i,data,,,ett,“,skav,”,i,resonemanget,eller,att,en,lösning,känns,för,enkel,.,Metakognitiv,övervakning,syns,i,hur,de,kalibrerar,sin,tilltro,till,ett,svar,,,hur,de,väljer,att,dubbelkolla,,,och,hur,de,växlar,mellan,automatiserade,rutiner,och,mer,medveten,analys,när,situationen,kräver,det,.,Samtidigt,problematiseras,bilden,av,experten,som,alltid,träffsäker,.,Hög,kompetens,kan,också,skapa,en,riskzon,:,väl,inövade,mönster,kan,göra,att,man,slätar,över,osäkerhet,eller,låser,sig,vid,en,första,tolkning,.,Där,blir,övervakningen,avgörande,.,När,den,fungerar,bra,leder,den,till,rimlig,självkritik,och,kontroll,,,men,när,den,fungerar,sämre,kan,expertkunskap,paradoxalt,nog,bidra,till,övermod,.,Uppsatsen,diskuterar,därför,metakognitiv,precision,snarare,än,“,självförtroende,”,i,allmänhet,:,hur,väl,graden,av,säkerhet,faktiskt,speglar,sannolikheten,att,ha,rätt,.,I,arbetet,används,ACME,och,KMA,som,centrala,hållpunkter,för,att,beskriva,och,jämföra,metakognitiv,bedömning,.,Genom,dessa,begrepp,kan,man,synliggöra,hur,experter,uppskattar,sin,egen,prestation,,,hur,de,justerar,den,uppskattningen,efter,återkoppling,,,och,hur,träffsäkra,deras,bedömningar,blir,över,tid,.,Det,öppnar,också,för,en,mer,konkret,diskussion,om,vad,som,går,att,utveckla,.,Om,expertis,delvis,vilar,på,metakognitiv,övervakning,blir,frågan,inte,bara,hur,man,lär,sig,mer,,,utan,hur,man,lär,sig,att,se,gränserna,för,det,man,kan,—,och,att,agera,på,den,insikten,."
"Övervikt,och,fetma,är,idag,ett,världsomspännande,hälso-,och,omvårdnadsproblem,där,sjuksköterskan,har,en,stödjande,och,motiverande,uppgift,för,att,hjälpa,personer,hantera,samt,klara,av,en,livsstilsförändring,som,leder,till,viktminskning,.,Syftet,med,studien,var,att,belysa,sjuksköterskans,stöd,vid,personens,livsstilsförändring,i,samband,med,viktnedgång,.,Metoden,som,används,är,litteraturstudie,.,Resultatet,visar,på,att,sjuksköterskan,har,en,betydande,roll,vid,personens,livsstilsförändring,när,det,gäller,att,bistå,med,stöd,.,Genom,att,basera,en,relation,på,tillit,kan,sjuksköterskan,och,personen,tillsammans,skapa,de,mål,som,möjliggör,personens,livsstilsförändring,.,Vidare,visar,Resultatet,att,sjuksköterskan,bör,fokusera,på,personens,kroppsuppfattning,för,att,motivera,personen,till,en,livsstilsförändring,som,leder,till,viktminskning,.,I,diskussionen,framkommer,vikten,av,att,sjuksköterskan,förstår,personens,motiv,till,viktminskning,och,utgår,från,detta,då,stöd,och,motivation,skall,ges,.","Arbetet,med,stöd,vid,övervikt,och,fetma,rör,ett,område,där,sjuksköterskans,roll,ofta,blir,både,praktisk,och,relationell,.,Utifrån,titeln,och,nyckelorden,framträder,en,inriktning,mot,hur,vården,kan,bidra,till,hållbara,livsstilsförändringar,och,hur,stödet,faktiskt,upplevs,och,fungerar,i,mötet,mellan,patient,och,sjuksköterska,.,Övervikt,och,fetma,förstås,här,inte,bara,som,ett,medicinskt,tillstånd,utan,som,något,som,påverkar,vardag,,,självbild,och,möjlighet,att,delta,i,sociala,sammanhang,.,Därför,räcker,det,sällan,med,generella,råd,om,kost,och,fysisk,aktivitet,.,I,fokus,står,stödet,:,hur,det,ges,,,vad,det,innehåller,och,vad,som,gör,att,det,får,fäste,.,Sjuksköterskan,förväntas,kunna,kombinera,kunskap,om,hälsa,och,riskfaktorer,med,en,lyhördhet,för,individens,förutsättningar,.,Motivation,blir,en,nyckelfråga,.,Den,kan,vara,stark,i,början,men,svikta,när,förändringen,krockar,med,stress,,,ekonomiska,villkor,,,familjeliv,eller,tidigare,misslyckanden,.,Här,framträder,behovet,av,ett,arbetssätt,som,inte,bygger,på,skam,eller,pekpinnar,,,utan,på,respekt,,,kontinuitet,och,realistiska,mål,.,Små,steg,kan,vara,avgörande,,,särskilt,när,patienten,bär,med,sig,en,lång,historia,av,viktfokus,och,negativa,vårderfarenheter,.,Livsstilsförändring,beskrivs,som,en,process,snarare,än,en,punktinsats,.,Stödet,behöver,därför,vara,återkommande,och,anpassat,över,tid,.,Samtal,där,patienten,får,formulera,egna,mål,,,och,där,sjuksköterskan,hjälper,till,att,konkretisera,vad,som,är,möjligt,här,och,nu,,,framstår,som,centralt,.,Lika,centralt,är,att,uppmärksamma,bakslag,utan,att,behandla,dem,som,ett,”,misslyckande,”,.,För,vissa,handlar,stödet,om,att,skapa,struktur,i,vardagen,,,för,andra,om,att,hantera,känslomässigt,ätande,eller,hitta,former,av,rörelse,som,inte,upplevs,som,straff,.,Det,finns,också,en,tydlig,spänning,mellan,individansvar,och,omgivningens,påverkan,,,där,sjuksköterskan,ofta,hamnar,i,rollen,som,både,vägledare,och,någon,som,försöker,mildra,en,skuldbeläggande,diskurs,.,Sammanfattningen,pekar,mot,att,effektivt,stöd,vid,övervikt,och,fetma,kräver,mer,än,information,.,Det,kräver,relation,,,tid,och,en,genomtänkt,strategi,för,motivation,.,När,sjuksköterskan,möter,patienten,på,ett,personcentrerat,sätt,,,med,tydlighet,men,utan,hårdhet,,,ökar,chansen,att,livsstilsförändringar,blir,genomförbara,och,kan,hålla,över,tid,."
"Benämningen,Lex,Uggla,uppkom,när,artisten,Magnus,Ugglas,bolag,Uggly,Music,AB,granskades,under,2005,då,Skatteverket,genomförde,en,riktad,granskning,mot,företag,med,särskilt,hög,likviditet,.,I,ett,onoterat,bolag,är,tillgångarna,i,bolaget,skattepliktiga,hos,ägaren,så,länge,det,inte,rör,sig,om,rörelsetillgångar,.,Lagens,huvudsyfte,är,att,privatpersoner,inte,ska,kunna,inneha,skattepliktig,förmögenhet,i,ett,bolag,för,att,på,så,sätt,komma,undan,förmögenhetsskatt,.,Hur,mycket,som,anses,kunna,räknas,till,arbetande,kapital,och,förbli,skattefritt,kapital,har,enligt,rättsfall,visat,att,det,beror,på,följande,;,verksamhetens,art,och,omfattning,,,framtida,investeringsbehov,och,investeringsplaner,under,en,viss,tid,framåt,.,I,flertalet,av,rättsfallen,som,blivit,presenterade,har,det,framkommit,att,domstolarna,har,gått,på,Skatteverkets,linje,,,vilket,föranlett,att,merparten,av,de,skatteskyldiga,blivit,påförda,förmögenhetsbeskattning,.,I,de,fall,som,domstolen,dömt,till,den,skatteskyldiges,fördel,har,denne,kunnat,argumentera,och,påvisa,historiska,och,troliga,framtida,investeringsplaner,för,företaget,.,Trovärdigheten,bygger,på,att,den,skattskyldige,har,kunnat,styrka,tidigare,års,affärsuppgörelser,samt,underlag,för,framtida,investeringar,.,Vi,anser,att,lagen,i,sig,skall,finnas,kvar,för,att,det,inte,skall,vara,möjligt,att,dölja,privata,tillgångar,genom,att,tillskjuta,företaget,kapital,för,att,på,så,sätt,undvika,förmögenhetsbeskattning,.,Däremot,anser,vi,dagens,tolkning,och,tillämpning,är,felaktig,då,personer,som,är,innovativa,och,som,driver,lönsamma,företag,drabbas,.,Detta,eftersom,företagens,internt,upparbetade,vinster,i,princip,skall,”,lyftas,”,ut,ur,företagen,och,beskattas,som,ägarens,privata,förmögenhet,.,Vi,anser,att,lagen,leder,till,att,företagare,troligtvis,blir,mer,angelägna,om,att,komma,fram,till,avancerade,tekniska,skattelösningar,.,Vi,kommer,säkerligen,att,få,se,fler,vägledande,avkunnanden,den,närmaste,tiden,efterhand,som,Skatteverket,upptäcker,dessa,.","Uppsatsen,tar,sin,utgångspunkt,i,frågan,om,hur,förmögenhetsbeskattningen,träffar,innehav,av,onoterade,aktier,och,om,reglerna,i,praktiken,är,utformade,på,ett,sätt,som,är,rimligt,för,den,skattskyldige,.,Tyngdpunkten,ligger,på,mötet,mellan,lagstiftarens,ambition,att,beskatta,faktisk,bärkraft,och,de,svårigheter,som,uppstår,när,tillgången,varken,har,ett,marknadspris,eller,är,enkel,att,omsätta,i,pengar,.,För,den,som,äger,onoterade,aktier,blir,beskattningen,ofta,en,fråga,om,värdering,snarare,än,om,innehav,,,och,det,är,där,många,av,problemens,kärna,finns,.,Analysen,kretsar,kring,vilka,värderingsmetoder,som,tillåts,och,hur,de,slår,i,olika,situationer,.,Onoterade,bolag,kan,vara,allt,från,stabila,familjeföretag,till,nystartade,verksamheter,med,begränsade,intäkter,men,stora,framtidsförväntningar,.,Trots,det,pressas,de,ibland,in,i,schabloner,som,inte,alltid,fångar,risk,,,illikviditet,eller,ägarens,faktiska,möjlighet,att,frigöra,medel,för,att,betala,skatten,.,Resultatet,kan,bli,en,beskattning,som,i,teorin,följer,principen,om,neutralitet,men,som,i,vardagen,skapar,en,skev,belastning,jämfört,med,noterade,värdepapper,.,En,central,del,av,uppsatsen,behandlar,därför,om,kravet,på,likformighet,i,beskattningen,kolliderar,med,behovet,av,materiell,rättvisa,när,tillgångarna,är,svårvärderade,och,svårsålda,.,Uppsatsen,diskuterar,också,förutsebarheten,.,Den,skattskyldige,behöver,kunna,bedöma,sin,skattesituation,utan,att,vara,beroende,av,omfattande,externa,värderingar,eller,osäkra,antaganden,om,framtida,kassaflöden,.,När,bedömningarna,blir,alltför,öppna,uppstår,en,osäkerhet,som,riskerar,att,flytta,makt,från,den,enskilde,till,värderingsintyg,,,processer,och,i,förlängningen,domstolsprövning,.,Det,kan,i,sin,tur,påverka,hur,ägare,planerar,utdelningar,,,investeringar,och,ägarskiften,.,Särskilt,tydligt,blir,detta,vid,generationsskiften,,,där,en,förmögenhetsbeskattning,baserad,på,teoretiska,värden,kan,tvinga,fram,försäljningar,eller,belåning,trots,att,verksamheten,i,övrigt,är,sund,.,Mot,den,bakgrunden,prövas,ändamålsenligheten,utifrån,kriterier,som,träffsäkerhet,,,proportionalitet,och,administrativ,hanterbarhet,.,Frågan,blir,om,systemet,faktiskt,når,sin,målsättning,utan,att,skapa,onödiga,tröskeleffekter,eller,incitament,till,skatteplanering,.,När,reglerna,upplevs,som,svårbegripliga,eller,som,frikopplade,från,verklig,betalningsförmåga,tenderar,de,att,driva,fram,beteenden,som,lagstiftaren,egentligen,velat,undvika,,,exempelvis,omstruktureringar,som,främst,motiveras,av,skatteutfall,snarare,än,av,affärsmässiga,skäl,.,Slutsatsen,som,arbetet,rör,sig,mot,är,att,beskattning,av,onoterade,aktier,ställer,särskilt,höga,krav,på,en,genomtänkt,värderingsmodell,.,Om,beskattningen,ska,uppfattas,som,legitim,behöver,den,hantera,illikviditet,,,osäkerhet,och,minoritetsposter,på,ett,sätt,som,inte,gör,skatten,till,ett,likviditetsproblem,i,sig,.,Uppsatsen,landar,därför,i,att,ändamålsenlighet,i,den,här,kontexten,inte,bara,handlar,om,att,kunna,beräkna,ett,värde,,,utan,om,att,värdet,faktiskt,fungerar,som,underlag,för,en,rimlig,och,praktiskt,möjlig,beskattning,för,den,skattskyldige,."
"Densitetsmätningar,och,permeabilitetstest,enligt,EN,927-5,har,utförts,för,att,studera,huruvida,granvirkes,fysikaliska,egenskaper,i,kombination,med,applicerat,färgsystem,påverkar,permeabiliteten,.,De,egenskaper,som,studerats,är,frod-,och,senvuxenhet,;,splint-,och,kärnved,samt,densitet,.,Aktuella,färgsystem,som,studerats,är,alkyd,;,akrylat,och,linolja,;,vilka,jämförts,med,omålad,referens,.,Studien,påvisar,inget,samband,mellan,virkets,densitet,och,permeabilitet,;,bestruket,eller,ej,.,Det,som,istället,tycks,påverka,vattenabsorptionen,är,närvaro,av,splint-/kärnved,samt,frod-/senvuxenhet,.,Senvuxen,kärnved,var,den,bestrukna,vedtyp,som,absorberade,mest,vatten,gällande,samtliga,färgsystem,.,Vedtyp,som,hade,lägst,vattenabsorption,varierade,dock,.,Linolja,var,generellt,det,färgsystem,som,gav,lägst,permeabilitet,;,främst,på,frodvuxen,kärnved,.,Denna,kombination,hade,lägst,absorption,genom,hela,försöket,.","Arbetet,behandlar,hur,granvirkes,(,Picea,abies,),permeabilitet,påverkas,av,virkesstruktur,och,av,vilket,färgsystem,som,appliceras,.,Utgångspunkten,är,att,gran,är,ett,tydligt,heterogent,material,där,vatten-,och,vätskerörelser,styrs,av,anatomiska,skillnader,,,inte,bara,av,en,generell,”,porositet,”,.,Permeabiliteten,kopplas,därför,till,hur,årsringarna,är,uppbyggda,,,hur,stor,andel,vårved,respektive,sommarved,som,finns,,,och,om,provet,består,av,kärnved,eller,splintved,.,Även,tillväxtmönster,vägs,in,:,frodvuxet,virke,med,breda,årsringar,och,mer,vårved,tenderar,att,uppvisa,ett,annat,upptag,än,senvuxet,,,tätare,virke,där,sommarveden,dominerar,.,En,central,del,är,relationen,mellan,densitet,och,absorption,.,Högre,densitet,sammanfaller,ofta,med,större,andel,sommarved,och,mindre,utrymme,för,vätsketransport,i,längs-,och,tvärriktning,,,vilket,i,praktiken,kan,ge,lägre,upptag,och,långsammare,inträngning,.,Samtidigt,kan,lokala,variationer,–,exempelvis,skarpa,övergångar,mellan,vårved,och,sommarved,–,skapa,ojämna,flödesvägar,.,Kärnved,och,splintved,behandlas,som,skilda,fall,.,Splintveden,,,med,mer,aktiva,ledningsstrukturer,och,i,regel,lägre,extraktivhalt,,,förväntas,släppa,igenom,och,suga,upp,mer,än,kärnved,,,där,ämnen,som,kan,täppa,till,eller,förändra,väggarnas,ytkaraktär,ofta,begränsar,inträngningen,.,Mot,denna,bakgrund,diskuteras,hur,olika,färgsystem,samspelar,med,underlaget,.,Alkyd-,,,akrylat-,och,linoljebaserade,system,jämförs,utifrån,hur,de,kan,tränga,in,,,hur,snabbt,de,bygger,film,och,hur,de,påverkar,fortsatt,fukttransport,.,Linolja,beskrivs,som,ett,system,som,typiskt,ger,relativt,god,inträngning,i,öppnare,strukturer,och,i,vårvedsdominerade,zoner,,,medan,alkyd,ofta,ger,en,kombination,av,inträngning,och,filmuppbyggnad,som,kan,variera,tydligt,med,densitet,och,ytskiktets,mikrosprickor,.,Akrylat,kopplas,mer,till,filmbildning,och,en,mer,uttalad,barriäreffekt,,,där,resultatet,blir,känsligt,för,underlagets,jämnhet,och,för,hur,väl,systemet,kan,”,ankra,”,i,ytan,snarare,än,att,sugas,in,djupt,.,Metodiskt,knyts,bedömningen,av,vätskeupptag,och,permeabilitet,till,standardiserade,principer,enligt,EN,927-5,,,där,absorption,och,upptagsförlopp,kan,relateras,till,provens,densitet,,,årsringarnas,karaktär,och,andelen,kärnved,/,splintved,.,Målet,är,inte,att,ge,en,enda,rangordning,som,gäller,för,all,gran,,,utan,att,visa,varför,samma,färgsystem,kan,bete,sig,olika,beroende,på,om,det,appliceras,på,frodvuxen,splintved,med,hög,vårvedsandel,eller,på,senvuxen,,,tät,kärnved,.,I,slutänden,framstår,granvirkets,fysikaliska,utformning,som,en,minst,lika,styrande,faktor,som,valet,mellan,alkyd,,,akrylat,och,linolja,när,man,vill,förstå,och,förutsäga,permeabilitet,och,därmed,fuktrelaterad,funktion,i,målade,träytor,."
"Den,traditionella,båsladugården,har,idag,utvecklats,till,lösdriftstallar,där,korna,har,fri,tillgång,till,foder,och,liggplatser,.,Korna,mjölkas,i,antingen,mjölkgrop,;,karusell,eller,av,en,robot,.,För,att,uppnå,bra,termisk,komfort,i,lösdriftsstallen,så,använder,man,sig,av,naturlig,eller,mekanisk,ventilation,.,I,detta,arbete,så,undersöks,några,olika,ventilationssystem,som,använder,sig,av,naturlig,ventilation,på,fem,utvalda,kostall,för,att,se,hur,de,fungerar,i,praktiken,.,Detta,görs,med,fukt-,och,temperaturmätare,och,med,rökpatroner,för,att,se,hur,luften,rör,sig,i,stallet,.,Resultatet,analyseras,för,att,se,om,det,är,något,ventilationssystem,som,sticker,ut,jämför,med,de,andra,.,Beskrivning,kring,hur,man,skulle,kunna,gå,tillväga,vid,en,vidare,utveckling,av,detta,arbete,diskuteras,.","Arbetet,behandlar,hur,nutida,ventilationslösningar,fungerar,i,svenska,lösdriftstallar,för,mjölkkor,,,med,särskilt,fokus,på,den,naturliga,ventilationen,som,ofta,utgör,grunden,i,moderna,kostallar,.,Utifrån,en,undersökning,av,sex,olika,ventilationssystem,jämförs,hur,systemen,är,uppbyggda,,,hur,de,styrs,och,hur,de,hanterar,variationer,i,väder,,,djurtäthet,och,stallutformning,.,Tyngdpunkten,ligger,på,praktiska,konsekvenser,i,vardagsdriften,:,luftutbyte,,,dragproblematik,,,fukthantering,och,hur,stabilt,inneklimatet,blir,över,dygnet,och,mellan,årstider,.,Studien,visar,att,“,naturlig,ventilation,”,i,lösdriftstallar,sällan,är,en,helt,passiv,lösning,.,Den,formas,av,öppningsbara,långsidor,,,nocköppningar,,,gardiner,,,vindskydd,och,byggnadens,geometri,,,och,i,flera,fall,kompletteras,den,med,fläktar,eller,andra,åtgärder,när,vind,och,termik,inte,räcker,till,.,Skillnaderna,mellan,systemen,blir,tydliga,när,man,ser,hur,känsliga,de,är,för,yttre,förhållanden,.,Vissa,lösningar,levererar,ett,jämnare,luftflöde,och,upplevs,mer,förutsägbara,,,medan,andra,ger,större,svängningar,där,perioder,av,stillastående,luft,kan,följas,av,kraftigt,drag,,,särskilt,i,öppna,stallar,eller,där,öppningar,är,felplacerade,i,förhållande,till,dominerande,vindriktning,.,En,återkommande,iakttagelse,är,att,samspelet,mellan,byggnad,och,ventilation,väger,tungt,.,Stallar,med,genomtänkt,placering,av,in-,och,utluft,,,tydlig,nockfunktion,och,möjlighet,att,finjustera,öppningsarean,har,lättare,att,hålla,nere,fukt,och,lukt,utan,att,skapa,obehag,för,korna,.,Där,konstruktionen,är,mindre,anpassad,blir,åtgärderna,ofta,mer,reaktiva,:,gardiner,justeras,efter,väder,,,fläktar,används,punktvis,och,personalen,kompenserar,med,rutiner,snarare,än,med,ett,system,som,“,bär,sig,självt,”,.,Det,påverkar,också,energianvändning,och,underhåll,,,eftersom,enklare,lösningar,kan,vara,billiga,att,bygga,men,kräver,mer,uppmärksamhet,över,tid,.,Arbetet,mynnar,ut,i,att,valet,av,ventilationssystem,i,lösdriftstallar,inte,kan,reduceras,till,en,fråga,om,naturligt,eller,mekaniskt,.,Det,handlar,om,hur,helheten,fungerar,:,öppningsmöjligheter,,,styrning,,,stallvolym,,,planlösning,och,hur,känslig,anläggningen,är,för,väderomslag,.,De,sex,exemplen,ger,en,bild,av,en,utveckling,där,lantbruket,söker,robusta,system,med,låg,energiförbrukning,,,men,där,små,skillnader,i,utformning,får,stora,effekter,för,klimatet,i,kostallet,och,därmed,för,djurens,komfort,och,arbetsmiljön,i,stallet,."
"Denna,uppsats,behandlar,barns,sexualitet,inom,förskolans,arena,.,Syftet,är,att,problematisera,förskolebarns,sexualitet,och,analysera,förskollärares,förutsättningar,att,arbeta,med,detta,utifrån,valda,dokument,samt,hur,detta,kan,påverka,barns,utveckling,.,Metoden,som,används,för,att,besvara,forskningsfrågorna,är,en,kvalitativ,innehållsanalys,.,Därtill,används,både,förskolans,och,grundskolans,läroplan,för,att,urskilja,hur,ämnet,sex-,och,samlevnad,behandlas,inom,utbildningsväsendet,.,Även,Malmö,högskolas,utbildningsplan,tillämpas,för,att,synliggöra,förskollärares,utbildning,angående,barns,sexualitet,och,ett,dokument,som,beskriver,kommitténs,uppdrag,samt,förslag,till,ett,måldokument,gällande,de,pedagogiska,verksamheterna,.,De,teoretiska,utgångspunkterna,handlar,om,sexualitet,utifrån,Foucault,tankar,;,därtill,används,Donzelots,tankar,om,norm,och,moral,och,tillsist,behandlas,begreppet,normalisering,.,Resultatet,visar,på,att,trots,att,förskolans,verksamhet,ska,utgå,från,forskning,och,beprövad,erfarenhet,så,erbjuds,inte,förskollärare,utbildning,inom,ämnet,sex-,och,samlevnad,.,Jag,för,en,diskussion,kring,de,eventuella,orsaker,som,ligger,till,grund,för,osynliggörandet,av,ämnet,inom,förskolans,arena,.,Ämnet,sex-,och,samlevnad,tolkas,även,in,i,förskolan,utan,att,för,den,delen,förändra,förskolans,läroplan,samt,hur,det,kan,gagna,barns,utveckling,.,Denna,förmån,handlar,om,att,främja,barns,sexuella,hälsa,för,att,erbjuda,barn,en,positiv,självuppfattning,;,kunskap,om,den,egna,integriteten,och,sociala,koder,samt,förståelse,för,sina,egna,sexuella,känslor,.,Pedagoger,får,möjlighet,att,förhindra,en,begränsande,könstillhörighet,samt,skapa,en,tolerant,miljö,inom,förskolan,.,Då,pedagoger,inom,förskola,arbetar,med,ämnet,sex-och,samlevnad,skulle,det,förekomma,en,mindre,risk,att,barnen,själva,får,hantera,sina,sexuella,känslor,.","Uppsatsen,med,titeln,*,”,Jag,är,väl,ingen,sexuell,?,–,En,textanalys,om,barns,sexualitet,inom,förskolans,arena,”,*,undersöker,hur,barns,sexualitet,framträder,i,texter,som,rör,förskolans,praktik,och,uppdrag,.,Utgångspunkten,är,den,spänning,som,ofta,uppstår,när,barns,kroppslighet,,,nyfikenhet,och,gränsprövande,handlingar,hamnar,i,samma,samtal,som,vuxnas,föreställningar,om,sexualitet,.,Titeln,fångar,en,vanlig,hållning,i,materialet,:,att,sexualitet,placeras,utanför,barnet,,,som,något,som,hör,vuxenvärlden,till,,,samtidigt,som,förskolan,i,vardagen,hanterar,situationer,som,faktiskt,rör,barns,intima,integritet,,,relationer,och,utforskande,.,Genom,textanalys,synliggörs,hur,språket,både,öppnar,och,stänger,för,förståelser,av,barns,sexualitet,.,I,vissa,formuleringar,beskrivs,barns,uttryck,som,”,naturliga,”,eller,”,oskyldiga,”,,,vilket,kan,fungera,avdramatiserande,men,också,göra,fenomenet,svårare,att,tala,om,när,något,känns,oklart,eller,problematiskt,.,Andra,texter,ramar,in,samma,uttryck,som,risk,eller,avvikelse,,,ofta,kopplat,till,oro,för,övergrepp,,,exponering,eller,”,fel,”,beteenden,.,Resultatet,blir,en,pendling,mellan,normalisering,och,kontroll,,,där,barnets,handlingar,får,betydelse,först,när,de,tolkas,genom,vuxnas,ansvar,,,rädsla,eller,moral,.,Analysen,visar,också,att,förskolans,arena,präglas,av,ett,praktiskt,dilemma,:,pedagoger,förväntas,skydda,barn,och,samtidigt,ge,utrymme,för,deras,utveckling,,,men,de,språkliga,verktyg,som,erbjuds,i,texterna,är,ibland,vaga,eller,indirekta,.,När,ordval,undviker,”,sexualitet,”,och,i,stället,talar,om,hygien,,,trivsel,eller,ordning,kan,det,skapa,handlingsutrymme,i,stunden,,,men,det,riskerar,att,göra,barns,frågor,och,erfarenheter,svårare,att,fånga,upp,.,Barns,integritet,hamnar,då,lätt,i,regler,och,rutiner,snarare,än,i,samtal,om,gränser,,,samtycke,och,kroppslig,autonomi,på,ett,sätt,som,är,begripligt,för,barn,.,I,materialet,framträder,barnet,ofta,som,antingen,skyddsvärt,eller,potentiellt,utsatt,,,medan,barnets,egen,agens,och,meningsskapande,inte,alltid,får,samma,plats,.,Uppsatsen,pekar,därmed,på,hur,förskolan,,,genom,sina,texter,,,producerar,en,bild,av,barns,sexualitet,som,något,som,måste,hanteras,försiktigt,och,ofta,tyst,.,Det,blir,en,fråga,om,vad,som,anses,möjligt,att,säga,,,vem,som,får,definiera,situationen,och,vilka,tolkningar,som,framstår,som,legitima,.,I,den,meningen,handlar,studien,inte,bara,om,barns,sexualitet,i,sig,,,utan,om,vilka,vuxna,blickar,som,formar,den,,,och,hur,förskolans,språkbruk,påverkar,både,bemötande,och,pedagogiska,val,."
"Syftet,med,denna,studie,är,att,öka,kunskapen,om,vad,som,utmärker,mer,avancerade,manliga,skrivare,på,mellanstadiet,.,Genom,en,enkätundersökning,av,pojkars,attityder,till,skrivande,samt,observationer,av,pojkars,skrivpraktiker,före,och,under,ett,längre,skrivprojekt,studerades,aspekter,som,utmärker,dessa,skrivare,gentemot,övriga,elever,.,Studien,fann,att,de,mer,avancerade,manliga,skrivarna,kommer,från,högutbildade,familjer,samt,att,de,avancerade,skrivarnas,positiva,attityder,till,skrivandet,var,väl,förankrade,i,hemmet,.,Studien,fann,också,att,dessa,pojkar,i,högre,uträckning,anstränger,sig,för,sin,egen,;,lärarens,och,sina,vårdnadshavares,skull,än,deras,klasskamrater,.,Slutsatsen,är,att,vårdnadshavares,värderingar,samt,att,läraren,har,höga,förväntningar,på,pojkarna,avspeglar,sig,i,en,vilja,att,anstränga,sig,för,att,lära,–,vilket,i,studien,visade,sig,vara,nyckeln,till,att,bli,en,mer,avancerad,skrivare","Uppsatsen,undersöker,pojkar,på,mellanstadiet,som,skriver,på,en,nivå,som,uppfattas,som,mer,avancerad,än,genomsnittet,.,Med,en,kvalitativ,ansats,riktas,blicken,mot,vad,som,faktiskt,kännetecknar,dessa,skrivare,i,skolans,vardag,:,hur,de,pratar,om,skrivande,,,vilka,vanor,de,utvecklat,och,vilka,situationer,som,får,dem,att,skriva,med,driv,.,Fokus,ligger,alltså,inte,på,pojkar,som,grupp,i,största,allmänhet,,,utan,på,variationen,inom,gruppen,och,på,de,strategier,och,förhållningssätt,som,gör,att,vissa,tar,längre,steg,i,sin,skrivutveckling,.,Resultaten,pekar,på,att,de,mer,avancerade,skrivarna,ofta,har,en,tydlig,relation,till,skrivandet,som,aktivitet,.,För,några,handlar,det,om,lust,och,identitet,–,att,skriva,är,ett,sätt,att,vara,någon,,,att,bygga,världar,,,argumentera,eller,få,kontroll,över,tankar,.,För,andra,är,motivationen,mer,kopplad,till,prestation,och,ansvar,.,Gemensamt,är,att,de,sällan,ser,texten,som,något,man,bara,”,blir,klar,med,”,.,De,återvänder,,,justerar,och,provar,om,.,De,verkar,också,ha,lättare,att,växla,mellan,att,tänka,på,innehållet,och,att,tänka,på,läsaren,:,vad,behöver,förklaras,,,var,tappar,texten,tempo,,,vad,blir,otydligt,?,Skrivpraktikerna,framstår,som,avgörande,.,De,avancerade,skrivarna,tar,ofta,egna,initiativ,kring,språk,och,form,,,plockar,uttryck,från,böcker,,,spel,,,film,eller,nättexter,och,testar,dem,i,skolarbetet,.,Några,skriver,även,utanför,skolan,,,inte,alltid,långa,berättelser,men,i,återkommande,former,:,anteckningar,,,dialoger,,,faktatexter,om,intressen,,,spelrelaterade,texter,.,Det,skapar,mängdträning,,,men,också,en,vana,att,se,text,som,något,man,kan,påverka,.,När,skolan,erbjuder,uppgifter,med,tydlig,mottagare,,,valmöjligheter,och,en,viss,frihet,i,ämne,eller,genre,tycks,dessa,pojkar,få,bättre,utrymme,att,visa,vad,de,kan,.,Attityderna,till,skrivande,går,inte,att,reducera,till,”,positiv,”,eller,”,negativ,”,.,Flera,kan,vara,kritiska,till,skolans,skrivuppgifter,och,ändå,skriva,starkt,när,de,får,syn,på,en,poäng,med,texten,.,De,verkar,ha,ett,slags,uthållighet,i,mötet,med,motstånd,,,och,en,högre,tolerans,för,att,det,tar,tid,att,få,en,text,att,fungera,.,Lärarstöd,nämns,som,betydelsefullt,,,särskilt,respons,som,är,konkret,och,framåtsyftande,snarare,än,allmänt,beröm,.,Samtidigt,framstår,kamrater,,,klassrumsklimat,och,normer,kring,vad,pojkar,”,brukar,”,göra,som,en,bakgrund,som,ibland,skaver,:,att,vara,noggrann,och,språkligt,ambitiös,kan,kräva,att,man,står,emot,föreställningar,om,att,det,är,töntigt,att,bry,sig,.,Studien,ger,en,bild,av,avancerade,pojkars,skrivande,som,något,som,växer,fram,i,skärningen,mellan,intresse,,,vana,och,sammanhang,.,Deras,texter,blir,inte,bättre,enbart,för,att,de,kan,mer,grammatik,eller,har,större,ordförråd,,,utan,för,att,de,har,utvecklat,sätt,att,arbeta,med,text,:,planera,,,pröva,,,omformulera,och,tänka,på,läsaren,.,Det,öppnar,för,didaktiska,frågor,om,hur,skolan,kan,skapa,fler,skrivpraktiker,där,den,typen,av,arbete,blir,möjligt,och,attraktivt,för,fler,elever,."
"Ur,ett,symbolisk,interaktionistiskt,perspektiv,är,människan,en,social,varelse,som,lever,i,ett,samhälle,som,är,under,ständigt,skapande,.,I,det,samhälle,där,individen,genom,interaktion,både,formas,och,skapas,är,samhälle,och,individ,tätt,förenade,vilket,är,den,utgångspunkt,vi,genomgående,valt,att,förhålla,oss,till,i,denna,antologi,.,Antologin,belyser,omställningar,i,livet,genom,fyra,olika,bidrag,.,Agnesa,Abrashis,bidrag,heter,”,Ett,nytt,skede,i,livet,–,en,studie,om,identitet,och,moderskap,”,och,behandlar,hur,mammor,ser,på,sitt,identitetsskapande,.,Annika,Sternlund,tar,upp,adopterades,syn,på,sitt,identitetsskapande,och,sina,livsvillkor,i,bidraget,”,Rötterna,är,där,hjärtat,rotar,sig,”,.,Amanda,Sundberg,belyser,i,sitt,bidrag,”,Som,barn,var,man,ju,förväntansfull,–,en,studie,om,individer,som,immigrerat,vid,unga,år,”,fem,immigranters,brott,i,livet,i,och,med,flytten,till,ett,nytt,land,.,Helenas,Valentinsons,bidrag,"",Man,känner,ju,i,benen,och,det,att,man,inte,är,17,år,längre,"",handlar,om,de,förändringar,som,sker,när,en,individ,blir,pensionär,.,Gemensamt,för,antologin,är,även,att,vi,relaterar,identitetsskapandet,i,förhållande,till,tillhörighet,och,utanförskap,.,Slutsatsen,för,denna,studie,är,att,individens,livsvillkor,påverkas,av,faser,i,livet,vilket,inverkar,på,identitetsskapandet,.,På,så,sätt,ses,identiteten,som,något,föränderligt,.","Antologin,*,”,Och,så,händer,det,något,som,förändrar,ens,liv,”,*,kretsar,kring,det,ögonblick,då,vardagen,plötsligt,skiftar,riktning,och,människan,tvingas,förhålla,sig,till,en,ny,version,av,sig,själv,.,Texterna,tar,avstamp,i,omställningar,som,både,kan,vara,valda,och,påtvingade,:,moderskapets,omdaning,av,kropp,och,relationer,,,pensioneringen,som,tömmer,kalendern,men,också,identiteten,,,samt,migrationens,brutna,kontinuitet,där,det,som,tidigare,varit,självklart,–,språk,,,sociala,koder,,,hemkänsla,–,måste,byggas,om,från,grunden,.,Ett,återkommande,tema,är,identitet,som,något,rörligt,snarare,än,stabilt,.,Berättelserna,visar,hur,självbilden,ofta,formas,i,mötet,med,andras,blickar,,,och,hur,tillhörighet,kan,vara,villkorad,.,För,den,adopterade,blir,frågor,om,ursprung,och,familj,inte,en,bakgrund,utan,en,ständig,förhandling,,,ibland,med,ett,skav,som,inte,låter,sig,lösas,i,ett,enda,svar,.,Den,som,emigrerar,eller,invandrar,hamnar,i,ett,mellanrum,:,hemma,någonstans,,,men,inte,helt,.,Utanförskapet,framträder,då,inte,bara,som,socialt,,,utan,som,en,erfarenhet,i,kroppen,,,i,språket,,,i,sättet,att,gå,in,i,ett,rum,.,Omställningarna,skildras,sällan,som,rena,framsteg,.,De,rymmer,förluster,,,skuld,,,lättnad,och,en,sorts,motvillig,anpassning,.,Samtidigt,finns,där,en,envis,vilja,att,skapa,mening,.,Moderskapet,kan,beskrivas,som,en,ny,tillhörighet,som,också,kan,isolera,;,pensioneringen,kan,ge,frihet,men,samtidigt,blotta,hur,mycket,värde,som,tidigare,hämtats,ur,arbete,och,funktion,.,För,flera,av,berättarjagen,blir,förändringen,en,prövning,av,vad,som,faktiskt,bär,när,det,invanda,försvinner,.,Antologin,knyts,samman,av,en,lågmäld,men,tydlig,idé,om,att,livsförändring,inte,alltid,kommer,med,dramatiska,gester,.,Ibland,sker,den,i,små,förskjutningar,:,en,ny,adress,,,ett,tomt,köksbord,mitt,på,dagen,,,en,blick,i,spegeln,som,inte,längre,bekräftar,den,man,trodde,sig,vara,.,Genom,att,låta,olika,livssituationer,stå,bredvid,varandra,tecknas,en,bred,bild,av,hur,tillhörighet,både,kan,erbjudas,och,dras,undan,,,och,hur,människor,,,trots,osäkerhet,och,sårbarhet,,,försöker,hitta,en,plats,där,de,kan,känna,sig,hela,."
