doc_index,register,char_count,word_count,rough_syllable_count_sv,textstat_flesch_reading_ease,textstat_flesch_kincaid_grade,textstat_gunning_fog,textstat_smog_index
0,informal,98,19,27,99.60322368421055,0.5467105263157919,1.9000000000000001,3.1291
1,informal,643,121,181,75.93000000000002,6.927380952380954,9.19047619047619,8.841846274778883
2,informal,289,53,79,76.86172169811324,5.830330188679245,6.809433962264151,7.168621630094336
3,informal,244,45,70,79.26000000000003,4.440000000000001,5.377777777777778,6.742157984588678
4,informal,219,40,62,76.97666666666669,5.835000000000001,7.333333333333335,7.793537801064561
5,informal,197,36,55,67.75500000000001,6.790000000000003,9.244444444444445,9.725611199111238
6,informal,155,27,42,69.23333333333335,5.838518518518523,8.044444444444444,8.841846274778883
7,informal,141,25,38,68.93950000000002,6.749000000000002,8.200000000000001,8.841846274778883
8,informal,254,42,69,73.30607142857146,5.643095238095238,7.057142857142857,8.07648339933343
9,informal,271,45,76,73.62000000000003,5.226666666666667,5.377777777777778,6.742157984588678
10,informal,1208,223,335,78.15750000000003,6.24404761904762,8.083626875407697,7.957251820313856
11,informal,1302,238,365,78.82908653846158,5.897510683760686,7.730341880341881,7.865858978985526
12,informal,1359,250,383,75.3255853658537,6.827138211382117,8.348617886178863,8.021203637495837
13,informal,1101,203,311,76.9388983378431,6.330753768844222,8.133127174333206,8.139509932561175
14,informal,1304,242,366,76.85250000000002,6.745476190476193,8.45919228450874,7.957251820313856
15,informal,296,53,81,84.53709119496857,3.6625471698113223,5.042767295597485,6.42735559955562
16,informal,349,61,99,80.01747267759565,4.624180327868853,6.033879781420765,7.168621630094336
17,informal,192,34,57,62.68000000000002,8.740000000000002,10.329411764705883,10.125756701596842
18,informal,232,39,68,52.550192307692356,10.77397435897436,11.902564102564103,11.20814326018867
19,informal,242,41,69,49.842134146341465,11.400121951219514,14.053658536585367,13.023866798666859
20,informal,196,34,57,57.70352941176472,9.434117647058823,11.505882352941178,11.20814326018867
21,informal,235,40,66,53.29000000000005,10.795000000000002,13.0,12.161744961471694
22,informal,77,12,22,80.89500000000001,3.4666666666666686,2.4000000000000004,3.1291
23,informal,101,16,30,61.24000000000001,6.705000000000002,8.200000000000001,8.841846274778883
24,informal,129,21,36,75.32035714285716,5.362142857142857,6.104761904761905,7.168621630094336
25,informal,76,14,23,76.59134615384617,4.191153846153846,2.6,3.1291
26,informal,64,10,18,74.86000000000003,4.060000000000002,2.0,3.1291
27,informal,142,16,35,50.66500000000002,8.180000000000003,10.700000000000001,10.125756701596842
28,informal,167,24,51,57.715,7.196666666666669,8.200000000000001,8.841846274778883
29,informal,178,16,44,10.820000000000022,15.725000000000005,8.9,8.841846274778883
30,informal,243,41,71,73.28528455284555,6.432682926829269,8.39349593495935,8.841846274778883
31,informal,209,40,60,76.55500000000004,7.550000000000001,10.0,8.841846274778883
32,informal,133,21,38,62.75857142857146,6.244761904761905,10.41904761904762,9.725611199111238
33,informal,151,24,44,60.70500000000001,7.773333333333333,8.133333333333335,8.841846274778883
34,informal,519,83,144,69.53125000000001,6.107500000000002,9.465853658536586,9.827888789773866
35,informal,571,94,163,66.90483870967745,7.227987711213519,10.47557603686636,10.608840637214634
36,informal,507,82,143,67.66777777777779,6.695696649029983,10.554497354497355,10.608840637214634
37,informal,196,38,54,86.86456140350879,2.716842105263158,4.63859649122807,6.42735559955562
38,informal,630,101,187,52.86633333333336,10.026000000000003,11.866666666666667,11.538034831475386
39,informal,134,24,37,84.42000000000002,2.9750000000000014,4.066666666666667,5.985473137389441
40,informal,350,31,80,2.47842741935483,14.83895161290323,6.970967741935485,8.07648339933343
41,informal,1290,246,371,66.57441838649159,8.674552845528456,10.658661663539712,10.035473477838034
42,informal,1155,219,332,68.43752370916756,7.898721461187215,9.843484369511769,9.661875296680812
43,informal,1440,272,416,68.92382352941179,8.472436974789915,10.859663865546219,10.125756701596842
44,informal,2711,496,787,66.23544504181602,8.584525089605737,11.057825567502988,10.585719281625629
45,informal,1183,219,338,67.66492096944154,8.006484018264842,9.843484369511769,9.661875296680812
46,informal,493,82,147,61.854756097560994,7.541986062717772,10.539372822299653,10.608840637214634
47,informal,357,52,104,50.470769230769264,9.44923076923077,9.815384615384616,10.125756701596842
48,informal,409,81,114,79.68088888888889,6.169975308641977,7.961481481481481,7.554174236665414
49,informal,465,75,137,61.890000000000015,8.353333333333339,11.333333333333336,11.20814326018867
50,informal,201,28,58,40.24738095238098,9.964285714285715,12.304761904761904,11.20814326018867
51,informal,308,45,93,50.65625000000003,8.988611111111112,12.5,11.698219412168324
52,informal,124,19,34,80.18561403508772,3.64842105263158,6.7438596491228076,7.793537801064561
53,informal,1211,203,350,69.32428243021347,6.952039408866998,9.748308702791462,10.047579312681364
54,informal,268,39,75,55.93875,7.879166666666666,12.105128205128207,11.20814326018867
55,informal,283,42,78,59.20607142857145,7.609761904761903,10.866666666666667,10.686352973137792
56,informal,269,38,74,59.16092105263158,7.367631578947371,11.16842105263158,10.686352973137792
57,informal,311,50,85,65.55550000000002,7.221,9.8,10.125756701596842
58,informal,326,51,94,57.8702205882353,8.355049019607844,12.158823529411766,11.698219412168324
59,informal,261,43,72,70.00747093023259,6.165290697674418,8.951162790697675,9.516144504307135
60,informal,296,44,84,61.07909090909095,7.472727272727273,10.763636363636364,10.686352973137792
61,informal,235,37,66,71.68949324324328,5.558040540540542,9.105405405405406,9.516144504307135
62,informal,299,47,88,58.108750000000015,8.073351063829787,12.359574468085107,11.698219412168324
63,informal,133,12,41,-24.85499999999996,18.216666666666672,19.066666666666666,12.161744961471694
64,informal,201,22,63,2.806071428571471,15.47642857142857,19.43809523809524,14.554592549557764
65,informal,225,31,71,46.14294354838711,8.748629032258066,10.84193548387097,10.125756701596842
66,informal,455,47,126,13.108750000000015,14.34994680851064,12.359574468085107,11.698219412168324
67,informal,343,57,97,53.97105263157897,10.451578947368422,13.915789473684212,13.023866798666859
68,informal,460,78,127,70.60869230769232,7.286307692307695,8.291282051282051,8.238735603445708
69,informal,349,67,84,82.50539179104479,5.912649253731349,7.894029850746269,7.168621630094336
70,informal,239,45,60,74.9575,8.393888888888892,10.777777777777779,8.841846274778883
71,informal,629,114,166,76.60282894736842,6.114868421052634,8.857894736842105,9.188382445141503
72,informal,309,59,80,77.89706214689268,7.280000000000001,10.578531073446328,9.725611199111238
73,informal,867,115,251,49.50336956521741,9.211521739130436,9.121739130434783,9.642632912329528
74,informal,766,104,218,57.99053846153848,7.754461538461541,8.006153846153847,8.841846274778883
75,informal,6482,1086,1916,52.79199716290877,13.187597929421134,14.797630779951223,11.685343192404453
76,informal,613,79,172,50.10048259493675,8.724541139240507,8.000632911392406,8.841846274778883
77,informal,896,152,257,71.96336032388666,6.126578947368422,7.571659919028341,8.384062270229773
78,informal,416,64,123,64.04562500000003,6.597589285714289,8.032142857142857,8.841846274778883
79,informal,301,49,89,75.41979591836737,4.478775510204084,6.881632653061224,7.957251820313856
80,informal,203,32,61,62.864000000000004,6.0809999999999995,7.56,8.238735603445708
81,informal,258,39,77,62.349230769230786,5.94695970695971,7.356776556776558,7.957251820313856
82,informal,651,104,197,58.27435897435899,9.437307692307694,11.933333333333334,11.538034831475386
83,informal,1325,200,399,55.70600000000002,9.038428571428575,11.714285714285715,11.491704259439757
84,informal,1153,127,294,18.553858267716578,15.178627671541062,13.871316085489315,13.023866798666859
85,informal,735,117,221,54.71942307692311,10.471410256410259,13.270085470085471,12.457975602129121
86,informal,876,146,260,61.15163622526637,8.759954337899547,11.420395738203958,11.20814326018867
87,informal,1551,231,473,42.267678571428604,12.146071428571428,14.626406926406927,13.5591
88,informal,879,132,270,52.23015151515153,9.61787878787879,11.321212121212122,11.20814326018867
89,informal,1151,180,340,56.74590909090912,9.409595959595961,11.434343434343434,11.20814326018867
90,informal,372,69,111,67.65647058823532,8.045882352941177,10.917647058823531,10.686352973137792
91,informal,206,37,61,70.105,6.462222222222223,9.244444444444445,9.725611199111238
92,informal,91,18,26,80.20000000000003,4.308888888888891,3.6,3.1291
93,informal,100,20,28,100.24000000000002,0.5199999999999996,2.0,3.1291
94,informal,229,36,66,63.05500000000001,7.445555555555558,8.133333333333335,8.841846274778883
95,informal,91,17,26,73.79573529411766,5.077941176470592,5.752941176470589,7.168621630094336
96,informal,81,14,24,60.74428571428575,6.525714285714287,8.514285714285714,8.841846274778883
97,informal,76,13,22,50.470769230769264,9.44923076923077,11.353846153846156,11.20814326018867
98,informal,367,61,108,72.1050141242938,5.645000000000003,6.6451977401129945,7.793537801064561
99,informal,1034,179,299,60.45671632526383,9.767783985102422,11.97790192427064,11.20814326018867
100,informal,284,46,85,63.770000000000024,8.091111111111115,11.333333333333336,11.20814326018867
101,informal,434,71,131,75.66923708920191,5.6447183098591545,6.986854460093898,7.793537801064561
102,informal,272,39,77,46.132307692307705,10.054358974358976,12.37948717948718,11.855464076750408
103,informal,147,25,42,68.93950000000002,6.749000000000002,8.200000000000001,8.841846274778883
104,informal,164,23,48,50.190054347826106,7.687282608695654,9.256521739130434,8.841846274778883
105,informal,706,122,203,70.43049586776863,7.729940968122786,10.220070838252656,9.957137785484202
106,informal,402,65,115,65.68532051282051,6.788846153846158,11.102564102564102,10.864195022040775
107,informal,442,66,124,56.282454545454584,8.688303030303029,13.158787878787876,12.340626583579944
108,informal,351,56,100,62.52414285714289,7.320857142857143,10.90857142857143,10.793553405168563
109,informal,395,66,111,67.48818181818186,6.578787878787878,11.066666666666668,10.864195022040775
110,informal,370,60,107,66.34500000000003,6.986666666666668,11.466666666666669,11.20814326018867
111,informal,198,38,57,78.4605263157895,7.035789473684211,8.65263157894737,7.168621630094336
112,informal,116,22,33,91.84272727272729,3.1818181818181834,4.4,3.1291
113,informal,121,24,35,92.43000000000002,3.3483333333333327,4.800000000000001,3.1291
114,informal,119,24,34,92.43000000000002,3.3483333333333327,4.800000000000001,3.1291
115,informal,292,38,84,41.350394736842105,9.851842105263156,9.063157894736841,9.516144504307135
116,informal,135,24,38,71.28000000000002,6.298333333333332,9.8,10.125756701596842
117,informal,126,19,35,63.613552631578955,6.746578947368423,8.010526315789475,8.841846274778883
118,informal,151,21,44,51.1489285714286,8.733571428571427,11.81904761904762,11.20814326018867
119,informal,146,25,41,93.47266666666667,2.2920000000000016,4.933333333333334,6.42735559955562
120,informal,77,11,20,62.81613636363636,5.864090909090912,5.836363636363637,7.168621630094336
121,informal,258,47,68,96.49400000000003,2.1355744680851068,3.7600000000000002,3.1291
122,informal,421,81,121,87.51222222222222,3.9277954144620857,6.110052910052911,6.868970318607317
123,informal,489,44,122,21.64136363636365,11.802337662337667,4.332467532467533,6.18269132825596
124,informal,165,30,45,92.06250000000001,2.2816666666666663,3.0,3.1291
125,informal,204,37,56,96.43210810810812,1.6473513513513538,2.9600000000000004,3.1291
126,informal,242,42,66,81.83928571428572,5.3223809523809535,6.552380952380952,6.42735559955562
127,informal,173,30,47,75.99000000000002,6.38666666666667,7.333333333333333,7.168621630094336
128,informal,350,58,102,59.409275862068995,7.854689655172415,9.467586206896552,9.888512548439397
129,informal,1083,186,314,73.72741935483873,6.276374807987715,8.540092165898619,9.04235418022936
130,informal,1071,188,317,71.10653846153848,6.934042553191492,9.61440261865794,9.851270322608155
131,informal,1066,189,319,73.50500000000001,6.342887537993924,8.77568389057751,9.236282656511921
132,informal,1713,298,502,72.0582702702703,6.88537837837838,9.433513513513516,9.642632912329528
133,informal,2088,363,611,69.74182809917357,7.138915702479341,9.444363636363637,9.69254577184881
134,informal,133,24,34,90.65092391304348,2.0438043478260894,5.778260869565218,7.168621630094336
135,informal,192,33,53,72.61545454545457,5.863636363636363,6.824242424242425,7.793537801064561
136,informal,738,133,210,78.42437500000001,4.308125,5.075,6.6274283507984215
137,informal,176,29,48,59.91298850574714,7.304137931034482,9.383908045977012,9.725611199111238
138,informal,170,27,47,66.10000000000002,6.2755555555555596,6.562962962962963,7.793537801064561
139,informal,216,34,62,73.79573529411766,5.077941176470592,6.929411764705883,8.07648339933343
140,informal,574,99,164,66.09255681818186,7.115037878787877,11.414646464646466,11.20814326018867
141,informal,1838,280,537,45.71539682539685,10.74738095238095,14.079365079365079,13.115064733898606
142,informal,624,107,178,67.98055555555557,6.703333333333337,10.37148846960168,10.504223727775692
143,informal,517,88,144,69.73136363636367,6.265909090909091,10.30909090909091,10.411451182825502
144,informal,591,83,164,52.101204819277115,8.937900172117043,11.971772805507747,11.491704259439757
145,informal,738,134,214,75.55561359867333,6.419651741293531,8.940630182421229,9.150863307647796
146,informal,1162,210,330,76.39285714285717,6.330476190476194,8.285714285714286,8.418075326091056
147,informal,1719,273,503,58.20815384615386,9.661846153846156,12.115164835164835,11.729898335038438
148,informal,1165,212,331,78.35947798742139,5.840867924528304,7.728805031446541,8.021203637495837
149,informal,632,115,182,76.89685990338167,5.708115942028989,7.893719806763285,8.515128840125781
150,informal,580,79,160,47.681893939393944,9.796818181818185,9.28917748917749,9.725611199111238
151,informal,422,65,114,50.55733870967745,10.058225806451613,9.425806451612903,10.125756701596842
152,informal,204,29,65,51.16126436781613,8.524827586206897,9.383908045977012,9.725611199111238
153,informal,123,20,37,61.32500000000002,7.190000000000001,8.0,8.841846274778883
154,informal,183,31,57,60.10895161290327,8.725967741935488,8.780645161290323,8.841846274778883
155,informal,119,20,38,65.555,6.600000000000005,10.0,10.125756701596842
156,informal,811,143,238,71.0934294871795,6.303653846153846,8.123310023310024,8.841846274778883
157,informal,178,31,51,65.35311827956991,6.710967741935487,11.8752688172043,11.20814326018867
158,informal,365,45,108,16.67750000000001,16.52277777777778,18.77777777777778,16.52667757954773
159,informal,1076,155,330,38.42222402597403,12.682435064935067,15.492207792207791,14.191785591663535
160,informal,845,140,243,66.73944964028779,7.403661870503598,9.588776978417267,9.888512548439397
161,informal,475,72,135,60.09500000000003,7.432539682539684,9.669841269841271,9.957137785484202
162,informal,687,128,188,85.202977809592,4.243435934144596,6.192984967788117,6.980632752743321
163,informal,590,112,161,87.34147297297298,3.8344954954954957,5.521081081081082,6.2581
164,informal,734,139,206,84.97962450592888,4.523017127799736,6.467457180500659,6.980632752743321
165,informal,221,31,60,48.978924731182815,8.99483870967742,10.58494623655914,10.504223727775692
166,informal,317,48,89,53.655,8.756666666666668,10.633333333333335,10.686352973137792
167,informal,228,22,56,9.718333333333334,13.560000000000002,6.666666666666668,7.793537801064561
168,informal,135,25,35,96.85666666666667,1.8200000000000003,3.333333333333334,3.1291
169,informal,166,31,44,92.64344086021505,2.9045161290322596,4.133333333333334,3.1291
170,informal,419,71,118,67.32839201877937,6.8080985915492995,9.24037558685446,9.725611199111238
171,informal,364,65,103,66.0892307692308,7.270769230769233,9.507692307692308,9.888512548439397
172,informal,923,154,267,70.65790709290711,6.346883116883117,8.115084915084916,8.841846274778883
173,informal,800,148,235,74.8529606879607,6.161326781326782,8.625061425061427,9.095868883498916
174,informal,531,94,153,67.63333333333335,7.717872340425533,10.096453900709221,10.125756701596842
175,informal,634,102,176,65.16823529411766,8.39294117647059,11.505882352941178,11.20814326018867
176,informal,301,51,85,72.79963235294119,6.272696078431373,9.805882352941177,10.125756701596842
177,informal,535,91,149,72.23000000000002,6.911111111111115,9.555555555555555,9.725611199111238
178,informal,333,60,92,80.44500000000001,5.02,8.133333333333335,8.841846274778883
179,informal,94,10,25,32.56000000000003,9.96,18.0,11.20814326018867
180,informal,157,21,44,62.75857142857146,6.244761904761905,10.41904761904762,9.725611199111238
181,informal,161,26,42,74.39217948717952,5.036153846153844,8.082051282051282,8.841846274778883
182,informal,167,25,46,71.89925000000002,4.7835,7.300000000000001,8.07648339933343
183,informal,407,69,106,75.00597826086958,5.654420289855075,6.918840579710146,7.793537801064561
184,informal,443,69,104,71.95367521367524,5.017435897435899,6.581196581196581,7.793537801064561
185,informal,2099,275,574,41.63752919708034,10.855189781021899,12.195328467153285,11.979248473330827
186,informal,681,78,157,53.78448717948723,7.910512820512821,8.594871794871796,9.150863307647796
187,informal,234,40,66,59.21000000000001,7.485000000000003,9.0,9.516144504307135
188,informal,437,70,127,58.42476190476191,8.008571428571432,10.380952380952381,10.504223727775692
189,informal,405,57,114,47.28723684210527,9.023771929824566,10.115789473684211,10.125756701596842
190,informal,226,33,66,49.77034090909092,8.366893939393943,10.572727272727274,10.125756701596842
191,informal,437,72,123,59.44400000000002,8.545444444444446,10.76,10.793553405168563
192,informal,417,76,116,76.97144736842105,4.883421052631579,5.905263157894737,7.168621630094336
193,informal,392,72,108,77.85000000000002,4.63666666666667,5.822222222222223,7.168621630094336
194,informal,397,72,109,75.37000000000002,5.301984126984127,6.336507936507937,7.447530270364452
195,informal,397,73,109,77.04709760273974,4.77970890410959,5.8417808219178085,7.168621630094336
196,informal,405,76,112,77.75137500000001,4.7435833333333335,5.883333333333333,7.168621630094336
197,informal,574,97,173,58.728926116838494,9.084072164948456,11.00274914089347,10.864195022040775
198,informal,603,101,185,58.17019801980197,8.730212164073553,10.523903818953324,10.608840637214634
199,informal,671,110,202,61.364204545454555,8.116136363636365,9.863636363636363,10.125756701596842
200,informal,1246,210,377,59.10741758241758,9.02809523809524,11.223443223443224,11.051253699011982
201,informal,957,162,292,64.46459595959598,7.926475869809202,9.594612794612795,9.80015041476705
202,informal,612,86,169,54.22000000000003,9.920000000000002,11.505882352941178,11.20814326018867
203,informal,949,143,269,50.55136150234745,12.087887323943661,13.410328638497653,11.855464076750408
204,informal,705,104,193,56.35063915857609,9.664223300970875,10.361812297734629,10.125756701596842
205,informal,364,56,103,55.150000000000006,9.045000000000002,9.885714285714286,10.125756701596842
206,informal,359,66,99,75.50972727272729,6.006484848484849,7.098181818181819,7.554174236665414
207,informal,574,86,150,66.48127906976745,7.038637873754155,7.2398671096345515,7.957251820313856
208,informal,671,119,189,67.85977401129944,8.680000000000003,10.239548022598871,9.725611199111238
209,informal,525,91,147,72.44303113553113,6.9228021978021985,9.143589743589743,9.2995712137729
210,informal,603,104,170,71.28974358974361,7.621923076923078,10.01025641025641,9.725611199111238
211,informal,762,100,205,50.327500000000015,9.345000000000002,9.0,9.516144504307135
212,informal,535,92,152,69.88905797101451,7.320434782608697,9.611594202898551,9.725611199111238
213,informal,799,143,226,74.75253302253303,6.78009324009324,9.152758352758353,9.150863307647796
214,informal,752,110,201,57.48121212121217,9.796363636363637,11.333333333333334,10.864195022040775
215,informal,598,105,168,71.43821428571432,7.642619047619046,9.666666666666668,9.2995712137729
216,informal,118,26,30,100.42294871794876,1.405384615384616,5.005128205128205,6.42735559955562
217,informal,206,46,52,94.50569565217393,2.3632173913043495,4.549565217391304,5.683917801722854
218,informal,138,30,35,92.345,2.8633333333333333,5.333333333333334,6.42735559955562
219,informal,148,32,37,92.90208333333337,2.9512500000000017,5.516666666666667,6.42735559955562
220,informal,240,46,64,84.8146739130435,4.286304347826089,7.208695652173913,8.07648339933343
221,informal,322,60,87,75.99000000000002,6.38666666666667,10.0,10.125756701596842
222,informal,290,57,66,83.59833333333334,6.070740740740742,10.162962962962965,9.725611199111238
223,informal,622,121,174,73.03000000000004,8.041666666666668,10.666666666666668,9.725611199111238
224,informal,369,73,92,73.26707042253523,6.567718309859156,9.623661971830986,9.888512548439397
225,informal,181,38,47,91.56780701754388,3.6342105263157904,7.171929824561403,7.793537801064561
226,informal,465,83,129,72.51946787148597,6.5809036144578315,8.424899598393575,8.841846274778883
227,informal,168,33,42,85.66125000000002,3.3608333333333356,5.724242424242425,7.168621630094336
228,informal,229,43,62,83.99437209302326,3.680279069767444,7.16093023255814,8.238735603445708
229,informal,541,98,108,78.6623127340824,5.972528089887643,9.079400749063671,9.2995712137729
230,informal,193,40,50,87.55166666666668,4.359999999999999,7.333333333333335,7.793537801064561
231,informal,232,51,62,85.07411764705884,5.616470588235295,8.368627450980393,7.793537801064561
232,informal,368,71,97,85.18256338028169,4.905746478873244,7.370140845070423,7.554174236665414
233,informal,135,30,33,94.91988505747128,2.421379310344829,5.245977011494253,6.42735559955562
234,informal,144,30,36,95.165,2.4700000000000024,5.333333333333334,6.42735559955562
235,informal,297,53,82,76.0191025641026,4.809230769230769,4.235897435897436,5.46131890053228
236,informal,423,77,119,79.50458603896107,4.561152597402597,5.927922077922078,7.168621630094336
237,informal,598,104,165,77.87038461538461,6.0889010989011005,7.481318681318682,7.447530270364452
238,informal,302,52,76,86.26307692307695,4.456923076923079,5.969230769230769,5.985473137389441
239,informal,282,48,72,79.5575,6.137499999999999,8.066666666666668,7.793537801064561
240,informal,605,86,124,73.29793023255816,7.308697674418607,9.670697674418605,9.3871
241,informal,933,164,268,78.30076219512198,4.8843292682926815,7.026829268292683,8.07648339933343
242,informal,659,113,191,78.11791633145616,4.915478680611425,6.940949316170556,8.00094639256281
243,informal,746,132,213,81.26045454545458,4.267445887445888,6.498701298701299,7.70948699238394
244,informal,983,172,282,78.02721614227086,4.889603283173734,7.070314637482901,8.124751697461797
245,informal,680,116,198,77.25377742946712,5.103761755485895,7.321630094043887,8.296473431620573
246,informal,649,110,189,75.93772727272729,5.151818181818182,7.2727272727272725,8.296473431620573
247,informal,745,127,215,73.87856836077312,5.822963493199715,8.082748747315676,8.841846274778883
248,informal,770,137,221,77.5749578888265,5.057226277372266,7.4270634475014035,8.384062270229773
249,informal,638,109,184,76.02300000000002,5.3386666666666684,7.653333333333333,8.548686976883017
250,informal,953,169,270,79.7626469428008,4.932994082840242,7.110216962524655,8.021203637495837
251,informal,795,135,228,77.98083333333335,4.778121693121694,6.8201058201058204,7.957251820313856
252,informal,913,155,264,77.20524242424243,5.04127272727273,7.223549783549784,8.238735603445708
253,informal,711,123,206,76.49521064301554,5.367657058388769,7.724759793052477,8.575989854853784
254,informal,714,126,206,82.03464285714287,4.4256349206349235,6.73968253968254,7.793537801064561
255,informal,669,116,193,79.44170846394987,4.798589341692793,6.97680250783699,8.00094639256281
256,informal,643,111,186,78.45759213759214,4.822932022932026,6.91924651924652,8.00094639256281
257,informal,709,127,205,81.87226914817467,4.708002863278455,7.137866857551898,8.00094639256281
258,informal,673,119,194,80.68479755538581,4.692956455309396,7.016348357524828,8.00094639256281
259,informal,794,139,228,80.34201992252353,4.709496402877701,6.866851134477034,7.882392219407189
260,informal,876,156,250,79.68576923076924,5.125897435897436,7.364102564102564,8.139509932561175
261,informal,651,112,189,78.66474025974027,4.8166233766233795,6.929870129870131,8.00094639256281
262,informal,676,116,195,79.60436781609197,4.557586206896552,6.970114942528736,8.07648339933343
263,informal,771,125,220,70.76970909090912,6.2114181818181855,7.425454545454546,8.296473431620573
264,informal,732,129,212,80.50049418604654,4.70172480620155,6.78062015503876,7.793537801064561
265,informal,752,133,218,80.68234817813767,4.5473684210526315,6.498322729901677,7.610546881738771
266,informal,774,132,227,72.83339160839162,5.623030303030305,8.0009324009324,8.841846274778883
267,informal,156,15,35,30.53000000000003,10.740000000000002,8.514285714285714,8.841846274778883
268,informal,166,23,41,68.58135869565217,5.122065217391306,4.039130434782609,5.985473137389441
269,informal,114,14,27,54.70142857142861,7.368571428571428,5.6571428571428575,7.168621630094336
270,informal,171,23,42,62.74510869565219,7.364565217391306,6.339130434782609,7.168621630094336
271,informal,170,21,41,43.09178571428572,9.857380952380954,11.81904761904762,11.20814326018867
272,informal,167,20,46,39.32833333333335,9.430000000000003,10.666666666666668,9.725611199111238
273,informal,372,59,108,60.07155932203392,7.812000000000001,8.787796610169492,9.3871
274,informal,1582,228,463,50.44085490088108,9.748411343612336,12.018612334801762,11.698219412168324
275,informal,1422,201,416,48.03706084959816,10.400199004975129,12.95078453884424,12.367839424501923
276,informal,1363,191,398,48.59168848167542,9.871028421839938,12.15871353777113,11.765960540728905
277,informal,1646,235,488,43.27750000000003,11.393024316109422,13.693009118541035,13.023866798666859
278,informal,1590,217,465,42.955034562212006,11.118594470046087,13.757603686635946,12.905362322585251
279,informal,1354,188,396,46.35653846153849,10.386170212765958,12.593126022913257,12.091993763477543
280,informal,2150,308,639,47.45088235294122,10.260830999066297,12.756676003734828,12.20465563037327
281,informal,1709,249,492,51.7378576807229,9.909093875502009,12.168775100401607,11.81641974633143
282,informal,1450,208,425,50.619423076923084,9.88986263736264,12.096703296703296,11.765960540728905
283,informal,1343,185,393,46.055634095634105,10.370810810810813,12.827442827442827,12.230961643895458
284,informal,1422,193,409,46.436282383419694,10.207153960029608,12.353663952627684,11.899873341045819
285,informal,1557,202,447,40.709996191926905,11.441287128712876,13.146077684691546,12.502718667466524
286,informal,1372,190,403,45.50880566801621,10.542631578947368,12.793522267206479,12.230961643895458
287,informal,1403,198,408,51.99255681818184,9.081704545454546,11.414646464646466,11.20814326018867
288,informal,1433,197,412,49.64172250423013,9.597989847715738,11.750795262267344,11.473099999999999
289,informal,1434,202,421,47.47444029850749,10.20431058990761,12.509026297085999,12.031772070788634
290,informal,1372,191,399,47.083564236810304,10.3420942408377,12.57849375755135,12.091993763477543
291,informal,1593,235,462,52.73132761087268,9.763278969957081,12.22191702432046,11.855464076750408
292,informal,1337,185,388,46.97022869022871,10.243243243243246,12.395010395010395,11.95083700844419
293,informal,1483,209,436,51.49713666267945,9.321599880382777,11.732177033492825,11.45678717892309
294,informal,242,49,72,81.48523809523812,5.951428571428572,8.982312925170069,8.841846274778883
295,informal,416,80,120,65.55833333333335,10.740000000000002,14.16666666666667,11.855464076750408
296,informal,362,70,105,68.33738095238095,9.524285714285714,12.19047619047619,10.504223727775692
297,informal,386,74,114,77.48867567567571,6.127945945945946,8.622702702702703,8.841846274778883
298,informal,578,108,163,76.80833333333335,6.3789947089947105,8.393650793650794,8.418075326091056
299,informal,523,99,150,73.08345454545456,7.9845252525252555,9.536161616161618,8.238735603445708
300,informal,703,130,201,70.30794871794872,8.83538461538462,11.12820512820513,9.725611199111238
301,informal,623,115,181,68.72826086956523,9.386956521739133,10.93913043478261,8.841846274778883
302,informal,844,146,238,73.17138566912541,5.843424657534246,8.875869336143309,9.466822959209587
303,informal,501,91,146,75.71507936507938,5.210476190476189,8.44004884004884,9.150863307647796
304,informal,781,147,225,80.25565149136578,4.874421768707485,7.7883830455259035,8.617729084823388
305,informal,658,120,188,74.01500000000001,5.419999999999998,8.666666666666666,9.2995712137729
306,informal,605,113,175,78.98681784660768,4.581615044247787,7.306489675516224,8.344100000000001
307,informal,664,120,190,76.83500000000001,5.026666666666667,8.333333333333334,9.075114841892004
308,informal,1186,215,342,77.05836563307497,5.478565891472865,8.31266149870801,8.998388855275966
309,informal,1431,244,416,68.68908212560387,6.303274288781534,8.670531400966183,9.318704503766252
310,informal,699,127,201,75.69435064935065,5.547113997114,8.70880230880231,9.339509955726097
311,informal,671,124,197,78.4405583126551,4.688064516129032,7.6863523573201,8.617729084823388
312,informal,576,105,168,75.48350649350651,5.102251082251083,8.008658008658008,8.841846274778883
313,informal,1122,200,334,78.2455,5.451000000000004,8.0,8.660442795831768
314,informal,1063,191,310,72.35222580645164,6.248150537634412,9.046021505376345,9.558583805096642
315,informal,614,110,180,73.38454545454547,5.756363636363638,8.4,9.120678840339163
316,informal,555,101,163,75.22238523852388,5.048334833483349,8.425202520252027,9.095868883498916
317,informal,635,118,187,76.9332588597843,5.193636363636365,8.69768875192604,9.339509955726097
318,informal,675,123,195,77.55348968105068,4.7926829268292686,8.012257661038149,8.841846274778883
319,informal,635,116,186,75.45410344827589,5.616758620689655,9.122758620689655,9.642632912329528
320,informal,665,125,195,76.46848333333337,5.1813,8.646666666666667,9.2995712137729
321,informal,694,127,202,75.21085182534004,5.63713672154617,8.397709377236936,9.095868883498916
322,informal,908,153,267,69.30552941176471,6.126562091503271,8.263006535947714,9.029198982220553
323,informal,564,104,163,78.47325174825177,4.662657342657344,8.012587412587413,8.841846274778883
324,informal,574,107,165,78.3636873406967,4.745692438402717,7.629226847918438,8.575989854853784
325,informal,616,112,177,78.77059523809527,4.5910714285714285,7.661904761904762,8.59863814320734
326,informal,1069,163,275,67.3569662267081,6.364188664596277,8.497049689440994,9.188382445141503
327,informal,726,138,211,79.46223320158106,5.29258234519104,8.786297760210804,9.339509955726097
328,informal,689,123,201,76.75320121951222,5.100182926829266,8.652845528455286,9.2995712137729
329,informal,988,181,279,77.72186145346367,5.877569060773482,8.44215894602635,8.841846274778883
330,informal,686,129,198,76.88530655391122,5.448752642706133,8.721916842847076,9.339509955726097
331,informal,549,101,160,74.29043069306934,5.406425742574257,8.792475247524752,9.3871
332,informal,1268,228,359,77.86489473684213,6.17484210526316,8.711578947368421,8.841846274778883
333,informal,1203,220,341,80.52045454545458,5.932207792207791,7.74025974025974,7.447530270364452
334,informal,1193,216,336,80.59400000000001,5.595444444444446,7.611851851851853,7.793537801064561
335,informal,1165,213,329,78.8276338028169,5.792131455399062,7.370140845070423,7.554174236665414
336,informal,1246,231,352,80.4796387987013,5.6207115800865814,7.506601731601731,7.6454224807358475
337,informal,596,108,155,86.99166666666669,4.95862433862434,8.393650793650794,8.418075326091056
338,informal,580,101,159,77.64092574257428,4.939099009900989,7.604356435643564,8.548686976883017
339,informal,340,60,92,86.085,4.233333333333338,6.800000000000001,7.554174236665414
340,informal,359,70,96,92.26476190476193,3.28857142857143,6.380952380952381,7.168621630094336
341,informal,960,172,270,77.68317829457368,5.984883720930235,8.989147286821705,9.2995712137729
342,informal,682,121,194,84.0840785123967,4.537264462809919,7.4846280991735545,8.238735603445708
343,informal,290,53,80,87.53260377358494,3.6836226415094337,5.749433962264151,6.742157984588678
344,informal,262,51,72,93.6349411764706,2.7330980392156867,5.648627450980392,6.742157984588678
345,informal,915,161,278,68.4946188594015,7.341784302653867,9.829700734048561,10.018931242160765
346,informal,415,66,130,57.564272727272765,8.509515151515153,11.340606060606062,11.20814326018867
347,informal,468,87,138,70.01392241379314,8.897097701149423,10.539080459770116,8.841846274778883
348,informal,435,69,136,62.74510869565219,7.364565217391306,9.23768115942029,9.725611199111238
349,informal,474,75,145,56.42421917808221,9.016328767123287,11.319452054794521,11.20814326018867
350,informal,1084,174,317,53.73502114164907,9.648879492600425,11.603382663847782,11.389717465364857
351,informal,529,87,156,56.92572413793104,9.641977011494252,12.477241379310344,11.979248473330827
352,informal,1554,248,457,57.96423149905124,8.798605313092981,11.803036053130931,11.557038098267885
353,informal,250,44,76,68.8937878787879,7.293636363636363,10.412121212121214,10.504223727775692
354,informal,392,60,115,60.70500000000001,7.773333333333333,8.8,9.3871
355,informal,564,87,169,63.916551724137946,7.431855500821015,9.109359605911331,9.606745405546679
356,informal,320,54,98,59.965833333333364,8.249074074074077,10.585185185185185,10.686352973137792
357,informal,511,82,157,60.193878048780505,8.937707317073173,10.462439024390244,10.355215969177355
358,informal,515,84,154,70.77642857142858,6.368571428571428,9.085714285714287,9.606745405546679
359,informal,463,74,136,62.30074324324326,9.16554054054054,11.183783783783785,10.686352973137792
360,informal,341,59,104,78.71223728813561,5.212,8.109830508474577,8.841846274778883
361,informal,1095,197,294,78.51726099830798,6.386104060913706,9.00321489001692,8.841846274778883
362,informal,1137,212,307,83.1481572327044,5.172943396226415,7.540125786163522,7.793537801064561
363,informal,1219,221,325,84.15181818181821,4.254545454545454,6.581818181818182,7.554174236665414
364,informal,1743,319,492,78.39896226415095,6.086154537286614,8.698652291105121,8.841846274778883
365,informal,976,181,263,83.33070123246921,5.095248618784531,7.779175520611985,8.139509932561175
366,informal,1044,197,282,82.99030612244898,5.161836734693878,7.6408163265306115,7.957251820313856
367,informal,1217,220,331,80.4753082191781,5.920759947814744,8.448923679060666,8.418075326091056
368,informal,1093,201,296,81.14608208955227,5.507793176972282,8.13091684434968,8.418075326091056
369,informal,1078,198,295,79.85758741258743,5.9045454545454525,8.314529914529913,8.384062270229773
370,informal,1030,193,277,82.23995034542315,5.784054404145081,8.50587219343696,8.344100000000001
371,informal,1479,276,408,77.55617647058827,6.475098039215688,8.812958226768968,8.671277953709914
372,informal,914,170,245,83.4711274509804,5.136176470588236,8.019607843137255,8.344100000000001
373,informal,314,56,92,62.499047619047644,9.179285714285719,11.752380952380953,11.20814326018867
374,informal,431,73,132,62.21873972602742,8.208109589041094,11.319452054794521,11.20814326018867
375,informal,235,40,68,60.0566666666667,8.195,10.333333333333336,10.504223727775692
376,informal,1618,275,486,54.05967424242425,11.412227272727275,14.839393939393942,13.427899808715576
377,informal,260,46,76,66.2107971014493,7.8334782608695654,10.481159420289856,10.504223727775692
378,informal,235,41,70,58.84138211382114,8.447317073170733,11.320325203252033,11.20814326018867
379,informal,394,70,115,65.72500000000001,7.570000000000004,10.742857142857144,10.793553405168563
380,informal,241,41,72,62.96821138211382,7.87170731707317,10.34471544715447,10.504223727775692
381,informal,241,42,71,59.68214285714288,8.412857142857145,10.361904761904762,10.504223727775692
382,informal,284,48,81,55.434696969697,9.170909090909088,12.23030303030303,11.855464076750408
383,informal,279,45,75,76.97625000000004,5.317499999999999,5.388888888888889,5.985473137389441
384,informal,669,119,193,77.84110007639423,5.089595110771583,6.680213903743317,7.686295010490155
385,informal,582,101,164,78.51188531353138,4.399430693069306,6.138943894389439,7.492282038375204
386,informal,593,108,171,78.58621212121213,4.737239057239059,6.14949494949495,7.348242739294969
387,informal,548,98,158,76.63073711340209,4.980628865979384,6.354226804123711,7.554174236665414
388,informal,759,134,219,77.56707894736842,5.744368421052634,8.026766917293234,8.548686976883017
389,informal,797,141,229,78.62454545454548,5.477176015473891,7.964152159896841,8.575989854853784
390,informal,841,148,242,75.66143877551022,6.357965986394561,9.14530612244898,9.3871
391,informal,732,127,210,77.36969685039371,5.62284251968504,7.914645669291338,8.548686976883017
392,informal,935,157,267,71.64499710480604,6.812032426172554,8.766415749855241,9.095868883498916
393,informal,892,155,255,78.01361559139788,5.58685483870968,8.263440860215054,8.841846274778883
394,informal,903,152,257,72.03191387559811,6.64514354066986,8.948325358851674,9.339509955726097
395,informal,533,70,142,48.87821428571431,10.789285714285715,10.428571428571429,10.125756701596842
396,informal,476,82,137,75.3486991869919,6.1448780487804875,8.39349593495935,8.841846274778883
397,informal,646,79,183,44.08660759493674,11.03529113924051,10.370632911392406,10.355215969177355
398,informal,778,128,225,59.603541666666686,10.245625,12.908333333333331,11.855464076750408
399,informal,693,113,196,62.69084808259588,9.193938053097344,11.781120943952804,11.20814326018867
400,informal,813,134,216,71.77255597014928,7.409664179104478,9.088059701492538,8.841846274778883
401,informal,987,174,280,71.65885579937306,7.1940334378265405,9.54566353187043,9.573946990214175
402,informal,800,144,227,75.44500000000001,6.711111111111112,8.622222222222224,8.515128840125781
403,informal,946,171,267,71.78157894736843,7.967368421052633,10.173099415204678,9.444778638647367
404,informal,833,149,236,73.06735272184939,7.180760626398211,9.038329604772558,8.841846274778883
405,informal,1008,185,280,74.76449832775921,6.347391304347827,8.270234113712375,8.617729084823388
406,informal,956,173,268,73.370869460501,6.607066473988439,8.772447013487477,9.075114841892004
407,informal,1490,281,419,71.41857142857145,8.266428571428573,10.142857142857144,9.04235418022936
408,informal,1070,202,301,71.7001221166893,7.798055178652195,9.896155585707826,9.339509955726097
409,informal,1141,216,320,75.63333333333335,6.542883597883598,8.764021164021164,8.841846274778883
410,informal,928,171,263,69.25744736842105,7.8474210526315815,9.880935672514621,9.642632912329528
411,informal,1069,194,298,69.88357544517339,7.89333645735708,9.734957825679476,9.339509955726097
412,informal,1120,208,310,76.71038461538461,6.534615384615389,8.707692307692309,8.617729084823388
413,informal,1351,241,373,70.00980290456432,7.7708743331357475,9.541315945465325,9.236282656511921
414,informal,1128,205,315,69.06640798226167,8.255742793791576,10.576496674057651,10.018931242160765
415,informal,865,157,243,71.27402229299366,7.218350318471337,9.082547770700637,9.120678840339163
416,informal,837,153,234,70.69764705882356,7.621699346405229,9.675816993464053,9.444778638647367
417,informal,1027,187,288,69.23989304812837,7.825026737967914,10.436363636363637,10.23097548852734
418,informal,992,184,282,68.61552173913046,8.25991304347826,10.403478260869566,9.888512548439397
419,informal,951,176,266,73.78931818181819,6.942045454545454,9.127272727272729,9.095868883498916
420,informal,1134,216,322,75.63333333333335,6.542883597883598,8.57883597883598,8.634040054169528
421,informal,915,167,257,70.83659580838324,7.527790419161679,9.554251497005987,9.3871
422,informal,1082,189,305,69.09636904761906,7.534510582010579,9.686243386243387,9.725611199111238
423,informal,158,30,44,70.35000000000002,7.173333333333336,7.333333333333333,7.168621630094336
424,informal,146,25,41,75.28325000000002,4.311500000000002,2.5,3.1291
425,informal,224,41,61,79.47552845528456,5.569268292682931,6.442276422764228,6.42735559955562
426,informal,277,53,82,75.26549528301891,6.052971698113208,5.300000000000001,3.1291
427,informal,493,88,137,71.68463636363637,7.633090909090914,8.85818181818182,8.238735603445708
428,informal,490,99,139,68.01647959183674,9.85887755102041,11.840816326530613,9.516144504307135
429,informal,363,66,99,80.61954545454547,4.356839826839831,4.377489177489178,5.288315135182226
430,informal,78,14,22,78.87285714285717,3.997142857142858,2.8000000000000003,3.1291
431,informal,138,25,36,90.08866666666667,2.764000000000003,4.933333333333334,6.42735559955562
432,informal,194,35,54,70.63250000000004,7.754999999999999,9.285714285714286,8.841846274778883
433,informal,346,64,101,78.83987500000002,5.442625000000003,6.370000000000001,6.742157984588678
434,informal,320,57,89,68.54190476190477,8.336428571428574,8.895238095238097,7.793537801064561
435,informal,336,59,97,63.55807909604522,9.280000000000001,9.2225988700565,7.793537801064561
436,informal,256,47,71,75.09625000000003,5.579722222222223,6.277777777777779,7.168621630094336
437,informal,198,32,59,58.53333333333336,7.745000000000001,8.016666666666666,8.841846274778883
438,informal,442,82,118,79.79631707317075,6.203560975609758,8.511219512195122,8.238735603445708
439,informal,277,51,74,80.09764705882354,6.310588235294119,8.368627450980393,7.793537801064561
440,informal,402,76,114,84.54384210526318,5.243263157894738,7.658947368421052,7.554174236665414
441,informal,302,48,73,68.9825,7.612500000000001,9.733333333333334,9.725611199111238
442,informal,447,71,125,67.85267605633805,6.315010060362173,8.564185110663983,9.236282656511921
443,informal,271,50,74,76.55433333333335,6.722000000000001,9.866666666666667,9.725611199111238
444,informal,454,82,127,65.31774390243905,9.241585365853659,11.614634146341466,10.686352973137792
445,informal,262,49,70,79.75870748299323,6.192244897959185,8.982312925170069,8.841846274778883
446,informal,310,57,84,81.0554605263158,5.493815789473686,7.805263157894737,8.07648339933343
447,informal,1067,187,304,60.24241935483872,11.457803379416287,13.209216589861752,10.608840637214634
448,informal,1233,234,352,67.99983786361472,10.206237482117313,12.587315212207917,9.994966539143718
449,informal,962,174,275,55.329872832369944,14.137526011560698,16.152138728323703,11.20814326018867
450,informal,1137,196,309,65.38975961538463,10.19419871794872,12.006410256410257,9.827888789773866
451,informal,927,174,269,58.7529942196532,13.660069364161853,15.92092485549133,10.793553405168563
452,informal,1200,222,345,68.41345475113124,9.207280542986428,11.373936651583712,9.888512548439397
453,informal,1163,219,329,62.29564220183488,12.307090432503276,14.65897771952818,10.608840637214634
454,informal,1447,239,412,65.49156162464988,9.051722689075632,10.622408963585436,9.725611199111238
455,informal,1051,196,306,61.421538461538475,11.612747252747258,13.604395604395606,10.608840637214634
456,informal,1424,234,375,69.84897174535051,8.340439914163092,9.82675250357654,8.841846274778883
457,informal,1066,199,308,68.42668269230772,9.770608974358975,12.006410256410257,9.827888789773866
458,informal,1044,196,302,63.59076923076924,11.310183150183153,13.194139194139195,9.957137785484202
459,informal,1306,248,372,68.69062977957715,10.496329284750342,12.921097615834459,9.725611199111238
460,informal,983,185,284,62.601811594202914,12.146086956521739,14.223188405797103,10.125756701596842
461,informal,940,152,264,63.9504210526316,8.115631578947369,9.764210526315791,9.888512548439397
462,informal,811,143,231,65.04572115384617,8.627403846153847,11.066083916083917,10.686352973137792
463,informal,816,141,237,64.33333333333334,8.178156028368797,10.521985815602838,10.504223727775692
464,informal,713,126,206,73.78214285714287,6.446190476190477,8.13968253968254,8.515128840125781
465,informal,878,156,255,66.13782051282054,8.340512820512824,10.266666666666666,9.994966539143718
466,informal,894,156,257,69.93397435897437,7.8110256410256405,9.241025641025642,8.841846274778883
467,informal,674,121,192,71.2252737603306,7.082303719008266,9.025206611570248,9.188382445141503
468,informal,764,138,217,70.39581521739133,7.725905797101451,9.798550724637682,9.516144504307135
469,informal,657,118,186,72.36281544256123,6.423333333333336,8.63427495291902,9.150863307647796
470,informal,1210,214,348,62.95792523364487,9.794317757009345,12.111401869158879,11.003577315987393
471,informal,1308,211,397,50.299068720379154,11.485445497630334,14.316777251184835,13.187427743715652
472,informal,776,139,220,74.30133493205436,6.732613908872903,8.767705835331736,8.841846274778883
473,informal,995,173,286,70.93251341681577,6.652558139534882,8.548121645796064,9.057496981413337
474,informal,1009,179,297,73.55504237288136,6.140714285714285,7.769007263922518,8.418075326091056
475,informal,904,159,265,75.09504868549173,5.804430379746837,7.140019474196689,7.882392219407189
476,informal,982,172,284,77.18486842105263,5.52795739348371,7.224895572263994,7.957251820313856
477,informal,1152,205,332,78.60551470588237,5.462892156862747,6.8647058823529425,7.413659706084162
478,informal,939,161,277,72.2179166666667,6.498750000000001,8.083333333333334,8.59863814320734
479,informal,217,37,61,78.14021621621623,4.198702702702704,6.203243243243244,7.554174236665414
480,informal,133,23,38,81.3489855072464,3.817391304347826,8.284057971014493,8.841846274778883
481,informal,197,33,56,75.40670454545456,4.791136363636365,6.936363636363637,8.07648339933343
482,informal,288,53,84,82.74392452830192,4.351547169811322,8.013584905660379,8.841846274778883
483,informal,324,49,93,51.89250000000001,9.002500000000001,10.633333333333335,10.686352973137792
484,informal,113,20,32,85.85833333333333,2.9400000000000013,4.666666666666667,6.42735559955562
485,informal,242,35,65,64.37000000000003,6.020000000000003,6.228571428571429,7.554174236665414
486,informal,826,138,223,65.29250000000003,7.506111111111114,10.437037037037038,10.577609850970193
487,informal,214,38,56,93.54350877192984,1.785263157894736,4.63859649122807,6.42735559955562
488,informal,400,72,113,77.15500000000002,5.478888888888889,9.244444444444445,9.725611199111238
489,informal,699,100,170,61.35534693877554,7.13608163265306,8.81795918367347,9.3871
490,informal,411,76,108,73.14535087719298,9.350526315789477,10.659649122807018,6.42735559955562
491,informal,438,84,120,84.8057142857143,6.647619047619049,8.4,3.1291
492,informal,366,70,100,80.42309523809526,7.838571428571431,9.333333333333334,3.1291
493,informal,358,68,97,79.32245098039218,7.826470588235299,9.066666666666668,3.1291
494,informal,471,88,128,76.83227272727274,8.008181818181821,10.163636363636364,8.07648339933343
495,informal,525,97,145,76.37905154639176,7.425484536082475,9.409484536082473,8.238735603445708
496,informal,456,88,126,71.31166666666667,10.599999999999998,11.733333333333334,3.1291
497,informal,737,126,199,64.42842857142858,10.533238095238097,11.34984126984127,8.238735603445708
498,informal,785,141,209,73.74562500000002,7.351835106382982,9.603191489361704,9.188382445141503
499,informal,695,131,195,69.16413740458019,10.121129770992365,12.31206106870229,9.3871
500,informal,376,72,104,83.99,6.016111111111112,7.2,3.1291
501,informal,1166,164,336,55.23040650406506,8.950975609756096,10.832520325203252,10.864195022040775
502,informal,1183,168,343,57.667857142857144,8.693809523809527,9.885714285714286,10.125756701596842
503,informal,1128,164,325,60.193878048780505,8.937707317073173,10.462439024390244,10.355215969177355
504,informal,1170,157,329,53.453505838641206,9.053901273885351,10.074097664543524,10.31748142421505
505,informal,1583,237,457,62.223097310126604,8.26029272151899,9.975632911392406,10.125756701596842
506,informal,1490,212,438,55.78575471698113,9.240242587601081,11.340161725067386,11.20814326018867
507,informal,1166,165,338,55.73727272727277,9.211515151515155,10.84848484848485,10.832165505486643
508,informal,1246,162,359,49.391999999999996,10.39466666666667,11.418271604938273,11.20814326018867
509,informal,1215,167,352,52.092883233532945,10.142161676646705,11.470419161676647,11.20814326018867
510,informal,1608,234,471,51.08561538461541,10.009384615384615,11.881025641025643,11.602472056035307
511,informal,1417,189,411,48.392747252747256,10.12126984126984,11.106389906389907,11.051253699011982
512,informal,1052,145,305,54.42370689655175,9.270517241379313,10.213793103448277,10.355215969177355
513,informal,1255,174,364,57.46444827586208,8.125954022988509,9.927356321839081,10.203070172399654
514,informal,435,76,123,69.55526315789477,8.277894736842104,10.757894736842106,10.125756701596842
515,informal,335,61,99,76.24477459016396,6.413237704918036,8.722950819672132,8.841846274778883
516,informal,597,108,174,80.28833333333334,5.0418518518518525,8.133333333333335,8.841846274778883
517,informal,461,79,137,66.57521518987342,7.898582278481012,10.876962025316457,10.793553405168563
518,informal,408,68,121,65.16823529411766,8.39294117647059,11.505882352941178,11.20814326018867
519,informal,231,44,66,88.30754545454549,3.1283636363636376,5.33818181818182,6.742157984588678
520,informal,266,54,79,83.46583333333336,4.971296296296298,7.622222222222224,8.07648339933343
521,informal,265,51,73,83.41529411764708,5.847843137254902,7.584313725490197,6.42735559955562
522,informal,1207,196,353,65.30260667903526,8.577458256029686,10.80074211502783,10.436869588844216
523,informal,1449,253,420,76.70016275284821,6.258386421762381,8.95689374564055,9.168548406835143
524,informal,1594,275,470,69.68804545454547,8.419077922077921,10.766233766233768,9.957137785484202
525,informal,1316,220,392,67.44590909090913,7.755844155844155,10.467532467532468,10.451354775682146
526,informal,1702,276,516,54.09854545454547,11.924363636363637,14.072727272727272,12.24349002098031
527,informal,1894,333,573,68.81780604133547,8.526889242183362,10.477936760289703,9.627879704456738
528,informal,893,148,268,69.53172672672676,7.6463063063063075,10.091291291291292,9.994966539143718
529,informal,1447,245,434,68.01829931972792,7.829795918367349,9.798639455782315,9.725611199111238
530,informal,1396,244,414,71.60647540983608,7.6014051522248245,10.086182669789228,9.784248007369934
531,informal,1300,215,392,69.81609496124032,7.972383720930235,10.887596899224807,10.504223727775692
532,informal,1271,207,377,62.630597826086984,8.808997584541064,11.344444444444445,11.038039088145766
533,informal,1344,227,401,71.09669309838475,7.102308370044053,10.634831130690163,10.65027996061788
534,informal,1365,223,404,64.98976543635739,8.456053811659196,10.807726802345636,10.560738912317856
535,informal,996,167,300,68.30366167664671,7.881083832335332,10.272814371257486,10.125756701596842
536,informal,1278,208,381,61.528205128205144,8.983461538461537,11.356410256410257,11.038039088145766
537,informal,1891,314,559,64.59587977707008,9.124896496815285,11.544267515923568,10.820120047756994
538,informal,1035,169,313,66.03534615384616,8.247153846153847,10.54698224852071,10.355215969177355
539,informal,1154,197,344,70.35787013536383,7.524175126903554,9.815397631133672,9.725611199111238
540,informal,1014,170,304,67.65647058823532,8.045882352941177,10.8,10.577609850970193
541,informal,1441,252,427,72.61871428571432,7.3040634920634915,9.577142857142858,9.3871
542,informal,1088,175,328,67.89641558441559,7.7414025974025975,10.477922077922079,10.436869588844216
543,informal,1504,251,446,67.55123132470122,7.734499501992033,10.418426294820717,10.411451182825502
544,informal,970,162,287,67.93166666666669,8.255925925925926,10.903703703703705,10.504223727775692
545,informal,1491,258,439,68.70911478599223,8.236211784324627,10.76698165647582,10.290406445055957
546,informal,1275,209,378,68.9825,7.612500000000001,9.66923076923077,9.661875296680812
547,informal,1080,184,322,69.53508695652177,8.131652173913043,10.62086956521739,10.125756701596842
548,informal,1259,208,381,66.40897435897438,8.302692307692308,10.587179487179487,10.31748142421505
549,informal,1112,178,325,68.26326353421858,7.757987742594487,10.517671092951993,10.436869588844216
550,informal,974,160,291,65.06305555555558,8.600833333333334,11.361111111111112,10.980518767755715
551,informal,977,157,289,66.96319426751596,7.8196242038216575,10.356433121019109,10.355215969177355
552,informal,700,102,199,60.68306930693069,8.379717114568603,11.712022630834513,11.491704259439757
553,informal,442,51,123,41.021000000000015,10.022000000000002,12.0,11.20814326018867
554,informal,1438,247,413,66.6933536585366,9.049715447154476,12.102439024390245,11.20814326018867
555,informal,812,117,233,61.37160919540233,7.100689655172413,8.694252873563219,9.2995712137729
556,informal,1132,178,328,63.062129870129866,8.415688311688314,10.020779220779222,10.018931242160765
557,informal,657,96,190,63.41890350877195,8.347105263157896,10.964912280701755,10.864195022040775
558,informal,563,81,161,57.94166666666669,8.490000000000002,11.333333333333336,11.20814326018867
559,informal,546,75,151,52.337324324324356,9.636054054054053,12.406486486486488,11.979248473330827
560,informal,701,95,206,51.33388888888888,8.693971631205677,10.560756501182034,10.504223727775692
561,informal,888,133,264,59.92106060606065,8.545151515151513,9.806060606060607,9.994966539143718
562,informal,458,54,119,37.455384615384645,11.264615384615386,12.892307692307691,12.161744961471694
563,informal,1468,219,435,58.76957636265516,8.24787371829466,10.450512682137076,10.590485417798838
564,informal,404,51,113,48.63550000000001,9.581,12.200000000000001,11.698219412168324
565,informal,1832,292,544,62.109101633393834,8.38814882032668,10.105263157894738,10.186864033877495
566,informal,740,104,219,44.65221359223304,12.148854368932039,13.676893203883495,12.68835289967788
567,informal,405,49,114,35.15815217391307,11.212391304347825,13.295652173913044,12.161744961471694
568,informal,1375,228,398,73.25960168820893,6.299873384331313,8.475758375098918,9.007467420416297
569,informal,1505,275,432,72.8880555555556,6.888333333333332,9.311111111111112,9.444778638647367
570,informal,1336,248,385,74.1376523297491,6.341397849462368,8.575627240143369,8.998388855275966
571,informal,1372,251,396,71.85838528239981,6.904490274197329,9.093133348957114,9.325443323948027
572,informal,1637,303,475,73.07359158415842,6.830711221122115,8.964290429042904,9.120678840339163
573,informal,1706,328,488,75.30923620025675,7.043851091142493,9.222336328626445,8.841846274778883
574,informal,2014,381,570,78.37993875765531,5.83249343832021,8.164129483814524,8.515128840125781
575,informal,1583,296,458,76.77495495495496,6.0524131274131285,8.475933075933076,8.841846274778883
576,informal,592,98,176,61.408673469387764,8.172040816326533,9.273469387755103,9.606745405546679
577,informal,813,144,232,73.11022727272729,6.31406565656566,8.014141414141415,8.575989854853784
578,informal,801,132,235,62.48469696969701,8.187575757575758,10.10909090909091,10.25414643259724
579,informal,668,114,196,69.30464912280705,6.739473684210527,8.22456140350877,8.841846274778883
580,informal,618,93,183,55.98870967741939,8.75056835637481,9.185253456221199,9.606745405546679
581,informal,924,154,269,66.35981601731602,7.1916233766233795,9.54891774891775,9.928628108626363
582,informal,983,172,285,67.50711416490488,7.727949260042283,9.510359408033827,9.573946990214175
583,informal,802,142,229,67.87649647887326,8.201514084507043,10.480281690140846,10.125756701596842
584,informal,861,149,249,63.959822147651025,8.039791946308725,9.44993288590604,9.642632912329528
585,informal,1556,255,436,61.60196691176475,8.626409313725489,10.45343137254902,10.411451182825502
586,informal,896,157,264,65.73143665958955,8.424798301486202,10.289879688605803,9.994966539143718
587,informal,947,159,284,60.14106918238994,9.25974842767296,10.840251572327047,10.504223727775692
588,informal,1670,288,487,60.680096153846165,10.29930555555556,12.472649572649573,11.20814326018867
589,informal,743,121,215,65.24012855831039,7.4996143250688725,9.014141414141415,9.444778638647367
590,informal,616,102,179,67.6022549019608,6.645686274509806,8.062745098039215,8.841846274778883
591,informal,1224,203,363,63.61475247524754,7.970806223479492,8.741725601131542,9.04235418022936
592,informal,1270,221,368,67.46890196078434,7.508941176470589,9.694238310708899,9.888512548439397
593,informal,881,155,253,69.72627565982405,7.034486803519062,8.733137829912025,9.095868883498916
594,informal,264,47,73,74.894,5.1483404255319165,6.313191489361703,7.554174236665414
595,informal,328,59,92,74.41054237288137,5.812000000000001,7.4318644067796615,8.238735603445708
596,informal,340,60,97,76.83500000000001,5.026666666666667,6.666666666666668,7.793537801064561
597,informal,386,68,106,76.29558823529415,5.030924369747897,7.4151260504201675,8.418075326091056
598,informal,422,78,115,76.50153846153849,5.818461538461541,7.251282051282051,7.793537801064561
599,informal,677,122,197,71.39067622950823,7.090286885245899,8.722950819672132,8.841846274778883
600,informal,657,116,189,74.33653605015677,5.510658307210033,7.666457680250784,8.575989854853784
601,informal,404,71,115,71.427323943662,5.816418511066402,8.000804828973843,8.841846274778883
602,informal,1839,328,521,77.60117817479481,6.71109608884597,8.841397070658298,8.371475516178862
603,informal,1823,336,516,77.48487269534682,7.347234416154521,9.553994732221247,8.313332769828598
604,informal,2102,381,601,77.3751754385965,6.962406015037594,9.238095238095239,8.563005593585519
605,informal,1755,319,494,77.17683129855719,7.141772105068444,9.36914539400666,8.4952907291091
606,informal,1926,351,549,76.39374603174605,7.43447619047619,9.834920634920636,8.841846274778883
607,informal,1944,353,545,76.75294856459331,7.156285885167467,9.001435406698565,8.032893268588372
608,informal,2261,418,639,77.93755395683455,7.321671805412816,9.669475847893114,8.418075326091056
609,informal,2122,384,608,75.84936802753386,7.004767386660337,9.574602421077618,9.218907990703514
610,informal,1826,338,515,79.1322411803495,6.873090999010881,9.031915595120344,7.984000788550335
611,informal,1708,309,483,76.05274350649354,7.433733766233768,9.51818181818182,8.472884824447931
612,informal,1758,319,503,75.99017688679247,7.597727987421383,9.585220125786163,8.278499904357787
613,informal,1624,297,458,77.91174774774777,7.294513513513515,9.514954954954957,8.238735603445708
614,informal,2312,429,654,76.00371962616825,7.974691588785046,9.961869158878505,8.07648339933343
615,informal,2094,384,596,77.15844764397909,7.242246073298432,9.629528795811519,8.697196308434329
616,informal,2329,430,656,80.16725034965037,6.340628438228439,8.449081585081585,7.83995126065343
617,informal,3003,530,863,73.65421550094517,7.517710709862463,9.64059709275797,9.035553425615536
618,informal,1815,334,513,73.2803783783784,8.553285285285288,10.801921921921924,9.029198982220553
619,informal,1671,304,476,76.04487128712876,7.670838283828385,9.928184818481848,8.648137234880735
620,informal,2279,416,654,76.08317269076306,7.556660929432017,9.543316121629376,8.269060116576782
621,informal,1776,324,504,77.0199690402477,7.23671826625387,9.457585139318885,8.4952907291091
622,informal,2896,528,835,73.0464741021857,7.9197554290533425,10.38805256869773,9.53975657930432
623,informal,2326,410,660,74.7064705882353,7.062549019607843,9.054901960784314,8.72156446121922
624,informal,2065,384,584,78.70870942408379,7.026015706806284,9.210680628272252,8.07648339933343
625,informal,2024,368,577,79.71548860540007,6.284846420609366,8.525588308149617,8.150884317080207
626,informal,2688,498,772,77.71515010060364,7.3583710261569415,9.400692152917506,7.976525956113203
627,informal,2268,420,647,78.25813397129188,7.0640191387559845,9.609569377990432,8.710501217029154
628,informal,2173,392,621,75.85789428815006,7.304165144318599,8.982145901838997,7.957251820313856
629,informal,1692,307,481,76.28194852941178,7.370710784313726,9.480065359477123,8.472884824447931
630,informal,3146,506,926,63.08685884691852,8.768916158223078,11.152642764105025,10.852061532183505
631,informal,2112,381,603,74.8984210526316,7.53263157894737,9.494736842105263,8.548686976883017
632,informal,1499,279,422,71.28783671202446,8.609530685920578,10.833546237156346,9.466822959209587
633,informal,947,187,257,82.81208556149736,5.93197860962567,8.297326203208556,7.686295010490155
634,informal,1031,207,277,74.39169027093597,9.187038177339904,11.923399014778326,9.188382445141503
635,informal,807,161,221,81.31375000000004,6.88625,9.25,7.6454224807358475
636,informal,782,155,214,83.53127272727275,5.43418181818182,7.458701298701299,7.168621630094336
637,informal,967,187,274,76.7156090314914,7.720819964349378,9.808437314319669,8.167268648758528
638,informal,923,181,254,83.98000000000003,5.272222222222222,7.333333333333333,7.168621630094336
639,informal,816,156,227,81.26737762237762,5.447319347319347,7.211188811188811,7.686295010490155
640,informal,756,149,208,79.82091591591595,6.21117117117117,8.469669669669669,8.167268648758528
641,informal,711,140,194,80.25405125899282,6.381933453237412,8.676618705035972,8.07648339933343
642,informal,739,144,201,84.7065,5.021833333333333,7.14888888888889,7.168621630094336
643,informal,791,156,218,79.66557692307696,6.991923076923076,9.082051282051282,7.6454224807358475
644,informal,1023,199,284,79.6405664687072,6.645354042941985,8.643398812243033,7.686295010490155
645,informal,758,148,205,82.67902402402406,5.812522522522521,8.1993993993994,7.793537801064561
646,informal,692,134,188,81.18919642857145,6.0651785714285715,8.15375939849624,7.6454224807358475
647,informal,696,135,191,81.92020833333336,6.025324074074074,8.231481481481481,7.6454224807358475
648,informal,858,165,237,79.52848484848487,6.7212121212121225,8.787878787878787,7.793537801064561
649,informal,979,188,270,82.35653846153848,5.364893617021277,7.486743044189854,7.610546881738771
650,informal,791,151,216,81.69657947019869,5.615556291390728,7.629403973509934,7.554174236665414
651,informal,871,172,238,78.73605943152457,7.0249612403100805,8.807235142118863,7.3871296695380915
652,informal,805,157,219,84.20650636942678,5.414528662420384,7.553885350318471,7.168621630094336
653,informal,915,179,248,83.97739969527679,5.588765871000511,7.849873031995938,7.348242739294969
654,informal,826,166,228,81.29784638554219,7.074789156626508,9.504819277108433,7.6454224807358475
655,informal,948,192,268,80.25897120418853,6.809785340314136,8.687120418848169,7.168621630094336
656,informal,901,175,241,82.8827012987013,5.6511168831168845,7.963636363636363,7.686295010490155
657,informal,686,133,189,81.18919642857145,6.0651785714285715,8.15375939849624,7.6454224807358475
658,informal,924,181,251,82.10000000000001,5.534444444444446,7.333333333333333,7.168621630094336
659,informal,1010,201,277,81.80161465400275,6.3890999547715985,8.503120759837179,7.348242739294969
660,informal,830,162,231,80.1456739130435,6.08030434782609,8.427577639751552,8.238735603445708
661,informal,694,136,192,81.9638235294118,6.050294117647059,8.270588235294118,7.6454224807358475
662,informal,200,36,52,68.715,8.146666666666668,10.533333333333335,10.125756701596842
663,informal,338,59,91,72.51060344827589,6.747758620689655,9.937931034482759,10.125756701596842
664,informal,191,30,47,61.890000000000015,8.353333333333339,11.333333333333336,11.20814326018867
665,informal,107,19,24,66.36500000000001,8.474444444444444,11.644444444444446,11.20814326018867
666,informal,211,36,48,79.51375000000003,4.342500000000001,6.928571428571428,8.07648339933343
667,informal,117,19,32,66.10000000000002,6.2755555555555596,8.044444444444444,8.841846274778883
668,informal,204,32,57,62.62408602150538,7.091612903225808,6.713978494623657,7.793537801064561
669,informal,108,20,29,72.51881578947369,5.504473684210527,5.905263157894737,7.168621630094336
670,informal,837,150,241,75.42600000000003,6.465333333333337,8.666666666666668,8.841846274778883
671,informal,786,146,222,81.52893524283938,5.184993773349937,7.226899128268991,7.686295010490155
672,informal,784,146,226,76.70504109589045,6.187561643835615,8.305753424657535,8.548686976883017
673,informal,712,132,206,75.36477272727275,6.8465151515151526,8.721212121212123,8.472884824447931
674,informal,867,164,242,83.12184803001878,4.799512195121952,7.729080675422139,8.384062270229773
675,informal,809,144,233,68.9825,7.612500000000001,9.455555555555556,9.444778638647367
676,informal,668,121,195,76.81866219008266,6.302138429752066,8.36404958677686,8.472884824447931
677,informal,825,150,242,74.86200000000004,6.5440000000000005,8.133333333333333,8.238735603445708
678,informal,860,152,251,71.69804093567255,7.4545614035087695,9.65029239766082,9.444778638647367
679,informal,1069,198,310,71.3197030456853,8.20569035532995,10.316548223350253,9.3871
680,informal,1046,198,300,74.36527272727274,7.805737373737376,9.94020202020202,8.841846274778883
681,informal,1536,294,395,72.43009615384615,8.66041666666667,11.222649572649573,9.661875296680812
682,informal,1389,256,400,65.36936617167694,9.810286128214418,12.47388627308946,11.022393298168332
683,informal,965,181,281,74.13590909090912,6.984040404040407,9.434343434343434,9.339509955726097
684,informal,965,176,271,78.69118881118884,5.646818181818183,8.369930069930069,8.841846274778883
685,informal,965,176,271,78.69118881118884,5.646818181818183,8.369930069930069,8.841846274778883
686,informal,1071,194,313,71.62790534208061,7.650037488284912,8.910215557638239,8.296473431620573
687,informal,166,30,45,80.33367816091955,4.455862068965519,8.004597701149425,8.841846274778883
688,informal,488,86,137,72.2727131782946,6.739534883720932,8.524031007751939,8.841846274778883
689,informal,689,126,186,75.36303571428572,6.660436507936506,7.887301587301588,7.6454224807358475
690,informal,383,71,105,83.99101408450704,5.071943661971833,7.370140845070423,7.554174236665414
691,informal,511,82,142,59.162170731707334,9.081609756097563,12.413658536585366,11.979248473330827
692,informal,1259,226,362,72.3033744394619,7.131559897501603,9.062011531069826,9.04235418022936
693,informal,2037,371,573,71.82791062801934,8.319746376811597,10.786473429951691,9.725611199111238
694,informal,1439,263,416,74.17894230769232,6.949807692307697,9.115384615384617,9.017664075816786
695,informal,1626,296,474,70.0927123067657,7.764529211001811,10.170568159004217,9.916854025145753
696,informal,1940,348,554,70.20995423340963,7.9773760488177,9.697940503432495,9.134995656068206
697,informal,1336,245,387,71.12302585381424,7.9445643153527,10.070986275135654,9.466822959209587
698,informal,1467,252,413,49.30535714285716,14.207698412698413,16.40952380952381,13.023866798666859
699,informal,787,150,219,55.408500000000004,14.847000000000001,17.666666666666668,12.161744961471694
700,informal,229,33,59,54.897613636363644,7.651742424242428,9.360606060606061,9.516144504307135
701,informal,213,38,63,67.76836842105266,5.695052631578946,8.303157894736842,8.841846274778883
702,informal,1170,223,329,77.12967575025873,6.762780269058297,9.014004829251467,8.617729084823388
703,informal,1348,253,380,79.43432435770752,6.108100296442689,7.747924901185771,7.413659706084162
704,informal,994,190,276,78.38593073593076,6.594506974506977,8.565848965848966,8.00094639256281
705,informal,1071,203,300,78.8799658961728,6.136453201970443,8.216597195907541,8.139509932561175
706,informal,1403,267,396,75.06879410063623,7.871954887218045,10.139502602660498,8.841846274778883
707,informal,3250,601,918,68.55519866888521,9.669460232945092,11.679227953410981,9.490545024520767
708,informal,1207,230,339,80.55601449275363,5.832608695652173,8.220289855072464,8.238735603445708
709,informal,920,177,254,80.57052388289677,6.0187878787878795,8.018284540318438,7.686295010490155
710,informal,988,190,274,80.78416666666669,5.925000000000001,7.80701754385965,7.492282038375204
711,informal,915,176,253,80.84434523809524,5.606071428571429,7.4333333333333345,7.492282038375204
712,informal,1148,218,318,78.8767889908257,6.125976408912191,8.06343381389253,7.957251820313856
713,informal,1298,254,356,82.37699341238473,5.959541501976286,8.327694334650856,7.793537801064561
714,informal,1021,196,284,78.89544217687077,6.312653061224491,7.961904761904762,7.492282038375204
715,informal,932,179,254,79.13662557781203,6.218787878787879,8.24427324088341,8.00094639256281
716,informal,1016,192,287,78.08113636363638,6.704772727272729,9.065151515151515,8.575989854853784
717,informal,944,182,262,79.41059440559444,6.2934965034965025,8.156643356643357,7.686295010490155
718,informal,1357,256,381,76.58328125000001,6.552343750000002,8.74375,8.660442795831768
719,informal,1261,244,352,78.67182377049183,6.0747131147541005,8.067213114754098,8.07648339933343
720,informal,1195,227,332,82.86464344713656,5.225944383259915,7.260903083700441,7.413659706084162
721,informal,1425,275,387,85.20602272727274,4.79068181818182,7.1000000000000005,7.365786028017654
722,informal,1051,200,294,81.50900000000001,5.439428571428575,7.314285714285714,7.447530270364452
723,informal,1425,275,387,85.20602272727274,4.79068181818182,7.1000000000000005,7.365786028017654
724,informal,1309,258,355,82.15141860465118,6.073813953488372,8.275348837209302,7.554174236665414
725,informal,1359,262,375,79.6429745547074,6.489938931297711,8.971399491094147,8.447377352677275
726,informal,1354,255,364,83.30524509803922,5.159313725490197,7.235294117647058,7.3871296695380915
727,informal,1144,219,323,77.8290582191781,6.937545662100458,8.761187214611871,7.793537801064561
728,informal,982,186,271,80.57669354838713,5.8711290322580645,7.705376344086023,7.492282038375204
729,informal,1109,209,308,80.09591025641028,5.532423076923077,7.662051282051284,8.021203637495837
730,informal,1108,214,308,78.83323208722743,6.693971962616825,8.441744548286605,7.492282038375204
731,informal,1432,272,406,76.9873529411765,6.744411764705884,8.858823529411765,8.472884824447931
732,informal,444,80,130,68.51666666666668,7.015000000000001,9.833333333333336,10.125756701596842
733,informal,617,111,179,68.0318918918919,7.709601029601032,11.387902187902188,11.20814326018867
734,informal,640,115,187,65.83478260869569,8.158012422360247,10.745341614906833,10.608840637214634
735,informal,390,70,113,63.381071428571445,8.766428571428573,11.571428571428573,11.20814326018867
736,informal,406,73,117,66.8543561643836,7.5615342465753415,10.223561643835616,10.355215969177355
737,informal,771,136,222,65.7902941176471,8.306176470588234,12.094117647058823,11.698219412168324
738,informal,3352,518,997,54.36576607387141,9.446652986776105,11.419425444596444,11.267331181571699
739,informal,583,96,160,79.00806818181822,4.407386363636363,6.407575757575758,7.686295010490155
740,informal,373,60,101,78.28500000000003,4.46952380952381,6.095238095238095,7.447530270364452
741,informal,445,77,119,71.53096491228072,6.428947368421053,8.750877192982456,9.2995712137729
742,informal,471,82,124,78.36207317073175,5.239547038327526,8.10034843205575,8.841846274778883
743,informal,503,83,136,68.04500000000003,6.678571428571431,8.588153310104529,9.236282656511921
744,informal,506,88,137,71.77787878787882,6.891363636363636,9.503030303030304,9.725611199111238
745,informal,387,65,102,72.19301282051283,5.881153846153847,8.025641025641026,8.841846274778883
746,informal,476,72,120,71.28000000000002,6.298333333333332,8.688888888888888,9.2995712137729
747,informal,529,91,139,72.78285714285717,6.337142857142858,9.156043956043957,9.606745405546679
748,informal,394,61,101,68.24544262295082,6.771278688524593,9.47016393442623,9.888512548439397
749,informal,439,70,111,71.71904761904764,6.154285714285717,8.666666666666666,9.2995712137729
750,informal,374,63,99,72.63464285714288,5.73674603174603,8.009523809523811,8.841846274778883
751,informal,410,72,114,78.33000000000001,5.315000000000001,8.133333333333335,8.841846274778883
752,informal,496,88,128,84.31272727272729,3.486818181818183,5.472727272727273,6.980632752743321
753,informal,321,59,85,87.87789548022603,3.4450000000000003,6.6451977401129945,7.793537801064561
754,informal,495,86,132,84.78791754756872,3.3753699788583518,5.452854122621565,6.980632752743321
755,informal,341,59,91,82.14230225988703,4.245000000000001,6.6451977401129945,7.793537801064561
756,informal,453,83,119,88.79518072289159,3.819827882960414,6.1886402753872645,6.868970318607317
757,informal,394,74,100,95.69760135135138,2.2093918918918938,5.321621621621622,6.6274283507984215
758,informal,553,107,158,87.31171144859815,4.403820093457945,7.592990654205607,8.07648339933343
759,informal,432,79,117,86.14962025316456,4.046871609403258,7.0459312839059685,7.957251820313856
760,informal,327,59,88,83.57620056497178,4.045000000000002,7.323163841807911,8.344100000000001
761,informal,1080,190,308,73.2842105263158,6.409172932330829,7.323308270676691,7.70948699238394
762,informal,825,146,230,63.62439726027398,11.63909589041096,12.775890410958905,8.238735603445708
763,informal,525,96,150,70.14075000000001,8.24591666666667,9.346666666666668,8.238735603445708
764,informal,573,105,162,73.5257142857143,8.22095238095238,8.780952380952382,5.683917801722854
765,informal,407,78,113,78.58096153846155,7.143205128205128,7.800000000000001,3.1291
766,informal,938,171,264,70.85516447368423,8.686600877192983,9.953508771929826,8.07648339933343
767,informal,567,107,158,78.04257788161996,6.804252336448599,7.880996884735203,6.42735559955562
768,informal,703,127,197,70.77445538057745,8.646102362204726,10.041469816272967,8.344100000000001
769,informal,667,125,187,74.69396666666667,8.0166,9.613333333333333,7.793537801064561
770,informal,899,167,258,76.77477272727275,6.649848484848487,8.054545454545455,7.554174236665414
771,informal,599,113,169,74.58980530973453,8.470017699115044,9.393982300884955,5.683917801722854
772,informal,412,71,112,70.88397183098591,6.900112676056342,6.806760563380282,6.742157984588678
773,informal,391,70,111,74.13619047619049,5.8171428571428585,5.80952380952381,6.42735559955562
774,informal,475,85,136,76.00642156862747,6.177352941176469,6.6078431372549025,6.42735559955562
775,informal,498,94,138,82.50500000000001,5.087568389057754,6.222492401215806,6.18269132825596
776,informal,432,81,120,75.50311111111111,6.752691358024695,7.961481481481481,7.554174236665414
777,informal,536,95,155,69.11000000000003,8.34,8.863157894736842,7.554174236665414
778,informal,540,101,153,77.43554455445545,6.043083451202264,6.563507779349364,6.18269132825596
779,informal,434,80,125,74.8616666666667,6.129999999999999,6.833333333333335,7.168621630094336
780,informal,467,81,135,66.1031111111111,8.063802469135805,8.455308641975309,8.238735603445708
781,informal,456,83,130,72.51946787148597,6.5809036144578315,6.497188755020081,6.42735559955562
782,informal,509,94,140,78.80875,5.186117021276598,5.551063829787235,5.985473137389441
783,informal,687,99,173,56.692556818181856,8.426148989898994,8.182323232323233,8.841846274778883
784,informal,873,153,248,64.11724264705883,9.067442810457518,9.741503267973856,8.841846274778883
785,informal,434,77,124,72.95202380952382,6.272142857142857,6.172294372294373,6.42735559955562
786,informal,735,139,215,72.23494565217395,7.469384057971013,8.928985507246377,8.472884824447931
787,informal,372,64,108,66.33875,7.981249999999999,8.275,8.07648339933343
788,informal,618,111,173,70.80592905405408,6.8302590090090085,7.351801801801802,7.6454224807358475
789,informal,469,84,135,69.93300000000002,7.678666666666668,8.14857142857143,7.554174236665414
790,informal,882,154,250,70.25813131313133,7.7106060606060645,9.701587301587303,9.444778638647367
791,informal,773,138,228,73.56731884057973,6.807391304347828,7.872463768115942,7.793537801064561
792,informal,533,94,154,71.70500000000001,6.593951367781155,6.222492401215806,6.18269132825596
793,informal,410,73,116,69.17216438356166,7.238246575342465,7.4838356164383555,7.554174236665414
794,informal,636,115,181,68.81315789473686,8.381403508771932,9.35438596491228,8.344100000000001
795,informal,1022,184,291,74.45138339920952,7.030375494071148,7.9952569169960475,7.348242739294969
796,informal,488,89,136,73.90950374531836,6.635449438202251,7.281647940074906,7.168621630094336
797,informal,785,142,226,71.66562597809079,7.1830516431924885,8.282942097026604,8.167268648758528
798,informal,403,74,115,72.91570270270272,6.765783783783785,7.0010810810810815,6.742157984588678
799,informal,430,76,123,72.64412280701758,6.273684210526316,6.1192982456140355,6.42735559955562
800,informal,270,41,72,64.3900487804878,6.3153170731707355,9.133658536585367,9.3871
801,informal,232,38,66,72.22100000000002,5.074000000000002,7.250526315789475,8.238735603445708
802,informal,535,83,148,61.922222222222246,6.858271604938274,9.0320987654321,9.444778638647367
803,informal,372,63,108,68.60607142857145,6.298650793650793,8.644444444444444,9.2995712137729
804,informal,468,74,135,54.34283783783786,8.305830115830116,11.255598455598458,10.914260884657427
805,informal,294,49,82,74.30432653061226,5.32995918367347,8.001632653061225,8.841846274778883
806,informal,486,81,145,67.79916666666671,7.156481481481482,9.350617283950617,9.725611199111238
807,informal,330,51,92,62.11729411764708,7.129176470588238,8.785882352941178,9.3871
808,informal,443,78,127,76.20848214285716,5.020892857142858,6.966883116883117,8.07648339933343
809,informal,436,70,125,60.11642857142857,7.358571428571434,9.142857142857144,9.606745405546679
810,informal,2042,316,587,57.95813703907541,8.58851403412218,11.318436984039627,11.20814326018867
811,informal,282,47,82,72.8841666666667,5.039468085106382,7.388652482269504,8.344100000000001
812,informal,473,84,139,67.75500000000001,6.790000000000003,9.561904761904762,9.957137785484202
813,informal,418,74,122,71.68949324324328,5.558040540540542,8.564864864864864,9.188382445141503
814,informal,290,50,83,70.99300000000002,5.131714285714285,8.457142857142857,8.841846274778883
815,informal,385,65,114,71.16076923076923,5.640659340659344,8.637362637362639,9.236282656511921
816,informal,772,144,224,73.69772727272729,6.232121212121214,9.125252525252526,9.573946990214175
817,informal,394,72,114,76.67500000000003,4.800555555555558,8.044444444444444,8.841846274778883
818,informal,422,72,124,71.81500000000001,5.230000000000004,7.644444444444445,8.515128840125781
819,informal,406,72,120,70.67000000000002,5.957539682539682,8.55873015873016,9.236282656511921
820,informal,299,52,87,70.08365384615385,5.098846153846157,8.753846153846155,8.841846274778883
821,informal,304,52,89,67.5142307692308,5.687912087912089,9.894505494505495,9.606745405546679
822,informal,543,91,156,68.3743241758242,5.983175824175824,8.035604395604395,8.841846274778883
823,informal,276,46,80,64.79681159420292,6.126086956521743,10.023188405797102,9.725611199111238
824,informal,734,113,202,64.01336651917404,6.670110619469028,10.13834808259587,10.125756701596842
825,informal,413,67,121,58.2244776119403,7.515991471215354,12.186780383795309,11.20814326018867
826,informal,347,62,101,71.50218237704921,5.180471311475408,9.607377049180329,9.516144504307135
827,informal,875,157,254,73.47786027070066,5.448339968152869,8.256210191082804,9.017664075816786
828,informal,367,66,106,70.27943181818185,5.50628787878788,8.754545454545456,9.188382445141503
829,informal,604,109,177,72.70287270642204,6.503566513761466,9.853669724770644,10.125756701596842
830,informal,394,69,112,73.01975543478262,5.217228260869565,8.667391304347825,9.188382445141503
831,informal,274,46,79,64.79681159420292,6.126086956521743,10.023188405797102,9.725611199111238
832,informal,422,78,118,77.63105769230769,4.853525641025644,8.515384615384617,9.188382445141503
833,informal,574,95,171,64.49014354066986,6.409760765550239,8.507177033492823,9.095868883498916
834,informal,330,56,97,67.28285714285715,5.86214285714286,9.62857142857143,9.606745405546679
835,informal,368,64,106,68.75159722222224,5.436458333333334,8.469444444444445,8.841846274778883
836,informal,631,105,190,63.399464285714316,6.590119047619048,8.452380952380953,9.075114841892004
837,informal,441,76,121,78.0846052631579,4.728157894736842,7.484210526315789,8.472884824447931
838,informal,134,26,39,84.15371794871797,3.674615384615386,5.005128205128205,6.42735559955562
839,informal,3117,580,888,76.41808429118775,6.602988505747124,8.375478927203066,8.167268648758528
840,informal,1021,198,286,82.4212237762238,5.546969696969697,7.102408702408702,6.67199483983844
841,informal,1057,203,296,82.92932266009853,5.294556650246307,6.785221674876848,6.5431188927421005
842,informal,1074,205,298,83.43689024390244,5.259250871080141,6.832752613240418,6.5431188927421005
843,informal,1072,207,303,81.14264214046825,5.897294685990339,7.528651059085842,7.010146845296333
844,informal,1140,220,319,81.19924242424246,5.577272727272728,7.32121212121212,7.3011
845,informal,1110,216,311,81.50833333333335,5.7234391534391555,7.097354497354498,6.5431188927421005
846,informal,1345,256,375,80.51279411764708,5.770441176470587,6.961029411764706,6.522977012572876
847,informal,1399,274,393,82.10113568054962,5.811940747101762,7.322971232288537,6.522977012572876
848,informal,1218,236,344,80.81397175141244,5.896000000000001,7.479774011299435,7.03164865440522
849,informal,1203,231,341,80.21737012987015,6.169675324675328,7.8121212121212125,7.168621630094336
850,informal,1102,215,309,81.44567084078713,6.007906976744188,7.5456171735241515,6.67199483983844
851,informal,1137,216,321,79.94166666666668,5.941957671957674,7.838095238095239,7.70948699238394
852,informal,1077,206,302,81.09969753547423,5.884174757281556,7.50351008215086,7.010146845296333
853,informal,1723,332,486,78.28678045515399,6.922008032128513,8.823560910307897,7.793537801064561
854,informal,1040,200,292,81.2396153846154,5.7500000000000036,7.353846153846155,7.010146845296333
855,informal,1010,196,282,81.89722919937206,5.58183673469388,7.051177394034537,6.67199483983844
856,informal,1300,229,374,62.156932318782566,9.716331597917506,12.483620344413296,11.567385478589937
857,informal,1117,200,316,65.71045454545455,8.610909090909093,11.272727272727273,10.832165505486643
858,informal,1237,218,355,64.89424155145932,8.70028801843318,11.657296466973888,11.20814326018867
859,informal,1158,210,330,69.02107142857145,7.979761904761904,10.428571428571429,10.125756701596842
860,informal,1169,210,332,67.72167663476876,8.140299043062203,11.177192982456141,10.864195022040775
861,informal,1343,238,385,64.55185197155788,8.803781512605042,11.356690368455075,10.891193690592665
862,informal,1091,197,310,70.35787013536383,7.524175126903554,10.424534686971237,10.31748142421505
863,informal,1097,195,311,67.99663461538462,7.812115384615385,10.602564102564102,10.504223727775692
864,informal,1170,210,332,66.10253787878789,8.366136363636365,11.559968102073366,11.20814326018867
865,informal,1336,243,373,68.79564102564103,8.307407407407407,10.933713200379868,10.389873798559362
866,informal,1053,190,299,68.63686602870816,7.976889952153112,10.698564593301436,10.436869588844216
867,informal,1055,190,297,68.98593073593075,7.905618085618087,10.682251082251083,10.436869588844216
868,informal,1151,211,328,70.87830477579296,7.405402843601895,10.09420342690485,10.035473477838034
869,informal,1153,210,326,69.02107142857145,7.979761904761904,10.61904761904762,10.31748142421505
870,informal,1120,199,320,66.4616719963454,8.483544997715853,11.457469164001829,11.022393298168332
871,informal,1066,193,303,68.92066415449837,8.00505887894489,10.748751766368347,10.436869588844216
872,informal,1142,207,323,68.31905119152694,8.382568402471318,11.180229479258607,10.63711953065702
873,informal,1278,191,322,63.55811736474695,8.348390052356024,10.973996509598605,10.864195022040775
874,informal,1079,195,306,68.23258741258742,8.146200466200469,10.98834498834499,10.63711953065702
875,informal,1135,205,323,68.57931910569107,7.93786585365854,10.735772357723576,10.504223727775692
876,informal,1068,195,305,68.66643356643357,8.08568764568765,10.783216783216783,10.436869588844216
877,informal,1118,206,316,71.13510517799355,7.602087378640778,10.361812297734629,10.125756701596842
878,informal,1160,197,320,67.34521671222181,7.630659898477159,9.91940648184303,10.035473477838034
879,informal,1266,223,359,67.64537081752331,8.085650224215247,10.807726802345636,10.560738912317856
880,informal,1104,202,312,70.09095859585962,8.045085508550859,10.909810981098111,10.436869588844216
881,informal,1127,203,320,68.07999104343935,8.348159426780118,11.125660546350202,10.63711953065702
882,informal,1143,194,312,65.08666822867856,8.56240862230553,11.178256794751642,10.832165505486643
883,informal,1206,215,343,70.44656976744187,7.248588039867112,10.04983388704319,10.125756701596842
884,informal,1181,216,331,68.16287526427062,8.60761099365751,11.353065539112052,10.63711953065702
885,informal,1535,267,432,66.55912124060153,8.105780075187972,10.559774436090226,10.411451182825502
886,informal,1266,225,343,-29.300270270270246,44.921621621621625,48.90450450450451,23.72669961743115
887,informal,1305,231,356,-32.403460698689926,46.223951965065496,49.992139737991266,22.918633597333717
888,informal,1330,230,362,4.65026315789477,31.491228070175442,34.96140350877193,19.946969662950774
889,informal,1370,236,373,20.469021739130483,24.688913043478262,28.043478260869563,18.511140095513987
890,informal,590,108,164,84.4922570093458,4.132532710280376,6.149158878504673,7.168621630094336
891,informal,564,109,156,88.16583333333337,4.31574074074074,6.511111111111112,6.6274283507984215
892,informal,552,96,141,85.6958479532164,3.9287719298245634,5.906432748538013,6.937597516519254
893,informal,809,154,229,75.72900735294118,7.447834967320265,10.26437908496732,9.516144504307135
894,informal,506,94,141,84.0549798387097,4.4233198924731205,6.800537634408602,7.6454224807358475
895,informal,478,93,131,90.33206521739133,3.5167391304347824,5.904347826086957,6.6274283507984215
896,informal,564,105,155,86.91572649572652,4.0070512820512825,5.776068376068377,6.42735559955562
897,informal,521,100,142,90.01982954545458,3.7776641414141423,6.162121212121213,6.6274283507984215
898,informal,750,144,208,81.68973076923079,5.417769230769231,7.957762237762238,8.238735603445708
899,informal,897,164,253,78.8638675869121,5.633880368098161,7.641922290388549,8.07648339933343
900,informal,650,127,179,89.1229220779221,3.6740981240981263,6.16911976911977,6.980632752743321
901,informal,473,91,129,88.505,4.1087301587301575,6.476190476190476,6.868970318607317
902,informal,560,108,156,85.7304030373832,4.624380841121496,6.845327102803738,7.168621630094336
903,informal,678,127,188,81.24600000000004,5.057333333333336,7.262222222222222,7.908726449838941
904,informal,666,130,183,89.46708139534884,3.985186046511629,6.40031007751938,6.742157984588678
905,informal,569,107,155,87.53260377358494,3.6836226415094337,6.126792452830189,7.168621630094336
906,informal,639,121,176,84.02666666666667,4.85166666666667,7.0,7.3871296695380915
907,informal,702,131,195,82.35846153846155,5.001538461538463,7.661538461538462,8.238735603445708
908,informal,585,110,165,86.67351490825689,4.554942660550459,6.55091743119266,6.6274283507984215
909,informal,1936,349,572,69.08089655172415,7.946574712643677,9.718620689655172,9.3871
910,informal,545,103,158,76.31250606796117,5.813774271844661,6.315048543689321,6.6274283507984215
911,informal,672,120,199,71.98500000000001,6.199999999999999,6.466666666666668,7.168621630094336
912,informal,530,95,152,71.05789473684212,6.719699248120303,7.112781954887218,7.447530270364452
913,informal,555,103,161,74.45845588235295,6.041323529411766,6.6686274509803924,7.168621630094336
914,informal,557,102,160,78.1771177117712,5.143102310231026,5.677007700770076,6.42735559955562
915,informal,533,100,155,76.55350000000003,5.687000000000001,6.2,6.6274283507984215
916,informal,750,143,217,70.18896825396827,7.333809523809524,8.507936507936508,8.515128840125781
917,informal,607,108,176,74.45633333333336,5.557185185185187,6.542222222222222,7.554174236665414
918,informal,566,105,167,74.26741071428572,6.1611309523809545,7.154761904761905,7.6454224807358475
919,informal,520,95,153,71.05789473684212,6.719699248120303,7.112781954887218,7.447530270364452
920,informal,612,106,173,68.08247641509436,7.0548584905660405,7.186792452830189,7.6454224807358475
921,informal,1037,161,310,56.93437041219653,8.954206662902319,11.56883116883117,11.389717465364857
922,informal,1186,171,350,49.51542510121462,9.620701754385966,12.279082321187586,11.807384569943707
923,informal,1221,174,356,53.088586206896565,8.736298850574713,11.536551724137931,11.20814326018867
924,informal,646,118,181,67.12669491525428,8.084285714285716,8.77675544794189,8.418075326091056
925,informal,1218,218,348,65.76464067278289,8.599587155963306,10.385932721712539,9.928628108626363
926,informal,693,129,197,65.49279069767444,8.702569213732005,9.85204872646733,9.236282656511921
927,informal,834,151,241,58.59282008830024,11.338907284768215,13.245474613686534,11.20814326018867
928,informal,1054,194,298,71.81140034364263,7.259329896907218,8.73470790378007,8.59863814320734
929,informal,724,130,207,64.9896153846154,8.80824175824176,9.89010989010989,9.236282656511921
930,informal,694,129,194,68.77186046511628,8.245204872646735,9.541971207087485,8.841846274778883
931,informal,677,124,194,66.0485483870968,8.447603686635947,9.9889400921659,9.606745405546679
932,informal,973,169,276,64.12940170940173,8.97948717948718,10.1146614069691,9.444778638647367
933,informal,632,115,181,63.05561594202899,9.225869565217394,10.10144927536232,9.2995712137729
934,informal,844,151,245,63.298067052980144,9.119594370860927,10.199006622516556,9.516144504307135
935,informal,1237,221,350,65.08111301369864,8.71562785388128,10.039726027397261,9.516144504307135
936,informal,852,158,242,65.77862341772155,8.990981012658231,10.431645569620253,9.516144504307135
937,informal,956,168,277,61.53310254491022,9.862627245508982,11.46377245508982,10.411451182825502
938,informal,688,126,194,66.36500000000001,8.474444444444444,9.73968253968254,9.236282656511921
939,informal,877,150,252,59.877000000000024,10.23114285714286,11.238095238095239,9.957137785484202
940,informal,750,130,214,60.838173076923084,8.810576923076926,10.192307692307693,10.125756701596842
941,informal,640,116,180,64.6875287356322,9.039655172413795,10.14712643678161,9.2995712137729
942,informal,694,129,196,70.08348837209303,8.062259136212624,9.231893687707641,8.418075326091056
943,informal,616,110,177,60.55757575757579,9.367272727272727,10.242424242424242,9.725611199111238
944,informal,814,145,228,65.91398706896554,8.568405172413797,10.008620689655173,9.516144504307135
945,informal,1242,223,350,69.26839686098658,7.554878283151826,8.88263933376041,8.841846274778883
946,informal,650,119,185,70.16880777310925,7.167552521008403,7.966806722689076,8.07648339933343
947,informal,730,130,204,64.9896153846154,8.80824175824176,9.582417582417582,8.841846274778883
948,informal,774,140,222,63.26071428571433,9.404285714285717,10.571428571428573,9.606745405546679
949,informal,934,165,267,62.84607954545457,9.617386363636367,10.674242424242426,9.516144504307135
950,informal,1815,260,482,47.6414105058366,11.174733185102838,13.879822123401892,13.023866798666859
951,informal,1484,266,423,62.06940191387562,10.60933014354067,11.777990430622012,9.573946990214175
952,informal,695,123,194,66.57073170731708,8.339279907084787,9.304994192799072,8.841846274778883
953,informal,686,121,194,65.63188533057853,7.862469008264462,8.694628099173555,8.841846274778883
954,informal,1089,180,306,69.60604187437688,6.137254901960784,7.5545363908275185,8.671277953709914
955,informal,1236,205,348,70.93993564356438,5.8737524752475245,7.406336633663367,8.548686976883017
956,informal,3503,598,988,66.55316290459966,7.622176746166954,9.754156729131177,10.008157457239328
957,informal,1471,237,413,67.14415292353826,6.399947526236883,8.000299850074963,8.964715089967882
958,informal,1174,196,329,71.90116724237191,5.894257340241797,7.397697179044329,8.515128840125781
959,informal,1471,244,405,68.6406176914372,6.406754055073559,7.867295360241418,8.841846274778883
960,informal,1197,200,334,70.32943457416809,6.168688663282573,7.829554427523971,8.841846274778883
961,informal,1571,265,441,73.08388040712471,6.165027262813524,7.891239549254817,8.704169506293173
962,informal,2941,518,830,71.98155339805827,6.874785020804442,9.147850208044384,9.534367207540994
963,informal,1168,194,326,69.76963585434176,6.289797696856521,7.833302209772798,8.841846274778883
964,informal,1171,194,327,67.5315406162465,6.601967009025834,8.04494242141301,9.007467420416297
965,informal,1273,204,355,67.72423409269442,6.4412621105001335,8.012673474731605,8.99025400887824
966,informal,1257,210,354,69.89858123569796,6.216435291126366,7.449682176455632,8.532816995589336
967,informal,1097,180,307,68.65010967098706,6.270588235294117,7.78052509139249,8.841846274778883
968,informal,1156,191,324,69.78388888888888,6.120567375886527,7.582033096926714,8.680891452615391
969,informal,1348,224,374,70.82467986425341,6.125834841628961,7.6779185520362,8.697196308434329
970,informal,1129,186,316,69.70226615236258,6.211513982642241,7.80315011250402,8.841846274778883
971,informal,1183,196,332,69.79334558823531,6.330330882352943,8.059313725490197,9.007467420416297
972,informal,2159,354,600,67.40543103448279,7.459827586206899,8.788505747126436,9.188382445141503
973,informal,1159,192,325,69.3220168067227,6.352231559290384,7.621661998132587,8.671277953709914
974,informal,1251,202,351,67.39114519968263,6.461571012959535,7.807564136471832,8.841846274778883
975,informal,1214,199,340,69.46447368421055,6.1331578947368435,7.595703544575724,8.6894789155246
976,informal,1363,223,381,68.0953532110092,6.469256880733948,8.029724770642202,8.982922981607832
977,informal,1364,222,385,63.575850120870285,7.592108514638735,9.536502820306206,10.056822442137396
978,informal,1356,223,379,67.89354198668717,6.784477726574504,8.32452636968766,9.150863307647796
979,informal,1226,198,343,67.21875,6.305833333333336,7.592307692307692,8.697196308434329
980,informal,1125,184,316,70.29674358141047,6.09936951576211,7.573740656483588,8.671277953709914
981,informal,1114,182,312,68.5387085113375,6.315353269799541,8.0106473874466,9.007467420416297
982,informal,1108,182,310,69.48395990798556,6.183509694380547,7.5637200131449225,8.671277953709914
983,informal,1130,187,317,69.40890025575447,6.267046035805631,7.590281329923275,8.671277953709914
984,informal,142,23,41,70.31420289855075,5.356521739130439,8.284057971014493,8.841846274778883
985,informal,180,32,51,74.39583333333336,5.532500000000002,9.266666666666666,9.725611199111238
986,informal,148,30,43,81.63000000000002,5.600000000000001,7.333333333333333,7.168621630094336
987,informal,322,59,96,77.27833898305086,5.412000000000003,8.787796610169492,9.3871
988,informal,154,26,46,73.24769230769233,6.272307692307695,9.815384615384616,10.125756701596842
989,informal,207,34,58,63.455196078431385,7.224117647058826,9.23921568627451,9.725611199111238
990,informal,378,69,112,68.90058823529414,7.872352941176469,10.329411764705883,10.125756701596842
991,informal,333,61,92,81.49163934426231,4.0577517564402825,6.76440281030445,7.957251820313856
992,informal,166,31,45,80.78250000000001,3.8550000000000004,5.666666666666668,7.168621630094336
993,informal,1114,179,312,69.31617602996255,6.539123595505622,8.791610486891386,9.3871
994,informal,1061,168,297,67.36819960079842,6.628646706586828,8.525189620758482,9.210782826323648
995,informal,1087,176,303,70.52543750000002,6.139625000000002,8.260714285714286,9.017664075816786
996,informal,1042,166,294,67.48818181818186,6.578787878787878,8.763636363636364,9.3871
997,informal,2609,431,757,67.55085271317833,7.398139534883722,9.08217054263566,9.3871
998,informal,1547,256,434,70.36642156862747,6.964019607843138,9.431372549019608,9.725611199111238
999,informal,1543,255,436,68.36447782842936,7.044944053046002,9.44185661002901,9.811843763644266
1000,informal,1842,305,530,68.25022185430466,7.491052980132448,9.74860927152318,9.888512548439397
1001,informal,1258,204,358,66.43206434729066,7.145317118226604,9.804064039408868,10.125756701596842
1002,informal,1898,330,532,72.79800443458983,6.8093015521064295,9.134368070953437,9.339509955726097
1003,informal,1428,237,404,71.27085191793044,6.40421052631579,8.527743086529885,9.134995656068206
1004,informal,1188,195,335,70.68070231958767,6.412976804123712,8.561340206185568,9.188382445141503
1005,informal,1065,168,300,67.87478642714574,6.557988023952095,8.525189620758482,9.210782826323648
1006,informal,1518,251,429,73.26606666666667,5.997657142857143,7.801904761904763,8.563005593585519
1007,informal,1781,305,488,73.16950000000003,6.158999999999999,8.200000000000001,8.841846274778883
1008,informal,1293,210,362,70.49235575569942,6.481260906276386,8.554010695187166,9.168548406835143
1009,informal,1963,337,545,74.1021031746032,6.015119047619049,8.073015873015875,8.735056554316923
1010,informal,1522,247,429,69.85781707317076,6.571227642276423,8.822439024390244,9.3871
1011,informal,1725,271,488,66.1470879801735,7.21537971322358,9.733474951318819,10.070005560515861
1012,informal,1575,266,443,67.70552935010484,7.47317610062893,9.51153039832285,9.725611199111238
1013,informal,1427,232,403,69.54033816425124,6.734202898550727,9.111111111111112,9.586721724236664
1014,informal,1650,277,471,69.29973913043479,7.021710144927539,9.288115942028986,9.642632912329528
1015,informal,1861,312,524,68.8045414790997,6.752918327974278,8.834520900321543,9.3871
1016,informal,1181,191,331,69.66292763157898,6.492828947368423,8.539473684210526,9.188382445141503
1017,informal,1462,246,416,71.91199907235622,5.995630797773657,8.209647495361782,8.97023862654752
1018,informal,1876,291,534,64.45971264367816,7.699162561576355,9.523809523809524,9.84237267433701
1019,informal,1037,165,291,68.04500000000003,6.678571428571431,8.83205574912892,9.424239791934728
1020,informal,1234,199,347,68.53715397631134,6.962456852791881,9.51729272419628,9.888512548439397
1021,informal,404,71,110,67.94364130434785,8.067934782608695,11.537681159420291,11.20814326018867
1022,informal,417,66,114,59.603541666666686,10.245625,13.533333333333331,12.457975602129121
1023,informal,543,90,150,54.97484550561799,11.118960674157304,13.39438202247191,12.161744961471694
1024,informal,403,76,120,68.44210526315791,8.433157894736844,9.705263157894738,8.841846274778883
1025,informal,234,42,67,71.76785714285715,6.727142857142859,7.504761904761906,7.793537801064561
1026,informal,3743,619,1069,64.76553241465709,9.178366217768037,11.404614260361207,10.598780456956124
1027,informal,4334,721,1234,64.68750000000003,9.20527777777778,11.444444444444445,10.62613485830676
1028,informal,4529,750,1289,63.99973879702854,9.10373831775701,11.206750881517237,10.560738912317856
1029,informal,3920,656,1113,65.81097447519086,9.165026240458019,11.363072519083971,10.411451182825502
1030,informal,5046,854,1452,66.37752582159627,8.70456338028169,10.859718309859156,10.25414643259724
1031,informal,5316,905,1525,66.42748272121888,9.081153011805068,11.165381898900213,10.178562406969252
1032,informal,3817,637,1093,65.63879791606924,8.876859764840837,10.90251409999044,10.23097548852734
1033,informal,4112,686,1176,64.11496571554969,9.473337757133375,11.689891616898917,10.702692998642778
1034,informal,4772,787,1362,62.70770188830858,9.651396812642293,12.039587518414358,11.101131339891392
1035,informal,3627,596,1034,64.42517507002803,9.200462184873949,11.429131652661065,10.65027996061788
1036,informal,583,101,158,69.78633333333336,7.666,9.466666666666667,9.2995712137729
1037,informal,562,107,160,77.33481132075472,6.234582210242589,8.321293800539085,8.418075326091056
1038,informal,804,149,232,73.80579278523493,7.59187080536913,9.329194630872484,8.472884824447931
1039,informal,584,109,167,73.52610856269114,7.517018348623857,9.101529051987768,8.344100000000001
1040,informal,606,110,167,78.28420454545456,5.756136363636365,7.681818181818182,8.07648339933343
1041,informal,773,137,215,78.71772395487724,5.373842070338423,7.317584605175847,8.00094639256281
1042,informal,508,91,138,80.22021978021981,5.299780219780221,7.837362637362637,8.418075326091056
1043,informal,619,109,171,76.58360665137617,5.962282110091742,8.752752293577982,9.188382445141503
1044,informal,510,92,138,78.165,5.550952380952385,7.80952380952381,8.418075326091056
1045,informal,557,97,152,75.89989690721652,6.115316642120771,8.429455081001473,8.841846274778883
1046,informal,531,93,145,73.71252747252748,6.207472527472529,8.716483516483517,9.236282656511921
1047,informal,754,125,212,50.25862007168459,9.672043010752692,11.317562724014337,11.429527900616531
1048,informal,2294,447,636,82.12381255605384,6.236658295964126,8.750349775784754,7.976525956113203
1049,informal,1762,341,491,67.20108504398829,11.587390029325515,14.628739002932551,10.63711953065702
1050,informal,1702,330,479,72.37143356643357,9.471212121212123,12.093240093240093,9.466822959209587
1051,informal,1549,301,430,64.39852344038394,12.585559246954595,15.238242894056848,10.25414643259724
1052,informal,1802,352,503,76.0646287878788,8.479613636363634,11.204848484848485,9.029198982220553
1053,informal,1530,298,429,64.49634973900075,12.489105145413877,15.392095451155857,10.74609503303851
1054,informal,1644,318,459,68.94887650085765,10.824168096054887,13.702001143510579,10.23097548852734
1055,informal,1450,283,404,71.09000530035335,10.374208480565375,13.440141342756185,10.125756701596842
1056,informal,1328,256,370,65.30031250000003,12.100937500000004,15.14375,10.9516
1057,informal,1544,305,433,68.2552049180328,11.316147540983607,14.298360655737705,10.355215969177355
1058,informal,1778,342,500,69.31276315789474,10.671783625730995,13.856140350877196,10.686352973137792
1059,informal,1731,343,484,76.33603323558164,8.259577712609971,10.85286412512219,8.841846274778883
1060,informal,1495,289,420,67.72641349480972,10.992418685121105,14.05134948096886,10.793553405168563
1061,informal,1542,298,431,71.17464002440514,10.0620317266626,13.118242830994511,10.23097548852734
1062,informal,1892,365,533,69.11770547945207,10.095665362035227,13.0587084148728,10.608840637214634
1063,informal,1527,293,429,67.66410068259388,11.100481228668944,13.90430034129693,10.355215969177355
1064,informal,2630,491,740,70.16004930860758,9.893309036338302,12.373501983063566,9.682069395223575
1065,informal,1594,305,449,66.90886736214605,10.815111773472431,13.71385991058122,10.832165505486643
1066,informal,1501,289,417,71.56402956904691,9.804460522176786,12.446807172066688,9.573946990214175
1067,informal,1887,361,530,65.68767428439521,11.570754847645428,14.138596491228071,10.31748142421505
1068,informal,1449,279,405,74.68141129032261,8.618718637992831,11.450537634408603,9.516144504307135
1069,informal,1443,280,402,65.88150793650794,11.79904761904762,14.587301587301589,10.504223727775692
1070,informal,1543,299,433,68.11927591973246,11.186050167224082,14.234247491638795,10.577609850970193
1071,informal,1806,349,508,66.27594425631678,11.897103412346969,14.753946340192758,10.436869588844216
1072,informal,1692,326,474,66.3091901840491,12.109276073619633,14.880490797546015,10.125756701596842
1073,informal,1407,274,392,68.17695458231957,11.313260340632603,14.367558799675587,10.504223727775692
1074,informal,1355,264,381,65.02636363636366,12.387575757575757,15.321212121212122,10.686352973137792
1075,informal,1345,261,373,69.46206896551725,10.775172413793104,13.7455938697318,10.25414643259724
1076,informal,2079,397,582,74.02546747666324,8.735783078974663,11.054022818195287,8.841846274778883
1077,informal,1557,305,438,70.80777511961725,10.248708133971295,13.028229665071771,9.80015041476705
1078,informal,314,66,87,93.01762820512822,2.9765384615384605,4.333333333333334,3.1291
1079,informal,342,67,95,90.87409090909094,2.926536796536798,4.983549783549783,6.18269132825596
1080,informal,320,64,89,88.74892857142859,3.489126984126983,4.8349206349206355,5.46131890053228
1081,informal,326,66,90,91.71608974358975,3.1580769230769263,4.948717948717949,5.46131890053228
1082,informal,318,66,87,93.01762820512822,2.9765384615384605,4.333333333333334,3.1291
1083,informal,382,75,107,86.85180180180181,4.209189189189189,6.014414414414415,6.42735559955562
1084,informal,359,73,98,92.995,2.843650793650795,4.66984126984127,5.288315135182226
1085,informal,1176,220,332,80.42908256880735,5.9094626474443,7.5129750982962,7.168621630094336
1086,informal,339,69,94,91.05432835820896,2.9368869936034123,4.425586353944563,5.288315135182226
1087,informal,351,68,98,88.52895522388062,3.2891257995735614,5.022601279317698,6.18269132825596
1088,informal,351,68,97,88.17247512437811,3.735149253731347,6.25771144278607,7.168621630094336
1089,informal,499,94,137,81.45967741935488,5.197880184331797,7.464823348694317,7.957251820313856
1090,informal,600,110,166,78.91204701834864,5.637511467889908,8.385779816513761,8.841846274778883
1091,informal,286,60,78,93.05122033898307,3.2119999999999997,4.720000000000001,3.1291
1092,informal,292,60,80,90.18342372881357,3.612000000000002,5.397966101694916,5.683917801722854
1093,informal,461,94,129,84.6702419354839,5.300161290322581,6.63010752688172,5.46131890053228
1094,informal,771,150,211,85.53566107382551,5.030395973154366,7.033825503355705,6.742157984588678
1095,informal,537,108,149,92.055636682243,3.742137850467291,5.723831775700935,5.148860815047168
1096,informal,378,79,106,91.7310576923077,2.886858974358976,3.9000000000000004,3.1291
1097,informal,328,69,89,92.06990196078432,3.2329411764705895,5.121568627450981,5.46131890053228
1098,informal,1631,283,463,70.69555779049978,6.4338573417917395,8.588024137397495,9.20300075937882
1099,informal,327,65,89,88.93645833333336,3.5043749999999996,4.891666666666667,5.46131890053228
1100,informal,340,65,95,84.97083333333336,4.057500000000001,5.516666666666667,6.42735559955562
1101,informal,298,60,81,88.74952542372883,3.812000000000001,5.397966101694916,5.683917801722854
1102,informal,303,61,81,90.315,3.6433333333333344,5.466666666666667,5.683917801722854
1103,informal,461,85,124,79.82500000000002,5.603333333333335,7.980952380952381,8.344100000000001
1104,informal,311,64,85,94.12035714285716,2.7399206349206366,4.2,3.1291
1105,informal,296,62,82,91.11255464480875,3.076639344262297,5.378142076502733,6.42735559955562
1106,informal,325,65,88,91.58020833333336,3.135625000000001,4.891666666666667,5.46131890053228
1107,informal,364,69,100,84.60519607843139,4.2741176470588265,5.7098039215686285,6.42735559955562
1108,informal,835,159,219,79.81287111622555,5.69536248561565,7.770771001150749,8.00094639256281
1109,informal,887,175,237,81.74853448275864,5.459252873563219,7.86896551724138,8.07648339933343
1110,informal,618,122,162,85.48242561983474,4.342223140495868,6.492892561983471,7.168621630094336
1111,informal,828,157,220,83.97891608391608,5.069114219114223,7.4675990675990676,7.686295010490155
1112,informal,779,156,205,86.20071236559143,4.44491935483871,6.715053763440861,7.168621630094336
1113,informal,601,119,159,85.88172881355935,4.212,6.753898305084746,7.554174236665414
1114,informal,700,135,186,82.49038557213932,4.527686567164178,6.854726368159205,7.793537801064561
1115,informal,1885,355,539,72.7341168599465,7.74298245614035,10.16449598572703,9.549672527348893
1116,informal,1011,197,276,79.71048076923078,6.1782692307692315,8.551282051282051,8.344100000000001
1117,informal,758,145,198,80.0925,5.069166666666668,7.5777777777777775,8.344100000000001
1118,informal,918,178,244,79.61459167950694,6.152121212121212,8.24427324088341,8.00094639256281
1119,informal,762,147,202,84.42619551681197,4.780884184308842,6.952926525529266,7.348242739294969
1120,informal,2613,459,730,72.91213460056514,6.436018494734139,8.445003853069613,8.925248442259383
1121,informal,1438,261,378,74.17300904977377,6.713167420814482,9.040723981900454,9.168548406835143
1122,informal,685,127,175,81.24600000000004,5.057333333333336,7.262222222222222,7.908726449838941
1123,informal,893,173,230,83.58550387596902,5.161627906976747,7.593798449612404,7.793537801064561
1124,informal,775,144,217,76.0325,6.629166666666666,8.066666666666668,7.793537801064561
1125,informal,1081,209,293,81.96003344481608,5.783285024154591,7.721887774061688,7.32110970712323
1126,informal,731,132,202,76.55330629770995,6.649685114503818,8.687404580152672,8.472884824447931
1127,informal,640,114,171,79.19776315789476,4.572894736842105,6.256140350877193,7.492282038375204
1128,informal,823,159,225,79.49272641509437,6.121691823899372,7.617861635220127,7.168621630094336
1129,informal,759,137,208,73.74847810218981,6.376357664233577,8.107737226277372,8.548686976883017
1130,informal,840,146,238,73.22832876712332,6.672493150684932,7.757808219178083,7.908726449838941
1131,informal,949,169,266,69.39485453648918,7.078831360946747,8.000197238658776,8.344100000000001
1132,informal,349,65,96,76.50153846153849,5.818461538461541,6.430769230769231,6.742157984588678
1133,informal,1113,204,317,72.14143062397375,7.399618226600989,8.737110016420363,8.344100000000001
1134,informal,655,122,180,72.64663934426231,7.456323185011708,8.610772833723653,7.957251820313856
1135,informal,671,122,183,73.47100409836068,6.800122950819674,8.722950819672132,8.841846274778883
1136,informal,987,178,273,69.36617353308365,8.497490636704121,10.607740324594259,9.725611199111238
1137,informal,1034,183,294,70.62289617486341,8.460218579234972,10.537704918032787,9.444778638647367
1138,informal,483,88,132,75.62333333333336,6.355,7.684848484848485,7.793537801064561
1139,informal,623,114,175,77.34493421052633,6.011359649122809,7.454385964912281,7.6454224807358475
1140,informal,916,163,253,71.95430368098162,7.272521472392636,9.46478527607362,9.3871
1141,informal,1052,190,292,70.4179186602871,7.728468899521534,9.014354066985646,8.575989854853784
1142,informal,448,82,120,74.6377804878049,6.923073170731712,8.511219512195122,8.238735603445708
1143,informal,560,93,160,74.04852822580646,5.819018817204306,6.800537634408602,7.6454224807358475
1144,informal,735,137,201,78.37860502838606,6.108710462287107,7.548742903487429,7.3871296695380915
1145,informal,764,130,217,67.39076923076925,7.08923076923077,7.969230769230769,8.548686976883017
1146,informal,662,122,186,71.03020947176687,6.719617486338802,8.700910746812387,9.150863307647796
1147,informal,468,88,130,72.73924242424245,6.757272727272728,8.139393939393939,8.344100000000001
1148,informal,430,78,119,75.41692307692311,5.96974358974359,7.251282051282051,7.793537801064561
1149,informal,635,118,172,76.43493644067799,6.262500000000003,7.933898305084746,8.07648339933343
1150,informal,1488,263,424,77.30465479287574,5.915645387232342,7.818210926555935,8.20500826718156
1151,informal,370,68,104,74.83982352941179,6.19929411764706,6.616470588235294,6.742157984588678
1152,informal,406,75,110,82.47550000000001,4.861000000000001,6.066666666666666,6.42735559955562
1153,informal,1357,247,381,77.34675637056444,6.0805191712312485,7.917027863777091,8.124751697461797
1154,informal,221,35,67,72.26232142857144,5.353928571428575,6.928571428571428,8.07648339933343
1155,informal,208,39,62,91.68615384615387,3.7005128205128237,6.225641025641026,6.42735559955562
1156,informal,210,36,62,87.25000000000003,3.3255555555555567,4.711111111111111,5.985473137389441
1157,informal,146,25,45,83.32066666666667,3.708000000000002,6.533333333333335,7.793537801064561
1158,informal,151,25,44,79.93666666666668,4.18,6.533333333333335,7.793537801064561
1159,informal,334,60,97,86.085,4.233333333333338,6.133333333333334,6.742157984588678
1160,informal,165,26,48,80.89987179487183,4.12846153846154,6.543589743589743,7.793537801064561
1161,informal,258,45,77,75.50000000000003,4.964444444444446,6.2666666666666675,7.554174236665414
1162,informal,240,41,69,77.41211382113822,5.857073170731713,7.417886178861789,7.793537801064561
1163,informal,400,74,117,72.91570270270272,6.765783783783785,9.163243243243244,9.3871
1164,informal,220,40,65,88.82000000000002,3.3550000000000004,5.0,5.985473137389441
1165,informal,532,95,154,72.3241666666667,7.105,8.859649122807019,8.841846274778883
1166,informal,797,164,226,59.07497699386502,15.142990797546016,18.999386503067484,12.602617957971052
1167,informal,668,132,185,76.82531170483462,7.967748091603056,11.78676844783715,10.504223727775692
1168,informal,907,177,252,80.7554292929293,6.853712121212123,10.094949494949496,9.150863307647796
1169,informal,567,114,159,71.10107300884957,10.36024336283186,14.131858407079648,11.20814326018867
1170,informal,659,133,184,73.03894656488553,9.580671755725188,12.922748091603054,10.355215969177355
1171,informal,651,127,183,64.7482142857143,12.053730158730158,15.774603174603175,12.161744961471694
1172,informal,794,158,229,68.19430467091297,10.248121019108279,13.523991507430999,11.20814326018867
1173,informal,792,158,223,67.19329936305733,11.687847133757963,14.598216560509554,10.355215969177355
1174,informal,793,155,226,69.26515151515153,9.974545454545456,13.123809523809525,10.864195022040775
1175,informal,802,163,225,80.79236111111112,7.021080246913581,10.322222222222223,9.188382445141503
1176,informal,892,176,251,71.7217142857143,9.466285714285714,12.971428571428573,10.914260884657427
1177,informal,1409,222,400,68.81287456008046,6.711455505279037,8.531020613373554,9.150863307647796
1178,informal,1597,245,446,66.55354184641934,7.166781708369285,8.74339948231234,9.276330184999454
1179,informal,1446,230,411,68.68438985929161,6.8397889374090255,8.582338670548278,9.150863307647796
1180,informal,1657,266,472,66.42854821802938,7.6512893081761,9.058700209643606,9.2995712137729
1181,informal,1585,252,448,66.01706872509962,7.1690418326693255,9.163426294820718,9.642632912329528
1182,informal,1591,255,454,65.6999108992955,7.416597596353089,9.75681723995027,10.064110947511566
1183,informal,1699,275,483,66.6457583130576,7.7452068126520714,9.73852392538524,9.861636050157227
1184,informal,1786,287,511,67.01789145636974,7.000823958650049,9.309577379142596,9.761364909221204
1185,informal,1570,250,447,67.05060240963859,6.852759609868045,8.91956397016638,9.485657244295059
1186,informal,1619,261,458,70.62217948717951,6.484725274725275,8.49084249084249,9.107695989026187
1187,informal,1532,240,436,65.57448139176392,7.237965205901784,9.048315349042062,9.549672527348893
1188,informal,1449,230,411,68.99459204780514,6.630176970811309,8.489174902321306,9.134995656068206
1189,informal,1436,228,407,67.32106583455703,7.002342143906024,9.097307880567792,9.586721724236664
1190,informal,1590,254,447,69.54579710144931,6.552049689440995,8.613514022209674,9.236282656511921
1191,informal,2856,450,782,55.593500000000006,11.094777777777775,13.88888888888889,12.602617957971052
1192,informal,1448,229,409,51.911977484092034,12.284552129221733,15.1990210474792,13.383793397009324
1193,informal,1798,279,506,54.365282258064525,11.452410394265232,14.174551971326165,12.745084868956482
1194,informal,2188,346,623,53.87196531791908,11.884987613542531,14.972419488026425,13.25671669890799
1195,informal,1914,313,518,59.81023162939299,10.471138749429485,13.671291647649475,12.416235457179464
1196,informal,2124,340,603,56.563074950690364,10.967822485207101,13.983747534516766,12.68835289967788
1197,informal,455,74,127,67.00638127853883,6.935821917808223,8.70228310502283,9.2995712137729
1198,informal,641,112,180,73.34674603174606,6.120476190476193,8.192063492063493,8.841846274778883
1199,informal,666,111,187,68.0318918918919,7.709601029601032,9.586100386100387,9.606745405546679
1200,informal,469,76,132,65.96517543859653,7.205263157894738,9.27719298245614,9.725611199111238
1201,informal,516,80,139,67.67000000000002,6.305000000000003,8.5,9.188382445141503
1202,informal,600,105,170,74.26741071428572,6.1611309523809545,7.916666666666668,8.472884824447931
1203,informal,504,84,138,65.72500000000001,7.570000000000004,9.885714285714286,10.125756701596842
1204,informal,659,112,187,64.45035714285714,8.24464285714286,10.32857142857143,10.608840637214634
1205,informal,762,127,208,74.0389881889764,6.087409448818896,7.914645669291338,8.548686976883017
1206,informal,647,117,181,73.4546153846154,7.166178266178271,9.762637362637363,9.606745405546679
1207,informal,591,97,168,66.30608247422683,7.453460972017677,9.25419734904271,9.606745405546679
1208,informal,688,120,190,71.76000000000002,6.97666666666667,9.333333333333334,9.516144504307135
1209,informal,585,95,158,74.56082236842107,5.8096710526315825,7.697368421052632,8.472884824447931
1210,informal,608,89,161,58.95022471910116,8.195537720706259,9.130658105939006,9.606745405546679
1211,informal,1038,173,286,74.00746109381949,6.24277456647399,8.097643397065363,8.617729084823388
1212,informal,926,140,258,57.73462679856115,9.522940647482017,10.115467625899282,9.827888789773866
1213,informal,491,80,137,67.27750000000003,6.714642857142859,8.571428571428573,9.236282656511921
1214,informal,2252,382,656,66.46491947029352,8.291125029825817,10.181865903125747,9.910423181423305
1215,informal,545,89,151,68.45584269662922,6.86969502407705,9.130658105939006,9.606745405546679
1216,informal,692,116,191,66.76155172413796,8.064236453201971,10.076847290640396,9.957137785484202
1217,informal,796,135,222,64.65085056390981,8.371945488721806,11.161278195488723,10.9516
1218,informal,665,118,184,75.94756120527309,5.923333333333336,8.63427495291902,9.150863307647796
1219,informal,693,117,197,68.54769230769233,6.92786324786325,8.276923076923078,8.841846274778883
1220,informal,912,143,251,52.49032051282052,11.858846153846155,12.610256410256412,10.864195022040775
1221,informal,795,131,220,69.54460687022902,6.813656488549622,8.90412213740458,9.3871
